player_name,comp_player_name,same_hand,rank,arsenal_distance
"Fried, Max","Ohtani, Shohei",False,1,0.7909438397419527
"Fried, Max","Darvish, Yu",False,2,0.9845462047629068
"Fried, Max","Keller, Mitch",False,3,1.0183272573016267
"Fried, Max","Javier, Cristian",False,4,1.1430666729374532
"Fried, Max","Buehler, Walker",False,5,1.1581057229824554
"Fried, Max","McLean, Nolan",False,6,1.3902098087333756
"Fried, Max","Yamamoto, Yoshinobu",False,7,1.4006726494516106
"Fried, Max","Bassitt, Chris",False,8,1.4634955161985794
"Fried, Max","Dobbins, Hunter",False,9,1.5095636995769408
"Fried, Max","Newcomb, Sean",True,10,1.546567523188506
"Buehler, Walker","Keller, Mitch",True,1,0.6255162861584997
"Buehler, Walker","McLean, Nolan",True,2,0.7682785207312678
"Buehler, Walker","Newcomb, Sean",False,3,1.0782295258907515
"Buehler, Walker","Javier, Cristian",True,4,1.0958834099543888
"Buehler, Walker","Gibson, Cade",False,5,1.1162457887634156
"Buehler, Walker","Gusto, Ryan",True,6,1.1317316713689345
"Buehler, Walker","Fried, Max",False,7,1.1581057229824554
"Buehler, Walker","Dubin, Shawn",True,8,1.1885740252245753
"Buehler, Walker","Warren, Will",True,9,1.262539919990695
"Buehler, Walker","Lugo, Seth",True,10,1.2965499471913153
"McLean, Nolan","Keller, Mitch",True,1,0.4946190382414874
"McLean, Nolan","Gibson, Cade",False,2,0.753758103521467
"McLean, Nolan","Warren, Will",True,3,0.7637566715449169
"McLean, Nolan","Buehler, Walker",True,4,0.7682785207312678
"McLean, Nolan","Newcomb, Sean",False,5,0.7864977977201163
"McLean, Nolan","Javier, Cristian",True,6,0.861195248417176
"McLean, Nolan","Dubin, Shawn",True,7,0.9078952220132397
"McLean, Nolan","Lugo, Seth",True,8,1.0842440401601627
"McLean, Nolan","Gómez, Yoendrys",True,9,1.1161688104925347
"McLean, Nolan","Gusto, Ryan",True,10,1.135812209601387
"Dubin, Shawn","Warren, Will",True,1,0.5714816229995566
"Dubin, Shawn","Gibson, Cade",False,2,0.7408207633167575
"Dubin, Shawn","McLean, Nolan",True,3,0.9078952220132397
"Dubin, Shawn","Newcomb, Sean",False,4,1.0244270248499814
"Dubin, Shawn","Keller, Mitch",True,5,1.1410265299391291
"Dubin, Shawn","McCullers Jr., Lance",True,6,1.1438287588324143
"Dubin, Shawn","Lugo, Seth",True,7,1.1808474285464647
"Dubin, Shawn","Buehler, Walker",True,8,1.1885740252245753
"Dubin, Shawn","Taillon, Jameson",True,9,1.2468302401565194
"Dubin, Shawn","Gusto, Ryan",True,10,1.24830728098951
"Keller, Mitch","McLean, Nolan",True,1,0.4946190382414874
"Keller, Mitch","Javier, Cristian",True,2,0.5925807682725136
"Keller, Mitch","Buehler, Walker",True,3,0.6255162861584997
"Keller, Mitch","Newcomb, Sean",False,4,0.7660552699281433
"Keller, Mitch","Gibson, Cade",False,5,0.8306936914918527
"Keller, Mitch","Gusto, Ryan",True,6,0.902490481202041
"Keller, Mitch","Fried, Max",False,7,1.0183272573016267
"Keller, Mitch","Lugo, Seth",True,8,1.0536738483882198
"Keller, Mitch","Warren, Will",True,9,1.1047047570274908
"Keller, Mitch","Dubin, Shawn",True,10,1.1410265299391291
"Warren, Will","Dubin, Shawn",True,1,0.5714816229995566
"Warren, Will","Gibson, Cade",False,2,0.7103913601832084
"Warren, Will","McLean, Nolan",True,3,0.7637566715449169
"Warren, Will","Newcomb, Sean",False,4,0.8124746074289599
"Warren, Will","Lugo, Seth",True,5,1.0073448392174387
"Warren, Will","Gómez, Yoendrys",True,6,1.056059069936888
"Warren, Will","McCullers Jr., Lance",True,7,1.0620170391266481
"Warren, Will","Taillon, Jameson",True,8,1.0673493172308213
"Warren, Will","Keller, Mitch",True,9,1.1047047570274908
"Warren, Will","Javier, Cristian",True,10,1.170367192298612
"Javier, Cristian","Keller, Mitch",True,1,0.5925807682725136
"Javier, Cristian","Newcomb, Sean",False,2,0.6347512117308995
"Javier, Cristian","Civale, Aaron",True,3,0.8517810862540459
"Javier, Cristian","McLean, Nolan",True,4,0.861195248417176
"Javier, Cristian","Gusto, Ryan",True,5,0.8747363737467342
"Javier, Cristian","Gibson, Cade",False,6,0.9255910977293912
"Javier, Cristian","Taillon, Jameson",True,7,1.0079860146201483
"Javier, Cristian","Lugo, Seth",True,8,1.0148540604387972
"Javier, Cristian","Wheeler, Zack",True,9,1.053294018239182
"Javier, Cristian","Megill, Tylor",True,10,1.0626195169722297
"Darvish, Yu","Ohtani, Shohei",True,1,0.7731343316944647
"Darvish, Yu","Fried, Max",False,2,0.9845462047629068
"Darvish, Yu","Bassitt, Chris",True,3,1.2739457782458254
"Darvish, Yu","Yamamoto, Yoshinobu",True,4,1.358746088344982
"Darvish, Yu","Pérez, Eury",True,5,1.4001031192544915
"Darvish, Yu","Dobbins, Hunter",True,6,1.4276642536935462
"Darvish, Yu","Cecconi, Slade",True,7,1.5079163360542456
"Darvish, Yu","Allard, Kolby",False,8,1.5412078449110904
"Darvish, Yu","Walker, Taijuan",True,9,1.6003495717176701
"Darvish, Yu","Eovaldi, Nathan",True,10,1.6192941443149393
"Bassitt, Chris","Arrighetti, Spencer",True,1,1.118163047257404
"Bassitt, Chris","Darvish, Yu",True,2,1.2739457782458254
"Bassitt, Chris","Adam, Jason",True,3,1.3672551877264931
"Bassitt, Chris","Wheeler, Zack",True,4,1.3686442609424991
"Bassitt, Chris","Pérez, Eury",True,5,1.4184562208626978
"Bassitt, Chris","Ohtani, Shohei",True,6,1.4207023709897768
"Bassitt, Chris","Eovaldi, Nathan",True,7,1.4420557249359183
"Bassitt, Chris","Javier, Cristian",True,8,1.4455832893828906
"Bassitt, Chris","Messick, Parker",False,9,1.4457151070483114
"Bassitt, Chris","Fried, Max",False,10,1.4634955161985794
"Newcomb, Sean","Gibson, Cade",True,1,0.5169492621277225
"Newcomb, Sean","Lugo, Seth",False,2,0.5337343368537155
"Newcomb, Sean","Javier, Cristian",False,3,0.6347512117308995
"Newcomb, Sean","Gusto, Ryan",False,4,0.6462952669579967
"Newcomb, Sean","Taillon, Jameson",False,5,0.6467893998887533
"Newcomb, Sean","Keller, Mitch",False,6,0.7660552699281433
"Newcomb, Sean","Gómez, Yoendrys",False,7,0.7692982592270989
"Newcomb, Sean","McLean, Nolan",False,8,0.7864977977201163
"Newcomb, Sean","Warren, Will",False,9,0.8124746074289599
"Newcomb, Sean","Vasil, Mike",False,10,0.9037852094676131
"Ogasawara, Shinnosuke","Sheehan, Emmet",False,1,0.7121540364287281
"Ogasawara, Shinnosuke","Burrows, Mike",False,2,0.9117426298442676
"Ogasawara, Shinnosuke","Yamamoto, Yoshinobu",False,3,0.9410039378744824
"Ogasawara, Shinnosuke","Burke, Sean",False,4,1.0415335706628595
"Ogasawara, Shinnosuke","Latz, Jacob",True,5,1.0791156726682831
"Ogasawara, Shinnosuke","Allard, Kolby",True,6,1.1618674030799585
"Ogasawara, Shinnosuke","Englert, Mason",False,7,1.1700311644975376
"Ogasawara, Shinnosuke","Thielbar, Caleb",True,8,1.1985729232764875
"Ogasawara, Shinnosuke","Liberatore, Matthew",True,9,1.2366544563924453
"Ogasawara, Shinnosuke","Young, Brandon",False,10,1.2627012181453663
"Gibson, Cade","Newcomb, Sean",True,1,0.5169492621277225
"Gibson, Cade","Lugo, Seth",False,2,0.5495856569456662
"Gibson, Cade","Taillon, Jameson",False,3,0.5807232764064676
"Gibson, Cade","Gómez, Yoendrys",False,4,0.676296245137203
"Gibson, Cade","Gusto, Ryan",False,5,0.6767516035311802
"Gibson, Cade","Warren, Will",False,6,0.7103913601832084
"Gibson, Cade","Leahy, Kyle",False,7,0.7367477997138521
"Gibson, Cade","Dubin, Shawn",False,8,0.7408207633167575
"Gibson, Cade","McLean, Nolan",False,9,0.753758103521467
"Gibson, Cade","Vasil, Mike",False,10,0.7638023527077663
"Ohtani, Shohei","Darvish, Yu",True,1,0.7731343316944647
"Ohtani, Shohei","Fried, Max",False,2,0.7909438397419527
"Ohtani, Shohei","Dobbins, Hunter",True,3,1.0037138324322332
"Ohtani, Shohei","Walker, Taijuan",True,4,1.0903239907790132
"Ohtani, Shohei","Pérez, Eury",True,5,1.1301206247888835
"Ohtani, Shohei","Yamamoto, Yoshinobu",True,6,1.1503918526691068
"Ohtani, Shohei","Keller, Mitch",True,7,1.220420975472118
"Ohtani, Shohei","Allard, Kolby",False,8,1.2889795091572795
"Ohtani, Shohei","Javier, Cristian",True,9,1.3624080117793116
"Ohtani, Shohei","Sugano, Tomoyuki",True,10,1.3706519708222231
"Yamamoto, Yoshinobu","Englert, Mason",True,1,0.6095713877242479
"Yamamoto, Yoshinobu","Allard, Kolby",False,2,0.6993856093975542
"Yamamoto, Yoshinobu","Burrows, Mike",True,3,0.7663823352920963
"Yamamoto, Yoshinobu","Dobbins, Hunter",True,4,0.7924789443293843
"Yamamoto, Yoshinobu","Liberatore, Matthew",False,5,0.7978420601279835
"Yamamoto, Yoshinobu","Sheehan, Emmet",True,6,0.834467580246958
"Yamamoto, Yoshinobu","Cecconi, Slade",True,7,0.8570807168097707
"Yamamoto, Yoshinobu","Mikolas, Miles",True,8,0.886103732876297
"Yamamoto, Yoshinobu","Verlander, Justin",True,9,0.8891935068163718
"Yamamoto, Yoshinobu","Pérez, Eury",True,10,0.914912104751733
"Sheehan, Emmet","Ogasawara, Shinnosuke",False,1,0.7121540364287281
"Sheehan, Emmet","Yamamoto, Yoshinobu",True,2,0.834467580246958
"Sheehan, Emmet","Burke, Sean",True,3,0.8562305896160038
"Sheehan, Emmet","Englert, Mason",True,4,0.9588981099029329
"Sheehan, Emmet","Beck, Tristan",True,5,0.9975980955183993
"Sheehan, Emmet","Burrows, Mike",True,6,1.074528677051463
"Sheehan, Emmet","Latz, Jacob",False,7,1.1248984018412138
"Sheehan, Emmet","Allard, Kolby",False,8,1.1298849498833947
"Sheehan, Emmet","Paddack, Chris",True,9,1.191369958489989
"Sheehan, Emmet","Schlittler, Cam",True,10,1.2105723811705265
"Gusto, Ryan","Lugo, Seth",True,1,0.4920834505526402
"Gusto, Ryan","Civale, Aaron",True,2,0.5820577018448282
"Gusto, Ryan","Leahy, Kyle",True,3,0.641278660592479
"Gusto, Ryan","Taillon, Jameson",True,4,0.6460810874916594
"Gusto, Ryan","Newcomb, Sean",False,5,0.6462952669579967
"Gusto, Ryan","Gibson, Cade",False,6,0.6767516035311802
"Gusto, Ryan","Vasil, Mike",True,7,0.7661634404346697
"Gusto, Ryan","Gómez, Yoendrys",True,8,0.8381060555803997
"Gusto, Ryan","Javier, Cristian",True,9,0.8747363737467342
"Gusto, Ryan","Schmidt, Clarke",True,10,0.8774959453028947
"Civale, Aaron","Povich, Cade",False,1,0.5013407271066103
"Civale, Aaron","Gusto, Ryan",True,2,0.5820577018448282
"Civale, Aaron","Megill, Tylor",True,3,0.5908638019455729
"Civale, Aaron","Strowd, Kade",True,4,0.8222668233919357
"Civale, Aaron","Sugano, Tomoyuki",True,5,0.8494073652314396
"Civale, Aaron","Javier, Cristian",True,6,0.8517810862540459
"Civale, Aaron","Taillon, Jameson",True,7,0.8607059492780791
"Civale, Aaron","Liberatore, Matthew",False,8,0.8930477912454863
"Civale, Aaron","Newcomb, Sean",False,9,0.9060565347783396
"Civale, Aaron","Lugo, Seth",True,10,0.9095945681328006
"Lugo, Seth","Taillon, Jameson",True,1,0.3717470512198321
"Lugo, Seth","Gusto, Ryan",True,2,0.4920834505526402
"Lugo, Seth","Gómez, Yoendrys",True,3,0.4930855979182926
"Lugo, Seth","Newcomb, Sean",False,4,0.5337343368537155
"Lugo, Seth","Gibson, Cade",False,5,0.5495856569456662
"Lugo, Seth","Vasil, Mike",True,6,0.5674007602498246
"Lugo, Seth","Leahy, Kyle",True,7,0.6893243600344416
"Lugo, Seth","Schmidt, Clarke",True,8,0.8320572497526559
"Lugo, Seth","López, Pablo",True,9,0.8588750605972285
"Lugo, Seth","Civale, Aaron",True,10,0.9095945681328006
"Megill, Tylor","Povich, Cade",False,1,0.5088160989668081
"Megill, Tylor","Civale, Aaron",True,2,0.5908638019455729
"Megill, Tylor","Jobe, Jackson",True,3,0.6077155756559565
"Megill, Tylor","Verlander, Justin",True,4,0.6802754851517006
"Megill, Tylor","Liberatore, Matthew",False,5,0.7186679459823917
"Megill, Tylor","Montero, Keider",True,6,0.7317705697418195
"Megill, Tylor","Olson, Reese",True,7,0.826995108089348
"Megill, Tylor","López, Jorge",True,8,0.8911152468190555
"Megill, Tylor","Strowd, Kade",True,9,0.9037356140483107
"Megill, Tylor","Englert, Mason",True,10,0.9143460707818221
"Adam, Jason","Maton, Phil",True,1,0.6564330397943094
"Adam, Jason","Messick, Parker",False,2,0.8908970522605861
"Adam, Jason","Early, Connelly",False,3,0.9924846356644405
"Adam, Jason","Eovaldi, Nathan",True,4,1.0250078545181422
"Adam, Jason","Nola, Aaron",True,5,1.0602859029746057
"Adam, Jason","Morgan, David",True,6,1.0877838659312282
"Adam, Jason","Roupp, Landen",True,7,1.119217835229591
"Adam, Jason","Pérez, Eury",True,8,1.1325486666493199
"Adam, Jason","Koenig, Jared",False,9,1.1327027360320963
"Adam, Jason","Morton, Charlie",True,10,1.1466642901046826
"Maton, Phil","Adam, Jason",True,1,0.6564330397943094
"Maton, Phil","Morton, Charlie",True,2,0.6696221825349917
"Maton, Phil","Nola, Aaron",True,3,0.7991090833657598
"Maton, Phil","Early, Connelly",False,4,0.8454543137953994
"Maton, Phil","Sands, Cole",True,5,0.882004715354411
"Maton, Phil","Wheeler, Zack",True,6,0.9408847784501245
"Maton, Phil","Messick, Parker",False,7,0.9672602814368435
"Maton, Phil","Blackburn, Paul",True,8,1.0052451535389104
"Maton, Phil","Canning, Griffin",True,9,1.0279317236400038
"Maton, Phil","Strowd, Kade",True,10,1.0863100247018171
"Taillon, Jameson","Gómez, Yoendrys",True,1,0.32134015038274943
"Taillon, Jameson","Lugo, Seth",True,2,0.3717470512198321
"Taillon, Jameson","Vasil, Mike",True,3,0.3976088757556147
"Taillon, Jameson","Gibson, Cade",False,4,0.5807232764064676
"Taillon, Jameson","López, Pablo",True,5,0.5901356199417893
"Taillon, Jameson","Gusto, Ryan",True,6,0.6460810874916594
"Taillon, Jameson","Newcomb, Sean",False,7,0.6467893998887533
"Taillon, Jameson","Simpson, Josh",False,8,0.6519176834773601
"Taillon, Jameson","Leahy, Kyle",True,9,0.6729166008528854
"Taillon, Jameson","Vásquez, Randy",True,10,0.7243130390217472
"Strowd, Kade","Mazur, Adam",True,1,0.43549259142857316
"Strowd, Kade","Vasil, Mike",True,2,0.6611795378500733
"Strowd, Kade","Povich, Cade",False,3,0.663882275640156
"Strowd, Kade","Junk, Janson",True,4,0.6737466116615326
"Strowd, Kade","Schmidt, Clarke",True,5,0.7171510903440917
"Strowd, Kade","Taillon, Jameson",True,6,0.7324785390108869
"Strowd, Kade","Wheeler, Zack",True,7,0.7752100600688386
"Strowd, Kade","López, Pablo",True,8,0.8164495908239077
"Strowd, Kade","Faucher, Calvin",True,9,0.8207907632385024
"Strowd, Kade","Civale, Aaron",True,10,0.8222668233919357
"Arrighetti, Spencer","Wheeler, Zack",True,1,0.5980921071157532
"Arrighetti, Spencer","Montero, Keider",True,2,0.6989754865440457
"Arrighetti, Spencer","Simpson, Josh",False,3,0.7178686047663586
"Arrighetti, Spencer","Gómez, Yoendrys",True,4,0.8693491137064455
"Arrighetti, Spencer","Messick, Parker",False,5,0.8946463283612345
"Arrighetti, Spencer","Vásquez, Randy",True,6,0.8988919507905927
"Arrighetti, Spencer","Bibee, Tanner",True,7,0.9106988206961903
"Arrighetti, Spencer","Blackburn, Paul",True,8,0.9563524607182862
"Arrighetti, Spencer","Eflin, Zach",True,9,0.9869141673924899
"Arrighetti, Spencer","McGreevy, Michael",True,10,1.0124333282783162
"McCullers Jr., Lance","Warren, Will",True,1,1.0620170391266481
"McCullers Jr., Lance","Dubin, Shawn",True,2,1.1438287588324143
"McCullers Jr., Lance","Gibson, Cade",False,3,1.1466395436968677
"McCullers Jr., Lance","Gómez, Yoendrys",True,4,1.17169534240071
"McCullers Jr., Lance","Taillon, Jameson",True,5,1.231593455424731
"McCullers Jr., Lance","Vásquez, Randy",True,6,1.2318969962093942
"McCullers Jr., Lance","Faucher, Calvin",True,7,1.2594987836636673
"McCullers Jr., Lance","Lugo, Seth",True,8,1.3312869029672847
"McCullers Jr., Lance","Leahy, Kyle",True,9,1.353855686406637
"McCullers Jr., Lance","Vasil, Mike",True,10,1.362111100677347
"Burke, Sean","Knack, Landon",True,1,0.7458878692710385
"Burke, Sean","Sheehan, Emmet",True,2,0.8562305896160038
"Burke, Sean","Brown, Hunter",True,3,0.8650976795257985
"Burke, Sean","Paddack, Chris",True,4,0.8667054351859502
"Burke, Sean","Schlittler, Cam",True,5,0.9294211088938114
"Burke, Sean","Gonsolin, Tony",True,6,0.9557315115089587
"Burke, Sean","Beck, Tristan",True,7,0.9693080127144393
"Burke, Sean","Latz, Jacob",False,8,0.991375081588365
"Burke, Sean","Baz, Shane",True,9,0.9987792095863579
"Burke, Sean","Birdsong, Hayden",True,10,1.0010738725962818
"Liberatore, Matthew","Burrows, Mike",False,1,0.5166348464118075
"Liberatore, Matthew","Verlander, Justin",False,2,0.5231649039077697
"Liberatore, Matthew","Mikolas, Miles",False,3,0.6480470088392681
"Liberatore, Matthew","Megill, Tylor",False,4,0.7186679459823917
"Liberatore, Matthew","Englert, Mason",False,5,0.7235079431262058
"Liberatore, Matthew","Paddack, Chris",False,6,0.7449436218898732
"Liberatore, Matthew","Yamamoto, Yoshinobu",False,7,0.7978420601279835
"Liberatore, Matthew","Sugano, Tomoyuki",False,8,0.8391495342434178
"Liberatore, Matthew","Wacha, Michael",False,9,0.8560909188054298
"Liberatore, Matthew","Allard, Kolby",True,10,0.8590916437369038
"Povich, Cade","Civale, Aaron",False,1,0.5013407271066103
"Povich, Cade","Megill, Tylor",False,2,0.5088160989668081
"Povich, Cade","Strowd, Kade",False,3,0.663882275640156
"Povich, Cade","Mazur, Adam",False,4,0.7241863543400288
"Povich, Cade","Verlander, Justin",False,5,0.7791154171641975
"Povich, Cade","López, Jorge",False,6,0.7910119942653778
"Povich, Cade","Jobe, Jackson",False,7,0.8034709398870289
"Povich, Cade","Sugano, Tomoyuki",False,8,0.84116695850265
"Povich, Cade","López, Pablo",False,9,0.8545479579739579
"Povich, Cade","Montero, Keider",False,10,0.8974453897747624
"Gómez, Yoendrys","Taillon, Jameson",True,1,0.32134015038274943
"Gómez, Yoendrys","Vasil, Mike",True,2,0.3755935100582438
"Gómez, Yoendrys","Lugo, Seth",True,3,0.4930855979182926
"Gómez, Yoendrys","Vásquez, Randy",True,4,0.5370079171695528
"Gómez, Yoendrys","Simpson, Josh",False,5,0.5698806878809219
"Gómez, Yoendrys","Wheeler, Zack",True,6,0.6397010067025258
"Gómez, Yoendrys","Gibson, Cade",False,7,0.676296245137203
"Gómez, Yoendrys","López, Pablo",True,8,0.6827993559509316
"Gómez, Yoendrys","Newcomb, Sean",False,9,0.7692982592270989
"Gómez, Yoendrys","Blackburn, Paul",True,10,0.7837904757907663
"Dobbins, Hunter","Pérez, Eury",True,1,0.5625629716577586
"Dobbins, Hunter","Sugano, Tomoyuki",True,2,0.6587217189375346
"Dobbins, Hunter","Englert, Mason",True,3,0.7235534147348128
"Dobbins, Hunter","Walker, Taijuan",True,4,0.7504489166378318
"Dobbins, Hunter","Yamamoto, Yoshinobu",True,5,0.7924789443293843
"Dobbins, Hunter","Wheeler, Zack",True,6,0.8143085386457468
"Dobbins, Hunter","Messick, Parker",False,7,0.9058190863144422
"Dobbins, Hunter","Allard, Kolby",False,8,0.9115487164607472
"Dobbins, Hunter","Verlander, Justin",True,9,0.9197976287923112
"Dobbins, Hunter","Eovaldi, Nathan",True,10,0.9568413826775465
"Harris, Hogan","Ogasawara, Shinnosuke",True,1,1.4957683773438655
"Harris, Hogan","Sheehan, Emmet",False,2,1.7279044378563269
"Harris, Hogan","Leiter Jr., Mark",False,3,1.8080063046421624
"Harris, Hogan","Smith-Shawver, AJ",False,4,1.8118194972406496
"Harris, Hogan","Barnett, Mason",False,5,1.8281632294727301
"Harris, Hogan","Latz, Jacob",True,6,1.8535832027383117
"Harris, Hogan","Thielbar, Caleb",True,7,1.9119232984266583
"Harris, Hogan","Francis, Bowden",False,8,1.9254541742100604
"Harris, Hogan","Ragans, Cole",True,9,1.9369957985080195
"Harris, Hogan","Cantillo, Joey",True,10,1.9439332365268316
"Englert, Mason","Mikolas, Miles",True,1,0.46547383300420436
"Englert, Mason","Verlander, Justin",True,2,0.5128747836904344
"Englert, Mason","Burrows, Mike",True,3,0.6029656762394494
"Englert, Mason","Yamamoto, Yoshinobu",True,4,0.6095713877242479
"Englert, Mason","Cecconi, Slade",True,5,0.626738972534049
"Englert, Mason","Allard, Kolby",False,6,0.6736348417420793
"Englert, Mason","Pérez, Eury",True,7,0.7110496309782793
"Englert, Mason","Liberatore, Matthew",False,8,0.7235079431262058
"Englert, Mason","Dobbins, Hunter",True,9,0.7235534147348128
"Englert, Mason","Wacha, Michael",True,10,0.7679531194225586
"Beck, Tristan","Pressly, Ryan",True,1,0.6403097135834761
"Beck, Tristan","Early, Connelly",False,2,0.6404240603442093
"Beck, Tristan","Baz, Shane",True,3,0.7238024881174262
"Beck, Tristan","López, Jorge",True,4,0.7495532445660839
"Beck, Tristan","Morgan, David",True,5,0.8982464915030587
"Beck, Tristan","Ashcraft, Braxton",True,6,0.9224054785297537
"Beck, Tristan","Knack, Landon",True,7,0.9558443870547308
"Beck, Tristan","Strowd, Kade",True,8,0.959562582872347
"Beck, Tristan","Burke, Sean",True,9,0.9693080127144393
"Beck, Tristan","Englert, Mason",True,10,0.9943997294885922
"Wheeler, Zack","Simpson, Josh",False,1,0.45026720244756313
"Wheeler, Zack","Montero, Keider",True,2,0.5870455161458276
"Wheeler, Zack","Vasil, Mike",True,3,0.5931324156082011
"Wheeler, Zack","Arrighetti, Spencer",True,4,0.5980921071157532
"Wheeler, Zack","McGreevy, Michael",True,5,0.6383812316144667
"Wheeler, Zack","Gómez, Yoendrys",True,6,0.6397010067025258
"Wheeler, Zack","Messick, Parker",False,7,0.7069187420683833
"Wheeler, Zack","Vásquez, Randy",True,8,0.7191999893992449
"Wheeler, Zack","Blackburn, Paul",True,9,0.7231153815144952
"Wheeler, Zack","Taillon, Jameson",True,10,0.7276224627936383
"Cecconi, Slade","Mikolas, Miles",True,1,0.5492220026625076
"Cecconi, Slade","Wacha, Michael",True,2,0.5628063100936004
"Cecconi, Slade","Allard, Kolby",False,3,0.5742914186404302
"Cecconi, Slade","Englert, Mason",True,4,0.626738972534049
"Cecconi, Slade","Burrows, Mike",True,5,0.7066437560640609
"Cecconi, Slade","Pérez, Eury",True,6,0.7069062025001583
"Cecconi, Slade","Boushley, Caleb",True,7,0.7875844768391519
"Cecconi, Slade","Verlander, Justin",True,8,0.8525355705784919
"Cecconi, Slade","Yamamoto, Yoshinobu",True,9,0.8570807168097707
"Cecconi, Slade","Liberatore, Matthew",False,10,0.908309916573177
"Burrows, Mike","Mikolas, Miles",True,1,0.4509408655547296
"Burrows, Mike","Liberatore, Matthew",False,2,0.5166348464118075
"Burrows, Mike","Verlander, Justin",True,3,0.5382435760651996
"Burrows, Mike","Latz, Jacob",False,4,0.5607481161194632
"Burrows, Mike","Englert, Mason",True,5,0.6029656762394494
"Burrows, Mike","Allard, Kolby",False,6,0.6392948289088108
"Burrows, Mike","Paddack, Chris",True,7,0.6586996899874261
"Burrows, Mike","Cecconi, Slade",True,8,0.7066437560640609
"Burrows, Mike","Young, Brandon",True,9,0.7136064903451572
"Burrows, Mike","Wacha, Michael",True,10,0.7495986436686465
"Leahy, Kyle","Schmidt, Clarke",True,1,0.3723064672971889
"Leahy, Kyle","Junk, Janson",True,2,0.43622898613626815
"Leahy, Kyle","Vasil, Mike",True,3,0.614352339035382
"Leahy, Kyle","Gusto, Ryan",True,4,0.641278660592479
"Leahy, Kyle","Taillon, Jameson",True,5,0.6729166008528854
"Leahy, Kyle","Lugo, Seth",True,6,0.6893243600344416
"Leahy, Kyle","Gibson, Cade",False,7,0.7367477997138521
"Leahy, Kyle","López, Pablo",True,8,0.7705431780651739
"Leahy, Kyle","Faucher, Calvin",True,9,0.7834024459026384
"Leahy, Kyle","Strowd, Kade",True,10,0.8226603756736176
"Vasil, Mike","Gómez, Yoendrys",True,1,0.3755935100582438
"Vasil, Mike","Taillon, Jameson",True,2,0.3976088757556147
"Vasil, Mike","Lugo, Seth",True,3,0.5674007602498246
"Vasil, Mike","López, Pablo",True,4,0.5807861306453537
"Vasil, Mike","Wheeler, Zack",True,5,0.5931324156082011
"Vasil, Mike","Schmidt, Clarke",True,6,0.5951677443856302
"Vasil, Mike","Simpson, Josh",False,7,0.5983676672303572
"Vasil, Mike","Vásquez, Randy",True,8,0.6047571133411022
"Vasil, Mike","Leahy, Kyle",True,9,0.614352339035382
"Vasil, Mike","Mazur, Adam",True,10,0.6389112418597255
"Selby, Colin","Taylor, Troy",True,1,1.0492557986654671
"Selby, Colin","Hill, Rich",False,2,1.3047412144865218
"Selby, Colin","McGee, Easton",True,3,1.8551713122096112
"Selby, Colin","Hudson, Bryan",False,4,2.5093889530423823
"Selby, Colin","Phillips, Connor",True,5,2.612636509056072
"Selby, Colin","Harrison, Kyle",False,6,2.9339280308713507
"Selby, Colin","Johnson, Pierce",True,7,3.20073132252689
"Selby, Colin","Peralta, Luis",False,8,3.330658521466474
"Selby, Colin","Rogers, Tyler",True,9,3.394738415940354
"Selby, Colin","Abreu, Bryan",True,10,3.4043711476854943
"Allard, Kolby","Mikolas, Miles",False,1,0.5561999943343312
"Allard, Kolby","Cecconi, Slade",False,2,0.5742914186404302
"Allard, Kolby","Walker, Taijuan",False,3,0.593592519195367
"Allard, Kolby","Burrows, Mike",False,4,0.6392948289088108
"Allard, Kolby","Pérez, Eury",False,5,0.6533958479046476
"Allard, Kolby","Wacha, Michael",False,6,0.6724785096898459
"Allard, Kolby","Englert, Mason",False,7,0.6736348417420793
"Allard, Kolby","Yamamoto, Yoshinobu",False,8,0.6993856093975542
"Allard, Kolby","Paddack, Chris",False,9,0.7332510845542163
"Allard, Kolby","Boushley, Caleb",False,10,0.7584148737980926
"Montero, Keider","Jobe, Jackson",True,1,0.46646340360863725
"Montero, Keider","Wheeler, Zack",True,2,0.5870455161458276
"Montero, Keider","McGreevy, Michael",True,3,0.6215162395754633
"Montero, Keider","Bibee, Tanner",True,4,0.6348805077179968
"Montero, Keider","Simpson, Josh",False,5,0.6354445350831776
"Montero, Keider","Arrighetti, Spencer",True,6,0.6989754865440457
"Montero, Keider","Messick, Parker",False,7,0.7150973173387195
"Montero, Keider","Olson, Reese",True,8,0.7275671988100815
"Montero, Keider","Megill, Tylor",True,9,0.7317705697418195
"Montero, Keider","Duran, Jhoan",True,10,0.7617224132834748
"Junk, Janson","Schmidt, Clarke",True,1,0.34939309290504034
"Junk, Janson","Leahy, Kyle",True,2,0.43622898613626815
"Junk, Janson","Mazur, Adam",True,3,0.6316345485339812
"Junk, Janson","Strowd, Kade",True,4,0.6737466116615326
"Junk, Janson","Faucher, Calvin",True,5,0.7133810866113223
"Junk, Janson","Vasil, Mike",True,6,0.7583418037709991
"Junk, Janson","López, Pablo",True,7,0.8162158481538555
"Junk, Janson","Taillon, Jameson",True,8,0.9059407309584834
"Junk, Janson","Sugano, Tomoyuki",True,9,0.9179816031916858
"Junk, Janson","Gusto, Ryan",True,10,0.9300715696396359
"Pérez, Eury","Eovaldi, Nathan",True,1,0.5030575149697035
"Pérez, Eury","Dobbins, Hunter",True,2,0.5625629716577586
"Pérez, Eury","Walker, Taijuan",True,3,0.6324353576632028
"Pérez, Eury","Allard, Kolby",False,4,0.6533958479046476
"Pérez, Eury","Cecconi, Slade",True,5,0.7069062025001583
"Pérez, Eury","Englert, Mason",True,6,0.7110496309782793
"Pérez, Eury","Messick, Parker",False,7,0.7656457112413094
"Pérez, Eury","Boushley, Caleb",True,8,0.7767424616195244
"Pérez, Eury","Mikolas, Miles",True,9,0.7815666131716339
"Pérez, Eury","Wacha, Michael",True,10,0.8487092131969984
"Simpson, Josh","Wheeler, Zack",False,1,0.45026720244756313
"Simpson, Josh","Vásquez, Randy",False,2,0.49794351726349056
"Simpson, Josh","Blackburn, Paul",False,3,0.5314058593207981
"Simpson, Josh","López, Pablo",False,4,0.5327810179611207
"Simpson, Josh","McGreevy, Michael",False,5,0.541150088754202
"Simpson, Josh","Gómez, Yoendrys",False,6,0.5698806878809219
"Simpson, Josh","Vasil, Mike",False,7,0.5983676672303572
"Simpson, Josh","Montero, Keider",False,8,0.6354445350831776
"Simpson, Josh","Taillon, Jameson",False,9,0.6519176834773601
"Simpson, Josh","Rea, Colin",False,10,0.6796471556595676
"Roupp, Landen","Kelly, Zack",True,1,0.6958332881155525
"Roupp, Landen","Trivino III, Lou",True,2,0.8703266707954428
"Roupp, Landen","Cleavinger, Garrett",False,3,0.8723842402626782
"Roupp, Landen","Weissert, Greg",True,4,0.9085426708883007
"Roupp, Landen","Sands, Cole",True,5,1.0261364970729894
"Roupp, Landen","Walter, Brandon",False,6,1.0823076851343163
"Roupp, Landen","Irvin, Jake",True,7,1.1081671545831595
"Roupp, Landen","Alexander, Jason",True,8,1.1101112439483325
"Roupp, Landen","Adam, Jason",True,9,1.119217835229591
"Roupp, Landen","Jacob, Alek",True,10,1.1442637090287262
"Verlander, Justin","Mikolas, Miles",True,1,0.41359952966057284
"Verlander, Justin","Olson, Reese",True,2,0.5042405951692291
"Verlander, Justin","Paddack, Chris",True,3,0.5064852256505338
"Verlander, Justin","Englert, Mason",True,4,0.5128747836904344
"Verlander, Justin","Liberatore, Matthew",False,5,0.5231649039077697
"Verlander, Justin","Jobe, Jackson",True,6,0.5247331496243985
"Verlander, Justin","Burrows, Mike",True,7,0.5382435760651996
"Verlander, Justin","Williams, Gavin",True,8,0.55762554841271
"Verlander, Justin","Sugano, Tomoyuki",True,9,0.6269786588785612
"Verlander, Justin","Kremer, Dean",True,10,0.654465284513235
"Schmidt, Clarke","Junk, Janson",True,1,0.34939309290504034
"Schmidt, Clarke","Leahy, Kyle",True,2,0.3723064672971889
"Schmidt, Clarke","Faucher, Calvin",True,3,0.5312439473002828
"Schmidt, Clarke","Vasil, Mike",True,4,0.5951677443856302
"Schmidt, Clarke","Mazur, Adam",True,5,0.6192411595711629
"Schmidt, Clarke","López, Pablo",True,6,0.6915932826677744
"Schmidt, Clarke","Strowd, Kade",True,7,0.7171510903440917
"Schmidt, Clarke","Taillon, Jameson",True,8,0.7360194189131114
"Schmidt, Clarke","Lorenzen, Michael",True,9,0.7877386466269207
"Schmidt, Clarke","Lugo, Seth",True,10,0.8320572497526559
"Hill, Rich","Selby, Colin",False,1,1.3047412144865218
"Hill, Rich","Taylor, Troy",False,2,1.4525049739420948
"Hill, Rich","McGee, Easton",False,3,1.4598575699904026
"Hill, Rich","Phillips, Connor",False,4,2.008933756485738
"Hill, Rich","Hudson, Bryan",True,5,2.1808415128684446
"Hill, Rich","Harrison, Kyle",True,6,2.3092538149656257
"Hill, Rich","Peralta, Luis",True,7,2.586937219124403
"Hill, Rich","Johnson, Pierce",False,8,2.672004568895868
"Hill, Rich","Abreu, Bryan",False,9,2.6973174309413768
"Hill, Rich","Rogers, Tyler",False,10,2.8010680566300654
"Faucher, Calvin","Schmidt, Clarke",True,1,0.5312439473002828
"Faucher, Calvin","Mazur, Adam",True,2,0.6968810649138708
"Faucher, Calvin","Junk, Janson",True,3,0.7133810866113223
"Faucher, Calvin","López, Pablo",True,4,0.742185583781629
"Faucher, Calvin","Leahy, Kyle",True,5,0.7834024459026384
"Faucher, Calvin","Vasil, Mike",True,6,0.8183020644615803
"Faucher, Calvin","Strowd, Kade",True,7,0.8207907632385024
"Faucher, Calvin","Taillon, Jameson",True,8,0.8401381276886366
"Faucher, Calvin","Blackburn, Paul",True,9,0.8898023905918705
"Faucher, Calvin","Lorenzen, Michael",True,10,0.9474895512300642
"Latz, Jacob","Schlittler, Cam",False,1,0.4680712349226039
"Latz, Jacob","Burrows, Mike",False,2,0.5607481161194632
"Latz, Jacob","Kremer, Dean",False,3,0.6450044701859979
"Latz, Jacob","Mikolas, Miles",False,4,0.6575156556120976
"Latz, Jacob","Verlander, Justin",False,5,0.6766231851392214
"Latz, Jacob","Cantillo, Joey",True,6,0.6847476322574355
"Latz, Jacob","Williams, Gavin",False,7,0.6936196041864923
"Latz, Jacob","Paddack, Chris",False,8,0.7424293250862434
"Latz, Jacob","Olson, Reese",False,9,0.7771619869932099
"Latz, Jacob","Leiter, Jack",False,10,0.7887426129646522
"Sugano, Tomoyuki","Verlander, Justin",True,1,0.6269786588785612
"Sugano, Tomoyuki","McGreevy, Michael",True,2,0.6369016582802639
"Sugano, Tomoyuki","Dobbins, Hunter",True,3,0.6587217189375346
"Sugano, Tomoyuki","Mazur, Adam",True,4,0.7206953273582747
"Sugano, Tomoyuki","Walker, Taijuan",True,5,0.7387799347343179
"Sugano, Tomoyuki","Paddack, Chris",True,6,0.7580192042911752
"Sugano, Tomoyuki","Jobe, Jackson",True,7,0.7707244088537916
"Sugano, Tomoyuki","Boushley, Caleb",True,8,0.7734061524551367
"Sugano, Tomoyuki","Olson, Reese",True,9,0.7815136639937428
"Sugano, Tomoyuki","Fitts, Richard",True,10,0.8053103266873939
"Mikolas, Miles","Verlander, Justin",True,1,0.41359952966057284
"Mikolas, Miles","Burrows, Mike",True,2,0.4509408655547296
"Mikolas, Miles","Englert, Mason",True,3,0.46547383300420436
"Mikolas, Miles","Wacha, Michael",True,4,0.4661750931259486
"Mikolas, Miles","Boushley, Caleb",True,5,0.4770792701034058
"Mikolas, Miles","Cecconi, Slade",True,6,0.5492220026625076
"Mikolas, Miles","Allard, Kolby",False,7,0.5561999943343312
"Mikolas, Miles","Leiter, Jack",True,8,0.5926737380106079
"Mikolas, Miles","Kremer, Dean",True,9,0.5929648330609665
"Mikolas, Miles","Paddack, Chris",True,10,0.6152427332584516
"Jobe, Jackson","Olson, Reese",True,1,0.34844679529493905
"Jobe, Jackson","Montero, Keider",True,2,0.46646340360863725
"Jobe, Jackson","Williams, Gavin",True,3,0.4686854360623534
"Jobe, Jackson","Verlander, Justin",True,4,0.5247331496243985
"Jobe, Jackson","Megill, Tylor",True,5,0.6077155756559565
"Jobe, Jackson","Houser, Adrian",True,6,0.6461776283109525
"Jobe, Jackson","López, Jorge",True,7,0.6704470793398929
"Jobe, Jackson","Hall, DL",False,8,0.6759287247469818
"Jobe, Jackson","Mikolas, Miles",True,9,0.6836778337910763
"Jobe, Jackson","McGreevy, Michael",True,10,0.6939120052523735
"Walker, Taijuan","Allard, Kolby",False,1,0.593592519195367
"Walker, Taijuan","Pérez, Eury",True,2,0.6324353576632028
"Walker, Taijuan","Boushley, Caleb",True,3,0.6520772616595579
"Walker, Taijuan","Sugano, Tomoyuki",True,4,0.7387799347343179
"Walker, Taijuan","Dobbins, Hunter",True,5,0.7504489166378318
"Walker, Taijuan","Paddack, Chris",True,6,0.7771988799044858
"Walker, Taijuan","Mikolas, Miles",True,7,0.7933097014772192
"Walker, Taijuan","Leiter, Jack",True,8,0.8294051659769551
"Walker, Taijuan","Verlander, Justin",True,9,0.874891283589938
"Walker, Taijuan","Wacha, Michael",True,10,0.8770043373266487
"Mazur, Adam","Strowd, Kade",True,1,0.43549259142857316
"Mazur, Adam","López, Pablo",True,2,0.5676929253543205
"Mazur, Adam","McGreevy, Michael",True,3,0.6186960072660503
"Mazur, Adam","Schmidt, Clarke",True,4,0.6192411595711629
"Mazur, Adam","Junk, Janson",True,5,0.6316345485339812
"Mazur, Adam","Vasil, Mike",True,6,0.6389112418597255
"Mazur, Adam","Blackburn, Paul",True,7,0.6627095108454323
"Mazur, Adam","Faucher, Calvin",True,8,0.6968810649138708
"Mazur, Adam","Lorenzen, Michael",True,9,0.7038944976008412
"Mazur, Adam","Sugano, Tomoyuki",True,10,0.7206953273582747
"López, Jorge","Baz, Shane",True,1,0.5771595930994278
"López, Jorge","Williams, Gavin",True,2,0.6184835431469359
"López, Jorge","Duran, Jhoan",True,3,0.6197477293313733
"López, Jorge","Early, Connelly",False,4,0.6311049094211038
"López, Jorge","Jobe, Jackson",True,5,0.6704470793398929
"López, Jorge","Morgan, David",True,6,0.6776378713860982
"López, Jorge","Olson, Reese",True,7,0.6969909340335904
"López, Jorge","Cabrera, Edward",True,8,0.6975153568513427
"López, Jorge","Houser, Adrian",True,9,0.7129768771337003
"López, Jorge","Kirby, George",True,10,0.7302727363751236
"Nola, Aaron","Morton, Charlie",True,1,0.6098055153515306
"Nola, Aaron","Early, Connelly",False,2,0.6271353557173803
"Nola, Aaron","Cabrera, Edward",True,3,0.6358655232006984
"Nola, Aaron","Sands, Cole",True,4,0.6711900457515718
"Nola, Aaron","Messick, Parker",False,5,0.680376715646998
"Nola, Aaron","Blackburn, Paul",True,6,0.7059106075944165
"Nola, Aaron","Duran, Jhoan",True,7,0.7623243425242076
"Nola, Aaron","Canning, Griffin",True,8,0.769791488564373
"Nola, Aaron","Wheeler, Zack",True,9,0.7825070264601106
"Nola, Aaron","Mazur, Adam",True,10,0.7890081408680258
"Knack, Landon","Cantillo, Joey",False,1,0.6440924978310173
"Knack, Landon","Baz, Shane",True,2,0.7025754388166148
"Knack, Landon","Slaten, Justin",True,3,0.7379639576292424
"Knack, Landon","Burke, Sean",True,4,0.7458878692710385
"Knack, Landon","Brown, Hunter",True,5,0.7776523390687998
"Knack, Landon","Schlittler, Cam",True,6,0.790727689736802
"Knack, Landon","Ashcraft, Braxton",True,7,0.8428893757680921
"Knack, Landon","Gonsolin, Tony",True,8,0.8568500375449439
"Knack, Landon","Latz, Jacob",False,9,0.8620049254624856
"Knack, Landon","Pivetta, Nick",True,10,0.8827160675322094
"Morton, Charlie","Sands, Cole",True,1,0.44638428367796684
"Morton, Charlie","Blackburn, Paul",True,2,0.5860065120358965
"Morton, Charlie","Nola, Aaron",True,3,0.6098055153515306
"Morton, Charlie","Maton, Phil",True,4,0.6696221825349917
"Morton, Charlie","Vásquez, Randy",True,5,0.7050401676027587
"Morton, Charlie","Evans, Logan",True,6,0.8297194277397566
"Morton, Charlie","Canning, Griffin",True,7,0.8404220399457799
"Morton, Charlie","Wheeler, Zack",True,8,0.8553816385572385
"Morton, Charlie","Early, Connelly",False,9,0.8660229227887558
"Morton, Charlie","Rea, Colin",True,10,0.8663679921833379
"Vásquez, Randy","Blackburn, Paul",True,1,0.4255177208484344
"Vásquez, Randy","Evans, Logan",True,2,0.4733285597072912
"Vásquez, Randy","Simpson, Josh",False,3,0.49794351726349056
"Vásquez, Randy","Gómez, Yoendrys",True,4,0.5370079171695528
"Vásquez, Randy","López, Pablo",True,5,0.6024866580850444
"Vásquez, Randy","Vasil, Mike",True,6,0.6047571133411022
"Vásquez, Randy","Rea, Colin",True,7,0.6388723993842031
"Vásquez, Randy","Pfaadt, Brandon",True,8,0.6961883672232061
"Vásquez, Randy","Morton, Charlie",True,9,0.7050401676027587
"Vásquez, Randy","McGreevy, Michael",True,10,0.7143219611725498
"López, Pablo","Simpson, Josh",False,1,0.5327810179611207
"López, Pablo","Blackburn, Paul",True,2,0.5418593237391739
"López, Pablo","McGreevy, Michael",True,3,0.5642114139276225
"López, Pablo","Pfaadt, Brandon",True,4,0.566614778721344
"López, Pablo","Mazur, Adam",True,5,0.5676929253543205
"López, Pablo","Vasil, Mike",True,6,0.5807861306453537
"López, Pablo","Taillon, Jameson",True,7,0.5901356199417893
"López, Pablo","Lorenzen, Michael",True,8,0.5986249569196309
"López, Pablo","Vásquez, Randy",True,9,0.6024866580850444
"López, Pablo","Gómez, Yoendrys",True,10,0.6827993559509316
"Paddack, Chris","Verlander, Justin",True,1,0.5064852256505338
"Paddack, Chris","Kremer, Dean",True,2,0.5807391121574395
"Paddack, Chris","Bradley, Taj",True,3,0.6073596335502035
"Paddack, Chris","Mikolas, Miles",True,4,0.6152427332584516
"Paddack, Chris","Brown, Hunter",True,5,0.6412654163332268
"Paddack, Chris","Schlittler, Cam",True,6,0.6561281290741243
"Paddack, Chris","Burrows, Mike",True,7,0.6586996899874261
"Paddack, Chris","Leiter, Jack",True,8,0.6638823950178827
"Paddack, Chris","Allard, Kolby",False,9,0.7332510845542163
"Paddack, Chris","Latz, Jacob",False,10,0.7424293250862434
"Wacha, Michael","Mikolas, Miles",True,1,0.4661750931259486
"Wacha, Michael","Boushley, Caleb",True,2,0.5195175722399131
"Wacha, Michael","Cecconi, Slade",True,3,0.5628063100936004
"Wacha, Michael","Young, Brandon",True,4,0.6646721190317482
"Wacha, Michael","Allard, Kolby",False,5,0.6724785096898459
"Wacha, Michael","Burrows, Mike",True,6,0.7495986436686465
"Wacha, Michael","Englert, Mason",True,7,0.7679531194225586
"Wacha, Michael","Long, Sam",False,8,0.8055394106017537
"Wacha, Michael","Verlander, Justin",True,9,0.8272059718946096
"Wacha, Michael","Leiter, Jack",True,10,0.834024254795066
"Messick, Parker","Burnes, Corbin",False,1,0.5999367618438078
"Messick, Parker","Barlow, Scott",False,2,0.66925990225276
"Messick, Parker","Nola, Aaron",False,3,0.680376715646998
"Messick, Parker","Bivens, Spencer",False,4,0.6874820041226666
"Messick, Parker","Wheeler, Zack",False,5,0.7069187420683833
"Messick, Parker","Montero, Keider",False,6,0.7150973173387195
"Messick, Parker","Bibee, Tanner",False,7,0.7238246515725886
"Messick, Parker","Eovaldi, Nathan",False,8,0.7298638562809593
"Messick, Parker","Duran, Jhoan",False,9,0.7337591682889412
"Messick, Parker","Pérez, Eury",False,10,0.7656457112413094
"Early, Connelly","Canning, Griffin",False,1,0.5475562819829636
"Early, Connelly","Pressly, Ryan",False,2,0.5509323291393027
"Early, Connelly","Morgan, David",False,3,0.589158203107404
"Early, Connelly","Nola, Aaron",False,4,0.6271353557173803
"Early, Connelly","López, Jorge",False,5,0.6311049094211038
"Early, Connelly","Beck, Tristan",False,6,0.6404240603442093
"Early, Connelly","Baz, Shane",False,7,0.6874503009714487
"Early, Connelly","Duran, Jhoan",False,8,0.7018756980192348
"Early, Connelly","Misiorowski, Jacob",False,9,0.7031171340070571
"Early, Connelly","Stratton, Chris",False,10,0.7436983041777613
"Taylor, Troy","McGee, Easton",True,1,0.9973884465318567
"Taylor, Troy","Selby, Colin",True,2,1.0492557986654671
"Taylor, Troy","Hill, Rich",False,3,1.4525049739420948
"Taylor, Troy","Hudson, Bryan",False,4,1.6874005899034552
"Taylor, Troy","Phillips, Connor",True,5,1.822076067245236
"Taylor, Troy","Harrison, Kyle",False,6,2.1034642277841824
"Taylor, Troy","Peralta, Luis",False,7,2.5622336787422526
"Taylor, Troy","Johnson, Pierce",True,8,2.5654767290447165
"Taylor, Troy","Zuber, Tyler",True,9,2.6973358602221684
"Taylor, Troy","Abreu, Bryan",True,10,2.88442691176435
"Eovaldi, Nathan","Pérez, Eury",True,1,0.5030575149697035
"Eovaldi, Nathan","Messick, Parker",False,2,0.7298638562809593
"Eovaldi, Nathan","Burnes, Corbin",True,3,0.8705784988909203
"Eovaldi, Nathan","Bivens, Spencer",True,4,0.8772757963958236
"Eovaldi, Nathan","deGrom, Jacob",True,5,0.9028698185528786
"Eovaldi, Nathan","Dobbins, Hunter",True,6,0.9568413826775465
"Eovaldi, Nathan","Richardson, Lyon",True,7,0.9665438742219497
"Eovaldi, Nathan","Peralta, Freddy",True,8,0.9728566245615644
"Eovaldi, Nathan","Scherzer, Max",True,9,0.9739124911277255
"Eovaldi, Nathan","Cecconi, Slade",True,10,0.9780445573083788
"Blackburn, Paul","Vásquez, Randy",True,1,0.4255177208484344
"Blackburn, Paul","Evans, Logan",True,2,0.5132316239499329
"Blackburn, Paul","Simpson, Josh",False,3,0.5314058593207981
"Blackburn, Paul","López, Pablo",True,4,0.5418593237391739
"Blackburn, Paul","Morton, Charlie",True,5,0.5860065120358965
"Blackburn, Paul","McGreevy, Michael",True,6,0.5971406309710939
"Blackburn, Paul","Gray, Sonny",True,7,0.6626967560863977
"Blackburn, Paul","Mazur, Adam",True,8,0.6627095108454323
"Blackburn, Paul","Pfaadt, Brandon",True,9,0.6677552747248771
"Blackburn, Paul","Nola, Aaron",True,10,0.7059106075944165
"Young, Brandon","Long, Sam",False,1,0.5540576228803695
"Young, Brandon","Wacha, Michael",True,2,0.6646721190317482
"Young, Brandon","Mikolas, Miles",True,3,0.6939345828272081
"Young, Brandon","Burrows, Mike",True,4,0.7136064903451572
"Young, Brandon","Kremer, Dean",True,5,0.7823217507711703
"Young, Brandon","Allard, Kolby",False,6,0.8143459186596833
"Young, Brandon","Paddack, Chris",True,7,0.8474008012021633
"Young, Brandon","Thielbar, Caleb",False,8,0.8624507647628642
"Young, Brandon","Boushley, Caleb",True,9,0.9247084871288125
"Young, Brandon","Englert, Mason",True,10,0.9257573121944495
"Pressly, Ryan","Early, Connelly",False,1,0.5509323291393027
"Pressly, Ryan","Beck, Tristan",True,2,0.6403097135834761
"Pressly, Ryan","Stratton, Chris",True,3,0.6609339433000481
"Pressly, Ryan","Baz, Shane",True,4,0.6611500467031355
"Pressly, Ryan","Ashcraft, Braxton",True,5,0.735107562390947
"Pressly, Ryan","Misiorowski, Jacob",True,6,0.8206564601608216
"Pressly, Ryan","Canning, Griffin",True,7,0.8281650541680085
"Pressly, Ryan","López, Jorge",True,8,0.8322591750839072
"Pressly, Ryan","Gillispie, Connor",True,9,0.8396574236065136
"Pressly, Ryan","Morgan, David",True,10,0.8454229141291996
"Flexen, Chris","Kershaw, Clayton",False,1,0.8867668187584018
"Flexen, Chris","Pallante, Andre",True,2,1.0215205090434585
"Flexen, Chris","Thielbar, Caleb",False,3,1.0793248190422697
"Flexen, Chris","Woods Richardson, Simeon",True,4,1.2220008792909187
"Flexen, Chris","Pivetta, Nick",True,5,1.321701668786863
"Flexen, Chris","Casparius, Ben",True,6,1.350009297056176
"Flexen, Chris","Glasnow, Tyler",True,7,1.384302124683549
"Flexen, Chris","Latz, Jacob",False,8,1.3871293835960314
"Flexen, Chris","Long, Sam",False,9,1.3890690696625427
"Flexen, Chris","Birdsong, Hayden",True,10,1.4222727061097873
"Cantillo, Joey","Pivetta, Nick",False,1,0.4113704928603253
"Cantillo, Joey","Glasnow, Tyler",False,2,0.5602517608306469
"Cantillo, Joey","Knack, Landon",False,3,0.6440924978310173
"Cantillo, Joey","Latz, Jacob",True,4,0.6847476322574355
"Cantillo, Joey","Woods Richardson, Simeon",False,5,0.7185547381043127
"Cantillo, Joey","Thielbar, Caleb",True,6,0.7547770860865453
"Cantillo, Joey","Slaten, Justin",False,7,0.7672455380367958
"Cantillo, Joey","Bradley, Taj",False,8,0.7797576377135166
"Cantillo, Joey","Schlittler, Cam",False,9,0.7971286029570294
"Cantillo, Joey","Gore, MacKenzie",True,10,0.8000637594297021
"Brown, Hunter","Bradley, Taj",True,1,0.5610712573745211
"Brown, Hunter","Miller, Bryce",True,2,0.6354401833743714
"Brown, Hunter","Paddack, Chris",True,3,0.6412654163332268
"Brown, Hunter","Martinez, Nick",True,4,0.6937406127256401
"Brown, Hunter","Knack, Landon",True,5,0.7776523390687998
"Brown, Hunter","Verlander, Justin",True,6,0.824317551101036
"Brown, Hunter","Schlittler, Cam",True,7,0.862690107730363
"Brown, Hunter","Burke, Sean",True,8,0.8650976795257985
"Brown, Hunter","Kremer, Dean",True,9,0.8775391776670928
"Brown, Hunter","Povich, Cade",False,10,0.9020758363093321
"Bradish, Kyle","Baz, Shane",True,1,0.48584376140795515
"Bradish, Kyle","Mazur, Adam",True,2,0.7608183269104116
"Bradish, Kyle","López, Jorge",True,3,0.7957628042218954
"Bradish, Kyle","Gonsolin, Tony",True,4,0.7961370801615647
"Bradish, Kyle","Miller, Bryce",True,5,0.8458261281826928
"Bradish, Kyle","Bieber, Shane",True,6,0.8541964962221532
"Bradish, Kyle","Misiorowski, Jacob",True,7,0.8947064890268259
"Bradish, Kyle","Early, Connelly",False,8,0.9261092328468787
"Bradish, Kyle","Povich, Cade",False,9,0.9306293698418496
"Bradish, Kyle","Faucher, Calvin",True,10,0.9506158341117565
"Olson, Reese","Jobe, Jackson",True,1,0.34844679529493905
"Olson, Reese","Williams, Gavin",True,2,0.3893440515184618
"Olson, Reese","Leiter, Jack",True,3,0.41877161712068117
"Olson, Reese","Houser, Adrian",True,4,0.4917405495907714
"Olson, Reese","Verlander, Justin",True,5,0.5042405951692291
"Olson, Reese","Hall, DL",False,6,0.53550794072827
"Olson, Reese","Boushley, Caleb",True,7,0.5824728516022276
"Olson, Reese","Burnes, Corbin",True,8,0.6115776149804202
"Olson, Reese","Fitts, Richard",True,9,0.6160066752297633
"Olson, Reese","Mikolas, Miles",True,10,0.6165424518894953
"Baz, Shane","Bradish, Kyle",True,1,0.48584376140795515
"Baz, Shane","Ashcraft, Braxton",True,2,0.5249897539442192
"Baz, Shane","López, Jorge",True,3,0.5771595930994278
"Baz, Shane","Misiorowski, Jacob",True,4,0.6403896356420966
"Baz, Shane","Gonsolin, Tony",True,5,0.647979286290393
"Baz, Shane","Pressly, Ryan",True,6,0.6611500467031355
"Baz, Shane","Early, Connelly",False,7,0.6874503009714487
"Baz, Shane","Knack, Landon",True,8,0.7025754388166148
"Baz, Shane","Beck, Tristan",True,9,0.7238024881174262
"Baz, Shane","Miller, Bryce",True,10,0.7907981836832034
"McGreevy, Michael","Gray, Sonny",True,1,0.48213437243113805
"McGreevy, Michael","Pfaadt, Brandon",True,2,0.490784366327786
"McGreevy, Michael","Lorenzen, Michael",True,3,0.5176171064062182
"McGreevy, Michael","Simpson, Josh",False,4,0.541150088754202
"McGreevy, Michael","Rea, Colin",True,5,0.5484869911291377
"McGreevy, Michael","López, Pablo",True,6,0.5642114139276225
"McGreevy, Michael","Fitts, Richard",True,7,0.5827044403650056
"McGreevy, Michael","Blackburn, Paul",True,8,0.5971406309710939
"McGreevy, Michael","Quintana, Jose",False,9,0.6082907405792355
"McGreevy, Michael","Mazur, Adam",True,10,0.6186960072660503
"Ragans, Cole","Ashby, Aaron",True,1,1.010220849199109
"Ragans, Cole","Hendricks, Kyle",False,2,1.1478538673489789
"Ragans, Cole","Soroka, Michael",False,3,1.1977558250472358
"Ragans, Cole","Crismatt, Nabil",False,4,1.20646195982052
"Ragans, Cole","Valdez, Framber",True,5,1.277293301679755
"Ragans, Cole","Ferguson, Caleb",True,6,1.3751587082344328
"Ragans, Cole","Bowlan, Jonathan",False,7,1.3754149983654158
"Ragans, Cole","Francis, Bowden",False,8,1.4077396853066577
"Ragans, Cole","Morgan, David",False,9,1.4265501374186527
"Ragans, Cole","Williams, Gavin",False,10,1.439249162110268
"Pivetta, Nick","Cantillo, Joey",False,1,0.4113704928603253
"Pivetta, Nick","Glasnow, Tyler",True,2,0.5912997999050545
"Pivetta, Nick","Woods Richardson, Simeon",True,3,0.5945080286660406
"Pivetta, Nick","Thielbar, Caleb",False,4,0.6305785548669502
"Pivetta, Nick","Slaten, Justin",True,5,0.7684399160927675
"Pivetta, Nick","Kershaw, Clayton",False,6,0.7843939016002712
"Pivetta, Nick","Casparius, Ben",True,7,0.8164108836600126
"Pivetta, Nick","Bradley, Taj",True,8,0.8416849572039012
"Pivetta, Nick","Birdsong, Hayden",True,9,0.8659419282624806
"Pivetta, Nick","Knack, Landon",True,10,0.8827160675322094
"Crismatt, Nabil","Morgan, David",True,1,0.3247246809765737
"Crismatt, Nabil","Snell, Blake",False,2,0.5278696278519975
"Crismatt, Nabil","Hendricks, Kyle",True,3,0.5504120693116018
"Crismatt, Nabil","Ferguson, Caleb",False,4,0.5798955619153587
"Crismatt, Nabil","Scherzer, Max",True,5,0.6143769581826398
"Crismatt, Nabil","Bowlan, Jonathan",True,6,0.6274586893829767
"Crismatt, Nabil","Richardson, Lyon",True,7,0.664531447394917
"Crismatt, Nabil","Williams, Gavin",True,8,0.6676599358334013
"Crismatt, Nabil","Hall, DL",False,9,0.7049863192475134
"Crismatt, Nabil","deGrom, Jacob",True,10,0.7276445629054789
"Kirby, George","Cabrera, Edward",True,1,0.7036295658686197
"Kirby, George","Duran, Jhoan",True,2,0.7105357815713885
"Kirby, George","López, Jorge",True,3,0.7302727363751236
"Kirby, George","Jobe, Jackson",True,4,0.8834398452756176
"Kirby, George","Montero, Keider",True,5,0.8991560835308244
"Kirby, George","Williams, Gavin",True,6,0.929560506915272
"Kirby, George","Abbott, Andrew",False,7,0.9446513508175192
"Kirby, George","Bummer, Aaron",False,8,0.9467750780999427
"Kirby, George","Olson, Reese",True,9,0.9559865168366364
"Kirby, George","Gray, Sonny",True,10,0.9687576052626018
"Williams, Gavin","Hall, DL",False,1,0.33535243778037405
"Williams, Gavin","Olson, Reese",True,2,0.3893440515184618
"Williams, Gavin","Houser, Adrian",True,3,0.3977478054474804
"Williams, Gavin","Jobe, Jackson",True,4,0.4686854360623534
"Williams, Gavin","Bowlan, Jonathan",True,5,0.5487454205955321
"Williams, Gavin","Kremer, Dean",True,6,0.5567719135771058
"Williams, Gavin","Verlander, Justin",True,7,0.55762554841271
"Williams, Gavin","Leiter, Jack",True,8,0.592796225415912
"Williams, Gavin","Fitts, Richard",True,9,0.6083996427574537
"Williams, Gavin","Cabrera, Edward",True,10,0.6103066941473214
"Thielbar, Caleb","Kershaw, Clayton",True,1,0.5062129165033745
"Thielbar, Caleb","Woods Richardson, Simeon",False,2,0.5238496092604757
"Thielbar, Caleb","Casparius, Ben",False,3,0.5915046619585773
"Thielbar, Caleb","Pivetta, Nick",False,4,0.6305785548669502
"Thielbar, Caleb","Pallante, Andre",False,5,0.651351929728785
"Thielbar, Caleb","Glasnow, Tyler",False,6,0.729252411290517
"Thielbar, Caleb","Cantillo, Joey",True,7,0.7547770860865453
"Thielbar, Caleb","Birdsong, Hayden",False,8,0.7923072566644493
"Thielbar, Caleb","Long, Sam",True,9,0.8196264728222065
"Thielbar, Caleb","Thornton, Trent",False,10,0.8398528112926733
"Evans, Logan","Vásquez, Randy",True,1,0.4733285597072912
"Evans, Logan","Teng, Kai-Wei",True,2,0.5037598366170744
"Evans, Logan","Blackburn, Paul",True,3,0.5132316239499329
"Evans, Logan","King, Michael",True,4,0.5389596950813309
"Evans, Logan","Gray, Sonny",True,5,0.7363501384044352
"Evans, Logan","Bummer, Aaron",False,6,0.7511195914932427
"Evans, Logan","Pfaadt, Brandon",True,7,0.7916678190567082
"Evans, Logan","López, Pablo",True,8,0.7977951919923145
"Evans, Logan","García, Yimi",True,9,0.8080272334056781
"Evans, Logan","Simpson, Josh",False,10,0.8113155698517582
"Morgan, David","Crismatt, Nabil",True,1,0.3247246809765737
"Morgan, David","Snell, Blake",False,2,0.575580243819235
"Morgan, David","Early, Connelly",False,3,0.589158203107404
"Morgan, David","Hall, DL",False,4,0.5901500526718271
"Morgan, David","Bowlan, Jonathan",True,5,0.6016335238078527
"Morgan, David","Ferguson, Caleb",False,6,0.6054587561167772
"Morgan, David","Williams, Gavin",True,7,0.610681555809015
"Morgan, David","Hendricks, Kyle",True,8,0.6108049221587394
"Morgan, David","Cabrera, Edward",True,9,0.6147704698354322
"Morgan, David","Duran, Jhoan",True,10,0.6699700895603486
"McGee, Easton","Taylor, Troy",True,1,0.9973884465318567
"McGee, Easton","Phillips, Connor",True,2,1.109496326319311
"McGee, Easton","Hudson, Bryan",False,3,1.2702381007140886
"McGee, Easton","Harrison, Kyle",False,4,1.326132286119866
"McGee, Easton","Hill, Rich",False,5,1.4598575699904026
"McGee, Easton","Peralta, Luis",False,6,1.7719766097138558
"McGee, Easton","Selby, Colin",True,7,1.8551713122096112
"McGee, Easton","Zuber, Tyler",True,8,1.8955086290535417
"McGee, Easton","Johnson, Pierce",True,9,2.13274888339838
"McGee, Easton","Guenther, Sean",False,10,2.213338056385917
"Sands, Cole","Morton, Charlie",True,1,0.44638428367796684
"Sands, Cole","Nola, Aaron",True,2,0.6711900457515718
"Sands, Cole","Barlow, Scott",True,3,0.6811109465072721
"Sands, Cole","García, Yimi",True,4,0.7130684563817049
"Sands, Cole","Walter, Brandon",False,5,0.7188752576087452
"Sands, Cole","Weissert, Greg",True,6,0.7408802847702527
"Sands, Cole","Holmes, Clay",True,7,0.7441893819934615
"Sands, Cole","Funderburk, Kody",False,8,0.7453320820176741
"Sands, Cole","King, Michael",True,9,0.746298756202976
"Sands, Cole","Wilson, Bryse",True,10,0.7613120207882129
"Weissert, Greg","Walter, Brandon",False,1,0.5477190061171898
"Weissert, Greg","Kelly, Zack",True,2,0.5572908206635099
"Weissert, Greg","King, Michael",True,3,0.6979040289813595
"Weissert, Greg","Sands, Cole",True,4,0.7408802847702527
"Weissert, Greg","García, Yimi",True,5,0.7410618741482684
"Weissert, Greg","Funderburk, Kody",False,6,0.8192172476038682
"Weissert, Greg","Wilson, Bryse",True,7,0.8633028579882264
"Weissert, Greg","Trivino III, Lou",True,8,0.872743681856926
"Weissert, Greg","Roupp, Landen",True,9,0.9085426708883007
"Weissert, Greg","Morton, Charlie",True,10,0.9861881393562171
"Francis, Bowden","Scherzer, Max",True,1,0.6623693936556834
"Francis, Bowden","Richardson, Lyon",True,2,0.7359484820871468
"Francis, Bowden","Boyd, Matthew",False,3,0.7718668505066228
"Francis, Bowden","deGrom, Jacob",True,4,0.7741901597433182
"Francis, Bowden","Crismatt, Nabil",True,5,0.9113748988900128
"Francis, Bowden","Smith-Shawver, AJ",True,6,0.939934504327952
"Francis, Bowden","Snell, Blake",False,7,1.061413221980382
"Francis, Bowden","Suarez, Ranger",False,8,1.0640993569580293
"Francis, Bowden","Cabrera, Génesis",False,9,1.0917302857099018
"Francis, Bowden","Long, Sam",False,10,1.1064399328982655
"Bibee, Tanner","Montero, Keider",True,1,0.6348805077179968
"Bibee, Tanner","Eflin, Zach",True,2,0.6788361147182275
"Bibee, Tanner","Burnes, Corbin",True,3,0.7037919207735164
"Bibee, Tanner","Barlow, Scott",True,4,0.7208184874557861
"Bibee, Tanner","Messick, Parker",False,5,0.7238246515725886
"Bibee, Tanner","Gray, Sonny",True,6,0.7365313177638361
"Bibee, Tanner","Cabrera, Edward",True,7,0.7600393037875872
"Bibee, Tanner","Bowlan, Jonathan",True,8,0.764374693628377
"Bibee, Tanner","Jobe, Jackson",True,9,0.7680991730896921
"Bibee, Tanner","Gordon, Colton",False,10,0.7799884380507272
"Schlittler, Cam","Latz, Jacob",False,1,0.4680712349226039
"Schlittler, Cam","Kremer, Dean",True,2,0.5103022545606047
"Schlittler, Cam","Paddack, Chris",True,3,0.6561281290741243
"Schlittler, Cam","Leiter, Jack",True,4,0.6742669834747036
"Schlittler, Cam","Ashcraft, Braxton",True,5,0.6901332758195441
"Schlittler, Cam","Williams, Gavin",True,6,0.6922002012931215
"Schlittler, Cam","Gore, MacKenzie",False,7,0.6927948158240973
"Schlittler, Cam","Thornton, Trent",True,8,0.6969094981506161
"Schlittler, Cam","Smith, Shane",True,9,0.7102256712440713
"Schlittler, Cam","Ferguson, Caleb",False,10,0.7146587488850873
"Boushley, Caleb","Leiter, Jack",True,1,0.43737300857178285
"Boushley, Caleb","Mikolas, Miles",True,2,0.4770792701034058
"Boushley, Caleb","Wacha, Michael",True,3,0.5195175722399131
"Boushley, Caleb","Olson, Reese",True,4,0.5824728516022276
"Boushley, Caleb","Burnes, Corbin",True,5,0.6270842743161044
"Boushley, Caleb","Kremer, Dean",True,6,0.6500751503259541
"Boushley, Caleb","Walker, Taijuan",True,7,0.6520772616595579
"Boushley, Caleb","Verlander, Justin",True,8,0.6592287214640388
"Boushley, Caleb","Hall, DL",False,9,0.6972863222517525
"Boushley, Caleb","Williams, Gavin",True,10,0.7208413901045494
"Lorenzen, Michael","Pfaadt, Brandon",True,1,0.45868106618640464
"Lorenzen, Michael","McGreevy, Michael",True,2,0.5176171064062182
"Lorenzen, Michael","Gray, Sonny",True,3,0.5387903752500035
"Lorenzen, Michael","López, Pablo",True,4,0.5986249569196309
"Lorenzen, Michael","Mazur, Adam",True,5,0.7038944976008412
"Lorenzen, Michael","Vasil, Mike",True,6,0.7125381612548808
"Lorenzen, Michael","Kelly, Merrill",True,7,0.7410532856083868
"Lorenzen, Michael","Schmidt, Clarke",True,8,0.7877386466269207
"Lorenzen, Michael","Blackburn, Paul",True,9,0.7971334224923043
"Lorenzen, Michael","Rea, Colin",True,10,0.8024672566050747
"Cleavinger, Garrett","Irvin, Jake",False,1,0.524082495901631
"Cleavinger, Garrett","Morales, Luis",False,2,0.5589217054151137
"Cleavinger, Garrett","Trivino III, Lou",False,3,0.76164216025393
"Cleavinger, Garrett","Gordon, Colton",True,4,0.786967960159751
"Cleavinger, Garrett","Alexander, Jason",False,5,0.8215949598401139
"Cleavinger, Garrett","Crochet, Garrett",True,6,0.8680272440945418
"Cleavinger, Garrett","Roupp, Landen",False,7,0.8723842402626782
"Cleavinger, Garrett","Yarbrough, Ryan",True,8,0.8751079326414681
"Cleavinger, Garrett","Koenig, Jared",True,9,0.8860596421782156
"Cleavinger, Garrett","Jacob, Alek",False,10,0.9315486268521618
"Gonsolin, Tony","Gallen, Zac",True,1,0.5547960165090076
"Gonsolin, Tony","Baz, Shane",True,2,0.647979286290393
"Gonsolin, Tony","Misiorowski, Jacob",True,3,0.7940946762842676
"Gonsolin, Tony","Bradish, Kyle",True,4,0.7961370801615647
"Gonsolin, Tony","Ashcraft, Braxton",True,5,0.8237771533365753
"Gonsolin, Tony","Knack, Landon",True,6,0.8568500375449439
"Gonsolin, Tony","Miller, Bryce",True,7,0.8741643648037881
"Gonsolin, Tony","Burke, Sean",True,8,0.9557315115089587
"Gonsolin, Tony","Brzykcy, Zach",True,9,0.9635720687389051
"Gonsolin, Tony","Bieber, Shane",True,10,0.9648647199440564
"Duran, Jhoan","Cabrera, Edward",True,1,0.5106319263035651
"Duran, Jhoan","Canning, Griffin",True,2,0.6145037389271898
"Duran, Jhoan","López, Jorge",True,3,0.6197477293313733
"Duran, Jhoan","Quintana, Jose",False,4,0.6222095515237562
"Duran, Jhoan","Fitts, Richard",True,5,0.6631204859283397
"Duran, Jhoan","Houser, Adrian",True,6,0.6697161902724357
"Duran, Jhoan","Morgan, David",True,7,0.6699700895603486
"Duran, Jhoan","Early, Connelly",False,8,0.7018756980192348
"Duran, Jhoan","Burnes, Corbin",True,9,0.7029065831108317
"Duran, Jhoan","Kirby, George",True,10,0.7105357815713885
"González, Wikelman","Bazardo, Eduard",True,1,0.7286929429182395
"González, Wikelman","Blubaugh, AJ",True,2,0.77400202579114
"González, Wikelman","Devenski, Chris",True,3,0.9135823458743422
"González, Wikelman","Henry, Cole",True,4,0.9293687180444854
"González, Wikelman","Matz, Steven",False,5,0.9426669509357881
"González, Wikelman","Ramírez, Yohan",True,6,1.0382469135953034
"González, Wikelman","Anderson, Grant",True,7,1.065798488183319
"González, Wikelman","Webb, Jacob",True,8,1.118683395039139
"González, Wikelman","Bird, Jake",True,9,1.135300990967807
"González, Wikelman","Sandlin, Nick",True,10,1.158809542399401
"Bradley, Taj","Martinez, Nick",True,1,0.3674049054864998
"Bradley, Taj","Brown, Hunter",True,2,0.5610712573745211
"Bradley, Taj","Paddack, Chris",True,3,0.6073596335502035
"Bradley, Taj","Kremer, Dean",True,4,0.6629109813570843
"Bradley, Taj","Schlittler, Cam",True,5,0.7447948883878859
"Bradley, Taj","Woods Richardson, Simeon",True,6,0.7476754690935837
"Bradley, Taj","Cantillo, Joey",False,7,0.7797576377135166
"Bradley, Taj","Miller, Bryce",True,8,0.8227253821066584
"Bradley, Taj","Birdsong, Hayden",True,9,0.8392958348953364
"Bradley, Taj","Pivetta, Nick",True,10,0.8416849572039012
"Rea, Colin","McGreevy, Michael",True,1,0.5484869911291377
"Rea, Colin","Pfaadt, Brandon",True,2,0.5713078148542671
"Rea, Colin","Vásquez, Randy",True,3,0.6388723993842031
"Rea, Colin","Simpson, Josh",False,4,0.6796471556595676
"Rea, Colin","Eflin, Zach",True,5,0.6867395376292741
"Rea, Colin","Mlodzinski, Carmen",True,6,0.6978560801192503
"Rea, Colin","Gray, Sonny",True,7,0.7038261422969075
"Rea, Colin","Blackburn, Paul",True,8,0.7262731483058227
"Rea, Colin","Quintana, Jose",False,9,0.7405477706531964
"Rea, Colin","Wheeler, Zack",True,10,0.7859420912077939
"Birdsong, Hayden","Woods Richardson, Simeon",True,1,0.38925300756961834
"Birdsong, Hayden","Kershaw, Clayton",False,2,0.6736326527326171
"Birdsong, Hayden","Gallen, Zac",True,3,0.6794655507534708
"Birdsong, Hayden","Schlittler, Cam",True,4,0.7375422115715128
"Birdsong, Hayden","Gore, MacKenzie",False,5,0.766501414858031
"Birdsong, Hayden","Thornton, Trent",True,6,0.7833909370988926
"Birdsong, Hayden","Thielbar, Caleb",False,7,0.7923072566644493
"Birdsong, Hayden","Bradley, Taj",True,8,0.8392958348953364
"Birdsong, Hayden","Pivetta, Nick",True,9,0.8659419282624806
"Birdsong, Hayden","Glasnow, Tyler",True,10,0.8819396726463028
"Dollander, Chase","Suarez, Ranger",False,1,0.7075288265948135
"Dollander, Chase","Boyd, Matthew",False,2,0.7539535648506691
"Dollander, Chase","Gordon, Colton",False,3,0.7568564903293272
"Dollander, Chase","Heaney, Andrew",False,4,0.7607872382034134
"Dollander, Chase","Rocker, Kumar",True,5,0.7652593238595852
"Dollander, Chase","Oviedo, Johan",True,6,0.8945413252133722
"Dollander, Chase","Yarbrough, Ryan",False,7,0.9863912735845943
"Dollander, Chase","Cleavinger, Garrett",False,8,0.9888341728337628
"Dollander, Chase","Scherzer, Max",True,9,1.0387677347888176
"Dollander, Chase","Richardson, Lyon",True,10,1.0460047221113653
"Devenski, Chris","Blubaugh, AJ",True,1,0.5432564184210311
"Devenski, Chris","Sandlin, Nick",True,2,0.725993631619311
"Devenski, Chris","Miller, Shelby",True,3,0.8027361244448896
"Devenski, Chris","Anderson, Grant",True,4,0.8611771260554683
"Devenski, Chris","Bird, Jake",True,5,0.8923119489553327
"Devenski, Chris","González, Wikelman",True,6,0.9135823458743422
"Devenski, Chris","Wilson, Steven",True,7,0.9168548447279725
"Devenski, Chris","Bazardo, Eduard",True,8,1.0914320810889495
"Devenski, Chris","Webb, Jacob",True,9,1.1083938641528461
"Devenski, Chris","Moll, Sam",False,10,1.1137192692931626
"Morales, Luis","Cleavinger, Garrett",False,1,0.5589217054151137
"Morales, Luis","Irvin, Jake",True,2,0.7370782719735659
"Morales, Luis","Crochet, Garrett",False,3,0.9357615691337369
"Morales, Luis","Soroka, Michael",True,4,0.9803407731627527
"Morales, Luis","Hendricks, Kyle",True,5,0.9879417219146043
"Morales, Luis","Alexander, Jason",True,6,0.9950234633749496
"Morales, Luis","Shugart, Chase",True,7,1.0186529696039917
"Morales, Luis","Jacob, Alek",True,8,1.0850293928346715
"Morales, Luis","Henry, Cole",True,9,1.0926219318794828
"Morales, Luis","Gordon, Colton",False,10,1.1251198724372635
"King, Michael","García, Yimi",True,1,0.5098059776046189
"King, Michael","Evans, Logan",True,2,0.5389596950813309
"King, Michael","Teng, Kai-Wei",True,3,0.6452175392298323
"King, Michael","Funderburk, Kody",False,4,0.6844096330731672
"King, Michael","Weissert, Greg",True,5,0.6979040289813595
"King, Michael","Bummer, Aaron",False,6,0.70100491433421
"King, Michael","Sands, Cole",True,7,0.746298756202976
"King, Michael","Walter, Brandon",False,8,0.7506755215902183
"King, Michael","Wilson, Bryse",True,9,0.8044715454752381
"King, Michael","Eflin, Zach",True,10,0.8348146050249726
"Scherzer, Max","deGrom, Jacob",True,1,0.24561649745024647
"Scherzer, Max","Richardson, Lyon",True,2,0.2667922674716045
"Scherzer, Max","Snell, Blake",False,3,0.6129394136437178
"Scherzer, Max","Crismatt, Nabil",True,4,0.6143769581826398
"Scherzer, Max","Francis, Bowden",True,5,0.6623693936556834
"Scherzer, Max","Morgan, David",True,6,0.6894221693588091
"Scherzer, Max","Suarez, Ranger",False,7,0.7348039495120119
"Scherzer, Max","Peralta, Freddy",True,8,0.7721318080593368
"Scherzer, Max","Bowlan, Jonathan",True,9,0.7740437873244871
"Scherzer, Max","Koenig, Jared",False,10,0.7986234249715808
"Gillispie, Connor","Stratton, Chris",True,1,0.6533624436184646
"Gillispie, Connor","Jax, Griffin",True,2,0.6543007068726099
"Gillispie, Connor","Henriquez, Ronny",True,3,0.7712401472973978
"Gillispie, Connor","Canning, Griffin",True,4,0.8036714489673662
"Gillispie, Connor","Pressly, Ryan",True,5,0.8396574236065136
"Gillispie, Connor","Berríos, José",True,6,0.9155269132131588
"Gillispie, Connor","Morton, Charlie",True,7,0.9521044735293177
"Gillispie, Connor","Early, Connelly",False,8,0.9554734839426392
"Gillispie, Connor","Bubic, Kris",False,9,0.9924869589559162
"Gillispie, Connor","Wilson, Steven",True,10,1.0240247121396493
"Burnes, Corbin","Bowlan, Jonathan",True,1,0.42800693293133735
"Burnes, Corbin","Hall, DL",False,2,0.5400033389117225
"Burnes, Corbin","Messick, Parker",False,3,0.5999367618438078
"Burnes, Corbin","Olson, Reese",True,4,0.6115776149804202
"Burnes, Corbin","Leiter, Jack",True,5,0.6128751732790202
"Burnes, Corbin","Boushley, Caleb",True,6,0.6270842743161044
"Burnes, Corbin","Houser, Adrian",True,7,0.6285891200092811
"Burnes, Corbin","Williams, Gavin",True,8,0.6323023936765597
"Burnes, Corbin","Schwellenbach, Spencer",True,9,0.6783964601693099
"Burnes, Corbin","Jobe, Jackson",True,10,0.6949817413587764
"Leiter, Jack","Olson, Reese",True,1,0.41877161712068117
"Leiter, Jack","Boushley, Caleb",True,2,0.43737300857178285
"Leiter, Jack","Kremer, Dean",True,3,0.44039569953386387
"Leiter, Jack","Hall, DL",False,4,0.5708392699260776
"Leiter, Jack","Houser, Adrian",True,5,0.5868631926927903
"Leiter, Jack","Mikolas, Miles",True,6,0.5926737380106079
"Leiter, Jack","Williams, Gavin",True,7,0.592796225415912
"Leiter, Jack","Smith, Shane",True,8,0.6104427464679352
"Leiter, Jack","Burnes, Corbin",True,9,0.6128751732790202
"Leiter, Jack","Paddack, Chris",True,10,0.6638823950178827
"Cabrera, Edward","Duran, Jhoan",True,1,0.5106319263035651
"Cabrera, Edward","Houser, Adrian",True,2,0.5592100934492356
"Cabrera, Edward","Hall, DL",False,3,0.5727693018700785
"Cabrera, Edward","Fitts, Richard",True,4,0.5728000652951541
"Cabrera, Edward","Williams, Gavin",True,5,0.6103066941473214
"Cabrera, Edward","Bowlan, Jonathan",True,6,0.6116469273493024
"Cabrera, Edward","Morgan, David",True,7,0.6147704698354322
"Cabrera, Edward","Nola, Aaron",True,8,0.6358655232006984
"Cabrera, Edward","Gray, Sonny",True,9,0.6771640626638539
"Cabrera, Edward","Soroka, Michael",True,10,0.6889948248750078
"Boyd, Matthew","Dollander, Chase",False,1,0.7539535648506691
"Boyd, Matthew","Francis, Bowden",False,2,0.7718668505066228
"Boyd, Matthew","Oviedo, Johan",False,3,0.8438882567536272
"Boyd, Matthew","Suarez, Ranger",True,4,0.989847205865236
"Boyd, Matthew","Scherzer, Max",False,5,1.0268448269122383
"Boyd, Matthew","Rocker, Kumar",False,6,1.042797434489906
"Boyd, Matthew","Richardson, Lyon",False,7,1.0835597985852086
"Boyd, Matthew","deGrom, Jacob",False,8,1.1105477984761702
"Boyd, Matthew","Heaney, Andrew",True,9,1.3051058435188927
"Boyd, Matthew","Ashby, Aaron",True,10,1.342050660655355
"Kelly, Zack","Trivino III, Lou",True,1,0.39228513810426174
"Kelly, Zack","Walter, Brandon",False,2,0.5124514034446699
"Kelly, Zack","Weissert, Greg",True,3,0.5572908206635099
"Kelly, Zack","Ryan, Joe",True,4,0.6630983586902156
"Kelly, Zack","Roupp, Landen",True,5,0.6958332881155525
"Kelly, Zack","Sands, Cole",True,6,0.7622224794868522
"Kelly, Zack","Wilson, Bryse",True,7,0.7973994357402192
"Kelly, Zack","Alexander, Jason",True,8,0.8013889683136302
"Kelly, Zack","Jacob, Alek",True,9,0.8437190777896794
"Kelly, Zack","Kelly, Kevin",True,10,0.8829277683063231
"Kremer, Dean","Leiter, Jack",True,1,0.44039569953386387
"Kremer, Dean","Long, Sam",False,2,0.48771967955078976
"Kremer, Dean","Schlittler, Cam",True,3,0.5103022545606047
"Kremer, Dean","Hall, DL",False,4,0.5289584347161503
"Kremer, Dean","Williams, Gavin",True,5,0.5567719135771058
"Kremer, Dean","Paddack, Chris",True,6,0.5807391121574395
"Kremer, Dean","Houser, Adrian",True,7,0.5888070042981199
"Kremer, Dean","Mikolas, Miles",True,8,0.5929648330609665
"Kremer, Dean","Smith, Shane",True,9,0.6055716287716547
"Kremer, Dean","Olson, Reese",True,10,0.6352668480099206
"Davis, Noah","Rogers, Taylor",False,1,0.5219484688209723
"Davis, Noah","Bruihl, Justin",False,2,1.1820864391168175
"Davis, Noah","Lawrence, Justin",True,3,1.470847804065874
"Davis, Noah","Guenther, Sean",False,4,1.650439796333222
"Davis, Noah","Garcia, Brandyn",False,5,1.6742949895904684
"Davis, Noah","Zuber, Tyler",True,6,1.9407263208327994
"Davis, Noah","Young, Danny",False,7,2.0963941127351675
"Davis, Noah","Harrison, Kyle",False,8,2.2767929227103916
"Davis, Noah","McGee, Easton",True,9,2.325296404124395
"Davis, Noah","Phillips, Connor",True,10,2.447801681771991
"Canning, Griffin","Koenig, Jared",False,1,0.4704902877730142
"Canning, Griffin","Stratton, Chris",True,2,0.5440252187483114
"Canning, Griffin","Early, Connelly",False,3,0.5475562819829636
"Canning, Griffin","Duran, Jhoan",True,4,0.6145037389271898
"Canning, Griffin","Henriquez, Ronny",True,5,0.6283086363369726
"Canning, Griffin","Ort, Kaleb",True,6,0.6294561051713214
"Canning, Griffin","Littell, Zack",True,7,0.6821409455254229
"Canning, Griffin","Morgan, David",True,8,0.6936412024936969
"Canning, Griffin","Misiorowski, Jacob",True,9,0.7212459379537355
"Canning, Griffin","Cabrera, Edward",True,10,0.7403518929470208
"Teng, Kai-Wei","Evans, Logan",True,1,0.5037598366170744
"Teng, Kai-Wei","King, Michael",True,2,0.6452175392298323
"Teng, Kai-Wei","Bummer, Aaron",False,3,0.6631330203664498
"Teng, Kai-Wei","García, Yimi",True,4,0.8294598455709518
"Teng, Kai-Wei","Blackburn, Paul",True,5,0.876929874938153
"Teng, Kai-Wei","Gray, Sonny",True,6,0.9301379831154749
"Teng, Kai-Wei","Vásquez, Randy",True,7,0.9452076310443759
"Teng, Kai-Wei","Kirby, George",True,8,1.0532272234508497
"Teng, Kai-Wei","Pfaadt, Brandon",True,9,1.0548930784054305
"Teng, Kai-Wei","Bergert, Ryan",True,10,1.0723282415142628
"García, Yimi","Bummer, Aaron",False,1,0.4426185989095999
"García, Yimi","King, Michael",True,2,0.5098059776046189
"García, Yimi","Funderburk, Kody",False,3,0.609682137591612
"García, Yimi","Walter, Brandon",False,4,0.672047232803363
"García, Yimi","Sands, Cole",True,5,0.7130684563817049
"García, Yimi","Wilson, Bryse",True,6,0.7296837026751769
"García, Yimi","Weissert, Greg",True,7,0.7410618741482684
"García, Yimi","Evans, Logan",True,8,0.8080272334056781
"García, Yimi","DeSclafani, Anthony",True,9,0.8265475139149885
"García, Yimi","Teng, Kai-Wei",True,10,0.8294598455709518
"Hendricks, Kyle","Soroka, Michael",True,1,0.28719178504233184
"Hendricks, Kyle","Crismatt, Nabil",True,2,0.5504120693116018
"Hendricks, Kyle","Morgan, David",True,3,0.6108049221587394
"Hendricks, Kyle","Snell, Blake",False,4,0.6118955860189399
"Hendricks, Kyle","Irvin, Jake",True,5,0.6615277896703203
"Hendricks, Kyle","Crochet, Garrett",False,6,0.6755237100041009
"Hendricks, Kyle","Bowlan, Jonathan",True,7,0.6816275192056112
"Hendricks, Kyle","Koenig, Jared",False,8,0.720765867514528
"Hendricks, Kyle","Cabrera, Edward",True,9,0.7271226184742756
"Hendricks, Kyle","Abel, Mick",True,10,0.7492374777707573
"Woods Richardson, Simeon","Birdsong, Hayden",True,1,0.38925300756961834
"Woods Richardson, Simeon","Kershaw, Clayton",False,2,0.40677469069567335
"Woods Richardson, Simeon","Thielbar, Caleb",False,3,0.5238496092604757
"Woods Richardson, Simeon","Glasnow, Tyler",True,4,0.5613863522817345
"Woods Richardson, Simeon","Pivetta, Nick",True,5,0.5945080286660406
"Woods Richardson, Simeon","Gore, MacKenzie",False,6,0.6179429532974197
"Woods Richardson, Simeon","Casparius, Ben",True,7,0.6849725202400225
"Woods Richardson, Simeon","Thornton, Trent",True,8,0.6860616216410972
"Woods Richardson, Simeon","Cantillo, Joey",False,9,0.7185547381043127
"Woods Richardson, Simeon","Pallante, Andre",True,10,0.7276492327154491
"Hall, DL","Houser, Adrian",False,1,0.2071256072941699
"Hall, DL","Williams, Gavin",False,2,0.33535243778037405
"Hall, DL","Fitts, Richard",False,3,0.42535499101391355
"Hall, DL","Bowlan, Jonathan",False,4,0.5023501560554174
"Hall, DL","Smith, Shane",False,5,0.5100424530615817
"Hall, DL","Kremer, Dean",False,6,0.5289584347161503
"Hall, DL","Olson, Reese",False,7,0.53550794072827
"Hall, DL","Burnes, Corbin",False,8,0.5400033389117225
"Hall, DL","Leiter, Jack",False,9,0.5708392699260776
"Hall, DL","Cabrera, Edward",False,10,0.5727693018700785
"Houser, Adrian","Hall, DL",False,1,0.2071256072941699
"Houser, Adrian","Fitts, Richard",True,2,0.25078144536688396
"Houser, Adrian","Williams, Gavin",True,3,0.3977478054474804
"Houser, Adrian","Smith, Shane",True,4,0.45130350841847217
"Houser, Adrian","Olson, Reese",True,5,0.4917405495907714
"Houser, Adrian","Cabrera, Edward",True,6,0.5592100934492356
"Houser, Adrian","Leiter, Jack",True,7,0.5868631926927903
"Houser, Adrian","Kremer, Dean",True,8,0.5888070042981199
"Houser, Adrian","Cavalli, Cade",True,9,0.6170917695748126
"Houser, Adrian","Burnes, Corbin",True,10,0.6285891200092811
"Bowlan, Jonathan","Burnes, Corbin",True,1,0.42800693293133735
"Bowlan, Jonathan","Hall, DL",False,2,0.5023501560554174
"Bowlan, Jonathan","Williams, Gavin",True,3,0.5487454205955321
"Bowlan, Jonathan","Morgan, David",True,4,0.6016335238078527
"Bowlan, Jonathan","Cabrera, Edward",True,5,0.6116469273493024
"Bowlan, Jonathan","Crismatt, Nabil",True,6,0.6274586893829767
"Bowlan, Jonathan","Abel, Mick",True,7,0.6385424921908519
"Bowlan, Jonathan","Richardson, Lyon",True,8,0.6445749200665513
"Bowlan, Jonathan","Houser, Adrian",True,9,0.6516770230312489
"Bowlan, Jonathan","Hendricks, Kyle",True,10,0.6816275192056112
"Martinez, Nick","Bradley, Taj",True,1,0.3674049054864998
"Martinez, Nick","Brown, Hunter",True,2,0.6937406127256401
"Martinez, Nick","Paddack, Chris",True,3,0.7957022177216871
"Martinez, Nick","Miller, Bryce",True,4,0.9065131296166454
"Martinez, Nick","Woods Richardson, Simeon",True,5,0.9165239853733492
"Martinez, Nick","Kremer, Dean",True,6,0.9204310218912998
"Martinez, Nick","Birdsong, Hayden",True,7,0.9684995093324769
"Martinez, Nick","Slaten, Justin",True,8,1.0196656171235787
"Martinez, Nick","Pivetta, Nick",True,9,1.0212477792236763
"Martinez, Nick","Schlittler, Cam",True,10,1.0590085136284377
"Detmers, Reid","Leiter Jr., Mark",False,1,0.8658823003266374
"Detmers, Reid","Murphy, Chris",True,2,1.2525025746091465
"Detmers, Reid","Smith-Shawver, AJ",False,3,1.5382218852539389
"Detmers, Reid","Rodríguez, Elvin",False,4,1.596277320270592
"Detmers, Reid","Bednar, David",False,5,1.601116495391752
"Detmers, Reid","Helsley, Ryan",False,6,1.8352068719544612
"Detmers, Reid","Kranick, Max",False,7,1.9217450861164145
"Detmers, Reid","Harris, Hogan",True,8,1.9685872654681096
"Detmers, Reid","Strider, Spencer",False,9,1.987578622306652
"Detmers, Reid","Sabrowski, Erik",True,10,2.0273292283626727
"Ashcraft, Braxton","Ferguson, Caleb",False,1,0.33819557329899885
"Ashcraft, Braxton","Misiorowski, Jacob",True,2,0.45272618085736316
"Ashcraft, Braxton","Baz, Shane",True,3,0.5249897539442192
"Ashcraft, Braxton","Thornton, Trent",True,4,0.6645920019129938
"Ashcraft, Braxton","Gore, MacKenzie",False,5,0.6856282867152187
"Ashcraft, Braxton","Schlittler, Cam",True,6,0.6901332758195441
"Ashcraft, Braxton","Morgan, David",True,7,0.6911465188672148
"Ashcraft, Braxton","Hall, DL",False,8,0.6950795440873648
"Ashcraft, Braxton","Houser, Adrian",True,9,0.6983470012167774
"Ashcraft, Braxton","Pressly, Ryan",True,10,0.735107562390947
"Kershaw, Clayton","Woods Richardson, Simeon",False,1,0.40677469069567335
"Kershaw, Clayton","Pallante, Andre",False,2,0.501639514272969
"Kershaw, Clayton","Thielbar, Caleb",True,3,0.5062129165033745
"Kershaw, Clayton","Birdsong, Hayden",False,4,0.6736326527326171
"Kershaw, Clayton","Casparius, Ben",False,5,0.6974347284208263
"Kershaw, Clayton","Glasnow, Tyler",False,6,0.7395008435900247
"Kershaw, Clayton","Pivetta, Nick",False,7,0.7843939016002712
"Kershaw, Clayton","Long, Sam",True,8,0.8820524654450596
"Kershaw, Clayton","Flexen, Chris",False,9,0.8867668187584018
"Kershaw, Clayton","Gore, MacKenzie",True,10,0.9050490642960095
"Eflin, Zach","Bivens, Spencer",True,1,0.6527983376631766
"Eflin, Zach","Bibee, Tanner",True,2,0.6788361147182275
"Eflin, Zach","Rea, Colin",True,3,0.6867395376292741
"Eflin, Zach","Horton, Cade",True,4,0.7071745348186675
"Eflin, Zach","Barlow, Scott",True,5,0.7072592251144073
"Eflin, Zach","Quintana, Jose",False,6,0.7633163960312646
"Eflin, Zach","Sands, Cole",True,7,0.772299272052347
"Eflin, Zach","Gray, Sonny",True,8,0.7909600911158046
"Eflin, Zach","Messick, Parker",False,9,0.8063312174166002
"Eflin, Zach","Gordon, Colton",False,10,0.83186190179597
"deGrom, Jacob","Richardson, Lyon",True,1,0.19501207780467356
"deGrom, Jacob","Scherzer, Max",True,2,0.24561649745024647
"deGrom, Jacob","Peralta, Freddy",True,3,0.6038016087793374
"deGrom, Jacob","Snell, Blake",False,4,0.6610340755417912
"deGrom, Jacob","Suarez, Ranger",False,5,0.6992089385927432
"deGrom, Jacob","Morgan, David",True,6,0.72679125928242
"deGrom, Jacob","Crismatt, Nabil",True,7,0.7276445629054789
"deGrom, Jacob","Bowlan, Jonathan",True,8,0.7482487818997159
"deGrom, Jacob","Koenig, Jared",False,9,0.7687113617788279
"deGrom, Jacob","Francis, Bowden",True,10,0.7741901597433182
"Fitts, Richard","Houser, Adrian",True,1,0.25078144536688396
"Fitts, Richard","Hall, DL",False,2,0.42535499101391355
"Fitts, Richard","Cavalli, Cade",True,3,0.4969655571201225
"Fitts, Richard","Smith, Shane",True,4,0.5199683058054021
"Fitts, Richard","Quintana, Jose",False,5,0.5506925725001668
"Fitts, Richard","Cabrera, Edward",True,6,0.5728000652951541
"Fitts, Richard","McGreevy, Michael",True,7,0.5827044403650056
"Fitts, Richard","Gray, Sonny",True,8,0.5850041416445085
"Fitts, Richard","Mlodzinski, Carmen",True,9,0.5895166830592107
"Fitts, Richard","Williams, Gavin",True,10,0.6083996427574537
"Koenig, Jared","Canning, Griffin",False,1,0.4704902877730142
"Koenig, Jared","Irvin, Jake",False,2,0.48624608566380356
"Koenig, Jared","Barlow, Scott",False,3,0.5472152646529541
"Koenig, Jared","Crochet, Garrett",True,4,0.5863268122895947
"Koenig, Jared","Ort, Kaleb",False,5,0.6242475228280644
"Koenig, Jared","Morgan, David",False,6,0.6742138391595651
"Koenig, Jared","Littell, Zack",False,7,0.7100185979866578
"Koenig, Jared","Hendricks, Kyle",False,8,0.720765867514528
"Koenig, Jared","Duran, Jhoan",False,9,0.7403671180261631
"Koenig, Jared","Soroka, Michael",False,10,0.7603927821321254
"Gray, Sonny","Pfaadt, Brandon",True,1,0.46767639831458707
"Gray, Sonny","Quintana, Jose",False,2,0.4757565031320823
"Gray, Sonny","McGreevy, Michael",True,3,0.48213437243113805
"Gray, Sonny","Horton, Cade",True,4,0.5309266951808582
"Gray, Sonny","Lorenzen, Michael",True,5,0.5387903752500035
"Gray, Sonny","Fitts, Richard",True,6,0.5850041416445085
"Gray, Sonny","Kelly, Merrill",True,7,0.6045775703890811
"Gray, Sonny","Mlodzinski, Carmen",True,8,0.6051548140216021
"Gray, Sonny","Blackburn, Paul",True,9,0.6626967560863977
"Gray, Sonny","Cabrera, Edward",True,10,0.6771640626638539
"Pfaadt, Brandon","Lorenzen, Michael",True,1,0.45868106618640464
"Pfaadt, Brandon","Gray, Sonny",True,2,0.46767639831458707
"Pfaadt, Brandon","McGreevy, Michael",True,3,0.490784366327786
"Pfaadt, Brandon","Quintana, Jose",False,4,0.5373279221445538
"Pfaadt, Brandon","Kelly, Merrill",True,5,0.5420357446267483
"Pfaadt, Brandon","López, Pablo",True,6,0.566614778721344
"Pfaadt, Brandon","Rea, Colin",True,7,0.5713078148542671
"Pfaadt, Brandon","Mlodzinski, Carmen",True,8,0.5760215066953268
"Pfaadt, Brandon","Blackburn, Paul",True,9,0.6677552747248771
"Pfaadt, Brandon","Vásquez, Randy",True,10,0.6961883672232061
"Long, Sam","Kremer, Dean",False,1,0.48771967955078976
"Long, Sam","Young, Brandon",False,2,0.5540576228803695
"Long, Sam","Thornton, Trent",False,3,0.7582686269766737
"Long, Sam","Mikolas, Miles",False,4,0.7616616211151699
"Long, Sam","Leiter, Jack",False,5,0.7670599772053294
"Long, Sam","Wacha, Michael",False,6,0.8055394106017537
"Long, Sam","Thielbar, Caleb",True,7,0.8196264728222065
"Long, Sam","Schlittler, Cam",False,8,0.8219745449292971
"Long, Sam","Wrobleski, Justin",True,9,0.8266315174650352
"Long, Sam","Boushley, Caleb",False,10,0.8322021381604223
"Stratton, Chris","Canning, Griffin",True,1,0.5440252187483114
"Stratton, Chris","Gillispie, Connor",True,2,0.6533624436184646
"Stratton, Chris","Pressly, Ryan",True,3,0.6609339433000481
"Stratton, Chris","Jax, Griffin",True,4,0.673357942793137
"Stratton, Chris","Cabrera, Edward",True,5,0.69494457830218
"Stratton, Chris","Misiorowski, Jacob",True,6,0.7391911916369913
"Stratton, Chris","Early, Connelly",False,7,0.7436983041777613
"Stratton, Chris","Berríos, José",True,8,0.7451582720818377
"Stratton, Chris","Ort, Kaleb",True,9,0.7869970534244565
"Stratton, Chris","Duran, Jhoan",True,10,0.7898119756729824
"Irvin, Jake","Crochet, Garrett",False,1,0.4061817464716756
"Irvin, Jake","Koenig, Jared",False,2,0.48624608566380356
"Irvin, Jake","Cleavinger, Garrett",False,3,0.524082495901631
"Irvin, Jake","Hendricks, Kyle",True,4,0.6615277896703203
"Irvin, Jake","Barlow, Scott",True,5,0.662678347948023
"Irvin, Jake","Soroka, Michael",True,6,0.6848018675456999
"Irvin, Jake","Tidwell, Blade",True,7,0.707714709383775
"Irvin, Jake","Trivino III, Lou",True,8,0.7133590303794108
"Irvin, Jake","Morales, Luis",True,9,0.7370782719735659
"Irvin, Jake","Ober, Bailey",True,10,0.7727374178824105
"Ferguson, Caleb","Ashcraft, Braxton",False,1,0.33819557329899885
"Ferguson, Caleb","Thornton, Trent",False,2,0.5169442650608943
"Ferguson, Caleb","Snell, Blake",True,3,0.5428760498326504
"Ferguson, Caleb","Crismatt, Nabil",False,4,0.5798955619153587
"Ferguson, Caleb","Gore, MacKenzie",True,5,0.5923304619367552
"Ferguson, Caleb","Morgan, David",False,6,0.6054587561167772
"Ferguson, Caleb","Abel, Mick",False,7,0.6295590073127034
"Ferguson, Caleb","Misiorowski, Jacob",False,8,0.660866042048503
"Ferguson, Caleb","Hall, DL",True,9,0.6742515107820024
"Ferguson, Caleb","Schlittler, Cam",False,10,0.7146587488850873
"Gordon, Colton","Heaney, Andrew",True,1,0.5696118190835725
"Gordon, Colton","Hicks, Jordan",False,2,0.687965595711847
"Gordon, Colton","Barlow, Scott",False,3,0.7176971104148624
"Gordon, Colton","Dollander, Chase",False,4,0.7568564903293272
"Gordon, Colton","Bibee, Tanner",False,5,0.7799884380507272
"Gordon, Colton","Cleavinger, Garrett",True,6,0.786967960159751
"Gordon, Colton","Bivens, Spencer",False,7,0.7966517292477902
"Gordon, Colton","Irvin, Jake",False,8,0.800327493528693
"Gordon, Colton","Yarbrough, Ryan",True,9,0.8141000783994615
"Gordon, Colton","Eflin, Zach",False,10,0.83186190179597
"Richardson, Lyon","deGrom, Jacob",True,1,0.19501207780467356
"Richardson, Lyon","Scherzer, Max",True,2,0.2667922674716045
"Richardson, Lyon","Snell, Blake",False,3,0.5827760103904822
"Richardson, Lyon","Suarez, Ranger",False,4,0.6302688965906975
"Richardson, Lyon","Bowlan, Jonathan",True,5,0.6445749200665513
"Richardson, Lyon","Crismatt, Nabil",True,6,0.664531447394917
"Richardson, Lyon","Peralta, Freddy",True,7,0.6706551394912598
"Richardson, Lyon","Morgan, David",True,8,0.7126225766300447
"Richardson, Lyon","Wrobleski, Justin",False,9,0.7199666913224023
"Richardson, Lyon","Francis, Bowden",True,10,0.7359484820871468
"Heaney, Andrew","Gordon, Colton",True,1,0.5696118190835725
"Heaney, Andrew","Dollander, Chase",False,2,0.7607872382034134
"Heaney, Andrew","Rocker, Kumar",False,3,0.9331948930275934
"Heaney, Andrew","Bibee, Tanner",False,4,0.9388007868125983
"Heaney, Andrew","Ashby, Aaron",True,5,0.9691628172853259
"Heaney, Andrew","Bowlan, Jonathan",False,6,1.052530408638863
"Heaney, Andrew","Hicks, Jordan",False,7,1.0699660039256313
"Heaney, Andrew","Burnes, Corbin",False,8,1.1073576699829952
"Heaney, Andrew","Suarez, Ranger",True,9,1.1147993557070812
"Heaney, Andrew","Cleavinger, Garrett",True,10,1.1150278892616134
"Ashby, Aaron","Bowlan, Jonathan",False,1,0.811025674873355
"Ashby, Aaron","Heaney, Andrew",True,2,0.9691628172853259
"Ashby, Aaron","Soroka, Michael",False,3,0.9921835774976501
"Ashby, Aaron","Ragans, Cole",True,4,1.010220849199109
"Ashby, Aaron","Abbott, Andrew",True,5,1.0236514571447621
"Ashby, Aaron","Hendricks, Kyle",False,6,1.028863522027822
"Ashby, Aaron","Burnes, Corbin",False,7,1.0695022923588648
"Ashby, Aaron","Williams, Gavin",False,8,1.076410660230784
"Ashby, Aaron","Abel, Mick",False,9,1.101421709643754
"Ashby, Aaron","Wrobleski, Justin",True,10,1.1024537085554162
"Trivino III, Lou","Kelly, Zack",True,1,0.39228513810426174
"Trivino III, Lou","Ryan, Joe",True,2,0.49091312729738196
"Trivino III, Lou","Walter, Brandon",False,3,0.6059224927184939
"Trivino III, Lou","Wilson, Bryse",True,4,0.7084317067659569
"Trivino III, Lou","Irvin, Jake",True,5,0.7133590303794108
"Trivino III, Lou","Cannon, Jonathan",True,6,0.7313520996157007
"Trivino III, Lou","Alexander, Jason",True,7,0.7395179517244203
"Trivino III, Lou","Barlow, Scott",True,8,0.7609650626402884
"Trivino III, Lou","Cleavinger, Garrett",False,9,0.76164216025393
"Trivino III, Lou","Sands, Cole",True,10,0.7621234267978051
"Barlow, Scott","Koenig, Jared",False,1,0.5472152646529541
"Barlow, Scott","Bivens, Spencer",True,2,0.5490314889662585
"Barlow, Scott","Littell, Zack",True,3,0.624190347348571
"Barlow, Scott","Holmes, Clay",True,4,0.6349419341739839
"Barlow, Scott","Horton, Cade",True,5,0.6508088110791382
"Barlow, Scott","Irvin, Jake",True,6,0.662678347948023
"Barlow, Scott","Messick, Parker",False,7,0.66925990225276
"Barlow, Scott","Sands, Cole",True,8,0.6811109465072721
"Barlow, Scott","Phillips, Tyler",True,9,0.6814783487244767
"Barlow, Scott","Hicks, Jordan",True,10,0.6824174269390609
"Peralta, Freddy","deGrom, Jacob",True,1,0.6038016087793374
"Peralta, Freddy","Richardson, Lyon",True,2,0.6706551394912598
"Peralta, Freddy","Smith, Shane",True,3,0.7039778271736379
"Peralta, Freddy","Scherzer, Max",True,4,0.7721318080593368
"Peralta, Freddy","Snell, Blake",False,5,0.792036325054289
"Peralta, Freddy","Morgan, David",True,6,0.8003857218686455
"Peralta, Freddy","Misiorowski, Jacob",True,7,0.8068857315085467
"Peralta, Freddy","Hall, DL",False,8,0.8356566590196015
"Peralta, Freddy","Burnes, Corbin",True,9,0.8516013436024769
"Peralta, Freddy","Littell, Zack",True,10,0.859230900127907
"Bummer, Aaron","García, Yimi",False,1,0.4426185989095999
"Bummer, Aaron","Bergert, Ryan",False,2,0.659563497135396
"Bummer, Aaron","Teng, Kai-Wei",False,3,0.6631330203664498
"Bummer, Aaron","King, Michael",False,4,0.70100491433421
"Bummer, Aaron","Funderburk, Kody",True,5,0.7393819681442367
"Bummer, Aaron","Evans, Logan",False,6,0.7511195914932427
"Bummer, Aaron","Berríos, José",False,7,0.7630857851975033
"Bummer, Aaron","Keller, Brad",False,8,0.7652145908268034
"Bummer, Aaron","Blackburn, Paul",False,9,0.7901458826766954
"Bummer, Aaron","Jax, Griffin",False,10,0.7988460601302075
"Bivens, Spencer","Barlow, Scott",True,1,0.5490314889662585
"Bivens, Spencer","Eflin, Zach",True,2,0.6527983376631766
"Bivens, Spencer","Messick, Parker",False,3,0.6874820041226666
"Bivens, Spencer","Hicks, Jordan",True,4,0.7025168982191143
"Bivens, Spencer","Gordon, Colton",False,5,0.7966517292477902
"Bivens, Spencer","Littell, Zack",True,6,0.7986232080237435
"Bivens, Spencer","Schwellenbach, Spencer",True,7,0.8060835380600753
"Bivens, Spencer","Burnes, Corbin",True,8,0.8108844137356315
"Bivens, Spencer","Rea, Colin",True,9,0.8135858498586993
"Bivens, Spencer","Trivino III, Lou",True,10,0.8208399766956969
"Webb, Jacob","Bazardo, Eduard",True,1,0.5732930835957605
"Webb, Jacob","Wilson, Steven",True,2,0.7371487985115434
"Webb, Jacob","Ramírez, Yohan",True,3,0.7793126093059198
"Webb, Jacob","Blubaugh, AJ",True,4,0.7905199924342923
"Webb, Jacob","Payamps, Joel",True,5,0.9263247074116984
"Webb, Jacob","Miller, Shelby",True,6,0.9482863591506082
"Webb, Jacob","Matz, Steven",False,7,1.0595476709462768
"Webb, Jacob","Devenski, Chris",True,8,1.1083938641528461
"Webb, Jacob","González, Wikelman",True,9,1.118683395039139
"Webb, Jacob","Gillispie, Connor",True,10,1.1215639661684598
"Glasnow, Tyler","Casparius, Ben",True,1,0.4890202749841982
"Glasnow, Tyler","Gore, MacKenzie",False,2,0.5217732413621876
"Glasnow, Tyler","Cantillo, Joey",False,3,0.5602517608306469
"Glasnow, Tyler","Woods Richardson, Simeon",True,4,0.5613863522817345
"Glasnow, Tyler","Pivetta, Nick",True,5,0.5912997999050545
"Glasnow, Tyler","Thornton, Trent",True,6,0.6961447352708952
"Glasnow, Tyler","Thielbar, Caleb",False,7,0.729252411290517
"Glasnow, Tyler","Slaten, Justin",True,8,0.7307114782747814
"Glasnow, Tyler","Pallante, Andre",True,9,0.7377092089318349
"Glasnow, Tyler","Kershaw, Clayton",False,10,0.7395008435900247
"Slaten, Justin","Gore, MacKenzie",False,1,0.7263548996921005
"Slaten, Justin","Glasnow, Tyler",True,2,0.7307114782747814
"Slaten, Justin","Knack, Landon",True,3,0.7379639576292424
"Slaten, Justin","Cantillo, Joey",False,4,0.7672455380367958
"Slaten, Justin","Pivetta, Nick",True,5,0.7684399160927675
"Slaten, Justin","Gallen, Zac",True,6,0.7761775091404787
"Slaten, Justin","Woods Richardson, Simeon",True,7,0.8462017509822938
"Slaten, Justin","Miller, Bryce",True,8,0.8836426539349554
"Slaten, Justin","Bradley, Taj",True,9,0.9124937163239539
"Slaten, Justin","Thornton, Trent",True,10,0.9185505737038191
"Rogers, Taylor","Davis, Noah",False,1,0.5219484688209723
"Rogers, Taylor","Lawrence, Justin",False,2,1.1694041365056
"Rogers, Taylor","Bruihl, Justin",True,3,1.2546561706135664
"Rogers, Taylor","Guenther, Sean",True,4,1.262032334366378
"Rogers, Taylor","Garcia, Brandyn",True,5,1.345461086657983
"Rogers, Taylor","Zuber, Tyler",False,6,1.5853212216924728
"Rogers, Taylor","Gibson, Kyle",False,7,2.030445486682538
"Rogers, Taylor","Harrison, Kyle",True,8,2.037891263872861
"Rogers, Taylor","Young, Danny",True,9,2.0715219330697936
"Rogers, Taylor","Sproat, Brandon",False,10,2.1016920668612245
"Blubaugh, AJ","Devenski, Chris",True,1,0.5432564184210311
"Blubaugh, AJ","Miller, Shelby",True,2,0.5470071571604517
"Blubaugh, AJ","Anderson, Grant",True,3,0.6070523831598276
"Blubaugh, AJ","Sandlin, Nick",True,4,0.6353731907201402
"Blubaugh, AJ","Bazardo, Eduard",True,5,0.6472511878195603
"Blubaugh, AJ","Wilson, Steven",True,6,0.7081492514815361
"Blubaugh, AJ","González, Wikelman",True,7,0.77400202579114
"Blubaugh, AJ","Bird, Jake",True,8,0.7786934216810503
"Blubaugh, AJ","Moll, Sam",False,9,0.7788057412145205
"Blubaugh, AJ","Webb, Jacob",True,10,0.7905199924342923
"Soroka, Michael","Hendricks, Kyle",True,1,0.28719178504233184
"Soroka, Michael","Crochet, Garrett",False,2,0.6438358004207636
"Soroka, Michael","Irvin, Jake",True,3,0.6848018675456999
"Soroka, Michael","Cabrera, Edward",True,4,0.6889948248750078
"Soroka, Michael","Soriano, José",True,5,0.742429847738154
"Soroka, Michael","Abel, Mick",True,6,0.742598745526445
"Soroka, Michael","Snell, Blake",False,7,0.7428459129697864
"Soroka, Michael","Bowlan, Jonathan",True,8,0.744937570865979
"Soroka, Michael","Koenig, Jared",False,9,0.7603927821321254
"Soroka, Michael","Abbott, Andrew",False,10,0.7662735612148043
"Snell, Blake","Crismatt, Nabil",False,1,0.5278696278519975
"Snell, Blake","Ferguson, Caleb",True,2,0.5428760498326504
"Snell, Blake","Abel, Mick",False,3,0.5463779210931491
"Snell, Blake","Morgan, David",False,4,0.575580243819235
"Snell, Blake","Richardson, Lyon",False,5,0.5827760103904822
"Snell, Blake","Hendricks, Kyle",False,6,0.6118955860189399
"Snell, Blake","Scherzer, Max",False,7,0.6129394136437178
"Snell, Blake","Blanco, Ronel",False,8,0.6479588483463748
"Snell, Blake","Ort, Kaleb",False,9,0.6499138274343281
"Snell, Blake","deGrom, Jacob",False,10,0.6610340755417912
"Rocker, Kumar","Suarez, Ranger",False,1,0.7114029061008614
"Rocker, Kumar","Dollander, Chase",True,2,0.7652593238595852
"Rocker, Kumar","Schwellenbach, Spencer",True,3,0.7728583355680688
"Rocker, Kumar","Oviedo, Johan",True,4,0.9052573795944898
"Rocker, Kumar","Heaney, Andrew",False,5,0.9331948930275934
"Rocker, Kumar","Bowlan, Jonathan",True,6,0.9785889913292007
"Rocker, Kumar","Richardson, Lyon",True,7,0.9825457080086719
"Rocker, Kumar","Burnes, Corbin",True,8,0.9875705227623643
"Rocker, Kumar","Wacha, Michael",True,9,1.0190233012232708
"Rocker, Kumar","Gordon, Colton",False,10,1.0378656436428408
"Misiorowski, Jacob","Ashcraft, Braxton",True,1,0.45272618085736316
"Misiorowski, Jacob","Baz, Shane",True,2,0.6403896356420966
"Misiorowski, Jacob","Smith, Shane",True,3,0.6556620585886063
"Misiorowski, Jacob","Ferguson, Caleb",False,4,0.660866042048503
"Misiorowski, Jacob","Early, Connelly",False,5,0.7031171340070571
"Misiorowski, Jacob","Ort, Kaleb",True,6,0.7201979421908405
"Misiorowski, Jacob","Canning, Griffin",True,7,0.7212459379537355
"Misiorowski, Jacob","Stratton, Chris",True,8,0.7391911916369913
"Misiorowski, Jacob","Houser, Adrian",True,9,0.7650787272420209
"Misiorowski, Jacob","Morgan, David",True,10,0.7820875890560962
"Brzykcy, Zach","Gonsolin, Tony",True,1,0.9635720687389051
"Brzykcy, Zach","Knack, Landon",True,2,0.9948282552155421
"Brzykcy, Zach","Baz, Shane",True,3,1.0535701610748176
"Brzykcy, Zach","Ashcraft, Braxton",True,4,1.0596842736732937
"Brzykcy, Zach","Pressly, Ryan",True,5,1.1623038710867666
"Brzykcy, Zach","Gallen, Zac",True,6,1.167701336654126
"Brzykcy, Zach","Ferguson, Caleb",False,7,1.176653502541403
"Brzykcy, Zach","Slaten, Justin",True,8,1.1784874878450744
"Brzykcy, Zach","Beck, Tristan",True,9,1.1954944938074397
"Brzykcy, Zach","Gore, MacKenzie",False,10,1.2144215977801864
"Smith, Shane","Houser, Adrian",True,1,0.45130350841847217
"Smith, Shane","Hall, DL",False,2,0.5100424530615817
"Smith, Shane","Fitts, Richard",True,3,0.5199683058054021
"Smith, Shane","Kremer, Dean",True,4,0.6055716287716547
"Smith, Shane","Leiter, Jack",True,5,0.6104427464679352
"Smith, Shane","Misiorowski, Jacob",True,6,0.6556620585886063
"Smith, Shane","Peralta, Freddy",True,7,0.7039778271736379
"Smith, Shane","Miller, Bryce",True,8,0.7065614438077807
"Smith, Shane","Schlittler, Cam",True,9,0.7102256712440713
"Smith, Shane","Cavalli, Cade",True,10,0.7395167579456848
"Leiter Jr., Mark","Murphy, Chris",False,1,0.759196642659916
"Leiter Jr., Mark","Detmers, Reid",False,2,0.8658823003266374
"Leiter Jr., Mark","Smith-Shawver, AJ",True,3,1.099242259397266
"Leiter Jr., Mark","Rodríguez, Elvin",True,4,1.3757914613031765
"Leiter Jr., Mark","Bednar, David",True,5,1.4059932663154964
"Leiter Jr., Mark","Brown, McCade",True,6,1.4226454769188308
"Leiter Jr., Mark","Strider, Spencer",True,7,1.4868741769382672
"Leiter Jr., Mark","Kranick, Max",True,8,1.5175237451997097
"Leiter Jr., Mark","Sabrowski, Erik",False,9,1.659671831518251
"Leiter Jr., Mark","Flaherty, Jack",True,10,1.6659312055336855
"Thornton, Trent","Gore, MacKenzie",False,1,0.23247772299753508
"Thornton, Trent","Ferguson, Caleb",False,2,0.5169442650608943
"Thornton, Trent","Ashcraft, Braxton",True,3,0.6645920019129938
"Thornton, Trent","Casparius, Ben",True,4,0.6859666079342163
"Thornton, Trent","Woods Richardson, Simeon",True,5,0.6860616216410972
"Thornton, Trent","Glasnow, Tyler",True,6,0.6961447352708952
"Thornton, Trent","Schlittler, Cam",True,7,0.6969094981506161
"Thornton, Trent","Kremer, Dean",True,8,0.7514095150737197
"Thornton, Trent","Long, Sam",False,9,0.7582686269766737
"Thornton, Trent","Birdsong, Hayden",True,10,0.7833909370988926
"Gallen, Zac","Gonsolin, Tony",True,1,0.5547960165090076
"Gallen, Zac","Birdsong, Hayden",True,2,0.6794655507534708
"Gallen, Zac","Miller, Bryce",True,3,0.7093208880738808
"Gallen, Zac","Gore, MacKenzie",False,4,0.732281819795057
"Gallen, Zac","Slaten, Justin",True,5,0.7761775091404787
"Gallen, Zac","Ashcraft, Braxton",True,6,0.7875280456877793
"Gallen, Zac","Misiorowski, Jacob",True,7,0.8006877590508882
"Gallen, Zac","Thornton, Trent",True,8,0.801373293376154
"Gallen, Zac","Schlittler, Cam",True,9,0.8063716362849719
"Gallen, Zac","Woods Richardson, Simeon",True,10,0.8600191909420997
"Miller, Bryce","Bieber, Shane",True,1,0.4708279141727991
"Miller, Bryce","Brown, Hunter",True,2,0.6354401833743714
"Miller, Bryce","Cavalli, Cade",True,3,0.6722153069101082
"Miller, Bryce","Smith, Shane",True,4,0.7065614438077807
"Miller, Bryce","Gallen, Zac",True,5,0.7093208880738808
"Miller, Bryce","Baz, Shane",True,6,0.7907981836832034
"Miller, Bryce","Bradley, Taj",True,7,0.8227253821066584
"Miller, Bryce","Ashcraft, Braxton",True,8,0.8383787188106097
"Miller, Bryce","Bradish, Kyle",True,9,0.8458261281826928
"Miller, Bryce","Houser, Adrian",True,10,0.8496231729764174
"Walter, Brandon","Wilson, Bryse",False,1,0.3710119775481107
"Walter, Brandon","Kelly, Zack",False,2,0.5124514034446699
"Walter, Brandon","Ryan, Joe",False,3,0.5125652760306113
"Walter, Brandon","Funderburk, Kody",True,4,0.5175746892275198
"Walter, Brandon","Weissert, Greg",False,5,0.5477190061171898
"Walter, Brandon","DeSclafani, Anthony",False,6,0.5627241015140209
"Walter, Brandon","Trivino III, Lou",False,7,0.6059224927184939
"Walter, Brandon","Cannon, Jonathan",False,8,0.6453781839214051
"Walter, Brandon","García, Yimi",False,9,0.672047232803363
"Walter, Brandon","Sands, Cole",False,10,0.7188752576087452
"Bazardo, Eduard","Ramírez, Yohan",True,1,0.5573008049129986
"Bazardo, Eduard","Webb, Jacob",True,2,0.5732930835957605
"Bazardo, Eduard","Blubaugh, AJ",True,3,0.6472511878195603
"Bazardo, Eduard","González, Wikelman",True,4,0.7286929429182395
"Bazardo, Eduard","Payamps, Joel",True,5,0.7474655366735533
"Bazardo, Eduard","Henry, Cole",True,6,0.8055815557376895
"Bazardo, Eduard","Matz, Steven",False,7,0.8156957914978762
"Bazardo, Eduard","Wilson, Steven",True,8,0.8742729121133567
"Bazardo, Eduard","Miller, Shelby",True,9,0.9403656822771473
"Bazardo, Eduard","Thompson, Ryan",True,10,0.9472818293889216
"Quintana, Jose","Horton, Cade",False,1,0.32738568014751884
"Quintana, Jose","Mlodzinski, Carmen",False,2,0.44833721995209347
"Quintana, Jose","Gray, Sonny",False,3,0.4757565031320823
"Quintana, Jose","Pfaadt, Brandon",False,4,0.5373279221445538
"Quintana, Jose","Fitts, Richard",False,5,0.5506925725001668
"Quintana, Jose","Kelly, Merrill",False,6,0.6075713904256835
"Quintana, Jose","McGreevy, Michael",False,7,0.6082907405792355
"Quintana, Jose","Duran, Jhoan",False,8,0.6222095515237562
"Quintana, Jose","Phillips, Tyler",False,9,0.6784071197615632
"Quintana, Jose","Keller, Brad",False,10,0.7152845418278126
"Bruihl, Justin","Lawrence, Justin",False,1,0.9406088309418102
"Bruihl, Justin","Young, Danny",True,2,0.9420802654645466
"Bruihl, Justin","Garcia, Brandyn",True,3,1.1238956318025972
"Bruihl, Justin","Davis, Noah",False,4,1.1820864391168175
"Bruihl, Justin","Rogers, Taylor",True,5,1.2546561706135664
"Bruihl, Justin","Walker, Ryan",False,6,1.8842666000020103
"Bruihl, Justin","Sproat, Brandon",False,7,1.900140206817894
"Bruihl, Justin","McFarland, T.J.",True,8,1.9130877771739272
"Bruihl, Justin","Guenther, Sean",True,9,2.0457098297461744
"Bruihl, Justin","Backhus, Kyle",True,10,2.217207995679904
"Phillips, Connor","Harrison, Kyle",False,1,0.34071661398406566
"Phillips, Connor","Hudson, Bryan",False,2,0.5820762278818826
"Phillips, Connor","Peralta, Luis",False,3,0.7443230988644763
"Phillips, Connor","Zuber, Tyler",True,4,1.096092159367787
"Phillips, Connor","McGee, Easton",True,5,1.109496326319311
"Phillips, Connor","Johnson, Pierce",True,6,1.1173412558686422
"Phillips, Connor","Sims, Lucas",True,7,1.3234036637707676
"Phillips, Connor","Abreu, Bryan",True,8,1.4262665525394933
"Phillips, Connor","Miller, Mason",True,9,1.4298678681292658
"Phillips, Connor","Guenther, Sean",False,10,1.5769529704960352
"Gore, MacKenzie","Thornton, Trent",False,1,0.23247772299753508
"Gore, MacKenzie","Glasnow, Tyler",False,2,0.5217732413621876
"Gore, MacKenzie","Ferguson, Caleb",True,3,0.5923304619367552
"Gore, MacKenzie","Woods Richardson, Simeon",False,4,0.6179429532974197
"Gore, MacKenzie","Casparius, Ben",False,5,0.6448643562169106
"Gore, MacKenzie","Ashcraft, Braxton",False,6,0.6856282867152187
"Gore, MacKenzie","Schlittler, Cam",False,7,0.6927948158240973
"Gore, MacKenzie","Slaten, Justin",False,8,0.7263548996921005
"Gore, MacKenzie","Gallen, Zac",False,9,0.732281819795057
"Gore, MacKenzie","Birdsong, Hayden",False,10,0.766501414858031
"Casparius, Ben","Pallante, Andre",True,1,0.4713950973530651
"Casparius, Ben","Glasnow, Tyler",True,2,0.4890202749841982
"Casparius, Ben","Thielbar, Caleb",False,3,0.5915046619585773
"Casparius, Ben","Gore, MacKenzie",False,4,0.6448643562169106
"Casparius, Ben","Woods Richardson, Simeon",True,5,0.6849725202400225
"Casparius, Ben","Thornton, Trent",True,6,0.6859666079342163
"Casparius, Ben","Kershaw, Clayton",False,7,0.6974347284208263
"Casparius, Ben","Pivetta, Nick",True,8,0.8164108836600126
"Casparius, Ben","Cantillo, Joey",False,9,0.8762790741843123
"Casparius, Ben","Gomber, Austin",False,10,0.9081360331955155
"Matz, Steven","Ramírez, Yohan",False,1,0.46360202417047197
"Matz, Steven","Avila, Luinder",False,2,0.6629361866853121
"Matz, Steven","Bazardo, Eduard",False,3,0.8156957914978762
"Matz, Steven","Thompson, Ryan",False,4,0.8315183063637877
"Matz, Steven","González, Wikelman",False,5,0.9426669509357881
"Matz, Steven","Wilson, Steven",False,6,0.9578584883862036
"Matz, Steven","Sasaki, Roki",False,7,0.9588111320317106
"Matz, Steven","Bird, Jake",False,8,0.9623715702798352
"Matz, Steven","Valdez, Framber",True,9,0.983560186461199
"Matz, Steven","Reynolds, Sean",False,10,0.9847762623119091
"Pallante, Andre","Casparius, Ben",True,1,0.4713950973530651
"Pallante, Andre","Kershaw, Clayton",False,2,0.501639514272969
"Pallante, Andre","Thielbar, Caleb",False,3,0.651351929728785
"Pallante, Andre","Woods Richardson, Simeon",True,4,0.7276492327154491
"Pallante, Andre","Glasnow, Tyler",True,5,0.7377092089318349
"Pallante, Andre","Long, Sam",False,6,0.8404250629776872
"Pallante, Andre","Gore, MacKenzie",False,7,0.8864429477978895
"Pallante, Andre","Thornton, Trent",True,8,0.8877737291874415
"Pallante, Andre","Gomber, Austin",False,9,0.9685789829883795
"Pallante, Andre","Lauer, Eric",False,10,1.0163144109306788
"Barnett, Mason","Woods Richardson, Simeon",True,1,0.9361166441547507
"Barnett, Mason","Birdsong, Hayden",True,2,0.9922766275803349
"Barnett, Mason","Thielbar, Caleb",False,3,1.0054490745927325
"Barnett, Mason","Kershaw, Clayton",False,4,1.0098065217039978
"Barnett, Mason","Glasnow, Tyler",True,5,1.0163287207622342
"Barnett, Mason","Casparius, Ben",True,6,1.042549060475503
"Barnett, Mason","Rodríguez, Elvin",True,7,1.0767503647820016
"Barnett, Mason","Pivetta, Nick",True,8,1.094772781903815
"Barnett, Mason","Pallante, Andre",True,9,1.1172738490496403
"Barnett, Mason","Gore, MacKenzie",False,10,1.1291115477909477
"Suarez, Ranger","Richardson, Lyon",False,1,0.6302688965906975
"Suarez, Ranger","Hicks, Jordan",False,2,0.6669158435018164
"Suarez, Ranger","deGrom, Jacob",False,3,0.6992089385927432
"Suarez, Ranger","Dollander, Chase",False,4,0.7075288265948135
"Suarez, Ranger","Schwellenbach, Spencer",False,5,0.7097851708741252
"Suarez, Ranger","Rocker, Kumar",False,6,0.7114029061008614
"Suarez, Ranger","Scherzer, Max",False,7,0.7348039495120119
"Suarez, Ranger","Oviedo, Johan",False,8,0.7457759433982509
"Suarez, Ranger","Senga, Kodai",False,9,0.7626755715403589
"Suarez, Ranger","Gordon, Colton",True,10,0.872471803003969
"Hudson, Bryan","Phillips, Connor",False,1,0.5820762278818826
"Hudson, Bryan","Harrison, Kyle",True,2,0.7607757014501944
"Hudson, Bryan","Johnson, Pierce",False,3,1.0004507466372377
"Hudson, Bryan","Peralta, Luis",True,4,1.1397395529370493
"Hudson, Bryan","McGee, Easton",False,5,1.2702381007140886
"Hudson, Bryan","Zuber, Tyler",False,6,1.3120229043796783
"Hudson, Bryan","Sims, Lucas",False,7,1.3808171907507887
"Hudson, Bryan","Abreu, Bryan",False,8,1.4763622003090635
"Hudson, Bryan","Ellard, Fraser",True,9,1.6405280271196276
"Hudson, Bryan","Taylor, Troy",False,10,1.6874005899034552
"Cavalli, Cade","Kelly, Merrill",True,1,0.4719618570965367
"Cavalli, Cade","Fitts, Richard",True,2,0.4969655571201225
"Cavalli, Cade","Houser, Adrian",True,3,0.6170917695748126
"Cavalli, Cade","Miller, Bryce",True,4,0.6722153069101082
"Cavalli, Cade","Bieber, Shane",True,5,0.6761213948382943
"Cavalli, Cade","Smith, Shane",True,6,0.7395167579456848
"Cavalli, Cade","Mlodzinski, Carmen",True,7,0.7453657458749237
"Cavalli, Cade","Hall, DL",False,8,0.7820544351580723
"Cavalli, Cade","Gray, Sonny",True,9,0.7910234815098482
"Cavalli, Cade","Quintana, Jose",False,10,0.7955539144533915
"Bieber, Shane","Miller, Bryce",True,1,0.4708279141727991
"Bieber, Shane","Cavalli, Cade",True,2,0.6761213948382943
"Bieber, Shane","Bradish, Kyle",True,3,0.8541964962221532
"Bieber, Shane","Kelly, Merrill",True,4,0.9072381707222908
"Bieber, Shane","Baz, Shane",True,5,0.9208982934700322
"Bieber, Shane","Brown, Hunter",True,6,0.935841646379457
"Bieber, Shane","Gallen, Zac",True,7,0.964190565179231
"Bieber, Shane","Gonsolin, Tony",True,8,0.9648647199440564
"Bieber, Shane","Smith, Shane",True,9,0.9868428068163934
"Bieber, Shane","Misiorowski, Jacob",True,10,1.0147556904095312
"Harrison, Kyle","Phillips, Connor",False,1,0.34071661398406566
"Harrison, Kyle","Peralta, Luis",True,2,0.49973204032273294
"Harrison, Kyle","Hudson, Bryan",True,3,0.7607757014501944
"Harrison, Kyle","Zuber, Tyler",False,4,0.767523619586599
"Harrison, Kyle","Sims, Lucas",False,5,1.0908709802570675
"Harrison, Kyle","Johnson, Pierce",False,6,1.1414773001742586
"Harrison, Kyle","Guenther, Sean",True,7,1.2708007978512779
"Harrison, Kyle","Miller, Mason",False,8,1.3013362749261586
"Harrison, Kyle","McGee, Easton",False,9,1.326132286119866
"Harrison, Kyle","Fuentes, Didier",False,10,1.4186679657908163
"Henriquez, Ronny","Bellozo, Valente",True,1,0.5539032590224847
"Henriquez, Ronny","Hoglund, Gunnar",True,2,0.573968941178148
"Henriquez, Ronny","Ober, Bailey",True,3,0.5858182995556989
"Henriquez, Ronny","Jax, Griffin",True,4,0.588005671522667
"Henriquez, Ronny","Romero, JoJo",False,5,0.6075672265038101
"Henriquez, Ronny","Berríos, José",True,6,0.6173800131354853
"Henriquez, Ronny","Canning, Griffin",True,7,0.6283086363369726
"Henriquez, Ronny","DeSclafani, Anthony",True,8,0.6289450503414392
"Henriquez, Ronny","Treinen, Blake",True,9,0.63977397586394
"Henriquez, Ronny","Ort, Kaleb",True,10,0.7075427348907316
"Crochet, Garrett","Irvin, Jake",False,1,0.4061817464716756
"Crochet, Garrett","Ober, Bailey",False,2,0.570512438865051
"Crochet, Garrett","Koenig, Jared",True,3,0.5863268122895947
"Crochet, Garrett","Tidwell, Blade",False,4,0.6082150229176964
"Crochet, Garrett","Shugart, Chase",False,5,0.6223531004503418
"Crochet, Garrett","Soroka, Michael",False,6,0.6438358004207636
"Crochet, Garrett","Ort, Kaleb",False,7,0.6702534188574757
"Crochet, Garrett","Hendricks, Kyle",False,8,0.6755237100041009
"Crochet, Garrett","Treinen, Blake",False,9,0.7045965917971928
"Crochet, Garrett","Herrin, Tim",True,10,0.7073270654757845
"Funderburk, Kody","Walter, Brandon",True,1,0.5175746892275198
"Funderburk, Kody","Wilson, Bryse",False,2,0.5347852654812537
"Funderburk, Kody","DeSclafani, Anthony",False,3,0.5692836377414077
"Funderburk, Kody","García, Yimi",False,4,0.609682137591612
"Funderburk, Kody","Holton, Tyler",True,5,0.629431867600762
"Funderburk, Kody","Keller, Brad",False,6,0.6701957996576052
"Funderburk, Kody","King, Michael",False,7,0.6844096330731672
"Funderburk, Kody","Holmes, Clay",False,8,0.685709640776759
"Funderburk, Kody","Berríos, José",False,9,0.6901125355408497
"Funderburk, Kody","Cannon, Jonathan",False,10,0.7092953362570793
"Holmes, Clay","Berríos, José",True,1,0.48189121090892634
"Holmes, Clay","Phillips, Tyler",True,2,0.5073878246437978
"Holmes, Clay","Keller, Brad",True,3,0.5362436261344496
"Holmes, Clay","Wilson, Bryse",True,4,0.5758227993072484
"Holmes, Clay","Bergert, Ryan",True,5,0.6087590687545579
"Holmes, Clay","Barlow, Scott",True,6,0.6349419341739839
"Holmes, Clay","DeSclafani, Anthony",True,7,0.6800836810787168
"Holmes, Clay","Buttó, José",True,8,0.6817101986773818
"Holmes, Clay","Funderburk, Kody",False,9,0.685709640776759
"Holmes, Clay","Holton, Tyler",False,10,0.7017699718137146
"Wilson, Bryse","DeSclafani, Anthony",True,1,0.3029986188343187
"Wilson, Bryse","Walter, Brandon",False,2,0.3710119775481107
"Wilson, Bryse","Holton, Tyler",False,3,0.48814416277791095
"Wilson, Bryse","Cannon, Jonathan",True,4,0.506273366197235
"Wilson, Bryse","Ryan, Joe",True,5,0.5071037791182987
"Wilson, Bryse","Bergert, Ryan",True,6,0.5225764282793293
"Wilson, Bryse","Funderburk, Kody",False,7,0.5347852654812537
"Wilson, Bryse","Berríos, José",True,8,0.57402679564207
"Wilson, Bryse","Holmes, Clay",True,9,0.5758227993072484
"Wilson, Bryse","Romero, JoJo",False,10,0.6437788875022907
"Wilson, Steven","Miller, Shelby",True,1,0.42304002098728427
"Wilson, Steven","Sandlin, Nick",True,2,0.5859801232696168
"Wilson, Steven","Thompson, Ryan",True,3,0.6865149751156018
"Wilson, Steven","Bird, Jake",True,4,0.7056041839830768
"Wilson, Steven","Blubaugh, AJ",True,5,0.7081492514815361
"Wilson, Steven","Payamps, Joel",True,6,0.7327744254050921
"Wilson, Steven","Webb, Jacob",True,7,0.7371487985115434
"Wilson, Steven","Ramírez, Yohan",True,8,0.7617084632589772
"Wilson, Steven","Smith, Cade",True,9,0.8313898035808218
"Wilson, Steven","Bazardo, Eduard",True,10,0.8742729121133567
"Alexander, Jason","Jacob, Alek",True,1,0.19968710857813898
"Alexander, Jason","Kelly, Kevin",True,2,0.45727357724780493
"Alexander, Jason","Ryan, Joe",True,3,0.5151782687633116
"Alexander, Jason","Topa, Justin",True,4,0.6537462929354745
"Alexander, Jason","Waddell, Brandon",False,5,0.6594875106344072
"Alexander, Jason","Schreiber, John",True,6,0.700484972972793
"Alexander, Jason","Romero, JoJo",False,7,0.7043304633284774
"Alexander, Jason","Bellozo, Valente",True,8,0.7274251666271576
"Alexander, Jason","Treinen, Blake",True,9,0.7316668573468086
"Alexander, Jason","Trivino III, Lou",True,10,0.7395179517244203
"Schwellenbach, Spencer","Burnes, Corbin",True,1,0.6783964601693099
"Schwellenbach, Spencer","Suarez, Ranger",False,2,0.7097851708741252
"Schwellenbach, Spencer","Senga, Kodai",True,3,0.7303106768620916
"Schwellenbach, Spencer","Rocker, Kumar",True,4,0.7728583355680688
"Schwellenbach, Spencer","Lively, Ben",True,5,0.7820088237453738
"Schwellenbach, Spencer","Hicks, Jordan",True,6,0.7832266889864843
"Schwellenbach, Spencer","Wrobleski, Justin",False,7,0.7876847719763709
"Schwellenbach, Spencer","Richardson, Lyon",True,8,0.7945531835777985
"Schwellenbach, Spencer","Bivens, Spencer",True,9,0.8060835380600753
"Schwellenbach, Spencer","Bowlan, Jonathan",True,10,0.8215208491981931
"Horton, Cade","Quintana, Jose",False,1,0.32738568014751884
"Horton, Cade","Mlodzinski, Carmen",True,2,0.37945786824188277
"Horton, Cade","Phillips, Tyler",True,3,0.4119625428613467
"Horton, Cade","Keller, Brad",True,4,0.47485262340893536
"Horton, Cade","Gray, Sonny",True,5,0.5309266951808582
"Horton, Cade","Littell, Zack",True,6,0.5531782315803045
"Horton, Cade","Lively, Ben",True,7,0.5559941524245484
"Horton, Cade","Fitts, Richard",True,8,0.6400792106977966
"Horton, Cade","Kelly, Merrill",True,9,0.6469505671997308
"Horton, Cade","Barlow, Scott",True,10,0.6508088110791382
"Sandlin, Nick","Bird, Jake",True,1,0.28153037430528105
"Sandlin, Nick","Miller, Shelby",True,2,0.3437775916092055
"Sandlin, Nick","Thompson, Ryan",True,3,0.571822149897916
"Sandlin, Nick","Anderson, Grant",True,4,0.583443529774879
"Sandlin, Nick","Wilson, Steven",True,5,0.5859801232696168
"Sandlin, Nick","Blubaugh, AJ",True,6,0.6353731907201402
"Sandlin, Nick","Devenski, Chris",True,7,0.725993631619311
"Sandlin, Nick","Moll, Sam",False,8,0.741368133281666
"Sandlin, Nick","Payamps, Joel",True,9,0.9035473421589751
"Sandlin, Nick","Brash, Matt",True,10,0.9928890263516257
"Mlodzinski, Carmen","Horton, Cade",True,1,0.37945786824188277
"Mlodzinski, Carmen","Kelly, Merrill",True,2,0.436321652689729
"Mlodzinski, Carmen","Quintana, Jose",False,3,0.44833721995209347
"Mlodzinski, Carmen","Phillips, Tyler",True,4,0.5644679794556299
"Mlodzinski, Carmen","Pfaadt, Brandon",True,5,0.5760215066953268
"Mlodzinski, Carmen","Littell, Zack",True,6,0.5875655054297713
"Mlodzinski, Carmen","Fitts, Richard",True,7,0.5895166830592107
"Mlodzinski, Carmen","Gray, Sonny",True,8,0.6051548140216021
"Mlodzinski, Carmen","Keller, Brad",True,9,0.6776037137139298
"Mlodzinski, Carmen","Rea, Colin",True,10,0.6978560801192503
"Bubic, Kris","Kelly, Merrill",False,1,0.6177568037495164
"Bubic, Kris","Jax, Griffin",False,2,0.6705949379373853
"Bubic, Kris","Phillips, Tyler",False,3,0.7759166478675283
"Bubic, Kris","Mlodzinski, Carmen",False,4,0.8060715557208605
"Bubic, Kris","Berríos, José",False,5,0.814756864613833
"Bubic, Kris","Stratton, Chris",False,6,0.8224713720202791
"Bubic, Kris","Cavalli, Cade",False,7,0.8364995046359677
"Bubic, Kris","Keller, Brad",False,8,0.8515599603790098
"Bubic, Kris","Pfaadt, Brandon",False,9,0.8692583864045695
"Bubic, Kris","Littell, Zack",False,10,0.927331765469967
"Jacob, Alek","Alexander, Jason",True,1,0.19968710857813898
"Jacob, Alek","Kelly, Kevin",True,2,0.4020541341766517
"Jacob, Alek","Ryan, Joe",True,3,0.6158827230048901
"Jacob, Alek","Topa, Justin",True,4,0.695074342644904
"Jacob, Alek","Schreiber, John",True,5,0.7093324797479741
"Jacob, Alek","Waddell, Brandon",False,6,0.7389606408461047
"Jacob, Alek","Borucki, Ryan",False,7,0.7692209934962448
"Jacob, Alek","Romero, JoJo",False,8,0.8038679083823554
"Jacob, Alek","Treinen, Blake",True,9,0.8140695690247759
"Jacob, Alek","Bellozo, Valente",True,10,0.8175732321975848
"Kelly, Merrill","Mlodzinski, Carmen",True,1,0.436321652689729
"Kelly, Merrill","Cavalli, Cade",True,2,0.4719618570965367
"Kelly, Merrill","Pfaadt, Brandon",True,3,0.5420357446267483
"Kelly, Merrill","Gray, Sonny",True,4,0.6045775703890811
"Kelly, Merrill","Quintana, Jose",False,5,0.6075713904256835
"Kelly, Merrill","Fitts, Richard",True,6,0.6159021908291419
"Kelly, Merrill","Bubic, Kris",False,7,0.6177568037495164
"Kelly, Merrill","Horton, Cade",True,8,0.6469505671997308
"Kelly, Merrill","Phillips, Tyler",True,9,0.735493305987398
"Kelly, Merrill","Lorenzen, Michael",True,10,0.7410532856083868
"Smith-Shawver, AJ","Bednar, David",True,1,0.5658408943983134
"Smith-Shawver, AJ","Murphy, Chris",False,2,0.8968297779745965
"Smith-Shawver, AJ","Brown, McCade",True,3,0.9187750869698862
"Smith-Shawver, AJ","Francis, Bowden",True,4,0.939934504327952
"Smith-Shawver, AJ","Strider, Spencer",True,5,0.9810834198984685
"Smith-Shawver, AJ","Pallante, Andre",True,6,1.062352080760067
"Smith-Shawver, AJ","Leiter Jr., Mark",True,7,1.099242259397266
"Smith-Shawver, AJ","Kranick, Max",True,8,1.1419419092108514
"Smith-Shawver, AJ","Flaherty, Jack",True,9,1.1461351004936393
"Smith-Shawver, AJ","Casparius, Ben",True,10,1.1536627830321011
"Jax, Griffin","Henriquez, Ronny",True,1,0.588005671522667
"Jax, Griffin","Gillispie, Connor",True,2,0.6543007068726099
"Jax, Griffin","Berríos, José",True,3,0.6607502228805732
"Jax, Griffin","Bubic, Kris",False,4,0.6705949379373853
"Jax, Griffin","Stratton, Chris",True,5,0.673357942793137
"Jax, Griffin","Bummer, Aaron",False,6,0.7988460601302075
"Jax, Griffin","Webb, Logan",True,7,0.8105597570210573
"Jax, Griffin","Canning, Griffin",True,8,0.8348319924161562
"Jax, Griffin","Bergert, Ryan",True,9,0.8529134606829564
"Jax, Griffin","Phillips, Tyler",True,10,0.8743145311291277
"Ramírez, Yohan","Matz, Steven",False,1,0.46360202417047197
"Ramírez, Yohan","Avila, Luinder",True,2,0.5259301597740037
"Ramírez, Yohan","Bazardo, Eduard",True,3,0.5573008049129986
"Ramírez, Yohan","Payamps, Joel",True,4,0.6709932869782055
"Ramírez, Yohan","Thompson, Ryan",True,5,0.7076662695819423
"Ramírez, Yohan","Wilson, Steven",True,6,0.7617084632589772
"Ramírez, Yohan","Reynolds, Sean",True,7,0.7709882434813145
"Ramírez, Yohan","Webb, Jacob",True,8,0.7793126093059198
"Ramírez, Yohan","Crochet, Garrett",False,9,0.9029151951496427
"Ramírez, Yohan","Valdez, Framber",False,10,0.90938276934647
"Abel, Mick","Wrobleski, Justin",False,1,0.3794996329989423
"Abel, Mick","Soriano, José",True,2,0.43388131781668154
"Abel, Mick","Snell, Blake",False,3,0.5463779210931491
"Abel, Mick","Cabrera, Génesis",False,4,0.6131472512744186
"Abel, Mick","Ferguson, Caleb",False,5,0.6295590073127034
"Abel, Mick","Bowlan, Jonathan",True,6,0.6385424921908519
"Abel, Mick","Hall, DL",False,7,0.6728084680506585
"Abel, Mick","Waldrep, Hurston",True,8,0.7318547472652539
"Abel, Mick","Blanco, Ronel",True,9,0.736955333073159
"Abel, Mick","Soroka, Michael",True,10,0.742598745526445
"Littell, Zack","Phillips, Tyler",True,1,0.4549156771454863
"Littell, Zack","Buttó, José",True,2,0.5378408884770128
"Littell, Zack","Horton, Cade",True,3,0.5531782315803045
"Littell, Zack","Mlodzinski, Carmen",True,4,0.5875655054297713
"Littell, Zack","Ort, Kaleb",True,5,0.5935116799696216
"Littell, Zack","Barlow, Scott",True,6,0.624190347348571
"Littell, Zack","Hoglund, Gunnar",True,7,0.627504650890791
"Littell, Zack","Keller, Brad",True,8,0.6392834762290144
"Littell, Zack","Canning, Griffin",True,9,0.6821409455254229
"Littell, Zack","Koenig, Jared",False,10,0.7100185979866578
"Anderson, Grant","Moll, Sam",False,1,0.5205028380817909
"Anderson, Grant","Sandlin, Nick",True,2,0.583443529774879
"Anderson, Grant","Blubaugh, AJ",True,3,0.6070523831598276
"Anderson, Grant","Bird, Jake",True,4,0.6406464850619734
"Anderson, Grant","Miller, Shelby",True,5,0.6468477218432584
"Anderson, Grant","Brash, Matt",True,6,0.6950479749948798
"Anderson, Grant","Henry, Cole",True,7,0.7084182580334157
"Anderson, Grant","Thompson, Ryan",True,8,0.7923879532284754
"Anderson, Grant","Devenski, Chris",True,9,0.8611771260554683
"Anderson, Grant","King, Bryan",False,10,0.9261307931695073
"Abbott, Andrew","Bergert, Ryan",False,1,0.5617771536635142
"Abbott, Andrew","Keller, Brad",False,2,0.7259778825911999
"Abbott, Andrew","Phillips, Tyler",False,3,0.7514510320616521
"Abbott, Andrew","Horton, Cade",False,4,0.7546859136929396
"Abbott, Andrew","Buttó, José",False,5,0.7584923799955264
"Abbott, Andrew","Soroka, Michael",False,6,0.7662735612148043
"Abbott, Andrew","Barlow, Scott",False,7,0.798351444327455
"Abbott, Andrew","Tidwell, Blade",False,8,0.8059794054157501
"Abbott, Andrew","Cabrera, Edward",False,9,0.8129204923411913
"Abbott, Andrew","Bummer, Aaron",True,10,0.8206400856647783
"Yarbrough, Ryan","Herget, Jimmy",False,1,0.6080886637391789
"Yarbrough, Ryan","Hicks, Jordan",False,2,0.7644938282974679
"Yarbrough, Ryan","Rogers, Trevor",True,3,0.7730398297460455
"Yarbrough, Ryan","Trivino III, Lou",False,4,0.788431466324803
"Yarbrough, Ryan","Gordon, Colton",True,5,0.8141000783994615
"Yarbrough, Ryan","Cleavinger, Garrett",True,6,0.8751079326414681
"Yarbrough, Ryan","Skenes, Paul",False,7,0.8846062901604687
"Yarbrough, Ryan","Ryan, Joe",False,8,0.8909624305585877
"Yarbrough, Ryan","Shugart, Chase",False,9,0.8964732520879797
"Yarbrough, Ryan","Legumina, Casey",False,10,0.9080258817236516
"Miller, Shelby","Sandlin, Nick",True,1,0.3437775916092055
"Miller, Shelby","Wilson, Steven",True,2,0.42304002098728427
"Miller, Shelby","Blubaugh, AJ",True,3,0.5470071571604517
"Miller, Shelby","Bird, Jake",True,4,0.5564455239104334
"Miller, Shelby","Moll, Sam",False,5,0.5799848234940931
"Miller, Shelby","Thompson, Ryan",True,6,0.6339830783038459
"Miller, Shelby","Anderson, Grant",True,7,0.6468477218432584
"Miller, Shelby","Payamps, Joel",True,8,0.7021469706537692
"Miller, Shelby","Brash, Matt",True,9,0.7966720033538844
"Miller, Shelby","Devenski, Chris",True,10,0.8027361244448896
"Ort, Kaleb","Blanco, Ronel",True,1,0.41727984834009774
"Ort, Kaleb","Buttó, José",True,2,0.5338556490575802
"Ort, Kaleb","Cortes, Nestor",False,3,0.5523577651693946
"Ort, Kaleb","Littell, Zack",True,4,0.5935116799696216
"Ort, Kaleb","Koenig, Jared",False,5,0.6242475228280644
"Ort, Kaleb","Canning, Griffin",True,6,0.6294561051713214
"Ort, Kaleb","Snell, Blake",False,7,0.6499138274343281
"Ort, Kaleb","Hoglund, Gunnar",True,8,0.6515846429802008
"Ort, Kaleb","Crochet, Garrett",False,9,0.6702534188574757
"Ort, Kaleb","Matsui, Yuki",False,10,0.6850646520982039
"Berríos, José","Bergert, Ryan",True,1,0.39117533918475583
"Berríos, José","Holmes, Clay",True,2,0.48189121090892634
"Berríos, José","DeSclafani, Anthony",True,3,0.48757091674021263
"Berríos, José","Phillips, Tyler",True,4,0.5119820053345027
"Berríos, José","Holton, Tyler",False,5,0.5361940056453489
"Berríos, José","Keller, Brad",True,6,0.5486358243132807
"Berríos, José","Wilson, Bryse",True,7,0.57402679564207
"Berríos, José","Buttó, José",True,8,0.5787191123675421
"Berríos, José","Henriquez, Ronny",True,9,0.6173800131354853
"Berríos, José","Jax, Griffin",True,10,0.6607502228805732
"Bird, Jake","Sandlin, Nick",True,1,0.28153037430528105
"Bird, Jake","Thompson, Ryan",True,2,0.41641128823526274
"Bird, Jake","Miller, Shelby",True,3,0.5564455239104334
"Bird, Jake","Anderson, Grant",True,4,0.6406464850619734
"Bird, Jake","Wilson, Steven",True,5,0.7056041839830768
"Bird, Jake","Blubaugh, AJ",True,6,0.7786934216810503
"Bird, Jake","Moll, Sam",False,7,0.8883041536368748
"Bird, Jake","Devenski, Chris",True,8,0.8923119489553327
"Bird, Jake","Weathers, Ryan",False,9,0.9051874060886174
"Bird, Jake","Payamps, Joel",True,10,0.9078654823571329
"Young, Danny","Bruihl, Justin",True,1,0.9420802654645466
"Young, Danny","McFarland, T.J.",True,2,1.2044460592378052
"Young, Danny","Lawrence, Justin",False,3,1.2216364837530707
"Young, Danny","Garcia, Brandyn",True,4,1.2754255523905775
"Young, Danny","Walker, Ryan",False,5,1.4645291723438525
"Young, Danny","Sproat, Brandon",False,6,1.6891915901554193
"Young, Danny","Backhus, Kyle",True,7,1.7564433690490127
"Young, Danny","Rogers, Taylor",True,8,2.0715219330697936
"Young, Danny","Davis, Noah",False,9,2.0963941127351675
"Young, Danny","Gibson, Kyle",False,10,2.510692338204632
"Peralta, Luis","Harrison, Kyle",True,1,0.49973204032273294
"Peralta, Luis","Phillips, Connor",False,2,0.7443230988644763
"Peralta, Luis","Zuber, Tyler",False,3,0.7708453947477032
"Peralta, Luis","Sims, Lucas",False,4,0.8301149115707349
"Peralta, Luis","Miller, Mason",False,5,0.8537108833016361
"Peralta, Luis","Fuentes, Didier",False,6,0.950383190672173
"Peralta, Luis","Johnson, Pierce",False,7,1.0774060058180512
"Peralta, Luis","Ellard, Fraser",True,8,1.0938155573431327
"Peralta, Luis","Thompson, Mason",False,9,1.1216782357692692
"Peralta, Luis","Hudson, Bryan",True,10,1.1397395529370493
"Kelly, Kevin","Jacob, Alek",True,1,0.4020541341766517
"Kelly, Kevin","Alexander, Jason",True,2,0.45727357724780493
"Kelly, Kevin","Schreiber, John",True,3,0.5377309401234703
"Kelly, Kevin","Ryan, Joe",True,4,0.5698172077489805
"Kelly, Kevin","Bellozo, Valente",True,5,0.6078762547887789
"Kelly, Kevin","Topa, Justin",True,6,0.6488443824164795
"Kelly, Kevin","Treinen, Blake",True,7,0.6642628235534762
"Kelly, Kevin","Romero, JoJo",False,8,0.714048997548043
"Kelly, Kevin","Shugart, Chase",True,9,0.7336472841647366
"Kelly, Kevin","Waddell, Brandon",False,10,0.7477681660221982
"Henry, Cole","Anderson, Grant",True,1,0.7084182580334157
"Henry, Cole","Kerkering, Orion",True,2,0.7832420259706143
"Henry, Cole","Bazardo, Eduard",True,3,0.8055815557376895
"Henry, Cole","Payamps, Joel",True,4,0.8450827741638353
"Henry, Cole","Blubaugh, AJ",True,5,0.856345298178441
"Henry, Cole","King, Bryan",False,6,0.8812090543451527
"Henry, Cole","Thompson, Ryan",True,7,0.90883762260026
"Henry, Cole","Reynolds, Sean",True,8,0.9125365575898832
"Henry, Cole","Sale, Chris",False,9,0.9168500829541135
"Henry, Cole","González, Wikelman",True,10,0.9293687180444854
"Valdez, Framber","Ramírez, Yohan",False,1,0.90938276934647
"Valdez, Framber","Reynolds, Sean",False,2,0.960845616554067
"Valdez, Framber","Matz, Steven",True,3,0.983560186461199
"Valdez, Framber","Bazardo, Eduard",False,4,1.0147328599273995
"Valdez, Framber","Henry, Cole",False,5,1.1006570689705968
"Valdez, Framber","Avila, Luinder",False,6,1.117662162533869
"Valdez, Framber","Morales, Luis",False,7,1.1271505493977858
"Valdez, Framber","Brown, McCade",False,8,1.2119065179783517
"Valdez, Framber","Payamps, Joel",False,9,1.2435409738613883
"Valdez, Framber","Crochet, Garrett",True,10,1.2521927120690046
"Ryan, Joe","Cannon, Jonathan",True,1,0.34065023570624015
"Ryan, Joe","Waddell, Brandon",False,2,0.3772115922290379
"Ryan, Joe","Trivino III, Lou",True,3,0.49091312729738196
"Ryan, Joe","Bellozo, Valente",True,4,0.5001571279700617
"Ryan, Joe","Wilson, Bryse",True,5,0.5071037791182987
"Ryan, Joe","Walter, Brandon",False,6,0.5125652760306113
"Ryan, Joe","Romero, JoJo",False,7,0.514772371028712
"Ryan, Joe","Alexander, Jason",True,8,0.5151782687633116
"Ryan, Joe","Tidwell, Blade",True,9,0.5527883982186435
"Ryan, Joe","Kelly, Kevin",True,10,0.5698172077489805
"Bergert, Ryan","Berríos, José",True,1,0.39117533918475583
"Bergert, Ryan","DeSclafani, Anthony",True,2,0.454802301845697
"Bergert, Ryan","Holton, Tyler",False,3,0.48525755905654555
"Bergert, Ryan","Keller, Brad",True,4,0.49692354592262006
"Bergert, Ryan","Wilson, Bryse",True,5,0.5225764282793293
"Bergert, Ryan","Phillips, Tyler",True,6,0.5435284521467267
"Bergert, Ryan","Abbott, Andrew",False,7,0.5617771536635142
"Bergert, Ryan","Buttó, José",True,8,0.5837221599729555
"Bergert, Ryan","Holmes, Clay",True,9,0.6087590687545579
"Bergert, Ryan","Bummer, Aaron",False,10,0.659563497135396
"Zuber, Tyler","Guenther, Sean",False,1,0.5446417190925592
"Zuber, Tyler","Harrison, Kyle",False,2,0.767523619586599
"Zuber, Tyler","Peralta, Luis",False,3,0.7708453947477032
"Zuber, Tyler","Sims, Lucas",True,4,0.9084782546379564
"Zuber, Tyler","Phillips, Connor",True,5,1.096092159367787
"Zuber, Tyler","Thompson, Mason",True,6,1.2016872984016311
"Zuber, Tyler","Hudson, Bryan",False,7,1.3120229043796783
"Zuber, Tyler","Hollowell, Gavin",True,8,1.3965819202474246
"Zuber, Tyler","Ellard, Fraser",False,9,1.4087357006072352
"Zuber, Tyler","Fuentes, Didier",True,10,1.4253831645519206
"Rogers, Tyler","Abreu, Bryan",True,1,0.7881015355109896
"Rogers, Tyler","Johnson, Pierce",True,2,1.1581353434588126
"Rogers, Tyler","Ellard, Fraser",False,3,1.6460770128816886
"Rogers, Tyler","Miller, Mason",True,4,1.6621653719190377
"Rogers, Tyler","Megill, Trevor",True,5,1.7743675306866513
"Rogers, Tyler","Beeter, Clayton",True,6,1.7928983589057526
"Rogers, Tyler","Fuentes, Didier",True,7,1.8214550728344268
"Rogers, Tyler","Hudson, Bryan",False,8,1.8326290927785427
"Rogers, Tyler","Horn, Bailey",False,9,1.8499741226621012
"Rogers, Tyler","Pomeranz, Drew",False,10,1.8631363645082681
"Rodríguez, Elvin","Sabrowski, Erik",False,1,0.5409173529764408
"Rodríguez, Elvin","Dreyer, Jack",False,2,0.5623148997440729
"Rodríguez, Elvin","Nicolas, Kyle",True,3,0.822451881641648
"Rodríguez, Elvin","Cease, Dylan",True,4,0.9232768939147499
"Rodríguez, Elvin","Murphy, Chris",False,5,0.932900829156021
"Rodríguez, Elvin","Fisher, Braydon",True,6,0.9901869363512739
"Rodríguez, Elvin","Klein, Will",True,7,1.0101211376160333
"Rodríguez, Elvin","Lazar, Max",True,8,1.0638144380839691
"Rodríguez, Elvin","Barnett, Mason",True,9,1.0767503647820016
"Rodríguez, Elvin","Graceffo, Gordon",True,10,1.184643681065024
"Dreyer, Jack","Sabrowski, Erik",True,1,0.41247301692107197
"Dreyer, Jack","Rodríguez, Elvin",False,2,0.5623148997440729
"Dreyer, Jack","Fisher, Braydon",False,3,0.9038851423877864
"Dreyer, Jack","Klein, Will",False,4,1.0052591858045847
"Dreyer, Jack","Cease, Dylan",False,5,1.0064935141554507
"Dreyer, Jack","Nicolas, Kyle",False,6,1.027679117231952
"Dreyer, Jack","Graceffo, Gordon",False,7,1.0908280887364206
"Dreyer, Jack","Lazar, Max",False,8,1.1013353718893708
"Dreyer, Jack","Barnett, Mason",False,9,1.1767804807942697
"Dreyer, Jack","Murphy, Chris",True,10,1.3905164726964503
"Bednar, David","Smith-Shawver, AJ",True,1,0.5658408943983134
"Bednar, David","Strider, Spencer",True,2,0.9859619958776334
"Bednar, David","Pallante, Andre",True,3,1.1039385854909518
"Bednar, David","Francis, Bowden",True,4,1.1075579149642134
"Bednar, David","Murphy, Chris",False,5,1.1175661859806454
"Bednar, David","Kranick, Max",True,6,1.1364697089496014
"Bednar, David","Brown, McCade",True,7,1.1467001008815798
"Bednar, David","Flaherty, Jack",True,8,1.2159828341111365
"Bednar, David","Casparius, Ben",True,9,1.3361890238784941
"Bednar, David","Helsley, Ryan",True,10,1.341161102930876
"Wrobleski, Justin","Abel, Mick",False,1,0.3794996329989423
"Wrobleski, Justin","Cabrera, Génesis",True,2,0.38459907591607945
"Wrobleski, Justin","Kikuchi, Yusei",True,3,0.5503535025772265
"Wrobleski, Justin","Peterson, David",True,4,0.5875492590131332
"Wrobleski, Justin","Waldrep, Hurston",False,5,0.5928064714186563
"Wrobleski, Justin","Soriano, José",False,6,0.6448759252171274
"Wrobleski, Justin","Quantrill, Cal",False,7,0.6605429446733645
"Wrobleski, Justin","Richardson, Lyon",False,8,0.7199666913224023
"Wrobleski, Justin","Bowlan, Jonathan",False,9,0.7321042658245421
"Wrobleski, Justin","Lauer, Eric",True,10,0.7407377790738073
"Murphy, Chris","Leiter Jr., Mark",False,1,0.759196642659916
"Murphy, Chris","Smith-Shawver, AJ",False,2,0.8968297779745965
"Murphy, Chris","Brown, McCade",False,3,0.8997203300716318
"Murphy, Chris","Rodríguez, Elvin",False,4,0.932900829156021
"Murphy, Chris","Kranick, Max",False,5,0.9559335177448961
"Murphy, Chris","Strider, Spencer",False,6,1.0236907870189538
"Murphy, Chris","Flaherty, Jack",False,7,1.0322843527645107
"Murphy, Chris","Nicolas, Kyle",False,8,1.049169442896737
"Murphy, Chris","Bednar, David",False,9,1.1175661859806454
"Murphy, Chris","Sabrowski, Erik",True,10,1.1418825482663089
"Guenther, Sean","Zuber, Tyler",False,1,0.5446417190925592
"Guenther, Sean","Gibson, Kyle",False,2,1.2463015438883913
"Guenther, Sean","Rogers, Taylor",True,3,1.262032334366378
"Guenther, Sean","Sims, Lucas",False,4,1.2666104597638732
"Guenther, Sean","Harrison, Kyle",True,5,1.2708007978512779
"Guenther, Sean","Peralta, Luis",True,6,1.3042599220659554
"Guenther, Sean","Effross, Scott",False,7,1.3302508297251923
"Guenther, Sean","Hollowell, Gavin",False,8,1.457117354518807
"Guenther, Sean","Thompson, Mason",False,9,1.478694799014348
"Guenther, Sean","Lawrence, Justin",False,10,1.548082194083587
"Lawrence, Justin","Garcia, Brandyn",False,1,0.2195906091277711
"Lawrence, Justin","Bruihl, Justin",False,2,0.9406088309418102
"Lawrence, Justin","Sproat, Brandon",True,3,1.0509197016195992
"Lawrence, Justin","Rogers, Taylor",False,4,1.1694041365056
"Lawrence, Justin","Walker, Ryan",True,5,1.201630336385612
"Lawrence, Justin","Young, Danny",False,6,1.2216364837530707
"Lawrence, Justin","Davis, Noah",True,7,1.470847804065874
"Lawrence, Justin","Gibson, Kyle",True,8,1.4846060965145047
"Lawrence, Justin","McFarland, T.J.",False,9,1.4990646975000717
"Lawrence, Justin","Backhus, Kyle",False,10,1.5341218218329797
"Phillips, Tyler","Keller, Brad",True,1,0.2484990630381551
"Phillips, Tyler","Buttó, José",True,2,0.39100884819201726
"Phillips, Tyler","Horton, Cade",True,3,0.4119625428613467
"Phillips, Tyler","Littell, Zack",True,4,0.4549156771454863
"Phillips, Tyler","Holmes, Clay",True,5,0.5073878246437978
"Phillips, Tyler","Berríos, José",True,6,0.5119820053345027
"Phillips, Tyler","Bergert, Ryan",True,7,0.5435284521467267
"Phillips, Tyler","Mlodzinski, Carmen",True,8,0.5644679794556299
"Phillips, Tyler","Holton, Tyler",False,9,0.6702064855571398
"Phillips, Tyler","Quintana, Jose",False,10,0.6784071197615632
"May, Dustin","Treinen, Blake",True,1,0.5516118962513209
"May, Dustin","Milner, Hoby",False,2,0.6260396029185323
"May, Dustin","Schreiber, John",True,3,0.6785143928299443
"May, Dustin","Topa, Justin",True,4,0.7113696655691106
"May, Dustin","Romero, JoJo",False,5,0.7238198426227755
"May, Dustin","Kerkering, Orion",True,6,0.7967421274195244
"May, Dustin","Wesneski, Hayden",True,7,0.8296421330441862
"May, Dustin","Bellozo, Valente",True,8,0.8299562737253573
"May, Dustin","Ober, Bailey",True,9,0.8318489022968777
"May, Dustin","DeSclafani, Anthony",True,10,0.8480721086124395
"Hicks, Jordan","Rogers, Trevor",False,1,0.44991807400983785
"Hicks, Jordan","Kochanowicz, Jack",True,2,0.5156327656653839
"Hicks, Jordan","Senga, Kodai",True,3,0.547138975563839
"Hicks, Jordan","Tidwell, Blade",True,4,0.623076227558646
"Hicks, Jordan","Allen, Logan",False,5,0.6400435005363441
"Hicks, Jordan","Suarez, Ranger",False,6,0.6669158435018164
"Hicks, Jordan","Barlow, Scott",True,7,0.6824174269390609
"Hicks, Jordan","Gordon, Colton",False,8,0.687965595711847
"Hicks, Jordan","Bivens, Spencer",True,9,0.7025168982191143
"Hicks, Jordan","Cruz, Fernando",True,10,0.7145089028928437
"DeSclafani, Anthony","Holton, Tyler",False,1,0.25117745097495076
"DeSclafani, Anthony","Wilson, Bryse",True,2,0.3029986188343187
"DeSclafani, Anthony","Romero, JoJo",False,3,0.4486637555077718
"DeSclafani, Anthony","Bergert, Ryan",True,4,0.454802301845697
"DeSclafani, Anthony","Cannon, Jonathan",True,5,0.4780582190952515
"DeSclafani, Anthony","Berríos, José",True,6,0.48757091674021263
"DeSclafani, Anthony","Ober, Bailey",True,7,0.5362734147387748
"DeSclafani, Anthony","Walter, Brandon",False,8,0.5627241015140209
"DeSclafani, Anthony","Funderburk, Kody",False,9,0.5692836377414077
"DeSclafani, Anthony","Ryan, Joe",True,10,0.5734687402471277
"Bellozo, Valente","Romero, JoJo",False,1,0.2954417162467644
"Bellozo, Valente","Treinen, Blake",True,2,0.3313268689438736
"Bellozo, Valente","Ober, Bailey",True,3,0.40290294512492947
"Bellozo, Valente","Schreiber, John",True,4,0.4401246428908702
"Bellozo, Valente","Ryan, Joe",True,5,0.5001571279700617
"Bellozo, Valente","Henriquez, Ronny",True,6,0.5539032590224847
"Bellozo, Valente","Hoglund, Gunnar",True,7,0.5659276293250889
"Bellozo, Valente","Topa, Justin",True,8,0.5672213195926273
"Bellozo, Valente","Woodford, Jake",True,9,0.5689776559738436
"Bellozo, Valente","Kelly, Kevin",True,10,0.6078762547887789
"Abreu, Bryan","Johnson, Pierce",True,1,0.6217766488152023
"Abreu, Bryan","Rogers, Tyler",True,2,0.7881015355109896
"Abreu, Bryan","Miller, Mason",True,3,0.919028295866979
"Abreu, Bryan","Ellard, Fraser",False,4,0.9846309481204003
"Abreu, Bryan","Fuentes, Didier",True,5,1.0870976423557492
"Abreu, Bryan","Horn, Bailey",False,6,1.1763812970605736
"Abreu, Bryan","Peralta, Luis",False,7,1.2574360940193505
"Abreu, Bryan","Sims, Lucas",True,8,1.2674024834160478
"Abreu, Bryan","Silseth, Chase",True,9,1.2776758467904092
"Abreu, Bryan","Puk, A.J.",False,10,1.3182983747448027
"Sabrowski, Erik","Dreyer, Jack",True,1,0.41247301692107197
"Sabrowski, Erik","Rodríguez, Elvin",False,2,0.5409173529764408
"Sabrowski, Erik","Nicolas, Kyle",False,3,0.7519821049656208
"Sabrowski, Erik","Klein, Will",False,4,0.8066269799431403
"Sabrowski, Erik","Fisher, Braydon",False,5,0.9053083202483925
"Sabrowski, Erik","Lazar, Max",False,6,1.139247718378062
"Sabrowski, Erik","Murphy, Chris",True,7,1.1418825482663089
"Sabrowski, Erik","Graceffo, Gordon",False,8,1.1428917738322786
"Sabrowski, Erik","Cease, Dylan",False,9,1.1513004844513943
"Sabrowski, Erik","Barnett, Mason",False,10,1.1624555792908216
"Johnson, Pierce","Abreu, Bryan",True,1,0.6217766488152023
"Johnson, Pierce","Ellard, Fraser",False,2,0.8658471850510026
"Johnson, Pierce","Sims, Lucas",True,3,0.9634217412924436
"Johnson, Pierce","Hudson, Bryan",False,4,1.0004507466372377
"Johnson, Pierce","Peralta, Luis",False,5,1.0774060058180512
"Johnson, Pierce","Miller, Mason",True,6,1.11505382233698
"Johnson, Pierce","Phillips, Connor",True,7,1.1173412558686422
"Johnson, Pierce","Harrison, Kyle",False,8,1.1414773001742586
"Johnson, Pierce","Rogers, Tyler",True,9,1.1581353434588126
"Johnson, Pierce","Fuentes, Didier",True,10,1.1824010553167015
"Cabrera, Génesis","Wrobleski, Justin",True,1,0.38459907591607945
"Cabrera, Génesis","Kikuchi, Yusei",True,2,0.5800597073121193
"Cabrera, Génesis","Abel, Mick",False,3,0.6131472512744186
"Cabrera, Génesis","Waldrep, Hurston",False,4,0.6450290428351799
"Cabrera, Génesis","Lauer, Eric",True,5,0.6476019881474357
"Cabrera, Génesis","Gilbert, Logan",False,6,0.741631706966834
"Cabrera, Génesis","Richardson, Lyon",False,7,0.7785217853039076
"Cabrera, Génesis","Peterson, David",True,8,0.8175735219322068
"Cabrera, Génesis","Snell, Blake",True,9,0.8351947756371343
"Cabrera, Génesis","Senga, Kodai",False,10,0.8544131300846226
"Brash, Matt","Moll, Sam",False,1,0.3029290081813276
"Brash, Matt","Anderson, Grant",True,2,0.6950479749948798
"Brash, Matt","Miller, Shelby",True,3,0.7966720033538844
"Brash, Matt","Blubaugh, AJ",True,4,0.8625323584476908
"Brash, Matt","Kerkering, Orion",True,5,0.8957956605814309
"Brash, Matt","Payamps, Joel",True,6,0.9367726389217558
"Brash, Matt","Henry, Cole",True,7,0.9692445208775848
"Brash, Matt","Scott, Tayler",True,8,0.9832590821155677
"Brash, Matt","Sandlin, Nick",True,9,0.9928890263516257
"Brash, Matt","King, Bryan",False,10,1.0119447542836137
"Shugart, Chase","Herrin, Tim",False,1,0.6162490768608468
"Shugart, Chase","Crochet, Garrett",False,2,0.6223531004503418
"Shugart, Chase","Legumina, Casey",True,3,0.6954147931217266
"Shugart, Chase","Springs, Jeffrey",False,4,0.7103582285840515
"Shugart, Chase","Kelly, Kevin",True,5,0.7336472841647366
"Shugart, Chase","Tidwell, Blade",True,6,0.752736244480043
"Shugart, Chase","Borucki, Ryan",False,7,0.7638033857572669
"Shugart, Chase","Soto, Gregory",False,8,0.7689630709445625
"Shugart, Chase","Allen, Logan",False,9,0.7750064958528767
"Shugart, Chase","Irvin, Jake",True,10,0.7842112976175445
"Keller, Brad","Phillips, Tyler",True,1,0.2484990630381551
"Keller, Brad","Horton, Cade",True,2,0.47485262340893536
"Keller, Brad","Bergert, Ryan",True,3,0.49692354592262006
"Keller, Brad","Holmes, Clay",True,4,0.5362436261344496
"Keller, Brad","Berríos, José",True,5,0.5486358243132807
"Keller, Brad","Buttó, José",True,6,0.5648143980663295
"Keller, Brad","Holton, Tyler",False,7,0.5730172357241778
"Keller, Brad","Littell, Zack",True,8,0.6392834762290144
"Keller, Brad","Funderburk, Kody",False,9,0.6701957996576052
"Keller, Brad","Mlodzinski, Carmen",True,10,0.6776037137139298
"Hoglund, Gunnar","Cortes, Nestor",False,1,0.4774084688544768
"Hoglund, Gunnar","Ober, Bailey",True,2,0.5645510294274743
"Hoglund, Gunnar","Bellozo, Valente",True,3,0.5659276293250889
"Hoglund, Gunnar","Henriquez, Ronny",True,4,0.573968941178148
"Hoglund, Gunnar","Tidwell, Blade",True,5,0.6155393115061996
"Hoglund, Gunnar","Littell, Zack",True,6,0.627504650890791
"Hoglund, Gunnar","Ort, Kaleb",True,7,0.6515846429802008
"Hoglund, Gunnar","Romero, JoJo",False,8,0.6594822179674673
"Hoglund, Gunnar","Legumina, Casey",True,9,0.6787779229035211
"Hoglund, Gunnar","Woodford, Jake",True,10,0.6973825658353007
"Soriano, José","Abel, Mick",True,1,0.43388131781668154
"Soriano, José","Buttó, José",True,2,0.4709765879162318
"Soriano, José","Seymour, Ian",False,3,0.5816470116323221
"Soriano, José","Blanco, Ronel",True,4,0.6246787693423063
"Soriano, José","Wrobleski, Justin",False,5,0.6448759252171274
"Soriano, José","Peterson, David",False,6,0.6666504042534991
"Soriano, José","Ort, Kaleb",True,7,0.7028726653239232
"Soriano, José","Kochanowicz, Jack",True,8,0.7206599685550722
"Soriano, José","Lively, Ben",True,9,0.7251084946182622
"Soriano, José","Phillips, Tyler",True,10,0.7281120239589461
"Thompson, Ryan","Bird, Jake",True,1,0.41641128823526274
"Thompson, Ryan","Sandlin, Nick",True,2,0.571822149897916
"Thompson, Ryan","Payamps, Joel",True,3,0.6028985534092887
"Thompson, Ryan","Miller, Shelby",True,4,0.6339830783038459
"Thompson, Ryan","Reynolds, Sean",True,5,0.6369893579355149
"Thompson, Ryan","Weathers, Ryan",False,6,0.6659584106063107
"Thompson, Ryan","Avila, Luinder",True,7,0.6750073881274986
"Thompson, Ryan","Wilson, Steven",True,8,0.6865149751156018
"Thompson, Ryan","Imanaga, Shota",False,9,0.7048396903416677
"Thompson, Ryan","Ramírez, Yohan",True,10,0.7076662695819423
"Oviedo, Johan","Suarez, Ranger",False,1,0.7457759433982509
"Oviedo, Johan","Boyd, Matthew",False,2,0.8438882567536272
"Oviedo, Johan","Dollander, Chase",True,3,0.8945413252133722
"Oviedo, Johan","Kikuchi, Yusei",False,4,0.8965785116952659
"Oviedo, Johan","Rocker, Kumar",True,5,0.9052573795944898
"Oviedo, Johan","Springs, Jeffrey",False,6,0.9276380888852257
"Oviedo, Johan","Hicks, Jordan",True,7,0.9547634228452346
"Oviedo, Johan","Stanek, Ryne",True,8,0.9586031958546408
"Oviedo, Johan","Richardson, Lyon",True,9,1.0293856678419435
"Oviedo, Johan","Yarbrough, Ryan",False,10,1.0376425302784555
"Moll, Sam","Brash, Matt",False,1,0.3029290081813276
"Moll, Sam","Anderson, Grant",False,2,0.5205028380817909
"Moll, Sam","Miller, Shelby",False,3,0.5799848234940931
"Moll, Sam","Sandlin, Nick",False,4,0.741368133281666
"Moll, Sam","Blubaugh, AJ",False,5,0.7788057412145205
"Moll, Sam","Payamps, Joel",False,6,0.814809984106415
"Moll, Sam","Scott, Tayler",False,7,0.8214066616007593
"Moll, Sam","King, Bryan",True,8,0.8514297470589346
"Moll, Sam","Kerkering, Orion",False,9,0.8827915302036372
"Moll, Sam","Bird, Jake",False,10,0.8883041536368748
"Treinen, Blake","Romero, JoJo",False,1,0.29753768824498716
"Treinen, Blake","Bellozo, Valente",True,2,0.3313268689438736
"Treinen, Blake","Ober, Bailey",True,3,0.33798892632950805
"Treinen, Blake","Schreiber, John",True,4,0.4256693655079102
"Treinen, Blake","Topa, Justin",True,5,0.45836256486318
"Treinen, Blake","May, Dustin",True,6,0.5516118962513209
"Treinen, Blake","DeSclafani, Anthony",True,7,0.5936375697387378
"Treinen, Blake","Ryan, Joe",True,8,0.6362059819820769
"Treinen, Blake","Henriquez, Ronny",True,9,0.63977397586394
"Treinen, Blake","Tidwell, Blade",True,10,0.6620734433993692
"Buttó, José","Phillips, Tyler",True,1,0.39100884819201726
"Buttó, José","Soriano, José",True,2,0.4709765879162318
"Buttó, José","Seymour, Ian",False,3,0.5063814997363084
"Buttó, José","Ort, Kaleb",True,4,0.5338556490575802
"Buttó, José","Littell, Zack",True,5,0.5378408884770128
"Buttó, José","Keller, Brad",True,6,0.5648143980663295
"Buttó, José","Berríos, José",True,7,0.5787191123675421
"Buttó, José","Bergert, Ryan",True,8,0.5837221599729555
"Buttó, José","Bachar, Lake",True,9,0.5899418622220468
"Buttó, José","Blanco, Ronel",True,10,0.6532868531898597
"Garcia, Brandyn","Lawrence, Justin",False,1,0.2195906091277711
"Garcia, Brandyn","Sproat, Brandon",False,2,0.8460061575578641
"Garcia, Brandyn","Walker, Ryan",False,3,1.0501431612415162
"Garcia, Brandyn","Bruihl, Justin",True,4,1.1238956318025972
"Garcia, Brandyn","Young, Danny",True,5,1.2754255523905775
"Garcia, Brandyn","Gibson, Kyle",False,6,1.3296451099676438
"Garcia, Brandyn","Rogers, Taylor",True,7,1.345461086657983
"Garcia, Brandyn","McFarland, T.J.",True,8,1.3707205942399312
"Garcia, Brandyn","Backhus, Kyle",True,9,1.385007681543992
"Garcia, Brandyn","Effross, Scott",False,10,1.5481586649261856
"Ober, Bailey","Treinen, Blake",True,1,0.33798892632950805
"Ober, Bailey","Romero, JoJo",False,2,0.3450018645363628
"Ober, Bailey","Tidwell, Blade",True,3,0.3890038922078007
"Ober, Bailey","Bellozo, Valente",True,4,0.40290294512492947
"Ober, Bailey","Cortes, Nestor",False,5,0.4962360764766535
"Ober, Bailey","DeSclafani, Anthony",True,6,0.5362734147387748
"Ober, Bailey","Holton, Tyler",False,7,0.5501458845632143
"Ober, Bailey","Hoglund, Gunnar",True,8,0.5645510294274743
"Ober, Bailey","Crochet, Garrett",False,9,0.570512438865051
"Ober, Bailey","Topa, Justin",True,10,0.5808127877007301
"Miller, Mason","Fuentes, Didier",True,1,0.3742422374907552
"Miller, Mason","Horn, Bailey",False,2,0.7642064870749479
"Miller, Mason","Ellard, Fraser",False,3,0.8282353959804553
"Miller, Mason","Peralta, Luis",False,4,0.8537108833016361
"Miller, Mason","Puk, A.J.",False,5,0.8974891617714504
"Miller, Mason","Abreu, Bryan",True,6,0.919028295866979
"Miller, Mason","Rodríguez, Randy",True,7,0.9247306511232212
"Miller, Mason","Silseth, Chase",True,8,0.9477418702040339
"Miller, Mason","Sims, Lucas",True,9,1.0323954315149453
"Miller, Mason","Thompson, Mason",True,10,1.0563051895122646
"Lively, Ben","Horton, Cade",True,1,0.5559941524245484
"Lively, Ben","Peterson, David",False,2,0.697843782181924
"Lively, Ben","Soriano, José",True,3,0.7251084946182622
"Lively, Ben","Phillips, Tyler",True,4,0.7286390436125152
"Lively, Ben","Keller, Brad",True,5,0.7623555003253595
"Lively, Ben","Mlodzinski, Carmen",True,6,0.767952154723855
"Lively, Ben","Hicks, Jordan",True,7,0.7743674910991538
"Lively, Ben","Schwellenbach, Spencer",True,8,0.7820088237453738
"Lively, Ben","Quintana, Jose",False,9,0.7841977217617266
"Lively, Ben","Quantrill, Cal",True,10,0.8036140704601474
"Brown, McCade","Flaherty, Jack",True,1,0.7533995592494231
"Brown, McCade","Strider, Spencer",True,2,0.8590845189272441
"Brown, McCade","Murphy, Chris",False,3,0.8997203300716318
"Brown, McCade","Booser, Cam",False,4,0.9100530443701169
"Brown, McCade","Smith-Shawver, AJ",True,5,0.9187750869698862
"Brown, McCade","Sasaki, Roki",True,6,0.9820724565899693
"Brown, McCade","Avila, Luinder",True,7,1.0299419810898551
"Brown, McCade","Lucchesi, Joey",False,8,1.0462351983245934
"Brown, McCade","Nicolas, Kyle",True,9,1.0682129254837693
"Brown, McCade","Kranick, Max",True,10,1.0756206587378416
"Avila, Luinder","Ramírez, Yohan",True,1,0.5259301597740037
"Avila, Luinder","Sasaki, Roki",True,2,0.5858128627622419
"Avila, Luinder","Zerpa, Angel",False,3,0.6370976063880303
"Avila, Luinder","Reynolds, Sean",True,4,0.6483881804335763
"Avila, Luinder","Whitlock, Garrett",True,5,0.6574609026437306
"Avila, Luinder","Matz, Steven",False,6,0.6629361866853121
"Avila, Luinder","Thompson, Ryan",True,7,0.6750073881274986
"Avila, Luinder","Jarvis, Bryce",True,8,0.6970600051867752
"Avila, Luinder","Blanco, Ronel",True,9,0.8053435710456268
"Avila, Luinder","Suarez, José",False,10,0.8066230062795886
"Tidwell, Blade","Ober, Bailey",True,1,0.3890038922078007
"Tidwell, Blade","Kochanowicz, Jack",True,2,0.43512027622252236
"Tidwell, Blade","Allen, Logan",False,3,0.4559829113111565
"Tidwell, Blade","Legumina, Casey",True,4,0.4659923831207514
"Tidwell, Blade","Cannon, Jonathan",True,5,0.49808007013673034
"Tidwell, Blade","Ryan, Joe",True,6,0.5527883982186435
"Tidwell, Blade","Waddell, Brandon",False,7,0.5654095221403777
"Tidwell, Blade","Severino, Luis",True,8,0.5725736265174302
"Tidwell, Blade","Woodford, Jake",True,9,0.575159201289254
"Tidwell, Blade","Herrin, Tim",False,10,0.5776630358938746
"Payamps, Joel","Kerkering, Orion",True,1,0.5406843086797078
"Payamps, Joel","Imanaga, Shota",False,2,0.55476528007677
"Payamps, Joel","Thompson, Ryan",True,3,0.6028985534092887
"Payamps, Joel","Reynolds, Sean",True,4,0.6676765244617954
"Payamps, Joel","Ramírez, Yohan",True,5,0.6709932869782055
"Payamps, Joel","Miller, Shelby",True,6,0.7021469706537692
"Payamps, Joel","Scott, Tayler",True,7,0.7158875846194682
"Payamps, Joel","Wilson, Steven",True,8,0.7327744254050921
"Payamps, Joel","Bazardo, Eduard",True,9,0.7474655366735533
"Payamps, Joel","King, Bryan",False,10,0.7674370870839792
"Blanco, Ronel","Ort, Kaleb",True,1,0.41727984834009774
"Blanco, Ronel","Cruz, Fernando",True,2,0.45152105976254303
"Blanco, Ronel","Cortes, Nestor",False,3,0.5409607498543231
"Blanco, Ronel","Priester, Quinn",True,4,0.5650133826353545
"Blanco, Ronel","Gilbert, Logan",True,5,0.5939054944139517
"Blanco, Ronel","Stanek, Ryne",True,6,0.6190102878252053
"Blanco, Ronel","Matsui, Yuki",False,7,0.6197736570962714
"Blanco, Ronel","Soriano, José",True,8,0.6246787693423063
"Blanco, Ronel","Senga, Kodai",True,9,0.6470861181886579
"Blanco, Ronel","Snell, Blake",False,10,0.6479588483463748
"Romero, JoJo","Bellozo, Valente",False,1,0.2954417162467644
"Romero, JoJo","Treinen, Blake",False,2,0.29753768824498716
"Romero, JoJo","Ober, Bailey",False,3,0.3450018645363628
"Romero, JoJo","Topa, Justin",False,4,0.4010607197379749
"Romero, JoJo","Schreiber, John",False,5,0.4234394113407477
"Romero, JoJo","DeSclafani, Anthony",False,6,0.4486637555077718
"Romero, JoJo","Holton, Tyler",True,7,0.49440933044565233
"Romero, JoJo","Ryan, Joe",False,8,0.514772371028712
"Romero, JoJo","Waddell, Brandon",True,9,0.5261911533001447
"Romero, JoJo","Cannon, Jonathan",False,10,0.5264171492924837
"Sale, Chris","Manaea, Sean",True,1,0.6253074404880192
"Sale, Chris","Thompson, Ryan",False,2,0.8193046319118191
"Sale, Chris","Reynolds, Sean",False,3,0.8327561626281584
"Sale, Chris","Gaddis, Hunter",False,4,0.845995167070007
"Sale, Chris","Shugart, Chase",False,5,0.8830896709469983
"Sale, Chris","King, Bryan",True,6,0.9005458397934809
"Sale, Chris","Bird, Jake",False,7,0.9086043939068512
"Sale, Chris","Henry, Cole",False,8,0.9168500829541135
"Sale, Chris","Weathers, Ryan",True,9,0.9213216356166744
"Sale, Chris","Poulin, PJ",True,10,0.9216227957358776
"Cannon, Jonathan","Waddell, Brandon",False,1,0.24835381234567916
"Cannon, Jonathan","Kolek, Stephen",True,2,0.30137976513948195
"Cannon, Jonathan","Ryan, Joe",True,3,0.34065023570624015
"Cannon, Jonathan","Stewart, Brock",True,4,0.36449346918362646
"Cannon, Jonathan","Holton, Tyler",False,5,0.43158401114251155
"Cannon, Jonathan","Woodford, Jake",True,6,0.46552154582561817
"Cannon, Jonathan","Alexander, Tyler",False,7,0.4706095339313052
"Cannon, Jonathan","DeSclafani, Anthony",True,8,0.4780582190952515
"Cannon, Jonathan","Tidwell, Blade",True,9,0.49808007013673034
"Cannon, Jonathan","Wilson, Bryse",True,10,0.506273366197235
"Lauer, Eric","Cabrera, Génesis",True,1,0.6476019881474357
"Lauer, Eric","Wrobleski, Justin",True,2,0.7407377790738073
"Lauer, Eric","Kikuchi, Yusei",True,3,0.7981491513578454
"Lauer, Eric","Hernández, Carlos",False,4,0.8168265464695966
"Lauer, Eric","Waldrep, Hurston",False,5,0.8600346770742733
"Lauer, Eric","Blalock, Bradley",False,6,0.8659716930047014
"Lauer, Eric","Long, Sam",True,7,0.870978316589093
"Lauer, Eric","Matthews, Zebby",False,8,0.8799450519194361
"Lauer, Eric","Quantrill, Cal",False,9,0.8971316073419436
"Lauer, Eric","Gomber, Austin",True,10,0.9609169278088381
"Senga, Kodai","Cruz, Fernando",True,1,0.4851992050095689
"Senga, Kodai","Hicks, Jordan",True,2,0.547138975563839
"Senga, Kodai","Gilbert, Logan",True,3,0.5766794081087889
"Senga, Kodai","Stanek, Ryne",True,4,0.5789338645123299
"Senga, Kodai","Blanco, Ronel",True,5,0.6470861181886579
"Senga, Kodai","Kochanowicz, Jack",True,6,0.6726162932227591
"Senga, Kodai","Carrasco, Carlos",True,7,0.6940089300880777
"Senga, Kodai","Kikuchi, Yusei",False,8,0.7123083105738496
"Senga, Kodai","Schwellenbach, Spencer",True,9,0.7303106768620916
"Senga, Kodai","Priester, Quinn",True,10,0.7307162815305422
"Schreiber, John","Topa, Justin",True,1,0.35832975181114113
"Schreiber, John","Romero, JoJo",False,2,0.4234394113407477
"Schreiber, John","Treinen, Blake",True,3,0.4256693655079102
"Schreiber, John","Bellozo, Valente",True,4,0.4401246428908702
"Schreiber, John","Milner, Hoby",False,5,0.5188032266192019
"Schreiber, John","Kelly, Kevin",True,6,0.5377309401234703
"Schreiber, John","Ober, Bailey",True,7,0.6629376875709926
"Schreiber, John","May, Dustin",True,8,0.6785143928299443
"Schreiber, John","King, Bryan",False,9,0.6926134762111376
"Schreiber, John","Alexander, Jason",True,10,0.700484972972793
"Smith, Cade","Suarez, José",False,1,0.3703511802985514
"Smith, Cade","Whitlock, Garrett",True,2,0.5224321388381782
"Smith, Cade","Wilson, Steven",True,3,0.8313898035808218
"Smith, Cade","Imanaga, Shota",False,4,0.8804975613340579
"Smith, Cade","Jarvis, Bryce",True,5,0.8984548245137993
"Smith, Cade","Weathers, Ryan",False,6,0.9155312533926405
"Smith, Cade","Orze, Eric",True,7,0.9238569972742089
"Smith, Cade","Thompson, Ryan",True,8,0.932551047910602
"Smith, Cade","Avila, Luinder",True,9,0.9501898953006089
"Smith, Cade","Scott, Tayler",True,10,0.9582060303117862
"Holton, Tyler","DeSclafani, Anthony",False,1,0.25117745097495076
"Holton, Tyler","Alexander, Tyler",True,2,0.37728669673480364
"Holton, Tyler","Cannon, Jonathan",False,3,0.43158401114251155
"Holton, Tyler","Kolek, Stephen",False,4,0.47244457616997776
"Holton, Tyler","Bergert, Ryan",False,5,0.48525755905654555
"Holton, Tyler","Wilson, Bryse",False,6,0.48814416277791095
"Holton, Tyler","Romero, JoJo",True,7,0.49440933044565233
"Holton, Tyler","Berríos, José",False,8,0.5361940056453489
"Holton, Tyler","Ober, Bailey",False,9,0.5501458845632143
"Holton, Tyler","Stewart, Brock",False,10,0.5596476091037421
"Rogers, Trevor","Hicks, Jordan",False,1,0.44991807400983785
"Rogers, Trevor","Kochanowicz, Jack",False,2,0.7233838295204374
"Rogers, Trevor","Skenes, Paul",False,3,0.7586794724488896
"Rogers, Trevor","Allen, Logan",True,4,0.7593682362780323
"Rogers, Trevor","Tidwell, Blade",False,5,0.7617063135117892
"Rogers, Trevor","Yarbrough, Ryan",True,6,0.7730398297460455
"Rogers, Trevor","Senga, Kodai",False,7,0.8175355136745255
"Rogers, Trevor","Gordon, Colton",True,8,0.8364489932699483
"Rogers, Trevor","Cruz, Fernando",False,9,0.853526156970658
"Rogers, Trevor","Legumina, Casey",False,10,0.8547437443455949
"Sims, Lucas","Thompson, Mason",True,1,0.42195029389146466
"Sims, Lucas","Ellard, Fraser",False,2,0.5489843996553477
"Sims, Lucas","Silseth, Chase",True,3,0.7189308455195341
"Sims, Lucas","Horn, Bailey",False,4,0.7437718627174242
"Sims, Lucas","Peralta, Luis",False,5,0.8301149115707349
"Sims, Lucas","Fuentes, Didier",True,6,0.8398505324999723
"Sims, Lucas","Maldonado, Anthony",True,7,0.882356957980699
"Sims, Lucas","Hollowell, Gavin",True,8,0.9028971676811173
"Sims, Lucas","Zuber, Tyler",True,9,0.9084782546379564
"Sims, Lucas","Johnson, Pierce",True,10,0.9634217412924436
"Fuentes, Didier","Miller, Mason",True,1,0.3742422374907552
"Fuentes, Didier","Horn, Bailey",False,2,0.42757408106212585
"Fuentes, Didier","Puk, A.J.",False,3,0.5761738297771918
"Fuentes, Didier","Rodríguez, Randy",True,4,0.5818251868966395
"Fuentes, Didier","Ellard, Fraser",False,5,0.5998690297857169
"Fuentes, Didier","Silseth, Chase",True,6,0.611464573404869
"Fuentes, Didier","Thompson, Mason",True,7,0.741016149466476
"Fuentes, Didier","Kowar, Jackson",True,8,0.8088443564336903
"Fuentes, Didier","Sims, Lucas",True,9,0.8398505324999723
"Fuentes, Didier","Hader, Josh",False,10,0.9066823465265282
"Waddell, Brandon","Cannon, Jonathan",False,1,0.24835381234567916
"Waddell, Brandon","Stewart, Brock",False,2,0.26676832437607656
"Waddell, Brandon","Ryan, Joe",False,3,0.3772115922290379
"Waddell, Brandon","Kolek, Stephen",False,4,0.4086732058889014
"Waddell, Brandon","Severino, Luis",False,5,0.4947550179960686
"Waddell, Brandon","Alexander, Tyler",True,6,0.5217129109315464
"Waddell, Brandon","Topa, Justin",False,7,0.5255599525069998
"Waddell, Brandon","Romero, JoJo",True,8,0.5261911533001447
"Waddell, Brandon","Woodford, Jake",False,9,0.5461060795813004
"Waddell, Brandon","Tidwell, Blade",False,10,0.5654095221403777
"Kikuchi, Yusei","Stanek, Ryne",False,1,0.41607631387256144
"Kikuchi, Yusei","Gilbert, Logan",False,2,0.42804874384572117
"Kikuchi, Yusei","Wrobleski, Justin",True,3,0.5503535025772265
"Kikuchi, Yusei","Priester, Quinn",False,4,0.5661957421838787
"Kikuchi, Yusei","Cabrera, Génesis",True,5,0.5800597073121193
"Kikuchi, Yusei","Waldrep, Hurston",False,6,0.581640463367254
"Kikuchi, Yusei","Peterson, David",True,7,0.5828766546218824
"Kikuchi, Yusei","Cruz, Fernando",False,8,0.6797774560981528
"Kikuchi, Yusei","Senga, Kodai",False,9,0.7123083105738496
"Kikuchi, Yusei","Blanco, Ronel",False,10,0.7241659158538875
"Sasaki, Roki","Weathers, Ryan",False,1,0.5800311115918855
"Sasaki, Roki","Avila, Luinder",True,2,0.5858128627622419
"Sasaki, Roki","Lucchesi, Joey",False,3,0.5946699509446984
"Sasaki, Roki","Speier, Gabe",False,4,0.7400060416667874
"Sasaki, Roki","Zerpa, Angel",False,5,0.7408584562925989
"Sasaki, Roki","Reynolds, Sean",True,6,0.7501582969838796
"Sasaki, Roki","Jarvis, Bryce",True,7,0.7672680463614165
"Sasaki, Roki","Muñoz, Andrés",True,8,0.7887218144479855
"Sasaki, Roki","Blanco, Ronel",True,9,0.8243452263094722
"Sasaki, Roki","Thompson, Ryan",True,10,0.8366286588613332
"Nance, Tommy","Payamps, Joel",True,1,1.09281895199633
"Nance, Tommy","Imanaga, Shota",False,2,1.1536304885305098
"Nance, Tommy","Ramírez, Yohan",True,3,1.1602485383013592
"Nance, Tommy","Avila, Luinder",True,4,1.1745762210944772
"Nance, Tommy","Zerpa, Angel",False,5,1.189101699987183
"Nance, Tommy","Santillan, Tony",True,6,1.2025377534125625
"Nance, Tommy","Reynolds, Sean",True,7,1.2410842135931552
"Nance, Tommy","Jarvis, Bryce",True,8,1.252475871955971
"Nance, Tommy","Whitlock, Garrett",True,9,1.2785466088833362
"Nance, Tommy","Scott, Tayler",True,10,1.2855647984701049
"Reynolds, Sean","Thompson, Ryan",True,1,0.6369893579355149
"Reynolds, Sean","Avila, Luinder",True,2,0.6483881804335763
"Reynolds, Sean","Payamps, Joel",True,3,0.6676765244617954
"Reynolds, Sean","Pérez, Cionel",False,4,0.6713943078451918
"Reynolds, Sean","Jarvis, Bryce",True,5,0.6841855909344834
"Reynolds, Sean","Muñoz, Andrés",True,6,0.6860493755569027
"Reynolds, Sean","Zerpa, Angel",False,7,0.7103712357483425
"Reynolds, Sean","King, Bryan",False,8,0.7229586385550956
"Reynolds, Sean","Sasaki, Roki",True,9,0.7501582969838796
"Reynolds, Sean","Speier, Gabe",False,10,0.759230352734529
"Cortes, Nestor","Miller, Erik",True,1,0.46242654808039146
"Cortes, Nestor","Hoglund, Gunnar",False,2,0.4774084688544768
"Cortes, Nestor","Ober, Bailey",False,3,0.4962360764766535
"Cortes, Nestor","Herrin, Tim",True,4,0.5072255157015346
"Cortes, Nestor","Blanco, Ronel",False,5,0.5409607498543231
"Cortes, Nestor","Ort, Kaleb",False,6,0.5523577651693946
"Cortes, Nestor","Cruz, Fernando",False,7,0.5744705567187823
"Cortes, Nestor","Domínguez, Seranthony",False,8,0.5770997964785859
"Cortes, Nestor","Bachar, Lake",False,9,0.5803523388467174
"Cortes, Nestor","Tidwell, Blade",False,10,0.5873057689864958
"Quantrill, Cal","Peterson, David",False,1,0.44903538067328275
"Quantrill, Cal","Matthews, Zebby",True,2,0.5157861502792661
"Quantrill, Cal","Wrobleski, Justin",False,3,0.6605429446733645
"Quantrill, Cal","Alcala, Jorge",True,4,0.6795991628885372
"Quantrill, Cal","Waldrep, Hurston",True,5,0.7140716576529121
"Quantrill, Cal","Lively, Ben",True,6,0.8036140704601474
"Quantrill, Cal","Blalock, Bradley",True,7,0.8172152123391456
"Quantrill, Cal","Kikuchi, Yusei",False,8,0.8215705621767938
"Quantrill, Cal","Schwellenbach, Spencer",True,9,0.824069297837929
"Quantrill, Cal","Wolfram, Grant",False,10,0.8351144424122191
"Milner, Hoby","Topa, Justin",False,1,0.48959551842543797
"Milner, Hoby","Schreiber, John",False,2,0.5188032266192019
"Milner, Hoby","Romero, JoJo",True,3,0.603366821314212
"Milner, Hoby","May, Dustin",False,4,0.6260396029185323
"Milner, Hoby","Treinen, Blake",False,5,0.6908344375645415
"Milner, Hoby","Hart, Kyle",True,6,0.7436803885843123
"Milner, Hoby","DeSclafani, Anthony",False,7,0.8067894335334447
"Milner, Hoby","Waddell, Brandon",True,8,0.8129203256346041
"Milner, Hoby","Bellozo, Valente",False,9,0.8134646083016033
"Milner, Hoby","Garrett, Reed",False,10,0.8426100179343242
"Garcia, Rico","Cameron, Noah",False,1,0.7089204096880309
"Garcia, Rico","Gomber, Austin",False,2,0.9014103919871975
"Garcia, Rico","Wolfram, Grant",False,3,0.9916191325071735
"Garcia, Rico","Slaten, Justin",True,4,0.9981304760168184
"Garcia, Rico","Alcala, Jorge",True,5,1.0181870537496178
"Garcia, Rico","Gore, MacKenzie",False,6,1.054866170157316
"Garcia, Rico","Glasnow, Tyler",True,7,1.0690927835338464
"Garcia, Rico","Miller, Bryce",True,8,1.1416813831073667
"Garcia, Rico","Sauer, Matt",True,9,1.1495780157849318
"Garcia, Rico","Parker, Mitchell",False,10,1.1533572305682294
"Kochanowicz, Jack","Allen, Logan",False,1,0.24371611539500165
"Kochanowicz, Jack","Tidwell, Blade",True,2,0.43512027622252236
"Kochanowicz, Jack","Hicks, Jordan",True,3,0.5156327656653839
"Kochanowicz, Jack","Springs, Jeffrey",False,4,0.531135492576863
"Kochanowicz, Jack","Severino, Luis",True,5,0.5959957848203277
"Kochanowicz, Jack","Herrin, Tim",False,6,0.5977935995227842
"Kochanowicz, Jack","Cruz, Fernando",True,7,0.6505669648334486
"Kochanowicz, Jack","Buttó, José",True,8,0.6586936126209798
"Kochanowicz, Jack","Woodford, Jake",True,9,0.6714086324731322
"Kochanowicz, Jack","Senga, Kodai",True,10,0.6726162932227591
"Whitlock, Garrett","Suarez, José",False,1,0.43083428873463897
"Whitlock, Garrett","Smith, Cade",True,2,0.5224321388381782
"Whitlock, Garrett","Avila, Luinder",True,3,0.6574609026437306
"Whitlock, Garrett","Zerpa, Angel",False,4,0.6575830501614623
"Whitlock, Garrett","Jarvis, Bryce",True,5,0.6924606930579899
"Whitlock, Garrett","Orze, Eric",True,6,0.8118530932761419
"Whitlock, Garrett","Speier, Gabe",False,7,0.8280302080682302
"Whitlock, Garrett","Imanaga, Shota",False,8,0.8294530532102196
"Whitlock, Garrett","Weathers, Ryan",False,9,0.8592087831467936
"Whitlock, Garrett","Matsui, Yuki",False,10,0.8686896087778856
"Ellard, Fraser","Horn, Bailey",True,1,0.3599435956984316
"Ellard, Fraser","Silseth, Chase",False,2,0.36318161495509427
"Ellard, Fraser","Thompson, Mason",False,3,0.49191712352715283
"Ellard, Fraser","Maldonado, Anthony",False,4,0.5336393756146651
"Ellard, Fraser","Sims, Lucas",False,5,0.5489843996553477
"Ellard, Fraser","Fuentes, Didier",False,6,0.5998690297857169
"Ellard, Fraser","Puk, A.J.",True,7,0.6178413305177718
"Ellard, Fraser","Rodríguez, Randy",False,8,0.6437635798630514
"Ellard, Fraser","Miller, Mason",False,9,0.8282353959804553
"Ellard, Fraser","Ginkel, Kevin",False,10,0.8476288067211655
"Herget, Jimmy","Yarbrough, Ryan",False,1,0.6080886637391789
"Herget, Jimmy","Sears, JP",False,2,0.6674771446161198
"Herget, Jimmy","Skenes, Paul",True,3,0.7288368045240817
"Herget, Jimmy","Lopez, Jacob",False,4,0.7318193029631317
"Herget, Jimmy","Legumina, Casey",True,5,0.7722560654364168
"Herget, Jimmy","Shugart, Chase",True,6,0.8056414576029001
"Herget, Jimmy","Soto, Gregory",False,7,0.8253768074502807
"Herget, Jimmy","Borucki, Ryan",False,8,0.8254634011984415
"Herget, Jimmy","Kelly, Kevin",True,9,0.8693461120224473
"Herget, Jimmy","Allen, Logan",False,10,0.8745493741145738
"Cruz, Fernando","Stanek, Ryne",True,1,0.3490967017841887
"Cruz, Fernando","Blanco, Ronel",True,2,0.45152105976254303
"Cruz, Fernando","Priester, Quinn",True,3,0.4772400689060087
"Cruz, Fernando","Senga, Kodai",True,4,0.4851992050095689
"Cruz, Fernando","Chapman, Aroldis",False,5,0.48961768712919745
"Cruz, Fernando","Gilbert, Logan",True,6,0.5239338073092865
"Cruz, Fernando","Cortes, Nestor",False,7,0.5744705567187823
"Cruz, Fernando","Melton, Troy",True,8,0.597398467318734
"Cruz, Fernando","Miller, Erik",False,9,0.6181122048272224
"Cruz, Fernando","Herrin, Tim",False,10,0.6329896751021968
"Legumina, Casey","Herrin, Tim",False,1,0.4496380377679104
"Legumina, Casey","Tidwell, Blade",True,2,0.4659923831207514
"Legumina, Casey","Woodford, Jake",True,3,0.5104445086177067
"Legumina, Casey","Allen, Logan",False,4,0.5551598185974358
"Legumina, Casey","Cortes, Nestor",False,5,0.597453465708744
"Legumina, Casey","Ober, Bailey",True,6,0.5991614509843253
"Legumina, Casey","Ferguson, Tyler",True,7,0.6005169837756308
"Legumina, Casey","Iglesias, Raisel",True,8,0.6050263550829107
"Legumina, Casey","Domínguez, Seranthony",True,9,0.6063681611792825
"Legumina, Casey","Bellozo, Valente",True,10,0.6092187769037755
"Topa, Justin","Schreiber, John",True,1,0.35832975181114113
"Topa, Justin","Romero, JoJo",False,2,0.4010607197379749
"Topa, Justin","Treinen, Blake",True,3,0.45836256486318
"Topa, Justin","Milner, Hoby",False,4,0.48959551842543797
"Topa, Justin","Waddell, Brandon",False,5,0.5255599525069998
"Topa, Justin","Bellozo, Valente",True,6,0.5672213195926273
"Topa, Justin","Severino, Luis",True,7,0.5726814934998588
"Topa, Justin","Ober, Bailey",True,8,0.5808127877007301
"Topa, Justin","Wesneski, Hayden",True,9,0.5843995378397641
"Topa, Justin","Stewart, Brock",True,10,0.600469569244254
"Webb, Logan","Holton, Tyler",False,1,0.6983365481486378
"Webb, Logan","Berríos, José",True,2,0.7087323394203869
"Webb, Logan","DeSclafani, Anthony",True,3,0.7794458108640074
"Webb, Logan","Alexander, Tyler",False,4,0.8076465151408739
"Webb, Logan","Jax, Griffin",True,5,0.8105597570210573
"Webb, Logan","Funderburk, Kody",False,6,0.8620266337805124
"Webb, Logan","Meyer, Max",True,7,0.8645083512267888
"Webb, Logan","Keller, Brad",True,8,0.866197949287823
"Webb, Logan","Cano, Yennier",True,9,0.9036240205548528
"Webb, Logan","Bergert, Ryan",True,10,0.9117859890974
"Kerkering, Orion","Payamps, Joel",True,1,0.5406843086797078
"Kerkering, Orion","King, Bryan",False,2,0.6111194635081534
"Kerkering, Orion","Imanaga, Shota",False,3,0.7832213088662116
"Kerkering, Orion","Henry, Cole",True,4,0.7832420259706143
"Kerkering, Orion","Reynolds, Sean",True,5,0.7856944878105866
"Kerkering, Orion","May, Dustin",True,6,0.7967421274195244
"Kerkering, Orion","Wesneski, Hayden",True,7,0.8149046449029149
"Kerkering, Orion","Treinen, Blake",True,8,0.8769028869229705
"Kerkering, Orion","Moll, Sam",False,9,0.8827915302036372
"Kerkering, Orion","Brash, Matt",True,10,0.8957956605814309
"Gomber, Austin","Wolfram, Grant",True,1,0.6230908085235338
"Gomber, Austin","Blalock, Bradley",False,2,0.694681387798593
"Gomber, Austin","Alcala, Jorge",False,3,0.7099226330525649
"Gomber, Austin","Hernández, Carlos",False,4,0.7109223713347954
"Gomber, Austin","Waldrep, Hurston",False,5,0.7242236117348075
"Gomber, Austin","Cameron, Noah",True,6,0.7271580596875868
"Gomber, Austin","Matthews, Zebby",False,7,0.7591201225105305
"Gomber, Austin","Parker, Mitchell",True,8,0.7789476516774638
"Gomber, Austin","Ray, Robbie",True,9,0.7866575193762259
"Gomber, Austin","Wrobleski, Justin",True,10,0.8647774368306036
"Peterson, David","Quantrill, Cal",False,1,0.44903538067328275
"Peterson, David","Alcala, Jorge",False,2,0.5512971875757537
"Peterson, David","Kikuchi, Yusei",True,3,0.5828766546218824
"Peterson, David","Wrobleski, Justin",True,4,0.5875492590131332
"Peterson, David","Stanek, Ryne",False,5,0.6310337557688057
"Peterson, David","Waldrep, Hurston",False,6,0.6604552225858404
"Peterson, David","Soriano, José",False,7,0.6666504042534991
"Peterson, David","Gilbert, Logan",False,8,0.6727218055304723
"Peterson, David","Priester, Quinn",False,9,0.6839233439710433
"Peterson, David","Lively, Ben",False,10,0.697843782181924
"Walker, Ryan","Backhus, Kyle",False,1,0.35943321682780627
"Walker, Ryan","Sproat, Brandon",True,2,0.5399942392903292
"Walker, Ryan","McFarland, T.J.",False,3,0.7009211613447226
"Walker, Ryan","Garcia, Brandyn",False,4,1.0501431612415162
"Walker, Ryan","Lawrence, Justin",True,5,1.201630336385612
"Walker, Ryan","Tinoco, Jesus",True,6,1.350084596612664
"Walker, Ryan","Young, Danny",False,7,1.4645291723438525
"Walker, Ryan","Lovelady, Richard",False,8,1.563264341022101
"Walker, Ryan","Uribe, Abner",True,9,1.717825111838137
"Walker, Ryan","Gibson, Kyle",True,10,1.7582433488583686
"Woodford, Jake","Kolek, Stephen",True,1,0.4418987788424569
"Woodford, Jake","Severino, Luis",True,2,0.46373220960415645
"Woodford, Jake","Cannon, Jonathan",True,3,0.46552154582561817
"Woodford, Jake","Alexander, Tyler",False,4,0.468780747060055
"Woodford, Jake","Legumina, Casey",True,5,0.5104445086177067
"Woodford, Jake","Stewart, Brock",True,6,0.5452002950682486
"Woodford, Jake","Waddell, Brandon",False,7,0.5461060795813004
"Woodford, Jake","Bellozo, Valente",True,8,0.5689776559738436
"Woodford, Jake","Tidwell, Blade",True,9,0.575159201289254
"Woodford, Jake","Allen, Logan",False,10,0.6050436539714618
"Herrin, Tim","Legumina, Casey",False,1,0.4496380377679104
"Herrin, Tim","Allen, Logan",True,2,0.505697209893724
"Herrin, Tim","Cortes, Nestor",True,3,0.5072255157015346
"Herrin, Tim","Hancock, Emerson",False,4,0.5201077008876839
"Herrin, Tim","Springs, Jeffrey",True,5,0.5343392623196078
"Herrin, Tim","Tidwell, Blade",False,6,0.5776630358938746
"Herrin, Tim","Ferguson, Tyler",False,7,0.5921771956297657
"Herrin, Tim","Kochanowicz, Jack",False,8,0.5977935995227842
"Herrin, Tim","Shugart, Chase",False,9,0.6162490768608468
"Herrin, Tim","Assad, Javier",False,10,0.6190845983248621
"Suarez, José","Smith, Cade",False,1,0.3703511802985514
"Suarez, José","Whitlock, Garrett",False,2,0.43083428873463897
"Suarez, José","Jarvis, Bryce",False,3,0.5466553203857399
"Suarez, José","Imanaga, Shota",True,4,0.6190335772029815
"Suarez, José","Weathers, Ryan",True,5,0.66006574840542
"Suarez, José","Zerpa, Angel",True,6,0.66271986860735
"Suarez, José","Orze, Eric",False,7,0.6773352790683356
"Suarez, José","Speier, Gabe",True,8,0.7646578541865761
"Suarez, José","Montero, Rafael",False,9,0.7891570405369829
"Suarez, José","Scott, Tayler",False,10,0.7907236815599965
"Thompson, Mason","Silseth, Chase",True,1,0.4100398559667079
"Thompson, Mason","Sims, Lucas",True,2,0.42195029389146466
"Thompson, Mason","Ellard, Fraser",False,3,0.49191712352715283
"Thompson, Mason","Horn, Bailey",False,4,0.49503421596274566
"Thompson, Mason","Maldonado, Anthony",True,5,0.5967379959881027
"Thompson, Mason","Hollowell, Gavin",True,6,0.6083241943817504
"Thompson, Mason","Rodríguez, Randy",True,7,0.6789395834634283
"Thompson, Mason","Puk, A.J.",False,8,0.7222222810596772
"Thompson, Mason","Fuentes, Didier",True,9,0.741016149466476
"Thompson, Mason","Bachman, Sam",True,10,0.8069193120696343
"Matthews, Zebby","Blalock, Bradley",True,1,0.5143424369445209
"Matthews, Zebby","Quantrill, Cal",True,2,0.5157861502792661
"Matthews, Zebby","Waldrep, Hurston",True,3,0.5856156533562993
"Matthews, Zebby","Cameron, Noah",False,4,0.6674751867380245
"Matthews, Zebby","Wolfram, Grant",False,5,0.7055343710611697
"Matthews, Zebby","Alcala, Jorge",True,6,0.7086827874402385
"Matthews, Zebby","Priester, Quinn",True,7,0.7195846200035996
"Matthews, Zebby","Gomber, Austin",False,8,0.7591201225105305
"Matthews, Zebby","Peterson, David",False,9,0.7880812888946653
"Matthews, Zebby","Wrobleski, Justin",False,10,0.8196045069113962
"Horn, Bailey","Silseth, Chase",False,1,0.19233423864747234
"Horn, Bailey","Puk, A.J.",True,2,0.2954914818855646
"Horn, Bailey","Rodríguez, Randy",False,3,0.301083361457612
"Horn, Bailey","Ellard, Fraser",True,4,0.3599435956984316
"Horn, Bailey","Fuentes, Didier",False,5,0.42757408106212585
"Horn, Bailey","Thompson, Mason",False,6,0.49503421596274566
"Horn, Bailey","Maldonado, Anthony",False,7,0.5302127520736417
"Horn, Bailey","Kowar, Jackson",False,8,0.5979225322369459
"Horn, Bailey","Ginkel, Kevin",False,9,0.6468781362035774
"Horn, Bailey","Saalfrank, Andrew",True,10,0.7436747694137068
"Kolek, Stephen","Cannon, Jonathan",True,1,0.30137976513948195
"Kolek, Stephen","Stewart, Brock",True,2,0.3026028268586353
"Kolek, Stephen","Alexander, Tyler",False,3,0.3609760233230114
"Kolek, Stephen","Waddell, Brandon",False,4,0.4086732058889014
"Kolek, Stephen","Woodford, Jake",True,5,0.4418987788424569
"Kolek, Stephen","Holton, Tyler",False,6,0.47244457616997776
"Kolek, Stephen","Severino, Luis",True,7,0.4778659928846132
"Kolek, Stephen","Soriano, George",True,8,0.5713822264686934
"Kolek, Stephen","Montas, Frankie",True,9,0.6111182754438914
"Kolek, Stephen","DeSclafani, Anthony",True,10,0.6169960189452092
"McFarland, T.J.","Walker, Ryan",False,1,0.7009211613447226
"McFarland, T.J.","Backhus, Kyle",True,2,0.8588504577428272
"McFarland, T.J.","Sproat, Brandon",False,3,1.0494074865291234
"McFarland, T.J.","Young, Danny",True,4,1.2044460592378052
"McFarland, T.J.","Garcia, Brandyn",True,5,1.3707205942399312
"McFarland, T.J.","Lawrence, Justin",False,6,1.4990646975000717
"McFarland, T.J.","Lovelady, Richard",True,7,1.747134143906479
"McFarland, T.J.","Tinoco, Jesus",False,8,1.771189005410069
"McFarland, T.J.","Bruihl, Justin",True,9,1.9130877771739272
"McFarland, T.J.","Gibson, Kyle",False,10,2.1559565997913204
"Stanek, Ryne","Cruz, Fernando",True,1,0.3490967017841887
"Stanek, Ryne","Gilbert, Logan",True,2,0.3725754338538688
"Stanek, Ryne","Kikuchi, Yusei",False,3,0.41607631387256144
"Stanek, Ryne","Priester, Quinn",True,4,0.43420356655128894
"Stanek, Ryne","Senga, Kodai",True,5,0.5789338645123299
"Stanek, Ryne","Carrasco, Carlos",True,6,0.5812555736539541
"Stanek, Ryne","Chapman, Aroldis",False,7,0.5844646277454495
"Stanek, Ryne","Blanco, Ronel",True,8,0.6190102878252053
"Stanek, Ryne","Suter, Brent",False,9,0.626182760902567
"Stanek, Ryne","Peterson, David",False,10,0.6310337557688057
"Matsui, Yuki","Agnos, Zach",False,1,0.36955712831903376
"Matsui, Yuki","Sauer, Matt",False,2,0.4432298402437364
"Matsui, Yuki","Blanco, Ronel",False,3,0.6197736570962714
"Matsui, Yuki","Miller, Erik",True,4,0.6799500085690839
"Matsui, Yuki","Ort, Kaleb",False,5,0.6850646520982039
"Matsui, Yuki","Bachar, Lake",False,6,0.7027809846332651
"Matsui, Yuki","Priester, Quinn",False,7,0.7095006932074246
"Matsui, Yuki","Cortes, Nestor",True,8,0.7347732135643034
"Matsui, Yuki","Buttó, José",False,9,0.7854899262603847
"Matsui, Yuki","Pepiot, Ryan",False,10,0.8083364010142472
"Scott, Tayler","Imanaga, Shota",False,1,0.48691687660413746
"Scott, Tayler","Payamps, Joel",True,2,0.7158875846194682
"Scott, Tayler","Suarez, José",False,3,0.7907236815599965
"Scott, Tayler","Miller, Shelby",True,4,0.8091797791063476
"Scott, Tayler","Moll, Sam",False,5,0.8214066616007593
"Scott, Tayler","Jarvis, Bryce",True,6,0.8306711038612906
"Scott, Tayler","Perkins, Jack",True,7,0.8953793053730345
"Scott, Tayler","King, Bryan",False,8,0.8956340170789807
"Scott, Tayler","Kerkering, Orion",True,9,0.9035554634162761
"Scott, Tayler","Wilson, Steven",True,10,0.9168001005185742
"Springs, Jeffrey","Allen, Logan",True,1,0.4284570480630501
"Springs, Jeffrey","Kochanowicz, Jack",False,2,0.531135492576863
"Springs, Jeffrey","Herrin, Tim",True,3,0.5343392623196078
"Springs, Jeffrey","Hancock, Emerson",False,4,0.5851536607864904
"Springs, Jeffrey","Shugart, Chase",False,5,0.7103582285840515
"Springs, Jeffrey","Pérez, Martín",True,6,0.7407173865738025
"Springs, Jeffrey","Hicks, Jordan",False,7,0.748709225345354
"Springs, Jeffrey","Carrasco, Carlos",False,8,0.7512642122514596
"Springs, Jeffrey","Legumina, Casey",False,9,0.7633866624423891
"Springs, Jeffrey","Tidwell, Blade",False,10,0.7681361207547096
"Allen, Logan","Kochanowicz, Jack",False,1,0.24371611539500165
"Allen, Logan","Springs, Jeffrey",True,2,0.4284570480630501
"Allen, Logan","Tidwell, Blade",False,3,0.4559829113111565
"Allen, Logan","Severino, Luis",False,4,0.45833780304185423
"Allen, Logan","Herrin, Tim",True,5,0.505697209893724
"Allen, Logan","Legumina, Casey",False,6,0.5551598185974358
"Allen, Logan","Hancock, Emerson",False,7,0.5894057011670494
"Allen, Logan","Woodford, Jake",False,8,0.6050436539714618
"Allen, Logan","Hicks, Jordan",False,9,0.6400435005363441
"Allen, Logan","Lopez, Jacob",True,10,0.6578361725958942
"Sproat, Brandon","Walker, Ryan",True,1,0.5399942392903292
"Sproat, Brandon","Backhus, Kyle",False,2,0.7615746765163499
"Sproat, Brandon","Garcia, Brandyn",False,3,0.8460061575578641
"Sproat, Brandon","Tinoco, Jesus",True,4,0.9433730403191363
"Sproat, Brandon","McFarland, T.J.",False,5,1.0494074865291234
"Sproat, Brandon","Lawrence, Justin",True,6,1.0509197016195992
"Sproat, Brandon","Gibson, Kyle",True,7,1.2213929639165153
"Sproat, Brandon","Lovelady, Richard",False,8,1.2333094450119715
"Sproat, Brandon","Uribe, Abner",True,9,1.342387048030135
"Sproat, Brandon","Effross, Scott",True,10,1.3728554689253403
"Imanaga, Shota","Jarvis, Bryce",False,1,0.4451833573470369
"Imanaga, Shota","Scott, Tayler",False,2,0.48691687660413746
"Imanaga, Shota","Payamps, Joel",False,3,0.55476528007677
"Imanaga, Shota","Zerpa, Angel",True,4,0.5804082176162555
"Imanaga, Shota","Suarez, José",True,5,0.6190335772029815
"Imanaga, Shota","Speier, Gabe",True,6,0.7030271441853071
"Imanaga, Shota","Thompson, Ryan",False,7,0.7048396903416677
"Imanaga, Shota","Weathers, Ryan",True,8,0.7595386116558275
"Imanaga, Shota","Reynolds, Sean",False,9,0.7668477985974226
"Imanaga, Shota","Poulin, PJ",True,10,0.769952871465539
"Nicolas, Kyle","Klein, Will",True,1,0.4244875863990155
"Nicolas, Kyle","Fisher, Braydon",True,2,0.7300859174634341
"Nicolas, Kyle","Sabrowski, Erik",False,3,0.7519821049656208
"Nicolas, Kyle","Flaherty, Jack",True,4,0.776145264827312
"Nicolas, Kyle","Rodríguez, Elvin",True,5,0.822451881641648
"Nicolas, Kyle","Lazar, Max",True,6,0.8535152067143509
"Nicolas, Kyle","Kranick, Max",True,7,0.906224374540984
"Nicolas, Kyle","Graceffo, Gordon",True,8,0.9418738973145824
"Nicolas, Kyle","Cox, Austin",False,9,0.9778344764517969
"Nicolas, Kyle","Dreyer, Jack",False,10,1.027679117231952
"Borucki, Ryan","Soto, Gregory",True,1,0.5280180650875397
"Borucki, Ryan","Bernardino, Brennan",True,2,0.6338940030491125
"Borucki, Ryan","Topa, Justin",False,3,0.6594109640847077
"Borucki, Ryan","Wesneski, Hayden",False,4,0.7097781182878475
"Borucki, Ryan","Garrett, Reed",False,5,0.7507374725110676
"Borucki, Ryan","Shugart, Chase",False,6,0.7638033857572669
"Borucki, Ryan","Jacob, Alek",False,7,0.7692209934962448
"Borucki, Ryan","Lodolo, Nick",True,8,0.7760308527347723
"Borucki, Ryan","Kelly, Kevin",False,9,0.7829549568064672
"Borucki, Ryan","King, Bryan",True,10,0.7894804030921753
"Waldrep, Hurston","Gilbert, Logan",True,1,0.5097396269814644
"Waldrep, Hurston","Priester, Quinn",True,2,0.522303823776318
"Waldrep, Hurston","Wolfram, Grant",False,3,0.5675179616312304
"Waldrep, Hurston","Alcala, Jorge",True,4,0.5799881841655855
"Waldrep, Hurston","Kikuchi, Yusei",False,5,0.581640463367254
"Waldrep, Hurston","Matthews, Zebby",True,6,0.5856156533562993
"Waldrep, Hurston","Wrobleski, Justin",False,7,0.5928064714186563
"Waldrep, Hurston","Cabrera, Génesis",False,8,0.6450290428351799
"Waldrep, Hurston","Peterson, David",False,9,0.6604552225858404
"Waldrep, Hurston","Quantrill, Cal",True,10,0.7140716576529121
"Manaea, Sean","King, Bryan",True,1,0.6217313226231198
"Manaea, Sean","Sale, Chris",True,2,0.6253074404880192
"Manaea, Sean","Poulin, PJ",True,3,0.7279700750183663
"Manaea, Sean","Borucki, Ryan",True,4,0.7902062568939273
"Manaea, Sean","Pérez, Cionel",True,5,0.882753294814226
"Manaea, Sean","García, Luis",False,6,0.8993154762754791
"Manaea, Sean","Sisk, Evan",True,7,0.9154848510279316
"Manaea, Sean","O'Brien, Riley",False,8,0.9417536914194076
"Manaea, Sean","Henry, Cole",False,9,0.9495238158230785
"Manaea, Sean","Reynolds, Sean",False,10,0.9922203661302365
"Megill, Trevor","Beeter, Clayton",True,1,0.6991615034145467
"Megill, Trevor","Fairbanks, Pete",True,2,0.8231181538527892
"Megill, Trevor","Pomeranz, Drew",False,3,0.889792471529295
"Megill, Trevor","Ruiz, José",True,4,0.9846411910202323
"Megill, Trevor","Williams, Devin",True,5,1.2142416669043383
"Megill, Trevor","McDermott, Chayce",True,6,1.257780292418791
"Megill, Trevor","Robertson, David",True,7,1.319774250213317
"Megill, Trevor","Brown, Ben",True,8,1.342464554608766
"Megill, Trevor","Hader, Josh",False,9,1.3569724091399862
"Megill, Trevor","Guerrero, Luis",True,10,1.4074112330230315
"Cease, Dylan","Lazar, Max",True,1,0.4637479572721979
"Cease, Dylan","Fisher, Braydon",True,2,0.6304283812037901
"Cease, Dylan","Graceffo, Gordon",True,3,0.7083057017600365
"Cease, Dylan","Taylor, Grant",True,4,0.7470694294998609
"Cease, Dylan","Rodríguez, Elvin",True,5,0.9232768939147499
"Cease, Dylan","Dreyer, Jack",False,6,1.0064935141554507
"Cease, Dylan","Klein, Will",True,7,1.0152662335082043
"Cease, Dylan","Nicolas, Kyle",True,8,1.0524730940189464
"Cease, Dylan","Helsley, Ryan",True,9,1.0692269498758613
"Cease, Dylan","Sabrowski, Erik",False,10,1.1513004844513943
"Weathers, Ryan","Jarvis, Bryce",False,1,0.5031569668420843
"Weathers, Ryan","Poulin, PJ",True,2,0.5499231301659367
"Weathers, Ryan","Speier, Gabe",True,3,0.577818691023117
"Weathers, Ryan","Sasaki, Roki",False,4,0.5800311115918855
"Weathers, Ryan","Baker, Bryan",False,5,0.608928918809693
"Weathers, Ryan","Muñoz, Andrés",False,6,0.632137760212093
"Weathers, Ryan","Zerpa, Angel",True,7,0.6521928018120188
"Weathers, Ryan","Suarez, José",True,8,0.66006574840542
"Weathers, Ryan","Thompson, Ryan",False,9,0.6659584106063107
"Weathers, Ryan","Imanaga, Shota",True,10,0.7595386116558275
"Silseth, Chase","Horn, Bailey",False,1,0.19233423864747234
"Silseth, Chase","Rodríguez, Randy",True,2,0.3460313124886974
"Silseth, Chase","Puk, A.J.",False,3,0.3572259099717597
"Silseth, Chase","Maldonado, Anthony",True,4,0.3572417412363313
"Silseth, Chase","Ellard, Fraser",False,5,0.36318161495509427
"Silseth, Chase","Thompson, Mason",True,6,0.4100398559667079
"Silseth, Chase","Fuentes, Didier",True,7,0.611464573404869
"Silseth, Chase","Saalfrank, Andrew",False,8,0.6381012408853489
"Silseth, Chase","Kowar, Jackson",True,9,0.6414375611958113
"Silseth, Chase","Ginkel, Kevin",True,10,0.6473020511726513
"Bachar, Lake","Miller, Erik",False,1,0.4553886986934548
"Bachar, Lake","Seymour, Ian",False,2,0.5272136243739074
"Bachar, Lake","Eder, Jake",False,3,0.5766843922053817
"Bachar, Lake","Cortes, Nestor",False,4,0.5803523388467174
"Bachar, Lake","Buttó, José",True,5,0.5899418622220468
"Bachar, Lake","Sauer, Matt",True,6,0.6185117726214838
"Bachar, Lake","Ober, Bailey",True,7,0.6567732406699697
"Bachar, Lake","Bello, Brayan",True,8,0.6654549967589191
"Bachar, Lake","Mize, Casey",True,9,0.6670949498626705
"Bachar, Lake","Blanco, Ronel",True,10,0.6686071428546085
"Strider, Spencer","Kranick, Max",True,1,0.49514948909023
"Strider, Spencer","Flaherty, Jack",True,2,0.5169718395813303
"Strider, Spencer","Booser, Cam",False,3,0.7311992259163004
"Strider, Spencer","Brown, McCade",True,4,0.8590845189272441
"Strider, Spencer","Lucchesi, Joey",False,5,0.9526600410617696
"Strider, Spencer","Smith-Shawver, AJ",True,6,0.9810834198984685
"Strider, Spencer","Bednar, David",True,7,0.9859619958776334
"Strider, Spencer","Murphy, Chris",False,8,1.0236907870189538
"Strider, Spencer","Hernández, Carlos",True,9,1.1614602400631577
"Strider, Spencer","Nicolas, Kyle",True,10,1.180973169492628
"Seymour, Ian","Buttó, José",False,1,0.5063814997363084
"Seymour, Ian","Bachar, Lake",False,2,0.5272136243739074
"Seymour, Ian","Bello, Brayan",False,3,0.5746107707396375
"Seymour, Ian","Soriano, José",False,4,0.5816470116323221
"Seymour, Ian","Freeland, Kyle",True,5,0.5844504368628443
"Seymour, Ian","Mize, Casey",False,6,0.661867422881803
"Seymour, Ian","Singer, Brady",False,7,0.7069611279849305
"Seymour, Ian","Kochanowicz, Jack",False,8,0.709165584170566
"Seymour, Ian","Meyer, Max",False,9,0.7229808805647877
"Seymour, Ian","Soriano, George",False,10,0.7441435297733023
"King, Bryan","Poulin, PJ",True,1,0.5068589107789644
"King, Bryan","Kerkering, Orion",False,2,0.6111194635081534
"King, Bryan","Manaea, Sean",True,3,0.6217313226231198
"King, Bryan","Sisk, Evan",True,4,0.6910959487195882
"King, Bryan","Schreiber, John",False,5,0.6926134762111376
"King, Bryan","Reynolds, Sean",False,6,0.7229586385550956
"King, Bryan","Pérez, Cionel",True,7,0.7291848304466569
"King, Bryan","Topa, Justin",False,8,0.7653139112720342
"King, Bryan","Payamps, Joel",False,9,0.7674370870839792
"King, Bryan","Imanaga, Shota",True,10,0.7829730876950483
"Pomeranz, Drew","Megill, Trevor",False,1,0.889792471529295
"Pomeranz, Drew","Robertson, David",False,2,0.9610106620543598
"Pomeranz, Drew","Beeter, Clayton",False,3,1.0587991884813919
"Pomeranz, Drew","Fairbanks, Pete",False,4,1.4356291493098599
"Pomeranz, Drew","Ruiz, José",False,5,1.5990281535893598
"Pomeranz, Drew","Williams, Devin",False,6,1.7369280957653617
"Pomeranz, Drew","Brown, Ben",False,7,1.8092318358374073
"Pomeranz, Drew","McDermott, Chayce",False,8,1.8604269660914223
"Pomeranz, Drew","Rogers, Tyler",False,9,1.8631363645082681
"Pomeranz, Drew","Romano, Jordan",False,10,2.0194017581873323
"Helsley, Ryan","Cease, Dylan",True,1,1.0692269498758613
"Helsley, Ryan","Taylor, Grant",True,2,1.2033583229208633
"Helsley, Ryan","Lazar, Max",True,3,1.2377538637080676
"Helsley, Ryan","Kranick, Max",True,4,1.276116504510162
"Helsley, Ryan","Bednar, David",True,5,1.341161102930876
"Helsley, Ryan","Nelson, Ryne",True,6,1.3483667398742039
"Helsley, Ryan","Rodríguez, Elvin",True,7,1.4131024222506605
"Helsley, Ryan","Nicolas, Kyle",True,8,1.4592929260065532
"Helsley, Ryan","Fisher, Braydon",True,9,1.4889318636190139
"Helsley, Ryan","Graceffo, Gordon",True,10,1.4905741335408227
"Backhus, Kyle","Walker, Ryan",False,1,0.35943321682780627
"Backhus, Kyle","Sproat, Brandon",False,2,0.7615746765163499
"Backhus, Kyle","McFarland, T.J.",True,3,0.8588504577428272
"Backhus, Kyle","Tinoco, Jesus",False,4,1.3541929640854642
"Backhus, Kyle","Garcia, Brandyn",True,5,1.385007681543992
"Backhus, Kyle","Lawrence, Justin",False,6,1.5341218218329797
"Backhus, Kyle","Lovelady, Richard",True,7,1.5722299222405614
"Backhus, Kyle","Uribe, Abner",False,8,1.6627283018447743
"Backhus, Kyle","Young, Danny",True,9,1.7564433690490127
"Backhus, Kyle","Gibson, Kyle",False,10,1.951033846087649
"Varland, Louis","Winn, Cole",True,1,0.1312308591188393
"Varland, Louis","Sauer, Matt",True,2,0.6942365611783212
"Varland, Louis","Matsui, Yuki",False,3,0.8322367949581702
"Varland, Louis","Freeland, Kyle",False,4,0.837671603471607
"Varland, Louis","Alcala, Jorge",True,5,0.8629044998431907
"Varland, Louis","Lynch IV, Daniel",False,6,0.9101943410829832
"Varland, Louis","Mize, Casey",True,7,0.9121650725541929
"Varland, Louis","Matthews, Zebby",True,8,0.9164393648448107
"Varland, Louis","Kelly, Merrill",True,9,0.9278611561675347
"Varland, Louis","Mlodzinski, Carmen",True,10,0.9385497985877945
"Stewart, Brock","Waddell, Brandon",False,1,0.26676832437607656
"Stewart, Brock","Kolek, Stephen",True,2,0.3026028268586353
"Stewart, Brock","Cannon, Jonathan",True,3,0.36449346918362646
"Stewart, Brock","Severino, Luis",True,4,0.3689605434964764
"Stewart, Brock","Alexander, Tyler",False,5,0.3975346119593067
"Stewart, Brock","Banks, Tanner",False,6,0.524864594473695
"Stewart, Brock","Woodford, Jake",True,7,0.5452002950682486
"Stewart, Brock","Holton, Tyler",False,8,0.5596476091037421
"Stewart, Brock","Sears, JP",False,9,0.5626956207796191
"Stewart, Brock","Hart, Kyle",False,10,0.5733446217632014
"Gibson, Kyle","Effross, Scott",True,1,0.31273974563173945
"Gibson, Kyle","McDonald, Trevor",True,2,0.9948047120556037
"Gibson, Kyle","Tinoco, Jesus",True,3,1.0651122773613202
"Gibson, Kyle","Sewald, Paul",True,4,1.1440680196265016
"Gibson, Kyle","Hollowell, Gavin",True,5,1.1733579999115857
"Gibson, Kyle","Sproat, Brandon",True,6,1.2213929639165153
"Gibson, Kyle","Guenther, Sean",False,7,1.2463015438883913
"Gibson, Kyle","Uribe, Abner",True,8,1.260426402675613
"Gibson, Kyle","Garcia, Brandyn",False,9,1.3296451099676438
"Gibson, Kyle","Lovelady, Richard",False,10,1.3767986128067697
"Puk, A.J.","Rodríguez, Randy",False,1,0.1007912193178229
"Puk, A.J.","Horn, Bailey",True,2,0.2954914818855646
"Puk, A.J.","Kowar, Jackson",False,3,0.30849740385595426
"Puk, A.J.","Silseth, Chase",False,4,0.3572259099717597
"Puk, A.J.","Ginkel, Kevin",False,5,0.41824526020730907
"Puk, A.J.","Hader, Josh",True,6,0.5556125993597821
"Puk, A.J.","Saalfrank, Andrew",True,7,0.5724051172002932
"Puk, A.J.","Guerrero, Luis",False,8,0.5737825658056268
"Puk, A.J.","Fuentes, Didier",False,9,0.5761738297771918
"Puk, A.J.","Maldonado, Anthony",False,10,0.579991237424557
"Alcala, Jorge","Wolfram, Grant",False,1,0.2669829097248114
"Alcala, Jorge","Sauer, Matt",True,2,0.5086698851336058
"Alcala, Jorge","Priester, Quinn",True,3,0.5472298787655913
"Alcala, Jorge","Peterson, David",False,4,0.5512971875757537
"Alcala, Jorge","Waldrep, Hurston",True,5,0.5799881841655855
"Alcala, Jorge","Suter, Brent",False,6,0.6702458404718182
"Alcala, Jorge","Quantrill, Cal",True,7,0.6795991628885372
"Alcala, Jorge","Matthews, Zebby",True,8,0.7086827874402385
"Alcala, Jorge","Gomber, Austin",False,9,0.7099226330525649
"Alcala, Jorge","Mize, Casey",True,10,0.7277599682919484
"Meyer, Max","Freeland, Kyle",False,1,0.5846716923746156
"Meyer, Max","Bello, Brayan",True,2,0.6949023558839144
"Meyer, Max","Seymour, Ian",False,3,0.7229808805647877
"Meyer, Max","Bergert, Ryan",True,4,0.7473645397110737
"Meyer, Max","Keller, Brad",True,5,0.7663430329220997
"Meyer, Max","Holton, Tyler",False,6,0.8458511295807103
"Meyer, Max","Phillips, Tyler",True,7,0.8590794186913037
"Meyer, Max","Berríos, José",True,8,0.8634098349883205
"Meyer, Max","Webb, Logan",True,9,0.8645083512267888
"Meyer, Max","Bachar, Lake",True,10,0.8874718758836805
"Rodríguez, Randy","Puk, A.J.",False,1,0.1007912193178229
"Rodríguez, Randy","Horn, Bailey",False,2,0.301083361457612
"Rodríguez, Randy","Silseth, Chase",True,3,0.3460313124886974
"Rodríguez, Randy","Kowar, Jackson",True,4,0.3571717881486536
"Rodríguez, Randy","Ginkel, Kevin",True,5,0.4918738716950307
"Rodríguez, Randy","Saalfrank, Andrew",False,6,0.5299380477202346
"Rodríguez, Randy","Steele, Justin",False,7,0.5752223838791772
"Rodríguez, Randy","Fuentes, Didier",True,8,0.5818251868966395
"Rodríguez, Randy","Maldonado, Anthony",True,9,0.5879571233688501
"Rodríguez, Randy","Hader, Josh",False,10,0.5931286030816829
"Bender, Anthony","O'Brien, Riley",True,1,0.7989909299524455
"Bender, Anthony","Houck, Tanner",True,2,0.8090930665478048
"Bender, Anthony","Spiers, Carson",True,3,0.8414639139878346
"Bender, Anthony","Manaea, Sean",False,4,1.0613614268351002
"Bender, Anthony","Borucki, Ryan",False,5,1.1043560887252208
"Bender, Anthony","Lawrence, Casey",True,6,1.1328045903937012
"Bender, Anthony","Mantiply, Joe",False,7,1.1633714633982195
"Bender, Anthony","Lee, Chase",True,8,1.1893512747859423
"Bender, Anthony","Mederos, Victor",True,9,1.1951472597793202
"Bender, Anthony","King, Bryan",False,10,1.2122454771380855
"O'Brien, Riley","Bender, Anthony",True,1,0.7989909299524455
"O'Brien, Riley","Manaea, Sean",False,2,0.9417536914194076
"O'Brien, Riley","García, Luis",True,3,1.0167688961389785
"O'Brien, Riley","Holderman, Colin",True,4,1.0528049254008889
"O'Brien, Riley","Borucki, Ryan",False,5,1.0839026789664585
"O'Brien, Riley","Pérez, Cionel",False,6,1.143274865806419
"O'Brien, Riley","Mederos, Victor",True,7,1.172177158029254
"O'Brien, Riley","King, Bryan",False,8,1.1750599299370645
"O'Brien, Riley","Houck, Tanner",True,9,1.1839991852068998
"O'Brien, Riley","Sale, Chris",False,10,1.2016487276679584
"Gilbert, Logan","Stanek, Ryne",True,1,0.3725754338538688
"Gilbert, Logan","Priester, Quinn",True,2,0.3843961260436834
"Gilbert, Logan","Carrasco, Carlos",True,3,0.40563424097870593
"Gilbert, Logan","Kikuchi, Yusei",False,4,0.42804874384572117
"Gilbert, Logan","Waldrep, Hurston",True,5,0.5097396269814644
"Gilbert, Logan","Cruz, Fernando",True,6,0.5239338073092865
"Gilbert, Logan","Senga, Kodai",True,7,0.5766794081087889
"Gilbert, Logan","Blanco, Ronel",True,8,0.5939054944139517
"Gilbert, Logan","Suter, Brent",False,9,0.6332781813867739
"Gilbert, Logan","Molina, Anthony",True,10,0.6529823610557456
"Priester, Quinn","Gilbert, Logan",True,1,0.3843961260436834
"Priester, Quinn","Stanek, Ryne",True,2,0.43420356655128894
"Priester, Quinn","Cruz, Fernando",True,3,0.4772400689060087
"Priester, Quinn","Waldrep, Hurston",True,4,0.522303823776318
"Priester, Quinn","Alcala, Jorge",True,5,0.5472298787655913
"Priester, Quinn","Wolfram, Grant",False,6,0.5531135192983133
"Priester, Quinn","Suter, Brent",False,7,0.5641782059643673
"Priester, Quinn","Blanco, Ronel",True,8,0.5650133826353545
"Priester, Quinn","Kikuchi, Yusei",False,9,0.5661957421838787
"Priester, Quinn","Molina, Anthony",True,10,0.5766406360614702
"Alexander, Tyler","Kolek, Stephen",False,1,0.3609760233230114
"Alexander, Tyler","Holton, Tyler",True,2,0.37728669673480364
"Alexander, Tyler","Stewart, Brock",False,3,0.3975346119593067
"Alexander, Tyler","Soriano, George",False,4,0.4438208246080661
"Alexander, Tyler","Severino, Luis",False,5,0.4569837009981199
"Alexander, Tyler","Woodford, Jake",False,6,0.468780747060055
"Alexander, Tyler","Cannon, Jonathan",False,7,0.4706095339313052
"Alexander, Tyler","Banks, Tanner",True,8,0.4744498357634681
"Alexander, Tyler","Waddell, Brandon",True,9,0.5217129109315464
"Alexander, Tyler","Cano, Yennier",False,10,0.526935883240079
"Effross, Scott","Gibson, Kyle",True,1,0.31273974563173945
"Effross, Scott","McDonald, Trevor",True,2,0.9398547656991435
"Effross, Scott","Sewald, Paul",True,3,0.9815839161580474
"Effross, Scott","Hollowell, Gavin",True,4,1.004574859642388
"Effross, Scott","Tinoco, Jesus",True,5,1.0575402658307906
"Effross, Scott","Uribe, Abner",True,6,1.1142682724027768
"Effross, Scott","Gasser, Robert",False,7,1.1245374972384843
"Effross, Scott","Murfee, Penn",True,8,1.267393375700948
"Effross, Scott","Roberts, Ethan",True,9,1.3262264457278214
"Effross, Scott","Guenther, Sean",False,10,1.3302508297251923
"Severino, Luis","Stewart, Brock",True,1,0.3689605434964764
"Severino, Luis","Alexander, Tyler",False,2,0.4569837009981199
"Severino, Luis","Allen, Logan",False,3,0.45833780304185423
"Severino, Luis","Woodford, Jake",True,4,0.46373220960415645
"Severino, Luis","Kolek, Stephen",True,5,0.4778659928846132
"Severino, Luis","Waddell, Brandon",False,6,0.4947550179960686
"Severino, Luis","Ferguson, Tyler",True,7,0.5161951576069288
"Severino, Luis","Banks, Tanner",False,8,0.5260960372842358
"Severino, Luis","Cannon, Jonathan",True,9,0.5326136043330446
"Severino, Luis","Iglesias, Raisel",True,10,0.5561297660964046
"Hader, Josh","Guerrero, Luis",False,1,0.13504170991610764
"Hader, Josh","Kowar, Jackson",False,2,0.303070975155479
"Hader, Josh","Ginkel, Kevin",False,3,0.5000405351232955
"Hader, Josh","McDermott, Chayce",False,4,0.5386059589449189
"Hader, Josh","Puk, A.J.",True,5,0.5556125993597821
"Hader, Josh","Rodríguez, Randy",False,6,0.5931286030816829
"Hader, Josh","Núñez, Eduarniel",False,7,0.6834820529379437
"Hader, Josh","Mejia, Juan",False,8,0.7331524516039002
"Hader, Josh","Steele, Justin",True,9,0.7434772213110573
"Hader, Josh","Palencia, Daniel",False,10,0.7457432727192046
"Jarvis, Bryce","Zerpa, Angel",False,1,0.23747946355360586
"Jarvis, Bryce","Speier, Gabe",False,2,0.29037842459387425
"Jarvis, Bryce","Imanaga, Shota",False,3,0.4451833573470369
"Jarvis, Bryce","Weathers, Ryan",False,4,0.5031569668420843
"Jarvis, Bryce","Suarez, José",False,5,0.5466553203857399
"Jarvis, Bryce","Muñoz, Andrés",True,6,0.5513703757549047
"Jarvis, Bryce","Baker, Bryan",True,7,0.6091435050428213
"Jarvis, Bryce","Montero, Rafael",True,8,0.6487179266906328
"Jarvis, Bryce","Poulin, PJ",False,9,0.6829029605703928
"Jarvis, Bryce","Reynolds, Sean",True,10,0.6841855909344834
"Sauer, Matt","Matsui, Yuki",False,1,0.4432298402437364
"Sauer, Matt","Agnos, Zach",True,2,0.46168601764672923
"Sauer, Matt","Alcala, Jorge",True,3,0.5086698851336058
"Sauer, Matt","Wolfram, Grant",False,4,0.5310217557496612
"Sauer, Matt","Priester, Quinn",True,5,0.5959920207548135
"Sauer, Matt","Bachar, Lake",True,6,0.6185117726214838
"Sauer, Matt","Winn, Cole",True,7,0.669525742459274
"Sauer, Matt","Morillo, Juan",True,8,0.6698944642281781
"Sauer, Matt","Seymour, Carson",True,9,0.6915278260782689
"Sauer, Matt","Varland, Louis",True,10,0.6942365611783212
"Zerpa, Angel","Jarvis, Bryce",False,1,0.23747946355360586
"Zerpa, Angel","Speier, Gabe",True,2,0.25498715556229945
"Zerpa, Angel","Muñoz, Andrés",False,3,0.5689485342425966
"Zerpa, Angel","Imanaga, Shota",True,4,0.5804082176162555
"Zerpa, Angel","Avila, Luinder",False,5,0.6370976063880303
"Zerpa, Angel","Weathers, Ryan",True,6,0.6521928018120188
"Zerpa, Angel","Whitlock, Garrett",False,7,0.6575830501614623
"Zerpa, Angel","Suarez, José",True,8,0.66271986860735
"Zerpa, Angel","Aldegheri, Sam",True,9,0.6966294856120891
"Zerpa, Angel","Agnos, Zach",False,10,0.6977355532463211
"Hollowell, Gavin","Thompson, Mason",True,1,0.6083241943817504
"Hollowell, Gavin","Bachman, Sam",True,2,0.6186979817493744
"Hollowell, Gavin","Roberts, Ethan",True,3,0.6605387181934825
"Hollowell, Gavin","Brebbia, John",True,4,0.7307198578992621
"Hollowell, Gavin","Gasser, Robert",False,5,0.7464501910129048
"Hollowell, Gavin","Silseth, Chase",True,6,0.8662565949726792
"Hollowell, Gavin","Maldonado, Anthony",True,7,0.8962079621907112
"Hollowell, Gavin","Sims, Lucas",True,8,0.9028971676811173
"Hollowell, Gavin","Saalfrank, Andrew",False,9,0.9390686926697213
"Hollowell, Gavin","Horn, Bailey",False,10,0.9932202861512318
"Kowar, Jackson","Ginkel, Kevin",True,1,0.267497978841387
"Kowar, Jackson","Guerrero, Luis",True,2,0.29155024634861093
"Kowar, Jackson","Hader, Josh",False,3,0.303070975155479
"Kowar, Jackson","Puk, A.J.",False,4,0.30849740385595426
"Kowar, Jackson","Rodríguez, Randy",True,5,0.3571717881486536
"Kowar, Jackson","McDermott, Chayce",True,6,0.4115967041811009
"Kowar, Jackson","Steele, Justin",False,7,0.508470957900482
"Kowar, Jackson","Núñez, Eduarniel",True,8,0.5531354484812196
"Kowar, Jackson","Saalfrank, Andrew",False,9,0.5813986278132852
"Kowar, Jackson","Horn, Bailey",False,10,0.5979225322369459
"Maldonado, Anthony","Silseth, Chase",True,1,0.3572417412363313
"Maldonado, Anthony","Horn, Bailey",False,2,0.5302127520736417
"Maldonado, Anthony","Ellard, Fraser",False,3,0.5336393756146651
"Maldonado, Anthony","Brebbia, John",True,4,0.535169740109521
"Maldonado, Anthony","Puk, A.J.",False,5,0.579991237424557
"Maldonado, Anthony","Rodríguez, Randy",True,6,0.5879571233688501
"Maldonado, Anthony","Saalfrank, Andrew",False,7,0.5910264542835979
"Maldonado, Anthony","Thompson, Mason",True,8,0.5967379959881027
"Maldonado, Anthony","Loutos, Ryan",True,9,0.6303924317181466
"Maldonado, Anthony","Steele, Justin",False,10,0.6350200642435034
"Skenes, Paul","Sears, JP",False,1,0.38634355627459704
"Skenes, Paul","Lopez, Jacob",False,2,0.48946112167502026
"Skenes, Paul","Allen, Logan",False,3,0.6980316681690619
"Skenes, Paul","Stewart, Brock",True,4,0.7109710010150164
"Skenes, Paul","Woo, Bryan",True,5,0.7221054839368686
"Skenes, Paul","Herget, Jimmy",True,6,0.7288368045240817
"Skenes, Paul","Rogers, Trevor",False,7,0.7586794724488896
"Skenes, Paul","Waddell, Brandon",False,8,0.7820921721997002
"Skenes, Paul","Severino, Luis",True,9,0.7871508893234241
"Skenes, Paul","Kochanowicz, Jack",True,10,0.8292603712102313
"Flaherty, Jack","Kranick, Max",True,1,0.4838633048257993
"Flaherty, Jack","Strider, Spencer",True,2,0.5169718395813303
"Flaherty, Jack","Booser, Cam",False,3,0.606028182658255
"Flaherty, Jack","Brown, McCade",True,4,0.7533995592494231
"Flaherty, Jack","Nicolas, Kyle",True,5,0.776145264827312
"Flaherty, Jack","Lucchesi, Joey",False,6,0.9284172918227994
"Flaherty, Jack","Murphy, Chris",False,7,1.0322843527645107
"Flaherty, Jack","Klein, Will",True,8,1.1143307949863837
"Flaherty, Jack","Kelly, Michael",True,9,1.1383576977238854
"Flaherty, Jack","Hernández, Carlos",True,10,1.1423932012193934
"Klein, Will","Nicolas, Kyle",True,1,0.4244875863990155
"Klein, Will","Fisher, Braydon",True,2,0.49313170999743106
"Klein, Will","Jackson, Luke",True,3,0.6716973524338602
"Klein, Will","Lazar, Max",True,4,0.6955992053994905
"Klein, Will","Graceffo, Gordon",True,5,0.6961522418984077
"Klein, Will","Sabrowski, Erik",False,6,0.8066269799431403
"Klein, Will","Cox, Austin",False,7,0.8723980155965255
"Klein, Will","Dreyer, Jack",False,8,1.0052591858045847
"Klein, Will","Rodríguez, Elvin",True,9,1.0101211376160333
"Klein, Will","Cease, Dylan",True,10,1.0152662335082043
"Winn, Cole","Varland, Louis",True,1,0.1312308591188393
"Winn, Cole","Sauer, Matt",True,2,0.669525742459274
"Winn, Cole","Freeland, Kyle",False,3,0.7903093273837799
"Winn, Cole","Matsui, Yuki",False,4,0.8208372159981553
"Winn, Cole","Alcala, Jorge",True,5,0.8277646471029152
"Winn, Cole","Lynch IV, Daniel",False,6,0.8296603548075983
"Winn, Cole","Mize, Casey",True,7,0.8494983681580058
"Winn, Cole","Matthews, Zebby",True,8,0.8769839988937792
"Winn, Cole","Wolfram, Grant",False,9,0.9011848153173496
"Winn, Cole","Melton, Troy",True,10,0.9126024517142826
"Lucchesi, Joey","Booser, Cam",True,1,0.5344508617101258
"Lucchesi, Joey","Sasaki, Roki",False,2,0.5946699509446984
"Lucchesi, Joey","Estrada, Jeremiah",False,3,0.7075335309685755
"Lucchesi, Joey","Kikuchi, Yusei",True,4,0.7568826732568088
"Lucchesi, Joey","Gilbert, Logan",False,5,0.779633403869282
"Lucchesi, Joey","Stanek, Ryne",False,6,0.7962346668011204
"Lucchesi, Joey","Muñoz, Andrés",False,7,0.8001931973017798
"Lucchesi, Joey","Speier, Gabe",True,8,0.838302671397684
"Lucchesi, Joey","Whisenhunt, Carson",True,9,0.8674032744417239
"Lucchesi, Joey","Farris, Mitch",True,10,0.8733239430315843
"Gaddis, Hunter","Sale, Chris",False,1,0.845995167070007
"Gaddis, Hunter","Weathers, Ryan",False,2,0.8469600387183636
"Gaddis, Hunter","Muñoz, Andrés",True,3,0.8723300140314812
"Gaddis, Hunter","Sasaki, Roki",True,4,0.8744467774522897
"Gaddis, Hunter","Lucchesi, Joey",False,5,0.8906246684925757
"Gaddis, Hunter","Poulin, PJ",False,6,0.9450272499350898
"Gaddis, Hunter","Baker, Bryan",True,7,0.966503513602803
"Gaddis, Hunter","Herrin, Tim",False,8,0.9878572622339322
"Gaddis, Hunter","Pérez, Cionel",False,9,0.9945990609102723
"Gaddis, Hunter","Hancock, Emerson",True,10,1.0296423471636726
"Fisher, Braydon","Lazar, Max",True,1,0.3693694816501376
"Fisher, Braydon","Graceffo, Gordon",True,2,0.37063413459723477
"Fisher, Braydon","Klein, Will",True,3,0.49313170999743106
"Fisher, Braydon","Cease, Dylan",True,4,0.6304283812037901
"Fisher, Braydon","Nicolas, Kyle",True,5,0.7300859174634341
"Fisher, Braydon","Taylor, Grant",True,6,0.8087453122383205
"Fisher, Braydon","Jackson, Luke",True,7,0.8253003376505148
"Fisher, Braydon","Dreyer, Jack",False,8,0.9038851423877864
"Fisher, Braydon","Sabrowski, Erik",False,9,0.9053083202483925
"Fisher, Braydon","Cox, Austin",False,10,0.9173013688648662
"Ginkel, Kevin","McDermott, Chayce",True,1,0.2165235056726126
"Ginkel, Kevin","Kowar, Jackson",True,2,0.267497978841387
"Ginkel, Kevin","Puk, A.J.",False,3,0.41824526020730907
"Ginkel, Kevin","Guerrero, Luis",True,4,0.4848107459615264
"Ginkel, Kevin","Rodríguez, Randy",True,5,0.4918738716950307
"Ginkel, Kevin","Steele, Justin",False,6,0.4984580002870397
"Ginkel, Kevin","Hader, Josh",False,7,0.5000405351232955
"Ginkel, Kevin","Loutos, Ryan",True,8,0.5227106008011679
"Ginkel, Kevin","Rainey, Tanner",True,9,0.5731261369590834
"Ginkel, Kevin","Núñez, Eduarniel",True,10,0.5770920677806203
"Cameron, Noah","Blalock, Bradley",False,1,0.5840644566804549
"Cameron, Noah","Matthews, Zebby",False,2,0.6674751867380245
"Cameron, Noah","Garcia, Rico",False,3,0.7089204096880309
"Cameron, Noah","Gomber, Austin",True,4,0.7271580596875868
"Cameron, Noah","Wolfram, Grant",True,5,0.7466743889141132
"Cameron, Noah","Parker, Mitchell",True,6,0.7633996853849693
"Cameron, Noah","Alcala, Jorge",False,7,0.7961299920770171
"Cameron, Noah","Quantrill, Cal",False,8,0.8375873199275721
"Cameron, Noah","Waldrep, Hurston",False,9,0.8949836514226963
"Cameron, Noah","Ray, Robbie",True,10,0.8955552595292392
"Kranick, Max","Flaherty, Jack",True,1,0.4838633048257993
"Kranick, Max","Strider, Spencer",True,2,0.49514948909023
"Kranick, Max","Nicolas, Kyle",True,3,0.906224374540984
"Kranick, Max","Murphy, Chris",False,4,0.9559335177448961
"Kranick, Max","Booser, Cam",False,5,0.9764647829829538
"Kranick, Max","Nelson, Ryne",True,6,1.0320370762280697
"Kranick, Max","Brown, McCade",True,7,1.0756206587378416
"Kranick, Max","Bednar, David",True,8,1.1364697089496014
"Kranick, Max","Smith-Shawver, AJ",True,9,1.1419419092108514
"Kranick, Max","Rolison, Ryan",False,10,1.210330578165801
"Blalock, Bradley","Matthews, Zebby",True,1,0.5143424369445209
"Blalock, Bradley","Cameron, Noah",False,2,0.5840644566804549
"Blalock, Bradley","Gomber, Austin",False,3,0.694681387798593
"Blalock, Bradley","Parker, Mitchell",False,4,0.7006442334681099
"Blalock, Bradley","Ray, Robbie",False,5,0.7333960154629255
"Blalock, Bradley","Quantrill, Cal",True,6,0.8172152123391456
"Blalock, Bradley","Waldrep, Hurston",True,7,0.8181105474863722
"Blalock, Bradley","Lauer, Eric",False,8,0.8659716930047014
"Blalock, Bradley","Wolfram, Grant",False,9,0.8885942836109711
"Blalock, Bradley","Hernández, Carlos",True,10,0.9420438341744021
"Sears, JP","Lopez, Jacob",True,1,0.3262457522487103
"Sears, JP","Skenes, Paul",False,2,0.38634355627459704
"Sears, JP","Woo, Bryan",False,3,0.5303881448004828
"Sears, JP","Stewart, Brock",False,4,0.5626956207796191
"Sears, JP","Waddell, Brandon",True,5,0.6181871528779671
"Sears, JP","Severino, Luis",False,6,0.6503719901291848
"Sears, JP","Soto, Gregory",True,7,0.6623464944957466
"Sears, JP","Herget, Jimmy",False,8,0.6674771446161198
"Sears, JP","Allen, Logan",True,9,0.6937500610157457
"Sears, JP","Hart, Kyle",True,10,0.7069083073122365
"Guerrero, Luis","Hader, Josh",False,1,0.13504170991610764
"Guerrero, Luis","Kowar, Jackson",True,2,0.29155024634861093
"Guerrero, Luis","Ginkel, Kevin",True,3,0.4848107459615264
"Guerrero, Luis","McDermott, Chayce",True,4,0.5137437892530896
"Guerrero, Luis","Núñez, Eduarniel",True,5,0.5590985916793276
"Guerrero, Luis","Puk, A.J.",False,6,0.5737825658056268
"Guerrero, Luis","Rodríguez, Randy",True,7,0.600502963584221
"Guerrero, Luis","Palencia, Daniel",True,8,0.6236171484645135
"Guerrero, Luis","Steele, Justin",False,9,0.6484076052874678
"Guerrero, Luis","Mejia, Juan",True,10,0.683627128334655
"McDermott, Chayce","Ginkel, Kevin",True,1,0.2165235056726126
"McDermott, Chayce","Kowar, Jackson",True,2,0.4115967041811009
"McDermott, Chayce","Rainey, Tanner",True,3,0.4858691616720947
"McDermott, Chayce","Guerrero, Luis",True,4,0.5137437892530896
"McDermott, Chayce","Hader, Josh",False,5,0.5386059589449189
"McDermott, Chayce","Brown, Ben",True,6,0.5435376074136044
"McDermott, Chayce","Loutos, Ryan",True,7,0.5541361398367576
"McDermott, Chayce","Ruiz, José",True,8,0.5805479765331176
"McDermott, Chayce","Núñez, Eduarniel",True,9,0.5924657483533647
"McDermott, Chayce","Steele, Justin",False,10,0.5946099590428822
"Soto, Gregory","Borucki, Ryan",True,1,0.5280180650875397
"Soto, Gregory","Veneziano, Anthony",True,2,0.5495428505989
"Soto, Gregory","Lodolo, Nick",True,3,0.5854355449811228
"Soto, Gregory","Sears, JP",True,4,0.6623464944957466
"Soto, Gregory","Wesneski, Hayden",False,5,0.6762373903471794
"Soto, Gregory","Lopez, Jacob",True,6,0.7056325258465286
"Soto, Gregory","Shugart, Chase",False,7,0.7689630709445625
"Soto, Gregory","Assad, Javier",False,8,0.8121178241478036
"Soto, Gregory","Ferguson, Tyler",False,9,0.8243344329038045
"Soto, Gregory","Herget, Jimmy",False,10,0.8253768074502807
"Graceffo, Gordon","Fisher, Braydon",True,1,0.37063413459723477
"Graceffo, Gordon","Lazar, Max",True,2,0.37381903241461084
"Graceffo, Gordon","Taylor, Grant",True,3,0.6525733645528624
"Graceffo, Gordon","Klein, Will",True,4,0.6961522418984077
"Graceffo, Gordon","Cease, Dylan",True,5,0.7083057017600365
"Graceffo, Gordon","Cox, Austin",False,6,0.809388499323737
"Graceffo, Gordon","Jackson, Luke",True,7,0.8484997401189629
"Graceffo, Gordon","Nicolas, Kyle",True,8,0.9418738973145824
"Graceffo, Gordon","Dreyer, Jack",False,9,1.0908280887364206
"Graceffo, Gordon","Sabrowski, Erik",False,10,1.1428917738322786
"Wolfram, Grant","Alcala, Jorge",False,1,0.2669829097248114
"Wolfram, Grant","Sauer, Matt",False,2,0.5310217557496612
"Wolfram, Grant","Priester, Quinn",False,3,0.5531135192983133
"Wolfram, Grant","Waldrep, Hurston",False,4,0.5675179616312304
"Wolfram, Grant","Gomber, Austin",True,5,0.6230908085235338
"Wolfram, Grant","Suter, Brent",True,6,0.6306831385880567
"Wolfram, Grant","Matthews, Zebby",False,7,0.7055343710611697
"Wolfram, Grant","Ray, Robbie",True,8,0.7185127820021139
"Wolfram, Grant","Molina, Anthony",False,9,0.7275534924233537
"Wolfram, Grant","Seymour, Carson",False,10,0.7306888692191491
"Lazar, Max","Fisher, Braydon",True,1,0.3693694816501376
"Lazar, Max","Graceffo, Gordon",True,2,0.37381903241461084
"Lazar, Max","Cease, Dylan",True,3,0.4637479572721979
"Lazar, Max","Taylor, Grant",True,4,0.4865431947194345
"Lazar, Max","Klein, Will",True,5,0.6955992053994905
"Lazar, Max","Nicolas, Kyle",True,6,0.8535152067143509
"Lazar, Max","Cox, Austin",False,7,0.8625264466844048
"Lazar, Max","Jackson, Luke",True,8,0.9020721536609327
"Lazar, Max","Rodríguez, Elvin",True,9,1.0638144380839691
"Lazar, Max","Dreyer, Jack",False,10,1.1013353718893708
"Poulin, PJ","King, Bryan",True,1,0.5068589107789644
"Poulin, PJ","Weathers, Ryan",True,2,0.5499231301659367
"Poulin, PJ","Baker, Bryan",False,3,0.572154934549546
"Poulin, PJ","Muñoz, Andrés",False,4,0.6047238117402759
"Poulin, PJ","Sisk, Evan",True,5,0.6629882422399171
"Poulin, PJ","Pérez, Cionel",True,6,0.6719933438084189
"Poulin, PJ","Jarvis, Bryce",False,7,0.6829029605703928
"Poulin, PJ","Manaea, Sean",True,8,0.7279700750183663
"Poulin, PJ","Speier, Gabe",True,9,0.7411646112807876
"Poulin, PJ","Imanaga, Shota",True,10,0.769952871465539
"Wesneski, Hayden","Veneziano, Anthony",False,1,0.43255074287605216
"Wesneski, Hayden","Ferguson, Tyler",True,2,0.5327831658775016
"Wesneski, Hayden","Topa, Justin",True,3,0.5843995378397641
"Wesneski, Hayden","Assad, Javier",True,4,0.6006048812011213
"Wesneski, Hayden","Soto, Gregory",False,5,0.6762373903471794
"Wesneski, Hayden","Hart, Kyle",False,6,0.6995186662685748
"Wesneski, Hayden","Severino, Luis",True,7,0.7063601257004738
"Wesneski, Hayden","Borucki, Ryan",False,8,0.7097781182878475
"Wesneski, Hayden","Eder, Jake",False,9,0.7416367640507783
"Wesneski, Hayden","Hurter, Brant",False,10,0.7479531106100638
"Hernández, Carlos","Gomber, Austin",False,1,0.7109223713347954
"Hernández, Carlos","Kikuchi, Yusei",False,2,0.7822855283195496
"Hernández, Carlos","Ray, Robbie",False,3,0.8162443700064241
"Hernández, Carlos","Lauer, Eric",False,4,0.8168265464695966
"Hernández, Carlos","Falter, Bailey",False,5,0.8318332034967736
"Hernández, Carlos","Senzatela, Antonio",True,6,0.8663826257041298
"Hernández, Carlos","Waldrep, Hurston",True,7,0.9000752486215816
"Hernández, Carlos","Wolfram, Grant",False,8,0.9249079463586941
"Hernández, Carlos","Blalock, Bradley",True,9,0.9420438341744021
"Hernández, Carlos","Parker, Mitchell",False,10,0.9585588589131461
"Mejia, Juan","Palencia, Daniel",True,1,0.5639265562535901
"Mejia, Juan","Arias, Luarbert",True,2,0.6085557700800326
"Mejia, Juan","Headrick, Brent",False,3,0.6237543433195459
"Mejia, Juan","Guerrero, Luis",True,4,0.683627128334655
"Mejia, Juan","Hader, Josh",False,5,0.7331524516039002
"Mejia, Juan","Kowar, Jackson",True,6,0.8208667217915058
"Mejia, Juan","Núñez, Eduarniel",True,7,0.8626043231325884
"Mejia, Juan","Rodríguez, Randy",True,8,0.8657068892641455
"Mejia, Juan","Saalfrank, Andrew",False,9,0.9109699200354144
"Mejia, Juan","Puk, A.J.",False,10,0.919213000669276
"Miller, Erik","Bachar, Lake",False,1,0.4553886986934548
"Miller, Erik","Cortes, Nestor",True,2,0.46242654808039146
"Miller, Erik","Eder, Jake",True,3,0.4763761701867232
"Miller, Erik","Rodríguez, Yariel",False,4,0.48983475334846655
"Miller, Erik","Spence, Mitch",False,5,0.49721494506876895
"Miller, Erik","Domínguez, Seranthony",False,6,0.499613619320879
"Miller, Erik","Perkins, Jack",False,7,0.5089656978340543
"Miller, Erik","Melton, Troy",False,8,0.5171137852887169
"Miller, Erik","Chapman, Aroldis",True,9,0.539809877764968
"Miller, Erik","Soriano, George",False,10,0.5783191132974771
"Beeter, Clayton","Ruiz, José",True,1,0.6008784200348086
"Beeter, Clayton","Megill, Trevor",True,2,0.6991615034145467
"Beeter, Clayton","Brown, Ben",True,3,0.768231519636781
"Beeter, Clayton","McDermott, Chayce",True,4,0.8559861723891486
"Beeter, Clayton","Fairbanks, Pete",True,5,0.9576532293049443
"Beeter, Clayton","Williams, Devin",True,6,0.960563698603634
"Beeter, Clayton","Romano, Jordan",True,7,1.0118965460963634
"Beeter, Clayton","Rainey, Tanner",True,8,1.0283884770221767
"Beeter, Clayton","Ginkel, Kevin",True,9,1.054257998025795
"Beeter, Clayton","Pomeranz, Drew",False,10,1.0587991884813919
"Perkins, Jack","Miller, Erik",False,1,0.5089656978340543
"Perkins, Jack","Domínguez, Seranthony",True,2,0.524726659749884
"Perkins, Jack","Eder, Jake",False,3,0.5447745989860175
"Perkins, Jack","Ferguson, Tyler",True,4,0.5883727856249762
"Perkins, Jack","Rodríguez, Yariel",True,5,0.6001556294854039
"Perkins, Jack","Cortes, Nestor",False,6,0.606905451162289
"Perkins, Jack","Junis, Jakob",True,7,0.6746482895515268
"Perkins, Jack","Alexander, Tyler",False,8,0.6985827941209605
"Perkins, Jack","Iglesias, Raisel",True,9,0.7153297450508845
"Perkins, Jack","Bachar, Lake",True,10,0.7437249728292207
"Raley, Brooks","Bernardino, Brennan",True,1,0.7117525987774771
"Raley, Brooks","Garrett, Reed",False,2,0.8206612788403469
"Raley, Brooks","Hart, Kyle",True,3,0.8390588666452641
"Raley, Brooks","Stroman, Marcus",False,4,0.8543609929163564
"Raley, Brooks","Milner, Hoby",True,5,0.9044530856270956
"Raley, Brooks","Spiers, Carson",False,6,0.9300841387627764
"Raley, Brooks","Lawrence, Casey",False,7,1.008339419187346
"Raley, Brooks","Borucki, Ryan",True,8,1.031494211403271
"Raley, Brooks","Mantiply, Joe",True,9,1.0340443461956246
"Raley, Brooks","Houck, Tanner",False,10,1.0346542842539324
"Speier, Gabe","Zerpa, Angel",True,1,0.25498715556229945
"Speier, Gabe","Jarvis, Bryce",False,2,0.29037842459387425
"Speier, Gabe","Muñoz, Andrés",False,3,0.37257822200797597
"Speier, Gabe","Baker, Bryan",False,4,0.5018227679135763
"Speier, Gabe","Vodnik, Victor",False,5,0.5652910879704501
"Speier, Gabe","Weathers, Ryan",True,6,0.577818691023117
"Speier, Gabe","Banda, Anthony",True,7,0.614365316774902
"Speier, Gabe","Chandler, Bubba",False,8,0.6292020553056531
"Speier, Gabe","Montero, Rafael",False,9,0.6320737982270078
"Speier, Gabe","Whisenhunt, Carson",True,10,0.6358159233953438
"Booser, Cam","Lucchesi, Joey",True,1,0.5344508617101258
"Booser, Cam","Flaherty, Jack",False,2,0.606028182658255
"Booser, Cam","Kelly, Michael",False,3,0.6728581241350308
"Booser, Cam","Strider, Spencer",False,4,0.7311992259163004
"Booser, Cam","Brown, McCade",False,5,0.9100530443701169
"Booser, Cam","Sasaki, Roki",False,6,0.9297133039679903
"Booser, Cam","Muñoz, Andrés",False,7,0.9469239736487062
"Booser, Cam","Estrada, Jeremiah",False,8,0.9573434627226243
"Booser, Cam","Whisenhunt, Carson",True,9,0.965842579661633
"Booser, Cam","Bautista, Félix",False,10,0.9701843253218406
"Agnos, Zach","Matsui, Yuki",False,1,0.36955712831903376
"Agnos, Zach","Sauer, Matt",True,2,0.46168601764672923
"Agnos, Zach","Miller, Erik",False,3,0.5818170625848771
"Agnos, Zach","Priester, Quinn",True,4,0.5848547624905879
"Agnos, Zach","Spence, Mitch",True,5,0.5850121913202582
"Agnos, Zach","Morillo, Juan",True,6,0.5972847035369125
"Agnos, Zach","Seymour, Carson",True,7,0.6332646154747936
"Agnos, Zach","Aldegheri, Sam",False,8,0.6496450722045636
"Agnos, Zach","Speier, Gabe",False,9,0.6667361342612556
"Agnos, Zach","Blanco, Ronel",True,10,0.6843910579975583
"Freeland, Kyle","Seymour, Ian",True,1,0.5844504368628443
"Freeland, Kyle","Meyer, Max",False,2,0.5846716923746156
"Freeland, Kyle","Mize, Casey",False,3,0.7162303757872822
"Freeland, Kyle","Gipson-Long, Sawyer",False,4,0.7573297649451549
"Freeland, Kyle","Bello, Brayan",False,5,0.7748821657759087
"Freeland, Kyle","Winn, Cole",False,6,0.7903093273837799
"Freeland, Kyle","Adams, Travis",False,7,0.814727018219092
"Freeland, Kyle","Rodón, Carlos",True,8,0.8262774297208468
"Freeland, Kyle","Varland, Louis",False,9,0.837671603471607
"Freeland, Kyle","Lynch IV, Daniel",True,10,0.852753973847348
"Soriano, George","Patrick, Chad",True,1,0.3562632810075686
"Soriano, George","Gipson-Long, Sawyer",True,2,0.380029860089952
"Soriano, George","Montas, Frankie",True,3,0.3907304968319577
"Soriano, George","Banks, Tanner",False,4,0.4023139634387951
"Soriano, George","Alexander, Tyler",False,5,0.4438208246080661
"Soriano, George","Singer, Brady",True,6,0.5024157581448937
"Soriano, George","Bello, Brayan",True,7,0.5438235016752148
"Soriano, George","Melton, Troy",True,8,0.5467042254504842
"Soriano, George","Mize, Casey",True,9,0.5697671304352111
"Soriano, George","Eder, Jake",False,10,0.5711202530515748
"Ferguson, Tyler","Assad, Javier",True,1,0.3345061000971259
"Ferguson, Tyler","Iglesias, Raisel",True,2,0.38122782807493305
"Ferguson, Tyler","Eder, Jake",False,3,0.38556511479444344
"Ferguson, Tyler","Domínguez, Seranthony",True,4,0.441054789292285
"Ferguson, Tyler","Veneziano, Anthony",False,5,0.4574986380243632
"Ferguson, Tyler","Severino, Luis",True,6,0.5161951576069288
"Ferguson, Tyler","Wesneski, Hayden",True,7,0.5327831658775016
"Ferguson, Tyler","Rodríguez, Yariel",True,8,0.5683671064465821
"Ferguson, Tyler","Perkins, Jack",True,9,0.5883727856249762
"Ferguson, Tyler","Herrin, Tim",False,10,0.5921771956297657
"Muñoz, Andrés","Speier, Gabe",False,1,0.37257822200797597
"Muñoz, Andrés","Pérez, Cionel",False,2,0.43699714298558234
"Muñoz, Andrés","Baker, Bryan",True,3,0.5068724368027322
"Muñoz, Andrés","Sterner, Justin",True,4,0.5487026944726487
"Muñoz, Andrés","Jarvis, Bryce",True,5,0.5513703757549047
"Muñoz, Andrés","Zerpa, Angel",False,6,0.5689485342425966
"Muñoz, Andrés","Poulin, PJ",False,7,0.6047238117402759
"Muñoz, Andrés","Weathers, Ryan",False,8,0.632137760212093
"Muñoz, Andrés","Banda, Anthony",False,9,0.6580736642262845
"Muñoz, Andrés","Herrin, Tim",False,10,0.6687613660806744
"Veneziano, Anthony","Wesneski, Hayden",False,1,0.43255074287605216
"Veneziano, Anthony","Assad, Javier",False,2,0.4357599922692193
"Veneziano, Anthony","Ferguson, Tyler",False,3,0.4574986380243632
"Veneziano, Anthony","Soto, Gregory",True,4,0.5495428505989
"Veneziano, Anthony","Eder, Jake",True,5,0.5588332838155952
"Veneziano, Anthony","Severino, Luis",False,6,0.56632923477412
"Veneziano, Anthony","Iglesias, Raisel",False,7,0.627966140594456
"Veneziano, Anthony","Lodolo, Nick",True,8,0.6522476117496087
"Veneziano, Anthony","Luzardo, Jesús",True,9,0.6681050469046028
"Veneziano, Anthony","Allen, Logan",True,10,0.6754186603284561
"Saalfrank, Andrew","Steele, Justin",True,1,0.19704401022788484
"Saalfrank, Andrew","Brebbia, John",False,2,0.340680244732637
"Saalfrank, Andrew","Bachman, Sam",False,3,0.3998533530797466
"Saalfrank, Andrew","Núñez, Eduarniel",False,4,0.4326121051096509
"Saalfrank, Andrew","Loutos, Ryan",False,5,0.44460213359987677
"Saalfrank, Andrew","Palencia, Daniel",False,6,0.529021965568938
"Saalfrank, Andrew","Rodríguez, Randy",False,7,0.5299380477202346
"Saalfrank, Andrew","Puk, A.J.",True,8,0.5724051172002932
"Saalfrank, Andrew","Kowar, Jackson",False,9,0.5813986278132852
"Saalfrank, Andrew","Maldonado, Anthony",False,10,0.5910264542835979
"Bachman, Sam","Brebbia, John",True,1,0.2661329959657054
"Bachman, Sam","Roberts, Ethan",True,2,0.2848322797756565
"Bachman, Sam","Saalfrank, Andrew",False,3,0.3998533530797466
"Bachman, Sam","Steele, Justin",False,4,0.5819907996850988
"Bachman, Sam","Gasser, Robert",False,5,0.592507365714714
"Bachman, Sam","Hollowell, Gavin",True,6,0.6186979817493744
"Bachman, Sam","Maldonado, Anthony",True,7,0.7180635897871821
"Bachman, Sam","Rodríguez, Randy",True,8,0.753144622990643
"Bachman, Sam","Palencia, Daniel",True,9,0.7534679909866615
"Bachman, Sam","Silseth, Chase",True,10,0.7556159157603979
"Chapman, Aroldis","Spence, Mitch",False,1,0.46936195985072116
"Chapman, Aroldis","Cruz, Fernando",False,2,0.48961768712919745
"Chapman, Aroldis","Melton, Troy",False,3,0.5259257853212255
"Chapman, Aroldis","Hancock, Emerson",False,4,0.5266451907337556
"Chapman, Aroldis","Miller, Erik",True,5,0.539809877764968
"Chapman, Aroldis","Domínguez, Seranthony",False,6,0.5426260555012551
"Chapman, Aroldis","Stanek, Ryne",False,7,0.5844646277454495
"Chapman, Aroldis","Carrasco, Carlos",False,8,0.6090495561867533
"Chapman, Aroldis","Pérez, Martín",True,9,0.643193770723952
"Chapman, Aroldis","Priester, Quinn",False,10,0.6435924336408378
"Montas, Frankie","Soriano, George",True,1,0.3907304968319577
"Montas, Frankie","Patrick, Chad",True,2,0.439677379165745
"Montas, Frankie","Gipson-Long, Sawyer",True,3,0.5070277502721051
"Montas, Frankie","Alexander, Tyler",False,4,0.5807665654052548
"Montas, Frankie","Banks, Tanner",False,5,0.5824257197496141
"Montas, Frankie","Melton, Troy",True,6,0.6046583159574364
"Montas, Frankie","Kolek, Stephen",True,7,0.6111182754438914
"Montas, Frankie","Woodford, Jake",True,8,0.7006654595399867
"Montas, Frankie","Singer, Brady",True,9,0.7434302960639008
"Montas, Frankie","Miller, Erik",False,10,0.7450345687977785
"Pérez, Cionel","Sterner, Justin",False,1,0.29755338788479824
"Pérez, Cionel","Muñoz, Andrés",False,2,0.43699714298558234
"Pérez, Cionel","Reynolds, Sean",False,3,0.6713943078451918
"Pérez, Cionel","Poulin, PJ",True,4,0.6719933438084189
"Pérez, Cionel","Assad, Javier",False,5,0.7286704354213261
"Pérez, Cionel","King, Bryan",True,6,0.7291848304466569
"Pérez, Cionel","Speier, Gabe",True,7,0.7444638695641579
"Pérez, Cionel","Sisk, Evan",True,8,0.7453722736661178
"Pérez, Cionel","Baker, Bryan",False,9,0.7859440876331246
"Pérez, Cionel","Banda, Anthony",True,10,0.796564854419581
"Brebbia, John","Bachman, Sam",True,1,0.2661329959657054
"Brebbia, John","Saalfrank, Andrew",False,2,0.340680244732637
"Brebbia, John","Steele, Justin",False,3,0.4783665309776787
"Brebbia, John","Roberts, Ethan",True,4,0.48546267576778274
"Brebbia, John","Maldonado, Anthony",True,5,0.535169740109521
"Brebbia, John","Loutos, Ryan",True,6,0.5712104979999143
"Brebbia, John","Silseth, Chase",True,7,0.6884614328270351
"Brebbia, John","Whitley, Forrest",True,8,0.6912336212260866
"Brebbia, John","Núñez, Eduarniel",True,9,0.7210999694281306
"Brebbia, John","Hollowell, Gavin",True,10,0.7307198578992621
"Fairbanks, Pete","Williams, Devin",True,1,0.5952168507079423
"Fairbanks, Pete","Merryweather, Julian",True,2,0.8057821130962561
"Fairbanks, Pete","Ruiz, José",True,3,0.8144828144811989
"Fairbanks, Pete","Megill, Trevor",True,4,0.8231181538527892
"Fairbanks, Pete","Beeter, Clayton",True,5,0.9576532293049443
"Fairbanks, Pete","Mears, Nick",True,6,1.0827403278702452
"Fairbanks, Pete","Romano, Jordan",True,7,1.1027565532993433
"Fairbanks, Pete","Brown, Ben",True,8,1.2090518213993307
"Fairbanks, Pete","Poche, Colin",False,9,1.2686320882078996
"Fairbanks, Pete","Sousa, Bennett",False,10,1.2765351276877923
"Steele, Justin","Saalfrank, Andrew",True,1,0.19704401022788484
"Steele, Justin","Núñez, Eduarniel",False,2,0.28036928416573026
"Steele, Justin","Loutos, Ryan",False,3,0.2952277086705563
"Steele, Justin","Rainey, Tanner",False,4,0.46500429735974724
"Steele, Justin","Brebbia, John",False,5,0.4783665309776787
"Steele, Justin","Ginkel, Kevin",False,6,0.4984580002870397
"Steele, Justin","Kowar, Jackson",False,7,0.508470957900482
"Steele, Justin","Palencia, Daniel",False,8,0.511098252435566
"Steele, Justin","Rodríguez, Randy",False,9,0.5752223838791772
"Steele, Justin","Bachman, Sam",False,10,0.5819907996850988
"Ruiz, José","Brown, Ben",True,1,0.4413507228698385
"Ruiz, José","Romano, Jordan",True,2,0.47767705933571686
"Ruiz, José","McDermott, Chayce",True,3,0.5805479765331176
"Ruiz, José","Williams, Devin",True,4,0.5958182104072766
"Ruiz, José","Beeter, Clayton",True,5,0.6008784200348086
"Ruiz, José","Rainey, Tanner",True,6,0.6149917145451704
"Ruiz, José","Fernandez, Ryan",True,7,0.7273529916402326
"Ruiz, José","Guerrero, Luis",True,8,0.7478149262609521
"Ruiz, José","Mears, Nick",True,9,0.7784443854113295
"Ruiz, José","Ginkel, Kevin",True,10,0.7806846614134131
"Gasser, Robert","Roberts, Ethan",False,1,0.43391891226595497
"Gasser, Robert","Bachman, Sam",False,2,0.592507365714714
"Gasser, Robert","Hollowell, Gavin",False,3,0.7464501910129048
"Gasser, Robert","Okert, Steven",True,4,0.8266891538915255
"Gasser, Robert","Brebbia, John",False,5,0.8525379708041866
"Gasser, Robert","Saalfrank, Andrew",True,6,0.8977352795936016
"Gasser, Robert","Sewald, Paul",False,7,0.9183595565436913
"Gasser, Robert","Palencia, Daniel",False,8,0.9512399591835604
"Gasser, Robert","Murfee, Penn",False,9,0.9585161863053822
"Gasser, Robert","Arias, Luarbert",False,10,0.9795526087834157
"Mize, Casey","Lynch IV, Daniel",False,1,0.2529904860203378
"Mize, Casey","Gipson-Long, Sawyer",True,2,0.33585643953378985
"Mize, Casey","Melton, Troy",True,3,0.39307520915620714
"Mize, Casey","Rutledge, Jackson",True,4,0.5394184176146425
"Mize, Casey","Soriano, George",True,5,0.5697671304352111
"Mize, Casey","Adams, Travis",True,6,0.5801964017194626
"Mize, Casey","Singer, Brady",True,7,0.597065753653741
"Mize, Casey","Morillo, Juan",True,8,0.6465098840040995
"Mize, Casey","Seymour, Ian",False,9,0.661867422881803
"Mize, Casey","Suter, Brent",False,10,0.6640177875788348
"Hart, Kyle","Garrett, Reed",False,1,0.5009502190023297
"Hart, Kyle","Woo, Bryan",False,2,0.5021728260566668
"Hart, Kyle","Hurter, Brant",True,3,0.536177455467138
"Hart, Kyle","Cano, Yennier",False,4,0.5686651628441178
"Hart, Kyle","Stewart, Brock",False,5,0.5733446217632014
"Hart, Kyle","Topa, Justin",False,6,0.6196053733304988
"Hart, Kyle","Severino, Luis",False,7,0.6295004757542664
"Hart, Kyle","Iglesias, Raisel",False,8,0.6729435929029128
"Hart, Kyle","Banks, Tanner",True,9,0.6741301295002865
"Hart, Kyle","Wesneski, Hayden",False,10,0.6995186662685748
"Domínguez, Seranthony","Ferguson, Tyler",True,1,0.441054789292285
"Domínguez, Seranthony","Iglesias, Raisel",True,2,0.4733311636293466
"Domínguez, Seranthony","Rodríguez, Yariel",True,3,0.49406410915628857
"Domínguez, Seranthony","Miller, Erik",False,4,0.499613619320879
"Domínguez, Seranthony","Perkins, Jack",True,5,0.524726659749884
"Domínguez, Seranthony","Eder, Jake",False,6,0.5415543239739501
"Domínguez, Seranthony","Chapman, Aroldis",False,7,0.5426260555012551
"Domínguez, Seranthony","Spence, Mitch",True,8,0.5583326861079598
"Domínguez, Seranthony","Cortes, Nestor",False,9,0.5770997964785859
"Domínguez, Seranthony","Assad, Javier",True,10,0.6018327113069347
"Bernardino, Brennan","Garrett, Reed",False,1,0.44069760356561394
"Bernardino, Brennan","Borucki, Ryan",True,2,0.6338940030491125
"Bernardino, Brennan","Raley, Brooks",True,3,0.7117525987774771
"Bernardino, Brennan","Hart, Kyle",True,4,0.769633867170468
"Bernardino, Brennan","Houck, Tanner",False,5,0.8061713411679006
"Bernardino, Brennan","Spiers, Carson",False,6,0.8242950287225959
"Bernardino, Brennan","Mantiply, Joe",True,7,0.8361289019477447
"Bernardino, Brennan","Lodolo, Nick",True,8,0.8471353198404938
"Bernardino, Brennan","Soto, Gregory",True,9,0.8516424935586671
"Bernardino, Brennan","Lawrence, Casey",False,10,0.8531577506141681
"Loutos, Ryan","Steele, Justin",False,1,0.2952277086705563
"Loutos, Ryan","Rainey, Tanner",True,2,0.35915253746027037
"Loutos, Ryan","Núñez, Eduarniel",True,3,0.4222204908558162
"Loutos, Ryan","Saalfrank, Andrew",False,4,0.44460213359987677
"Loutos, Ryan","Ginkel, Kevin",True,5,0.5227106008011679
"Loutos, Ryan","Fernandez, Ryan",True,6,0.5374024769489152
"Loutos, Ryan","McDermott, Chayce",True,7,0.5541361398367576
"Loutos, Ryan","Brebbia, John",True,8,0.5712104979999143
"Loutos, Ryan","Scott, Tanner",False,9,0.5957558346631753
"Loutos, Ryan","Brown, Ben",True,10,0.5961694126999544
"Melton, Troy","Gipson-Long, Sawyer",True,1,0.3641112306625622
"Melton, Troy","Lynch IV, Daniel",False,2,0.38071327065900656
"Melton, Troy","Mize, Casey",True,3,0.39307520915620714
"Melton, Troy","Rutledge, Jackson",True,4,0.4945274608694229
"Melton, Troy","Miller, Erik",False,5,0.5171137852887169
"Melton, Troy","Chapman, Aroldis",False,6,0.5259257853212255
"Melton, Troy","Soriano, George",True,7,0.5467042254504842
"Melton, Troy","Spence, Mitch",True,8,0.5845986021691322
"Melton, Troy","Cruz, Fernando",True,9,0.597398467318734
"Melton, Troy","Montas, Frankie",True,10,0.6046583159574364
"Tinoco, Jesus","Uribe, Abner",True,1,0.5325804299603824
"Tinoco, Jesus","Lovelady, Richard",False,2,0.6159020921830034
"Tinoco, Jesus","Sproat, Brandon",True,3,0.9433730403191363
"Tinoco, Jesus","Effross, Scott",True,4,1.0575402658307906
"Tinoco, Jesus","Gibson, Kyle",True,5,1.0651122773613202
"Tinoco, Jesus","McDonald, Trevor",True,6,1.1814024096184688
"Tinoco, Jesus","Sewald, Paul",True,7,1.2196392659327668
"Tinoco, Jesus","Murfee, Penn",True,8,1.2498363800039984
"Tinoco, Jesus","Walker, Ryan",True,9,1.350084596612664
"Tinoco, Jesus","Backhus, Kyle",False,10,1.3541929640854642
"Carrasco, Carlos","Gilbert, Logan",True,1,0.40563424097870593
"Carrasco, Carlos","Zeferjahn, Ryan",True,2,0.5377569976369437
"Carrasco, Carlos","Stanek, Ryne",True,3,0.5812555736539541
"Carrasco, Carlos","Molina, Anthony",True,4,0.5964042498837134
"Carrasco, Carlos","Chapman, Aroldis",False,5,0.6090495561867533
"Carrasco, Carlos","Suter, Brent",False,6,0.6355254015087539
"Carrasco, Carlos","Hancock, Emerson",True,7,0.636745193794222
"Carrasco, Carlos","Pérez, Martín",False,8,0.6418425991359569
"Carrasco, Carlos","Priester, Quinn",True,9,0.6772387257559395
"Carrasco, Carlos","Melton, Troy",True,10,0.6929343807386006
"Bello, Brayan","Singer, Brady",True,1,0.4797825271998464
"Bello, Brayan","Luzardo, Jesús",False,2,0.5280242844214346
"Bello, Brayan","Soriano, George",True,3,0.5438235016752148
"Bello, Brayan","Seymour, Ian",False,4,0.5746107707396375
"Bello, Brayan","Eder, Jake",False,5,0.578826232403024
"Bello, Brayan","Gipson-Long, Sawyer",True,6,0.6424108096605983
"Bello, Brayan","Bachar, Lake",True,7,0.6654549967589191
"Bello, Brayan","Banks, Tanner",False,8,0.6751828941330746
"Bello, Brayan","Severino, Luis",True,9,0.6810363679487478
"Bello, Brayan","Meyer, Max",True,10,0.6949023558839144
"Núñez, Eduarniel","Steele, Justin",False,1,0.28036928416573026
"Núñez, Eduarniel","Rainey, Tanner",True,2,0.33672849808671973
"Núñez, Eduarniel","Palencia, Daniel",True,3,0.3765146002205312
"Núñez, Eduarniel","Loutos, Ryan",True,4,0.4222204908558162
"Núñez, Eduarniel","Saalfrank, Andrew",False,5,0.4326121051096509
"Núñez, Eduarniel","Fernandez, Ryan",True,6,0.4600416353805923
"Núñez, Eduarniel","Hernández, Daysbel",True,7,0.49355009719625387
"Núñez, Eduarniel","Johnson, Seth",True,8,0.5094463501425529
"Núñez, Eduarniel","Kowar, Jackson",True,9,0.5531354484812196
"Núñez, Eduarniel","Romano, Jordan",True,10,0.557408969772409
"Roberts, Ethan","Bachman, Sam",True,1,0.2848322797756565
"Roberts, Ethan","Gasser, Robert",False,2,0.43391891226595497
"Roberts, Ethan","Brebbia, John",True,3,0.48546267576778274
"Roberts, Ethan","Saalfrank, Andrew",False,4,0.638829903527303
"Roberts, Ethan","Hollowell, Gavin",True,5,0.6605387181934825
"Roberts, Ethan","Whitley, Forrest",True,6,0.7504527915725562
"Roberts, Ethan","Steele, Justin",False,7,0.7982945780118567
"Roberts, Ethan","Palencia, Daniel",True,8,0.8600696052581406
"Roberts, Ethan","Darrell-Hicks, Michael",True,9,0.8831959310138463
"Roberts, Ethan","Okert, Steven",False,10,0.9076341413125437
"Palencia, Daniel","Arias, Luarbert",True,1,0.31872582220535195
"Palencia, Daniel","Núñez, Eduarniel",True,2,0.3765146002205312
"Palencia, Daniel","Headrick, Brent",False,3,0.4667615939569859
"Palencia, Daniel","Steele, Justin",False,4,0.511098252435566
"Palencia, Daniel","Johnson, Seth",True,5,0.5197721568143967
"Palencia, Daniel","Saalfrank, Andrew",False,6,0.529021965568938
"Palencia, Daniel","Mejia, Juan",True,7,0.5639265562535901
"Palencia, Daniel","Hernández, Daysbel",True,8,0.5785601994661285
"Palencia, Daniel","Guerrero, Luis",True,9,0.6236171484645135
"Palencia, Daniel","Strickland, Hunter",True,10,0.6627197474059857
"Hancock, Emerson","Pérez, Martín",False,1,0.4577731405971514
"Hancock, Emerson","Herrin, Tim",False,2,0.5201077008876839
"Hancock, Emerson","Chapman, Aroldis",False,3,0.5266451907337556
"Hancock, Emerson","Assad, Javier",True,4,0.559795074277296
"Hancock, Emerson","Springs, Jeffrey",False,5,0.5851536607864904
"Hancock, Emerson","Allen, Logan",False,6,0.5894057011670494
"Hancock, Emerson","Domínguez, Seranthony",True,7,0.6104721651159098
"Hancock, Emerson","Carrasco, Carlos",True,8,0.636745193794222
"Hancock, Emerson","Hill, Jaden",True,9,0.6370429926667558
"Hancock, Emerson","Ferguson, Tyler",True,10,0.640850656483892
"Spiers, Carson","Houck, Tanner",True,1,0.2834498371489045
"Spiers, Carson","Lawrence, Casey",True,2,0.42844761224943095
"Spiers, Carson","Mantiply, Joe",False,3,0.5278044701541964
"Spiers, Carson","Lee, Chase",True,4,0.6640429069876407
"Spiers, Carson","Bernardino, Brennan",False,5,0.8242950287225959
"Spiers, Carson","Bowman, Matt",True,6,0.8270102685104541
"Spiers, Carson","Bender, Anthony",True,7,0.8414639139878346
"Spiers, Carson","Raley, Brooks",False,8,0.9300841387627764
"Spiers, Carson","Borucki, Ryan",False,9,0.97128115819726
"Spiers, Carson","Sisk, Evan",False,10,0.9813721284742078
"Farris, Mitch","Vodnik, Victor",False,1,0.39139379814060943
"Farris, Mitch","Gausman, Kevin",False,2,0.5782337648589541
"Farris, Mitch","Whisenhunt, Carson",True,3,0.5783982236389594
"Farris, Mitch","Estrada, Jeremiah",False,4,0.5878120116669743
"Farris, Mitch","Pagán, Emilio",False,5,0.7045198587174623
"Farris, Mitch","Bautista, Félix",False,6,0.7173519947538961
"Farris, Mitch","Orze, Eric",False,7,0.7355397547120051
"Farris, Mitch","Chandler, Bubba",False,8,0.7382653449849016
"Farris, Mitch","Baker, Bryan",False,9,0.7747464900540055
"Farris, Mitch","Greene, Hunter",False,10,0.7850883710564565
"Lopez, Jacob","Sears, JP",True,1,0.3262457522487103
"Lopez, Jacob","Skenes, Paul",False,2,0.48946112167502026
"Lopez, Jacob","Woo, Bryan",False,3,0.5112966520041338
"Lopez, Jacob","Iglesias, Raisel",False,4,0.5749688526266982
"Lopez, Jacob","Lodolo, Nick",True,5,0.5787339170299913
"Lopez, Jacob","Banks, Tanner",True,6,0.5897308961428975
"Lopez, Jacob","Severino, Luis",False,7,0.6156458497760454
"Lopez, Jacob","Stewart, Brock",False,8,0.6254786854500869
"Lopez, Jacob","Williams, Trevor",False,9,0.6274236483069685
"Lopez, Jacob","Allen, Logan",True,10,0.6578361725958942
"Rainey, Tanner","Fernandez, Ryan",True,1,0.27712625590523504
"Rainey, Tanner","Brown, Ben",True,2,0.3122883970436735
"Rainey, Tanner","Núñez, Eduarniel",True,3,0.33672849808671973
"Rainey, Tanner","Loutos, Ryan",True,4,0.35915253746027037
"Rainey, Tanner","Romano, Jordan",True,5,0.4098382897601255
"Rainey, Tanner","Steele, Justin",False,6,0.46500429735974724
"Rainey, Tanner","McDermott, Chayce",True,7,0.4858691616720947
"Rainey, Tanner","Scott, Tanner",False,8,0.5068248595302702
"Rainey, Tanner","Hernández, Daysbel",True,9,0.5588773015277776
"Rainey, Tanner","Leasure, Jordan",True,10,0.5659775063540686
"Iglesias, Raisel","Ferguson, Tyler",True,1,0.38122782807493305
"Iglesias, Raisel","Hurter, Brant",False,2,0.39464634241208096
"Iglesias, Raisel","Banks, Tanner",False,3,0.3994255501041981
"Iglesias, Raisel","Domínguez, Seranthony",True,4,0.4733311636293466
"Iglesias, Raisel","Eder, Jake",False,5,0.4873106722435921
"Iglesias, Raisel","Rodríguez, Yariel",True,6,0.529975780229752
"Iglesias, Raisel","Severino, Luis",True,7,0.5561297660964046
"Iglesias, Raisel","Lopez, Jacob",False,8,0.5749688526266982
"Iglesias, Raisel","Gilbert, Tyler",False,9,0.59094050738741
"Iglesias, Raisel","Lodolo, Nick",False,10,0.6010676866588712
"Jackson, Luke","Klein, Will",True,1,0.6716973524338602
"Jackson, Luke","Fisher, Braydon",True,2,0.8253003376505148
"Jackson, Luke","Graceffo, Gordon",True,3,0.8484997401189629
"Jackson, Luke","Lazar, Max",True,4,0.9020721536609327
"Jackson, Luke","Cox, Austin",False,5,1.025921754425258
"Jackson, Luke","Alvarez, Andrew",False,6,1.05608061110166
"Jackson, Luke","Nicolas, Kyle",True,7,1.0585220348634474
"Jackson, Luke","Taylor, Grant",True,8,1.0917798322209047
"Jackson, Luke","Cease, Dylan",True,9,1.3130768259439798
"Jackson, Luke","Sabrowski, Erik",False,10,1.3300794501736133
"Brown, Ben","Rainey, Tanner",True,1,0.3122883970436735
"Brown, Ben","Romano, Jordan",True,2,0.39446655516997575
"Brown, Ben","Fernandez, Ryan",True,3,0.40107003149895365
"Brown, Ben","Ruiz, José",True,4,0.4413507228698385
"Brown, Ben","McDermott, Chayce",True,5,0.5435376074136044
"Brown, Ben","Loutos, Ryan",True,6,0.5961694126999544
"Brown, Ben","Núñez, Eduarniel",True,7,0.6320997877817348
"Brown, Ben","Scott, Tanner",False,8,0.6430869098330718
"Brown, Ben","Leasure, Jordan",True,9,0.6733866758142529
"Brown, Ben","Ginkel, Kevin",True,10,0.7140344700039981
"Uribe, Abner","Tinoco, Jesus",True,1,0.5325804299603824
"Uribe, Abner","Mey, Luis",True,2,0.9210808201813742
"Uribe, Abner","Murfee, Penn",True,3,0.941003842402293
"Uribe, Abner","Lovelady, Richard",False,4,1.0298701056857094
"Uribe, Abner","Effross, Scott",True,5,1.1142682724027768
"Uribe, Abner","Sewald, Paul",True,6,1.1314614334326965
"Uribe, Abner","Gibson, Kyle",True,7,1.260426402675613
"Uribe, Abner","McDonald, Trevor",True,8,1.2640910089392747
"Uribe, Abner","Sproat, Brandon",True,9,1.342387048030135
"Uribe, Abner","Peguero, Elvis",True,10,1.4821099964386368
"Orze, Eric","Sulser, Cole",True,1,0.39415913817236375
"Orze, Eric","Chandler, Bubba",True,2,0.4097914889466068
"Orze, Eric","Montero, Rafael",True,3,0.45566719584033627
"Orze, Eric","Aldegheri, Sam",False,4,0.48451536397234496
"Orze, Eric","Vodnik, Victor",True,5,0.48571930905796556
"Orze, Eric","Pilkington, Konnor",False,6,0.575332201110149
"Orze, Eric","Vesia, Alex",False,7,0.5846605043901251
"Orze, Eric","Suarez, José",False,8,0.6773352790683356
"Orze, Eric","Gausman, Kevin",True,9,0.685101189800005
"Orze, Eric","Dana, Caden",True,10,0.7136182501483687
"Sterner, Justin","Pérez, Cionel",False,1,0.29755338788479824
"Sterner, Justin","Muñoz, Andrés",True,2,0.5487026944726487
"Sterner, Justin","Kelly, Michael",True,3,0.6752663280834673
"Sterner, Justin","Banda, Anthony",False,4,0.6757263686510151
"Sterner, Justin","Santillan, Tony",True,5,0.754988834883255
"Sterner, Justin","Assad, Javier",True,6,0.7603072890297826
"Sterner, Justin","Morejon, Adrian",False,7,0.7735506221567023
"Sterner, Justin","Speier, Gabe",False,8,0.7746073506893567
"Sterner, Justin","Reynolds, Sean",True,9,0.8072827021606831
"Sterner, Justin","Baker, Bryan",True,10,0.8597465428072973
"Cano, Yennier","Junis, Jakob",True,1,0.5036904225659823
"Cano, Yennier","Gilbert, Tyler",False,2,0.5265441083798276
"Cano, Yennier","Alexander, Tyler",False,3,0.526935883240079
"Cano, Yennier","Banks, Tanner",False,4,0.536334475582678
"Cano, Yennier","Hart, Kyle",False,5,0.5686651628441178
"Cano, Yennier","Stewart, Brock",True,6,0.6361821193993202
"Cano, Yennier","Severino, Luis",True,7,0.6499786609448787
"Cano, Yennier","Hurter, Brant",False,8,0.6686007823829411
"Cano, Yennier","Kolek, Stephen",True,9,0.6844465631211709
"Cano, Yennier","Iglesias, Raisel",True,10,0.6958004224269345
"Assad, Javier","Ferguson, Tyler",True,1,0.3345061000971259
"Assad, Javier","Veneziano, Anthony",False,2,0.4357599922692193
"Assad, Javier","Eder, Jake",False,3,0.5023809541827898
"Assad, Javier","Hancock, Emerson",True,4,0.559795074277296
"Assad, Javier","Wesneski, Hayden",True,5,0.6006048812011213
"Assad, Javier","Domínguez, Seranthony",True,6,0.6018327113069347
"Assad, Javier","Iglesias, Raisel",True,7,0.6130358913733627
"Assad, Javier","Singer, Brady",True,8,0.6145726042710108
"Assad, Javier","Herrin, Tim",False,9,0.6190845983248621
"Assad, Javier","Rodríguez, Yariel",True,10,0.6504505417473359
"Eder, Jake","Rodríguez, Yariel",False,1,0.3028356239652779
"Eder, Jake","Ferguson, Tyler",False,2,0.38556511479444344
"Eder, Jake","Singer, Brady",False,3,0.4654333728592767
"Eder, Jake","Miller, Erik",True,4,0.4763761701867232
"Eder, Jake","Iglesias, Raisel",False,5,0.4873106722435921
"Eder, Jake","Assad, Javier",False,6,0.5023809541827898
"Eder, Jake","Banks, Tanner",True,7,0.5279528804902587
"Eder, Jake","Domínguez, Seranthony",False,8,0.5415543239739501
"Eder, Jake","Perkins, Jack",False,9,0.5447745989860175
"Eder, Jake","Veneziano, Anthony",True,10,0.5588332838155952
"Headrick, Brent","Arias, Luarbert",False,1,0.41113828939274644
"Headrick, Brent","Palencia, Daniel",False,2,0.4667615939569859
"Headrick, Brent","Mejia, Juan",False,3,0.6237543433195459
"Headrick, Brent","Hernández, Daysbel",False,4,0.6342524197691827
"Headrick, Brent","Núñez, Eduarniel",False,5,0.658036944113128
"Headrick, Brent","Johnson, Seth",False,6,0.7010618570425533
"Headrick, Brent","Guerrero, Luis",False,7,0.7072958587113983
"Headrick, Brent","Romano, Jordan",False,8,0.7187379251579743
"Headrick, Brent","Leasure, Jordan",False,9,0.7423342064538104
"Headrick, Brent","Hernandez, Nick",False,10,0.774289131639674
"Baker, Bryan","Montero, Rafael",True,1,0.46171189922292594
"Baker, Bryan","Speier, Gabe",False,2,0.5018227679135763
"Baker, Bryan","Muñoz, Andrés",True,3,0.5068724368027322
"Baker, Bryan","Vodnik, Victor",True,4,0.5161196888613163
"Baker, Bryan","Gausman, Kevin",True,5,0.5327010472864752
"Baker, Bryan","Poulin, PJ",False,6,0.572154934549546
"Baker, Bryan","Weathers, Ryan",False,7,0.608928918809693
"Baker, Bryan","Jarvis, Bryce",True,8,0.6091435050428213
"Baker, Bryan","Chandler, Bubba",True,9,0.6135372234239916
"Baker, Bryan","Castillo, José",False,10,0.6267108846344867
"Lynch IV, Daniel","Mize, Casey",False,1,0.2529904860203378
"Lynch IV, Daniel","Melton, Troy",False,2,0.38071327065900656
"Lynch IV, Daniel","Rutledge, Jackson",False,3,0.4312163735316977
"Lynch IV, Daniel","Gipson-Long, Sawyer",False,4,0.43543589662039817
"Lynch IV, Daniel","Suter, Brent",True,5,0.5927402912176465
"Lynch IV, Daniel","Alcantara, Sandy",False,6,0.6103778951107877
"Lynch IV, Daniel","Adams, Travis",False,7,0.6108272186412307
"Lynch IV, Daniel","Molina, Anthony",False,8,0.6116687281615175
"Lynch IV, Daniel","Peterson, David",True,9,0.7105186056864287
"Lynch IV, Daniel","Morillo, Juan",False,10,0.7158950899252036
"Taylor, Grant","Lazar, Max",True,1,0.4865431947194345
"Taylor, Grant","Graceffo, Gordon",True,2,0.6525733645528624
"Taylor, Grant","Cease, Dylan",True,3,0.7470694294998609
"Taylor, Grant","Fisher, Braydon",True,4,0.8087453122383205
"Taylor, Grant","Cox, Austin",False,5,0.8436188092157987
"Taylor, Grant","Klein, Will",True,6,1.0816578813563305
"Taylor, Grant","Jackson, Luke",True,7,1.0917798322209047
"Taylor, Grant","Kent, Zak",True,8,1.1879948703974752
"Taylor, Grant","Helsley, Ryan",True,9,1.2033583229208633
"Taylor, Grant","Nicolas, Kyle",True,10,1.2298136599262004
"Gipson-Long, Sawyer","Mize, Casey",True,1,0.33585643953378985
"Gipson-Long, Sawyer","Melton, Troy",True,2,0.3641112306625622
"Gipson-Long, Sawyer","Soriano, George",True,3,0.380029860089952
"Gipson-Long, Sawyer","Patrick, Chad",True,4,0.4046312732511916
"Gipson-Long, Sawyer","Adams, Travis",True,5,0.42568170830732305
"Gipson-Long, Sawyer","Lynch IV, Daniel",False,6,0.43543589662039817
"Gipson-Long, Sawyer","Rutledge, Jackson",True,7,0.4437782159071761
"Gipson-Long, Sawyer","Singer, Brady",True,8,0.5017168444452931
"Gipson-Long, Sawyer","Montas, Frankie",True,9,0.5070277502721051
"Gipson-Long, Sawyer","Miller, Erik",False,10,0.5806249636333083
"Garrett, Reed","Bernardino, Brennan",False,1,0.44069760356561394
"Garrett, Reed","Hurter, Brant",False,2,0.48413865102769843
"Garrett, Reed","Hart, Kyle",False,3,0.5009502190023297
"Garrett, Reed","Iglesias, Raisel",True,4,0.6527189265733545
"Garrett, Reed","Fedde, Erick",True,5,0.6691445054904364
"Garrett, Reed","Lodolo, Nick",False,6,0.6872147291492541
"Garrett, Reed","Topa, Justin",True,7,0.7181923675646402
"Garrett, Reed","Borucki, Ryan",False,8,0.7507374725110676
"Garrett, Reed","Woo, Bryan",True,9,0.7565436789626144
"Garrett, Reed","Lopez, Jacob",False,10,0.7943988396017096
"Pérez, Martín","Hancock, Emerson",False,1,0.4577731405971514
"Pérez, Martín","Alcantara, Sandy",False,2,0.5582165237785931
"Pérez, Martín","Suter, Brent",True,3,0.6139801936101584
"Pérez, Martín","Carrasco, Carlos",False,4,0.6418425991359569
"Pérez, Martín","Chapman, Aroldis",True,5,0.643193770723952
"Pérez, Martín","Stanek, Ryne",False,6,0.6613953867217612
"Pérez, Martín","Hill, Jaden",False,7,0.6763590721837652
"Pérez, Martín","Springs, Jeffrey",True,8,0.7407173865738025
"Pérez, Martín","Molina, Anthony",False,9,0.7462214259487545
"Pérez, Martín","Feltner, Ryan",False,10,0.750992447649445
"Robertson, David","Pomeranz, Drew",False,1,0.9610106620543598
"Robertson, David","Beeter, Clayton",True,2,1.1290125256986259
"Robertson, David","Fairbanks, Pete",True,3,1.286809776133071
"Robertson, David","Megill, Trevor",True,4,1.319774250213317
"Robertson, David","Williams, Devin",True,5,1.347281511621571
"Robertson, David","Ruiz, José",True,6,1.489390030160443
"Robertson, David","Mears, Nick",True,7,1.5083674996787655
"Robertson, David","Brown, Ben",True,8,1.6016128743993134
"Robertson, David","Merryweather, Julian",True,9,1.6117777552245918
"Robertson, David","Neris, Héctor",True,10,1.696542231158101
"Vodnik, Victor","Gausman, Kevin",True,1,0.32216072169629745
"Vodnik, Victor","Chandler, Bubba",True,2,0.3680433315274384
"Vodnik, Victor","Farris, Mitch",False,3,0.39139379814060943
"Vodnik, Victor","Whisenhunt, Carson",False,4,0.43350065219257244
"Vodnik, Victor","Montero, Rafael",True,5,0.47931352554647083
"Vodnik, Victor","Orze, Eric",True,6,0.48571930905796556
"Vodnik, Victor","Baker, Bryan",True,7,0.5161196888613163
"Vodnik, Victor","Speier, Gabe",False,8,0.5652910879704501
"Vodnik, Victor","Aldegheri, Sam",False,9,0.5685722569179885
"Vodnik, Victor","Sulser, Cole",True,10,0.575148579216106
"Jansen, Kenley","Aldegheri, Sam",False,1,0.5733560398331025
"Jansen, Kenley","Alvarez, Andrew",False,2,0.7323726981170884
"Jansen, Kenley","Chafin, Andrew",False,3,0.7718639086086686
"Jansen, Kenley","Vesia, Alex",False,4,0.8069086359313932
"Jansen, Kenley","Bautista, Félix",True,5,0.8073144924487959
"Jansen, Kenley","Whisenhunt, Carson",False,6,0.8123917752365876
"Jansen, Kenley","Dana, Caden",True,7,0.8236507363132899
"Jansen, Kenley","Chandler, Bubba",True,8,0.8659186944413506
"Jansen, Kenley","Seymour, Carson",True,9,0.8804253142782239
"Jansen, Kenley","Enns, Dietrich",False,10,0.8824426399501917
"Santillan, Tony","Banda, Anthony",False,1,0.45168479320500693
"Santillan, Tony","Coulombe, Danny",False,2,0.7261341279538509
"Santillan, Tony","Dana, Caden",True,3,0.7461249186424133
"Santillan, Tony","Sterner, Justin",True,4,0.754988834883255
"Santillan, Tony","Zerpa, Angel",False,5,0.77413521752428
"Santillan, Tony","Speier, Gabe",False,6,0.7898789104013331
"Santillan, Tony","Gibaut, Ian",True,7,0.8375052128117723
"Santillan, Tony","Aldegheri, Sam",False,8,0.8569165395596388
"Santillan, Tony","Whisenhunt, Carson",False,9,0.8754396148516022
"Santillan, Tony","Muñoz, Andrés",True,10,0.8773629309102321
"McDonald, Trevor","Sewald, Paul",True,1,0.3890832708026147
"McDonald, Trevor","Darrell-Hicks, Michael",True,2,0.6499160991257565
"McDonald, Trevor","Peguero, Elvis",True,3,0.730296342228253
"McDonald, Trevor","Murfee, Penn",True,4,0.9182330219685408
"McDonald, Trevor","Effross, Scott",True,5,0.9398547656991435
"McDonald, Trevor","Gibson, Kyle",True,6,0.9948047120556037
"McDonald, Trevor","Mayza, Tim",False,7,1.0124952478278932
"McDonald, Trevor","Roberts, Ethan",True,8,1.1718279873286146
"McDonald, Trevor","Hollowell, Gavin",True,9,1.1797530466433657
"McDonald, Trevor","Tinoco, Jesus",True,10,1.1814024096184688
"Arias, Luarbert","Palencia, Daniel",True,1,0.31872582220535195
"Arias, Luarbert","Headrick, Brent",False,2,0.41113828939274644
"Arias, Luarbert","Johnson, Seth",True,3,0.5356562905176434
"Arias, Luarbert","Okert, Steven",False,4,0.5722682985270688
"Arias, Luarbert","Bowden, Ben",False,5,0.5969356625570759
"Arias, Luarbert","Mejia, Juan",True,6,0.6085557700800326
"Arias, Luarbert","Hernández, Daysbel",True,7,0.6122073775529557
"Arias, Luarbert","Núñez, Eduarniel",True,8,0.6493372736623104
"Arias, Luarbert","Strickland, Hunter",True,9,0.6776455174733877
"Arias, Luarbert","Smith, Dylan",True,10,0.7718478621504931
"Banks, Tanner","Patrick, Chad",False,1,0.355300380172303
"Banks, Tanner","Gilbert, Tyler",True,2,0.3685877251416949
"Banks, Tanner","Iglesias, Raisel",False,3,0.3994255501041981
"Banks, Tanner","Soriano, George",False,4,0.4023139634387951
"Banks, Tanner","Alexander, Tyler",True,5,0.4744498357634681
"Banks, Tanner","Ortiz, Luis",False,6,0.5084576203861433
"Banks, Tanner","Woo, Bryan",False,7,0.5106696138470131
"Banks, Tanner","Hurter, Brant",True,8,0.5246148335289551
"Banks, Tanner","Stewart, Brock",False,9,0.524864594473695
"Banks, Tanner","Severino, Luis",False,10,0.5260960372842358
"Woo, Bryan","Hart, Kyle",False,1,0.5021728260566668
"Woo, Bryan","Banks, Tanner",False,2,0.5106696138470131
"Woo, Bryan","Lopez, Jacob",False,3,0.5112966520041338
"Woo, Bryan","Sears, JP",False,4,0.5303881448004828
"Woo, Bryan","Luzardo, Jesús",False,5,0.5407398782891931
"Woo, Bryan","Hurter, Brant",False,6,0.5808651092109351
"Woo, Bryan","Williams, Trevor",True,7,0.5814465148229055
"Woo, Bryan","Stewart, Brock",True,8,0.5884483444187769
"Woo, Bryan","Gilbert, Tyler",False,9,0.5935950782437198
"Woo, Bryan","Severino, Luis",True,10,0.6526645929568918
"Romano, Jordan","Fernandez, Ryan",True,1,0.34612837136176766
"Romano, Jordan","Brown, Ben",True,2,0.39446655516997575
"Romano, Jordan","Rainey, Tanner",True,3,0.4098382897601255
"Romano, Jordan","Leasure, Jordan",True,4,0.4195842390783044
"Romano, Jordan","Hernandez, Nick",True,5,0.434539979429513
"Romano, Jordan","Ruiz, José",True,6,0.47767705933571686
"Romano, Jordan","Hernández, Daysbel",True,7,0.4947604255461716
"Romano, Jordan","Mears, Nick",True,8,0.5148266529153894
"Romano, Jordan","Poche, Colin",False,9,0.5465030223220587
"Romano, Jordan","Núñez, Eduarniel",True,10,0.557408969772409
"Aldegheri, Sam","Chandler, Bubba",False,1,0.33903665198457034
"Aldegheri, Sam","Vesia, Alex",True,2,0.33937361154563706
"Aldegheri, Sam","Dana, Caden",False,3,0.4049641924399433
"Aldegheri, Sam","Orze, Eric",False,4,0.48451536397234496
"Aldegheri, Sam","Sulser, Cole",False,5,0.5009692288377521
"Aldegheri, Sam","Whisenhunt, Carson",True,6,0.5653591285215879
"Aldegheri, Sam","Vodnik, Victor",False,7,0.5685722569179885
"Aldegheri, Sam","Jansen, Kenley",False,8,0.5733560398331025
"Aldegheri, Sam","Rodríguez, Manuel",False,9,0.577668649494876
"Aldegheri, Sam","Castillo, José",True,10,0.6016614194774788
"Montero, Rafael","Chandler, Bubba",True,1,0.3633655263694862
"Montero, Rafael","Sulser, Cole",True,2,0.39968754730739375
"Montero, Rafael","Pilkington, Konnor",False,3,0.4518129322826388
"Montero, Rafael","Orze, Eric",True,4,0.45566719584033627
"Montero, Rafael","Castillo, José",False,5,0.45648318854016817
"Montero, Rafael","Baker, Bryan",True,6,0.46171189922292594
"Montero, Rafael","Vodnik, Victor",True,7,0.47931352554647083
"Montero, Rafael","Gausman, Kevin",True,8,0.5230770647275834
"Montero, Rafael","Vesia, Alex",False,9,0.5425973602690046
"Montero, Rafael","Gil, Luis",True,10,0.5499373604720377
"Coulombe, Danny","Morillo, Juan",False,1,0.4900569751158487
"Coulombe, Danny","Rodón, Carlos",True,2,0.5493801768559783
"Coulombe, Danny","Banda, Anthony",True,3,0.5957210052017862
"Coulombe, Danny","Hoffman, Jeff",False,4,0.6019762395523984
"Coulombe, Danny","Gibaut, Ian",False,5,0.6074095131906598
"Coulombe, Danny","Bachar, Lake",False,6,0.6721841554021127
"Coulombe, Danny","Sauer, Matt",False,7,0.7129875935681078
"Coulombe, Danny","Santillan, Tony",False,8,0.7261341279538509
"Coulombe, Danny","Pepiot, Ryan",False,9,0.7288563213396686
"Coulombe, Danny","Agnos, Zach",False,10,0.7300169714826568
"Houck, Tanner","Spiers, Carson",True,1,0.2834498371489045
"Houck, Tanner","Lawrence, Casey",True,2,0.3659588981857282
"Houck, Tanner","Mantiply, Joe",False,3,0.5425809745608022
"Houck, Tanner","Lee, Chase",True,4,0.7476714176328845
"Houck, Tanner","Bowman, Matt",True,5,0.7554267760270643
"Houck, Tanner","Bernardino, Brennan",False,6,0.8061713411679006
"Houck, Tanner","Bender, Anthony",True,7,0.8090930665478048
"Houck, Tanner","Mederos, Victor",True,8,0.8841553170419367
"Houck, Tanner","Loáisiga, Jonathan",True,9,0.9573746481931693
"Houck, Tanner","Burgos, Juan",True,10,0.9925021570545202
"Williams, Devin","Mears, Nick",True,1,0.4914826195272573
"Williams, Devin","Merryweather, Julian",True,2,0.5262165597464312
"Williams, Devin","Fairbanks, Pete",True,3,0.5952168507079423
"Williams, Devin","Ruiz, José",True,4,0.5958182104072766
"Williams, Devin","Romano, Jordan",True,5,0.6316985957589776
"Williams, Devin","Poche, Colin",False,6,0.6977672081911097
"Williams, Devin","Sousa, Bennett",False,7,0.7021150844754179
"Williams, Devin","Hernandez, Nick",True,8,0.7172084600147796
"Williams, Devin","Brown, Ben",True,9,0.8256734488671907
"Williams, Devin","Montgomery, Mason",False,10,0.8420308150920887
"Suter, Brent","Molina, Anthony",False,1,0.2700839403288007
"Suter, Brent","Priester, Quinn",False,2,0.5641782059643673
"Suter, Brent","Lynch IV, Daniel",True,3,0.5927402912176465
"Suter, Brent","Pérez, Martín",True,4,0.6139801936101584
"Suter, Brent","Stanek, Ryne",False,5,0.626182760902567
"Suter, Brent","Wolfram, Grant",True,6,0.6306831385880567
"Suter, Brent","Gilbert, Logan",False,7,0.6332781813867739
"Suter, Brent","Carrasco, Carlos",False,8,0.6355254015087539
"Suter, Brent","Mize, Casey",False,9,0.6640177875788348
"Suter, Brent","Alcala, Jorge",False,10,0.6702458404718182
"Sewald, Paul","McDonald, Trevor",True,1,0.3890832708026147
"Sewald, Paul","Darrell-Hicks, Michael",True,2,0.45749264754304564
"Sewald, Paul","Peguero, Elvis",True,3,0.4866517865904565
"Sewald, Paul","Murfee, Penn",True,4,0.5614989658439913
"Sewald, Paul","Mayza, Tim",False,5,0.7965551176502044
"Sewald, Paul","Hjelle, Sean",True,6,0.8876439065623865
"Sewald, Paul","Gasser, Robert",False,7,0.9183595565436913
"Sewald, Paul","Roberts, Ethan",True,8,0.9425149832769334
"Sewald, Paul","Effross, Scott",True,9,0.9815839161580474
"Sewald, Paul","Hollowell, Gavin",True,10,1.1248779564799833
"Estrada, Jeremiah","Farris, Mitch",False,1,0.5878120116669743
"Estrada, Jeremiah","Pagán, Emilio",True,2,0.6358646249916069
"Estrada, Jeremiah","Anderson, Nick",True,3,0.6519376732276898
"Estrada, Jeremiah","Lucchesi, Joey",False,4,0.7075335309685755
"Estrada, Jeremiah","Bautista, Félix",True,5,0.7207461133025905
"Estrada, Jeremiah","Whisenhunt, Carson",False,6,0.7338018746680047
"Estrada, Jeremiah","Gausman, Kevin",True,7,0.8042696743079721
"Estrada, Jeremiah","Vodnik, Victor",True,8,0.8069182582958415
"Estrada, Jeremiah","Greene, Hunter",True,9,0.8233950820062089
"Estrada, Jeremiah","Ohl, Pierson",True,10,0.8822682068277314
"Sisk, Evan","Lee, Chase",False,1,0.447528622888181
"Sisk, Evan","Mantiply, Joe",True,2,0.6513278763361439
"Sisk, Evan","Poulin, PJ",True,3,0.6629882422399171
"Sisk, Evan","Burgos, Juan",False,4,0.6759054010602114
"Sisk, Evan","King, Bryan",True,5,0.6910959487195882
"Sisk, Evan","Pérez, Cionel",True,6,0.7453722736661178
"Sisk, Evan","Fedde, Erick",False,7,0.7936905638398949
"Sisk, Evan","Gil, Luis",False,8,0.8097559281550238
"Sisk, Evan","Lodolo, Nick",True,9,0.8190683459524697
"Sisk, Evan","Brogdon, Connor",False,10,0.8236081338247752
"Lovelady, Richard","Tinoco, Jesus",False,1,0.6159020921830034
"Lovelady, Richard","Uribe, Abner",False,2,1.0298701056857094
"Lovelady, Richard","McDonald, Trevor",False,3,1.1844763844690493
"Lovelady, Richard","Sproat, Brandon",False,4,1.2333094450119715
"Lovelady, Richard","Sewald, Paul",False,5,1.3341402694605515
"Lovelady, Richard","Gibson, Kyle",False,6,1.3767986128067697
"Lovelady, Richard","Effross, Scott",False,7,1.4436717430589139
"Lovelady, Richard","Murfee, Penn",False,8,1.4541531089561048
"Lovelady, Richard","Walker, Ryan",False,9,1.563264341022101
"Lovelady, Richard","Backhus, Kyle",True,10,1.5722299222405614
"Fernandez, Ryan","Rainey, Tanner",True,1,0.27712625590523504
"Fernandez, Ryan","Scott, Tanner",False,2,0.2994594271698238
"Fernandez, Ryan","Leasure, Jordan",True,3,0.3215470936775513
"Fernandez, Ryan","Romano, Jordan",True,4,0.34612837136176766
"Fernandez, Ryan","Hernández, Daysbel",True,5,0.37385356197070374
"Fernandez, Ryan","Brown, Ben",True,6,0.40107003149895365
"Fernandez, Ryan","Núñez, Eduarniel",True,7,0.4600416353805923
"Fernandez, Ryan","Strickland, Hunter",True,8,0.4607272851967202
"Fernandez, Ryan","Petersen, Michael",True,9,0.49507412778054133
"Fernandez, Ryan","Johnson, Seth",True,10,0.5108334687716976
"García, Luis","Holderman, Colin",True,1,0.7335964819369848
"García, Luis","Murdock, Noah",True,2,0.7846193095896452
"García, Luis","Lodolo, Nick",False,3,0.7912837497387095
"García, Luis","Pérez, Cionel",False,4,0.8207855654100934
"García, Luis","Manaea, Sean",False,5,0.8993154762754791
"García, Luis","Burgos, Juan",True,6,0.931695158791674
"García, Luis","Sisk, Evan",False,7,0.9333180813262273
"García, Luis","Soto, Gregory",False,8,0.9371280938943513
"García, Luis","Mederos, Victor",True,9,0.9384895827692602
"García, Luis","Borucki, Ryan",False,10,0.9653214570521687
"Cox, Austin","Graceffo, Gordon",False,1,0.809388499323737
"Cox, Austin","Kent, Zak",False,2,0.825156903586099
"Cox, Austin","Taylor, Grant",False,3,0.8436188092157987
"Cox, Austin","Lazar, Max",False,4,0.8625264466844048
"Cox, Austin","Klein, Will",False,5,0.8723980155965255
"Cox, Austin","Rolison, Ryan",True,6,0.8908916365070857
"Cox, Austin","Fisher, Braydon",False,7,0.9173013688648662
"Cox, Austin","Parker, Mitchell",True,8,0.9193548620465096
"Cox, Austin","Martin, Corbin",False,9,0.9481533886045245
"Cox, Austin","Nicolas, Kyle",False,10,0.9778344764517969
"Singer, Brady","Eder, Jake",False,1,0.4654333728592767
"Singer, Brady","Bello, Brayan",True,2,0.4797825271998464
"Singer, Brady","Gipson-Long, Sawyer",True,3,0.5017168444452931
"Singer, Brady","Soriano, George",True,4,0.5024157581448937
"Singer, Brady","Rodríguez, Yariel",True,5,0.5165755507243409
"Singer, Brady","Luzardo, Jesús",False,6,0.5402011390377003
"Singer, Brady","Patrick, Chad",True,7,0.5478748417919512
"Singer, Brady","Banks, Tanner",False,8,0.563494973220345
"Singer, Brady","De los Santos, Yerry",True,9,0.57336793592295
"Singer, Brady","Ortiz, Luis",True,10,0.5934469382276294
"Whisenhunt, Carson","Bautista, Félix",False,1,0.37537403064635344
"Whisenhunt, Carson","Vodnik, Victor",False,2,0.43350065219257244
"Whisenhunt, Carson","Gausman, Kevin",False,3,0.43919156057894526
"Whisenhunt, Carson","Beeks, Jalen",True,4,0.5111996658940324
"Whisenhunt, Carson","Chandler, Bubba",False,5,0.5273009485201632
"Whisenhunt, Carson","Dana, Caden",False,6,0.5474525379807105
"Whisenhunt, Carson","Aldegheri, Sam",True,7,0.5653591285215879
"Whisenhunt, Carson","Farris, Mitch",True,8,0.5783982236389594
"Whisenhunt, Carson","Greene, Hunter",False,9,0.5837951580535071
"Whisenhunt, Carson","Anderson, Nick",False,10,0.5968325378114838
"Patrick, Chad","Banks, Tanner",False,1,0.355300380172303
"Patrick, Chad","Soriano, George",True,2,0.3562632810075686
"Patrick, Chad","Gipson-Long, Sawyer",True,3,0.4046312732511916
"Patrick, Chad","Montas, Frankie",True,4,0.439677379165745
"Patrick, Chad","Rodríguez, Yariel",True,5,0.44825955513412075
"Patrick, Chad","Ortiz, Luis",True,6,0.5072354313052437
"Patrick, Chad","Gilbert, Tyler",False,7,0.5165118878195928
"Patrick, Chad","Singer, Brady",True,8,0.5478748417919512
"Patrick, Chad","Eder, Jake",False,9,0.5640194722047517
"Patrick, Chad","Adams, Travis",True,10,0.5884710791134549
"Lee, Chase","Mantiply, Joe",False,1,0.29522679722672096
"Lee, Chase","Sisk, Evan",False,2,0.447528622888181
"Lee, Chase","Lawrence, Casey",True,3,0.5948703749608587
"Lee, Chase","Spiers, Carson",True,4,0.6640429069876407
"Lee, Chase","Bowman, Matt",True,5,0.6918105782360925
"Lee, Chase","Houck, Tanner",True,6,0.7476714176328845
"Lee, Chase","Burgos, Juan",True,7,0.7563705037884499
"Lee, Chase","Armstrong, Shawn",True,8,0.8198986415751988
"Lee, Chase","Garrett, Reed",True,9,0.8206062993517935
"Lee, Chase","Stroman, Marcus",True,10,0.8640353616862717
"Banda, Anthony","Santillan, Tony",False,1,0.45168479320500693
"Banda, Anthony","Dana, Caden",False,2,0.4826055623540875
"Banda, Anthony","Castillo, José",True,3,0.5331308436486957
"Banda, Anthony","Morejon, Adrian",True,4,0.5496399134071658
"Banda, Anthony","Brasier, Ryan",False,5,0.5604534056611811
"Banda, Anthony","Akin, Keegan",True,6,0.5876592712236399
"Banda, Anthony","Coulombe, Danny",True,7,0.5957210052017862
"Banda, Anthony","Beeks, Jalen",True,8,0.6095942978034482
"Banda, Anthony","Speier, Gabe",True,9,0.614365316774902
"Banda, Anthony","Salazar, Eduardo",False,10,0.6525085876054076
"Kelly, Michael","Robert, Daniel",True,1,0.6688185091842659
"Kelly, Michael","Booser, Cam",False,2,0.6728581241350308
"Kelly, Michael","Sterner, Justin",True,3,0.6752663280834673
"Kelly, Michael","Santillan, Tony",True,4,0.8849084375264682
"Kelly, Michael","Pérez, Cionel",False,5,0.8898154408345508
"Kelly, Michael","Muñoz, Andrés",True,6,0.9227654470391446
"Kelly, Michael","Banda, Anthony",False,7,0.9828713329077412
"Kelly, Michael","Lucchesi, Joey",False,8,1.020230826657782
"Kelly, Michael","Gibaut, Ian",True,9,1.0252876793836105
"Kelly, Michael","Whisenhunt, Carson",False,10,1.0424495233032673
"Chandler, Bubba","Vesia, Alex",False,1,0.2623157956131604
"Chandler, Bubba","Sulser, Cole",True,2,0.29569764952844735
"Chandler, Bubba","Aldegheri, Sam",False,3,0.33903665198457034
"Chandler, Bubba","Dana, Caden",True,4,0.3391172885151791
"Chandler, Bubba","Pilkington, Konnor",False,5,0.3618255656348978
"Chandler, Bubba","Montero, Rafael",True,6,0.3633655263694862
"Chandler, Bubba","Vodnik, Victor",True,7,0.3680433315274384
"Chandler, Bubba","Castillo, José",False,8,0.39025431101035685
"Chandler, Bubba","Gausman, Kevin",True,9,0.4059844603414568
"Chandler, Bubba","Orze, Eric",True,10,0.4097914889466068
"Johnson, Seth","Strickland, Hunter",True,1,0.15399518993508632
"Johnson, Seth","Hernández, Daysbel",True,2,0.2241693707334526
"Johnson, Seth","Pearson, Nate",True,3,0.291888119636054
"Johnson, Seth","Leasure, Jordan",True,4,0.3918328157649724
"Johnson, Seth","Bowden, Ben",False,5,0.39596905349966105
"Johnson, Seth","Petersen, Michael",True,6,0.3979817007528751
"Johnson, Seth","Scott, Tanner",False,7,0.46804853678112956
"Johnson, Seth","Tonkin, Michael",True,8,0.5005904802134502
"Johnson, Seth","Núñez, Eduarniel",True,9,0.5094463501425529
"Johnson, Seth","Fernandez, Ryan",True,10,0.5108334687716976
"Hernández, Daysbel","Leasure, Jordan",True,1,0.19042430383246967
"Hernández, Daysbel","Strickland, Hunter",True,2,0.21248868449074376
"Hernández, Daysbel","Johnson, Seth",True,3,0.2241693707334526
"Hernández, Daysbel","Petersen, Michael",True,4,0.3157428223838168
"Hernández, Daysbel","Fernandez, Ryan",True,5,0.37385356197070374
"Hernández, Daysbel","Hendriks, Liam",True,6,0.39341828121016886
"Hernández, Daysbel","Pearson, Nate",True,7,0.40029029510776215
"Hernández, Daysbel","Scott, Tanner",False,8,0.43018577053027013
"Hernández, Daysbel","Hernandez, Nick",True,9,0.4381138726971195
"Hernández, Daysbel","Núñez, Eduarniel",True,10,0.49355009719625387
"Okert, Steven","Arias, Luarbert",False,1,0.5722682985270688
"Okert, Steven","Bowden, Ben",True,2,0.5995904121654223
"Okert, Steven","Lara, Andry",False,3,0.6844849622819535
"Okert, Steven","Smith, Dylan",False,4,0.6899219911169177
"Okert, Steven","Tonkin, Michael",False,5,0.7000515548795649
"Okert, Steven","Díaz, Edwin",False,6,0.7738627418982994
"Okert, Steven","Santos, Gregory",False,7,0.7862420999379597
"Okert, Steven","Johnson, Seth",False,8,0.8086907059196581
"Okert, Steven","Palencia, Daniel",False,9,0.8112730193886383
"Okert, Steven","Gasser, Robert",True,10,0.8266891538915255
"Ray, Robbie","Parker, Mitchell",True,1,0.2966471726997161
"Ray, Robbie","Bautista, Félix",False,2,0.6960991438322389
"Ray, Robbie","Wolfram, Grant",True,3,0.7185127820021139
"Ray, Robbie","Blalock, Bradley",False,4,0.7333960154629255
"Ray, Robbie","Gomber, Austin",True,5,0.7866575193762259
"Ray, Robbie","Hernández, Carlos",False,6,0.8162443700064241
"Ray, Robbie","Seymour, Carson",False,7,0.8375247319510167
"Ray, Robbie","Waldrep, Hurston",False,8,0.845738842618943
"Ray, Robbie","Falter, Bailey",True,9,0.8498645750446965
"Ray, Robbie","Molina, Anthony",False,10,0.8549703259026342
"Spence, Mitch","De los Santos, Yerry",True,1,0.39356670659878606
"Spence, Mitch","Graveman, Kendall",True,2,0.4086983961260094
"Spence, Mitch","Castillo, Luis",True,3,0.42183310533187623
"Spence, Mitch","Rodríguez, Yariel",True,4,0.44116442772994413
"Spence, Mitch","Chapman, Aroldis",False,5,0.46936195985072116
"Spence, Mitch","Morillo, Juan",True,6,0.4788399514402314
"Spence, Mitch","Miller, Erik",False,7,0.49721494506876895
"Spence, Mitch","Hoffman, Jeff",True,8,0.5149560693448545
"Spence, Mitch","Domínguez, Seranthony",True,9,0.5583326861079598
"Spence, Mitch","Melton, Troy",True,10,0.5845986021691322
"Bautista, Félix","Whisenhunt, Carson",False,1,0.37537403064635344
"Bautista, Félix","Pagán, Emilio",True,2,0.5563067618918657
"Bautista, Félix","Anderson, Nick",True,3,0.6077357948989893
"Bautista, Félix","Chafin, Andrew",False,4,0.6643070939672939
"Bautista, Félix","Ray, Robbie",False,5,0.6960991438322389
"Bautista, Félix","Farris, Mitch",False,6,0.7173519947538961
"Bautista, Félix","Enns, Dietrich",False,7,0.7195973239048425
"Bautista, Félix","Estrada, Jeremiah",True,8,0.7207461133025905
"Bautista, Félix","Gausman, Kevin",True,9,0.7366773106912808
"Bautista, Félix","Vodnik, Victor",True,10,0.7399130649810559
"Parker, Mitchell","Ray, Robbie",True,1,0.2966471726997161
"Parker, Mitchell","Blalock, Bradley",False,2,0.7006442334681099
"Parker, Mitchell","Cameron, Noah",True,3,0.7633996853849693
"Parker, Mitchell","Gomber, Austin",True,4,0.7789476516774638
"Parker, Mitchell","Wolfram, Grant",True,5,0.7861521496874871
"Parker, Mitchell","Bautista, Félix",False,6,0.8818202803246143
"Parker, Mitchell","Holmes, Grant",False,7,0.8959982448267174
"Parker, Mitchell","Cox, Austin",True,8,0.9193548620465096
"Parker, Mitchell","Seymour, Carson",False,9,0.9275037522444248
"Parker, Mitchell","Hernández, Carlos",False,10,0.9585588589131461
"Scott, Tanner","Fernandez, Ryan",False,1,0.2994594271698238
"Scott, Tanner","Strickland, Hunter",False,2,0.36407002087018464
"Scott, Tanner","Pearson, Nate",False,3,0.3946601562662589
"Scott, Tanner","Leasure, Jordan",False,4,0.39846369851918273
"Scott, Tanner","Petersen, Michael",False,5,0.3984864553421269
"Scott, Tanner","Hernández, Daysbel",False,6,0.43018577053027013
"Scott, Tanner","Johnson, Seth",False,7,0.46804853678112956
"Scott, Tanner","Rainey, Tanner",False,8,0.5068248595302702
"Scott, Tanner","Green, Chad",False,9,0.5102516858855486
"Scott, Tanner","Hendriks, Liam",False,10,0.5606237311611907
"Pepiot, Ryan","Vest, Will",True,1,0.12900786982219103
"Pepiot, Ryan","Hagenman, Justin",True,2,0.2955668600204204
"Pepiot, Ryan","Clarke, Taylor",True,3,0.3776300655077167
"Pepiot, Ryan","Hoffman, Jeff",True,4,0.41876672715436253
"Pepiot, Ryan","Rodón, Carlos",False,5,0.4405130919883522
"Pepiot, Ryan","Morillo, Juan",True,6,0.4491849107070558
"Pepiot, Ryan","Graveman, Kendall",True,7,0.522703536827984
"Pepiot, Ryan","Rodríguez, Yariel",True,8,0.6395406916766043
"Pepiot, Ryan","Miller, Erik",False,9,0.6429019998078478
"Pepiot, Ryan","Adams, Travis",True,10,0.6702751685737612
"Molina, Anthony","Suter, Brent",False,1,0.2700839403288007
"Molina, Anthony","Priester, Quinn",True,2,0.5766406360614702
"Molina, Anthony","Carrasco, Carlos",True,3,0.5964042498837134
"Molina, Anthony","Lynch IV, Daniel",False,4,0.6116687281615175
"Molina, Anthony","Erceg, Lucas",True,5,0.6284093337336084
"Molina, Anthony","Spence, Mitch",True,6,0.6345755789564516
"Molina, Anthony","Myers, Tobias",True,7,0.641352298572938
"Molina, Anthony","Melton, Troy",True,8,0.6491399922620665
"Molina, Anthony","Rutledge, Jackson",True,9,0.6502262386657044
"Molina, Anthony","Gilbert, Logan",True,10,0.6529823610557456
"Rodríguez, Yariel","Eder, Jake",False,1,0.3028356239652779
"Rodríguez, Yariel","Graveman, Kendall",True,2,0.37280909034396964
"Rodríguez, Yariel","De los Santos, Yerry",True,3,0.3788595981835782
"Rodríguez, Yariel","Spence, Mitch",True,4,0.44116442772994413
"Rodríguez, Yariel","Patrick, Chad",True,5,0.44825955513412075
"Rodríguez, Yariel","Miller, Erik",False,6,0.48983475334846655
"Rodríguez, Yariel","Domínguez, Seranthony",True,7,0.49406410915628857
"Rodríguez, Yariel","Singer, Brady",True,8,0.5165755507243409
"Rodríguez, Yariel","Iglesias, Raisel",True,9,0.529975780229752
"Rodríguez, Yariel","Banks, Tanner",False,10,0.5387582908320596
"Whitley, Forrest","Pearson, Nate",True,1,0.5364558774627318
"Whitley, Forrest","Scott, Tanner",False,2,0.6190081391331363
"Whitley, Forrest","Strickland, Hunter",True,3,0.6583567744553901
"Whitley, Forrest","Johnson, Seth",True,4,0.6818445511866003
"Whitley, Forrest","Brebbia, John",True,5,0.6912336212260866
"Whitley, Forrest","Tonkin, Michael",True,6,0.7033285546619376
"Whitley, Forrest","Roberts, Ethan",True,7,0.7504527915725562
"Whitley, Forrest","Bachman, Sam",True,8,0.7906797086048669
"Whitley, Forrest","Loutos, Ryan",True,9,0.7950701335741273
"Whitley, Forrest","Lara, Andry",True,10,0.8039483934527023
"Murfee, Penn","Sewald, Paul",True,1,0.5614989658439913
"Murfee, Penn","Peguero, Elvis",True,2,0.6531095454663999
"Murfee, Penn","Darrell-Hicks, Michael",True,3,0.7539228089008008
"Murfee, Penn","Hjelle, Sean",True,4,0.7665235675967174
"Murfee, Penn","Mayza, Tim",False,5,0.9053206229152622
"Murfee, Penn","McDonald, Trevor",True,6,0.9182330219685408
"Murfee, Penn","Uribe, Abner",True,7,0.941003842402293
"Murfee, Penn","Gasser, Robert",False,8,0.9585161863053822
"Murfee, Penn","Alexander, Scott",False,9,0.9800662703090758
"Murfee, Penn","Lara, Andry",True,10,1.0209833614907264
"Junis, Jakob","Cano, Yennier",True,1,0.5036904225659823
"Junis, Jakob","Hurter, Brant",False,2,0.5693921139522893
"Junis, Jakob","Gilbert, Tyler",False,3,0.5848521695432807
"Junis, Jakob","Eder, Jake",False,4,0.6136374215722651
"Junis, Jakob","Rodríguez, Yariel",True,5,0.6540322645306245
"Junis, Jakob","Perkins, Jack",True,6,0.6746482895515268
"Junis, Jakob","Iglesias, Raisel",True,7,0.6747248153749942
"Junis, Jakob","Banks, Tanner",False,8,0.681759781655247
"Junis, Jakob","Ferguson, Tyler",True,9,0.7408103090812117
"Junis, Jakob","Stroman, Marcus",True,10,0.7492570073747602
"Leasure, Jordan","Hernández, Daysbel",True,1,0.19042430383246967
"Leasure, Jordan","Petersen, Michael",True,2,0.25108839820224044
"Leasure, Jordan","Hernandez, Nick",True,3,0.29069746519334916
"Leasure, Jordan","Hendriks, Liam",True,4,0.2975444346829316
"Leasure, Jordan","Strickland, Hunter",True,5,0.3128293829341115
"Leasure, Jordan","Fernandez, Ryan",True,6,0.3215470936775513
"Leasure, Jordan","Bigge, Hunter",True,7,0.37733048821878756
"Leasure, Jordan","Johnson, Seth",True,8,0.3918328157649724
"Leasure, Jordan","Scott, Tanner",False,9,0.39846369851918273
"Leasure, Jordan","Burns, Chase",True,10,0.4118113341354196
"Lodolo, Nick","Fedde, Erick",False,1,0.4871140010002104
"Lodolo, Nick","Hurter, Brant",True,2,0.536596517380355
"Lodolo, Nick","Lopez, Jacob",True,3,0.5787339170299913
"Lodolo, Nick","Soto, Gregory",True,4,0.5854355449811228
"Lodolo, Nick","Iglesias, Raisel",False,5,0.6010676866588712
"Lodolo, Nick","Veneziano, Anthony",True,6,0.6522476117496087
"Lodolo, Nick","Festa, Matt",False,7,0.664059422083477
"Lodolo, Nick","Assad, Javier",False,8,0.6698213220395463
"Lodolo, Nick","Garrett, Reed",False,9,0.6872147291492541
"Lodolo, Nick","Ferguson, Tyler",False,10,0.6974513741205626
"Nelson, Ryne","Wentz, Joey",False,1,0.5234851277030828
"Nelson, Ryne","Rolison, Ryan",False,2,0.8424833289144701
"Nelson, Ryne","Kranick, Max",True,3,1.0320370762280697
"Nelson, Ryne","Hernández, Carlos",True,4,1.1232246873408316
"Nelson, Ryne","Falter, Bailey",False,5,1.1502802438336115
"Nelson, Ryne","Holmes, Grant",True,6,1.2200941133413234
"Nelson, Ryne","Cox, Austin",False,7,1.2479554234753085
"Nelson, Ryne","Flaherty, Jack",True,8,1.271336265133692
"Nelson, Ryne","Ray, Robbie",False,9,1.3071565218272767
"Nelson, Ryne","Kinley, Tyler",True,10,1.3119470439938863
"Strickland, Hunter","Johnson, Seth",True,1,0.15399518993508632
"Strickland, Hunter","Pearson, Nate",True,2,0.1897644804231227
"Strickland, Hunter","Hernández, Daysbel",True,3,0.21248868449074376
"Strickland, Hunter","Petersen, Michael",True,4,0.258867525645999
"Strickland, Hunter","Leasure, Jordan",True,5,0.3128293829341115
"Strickland, Hunter","Scott, Tanner",False,6,0.36407002087018464
"Strickland, Hunter","Hendriks, Liam",True,7,0.40260000765356463
"Strickland, Hunter","Bowden, Ben",False,8,0.42317198290718494
"Strickland, Hunter","Fernandez, Ryan",True,9,0.4607272851967202
"Strickland, Hunter","Tonkin, Michael",True,10,0.4830772378946769
"Luzardo, Jesús","Bello, Brayan",False,1,0.5280242844214346
"Luzardo, Jesús","Singer, Brady",False,2,0.5402011390377003
"Luzardo, Jesús","Woo, Bryan",False,3,0.5407398782891931
"Luzardo, Jesús","Williams, Trevor",False,4,0.6025759362769317
"Luzardo, Jesús","Bido, Osvaldo",False,5,0.6197574825675786
"Luzardo, Jesús","Ortiz, Luis",False,6,0.6531255979658147
"Luzardo, Jesús","Veneziano, Anthony",True,7,0.6681050469046028
"Luzardo, Jesús","Banks, Tanner",True,8,0.715181333946355
"Luzardo, Jesús","Eder, Jake",True,9,0.7393752763344563
"Luzardo, Jesús","Gilbert, Tyler",True,10,0.7396702218501399
"Merryweather, Julian","Williams, Devin",True,1,0.5262165597464312
"Merryweather, Julian","Sousa, Bennett",False,2,0.7246979242143372
"Merryweather, Julian","Mears, Nick",True,3,0.7486793120762089
"Merryweather, Julian","Kriske, Brooks",True,4,0.7673730830697498
"Merryweather, Julian","Poche, Colin",False,5,0.7907724206194178
"Merryweather, Julian","Neris, Héctor",True,6,0.7924989210702331
"Merryweather, Julian","Fairbanks, Pete",True,7,0.8057821130962561
"Merryweather, Julian","Montgomery, Mason",False,8,0.815864412650802
"Merryweather, Julian","Moreta, Dauri",True,9,0.835794067056522
"Merryweather, Julian","Hernandez, Nick",True,10,0.8938720300920804
"Darrell-Hicks, Michael","Peguero, Elvis",True,1,0.16271832944112713
"Darrell-Hicks, Michael","Mayza, Tim",False,2,0.3674036402856713
"Darrell-Hicks, Michael","Sewald, Paul",True,3,0.45749264754304564
"Darrell-Hicks, Michael","Hjelle, Sean",True,4,0.5954128231693314
"Darrell-Hicks, Michael","McDonald, Trevor",True,5,0.6499160991257565
"Darrell-Hicks, Michael","Murfee, Penn",True,6,0.7539228089008008
"Darrell-Hicks, Michael","Lara, Andry",True,7,0.874053914523514
"Darrell-Hicks, Michael","Roberts, Ethan",True,8,0.8831959310138463
"Darrell-Hicks, Michael","Whitley, Forrest",True,9,0.9821706244182347
"Darrell-Hicks, Michael","Alexander, Scott",False,10,1.0328908222374122
"Mantiply, Joe","Lee, Chase",False,1,0.29522679722672096
"Mantiply, Joe","Lawrence, Casey",False,2,0.31455689831724615
"Mantiply, Joe","Spiers, Carson",False,3,0.5278044701541964
"Mantiply, Joe","Houck, Tanner",False,4,0.5425809745608022
"Mantiply, Joe","Bowman, Matt",False,5,0.5790860609009701
"Mantiply, Joe","Sisk, Evan",True,6,0.6513278763361439
"Mantiply, Joe","Burgos, Juan",False,7,0.7236690322093882
"Mantiply, Joe","Armstrong, Shawn",False,8,0.7719520641831245
"Mantiply, Joe","Bernardino, Brennan",True,9,0.8361289019477447
"Mantiply, Joe","Garrett, Reed",False,10,0.8410836436310338
"Hurter, Brant","Iglesias, Raisel",False,1,0.39464634241208096
"Hurter, Brant","Fedde, Erick",False,2,0.4394377489533451
"Hurter, Brant","Gilbert, Tyler",True,3,0.4602614174754468
"Hurter, Brant","Garrett, Reed",False,4,0.48413865102769843
"Hurter, Brant","Banks, Tanner",True,5,0.5246148335289551
"Hurter, Brant","Hart, Kyle",True,6,0.536177455467138
"Hurter, Brant","Lodolo, Nick",True,7,0.536596517380355
"Hurter, Brant","Junis, Jakob",False,8,0.5693921139522893
"Hurter, Brant","Woo, Bryan",False,9,0.5808651092109351
"Hurter, Brant","Ferguson, Tyler",False,10,0.6110822901403603
"Sulser, Cole","Pilkington, Konnor",False,1,0.24562505347966726
"Sulser, Cole","Chandler, Bubba",True,2,0.29569764952844735
"Sulser, Cole","Vesia, Alex",False,3,0.338498084081207
"Sulser, Cole","Orze, Eric",True,4,0.39415913817236375
"Sulser, Cole","Montero, Rafael",True,5,0.39968754730739375
"Sulser, Cole","Rodríguez, Manuel",True,6,0.4515365911334417
"Sulser, Cole","Castillo, José",False,7,0.45991974493653615
"Sulser, Cole","Boyle, Joe",True,8,0.4632081382890123
"Sulser, Cole","Lucas, Easton",False,9,0.4897126712550657
"Sulser, Cole","Aldegheri, Sam",False,10,0.5009692288377521
"Mears, Nick","Sousa, Bennett",False,1,0.36683266378735363
"Mears, Nick","Poche, Colin",False,2,0.37721497751575866
"Mears, Nick","Hernandez, Nick",True,3,0.37879483115763757
"Mears, Nick","Burns, Chase",True,4,0.43553403429435134
"Mears, Nick","Montgomery, Mason",False,5,0.46861034105183846
"Mears, Nick","Williams, Devin",True,6,0.4914826195272573
"Mears, Nick","Romano, Jordan",True,7,0.5148266529153894
"Mears, Nick","Leasure, Jordan",True,8,0.5896025808827858
"Mears, Nick","Bigge, Hunter",True,9,0.615092854671395
"Mears, Nick","Hendriks, Liam",True,10,0.6454596940866526
"Hernandez, Nick","Poche, Colin",False,1,0.14564616247855564
"Hernandez, Nick","Sousa, Bennett",False,2,0.2849940365303395
"Hernandez, Nick","Leasure, Jordan",True,3,0.29069746519334916
"Hernandez, Nick","Hendriks, Liam",True,4,0.33576904372148253
"Hernandez, Nick","Bigge, Hunter",True,5,0.34987516667769686
"Hernandez, Nick","Burns, Chase",True,6,0.35645483958436613
"Hernandez, Nick","Mears, Nick",True,7,0.37879483115763757
"Hernandez, Nick","Montgomery, Mason",False,8,0.40113239949565554
"Hernandez, Nick","Petersen, Michael",True,9,0.4304283836616704
"Hernandez, Nick","Romano, Jordan",True,10,0.434539979429513
"Morillo, Juan","Hoffman, Jeff",True,1,0.1671931462301036
"Morillo, Juan","Rodón, Carlos",False,2,0.17959994607365865
"Morillo, Juan","Pepiot, Ryan",True,3,0.4491849107070558
"Morillo, Juan","Spence, Mitch",True,4,0.4788399514402314
"Morillo, Juan","Coulombe, Danny",False,5,0.4900569751158487
"Morillo, Juan","Vest, Will",True,6,0.49278450658404654
"Morillo, Juan","Graveman, Kendall",True,7,0.5030417054015022
"Morillo, Juan","Hagenman, Justin",True,8,0.5591431056409841
"Morillo, Juan","Mahle, Tyler",True,9,0.5895238295504184
"Morillo, Juan","Seymour, Carson",True,10,0.5914433937329435
"Gausman, Kevin","Greene, Hunter",True,1,0.3008489510191655
"Gausman, Kevin","Vodnik, Victor",True,2,0.32216072169629745
"Gausman, Kevin","Beeks, Jalen",False,3,0.36298799394689557
"Gausman, Kevin","Chandler, Bubba",True,4,0.4059844603414568
"Gausman, Kevin","Whisenhunt, Carson",False,5,0.43919156057894526
"Gausman, Kevin","Pilkington, Konnor",False,6,0.4442043151053946
"Gausman, Kevin","Ohl, Pierson",True,7,0.46293012912282683
"Gausman, Kevin","Montero, Rafael",True,8,0.5230770647275834
"Gausman, Kevin","Baker, Bryan",True,9,0.5327010472864752
"Gausman, Kevin","Dana, Caden",True,10,0.5366865964146212
"Alcantara, Sandy","Pérez, Martín",False,1,0.5582165237785931
"Alcantara, Sandy","Lynch IV, Daniel",False,2,0.6103778951107877
"Alcantara, Sandy","Ortiz, Luis",True,3,0.6735119234834482
"Alcantara, Sandy","Mize, Casey",True,4,0.6737660013605634
"Alcantara, Sandy","Suter, Brent",False,5,0.6806949771805787
"Alcantara, Sandy","Rutledge, Jackson",True,6,0.7183587983765244
"Alcantara, Sandy","Melton, Troy",True,7,0.7527762695134077
"Alcantara, Sandy","Molina, Anthony",True,8,0.7766911903028938
"Alcantara, Sandy","Gipson-Long, Sawyer",True,9,0.7831266655184723
"Alcantara, Sandy","Luzardo, Jesús",False,10,0.7835506446835152
"Gil, Luis","Garcia, Robert",False,1,0.3767117167379036
"Gil, Luis","Boyle, Joe",True,2,0.4525043612716615
"Gil, Luis","Castillo, José",False,3,0.45460826853259045
"Gil, Luis","Akin, Keegan",False,4,0.5483923840680501
"Gil, Luis","Montero, Rafael",True,5,0.5499373604720377
"Gil, Luis","Salazar, Eduardo",True,6,0.5537466043102199
"Gil, Luis","Sulser, Cole",True,7,0.6457065437823962
"Gil, Luis","Pilkington, Konnor",False,8,0.6612252707468171
"Gil, Luis","Brasier, Ryan",True,9,0.6922699439350999
"Gil, Luis","Muñoz, Roddery",True,10,0.6999059140130388
"Castillo, José","Akin, Keegan",True,1,0.28033660928671456
"Castillo, José","Dana, Caden",False,2,0.32840368709506984
"Castillo, José","Vesia, Alex",True,3,0.3589503311378904
"Castillo, José","Chandler, Bubba",False,4,0.39025431101035685
"Castillo, José","Salazar, Eduardo",False,5,0.3950213888162849
"Castillo, José","Beeks, Jalen",True,6,0.4384230525073636
"Castillo, José","Brasier, Ryan",False,7,0.44544824278895273
"Castillo, José","Gil, Luis",False,8,0.45460826853259045
"Castillo, José","Pilkington, Konnor",True,9,0.4557362226705985
"Castillo, José","Montero, Rafael",False,10,0.45648318854016817
"Dana, Caden","Vesia, Alex",False,1,0.21012938826069552
"Dana, Caden","Castillo, José",False,2,0.32840368709506984
"Dana, Caden","Chandler, Bubba",True,3,0.3391172885151791
"Dana, Caden","Beeks, Jalen",False,4,0.36833323169751436
"Dana, Caden","Akin, Keegan",False,5,0.39382887093148866
"Dana, Caden","Aldegheri, Sam",False,6,0.4049641924399433
"Dana, Caden","Rodríguez, Manuel",True,7,0.40940224216771764
"Dana, Caden","Banda, Anthony",False,8,0.4826055623540875
"Dana, Caden","Pilkington, Konnor",False,9,0.4901710986476712
"Dana, Caden","Sulser, Cole",True,10,0.5046614177415535
"Lawrence, Casey","Mantiply, Joe",False,1,0.31455689831724615
"Lawrence, Casey","Houck, Tanner",True,2,0.3659588981857282
"Lawrence, Casey","Spiers, Carson",True,3,0.42844761224943095
"Lawrence, Casey","Bowman, Matt",True,4,0.5906045771615789
"Lawrence, Casey","Lee, Chase",True,5,0.5948703749608587
"Lawrence, Casey","Loáisiga, Jonathan",True,6,0.8140991255615568
"Lawrence, Casey","Bernardino, Brennan",False,7,0.8531577506141681
"Lawrence, Casey","Burgos, Juan",True,8,0.8892615299504976
"Lawrence, Casey","Armstrong, Shawn",True,9,0.9315958861875615
"Lawrence, Casey","Sisk, Evan",False,10,0.945549164520374
"Pearson, Nate","Strickland, Hunter",True,1,0.1897644804231227
"Pearson, Nate","Johnson, Seth",True,2,0.291888119636054
"Pearson, Nate","Petersen, Michael",True,3,0.31033124763547204
"Pearson, Nate","Tonkin, Michael",True,4,0.3778254491834353
"Pearson, Nate","Scott, Tanner",False,5,0.3946601562662589
"Pearson, Nate","Hernández, Daysbel",True,6,0.40029029510776215
"Pearson, Nate","Bowden, Ben",False,7,0.4129677928000088
"Pearson, Nate","Leasure, Jordan",True,8,0.46355613039362975
"Pearson, Nate","Green, Chad",True,9,0.466570403746919
"Pearson, Nate","Hendriks, Liam",True,10,0.46760752012098933
"Vesia, Alex","Dana, Caden",False,1,0.21012938826069552
"Vesia, Alex","Chandler, Bubba",False,2,0.2623157956131604
"Vesia, Alex","Rodríguez, Manuel",False,3,0.2865142448671396
"Vesia, Alex","Sulser, Cole",False,4,0.338498084081207
"Vesia, Alex","Aldegheri, Sam",True,5,0.33937361154563706
"Vesia, Alex","Castillo, José",True,6,0.3589503311378904
"Vesia, Alex","Pilkington, Konnor",True,7,0.3785859604138199
"Vesia, Alex","Akin, Keegan",True,8,0.42414192139959156
"Vesia, Alex","Lucas, Easton",True,9,0.4341622096226881
"Vesia, Alex","Beeks, Jalen",True,10,0.4627537307965067
"Vest, Will","Pepiot, Ryan",True,1,0.12900786982219103
"Vest, Will","Clarke, Taylor",True,2,0.29905659256985895
"Vest, Will","Hagenman, Justin",True,3,0.33360657152114787
"Vest, Will","Hoffman, Jeff",True,4,0.4415751103043571
"Vest, Will","Rodón, Carlos",False,5,0.44616614139033545
"Vest, Will","Morillo, Juan",True,6,0.49278450658404654
"Vest, Will","Graveman, Kendall",True,7,0.5661941384203811
"Vest, Will","Fulmer, Carson",True,8,0.688061446787701
"Vest, Will","Mahle, Tyler",True,9,0.6890673091006119
"Vest, Will","Adams, Travis",True,10,0.7071510958669569
"Seymour, Carson","Rodón, Carlos",False,1,0.577151461876222
"Seymour, Carson","Hoffman, Jeff",True,2,0.5910928176862695
"Seymour, Carson","Morillo, Juan",True,3,0.5914433937329435
"Seymour, Carson","Agnos, Zach",True,4,0.6332646154747936
"Seymour, Carson","Myers, Tobias",True,5,0.6367204136951333
"Seymour, Carson","Molina, Anthony",True,6,0.675191389935605
"Seymour, Carson","Sauer, Matt",True,7,0.6915278260782689
"Seymour, Carson","Wolfram, Grant",False,8,0.7306888692191491
"Seymour, Carson","Chafin, Andrew",False,9,0.7463025511838136
"Seymour, Carson","Whisenhunt, Carson",False,10,0.7482882372178671
"Peguero, Elvis","Darrell-Hicks, Michael",True,1,0.16271832944112713
"Peguero, Elvis","Mayza, Tim",False,2,0.3299413064567727
"Peguero, Elvis","Sewald, Paul",True,3,0.4866517865904565
"Peguero, Elvis","Hjelle, Sean",True,4,0.490538543845004
"Peguero, Elvis","Murfee, Penn",True,5,0.6531095454663999
"Peguero, Elvis","McDonald, Trevor",True,6,0.730296342228253
"Peguero, Elvis","Lara, Andry",True,7,0.800768195316367
"Peguero, Elvis","Alexander, Scott",False,8,0.8943704439825385
"Peguero, Elvis","Roberts, Ethan",True,9,0.9573778132861944
"Peguero, Elvis","Alvarado, José",False,10,0.9734058840775427
"Poche, Colin","Hernandez, Nick",False,1,0.14564616247855564
"Poche, Colin","Sousa, Bennett",True,2,0.15394150577765586
"Poche, Colin","Montgomery, Mason",True,3,0.289401719073123
"Poche, Colin","Bigge, Hunter",False,4,0.37645786278974636
"Poche, Colin","Mears, Nick",False,5,0.37721497751575866
"Poche, Colin","Hendriks, Liam",False,6,0.3918814131007037
"Poche, Colin","Burns, Chase",False,7,0.4079485058538524
"Poche, Colin","Leasure, Jordan",False,8,0.4270912071632481
"Poche, Colin","Enright, Nic",False,9,0.49887931354880816
"Poche, Colin","Petersen, Michael",False,10,0.52684547742504
"Holderman, Colin","Mederos, Victor",True,1,0.4752393037252553
"Holderman, Colin","Murdock, Noah",True,2,0.6218327719395632
"Holderman, Colin","García, Luis",True,3,0.7335964819369848
"Holderman, Colin","Burgos, Juan",True,4,1.039525447252742
"Holderman, Colin","O'Brien, Riley",True,5,1.0528049254008889
"Holderman, Colin","Loáisiga, Jonathan",True,6,1.0892186294188184
"Holderman, Colin","Houck, Tanner",True,7,1.1691155359664853
"Holderman, Colin","Svanson, Matt",True,8,1.2361114193667007
"Holderman, Colin","Lawrence, Casey",True,9,1.2977207367487678
"Holderman, Colin","Mantiply, Joe",False,10,1.3313660780640766
"Bowden, Ben","Smith, Dylan",False,1,0.18452493630325867
"Bowden, Ben","Tonkin, Michael",False,2,0.22624356934472342
"Bowden, Ben","Johnson, Seth",False,3,0.39596905349966105
"Bowden, Ben","Pearson, Nate",False,4,0.4129677928000088
"Bowden, Ben","Strickland, Hunter",False,5,0.42317198290718494
"Bowden, Ben","Díaz, Edwin",False,6,0.5130946199204384
"Bowden, Ben","Petersen, Michael",False,7,0.52530345235485
"Bowden, Ben","Hernández, Daysbel",False,8,0.5269076383917475
"Bowden, Ben","Hendriks, Liam",False,9,0.564412931344586
"Bowden, Ben","Arias, Luarbert",False,10,0.5969356625570759
"Petersen, Michael","Hendriks, Liam",True,1,0.18040337339745158
"Petersen, Michael","Leasure, Jordan",True,2,0.25108839820224044
"Petersen, Michael","Strickland, Hunter",True,3,0.258867525645999
"Petersen, Michael","Bigge, Hunter",True,4,0.26160928668284983
"Petersen, Michael","Green, Chad",True,5,0.2964787898497016
"Petersen, Michael","Pearson, Nate",True,6,0.31033124763547204
"Petersen, Michael","Hernández, Daysbel",True,7,0.3157428223838168
"Petersen, Michael","Burns, Chase",True,8,0.3847176564453894
"Petersen, Michael","Johnson, Seth",True,9,0.3979817007528751
"Petersen, Michael","Scott, Tanner",False,10,0.3984864553421269
"Hagenman, Justin","Pepiot, Ryan",True,1,0.2955668600204204
"Hagenman, Justin","Vest, Will",True,2,0.33360657152114787
"Hagenman, Justin","Clarke, Taylor",True,3,0.3518839044377686
"Hagenman, Justin","Graveman, Kendall",True,4,0.3869248966058999
"Hagenman, Justin","Hoffman, Jeff",True,5,0.4697063212776521
"Hagenman, Justin","Rodríguez, Yariel",True,6,0.543209604852804
"Hagenman, Justin","Morillo, Juan",True,7,0.5591431056409841
"Hagenman, Justin","Rodón, Carlos",False,8,0.5899040757485674
"Hagenman, Justin","Spence, Mitch",True,9,0.6060798100835163
"Hagenman, Justin","Skubal, Tarik",False,10,0.6459647823255832
"Mey, Luis","Uribe, Abner",True,1,0.9210808201813742
"Mey, Luis","Murfee, Penn",True,2,1.1327743062887294
"Mey, Luis","Tinoco, Jesus",True,3,1.3585627758190273
"Mey, Luis","Burgos, Juan",True,4,1.4695837169298196
"Mey, Luis","Murdock, Noah",True,5,1.470095513665063
"Mey, Luis","Mederos, Victor",True,6,1.5357232493335038
"Mey, Luis","Sewald, Paul",True,7,1.61393060951662
"Mey, Luis","Lovelady, Richard",False,8,1.624165604701077
"Mey, Luis","Alexander, Scott",False,9,1.6304283054072042
"Mey, Luis","Holderman, Colin",True,10,1.645382710996686
"Alvarez, Andrew","Jansen, Kenley",False,1,0.7323726981170884
"Alvarez, Andrew","Chafin, Andrew",True,2,0.7762700627977048
"Alvarez, Andrew","Martin, Corbin",False,3,0.8993051840386015
"Alvarez, Andrew","Bautista, Félix",False,4,0.953256601923569
"Alvarez, Andrew","Cox, Austin",True,5,1.0504502240541715
"Alvarez, Andrew","Jackson, Luke",False,6,1.05608061110166
"Alvarez, Andrew","Aldegheri, Sam",True,7,1.0626893049852655
"Alvarez, Andrew","Enns, Dietrich",True,8,1.0818677542601003
"Alvarez, Andrew","Santillan, Tony",False,9,1.1038677489668722
"Alvarez, Andrew","Whisenhunt, Carson",True,10,1.1065682646684958
"Rodón, Carlos","Morillo, Juan",False,1,0.17959994607365865
"Rodón, Carlos","Hoffman, Jeff",False,2,0.2033265342099945
"Rodón, Carlos","Pepiot, Ryan",False,3,0.4405130919883522
"Rodón, Carlos","Vest, Will",False,4,0.44616614139033545
"Rodón, Carlos","Mahle, Tyler",False,5,0.5343526229689196
"Rodón, Carlos","Coulombe, Danny",True,6,0.5493801768559783
"Rodón, Carlos","Seymour, Carson",False,7,0.577151461876222
"Rodón, Carlos","Graveman, Kendall",False,8,0.5807031906373117
"Rodón, Carlos","Adams, Travis",False,9,0.5861502601326114
"Rodón, Carlos","Hagenman, Justin",False,10,0.5899040757485674
"Sousa, Bennett","Poche, Colin",True,1,0.15394150577765586
"Sousa, Bennett","Montgomery, Mason",True,2,0.16551955369356383
"Sousa, Bennett","Hernandez, Nick",False,3,0.2849940365303395
"Sousa, Bennett","Mears, Nick",False,4,0.36683266378735363
"Sousa, Bennett","Enright, Nic",False,5,0.425365654883971
"Sousa, Bennett","Bigge, Hunter",False,6,0.4254835392471325
"Sousa, Bennett","Burns, Chase",False,7,0.430192632680943
"Sousa, Bennett","Hendriks, Liam",False,8,0.4742089286600731
"Sousa, Bennett","Moreta, Dauri",False,9,0.5161649778869537
"Sousa, Bennett","Leasure, Jordan",False,10,0.5614493775337616
"Hendriks, Liam","Bigge, Hunter",True,1,0.10696491345201868
"Hendriks, Liam","Petersen, Michael",True,2,0.18040337339745158
"Hendriks, Liam","Leasure, Jordan",True,3,0.2975444346829316
"Hendriks, Liam","Burns, Chase",True,4,0.3355593685085258
"Hendriks, Liam","Hernandez, Nick",True,5,0.33576904372148253
"Hendriks, Liam","Green, Chad",True,6,0.3395344014650519
"Hendriks, Liam","Poche, Colin",False,7,0.3918814131007037
"Hendriks, Liam","Hernández, Daysbel",True,8,0.39341828121016886
"Hendriks, Liam","Fermin, José",True,9,0.3998418800524178
"Hendriks, Liam","Strickland, Hunter",True,10,0.40260000765356463
"Kittredge, Andrew","Garcia, Robert",False,1,0.5197749322719639
"Kittredge, Andrew","Boyle, Joe",True,2,0.5582821705177242
"Kittredge, Andrew","Little, Brendon",False,3,0.6157282767408154
"Kittredge, Andrew","Salazar, Eduardo",True,4,0.6267826873890446
"Kittredge, Andrew","Akin, Keegan",False,5,0.644755428295189
"Kittredge, Andrew","Rodríguez, Manuel",True,6,0.6629603882677785
"Kittredge, Andrew","Lucas, Easton",False,7,0.6795284987733488
"Kittredge, Andrew","Rasmussen, Drew",True,8,0.7054843697929717
"Kittredge, Andrew","Gil, Luis",True,9,0.7419885347994016
"Kittredge, Andrew","Sulser, Cole",True,10,0.7805680363899821
"Hoffman, Jeff","Morillo, Juan",True,1,0.1671931462301036
"Hoffman, Jeff","Rodón, Carlos",False,2,0.2033265342099945
"Hoffman, Jeff","Pepiot, Ryan",True,3,0.41876672715436253
"Hoffman, Jeff","Vest, Will",True,4,0.4415751103043571
"Hoffman, Jeff","Mahle, Tyler",True,5,0.4457247303816932
"Hoffman, Jeff","Graveman, Kendall",True,6,0.4496126285172724
"Hoffman, Jeff","Hagenman, Justin",True,7,0.4697063212776521
"Hoffman, Jeff","Spence, Mitch",True,8,0.5149560693448545
"Hoffman, Jeff","Rutledge, Jackson",True,9,0.5408338520186334
"Hoffman, Jeff","Adams, Travis",True,10,0.5555738949038874
"Stroman, Marcus","Armstrong, Shawn",True,1,0.7005723672155871
"Stroman, Marcus","Junis, Jakob",True,2,0.7492570073747602
"Stroman, Marcus","Hart, Kyle",False,3,0.7604922295264134
"Stroman, Marcus","Hurter, Brant",False,4,0.7710849764779508
"Stroman, Marcus","Garrett, Reed",True,5,0.8116355571520248
"Stroman, Marcus","Raley, Brooks",False,6,0.8543609929163564
"Stroman, Marcus","Lee, Chase",True,7,0.8640353616862717
"Stroman, Marcus","Wesneski, Hayden",True,8,0.8672343347896043
"Stroman, Marcus","Mantiply, Joe",False,9,0.9011660662593911
"Stroman, Marcus","Cano, Yennier",True,10,0.9100726713650986
"Senzatela, Antonio","Falter, Bailey",False,1,0.5606949113775375
"Senzatela, Antonio","Erceg, Lucas",True,2,0.5675775134742524
"Senzatela, Antonio","Zeferjahn, Ryan",True,3,0.630604448676227
"Senzatela, Antonio","Molina, Anthony",True,4,0.7663947792795236
"Senzatela, Antonio","Suter, Brent",False,5,0.7723622544221875
"Senzatela, Antonio","Carrasco, Carlos",True,6,0.8476962465972717
"Senzatela, Antonio","Hernández, Carlos",True,7,0.8663826257041298
"Senzatela, Antonio","Pérez, Martín",False,8,0.9578694518720956
"Senzatela, Antonio","Ray, Robbie",False,9,0.979619800115762
"Senzatela, Antonio","Alcantara, Sandy",True,10,0.9877062849474958
"Burns, Chase","Bigge, Hunter",True,1,0.28543231906781036
"Burns, Chase","Fermin, José",True,2,0.29414093027588917
"Burns, Chase","Hendriks, Liam",True,3,0.3355593685085258
"Burns, Chase","Green, Chad",True,4,0.3467549114877575
"Burns, Chase","Hernandez, Nick",True,5,0.35645483958436613
"Burns, Chase","Petersen, Michael",True,6,0.3847176564453894
"Burns, Chase","Poche, Colin",False,7,0.4079485058538524
"Burns, Chase","Leasure, Jordan",True,8,0.4118113341354196
"Burns, Chase","Montgomery, Mason",False,9,0.42403100401534366
"Burns, Chase","Sousa, Bennett",False,10,0.430192632680943
"Zeferjahn, Ryan","Erceg, Lucas",True,1,0.3938955444712872
"Zeferjahn, Ryan","Carrasco, Carlos",True,2,0.5377569976369437
"Zeferjahn, Ryan","Senzatela, Antonio",True,3,0.630604448676227
"Zeferjahn, Ryan","Ribalta, Orlando",True,4,0.6546432366403833
"Zeferjahn, Ryan","Hill, Jaden",True,5,0.6993012627350395
"Zeferjahn, Ryan","Molina, Anthony",True,6,0.7119020706550222
"Zeferjahn, Ryan","Pérez, Martín",False,7,0.7624494068867292
"Zeferjahn, Ryan","Suter, Brent",False,8,0.7652428932943853
"Zeferjahn, Ryan","Gibaut, Ian",True,9,0.7757710851860088
"Zeferjahn, Ryan","Feltner, Ryan",True,10,0.7773775414601072
"Tonkin, Michael","Smith, Dylan",True,1,0.17821845224610997
"Tonkin, Michael","Bowden, Ben",False,2,0.22624356934472342
"Tonkin, Michael","Díaz, Edwin",True,3,0.3393578214690376
"Tonkin, Michael","Pearson, Nate",True,4,0.3778254491834353
"Tonkin, Michael","Lara, Andry",True,5,0.44681142888154385
"Tonkin, Michael","Gray, Jon",True,6,0.463893194876414
"Tonkin, Michael","Strickland, Hunter",True,7,0.4830772378946769
"Tonkin, Michael","Johnson, Seth",True,8,0.5005904802134502
"Tonkin, Michael","Scholtens, Jesse",True,9,0.5579414745175755
"Tonkin, Michael","Petersen, Michael",True,10,0.5595229743813553
"Rutledge, Jackson","Adams, Travis",True,1,0.3907234315119213
"Rutledge, Jackson","Lynch IV, Daniel",False,2,0.4312163735316977
"Rutledge, Jackson","Gipson-Long, Sawyer",True,3,0.4437782159071761
"Rutledge, Jackson","Melton, Troy",True,4,0.4945274608694229
"Rutledge, Jackson","Mize, Casey",True,5,0.5394184176146425
"Rutledge, Jackson","Hoffman, Jeff",True,6,0.5408338520186334
"Rutledge, Jackson","Castillo, Luis",True,7,0.5667941965661649
"Rutledge, Jackson","Morillo, Juan",True,8,0.6017939453794192
"Rutledge, Jackson","Mahle, Tyler",True,9,0.6188840270175635
"Rutledge, Jackson","Rodón, Carlos",False,10,0.6207093354254211
"Mayza, Tim","Peguero, Elvis",False,1,0.3299413064567727
"Mayza, Tim","Hjelle, Sean",False,2,0.3670414522968376
"Mayza, Tim","Darrell-Hicks, Michael",False,3,0.3674036402856713
"Mayza, Tim","Lara, Andry",False,4,0.6053270666601607
"Mayza, Tim","Alvarado, José",True,5,0.7275711667848924
"Mayza, Tim","Alexander, Scott",True,6,0.7789179853679261
"Mayza, Tim","Sewald, Paul",False,7,0.7965551176502044
"Mayza, Tim","Díaz, Edwin",False,8,0.8136745535695582
"Mayza, Tim","Whitley, Forrest",False,9,0.8252332828431124
"Mayza, Tim","Díaz, Alexis",False,10,0.8770638785471718
"Pilkington, Konnor","Sulser, Cole",False,1,0.24562505347966726
"Pilkington, Konnor","Chandler, Bubba",False,2,0.3618255656348978
"Pilkington, Konnor","Vesia, Alex",True,3,0.3785859604138199
"Pilkington, Konnor","Gausman, Kevin",False,4,0.4442043151053946
"Pilkington, Konnor","Boyle, Joe",False,5,0.4454113543487806
"Pilkington, Konnor","Montero, Rafael",False,6,0.4518129322826388
"Pilkington, Konnor","Rodríguez, Manuel",False,7,0.4544982352731259
"Pilkington, Konnor","Castillo, José",True,8,0.4557362226705985
"Pilkington, Konnor","Lucas, Easton",True,9,0.47838910157344655
"Pilkington, Konnor","Dana, Caden",False,10,0.4901710986476712
"Gilbert, Tyler","Banks, Tanner",True,1,0.3685877251416949
"Gilbert, Tyler","Hurter, Brant",True,2,0.4602614174754468
"Gilbert, Tyler","Patrick, Chad",False,3,0.5165118878195928
"Gilbert, Tyler","Cano, Yennier",False,4,0.5265441083798276
"Gilbert, Tyler","Ortiz, Luis",False,5,0.5283753320183135
"Gilbert, Tyler","Williams, Trevor",False,6,0.5778661258832901
"Gilbert, Tyler","Junis, Jakob",False,7,0.5848521695432807
"Gilbert, Tyler","Iglesias, Raisel",False,8,0.59094050738741
"Gilbert, Tyler","Woo, Bryan",False,9,0.5935950782437198
"Gilbert, Tyler","Rodríguez, Yariel",False,10,0.6241082053780158
"Moreta, Dauri","Sousa, Bennett",False,1,0.5161649778869537
"Moreta, Dauri","Montgomery, Mason",False,2,0.53170568304571
"Moreta, Dauri","Poche, Colin",False,3,0.5317590797008085
"Moreta, Dauri","Hernandez, Nick",True,4,0.6454461577703939
"Moreta, Dauri","Enright, Nic",True,5,0.6564468459937105
"Moreta, Dauri","Bigge, Hunter",True,6,0.6866320627739889
"Moreta, Dauri","Hendriks, Liam",True,7,0.7041777213262223
"Moreta, Dauri","Henderson, Logan",True,8,0.753226305870783
"Moreta, Dauri","Pagán, Emilio",True,9,0.7820771033041398
"Moreta, Dauri","Granillo, Andre",True,10,0.7957256610755369
"Hjelle, Sean","Lara, Andry",True,1,0.3363816267148266
"Hjelle, Sean","Mayza, Tim",False,2,0.3670414522968376
"Hjelle, Sean","Peguero, Elvis",True,3,0.490538543845004
"Hjelle, Sean","Alexander, Scott",False,4,0.49194666959582545
"Hjelle, Sean","Díaz, Edwin",True,5,0.5776380647138801
"Hjelle, Sean","Santos, Gregory",True,6,0.5800778927387025
"Hjelle, Sean","Darrell-Hicks, Michael",True,7,0.5954128231693314
"Hjelle, Sean","Alvarado, José",False,8,0.6697162300009863
"Hjelle, Sean","Tonkin, Michael",True,9,0.7649348248829025
"Hjelle, Sean","Murfee, Penn",True,10,0.7665235675967174
"Bigge, Hunter","Hendriks, Liam",True,1,0.10696491345201868
"Bigge, Hunter","Petersen, Michael",True,2,0.26160928668284983
"Bigge, Hunter","Burns, Chase",True,3,0.28543231906781036
"Bigge, Hunter","Fermin, José",True,4,0.31110336703115415
"Bigge, Hunter","Green, Chad",True,5,0.3191266167687534
"Bigge, Hunter","Hernandez, Nick",True,6,0.34987516667769686
"Bigge, Hunter","Enright, Nic",True,7,0.35518247288849625
"Bigge, Hunter","Poche, Colin",False,8,0.37645786278974636
"Bigge, Hunter","Leasure, Jordan",True,9,0.37733048821878756
"Bigge, Hunter","Montgomery, Mason",False,10,0.3993723171264497
"Beeks, Jalen","Greene, Hunter",False,1,0.3569446501770486
"Beeks, Jalen","Gausman, Kevin",False,2,0.36298799394689557
"Beeks, Jalen","Dana, Caden",False,3,0.36833323169751436
"Beeks, Jalen","Castillo, José",True,4,0.4384230525073636
"Beeks, Jalen","Vesia, Alex",True,5,0.4627537307965067
"Beeks, Jalen","Chandler, Bubba",False,6,0.4774421265053683
"Beeks, Jalen","Brasier, Ryan",False,7,0.49963235727220223
"Beeks, Jalen","Pilkington, Konnor",True,8,0.5031614304528401
"Beeks, Jalen","Whisenhunt, Carson",True,9,0.5111996658940324
"Beeks, Jalen","Estévez, Carlos",False,10,0.5264847144147777
"Smith, Dylan","Tonkin, Michael",True,1,0.17821845224610997
"Smith, Dylan","Bowden, Ben",False,2,0.18452493630325867
"Smith, Dylan","Díaz, Edwin",True,3,0.38241038476297995
"Smith, Dylan","Gray, Jon",True,4,0.4540592678597691
"Smith, Dylan","Pearson, Nate",True,5,0.4726674974384445
"Smith, Dylan","Scholtens, Jesse",True,6,0.4984867651488279
"Smith, Dylan","Strickland, Hunter",True,7,0.5316816342690891
"Smith, Dylan","Lara, Andry",True,8,0.543951119482953
"Smith, Dylan","Johnson, Seth",True,9,0.5464148883661079
"Smith, Dylan","Petersen, Michael",True,10,0.5648613326775557
"Adams, Travis","Rutledge, Jackson",True,1,0.3907234315119213
"Adams, Travis","Gipson-Long, Sawyer",True,2,0.42568170830732305
"Adams, Travis","Hoffman, Jeff",True,3,0.5555738949038874
"Adams, Travis","Mize, Casey",True,4,0.5801964017194626
"Adams, Travis","Mahle, Tyler",True,5,0.5803986982780284
"Adams, Travis","Rodón, Carlos",False,6,0.5861502601326114
"Adams, Travis","Patrick, Chad",True,7,0.5884710791134549
"Adams, Travis","Hatch, Thomas",True,8,0.5885523812808997
"Adams, Travis","Lynch IV, Daniel",False,9,0.6108272186412307
"Adams, Travis","Morillo, Juan",True,10,0.6211942372927532
"Morejon, Adrian","Brasier, Ryan",False,1,0.4124556064913931
"Morejon, Adrian","Peguero, Joel",False,2,0.4798592806553795
"Morejon, Adrian","Brogdon, Connor",False,3,0.48259819974328044
"Morejon, Adrian","Banda, Anthony",True,4,0.5496399134071658
"Morejon, Adrian","Beeks, Jalen",True,5,0.556022211677457
"Morejon, Adrian","Castillo, José",True,6,0.5795306883144569
"Morejon, Adrian","Akin, Keegan",True,7,0.6283298657714493
"Morejon, Adrian","Salazar, Eduardo",False,8,0.6372919088940077
"Morejon, Adrian","Strahm, Matt",True,9,0.6601994983842581
"Morejon, Adrian","Dana, Caden",False,10,0.6868641000807808
"Lara, Andry","Díaz, Edwin",True,1,0.2686236486392309
"Lara, Andry","Hjelle, Sean",True,2,0.3363816267148266
"Lara, Andry","Santos, Gregory",True,3,0.4136336300551762
"Lara, Andry","Tonkin, Michael",True,4,0.44681142888154385
"Lara, Andry","Alexander, Scott",False,5,0.5317011371741797
"Lara, Andry","Smith, Dylan",True,6,0.543951119482953
"Lara, Andry","Gray, Jon",True,7,0.5639553867352133
"Lara, Andry","McDaniels, Garrett",False,8,0.6011141875083527
"Lara, Andry","Bowden, Ben",False,9,0.6014238950158515
"Lara, Andry","Mayza, Tim",False,10,0.6053270666601607
"Akin, Keegan","Salazar, Eduardo",False,1,0.14909122191766558
"Akin, Keegan","Castillo, José",True,2,0.28033660928671456
"Akin, Keegan","Brasier, Ryan",False,3,0.3339601510779906
"Akin, Keegan","Rodríguez, Manuel",False,4,0.37409274824841005
"Akin, Keegan","Dana, Caden",False,5,0.39382887093148866
"Akin, Keegan","Garcia, Robert",True,6,0.4108534372455966
"Akin, Keegan","Boyle, Joe",False,7,0.414118606513766
"Akin, Keegan","Vesia, Alex",True,8,0.42414192139959156
"Akin, Keegan","Gage, Matt",True,9,0.44506564318168124
"Akin, Keegan","Muñoz, Roddery",False,10,0.4614621217709396
"Clarke, Taylor","Vest, Will",True,1,0.29905659256985895
"Clarke, Taylor","Hagenman, Justin",True,2,0.3518839044377686
"Clarke, Taylor","Pepiot, Ryan",True,3,0.3776300655077167
"Clarke, Taylor","Fulmer, Carson",True,4,0.5754023849050528
"Clarke, Taylor","Hoffman, Jeff",True,5,0.6478918771984589
"Clarke, Taylor","Graveman, Kendall",True,6,0.656541565744634
"Clarke, Taylor","Rodón, Carlos",False,7,0.6957854287044192
"Clarke, Taylor","Morillo, Juan",True,8,0.7374681308664778
"Clarke, Taylor","Martin, Davis",True,9,0.7562858625838685
"Clarke, Taylor","Rodríguez, Manuel",True,10,0.768713458376021
"Ortiz, Luis","Williams, Trevor",True,1,0.3409936775552064
"Ortiz, Luis","Patrick, Chad",True,2,0.5072354313052437
"Ortiz, Luis","Banks, Tanner",False,3,0.5084576203861433
"Ortiz, Luis","Gilbert, Tyler",False,4,0.5283753320183135
"Ortiz, Luis","De los Santos, Yerry",True,5,0.5386961963194155
"Ortiz, Luis","Singer, Brady",True,6,0.5934469382276294
"Ortiz, Luis","Rodríguez, Yariel",True,7,0.6180365321830574
"Ortiz, Luis","Castillo, Luis",True,8,0.6357976518963979
"Ortiz, Luis","Luzardo, Jesús",False,9,0.6531255979658147
"Ortiz, Luis","Soriano, George",True,10,0.662601248580289
"Bowman, Matt","Mantiply, Joe",False,1,0.5790860609009701
"Bowman, Matt","Lawrence, Casey",True,2,0.5906045771615789
"Bowman, Matt","Lee, Chase",True,3,0.6918105782360925
"Bowman, Matt","Houck, Tanner",True,4,0.7554267760270643
"Bowman, Matt","Burgos, Juan",True,5,0.7947988928403171
"Bowman, Matt","Spiers, Carson",True,6,0.8270102685104541
"Bowman, Matt","Svanson, Matt",True,7,0.9587894999230812
"Bowman, Matt","Armstrong, Shawn",True,8,0.9738788968335886
"Bowman, Matt","Sisk, Evan",False,9,1.0099992911745355
"Bowman, Matt","Stroman, Marcus",True,10,1.0716428458361482
"Mederos, Victor","Murdock, Noah",True,1,0.443604055800614
"Mederos, Victor","Holderman, Colin",True,2,0.4752393037252553
"Mederos, Victor","Burgos, Juan",True,3,0.8153676765440928
"Mederos, Victor","Houck, Tanner",True,4,0.8841553170419367
"Mederos, Victor","García, Luis",True,5,0.9384895827692602
"Mederos, Victor","Lawrence, Casey",True,6,0.9793954047178312
"Mederos, Victor","Loáisiga, Jonathan",True,7,0.9949132883118837
"Mederos, Victor","Mantiply, Joe",False,8,1.0579795743385754
"Mederos, Victor","Svanson, Matt",True,9,1.070105158742323
"Mederos, Victor","Bowman, Matt",True,10,1.1164105111719091
"Palmquist, Carson","Robert, Daniel",False,1,1.0627137226179564
"Palmquist, Carson","Hodge, Porter",False,2,1.127474126723078
"Palmquist, Carson","Curvelo, Luis",False,3,1.1635421568994577
"Palmquist, Carson","Zeferjahn, Ryan",False,4,1.2413505490554309
"Palmquist, Carson","Kelly, Michael",False,5,1.2608804264350943
"Palmquist, Carson","García, Luis",False,6,1.2852311758845019
"Palmquist, Carson","Zastryzny, Rob",True,7,1.3423802702985514
"Palmquist, Carson","Senzatela, Antonio",False,8,1.3491785592707384
"Palmquist, Carson","Giolito, Lucas",False,9,1.3531468654190109
"Palmquist, Carson","Erceg, Lucas",False,10,1.3821746536433268
"Green, Chad","Fermin, José",True,1,0.2637516012490523
"Green, Chad","Petersen, Michael",True,2,0.2964787898497016
"Green, Chad","Bigge, Hunter",True,3,0.3191266167687534
"Green, Chad","Hendriks, Liam",True,4,0.3395344014650519
"Green, Chad","Burns, Chase",True,5,0.3467549114877575
"Green, Chad","Pearson, Nate",True,6,0.466570403746919
"Green, Chad","Leasure, Jordan",True,7,0.5036946079928311
"Green, Chad","Scott, Tanner",False,8,0.5102516858855486
"Green, Chad","Scholtens, Jesse",True,9,0.5146157412749878
"Green, Chad","Strickland, Hunter",True,10,0.5157603086694559
"Montgomery, Mason","Sousa, Bennett",True,1,0.16551955369356383
"Montgomery, Mason","Enright, Nic",False,2,0.2762904576762827
"Montgomery, Mason","Poche, Colin",True,3,0.289401719073123
"Montgomery, Mason","Bigge, Hunter",False,4,0.3993723171264497
"Montgomery, Mason","Hernandez, Nick",False,5,0.40113239949565554
"Montgomery, Mason","Burns, Chase",False,6,0.42403100401534366
"Montgomery, Mason","Mears, Nick",False,7,0.46861034105183846
"Montgomery, Mason","Fermin, José",False,8,0.47397311440856044
"Montgomery, Mason","Hendriks, Liam",False,9,0.4779219608856054
"Montgomery, Mason","Moreta, Dauri",False,10,0.53170568304571
"Brogdon, Connor","Morejon, Adrian",False,1,0.48259819974328044
"Brogdon, Connor","Halvorsen, Seth",True,2,0.6885196314871589
"Brogdon, Connor","Hill, Jaden",True,3,0.6919144678922131
"Brogdon, Connor","Greene, Hunter",True,4,0.692184296204446
"Brogdon, Connor","Curvelo, Luis",True,5,0.7058325398709347
"Brogdon, Connor","Baker, Bryan",True,6,0.7107060808262793
"Brogdon, Connor","Beeks, Jalen",False,7,0.7419717628051272
"Brogdon, Connor","De los Santos, Yerry",True,8,0.7679810483107576
"Brogdon, Connor","Fedde, Erick",True,9,0.7759317651825374
"Brogdon, Connor","Brasier, Ryan",True,10,0.7857695575788564
"Pagán, Emilio","Anderson, Nick",True,1,0.28301516538081944
"Pagán, Emilio","Ohl, Pierson",True,2,0.47834370193756337
"Pagán, Emilio","Greene, Hunter",True,3,0.5249316531853516
"Pagán, Emilio","Bautista, Félix",True,4,0.5563067618918657
"Pagán, Emilio","Enns, Dietrich",False,5,0.592229810679889
"Pagán, Emilio","Gausman, Kevin",True,6,0.6107690772567899
"Pagán, Emilio","Whisenhunt, Carson",False,7,0.6214332199585343
"Pagán, Emilio","Estrada, Jeremiah",True,8,0.6358646249916069
"Pagán, Emilio","Giolito, Lucas",True,9,0.6803477347730422
"Pagán, Emilio","Farris, Mitch",False,10,0.7045198587174623
"Greene, Hunter","Ohl, Pierson",True,1,0.284054468672935
"Greene, Hunter","Gausman, Kevin",True,2,0.3008489510191655
"Greene, Hunter","Beeks, Jalen",False,3,0.3569446501770486
"Greene, Hunter","Halvorsen, Seth",True,4,0.37796307836433696
"Greene, Hunter","Anderson, Nick",True,5,0.3972980319958756
"Greene, Hunter","Pagán, Emilio",True,6,0.5249316531853516
"Greene, Hunter","Giolito, Lucas",True,7,0.5365132439996716
"Greene, Hunter","Pilkington, Konnor",False,8,0.5754616115481476
"Greene, Hunter","Whisenhunt, Carson",False,9,0.5837951580535071
"Greene, Hunter","Enns, Dietrich",False,10,0.5954419513215463
"Gibaut, Ian","Coulombe, Danny",False,1,0.6074095131906598
"Gibaut, Ian","Morillo, Juan",True,2,0.6263590833924148
"Gibaut, Ian","Beeks, Jalen",False,3,0.6634269940366865
"Gibaut, Ian","Banda, Anthony",False,4,0.6649485329367807
"Gibaut, Ian","Ribalta, Orlando",True,5,0.6792883542939704
"Gibaut, Ian","Rodón, Carlos",False,6,0.7057643589657665
"Gibaut, Ian","Hoffman, Jeff",True,7,0.7098301670467752
"Gibaut, Ian","Spence, Mitch",True,8,0.7114637858748974
"Gibaut, Ian","Strahm, Matt",False,9,0.712119754818543
"Gibaut, Ian","Brasier, Ryan",True,10,0.7368334184361339
"Garcia, Robert","Boyle, Joe",False,1,0.1354598538046349
"Garcia, Robert","Gil, Luis",False,2,0.3767117167379036
"Garcia, Robert","Salazar, Eduardo",False,3,0.4039697797911781
"Garcia, Robert","Akin, Keegan",True,4,0.4108534372455966
"Garcia, Robert","Muñoz, Roddery",False,5,0.42699589406022376
"Garcia, Robert","Castillo, José",True,6,0.47945411227769485
"Garcia, Robert","Little, Brendon",True,7,0.5090300749935767
"Garcia, Robert","Kittredge, Andrew",False,8,0.5197749322719639
"Garcia, Robert","Rodríguez, Manuel",False,9,0.5279588483776307
"Garcia, Robert","Lucas, Easton",True,10,0.552229886379243
"Salazar, Eduardo","Akin, Keegan",False,1,0.14909122191766558
"Salazar, Eduardo","Brasier, Ryan",True,2,0.31992506429364537
"Salazar, Eduardo","Castillo, José",False,3,0.3950213888162849
"Salazar, Eduardo","Garcia, Robert",False,4,0.4039697797911781
"Salazar, Eduardo","Muñoz, Roddery",True,5,0.41721413117962075
"Salazar, Eduardo","Peguero, Joel",True,6,0.4304468930277468
"Salazar, Eduardo","Boyle, Joe",True,7,0.44371428813481334
"Salazar, Eduardo","Gage, Matt",False,8,0.47586150967808927
"Salazar, Eduardo","Rodríguez, Manuel",True,9,0.47894582529322555
"Salazar, Eduardo","Dana, Caden",True,10,0.5352614393327417
"Rodríguez, Manuel","Lucas, Easton",False,1,0.19056236919060646
"Rodríguez, Manuel","Vesia, Alex",False,2,0.2865142448671396
"Rodríguez, Manuel","Gage, Matt",False,3,0.35209229494795474
"Rodríguez, Manuel","Akin, Keegan",False,4,0.37409274824841005
"Rodríguez, Manuel","Little, Brendon",False,5,0.4039117350739975
"Rodríguez, Manuel","Dana, Caden",True,6,0.40940224216771764
"Rodríguez, Manuel","Boyle, Joe",True,7,0.4399351488370137
"Rodríguez, Manuel","Sulser, Cole",True,8,0.4515365911334417
"Rodríguez, Manuel","Pilkington, Konnor",False,9,0.4544982352731259
"Rodríguez, Manuel","Castillo, José",False,10,0.47435106570086066
"Graveman, Kendall","De los Santos, Yerry",True,1,0.34415926850364137
"Graveman, Kendall","Rodríguez, Yariel",True,2,0.37280909034396964
"Graveman, Kendall","Castillo, Luis",True,3,0.378755314361906
"Graveman, Kendall","Hagenman, Justin",True,4,0.3869248966058999
"Graveman, Kendall","Skubal, Tarik",False,5,0.4017509529691222
"Graveman, Kendall","Spence, Mitch",True,6,0.4086983961260094
"Graveman, Kendall","Hoffman, Jeff",True,7,0.4496126285172724
"Graveman, Kendall","Morillo, Juan",True,8,0.5030417054015022
"Graveman, Kendall","Pepiot, Ryan",True,9,0.522703536827984
"Graveman, Kendall","Vest, Will",True,10,0.5661941384203811
"De los Santos, Yerry","Castillo, Luis",True,1,0.21611102119109626
"De los Santos, Yerry","Graveman, Kendall",True,2,0.34415926850364137
"De los Santos, Yerry","Rodríguez, Yariel",True,3,0.3788595981835782
"De los Santos, Yerry","Spence, Mitch",True,4,0.39356670659878606
"De los Santos, Yerry","Skubal, Tarik",False,5,0.4228078892795351
"De los Santos, Yerry","Hill, Jaden",True,6,0.5101877616432295
"De los Santos, Yerry","Ortiz, Luis",True,7,0.5386961963194155
"De los Santos, Yerry","Singer, Brady",True,8,0.57336793592295
"De los Santos, Yerry","Eder, Jake",False,9,0.6014098404100436
"De los Santos, Yerry","Hoffman, Jeff",True,10,0.6152511092531275
"Burgos, Juan","Murdock, Noah",True,1,0.5256219710604059
"Burgos, Juan","Svanson, Matt",True,2,0.5416884984438537
"Burgos, Juan","Sisk, Evan",False,3,0.6759054010602114
"Burgos, Juan","Mantiply, Joe",False,4,0.7236690322093882
"Burgos, Juan","Lee, Chase",True,5,0.7563705037884499
"Burgos, Juan","Bowman, Matt",True,6,0.7947988928403171
"Burgos, Juan","Mederos, Victor",True,7,0.8153676765440928
"Burgos, Juan","Armstrong, Shawn",True,8,0.8421416296603569
"Burgos, Juan","Lawrence, Casey",True,9,0.8892615299504976
"Burgos, Juan","García, Luis",True,10,0.931695158791674
"Boyle, Joe","Garcia, Robert",False,1,0.1354598538046349
"Boyle, Joe","Muñoz, Roddery",True,2,0.4130365854804949
"Boyle, Joe","Akin, Keegan",False,3,0.414118606513766
"Boyle, Joe","Little, Brendon",False,4,0.4176284993511504
"Boyle, Joe","Rodríguez, Manuel",True,5,0.4399351488370137
"Boyle, Joe","Lucas, Easton",False,6,0.4420786886745421
"Boyle, Joe","Salazar, Eduardo",True,7,0.44371428813481334
"Boyle, Joe","Pilkington, Konnor",False,8,0.4454113543487806
"Boyle, Joe","Gil, Luis",True,9,0.4525043612716615
"Boyle, Joe","Sulser, Cole",True,10,0.4632081382890123
"Feltner, Ryan","Festa, Matt",True,1,0.561202289986321
"Feltner, Ryan","Strahm, Matt",False,2,0.5985887860953127
"Feltner, Ryan","Hancock, Emerson",True,3,0.6524251879880237
"Feltner, Ryan","Hill, Jaden",True,4,0.671496372606348
"Feltner, Ryan","Lodolo, Nick",False,5,0.7086358619138132
"Feltner, Ryan","Assad, Javier",True,6,0.7128248150055073
"Feltner, Ryan","Williams, Trevor",True,7,0.7256004412668756
"Feltner, Ryan","Pérez, Martín",False,8,0.750992447649445
"Feltner, Ryan","De los Santos, Yerry",True,9,0.7529277698423045
"Feltner, Ryan","Curvelo, Luis",True,10,0.7725230401830508
"Díaz, Edwin","Lara, Andry",True,1,0.2686236486392309
"Díaz, Edwin","Gray, Jon",True,2,0.30814963126150013
"Díaz, Edwin","Tonkin, Michael",True,3,0.3393578214690376
"Díaz, Edwin","Santos, Gregory",True,4,0.36496137827184666
"Díaz, Edwin","Smith, Dylan",True,5,0.38241038476297995
"Díaz, Edwin","McDaniels, Garrett",False,6,0.40436511476772935
"Díaz, Edwin","Díaz, Alexis",True,7,0.5035835967001551
"Díaz, Edwin","Fluharty, Mason",False,8,0.5119489150823339
"Díaz, Edwin","Bowden, Ben",False,9,0.5130946199204384
"Díaz, Edwin","Hjelle, Sean",True,10,0.5776380647138801
"Chafin, Andrew","Enns, Dietrich",True,1,0.5529915322424986
"Chafin, Andrew","Dana, Caden",False,2,0.5720419552471228
"Chafin, Andrew","Estévez, Carlos",False,3,0.5730234338924601
"Chafin, Andrew","Hiraldo, Yaramil",False,4,0.5918609281542477
"Chafin, Andrew","Beeks, Jalen",True,5,0.6237799198105042
"Chafin, Andrew","McGough, Scott",False,6,0.6345934331406418
"Chafin, Andrew","Vesia, Alex",True,7,0.6406934734895461
"Chafin, Andrew","Whisenhunt, Carson",True,8,0.6541804346425018
"Chafin, Andrew","Bautista, Félix",False,9,0.6643070939672939
"Chafin, Andrew","Rodríguez, Manuel",False,10,0.6732821841621186
"Fermin, José","Green, Chad",True,1,0.2637516012490523
"Fermin, José","Burns, Chase",True,2,0.29414093027588917
"Fermin, José","Enright, Nic",True,3,0.3030797445099838
"Fermin, José","Bigge, Hunter",True,4,0.31110336703115415
"Fermin, José","Hendriks, Liam",True,5,0.3998418800524178
"Fermin, José","Petersen, Michael",True,6,0.4667031234540666
"Fermin, José","Montgomery, Mason",False,7,0.47397311440856044
"Fermin, José","Winckowski, Josh",True,8,0.5443634814297809
"Fermin, José","Scholtens, Jesse",True,9,0.5513244486184496
"Fermin, José","Sousa, Bennett",False,10,0.5686566791605036
"Anderson, Nick","Pagán, Emilio",True,1,0.28301516538081944
"Anderson, Nick","Ohl, Pierson",True,2,0.3741716573925626
"Anderson, Nick","Greene, Hunter",True,3,0.3972980319958756
"Anderson, Nick","Giolito, Lucas",True,4,0.4300281754077621
"Anderson, Nick","Halvorsen, Seth",True,5,0.5143743429200985
"Anderson, Nick","Gausman, Kevin",True,6,0.5599119328827012
"Anderson, Nick","Whisenhunt, Carson",False,7,0.5968325378114838
"Anderson, Nick","Beeks, Jalen",False,8,0.6027424282256707
"Anderson, Nick","Bautista, Félix",True,9,0.6077357948989893
"Anderson, Nick","Enns, Dietrich",False,10,0.62767236151492
"Loáisiga, Jonathan","Svanson, Matt",True,1,0.7575753445823472
"Loáisiga, Jonathan","Lawrence, Casey",True,2,0.8140991255615568
"Loáisiga, Jonathan","Mantiply, Joe",False,3,0.8622688409337025
"Loáisiga, Jonathan","Houck, Tanner",True,4,0.9573746481931693
"Loáisiga, Jonathan","Armstrong, Shawn",True,5,0.9915233800026253
"Loáisiga, Jonathan","Mederos, Victor",True,6,0.9949132883118837
"Loáisiga, Jonathan","Murdock, Noah",True,7,0.9982476543589633
"Loáisiga, Jonathan","Burgos, Juan",True,8,1.0008242204869344
"Loáisiga, Jonathan","García, Luis",True,9,1.0143857625738468
"Loáisiga, Jonathan","Lodolo, Nick",False,10,1.035211876398143
"Enns, Dietrich","McGough, Scott",False,1,0.47233600008311377
"Enns, Dietrich","Hiraldo, Yaramil",False,2,0.4868166580007478
"Enns, Dietrich","Pilkington, Konnor",True,3,0.5173028134400187
"Enns, Dietrich","Ohl, Pierson",False,4,0.5307837546365651
"Enns, Dietrich","Shuster, Jared",True,5,0.5370235708500316
"Enns, Dietrich","Vesia, Alex",True,6,0.5436711352709845
"Enns, Dietrich","Chafin, Andrew",True,7,0.5529915322424986
"Enns, Dietrich","Lucas, Easton",True,8,0.5753054825905317
"Enns, Dietrich","Gausman, Kevin",False,9,0.5764706104667751
"Enns, Dietrich","Beeks, Jalen",True,10,0.5798282737706223
"Fedde, Erick","Hurter, Brant",False,1,0.4394377489533451
"Fedde, Erick","Lodolo, Nick",False,2,0.4871140010002104
"Fedde, Erick","Armstrong, Shawn",True,3,0.5742309587158049
"Fedde, Erick","Iglesias, Raisel",True,4,0.6213242311633891
"Fedde, Erick","Garrett, Reed",True,5,0.6691445054904364
"Fedde, Erick","Williams, Trevor",True,6,0.6700835230198738
"Fedde, Erick","Festa, Matt",True,7,0.679261070126791
"Fedde, Erick","Gilbert, Tyler",False,8,0.712747369262705
"Fedde, Erick","Brogdon, Connor",True,9,0.7759317651825374
"Fedde, Erick","Ortiz, Luis",True,10,0.7799943286998017
"Murdock, Noah","Mederos, Victor",True,1,0.443604055800614
"Murdock, Noah","Burgos, Juan",True,2,0.5256219710604059
"Murdock, Noah","Holderman, Colin",True,3,0.6218327719395632
"Murdock, Noah","García, Luis",True,4,0.7846193095896452
"Murdock, Noah","Svanson, Matt",True,5,0.8183783639938019
"Murdock, Noah","Mantiply, Joe",False,6,0.9956545519097677
"Murdock, Noah","Loáisiga, Jonathan",True,7,0.9982476543589633
"Murdock, Noah","Sisk, Evan",False,8,1.0359047394043728
"Murdock, Noah","Lawrence, Casey",True,9,1.0367980990687924
"Murdock, Noah","Johnson, Ryan",True,10,1.0400990064516937
"Brasier, Ryan","Peguero, Joel",True,1,0.25026195072088836
"Brasier, Ryan","Salazar, Eduardo",True,2,0.31992506429364537
"Brasier, Ryan","Akin, Keegan",False,3,0.3339601510779906
"Brasier, Ryan","Morejon, Adrian",False,4,0.4124556064913931
"Brasier, Ryan","Castillo, José",False,5,0.44544824278895273
"Brasier, Ryan","Muñoz, Roddery",True,6,0.47957311460209323
"Brasier, Ryan","Gage, Matt",False,7,0.4975920004423464
"Brasier, Ryan","Beeks, Jalen",False,8,0.49963235727220223
"Brasier, Ryan","Estévez, Carlos",True,9,0.4999831520698075
"Brasier, Ryan","Dana, Caden",True,10,0.5320265428488752
"Williams, Trevor","Ortiz, Luis",True,1,0.3409936775552064
"Williams, Trevor","Gilbert, Tyler",False,2,0.5778661258832901
"Williams, Trevor","Woo, Bryan",True,3,0.5814465148229055
"Williams, Trevor","Luzardo, Jesús",False,4,0.6025759362769317
"Williams, Trevor","Bido, Osvaldo",True,5,0.6224950378357864
"Williams, Trevor","Lopez, Jacob",False,6,0.6274236483069685
"Williams, Trevor","Hurter, Brant",False,7,0.6458756596846428
"Williams, Trevor","Banks, Tanner",False,8,0.6565021004176125
"Williams, Trevor","Fedde, Erick",True,9,0.6700835230198738
"Williams, Trevor","Lodolo, Nick",False,10,0.7034778801421594
"Falter, Bailey","Senzatela, Antonio",False,1,0.5606949113775375
"Falter, Bailey","Wentz, Joey",True,2,0.7618848342305488
"Falter, Bailey","Hernández, Carlos",False,3,0.8318332034967736
"Falter, Bailey","Ray, Robbie",True,4,0.8498645750446965
"Falter, Bailey","Erceg, Lucas",False,5,0.8942586035910486
"Falter, Bailey","Parker, Mitchell",True,6,1.0077071728738207
"Falter, Bailey","Zeferjahn, Ryan",False,7,1.0250613486086821
"Falter, Bailey","Molina, Anthony",False,8,1.0853956991016283
"Falter, Bailey","Suter, Brent",True,9,1.0879016436423894
"Falter, Bailey","Myers, Tobias",False,10,1.1433622216635295
"Enright, Nic","Montgomery, Mason",False,1,0.2762904576762827
"Enright, Nic","Fermin, José",True,2,0.3030797445099838
"Enright, Nic","Bigge, Hunter",True,3,0.35518247288849625
"Enright, Nic","Sousa, Bennett",False,4,0.425365654883971
"Enright, Nic","Burns, Chase",True,5,0.43989616095102424
"Enright, Nic","Hendriks, Liam",True,6,0.45845783485769814
"Enright, Nic","Poche, Colin",False,7,0.49887931354880816
"Enright, Nic","Kahnle, Tommy",True,8,0.5202558834863596
"Enright, Nic","Green, Chad",True,9,0.5208861635345983
"Enright, Nic","Hernandez, Nick",True,10,0.5647086797190638
"Hill, Jaden","Castillo, Luis",True,1,0.47830599225639797
"Hill, Jaden","De los Santos, Yerry",True,2,0.5101877616432295
"Hill, Jaden","Hancock, Emerson",True,3,0.6370429926667558
"Hill, Jaden","Spence, Mitch",True,4,0.6601993115101497
"Hill, Jaden","Erceg, Lucas",True,5,0.6629560695497572
"Hill, Jaden","Feltner, Ryan",True,6,0.671496372606348
"Hill, Jaden","Skubal, Tarik",False,7,0.6727192345397917
"Hill, Jaden","Pérez, Martín",False,8,0.6763590721837652
"Hill, Jaden","Ribalta, Orlando",True,9,0.6881232369353711
"Hill, Jaden","Brogdon, Connor",True,10,0.6919144678922131
"Rolison, Ryan","Kinley, Tyler",False,1,0.6042753341206237
"Rolison, Ryan","Kent, Zak",False,2,0.6455603763933871
"Rolison, Ryan","Wentz, Joey",True,3,0.7062148101176838
"Rolison, Ryan","Nelson, Ryne",False,4,0.8424833289144701
"Rolison, Ryan","Cox, Austin",True,5,0.8908916365070857
"Rolison, Ryan","Holmes, Grant",False,6,1.0621446039083093
"Rolison, Ryan","Martin, Corbin",False,7,1.1580333039980635
"Rolison, Ryan","Ray, Robbie",True,8,1.165136883214908
"Rolison, Ryan","Bautista, Félix",False,9,1.184751275573227
"Rolison, Ryan","Falter, Bailey",True,10,1.2100441213359023
"Santos, Gregory","Alexander, Scott",False,1,0.3276144614914857
"Santos, Gregory","Díaz, Edwin",True,2,0.36496137827184666
"Santos, Gregory","Lara, Andry",True,3,0.4136336300551762
"Santos, Gregory","McDaniels, Garrett",False,4,0.46071977545696047
"Santos, Gregory","Fluharty, Mason",False,5,0.4676676636375791
"Santos, Gregory","Gray, Jon",True,6,0.5493482267748209
"Santos, Gregory","Hjelle, Sean",True,7,0.5800778927387025
"Santos, Gregory","Smith, Dylan",True,8,0.6453312762474865
"Santos, Gregory","Tonkin, Michael",True,9,0.6602038030864245
"Santos, Gregory","Alvarado, José",False,10,0.6624862984581525
"Wentz, Joey","Nelson, Ryne",False,1,0.5234851277030828
"Wentz, Joey","Rolison, Ryan",True,2,0.7062148101176838
"Wentz, Joey","Falter, Bailey",True,3,0.7618848342305488
"Wentz, Joey","Holmes, Grant",False,4,0.9377838269997402
"Wentz, Joey","Ray, Robbie",True,5,0.9821648340635052
"Wentz, Joey","Kinley, Tyler",False,6,1.0005033415528204
"Wentz, Joey","Hernández, Carlos",False,7,1.0374359300920775
"Wentz, Joey","Parker, Mitchell",True,8,1.0572305714619734
"Wentz, Joey","Kent, Zak",False,9,1.0909275908237797
"Wentz, Joey","Cox, Austin",True,10,1.179032593905831
"Lucas, Easton","Rodríguez, Manuel",False,1,0.19056236919060646
"Lucas, Easton","Little, Brendon",True,2,0.25354224463003
"Lucas, Easton","Gage, Matt",True,3,0.35960194025703185
"Lucas, Easton","McGough, Scott",False,4,0.4013283051700518
"Lucas, Easton","Vesia, Alex",True,5,0.4341622096226881
"Lucas, Easton","Boyle, Joe",False,6,0.4420786886745421
"Lucas, Easton","Pilkington, Konnor",True,7,0.47838910157344655
"Lucas, Easton","Eisert, Brandon",True,8,0.48221930431978954
"Lucas, Easton","Sulser, Cole",False,9,0.4897126712550657
"Lucas, Easton","Akin, Keegan",True,10,0.5187399786486933
"Castillo, Luis","De los Santos, Yerry",True,1,0.21611102119109626
"Castillo, Luis","Skubal, Tarik",False,2,0.27680892566537074
"Castillo, Luis","Graveman, Kendall",True,3,0.378755314361906
"Castillo, Luis","Spence, Mitch",True,4,0.42183310533187623
"Castillo, Luis","Hill, Jaden",True,5,0.47830599225639797
"Castillo, Luis","Rodríguez, Yariel",True,6,0.5392410876702255
"Castillo, Luis","Hoffman, Jeff",True,7,0.5651830865421427
"Castillo, Luis","Rutledge, Jackson",True,8,0.5667941965661649
"Castillo, Luis","Morillo, Juan",True,9,0.615020294905342
"Castillo, Luis","Mahle, Tyler",True,10,0.6193499113897343
"Kriske, Brooks","Neris, Héctor",True,1,0.5080077032514192
"Kriske, Brooks","Swanson, Erik",True,2,0.587847516984851
"Kriske, Brooks","Merryweather, Julian",True,3,0.7673730830697498
"Kriske, Brooks","Moreta, Dauri",True,4,0.933922975110979
"Kriske, Brooks","Granillo, Andre",True,5,0.9974917565195998
"Kriske, Brooks","Montgomery, Mason",False,6,1.0034484816303917
"Kriske, Brooks","Sousa, Bennett",False,7,1.0387316388219578
"Kriske, Brooks","Finnegan, Kyle",True,8,1.071777903736559
"Kriske, Brooks","Hoffmann, Andrew",True,9,1.1337202000062212
"Kriske, Brooks","Enright, Nic",True,10,1.1362841168318538
"Ohl, Pierson","Greene, Hunter",True,1,0.284054468672935
"Ohl, Pierson","Anderson, Nick",True,2,0.3741716573925626
"Ohl, Pierson","Halvorsen, Seth",True,3,0.4070053071257359
"Ohl, Pierson","Gausman, Kevin",True,4,0.46293012912282683
"Ohl, Pierson","Pagán, Emilio",True,5,0.47834370193756337
"Ohl, Pierson","Beeks, Jalen",False,6,0.5297532750319008
"Ohl, Pierson","Enns, Dietrich",False,7,0.5307837546365651
"Ohl, Pierson","Giolito, Lucas",True,8,0.5604310878697546
"Ohl, Pierson","Shuster, Jared",False,9,0.575502135931961
"Ohl, Pierson","Mattson, Isaac",True,10,0.6226011304374831
"Neris, Héctor","Kriske, Brooks",True,1,0.5080077032514192
"Neris, Héctor","Swanson, Erik",True,2,0.7808573278471331
"Neris, Héctor","Merryweather, Julian",True,3,0.7924989210702331
"Neris, Héctor","Hoffmann, Andrew",True,4,0.890062680163086
"Neris, Héctor","Montgomery, Mason",False,5,0.9626418137625822
"Neris, Héctor","Sousa, Bennett",False,6,1.0101546685266154
"Neris, Héctor","Kahnle, Tommy",True,7,1.0124480240631992
"Neris, Héctor","Mears, Nick",True,8,1.0801080818864035
"Neris, Héctor","Enright, Nic",True,9,1.0872796278189687
"Neris, Héctor","Williams, Devin",True,10,1.1368558912058528
"Alexander, Scott","Santos, Gregory",False,1,0.3276144614914857
"Alexander, Scott","Hjelle, Sean",False,2,0.49194666959582545
"Alexander, Scott","Alvarado, José",True,3,0.5254843884554106
"Alexander, Scott","Lara, Andry",False,4,0.5317011371741797
"Alexander, Scott","McDaniels, Garrett",True,5,0.5806487840363369
"Alexander, Scott","Díaz, Edwin",False,6,0.5870616250523154
"Alexander, Scott","Fluharty, Mason",True,7,0.7149858864042533
"Alexander, Scott","Gray, Jon",False,8,0.7569505424542776
"Alexander, Scott","Mayza, Tim",True,9,0.7789179853679261
"Alexander, Scott","Díaz, Alexis",False,10,0.8678187611360668
"Scholtens, Jesse","Gray, Jon",True,1,0.3517314718089557
"Scholtens, Jesse","Dodd, Dylan",False,2,0.49591057505327363
"Scholtens, Jesse","Smith, Dylan",True,3,0.4984867651488279
"Scholtens, Jesse","Green, Chad",True,4,0.5146157412749878
"Scholtens, Jesse","Díaz, Alexis",True,5,0.5386143925644752
"Scholtens, Jesse","Fermin, José",True,6,0.5513244486184496
"Scholtens, Jesse","Winckowski, Josh",True,7,0.5541403179086075
"Scholtens, Jesse","Tonkin, Michael",True,8,0.5579414745175755
"Scholtens, Jesse","Bigge, Hunter",True,9,0.5658226583956321
"Scholtens, Jesse","Tong, Jonah",True,10,0.5694322894746724
"Gray, Jon","McDaniels, Garrett",False,1,0.28335077717684615
"Gray, Jon","Díaz, Edwin",True,2,0.30814963126150013
"Gray, Jon","Scholtens, Jesse",True,3,0.3517314718089557
"Gray, Jon","Díaz, Alexis",True,4,0.36054114681576416
"Gray, Jon","Fluharty, Mason",False,5,0.4072121762280115
"Gray, Jon","Smith, Dylan",True,6,0.4540592678597691
"Gray, Jon","Tonkin, Michael",True,7,0.463893194876414
"Gray, Jon","Rashi, Taylor",True,8,0.5253984279020486
"Gray, Jon","Santos, Gregory",True,9,0.5493482267748209
"Gray, Jon","Lara, Andry",True,10,0.5639553867352133
"Robert, Daniel","Curvelo, Luis",True,1,0.5768567486587723
"Robert, Daniel","Hodge, Porter",True,2,0.6341003921743598
"Robert, Daniel","Kelly, Michael",True,3,0.6688185091842659
"Robert, Daniel","Giolito, Lucas",True,4,0.7609323378962284
"Robert, Daniel","Zastryzny, Rob",False,5,0.7915618619370904
"Robert, Daniel","Halvorsen, Seth",True,6,0.8797053464626137
"Robert, Daniel","Brogdon, Connor",True,7,0.8911814095021218
"Robert, Daniel","Morejon, Adrian",False,8,0.8954042927464297
"Robert, Daniel","Stratton, Hunter",True,9,0.9228947445694744
"Robert, Daniel","Gibaut, Ian",True,10,0.9481584204656297
"Díaz, Alexis","Rashi, Taylor",True,1,0.18169434700800538
"Díaz, Alexis","Gray, Jon",True,2,0.36054114681576416
"Díaz, Alexis","McDaniels, Garrett",False,3,0.4398341372246384
"Díaz, Alexis","Minter, A.J.",False,4,0.49905936231197606
"Díaz, Alexis","Díaz, Edwin",True,5,0.5035835967001551
"Díaz, Alexis","Scholtens, Jesse",True,6,0.5386143925644752
"Díaz, Alexis","Alvarado, José",False,7,0.568689225449619
"Díaz, Alexis","Tonkin, Michael",True,8,0.622475555394409
"Díaz, Alexis","Lara, Andry",True,9,0.6517678134473753
"Díaz, Alexis","Winckowski, Josh",True,10,0.6714662093327776
"Peguero, Joel","Brasier, Ryan",True,1,0.25026195072088836
"Peguero, Joel","Salazar, Eduardo",True,2,0.4304468930277468
"Peguero, Joel","Morejon, Adrian",False,3,0.4798592806553795
"Peguero, Joel","Akin, Keegan",False,4,0.5138768299028483
"Peguero, Joel","Muñoz, Roddery",True,5,0.5415666121283229
"Peguero, Joel","Roycroft, Chris",True,6,0.5586167643815361
"Peguero, Joel","Hanifee, Brenan",True,7,0.566632355781337
"Peguero, Joel","Strahm, Matt",False,8,0.6050084365379567
"Peguero, Joel","Wells, Tyler",True,9,0.6194945919974696
"Peguero, Joel","Estévez, Carlos",True,10,0.6229674702449776
"Rashi, Taylor","Díaz, Alexis",True,1,0.18169434700800538
"Rashi, Taylor","Minter, A.J.",False,2,0.39589063923337214
"Rashi, Taylor","Gray, Jon",True,3,0.5253984279020486
"Rashi, Taylor","McDaniels, Garrett",False,4,0.5930407460072512
"Rashi, Taylor","Winckowski, Josh",True,5,0.6050669706589956
"Rashi, Taylor","Scholtens, Jesse",True,6,0.6304415714703375
"Rashi, Taylor","Alvarado, José",False,7,0.65036558388797
"Rashi, Taylor","Díaz, Edwin",True,8,0.682248386558576
"Rashi, Taylor","Eisert, Brandon",False,9,0.7210158613610402
"Rashi, Taylor","Tonkin, Michael",True,10,0.7664711034591764
"Tong, Jonah","Fluharty, Mason",False,1,0.4298500541753689
"Tong, Jonah","Henderson, Logan",True,2,0.5328801569849114
"Tong, Jonah","Scholtens, Jesse",True,3,0.5694322894746724
"Tong, Jonah","Dodd, Dylan",False,4,0.5986740311758478
"Tong, Jonah","Wicks, Jordan",False,5,0.6334584898998974
"Tong, Jonah","Gray, Jon",True,6,0.639415596792794
"Tong, Jonah","Shuster, Jared",False,7,0.6445712051595336
"Tong, Jonah","Smith, Dylan",True,8,0.6486490843979336
"Tong, Jonah","Ashcraft, Graham",True,9,0.6584649610173811
"Tong, Jonah","Ohl, Pierson",True,10,0.7035753379495113
"Festa, Matt","Strahm, Matt",False,1,0.43543933027633724
"Festa, Matt","Feltner, Ryan",True,2,0.561202289986321
"Festa, Matt","Lodolo, Nick",False,3,0.664059422083477
"Festa, Matt","Fedde, Erick",True,4,0.679261070126791
"Festa, Matt","Assad, Javier",True,5,0.6898850506207697
"Festa, Matt","Armstrong, Shawn",True,6,0.6902820001802352
"Festa, Matt","Hurter, Brant",False,7,0.6979312477064836
"Festa, Matt","De los Santos, Yerry",True,8,0.7317327502226848
"Festa, Matt","Williams, Trevor",True,9,0.7390677273564954
"Festa, Matt","Gilbert, Tyler",False,10,0.7539078033080667
"Erceg, Lucas","Zeferjahn, Ryan",True,1,0.3938955444712872
"Erceg, Lucas","Ribalta, Orlando",True,2,0.42771610361781537
"Erceg, Lucas","Senzatela, Antonio",True,3,0.5675775134742524
"Erceg, Lucas","Molina, Anthony",True,4,0.6284093337336084
"Erceg, Lucas","Giolito, Lucas",True,5,0.6288883667931104
"Erceg, Lucas","Hill, Jaden",True,6,0.6629560695497572
"Erceg, Lucas","Myers, Tobias",True,7,0.6769474667924398
"Erceg, Lucas","Suter, Brent",False,8,0.7132122957888047
"Erceg, Lucas","Zastryzny, Rob",False,9,0.7209059557832611
"Erceg, Lucas","Carrasco, Carlos",True,10,0.7768042847617971
"Little, Brendon","Lucas, Easton",True,1,0.25354224463003
"Little, Brendon","Eisert, Brandon",True,2,0.3163515527346991
"Little, Brendon","Uceta, Edwin",False,3,0.4033615385328136
"Little, Brendon","Rodríguez, Manuel",False,4,0.4039117350739975
"Little, Brendon","Boyle, Joe",False,5,0.4176284993511504
"Little, Brendon","Gage, Matt",True,6,0.4297363126066204
"Little, Brendon","Muñoz, Roddery",False,7,0.49176404209703234
"Little, Brendon","Rasmussen, Drew",False,8,0.5044715539321087
"Little, Brendon","McGough, Scott",False,9,0.5052951844797376
"Little, Brendon","Garcia, Robert",True,10,0.5090300749935767
"Henderson, Logan","Granillo, Andre",True,1,0.29510392024011917
"Henderson, Logan","Wicks, Jordan",False,2,0.33185283080574357
"Henderson, Logan","Tong, Jonah",True,3,0.5328801569849114
"Henderson, Logan","Yesavage, Trey",True,4,0.7515210726631537
"Henderson, Logan","Moreta, Dauri",True,5,0.753226305870783
"Henderson, Logan","Clase, Emmanuel",True,6,0.8030872966406031
"Henderson, Logan","Ohl, Pierson",True,7,0.834790930330083
"Henderson, Logan","Pagán, Emilio",True,8,0.8498348754502875
"Henderson, Logan","Ashcraft, Graham",True,9,0.880322665019493
"Henderson, Logan","Blewett, Scott",True,10,0.8838493843157674
"Minter, A.J.","Winckowski, Josh",False,1,0.2350368819428999
"Minter, A.J.","Rashi, Taylor",False,2,0.39589063923337214
"Minter, A.J.","Díaz, Alexis",False,3,0.49905936231197606
"Minter, A.J.","Scholtens, Jesse",False,4,0.5695917448509713
"Minter, A.J.","Green, Chad",False,5,0.6142261103584586
"Minter, A.J.","Fermin, José",False,6,0.668510409778056
"Minter, A.J.","Gray, Jon",False,7,0.6877445514197557
"Minter, A.J.","Dodd, Dylan",True,8,0.7276828999760205
"Minter, A.J.","Eisert, Brandon",True,9,0.7555398877513356
"Minter, A.J.","Barnes, Jacob",False,10,0.7926710267086259
"Fluharty, Mason","McDaniels, Garrett",True,1,0.37336352188263916
"Fluharty, Mason","Gray, Jon",False,2,0.4072121762280115
"Fluharty, Mason","Tong, Jonah",False,3,0.4298500541753689
"Fluharty, Mason","Santos, Gregory",False,4,0.4676676636375791
"Fluharty, Mason","Díaz, Edwin",False,5,0.5119489150823339
"Fluharty, Mason","Dodd, Dylan",True,6,0.5459940383989412
"Fluharty, Mason","Scholtens, Jesse",False,7,0.5865705036545575
"Fluharty, Mason","Smith, Dylan",False,8,0.6282111089321548
"Fluharty, Mason","Shuster, Jared",True,9,0.6322678890598505
"Fluharty, Mason","Alexander, Scott",True,10,0.7149858864042533
"McDaniels, Garrett","Gray, Jon",False,1,0.28335077717684615
"McDaniels, Garrett","Fluharty, Mason",True,2,0.37336352188263916
"McDaniels, Garrett","Díaz, Edwin",False,3,0.40436511476772935
"McDaniels, Garrett","Díaz, Alexis",False,4,0.4398341372246384
"McDaniels, Garrett","Santos, Gregory",False,5,0.46071977545696047
"McDaniels, Garrett","Alvarado, José",True,6,0.46582573035583935
"McDaniels, Garrett","Alexander, Scott",True,7,0.5806487840363369
"McDaniels, Garrett","Rashi, Taylor",False,8,0.5930407460072512
"McDaniels, Garrett","Dodd, Dylan",True,9,0.593154054608573
"McDaniels, Garrett","Scholtens, Jesse",False,10,0.5933495004117908
"Curvelo, Luis","Zastryzny, Rob",False,1,0.5747818037522731
"Curvelo, Luis","Robert, Daniel",True,2,0.5768567486587723
"Curvelo, Luis","Giolito, Lucas",True,3,0.642299619740221
"Curvelo, Luis","Hodge, Porter",True,4,0.6476324559066713
"Curvelo, Luis","Brogdon, Connor",True,5,0.7058325398709347
"Curvelo, Luis","Strahm, Matt",False,6,0.7157130041299913
"Curvelo, Luis","Halvorsen, Seth",True,7,0.7162426135333986
"Curvelo, Luis","Morejon, Adrian",False,8,0.7353762565482591
"Curvelo, Luis","Corbin, Patrick",False,9,0.7453077541901527
"Curvelo, Luis","Hill, Jaden",True,10,0.7633758402124915
"Holmes, Grant","Parker, Mitchell",False,1,0.8959982448267174
"Holmes, Grant","Wentz, Joey",False,2,0.9377838269997402
"Holmes, Grant","Kent, Zak",True,3,0.9901172035453376
"Holmes, Grant","Ray, Robbie",False,4,1.012710337622427
"Holmes, Grant","Rolison, Ryan",False,5,1.0621446039083093
"Holmes, Grant","Kinley, Tyler",True,6,1.062265488240671
"Holmes, Grant","Martin, Corbin",True,7,1.091881504089292
"Holmes, Grant","Cox, Austin",False,8,1.1634263817138792
"Holmes, Grant","Falter, Bailey",False,9,1.1705073664309908
"Holmes, Grant","Alvarez, Andrew",False,10,1.1922300676356141
"Giolito, Lucas","Halvorsen, Seth",True,1,0.33935499172396205
"Giolito, Lucas","Zastryzny, Rob",False,2,0.36951736238012817
"Giolito, Lucas","Anderson, Nick",True,3,0.4300281754077621
"Giolito, Lucas","Greene, Hunter",True,4,0.5365132439996716
"Giolito, Lucas","Ohl, Pierson",True,5,0.5604310878697546
"Giolito, Lucas","Stratton, Hunter",True,6,0.6216257569347986
"Giolito, Lucas","Erceg, Lucas",True,7,0.6288883667931104
"Giolito, Lucas","Curvelo, Luis",True,8,0.642299619740221
"Giolito, Lucas","Ribalta, Orlando",True,9,0.6495386651568767
"Giolito, Lucas","Beeks, Jalen",False,10,0.6798767476762566
"Gage, Matt","Muñoz, Roddery",False,1,0.3253545662444185
"Gage, Matt","Estévez, Carlos",False,2,0.33653367687327873
"Gage, Matt","Rodríguez, Manuel",False,3,0.35209229494795474
"Gage, Matt","Lucas, Easton",True,4,0.35960194025703185
"Gage, Matt","McGough, Scott",False,5,0.41143443583003
"Gage, Matt","Little, Brendon",True,6,0.4297363126066204
"Gage, Matt","Akin, Keegan",True,7,0.44506564318168124
"Gage, Matt","Shuster, Jared",True,8,0.47093211566522913
"Gage, Matt","Salazar, Eduardo",False,9,0.47586150967808927
"Gage, Matt","Wells, Tyler",False,10,0.48490587700552495
"Martin, Corbin","Kent, Zak",True,1,0.7024297763389421
"Martin, Corbin","Kinley, Tyler",True,2,0.8193373392748282
"Martin, Corbin","Alvarez, Andrew",False,3,0.8993051840386015
"Martin, Corbin","Cox, Austin",False,4,0.9481533886045245
"Martin, Corbin","Chafin, Andrew",False,5,1.029847941050841
"Martin, Corbin","Parker, Mitchell",False,6,1.0332901750618104
"Martin, Corbin","Blewett, Scott",True,7,1.0358708976828455
"Martin, Corbin","Hiraldo, Yaramil",True,8,1.0671858241525862
"Martin, Corbin","Holman, Grant",True,9,1.0871188508619543
"Martin, Corbin","Enns, Dietrich",False,10,1.0872545425717446
"Svanson, Matt","Burgos, Juan",True,1,0.5416884984438537
"Svanson, Matt","Armstrong, Shawn",True,2,0.7288124798721582
"Svanson, Matt","Sánchez, Cristopher",False,3,0.7532767916685515
"Svanson, Matt","Loáisiga, Jonathan",True,4,0.7575753445823472
"Svanson, Matt","Murdock, Noah",True,5,0.8183783639938019
"Svanson, Matt","Mantiply, Joe",False,6,0.8584469371119413
"Svanson, Matt","Roycroft, Chris",True,7,0.8868476792599564
"Svanson, Matt","Peguero, Joel",True,8,0.9011415424920385
"Svanson, Matt","Morejon, Adrian",False,9,0.9062952740178288
"Svanson, Matt","Lee, Chase",True,10,0.930793873846532
"Alvarado, José","McDaniels, Garrett",True,1,0.46582573035583935
"Alvarado, José","Alexander, Scott",True,2,0.5254843884554106
"Alvarado, José","Díaz, Alexis",False,3,0.568689225449619
"Alvarado, José","Rashi, Taylor",False,4,0.65036558388797
"Alvarado, José","Santos, Gregory",False,5,0.6624862984581525
"Alvarado, José","Díaz, Edwin",False,6,0.6633249086837123
"Alvarado, José","Hjelle, Sean",False,7,0.6697162300009863
"Alvarado, José","Gray, Jon",False,8,0.6735792761249488
"Alvarado, José","Lara, Andry",False,9,0.6866395610744925
"Alvarado, José","Mayza, Tim",True,10,0.7275711667848924
"Winckowski, Josh","Minter, A.J.",False,1,0.2350368819428999
"Winckowski, Josh","Fermin, José",True,2,0.5443634814297809
"Winckowski, Josh","Scholtens, Jesse",True,3,0.5541403179086075
"Winckowski, Josh","Green, Chad",True,4,0.585462052940814
"Winckowski, Josh","Rashi, Taylor",True,5,0.6050669706589956
"Winckowski, Josh","Barnes, Jacob",True,6,0.64153756536259
"Winckowski, Josh","Díaz, Alexis",True,7,0.6714662093327776
"Winckowski, Josh","Dodd, Dylan",False,8,0.6811772366836151
"Winckowski, Josh","Kahnle, Tommy",True,9,0.6962663984877957
"Winckowski, Josh","Enright, Nic",True,10,0.7214002071293107
"Halvorsen, Seth","Giolito, Lucas",True,1,0.33935499172396205
"Halvorsen, Seth","Greene, Hunter",True,2,0.37796307836433696
"Halvorsen, Seth","Ohl, Pierson",True,3,0.4070053071257359
"Halvorsen, Seth","Mattson, Isaac",True,4,0.49542747370054485
"Halvorsen, Seth","Anderson, Nick",True,5,0.5143743429200985
"Halvorsen, Seth","Beeks, Jalen",False,6,0.5298719237456415
"Halvorsen, Seth","Estévez, Carlos",True,7,0.5520238162085457
"Halvorsen, Seth","Zastryzny, Rob",False,8,0.5648929458015782
"Halvorsen, Seth","Shuster, Jared",False,9,0.6240015417054682
"Halvorsen, Seth","Gordon, Tanner",True,10,0.633802755967689
"Strahm, Matt","Festa, Matt",False,1,0.43543933027633724
"Strahm, Matt","Bido, Osvaldo",False,2,0.56877920808365
"Strahm, Matt","Feltner, Ryan",False,3,0.5985887860953127
"Strahm, Matt","Peguero, Joel",False,4,0.6050084365379567
"Strahm, Matt","De los Santos, Yerry",False,5,0.6318285778872036
"Strahm, Matt","Morejon, Adrian",True,6,0.6601994983842581
"Strahm, Matt","Brasier, Ryan",False,7,0.6812346806394635
"Strahm, Matt","Gibaut, Ian",False,8,0.712119754818543
"Strahm, Matt","Snider, Collin",False,9,0.7150393249348637
"Strahm, Matt","Curvelo, Luis",False,10,0.7157130041299913
"Kent, Zak","Kinley, Tyler",True,1,0.38189793397562355
"Kent, Zak","Rolison, Ryan",False,2,0.6455603763933871
"Kent, Zak","Martin, Corbin",True,3,0.7024297763389421
"Kent, Zak","Cox, Austin",False,4,0.825156903586099
"Kent, Zak","Holmes, Grant",True,5,0.9901172035453376
"Kent, Zak","Wentz, Joey",False,6,1.0909275908237797
"Kent, Zak","Alvarez, Andrew",False,7,1.1353206803261202
"Kent, Zak","Taylor, Grant",True,8,1.1879948703974752
"Kent, Zak","Parker, Mitchell",False,9,1.2283441600802667
"Kent, Zak","Kriske, Brooks",True,10,1.2296286155595966
"Muñoz, Roddery","Gage, Matt",False,1,0.3253545662444185
"Muñoz, Roddery","Wells, Tyler",True,2,0.35057665036668856
"Muñoz, Roddery","Boyle, Joe",True,3,0.4130365854804949
"Muñoz, Roddery","Salazar, Eduardo",True,4,0.41721413117962075
"Muñoz, Roddery","Garcia, Robert",False,5,0.42699589406022376
"Muñoz, Roddery","Akin, Keegan",False,6,0.4614621217709396
"Muñoz, Roddery","Brasier, Ryan",True,7,0.47957311460209323
"Muñoz, Roddery","Rasmussen, Drew",True,8,0.48715771949579323
"Muñoz, Roddery","Little, Brendon",False,9,0.49176404209703234
"Muñoz, Roddery","Hanifee, Brenan",True,10,0.5304350557403459
"Wicks, Jordan","Henderson, Logan",False,1,0.33185283080574357
"Wicks, Jordan","Granillo, Andre",False,2,0.5403040492894593
"Wicks, Jordan","Tong, Jonah",False,3,0.6334584898998974
"Wicks, Jordan","Clase, Emmanuel",False,4,0.775981258546867
"Wicks, Jordan","Yesavage, Trey",False,5,0.8204009110048961
"Wicks, Jordan","Ohl, Pierson",False,6,0.8880446027563408
"Wicks, Jordan","Fluharty, Mason",True,7,0.9048005864536564
"Wicks, Jordan","Herget, Kevin",False,8,0.9111269206900819
"Wicks, Jordan","Anderson, Tyler",True,9,0.9305883369726491
"Wicks, Jordan","Halvorsen, Seth",False,10,0.9450713722859617
"Granillo, Andre","Henderson, Logan",True,1,0.29510392024011917
"Granillo, Andre","Wicks, Jordan",False,2,0.5403040492894593
"Granillo, Andre","Clase, Emmanuel",True,3,0.6664284248637222
"Granillo, Andre","Yesavage, Trey",True,4,0.6862914486115386
"Granillo, Andre","Swanson, Erik",True,5,0.7208166117301672
"Granillo, Andre","Tong, Jonah",True,6,0.7599247939456087
"Granillo, Andre","Moreta, Dauri",True,7,0.7957256610755369
"Granillo, Andre","Blewett, Scott",True,8,0.8345912300647023
"Granillo, Andre","Núñez, Dedniel",True,9,0.8572930157222758
"Granillo, Andre","Finnegan, Kyle",True,10,0.8781018127650743
"Armstrong, Shawn","Fedde, Erick",True,1,0.5742309587158049
"Armstrong, Shawn","Hurter, Brant",False,2,0.6771421207266203
"Armstrong, Shawn","Festa, Matt",True,3,0.6902820001802352
"Armstrong, Shawn","Stroman, Marcus",True,4,0.7005723672155871
"Armstrong, Shawn","Svanson, Matt",True,5,0.7288124798721582
"Armstrong, Shawn","Mantiply, Joe",False,6,0.7719520641831245
"Armstrong, Shawn","Lodolo, Nick",False,7,0.7806383418232004
"Armstrong, Shawn","Garrett, Reed",True,8,0.8055388692483854
"Armstrong, Shawn","Lee, Chase",True,9,0.8198986415751988
"Armstrong, Shawn","Burgos, Juan",True,10,0.8421416296603569
"Estévez, Carlos","Mattson, Isaac",True,1,0.33071805130754506
"Estévez, Carlos","Gage, Matt",False,2,0.33653367687327873
"Estévez, Carlos","Hiraldo, Yaramil",True,3,0.4562772927254225
"Estévez, Carlos","Shuster, Jared",False,4,0.4877926940132485
"Estévez, Carlos","Brasier, Ryan",True,5,0.4999831520698075
"Estévez, Carlos","Beeks, Jalen",False,6,0.5264847144147777
"Estévez, Carlos","McGough, Scott",True,7,0.5271591413243035
"Estévez, Carlos","Muñoz, Roddery",True,8,0.5325155660635265
"Estévez, Carlos","Halvorsen, Seth",True,9,0.5520238162085457
"Estévez, Carlos","Chafin, Andrew",False,10,0.5730234338924601
"McGough, Scott","Hiraldo, Yaramil",True,1,0.33429086272760095
"McGough, Scott","Lucas, Easton",False,2,0.4013283051700518
"McGough, Scott","Shuster, Jared",False,3,0.4044928166981697
"McGough, Scott","Gage, Matt",False,4,0.41143443583003
"McGough, Scott","Eisert, Brandon",False,5,0.46754647566167223
"McGough, Scott","Enns, Dietrich",False,6,0.47233600008311377
"McGough, Scott","Rodríguez, Manuel",True,7,0.4939362141192226
"McGough, Scott","Little, Brendon",False,8,0.5052951844797376
"McGough, Scott","Mattson, Isaac",True,9,0.5175164645165888
"McGough, Scott","Estévez, Carlos",True,10,0.5271591413243035
"Kahnle, Tommy","Núñez, Dedniel",True,1,0.35257480946130754
"Kahnle, Tommy","Enright, Nic",True,2,0.5202558834863596
"Kahnle, Tommy","Barnes, Jacob",True,3,0.565874638890737
"Kahnle, Tommy","Fermin, José",True,4,0.6441840713785661
"Kahnle, Tommy","Ashcraft, Graham",True,5,0.6646027518995412
"Kahnle, Tommy","Winckowski, Josh",True,6,0.6962663984877957
"Kahnle, Tommy","Montgomery, Mason",False,7,0.7095822597304138
"Kahnle, Tommy","Hoffmann, Andrew",True,8,0.7658445759303336
"Kahnle, Tommy","Swanson, Erik",True,9,0.8416199498811785
"Kahnle, Tommy","Scholtens, Jesse",True,10,0.8425090146471927
"Mahle, Tyler","Elder, Bryce",True,1,0.3960454966468991
"Mahle, Tyler","Hatch, Thomas",True,2,0.4448454772440362
"Mahle, Tyler","Hoffman, Jeff",True,3,0.4457247303816932
"Mahle, Tyler","Skubal, Tarik",False,4,0.5261410232345163
"Mahle, Tyler","Rodón, Carlos",False,5,0.5343526229689196
"Mahle, Tyler","Adams, Travis",True,6,0.5803986982780284
"Mahle, Tyler","Morillo, Juan",True,7,0.5895238295504184
"Mahle, Tyler","Graveman, Kendall",True,8,0.6156124273144581
"Mahle, Tyler","Rutledge, Jackson",True,9,0.6188840270175635
"Mahle, Tyler","Castillo, Luis",True,10,0.6193499113897343
"Skubal, Tarik","Castillo, Luis",False,1,0.27680892566537074
"Skubal, Tarik","Graveman, Kendall",False,2,0.4017509529691222
"Skubal, Tarik","De los Santos, Yerry",False,3,0.4228078892795351
"Skubal, Tarik","Elder, Bryce",False,4,0.5153830240982883
"Skubal, Tarik","Mahle, Tyler",False,5,0.5261410232345163
"Skubal, Tarik","Spence, Mitch",False,6,0.6097285307816503
"Skubal, Tarik","Hoffman, Jeff",False,7,0.6147629042570836
"Skubal, Tarik","Hagenman, Justin",False,8,0.6459647823255832
"Skubal, Tarik","Rutledge, Jackson",False,9,0.6608647339417
"Skubal, Tarik","Hill, Jaden",False,10,0.6727192345397917
"Myers, Tobias","Elder, Bryce",True,1,0.5318767244931372
"Myers, Tobias","Seymour, Carson",True,2,0.6367204136951333
"Myers, Tobias","Molina, Anthony",True,3,0.641352298572938
"Myers, Tobias","Ribalta, Orlando",True,4,0.6656162932797166
"Myers, Tobias","Erceg, Lucas",True,5,0.6769474667924398
"Myers, Tobias","Anderson, Nick",True,6,0.7081387221983718
"Myers, Tobias","Mahle, Tyler",True,7,0.7098117305963502
"Myers, Tobias","Skubal, Tarik",False,8,0.731965736452919
"Myers, Tobias","Márquez, Germán",True,9,0.732089416040989
"Myers, Tobias","Giolito, Lucas",True,10,0.749793519027769
"Yoho, Craig","Martinez, Justin",True,1,1.279636657586686
"Yoho, Craig","Clase, Emmanuel",True,2,1.329283294523344
"Yoho, Craig","Granillo, Andre",True,3,1.3302286342480156
"Yoho, Craig","Henderson, Logan",True,4,1.511392517976589
"Yoho, Craig","Swanson, Erik",True,5,1.5233686558492219
"Yoho, Craig","Kriske, Brooks",True,6,1.5259849344641474
"Yoho, Craig","Wicks, Jordan",False,7,1.5271441634865202
"Yoho, Craig","Finnegan, Kyle",True,8,1.5409511582995272
"Yoho, Craig","Yesavage, Trey",True,9,1.5435828479106573
"Yoho, Craig","Kinley, Tyler",True,10,1.582229056508696
"Swanson, Erik","Finnegan, Kyle",True,1,0.5146047601364365
"Swanson, Erik","Kriske, Brooks",True,2,0.587847516984851
"Swanson, Erik","Granillo, Andre",True,3,0.7208166117301672
"Swanson, Erik","Yates, Kirby",True,4,0.7644603477625194
"Swanson, Erik","Núñez, Dedniel",True,5,0.7665361917158396
"Swanson, Erik","Neris, Héctor",True,6,0.7808573278471331
"Swanson, Erik","Hoffmann, Andrew",True,7,0.8028066319261858
"Swanson, Erik","Kahnle, Tommy",True,8,0.8416199498811785
"Swanson, Erik","Henderson, Logan",True,9,0.9673711639373913
"Swanson, Erik","Clase, Emmanuel",True,10,0.9908616237102174
"Núñez, Dedniel","Barnes, Jacob",True,1,0.3261398930403257
"Núñez, Dedniel","Kahnle, Tommy",True,2,0.35257480946130754
"Núñez, Dedniel","Ashcraft, Graham",True,3,0.3612190686406775
"Núñez, Dedniel","Enright, Nic",True,4,0.619008517420339
"Núñez, Dedniel","Dodd, Dylan",False,5,0.6360876233264603
"Núñez, Dedniel","Holman, Grant",True,6,0.7148830827918138
"Núñez, Dedniel","Scholtens, Jesse",True,7,0.7610886376926456
"Núñez, Dedniel","Swanson, Erik",True,8,0.7665361917158396
"Núñez, Dedniel","Winckowski, Josh",True,9,0.7788889694808474
"Núñez, Dedniel","Fermin, José",True,10,0.7920975070770052
"Dodd, Dylan","Ashcraft, Graham",False,1,0.3409917119986699
"Dodd, Dylan","Barnes, Jacob",False,2,0.35880183690729395
"Dodd, Dylan","Scholtens, Jesse",False,3,0.49591057505327363
"Dodd, Dylan","Fluharty, Mason",True,4,0.5459940383989412
"Dodd, Dylan","Gray, Jon",False,5,0.5671557958529743
"Dodd, Dylan","McDaniels, Garrett",True,6,0.593154054608573
"Dodd, Dylan","Tong, Jonah",False,7,0.5986740311758478
"Dodd, Dylan","Núñez, Dedniel",False,8,0.6360876233264603
"Dodd, Dylan","Winckowski, Josh",False,9,0.6811772366836151
"Dodd, Dylan","Shuster, Jared",True,10,0.6984322459445548
"Hodge, Porter","Zastryzny, Rob",False,1,0.48259090037397595
"Hodge, Porter","Stratton, Hunter",True,2,0.4863416014528098
"Hodge, Porter","Robert, Daniel",True,3,0.6341003921743598
"Hodge, Porter","Curvelo, Luis",True,4,0.6476324559066713
"Hodge, Porter","Giolito, Lucas",True,5,0.6831826696208458
"Hodge, Porter","Erceg, Lucas",True,6,0.8930609676173822
"Hodge, Porter","Gordon, Tanner",True,7,0.8935730580973872
"Hodge, Porter","Cruz, Steven",True,8,0.9137030948131476
"Hodge, Porter","Corbin, Patrick",False,9,0.9188318543043681
"Hodge, Porter","Halvorsen, Seth",True,10,0.9237256354317481
"Rasmussen, Drew","Uceta, Edwin",True,1,0.3218170002021043
"Rasmussen, Drew","Wells, Tyler",True,2,0.3419776771938816
"Rasmussen, Drew","Muñoz, Roddery",True,3,0.48715771949579323
"Rasmussen, Drew","Eisert, Brandon",False,4,0.4951953583211945
"Rasmussen, Drew","Little, Brendon",False,5,0.5044715539321087
"Rasmussen, Drew","Gage, Matt",False,6,0.5143615643990972
"Rasmussen, Drew","Salazar, Eduardo",True,7,0.6200285219925384
"Rasmussen, Drew","Lucas, Easton",False,8,0.6330168626071109
"Rasmussen, Drew","Altavilla, Dan",True,9,0.6377654161809285
"Rasmussen, Drew","Fulmer, Carson",True,10,0.6616766551197532
"Shuster, Jared","Mattson, Isaac",False,1,0.30320028213854944
"Shuster, Jared","Hiraldo, Yaramil",False,2,0.3816046417925953
"Shuster, Jared","McGough, Scott",False,3,0.4044928166981697
"Shuster, Jared","Gage, Matt",True,4,0.47093211566522913
"Shuster, Jared","Estévez, Carlos",False,5,0.4877926940132485
"Shuster, Jared","Enns, Dietrich",True,6,0.5370235708500316
"Shuster, Jared","Eisert, Brandon",True,7,0.5372975446834674
"Shuster, Jared","Holman, Grant",False,8,0.5672419855080589
"Shuster, Jared","Ohl, Pierson",False,9,0.575502135931961
"Shuster, Jared","Lucas, Easton",True,10,0.5782630239386999
"Hiraldo, Yaramil","Mattson, Isaac",True,1,0.32698011845019814
"Hiraldo, Yaramil","McGough, Scott",True,2,0.33429086272760095
"Hiraldo, Yaramil","Holman, Grant",True,3,0.3796983418422661
"Hiraldo, Yaramil","Shuster, Jared",False,4,0.3816046417925953
"Hiraldo, Yaramil","Estévez, Carlos",True,5,0.4562772927254225
"Hiraldo, Yaramil","Enns, Dietrich",False,6,0.4868166580007478
"Hiraldo, Yaramil","Gage, Matt",False,7,0.562048781967435
"Hiraldo, Yaramil","Chafin, Andrew",False,8,0.5918609281542477
"Hiraldo, Yaramil","Schultz, Paxton",True,9,0.6630048263356446
"Hiraldo, Yaramil","Gordon, Tanner",True,10,0.6666056539221752
"Bido, Osvaldo","Strahm, Matt",False,1,0.56877920808365
"Bido, Osvaldo","Snider, Collin",True,2,0.5754147929685952
"Bido, Osvaldo","Luzardo, Jesús",False,3,0.6197574825675786
"Bido, Osvaldo","Williams, Trevor",True,4,0.6224950378357864
"Bido, Osvaldo","Santana, Dennis",True,5,0.7102706344945098
"Bido, Osvaldo","Festa, Matt",True,6,0.7781802525120489
"Bido, Osvaldo","Ortiz, Luis",True,7,0.7817908158498503
"Bido, Osvaldo","Lord, Brad",True,8,0.8032960693530292
"Bido, Osvaldo","Feltner, Ryan",True,9,0.8151697036375916
"Bido, Osvaldo","Hatch, Thomas",True,10,0.826516138326809
"Barnes, Jacob","Ashcraft, Graham",True,1,0.1520098164582905
"Barnes, Jacob","Núñez, Dedniel",True,2,0.3261398930403257
"Barnes, Jacob","Dodd, Dylan",False,3,0.35880183690729395
"Barnes, Jacob","Kahnle, Tommy",True,4,0.565874638890737
"Barnes, Jacob","Scholtens, Jesse",True,5,0.6388609230981175
"Barnes, Jacob","Winckowski, Josh",True,6,0.64153756536259
"Barnes, Jacob","Holman, Grant",True,7,0.6797033725918884
"Barnes, Jacob","Anderson, Shaun",True,8,0.6839795690010385
"Barnes, Jacob","Tong, Jonah",True,9,0.7438351390128145
"Barnes, Jacob","Enright, Nic",True,10,0.7653344805383384
"Kinley, Tyler","Kent, Zak",True,1,0.38189793397562355
"Kinley, Tyler","Rolison, Ryan",False,2,0.6042753341206237
"Kinley, Tyler","Martin, Corbin",True,3,0.8193373392748282
"Kinley, Tyler","Wentz, Joey",False,4,1.0005033415528204
"Kinley, Tyler","Yesavage, Trey",True,5,1.0119086493894258
"Kinley, Tyler","Cox, Austin",False,6,1.0569165539230585
"Kinley, Tyler","Blewett, Scott",True,7,1.0579713781680176
"Kinley, Tyler","Holmes, Grant",True,8,1.062265488240671
"Kinley, Tyler","Swanson, Erik",True,9,1.168715187535073
"Kinley, Tyler","Kriske, Brooks",True,10,1.1993434530255145
"Ashcraft, Graham","Barnes, Jacob",True,1,0.1520098164582905
"Ashcraft, Graham","Dodd, Dylan",False,2,0.3409917119986699
"Ashcraft, Graham","Núñez, Dedniel",True,3,0.3612190686406775
"Ashcraft, Graham","Holman, Grant",True,4,0.6312586937424486
"Ashcraft, Graham","Tong, Jonah",True,5,0.6584649610173811
"Ashcraft, Graham","Kahnle, Tommy",True,6,0.6646027518995412
"Ashcraft, Graham","Scholtens, Jesse",True,7,0.6742744348525047
"Ashcraft, Graham","Anderson, Shaun",True,8,0.7552629939772406
"Ashcraft, Graham","Winckowski, Josh",True,9,0.773257129441051
"Ashcraft, Graham","Fluharty, Mason",False,10,0.7820355255609425
"Roycroft, Chris","Hanifee, Brenan",True,1,0.44881751031870243
"Roycroft, Chris","Vargas, Carlos",True,2,0.48876609293691464
"Roycroft, Chris","Wells, Tyler",True,3,0.49146819591740276
"Roycroft, Chris","Muñoz, Roddery",True,4,0.5424525710217639
"Roycroft, Chris","Peguero, Joel",True,5,0.5586167643815361
"Roycroft, Chris","Hamilton, Ian",True,6,0.58649957816658
"Roycroft, Chris","Brasier, Ryan",True,7,0.6874990008617092
"Roycroft, Chris","Ross, Joe",True,8,0.7260755928616258
"Roycroft, Chris","Salazar, Eduardo",True,9,0.730907911905949
"Roycroft, Chris","Sánchez, Cristopher",False,10,0.7458437991181616
"Ribalta, Orlando","Erceg, Lucas",True,1,0.42771610361781537
"Ribalta, Orlando","Márquez, Germán",True,2,0.5740770086687667
"Ribalta, Orlando","Giolito, Lucas",True,3,0.6495386651568767
"Ribalta, Orlando","Zeferjahn, Ryan",True,4,0.6546432366403833
"Ribalta, Orlando","Castillo, Luis",True,5,0.6548513717047569
"Ribalta, Orlando","Myers, Tobias",True,6,0.6656162932797166
"Ribalta, Orlando","Zastryzny, Rob",False,7,0.6672703678186757
"Ribalta, Orlando","Snider, Collin",True,8,0.6707531699344889
"Ribalta, Orlando","Gibaut, Ian",True,9,0.6792883542939704
"Ribalta, Orlando","Hill, Jaden",True,10,0.6881232369353711
"Eisert, Brandon","Uceta, Edwin",False,1,0.21271784917645958
"Eisert, Brandon","Little, Brendon",True,2,0.3163515527346991
"Eisert, Brandon","McGough, Scott",False,3,0.46754647566167223
"Eisert, Brandon","Lucas, Easton",True,4,0.48221930431978954
"Eisert, Brandon","Gage, Matt",True,5,0.49121244779855494
"Eisert, Brandon","Rasmussen, Drew",False,6,0.4951953583211945
"Eisert, Brandon","Shuster, Jared",True,7,0.5372975446834674
"Eisert, Brandon","Muñoz, Roddery",False,8,0.552594389951794
"Eisert, Brandon","Wells, Tyler",False,9,0.5686484121971972
"Eisert, Brandon","Rodríguez, Manuel",False,10,0.6362064871222737
"Zastryzny, Rob","Giolito, Lucas",False,1,0.36951736238012817
"Zastryzny, Rob","Stratton, Hunter",False,2,0.40195404442976534
"Zastryzny, Rob","Hodge, Porter",False,3,0.48259090037397595
"Zastryzny, Rob","Gordon, Tanner",False,4,0.5368157950687994
"Zastryzny, Rob","Doval, Camilo",False,5,0.5487008880792105
"Zastryzny, Rob","Halvorsen, Seth",False,6,0.5648929458015782
"Zastryzny, Rob","Curvelo, Luis",False,7,0.5747818037522731
"Zastryzny, Rob","Alvarado, Elvis",False,8,0.6390874092722693
"Zastryzny, Rob","Ribalta, Orlando",False,9,0.6672703678186757
"Zastryzny, Rob","Anderson, Tyler",True,10,0.695941711664057
"Mattson, Isaac","Shuster, Jared",False,1,0.30320028213854944
"Mattson, Isaac","Hiraldo, Yaramil",True,2,0.32698011845019814
"Mattson, Isaac","Estévez, Carlos",True,3,0.33071805130754506
"Mattson, Isaac","Gordon, Tanner",True,4,0.46635385296539494
"Mattson, Isaac","Holman, Grant",True,5,0.4871985811847179
"Mattson, Isaac","Weaver, Luke",True,6,0.4872991533240768
"Mattson, Isaac","Halvorsen, Seth",True,7,0.49542747370054485
"Mattson, Isaac","Gage, Matt",False,8,0.5137300256063013
"Mattson, Isaac","McGough, Scott",True,9,0.5175164645165888
"Mattson, Isaac","Hamilton, Ian",True,10,0.5397589109810789
"Wells, Tyler","Rasmussen, Drew",True,1,0.3419776771938816
"Wells, Tyler","Muñoz, Roddery",True,2,0.35057665036668856
"Wells, Tyler","Uceta, Edwin",True,3,0.45371398995673073
"Wells, Tyler","Hamilton, Ian",True,4,0.4774605472355113
"Wells, Tyler","Gage, Matt",False,5,0.48490587700552495
"Wells, Tyler","Roycroft, Chris",True,6,0.49146819591740276
"Wells, Tyler","Hanifee, Brenan",True,7,0.5371670788049597
"Wells, Tyler","Weaver, Luke",True,8,0.5600450180513133
"Wells, Tyler","Eisert, Brandon",False,9,0.5686484121971972
"Wells, Tyler","Martin, Chris",True,10,0.59744060654276
"Hanifee, Brenan","Hamilton, Ian",True,1,0.2964087708483096
"Hanifee, Brenan","Roycroft, Chris",True,2,0.44881751031870243
"Hanifee, Brenan","Vargas, Carlos",True,3,0.4811584676019964
"Hanifee, Brenan","De Los Santos, Enyel",True,4,0.5114739978913573
"Hanifee, Brenan","Muñoz, Roddery",True,5,0.5304350557403459
"Hanifee, Brenan","Wells, Tyler",True,6,0.5371670788049597
"Hanifee, Brenan","Peguero, Joel",True,7,0.566632355781337
"Hanifee, Brenan","Estévez, Carlos",True,8,0.576090815699396
"Hanifee, Brenan","Weaver, Luke",True,9,0.5810214613585618
"Hanifee, Brenan","Doval, Camilo",True,10,0.6032483219531216
"Uceta, Edwin","Eisert, Brandon",False,1,0.21271784917645958
"Uceta, Edwin","Rasmussen, Drew",True,2,0.3218170002021043
"Uceta, Edwin","Little, Brendon",False,3,0.4033615385328136
"Uceta, Edwin","Wells, Tyler",True,4,0.45371398995673073
"Uceta, Edwin","Gage, Matt",False,5,0.5173643603039506
"Uceta, Edwin","Muñoz, Roddery",True,6,0.5449193859077458
"Uceta, Edwin","Lucas, Easton",False,7,0.5762354190725738
"Uceta, Edwin","McGough, Scott",True,8,0.5853462941573538
"Uceta, Edwin","Shuster, Jared",False,9,0.6826953354655664
"Uceta, Edwin","Weaver, Luke",True,10,0.684440399519997
"Fulmer, Carson","Altavilla, Dan",True,1,0.2094562314354531
"Fulmer, Carson","Martin, Davis",True,2,0.2522393622028856
"Fulmer, Carson","Martin, Chris",True,3,0.4273584359192819
"Fulmer, Carson","Festa, David",True,4,0.5566114537924002
"Fulmer, Carson","Clarke, Taylor",True,5,0.5754023849050528
"Fulmer, Carson","Ginn, J.T.",True,6,0.6408614818691367
"Fulmer, Carson","Rasmussen, Drew",True,7,0.6616766551197532
"Fulmer, Carson","Vest, Will",True,8,0.688061446787701
"Fulmer, Carson","Mahle, Tyler",True,9,0.6935542710743289
"Fulmer, Carson","Hagenman, Justin",True,10,0.713358552655278
"Elder, Bryce","Mahle, Tyler",True,1,0.3960454966468991
"Elder, Bryce","Skubal, Tarik",False,2,0.5153830240982883
"Elder, Bryce","Festa, David",True,3,0.5209848827991653
"Elder, Bryce","Myers, Tobias",True,4,0.5318767244931372
"Elder, Bryce","Schultz, Paxton",True,5,0.5753211194960343
"Elder, Bryce","Márquez, Germán",True,6,0.5875621096342106
"Elder, Bryce","Hatch, Thomas",True,7,0.5992037778629821
"Elder, Bryce","Estévez, Carlos",True,8,0.6083301617462
"Elder, Bryce","Martin, Chris",True,9,0.609874282825604
"Elder, Bryce","Hoffman, Jeff",True,10,0.62447082810211
"Sánchez, Cristopher","De Los Santos, Enyel",False,1,0.5183292882363415
"Sánchez, Cristopher","Vargas, Carlos",False,2,0.5896370881939125
"Sánchez, Cristopher","Hanifee, Brenan",False,3,0.6117072398288551
"Sánchez, Cristopher","King, John",True,4,0.6132386960398796
"Sánchez, Cristopher","Ferrer, José A.",True,5,0.6658096757425789
"Sánchez, Cristopher","Peralta, Wandy",True,6,0.6757424398512629
"Sánchez, Cristopher","Alvarado, Elvis",False,7,0.711010462689516
"Sánchez, Cristopher","Roycroft, Chris",False,8,0.7458437991181616
"Sánchez, Cristopher","Svanson, Matt",False,9,0.7532767916685515
"Sánchez, Cristopher","Curvelo, Luis",False,10,0.7716950034361445
"Hoffmann, Andrew","Yates, Kirby",True,1,0.637466381188393
"Hoffmann, Andrew","Kahnle, Tommy",True,2,0.7658445759303336
"Hoffmann, Andrew","Swanson, Erik",True,3,0.8028066319261858
"Hoffmann, Andrew","Finnegan, Kyle",True,4,0.8733192223165864
"Hoffmann, Andrew","Neris, Héctor",True,5,0.890062680163086
"Hoffmann, Andrew","Núñez, Dedniel",True,6,0.9141009411280974
"Hoffmann, Andrew","Kriske, Brooks",True,7,1.1337202000062212
"Hoffmann, Andrew","Barnes, Jacob",True,8,1.1464606128043238
"Hoffmann, Andrew","Ashcraft, Graham",True,9,1.2064900012422777
"Hoffmann, Andrew","Enright, Nic",True,10,1.2173883218645865
"Hatch, Thomas","Santana, Dennis",True,1,0.3013754008203765
"Hatch, Thomas","Mahle, Tyler",True,2,0.4448454772440362
"Hatch, Thomas","Ginn, J.T.",True,3,0.45794979732422275
"Hatch, Thomas","Adams, Travis",True,4,0.5885523812808997
"Hatch, Thomas","Elder, Bryce",True,5,0.5992037778629821
"Hatch, Thomas","Skubal, Tarik",False,6,0.6807519994077642
"Hatch, Thomas","Altavilla, Dan",True,7,0.7031383231794615
"Hatch, Thomas","Fulmer, Carson",True,8,0.7234979709770475
"Hatch, Thomas","Martin, Davis",True,9,0.727758016688185
"Hatch, Thomas","Márquez, Germán",True,10,0.7348304352491679
"Stratton, Hunter","Zastryzny, Rob",False,1,0.40195404442976534
"Stratton, Hunter","Hodge, Porter",True,2,0.4863416014528098
"Stratton, Hunter","Gordon, Tanner",True,3,0.6076316730883403
"Stratton, Hunter","Giolito, Lucas",True,4,0.6216257569347986
"Stratton, Hunter","Cruz, Steven",True,5,0.6774325445863097
"Stratton, Hunter","Doval, Camilo",True,6,0.6796174583723316
"Stratton, Hunter","Yesavage, Trey",True,7,0.7025350437809229
"Stratton, Hunter","Blewett, Scott",True,8,0.7358605737909532
"Stratton, Hunter","Lee, Dylan",False,9,0.7867640404634282
"Stratton, Hunter","Halvorsen, Seth",True,10,0.8316549786783152
"Clase, Emmanuel","Herget, Kevin",True,1,0.6395716904690665
"Clase, Emmanuel","Rangel, Alan",True,2,0.6460033962920052
"Clase, Emmanuel","Granillo, Andre",True,3,0.6664284248637222
"Clase, Emmanuel","Martinez, Justin",True,4,0.7050756928833943
"Clase, Emmanuel","Finnegan, Kyle",True,5,0.743032085235106
"Clase, Emmanuel","Yesavage, Trey",True,6,0.7468190354801796
"Clase, Emmanuel","Darnell, Dugan",True,7,0.7683636686236482
"Clase, Emmanuel","Wicks, Jordan",False,8,0.775981258546867
"Clase, Emmanuel","Henderson, Logan",True,9,0.8030872966406031
"Clase, Emmanuel","Blewett, Scott",True,10,0.876773753247932
"Finnegan, Kyle","Yates, Kirby",True,1,0.4612218170674487
"Finnegan, Kyle","Swanson, Erik",True,2,0.5146047601364365
"Finnegan, Kyle","Clase, Emmanuel",True,3,0.743032085235106
"Finnegan, Kyle","Hoffmann, Andrew",True,4,0.8733192223165864
"Finnegan, Kyle","Granillo, Andre",True,5,0.8781018127650743
"Finnegan, Kyle","Núñez, Dedniel",True,6,0.8898312237881495
"Finnegan, Kyle","Yesavage, Trey",True,7,1.0325288407318012
"Finnegan, Kyle","Blewett, Scott",True,8,1.037795744141576
"Finnegan, Kyle","Ashcraft, Graham",True,9,1.0473946050613554
"Finnegan, Kyle","Kahnle, Tommy",True,10,1.061137351500569
"Ramírez, Erasmo","Chavez, Jesse",True,1,0.19208556736263108
"Ramírez, Erasmo","Hernández, Enrique",True,2,0.9116002485179671
"Ramírez, Erasmo","Curtiss, John",True,3,0.945921750773963
"Ramírez, Erasmo","Alvarado, José",False,4,0.9956581644839976
"Ramírez, Erasmo","Rashi, Taylor",True,5,1.157498302033202
"Ramírez, Erasmo","Anderson, Shaun",True,6,1.1672606972366473
"Ramírez, Erasmo","Díaz, Alexis",True,7,1.2360140017762966
"Ramírez, Erasmo","McDaniels, Garrett",False,8,1.2846840345825494
"Ramírez, Erasmo","Uceta, Edwin",True,9,1.3068778400877157
"Ramírez, Erasmo","Minter, A.J.",False,10,1.3183525173244852
"Curtiss, John","Anderson, Shaun",True,1,0.2640613132395171
"Curtiss, John","Dodd, Dylan",False,2,0.7304019979061057
"Curtiss, John","Barnes, Jacob",True,3,0.7998492509922124
"Curtiss, John","Ashcraft, Graham",True,4,0.8565129501741615
"Curtiss, John","Minter, A.J.",False,5,0.866659503845906
"Curtiss, John","Winckowski, Josh",True,6,0.877230277595877
"Curtiss, John","Chavez, Jesse",True,7,0.8878209136638525
"Curtiss, John","Rashi, Taylor",True,8,0.9430384932149526
"Curtiss, John","Ramírez, Erasmo",True,9,0.945921750773963
"Curtiss, John","Eisert, Brandon",False,10,0.9935785890888498
"Anderson, Shaun","Curtiss, John",True,1,0.2640613132395171
"Anderson, Shaun","Barnes, Jacob",True,2,0.6839795690010385
"Anderson, Shaun","Dodd, Dylan",False,3,0.7371806354428483
"Anderson, Shaun","Ashcraft, Graham",True,4,0.7552629939772406
"Anderson, Shaun","Winckowski, Josh",True,5,0.8402599623507955
"Anderson, Shaun","Minter, A.J.",False,6,0.8974624000336997
"Anderson, Shaun","Núñez, Dedniel",True,7,0.9465252246071316
"Anderson, Shaun","Brieske, Beau",True,8,0.9590603575053893
"Anderson, Shaun","Wilson, Justin",False,9,1.0394386362282366
"Anderson, Shaun","Kahnle, Tommy",True,10,1.0513721459950436
"Holman, Grant","Hiraldo, Yaramil",True,1,0.3796983418422661
"Holman, Grant","Blewett, Scott",True,2,0.4785746618695892
"Holman, Grant","Mattson, Isaac",True,3,0.4871985811847179
"Holman, Grant","Shuster, Jared",False,4,0.5672419855080589
"Holman, Grant","Lee, Dylan",False,5,0.5839832354002517
"Holman, Grant","Schultz, Paxton",True,6,0.5879917874380826
"Holman, Grant","Wilson, Justin",False,7,0.5985215463939405
"Holman, Grant","McGough, Scott",True,8,0.6033375920308193
"Holman, Grant","Gordon, Tanner",True,9,0.6257591748133534
"Holman, Grant","Ashcraft, Graham",True,10,0.6312586937424486
"Hamilton, Ian","Hanifee, Brenan",True,1,0.2964087708483096
"Hamilton, Ian","Weaver, Luke",True,2,0.3070020124246474
"Hamilton, Ian","Wells, Tyler",True,3,0.4774605472355113
"Hamilton, Ian","Vargas, Carlos",True,4,0.49337546414947797
"Hamilton, Ian","De Los Santos, Enyel",True,5,0.5124298585183855
"Hamilton, Ian","Doval, Camilo",True,6,0.5135332512555101
"Hamilton, Ian","Mattson, Isaac",True,7,0.5397589109810789
"Hamilton, Ian","Brubaker, JT",True,8,0.5640301748833607
"Hamilton, Ian","Roycroft, Chris",True,9,0.58649957816658
"Hamilton, Ian","Estévez, Carlos",True,10,0.5964751456827102
"Gordon, Tanner","Doval, Camilo",True,1,0.21306332307449216
"Gordon, Tanner","Lee, Dylan",False,2,0.3792514490297352
"Gordon, Tanner","Schultz, Paxton",True,3,0.44708433165972555
"Gordon, Tanner","Mattson, Isaac",True,4,0.46635385296539494
"Gordon, Tanner","Cruz, Steven",True,5,0.49097725393691105
"Gordon, Tanner","Zastryzny, Rob",False,6,0.5368157950687994
"Gordon, Tanner","Weaver, Luke",True,7,0.5405522574195261
"Gordon, Tanner","Burke, Brock",False,8,0.5470315369089361
"Gordon, Tanner","Alvarado, Elvis",True,9,0.5894746586147728
"Gordon, Tanner","Hamilton, Ian",True,10,0.598840945778775
"Yesavage, Trey","Blewett, Scott",True,1,0.2781767336130725
"Yesavage, Trey","Granillo, Andre",True,2,0.6862914486115386
"Yesavage, Trey","Holman, Grant",True,3,0.6923980526725984
"Yesavage, Trey","Stratton, Hunter",True,4,0.7025350437809229
"Yesavage, Trey","Martinez, Justin",True,5,0.7185241435769525
"Yesavage, Trey","Clase, Emmanuel",True,6,0.7468190354801796
"Yesavage, Trey","Henderson, Logan",True,7,0.7515210726631537
"Yesavage, Trey","Lee, Dylan",False,8,0.753692727525834
"Yesavage, Trey","Gordon, Tanner",True,9,0.7640726408517791
"Yesavage, Trey","Wicks, Jordan",False,10,0.8204009110048961
"Altavilla, Dan","Fulmer, Carson",True,1,0.2094562314354531
"Altavilla, Dan","Martin, Davis",True,2,0.2377373513936096
"Altavilla, Dan","Martin, Chris",True,3,0.30857099942954686
"Altavilla, Dan","Ginn, J.T.",True,4,0.5284207303405375
"Altavilla, Dan","Festa, David",True,5,0.6057474620101384
"Altavilla, Dan","Brazobán, Huascar",True,6,0.608131452564814
"Altavilla, Dan","Wells, Tyler",True,7,0.6320971128448633
"Altavilla, Dan","Rasmussen, Drew",True,8,0.6377654161809285
"Altavilla, Dan","Hatch, Thomas",True,9,0.7031383231794615
"Altavilla, Dan","Elder, Bryce",True,10,0.7450499459198079
"Santana, Dennis","Hatch, Thomas",True,1,0.3013754008203765
"Santana, Dennis","Ginn, J.T.",True,2,0.386913450608925
"Santana, Dennis","Ross, Joe",True,3,0.6678877529938314
"Santana, Dennis","Mahle, Tyler",True,4,0.6747971711829779
"Santana, Dennis","Bido, Osvaldo",True,5,0.7102706344945098
"Santana, Dennis","Adams, Travis",True,6,0.7698474415958048
"Santana, Dennis","Snider, Collin",True,7,0.7784451804536536
"Santana, Dennis","Altavilla, Dan",True,8,0.7944356598589714
"Santana, Dennis","Skubal, Tarik",False,9,0.8103904085493425
"Santana, Dennis","Márquez, Germán",True,10,0.8131172777193074
"Snider, Collin","Lord, Brad",True,1,0.4277451948546161
"Snider, Collin","Corbin, Patrick",False,2,0.46240735196916816
"Snider, Collin","Woodruff, Brandon",True,3,0.5021614790415304
"Snider, Collin","Ferrer, José A.",False,4,0.5385718911405221
"Snider, Collin","Bido, Osvaldo",True,5,0.5754147929685952
"Snider, Collin","Ribalta, Orlando",True,6,0.6707531699344889
"Snider, Collin","Márquez, Germán",True,7,0.6758076171310639
"Snider, Collin","Strahm, Matt",False,8,0.7150393249348637
"Snider, Collin","Santana, Dennis",True,9,0.7784451804536536
"Snider, Collin","Feltner, Ryan",True,10,0.7809726620395867
"Yates, Kirby","Finnegan, Kyle",True,1,0.4612218170674487
"Yates, Kirby","Hoffmann, Andrew",True,2,0.637466381188393
"Yates, Kirby","Swanson, Erik",True,3,0.7644603477625194
"Yates, Kirby","Núñez, Dedniel",True,4,0.7961847858968614
"Yates, Kirby","Kahnle, Tommy",True,5,0.9031683406360247
"Yates, Kirby","Ashcraft, Graham",True,6,0.9465710763486356
"Yates, Kirby","Barnes, Jacob",True,7,0.9510544041740111
"Yates, Kirby","Wilson, Justin",False,8,0.9759489732260956
"Yates, Kirby","Clase, Emmanuel",True,9,1.044461973990614
"Yates, Kirby","Blewett, Scott",True,10,1.1624354980429519
"Herget, Kevin","Rangel, Alan",True,1,0.050695287460685204
"Herget, Kevin","Darnell, Dugan",True,2,0.5939558440377675
"Herget, Kevin","Clase, Emmanuel",True,3,0.6395716904690665
"Herget, Kevin","Martinez, Justin",True,4,0.7914757570563915
"Herget, Kevin","Suarez, Robert",True,5,0.9021986251140428
"Herget, Kevin","Wicks, Jordan",False,6,0.9111269206900819
"Herget, Kevin","Anderson, Tyler",False,7,0.9600253949473138
"Herget, Kevin","Yesavage, Trey",True,8,1.097028388469853
"Herget, Kevin","Lao, Sauryn",True,9,1.109109469302876
"Herget, Kevin","Henderson, Logan",True,10,1.1346257291395234
"Doval, Camilo","Gordon, Tanner",True,1,0.21306332307449216
"Doval, Camilo","Alvarado, Elvis",True,2,0.4192315077593508
"Doval, Camilo","Cruz, Steven",True,3,0.42745595238298806
"Doval, Camilo","Lee, Dylan",False,4,0.471001161542686
"Doval, Camilo","Burke, Brock",False,5,0.5051351388925304
"Doval, Camilo","Hamilton, Ian",True,6,0.5135332512555101
"Doval, Camilo","Schultz, Paxton",True,7,0.5182392608743526
"Doval, Camilo","Weaver, Luke",True,8,0.5392768581530268
"Doval, Camilo","Mattson, Isaac",True,9,0.5467923854732766
"Doval, Camilo","Zastryzny, Rob",False,10,0.5487008880792105
"Festa, David","Martin, Davis",True,1,0.38335571939623425
"Festa, David","Martin, Chris",True,2,0.494590474401379
"Festa, David","Elder, Bryce",True,3,0.5209848827991653
"Festa, David","Fulmer, Carson",True,4,0.5566114537924002
"Festa, David","Altavilla, Dan",True,5,0.6057474620101384
"Festa, David","Brazobán, Huascar",True,6,0.6313280171340576
"Festa, David","Mahle, Tyler",True,7,0.6679850712630441
"Festa, David","McGough, Scott",True,8,0.7072349744025224
"Festa, David","Schultz, Paxton",True,9,0.7258835198138421
"Festa, David","Hiraldo, Yaramil",True,10,0.7504983851391801
"Chavez, Jesse","Ramírez, Erasmo",True,1,0.19208556736263108
"Chavez, Jesse","Curtiss, John",True,2,0.8878209136638525
"Chavez, Jesse","Hernández, Enrique",True,3,0.9029950042305144
"Chavez, Jesse","Alvarado, José",False,4,1.0998518926242482
"Chavez, Jesse","Anderson, Shaun",True,5,1.103586258691323
"Chavez, Jesse","Rashi, Taylor",True,6,1.2585413615790397
"Chavez, Jesse","Díaz, Alexis",True,7,1.3320140298471035
"Chavez, Jesse","McDaniels, Garrett",False,8,1.3449304435167393
"Chavez, Jesse","Uceta, Edwin",True,9,1.3553848483290596
"Chavez, Jesse","Henriquez, Edgardo",True,10,1.369885273100486
"Blewett, Scott","Yesavage, Trey",True,1,0.2781767336130725
"Blewett, Scott","Holman, Grant",True,2,0.4785746618695892
"Blewett, Scott","Lee, Dylan",False,3,0.5779902929250392
"Blewett, Scott","Gordon, Tanner",True,4,0.648992097229471
"Blewett, Scott","Wilson, Justin",False,5,0.6706470995560071
"Blewett, Scott","Schultz, Paxton",True,6,0.6868544556824683
"Blewett, Scott","Hiraldo, Yaramil",True,7,0.7004028940992638
"Blewett, Scott","Stratton, Hunter",True,8,0.7358605737909532
"Blewett, Scott","Mattson, Isaac",True,9,0.7737368619529204
"Blewett, Scott","Doval, Camilo",True,10,0.8227153446287122
"Martin, Davis","Altavilla, Dan",True,1,0.2377373513936096
"Martin, Davis","Fulmer, Carson",True,2,0.2522393622028856
"Martin, Davis","Martin, Chris",True,3,0.27980820349804825
"Martin, Davis","Festa, David",True,4,0.38335571939623425
"Martin, Davis","Brazobán, Huascar",True,5,0.5406784452491425
"Martin, Davis","Ginn, J.T.",True,6,0.638725429398318
"Martin, Davis","Elder, Bryce",True,7,0.6558855945658391
"Martin, Davis","Rasmussen, Drew",True,8,0.6796945333784549
"Martin, Davis","Uceta, Edwin",True,9,0.7011195082200753
"Martin, Davis","Wells, Tyler",True,10,0.7111087227637164
"Rangel, Alan","Herget, Kevin",True,1,0.050695287460685204
"Rangel, Alan","Darnell, Dugan",True,2,0.5509833788257025
"Rangel, Alan","Clase, Emmanuel",True,3,0.6460033962920052
"Rangel, Alan","Martinez, Justin",True,4,0.7882625526750628
"Rangel, Alan","Suarez, Robert",True,5,0.8980398099381752
"Rangel, Alan","Wicks, Jordan",False,6,0.9547496627657119
"Rangel, Alan","Anderson, Tyler",False,7,0.9991672347233702
"Rangel, Alan","Lao, Sauryn",True,8,1.1093489817363953
"Rangel, Alan","Yesavage, Trey",True,9,1.116064522527595
"Rangel, Alan","Hoeing, Bryan",True,10,1.1453212774352644
"Ginn, J.T.","Santana, Dennis",True,1,0.386913450608925
"Ginn, J.T.","Ross, Joe",True,2,0.42855335948647183
"Ginn, J.T.","Hatch, Thomas",True,3,0.45794979732422275
"Ginn, J.T.","Altavilla, Dan",True,4,0.5284207303405375
"Ginn, J.T.","Martin, Chris",True,5,0.5603610059296397
"Ginn, J.T.","Mahle, Tyler",True,6,0.6344792143014358
"Ginn, J.T.","Martin, Davis",True,7,0.638725429398318
"Ginn, J.T.","Fulmer, Carson",True,8,0.6408614818691367
"Ginn, J.T.","Skubal, Tarik",False,9,0.6790141997999324
"Ginn, J.T.","Brazobán, Huascar",True,10,0.68568093679254
"Johnson, Ryan","Sánchez, Cristopher",False,1,0.8109300641772004
"Johnson, Ryan","King, John",False,2,0.8598071810082731
"Johnson, Ryan","De Los Santos, Enyel",True,3,1.0298199097044534
"Johnson, Ryan","Anderson, Tyler",False,4,1.0319593661106792
"Johnson, Ryan","Alvarado, Elvis",True,5,1.032957252100864
"Johnson, Ryan","Ferrer, José A.",False,6,1.0361279314045801
"Johnson, Ryan","Murdock, Noah",True,7,1.0400990064516937
"Johnson, Ryan","Peralta, Wandy",False,8,1.0837256049005093
"Johnson, Ryan","Svanson, Matt",True,9,1.0890398911293921
"Johnson, Ryan","Curvelo, Luis",True,10,1.1395642956569274
"Márquez, Germán","Ribalta, Orlando",True,1,0.5740770086687667
"Márquez, Germán","Elder, Bryce",True,2,0.5875621096342106
"Márquez, Germán","Schultz, Paxton",True,3,0.6626758196474811
"Márquez, Germán","Snider, Collin",True,4,0.6758076171310639
"Márquez, Germán","Gordon, Tanner",True,5,0.6822458976309733
"Márquez, Germán","Woodruff, Brandon",True,6,0.6845250503088215
"Márquez, Germán","Lord, Brad",True,7,0.6880064450442115
"Márquez, Germán","Mahle, Tyler",True,8,0.6973890832270508
"Márquez, Germán","Burke, Brock",False,9,0.7119009833366462
"Márquez, Germán","Myers, Tobias",True,10,0.732089416040989
"Weaver, Luke","Hamilton, Ian",True,1,0.3070020124246474
"Weaver, Luke","Mattson, Isaac",True,2,0.4872991533240768
"Weaver, Luke","Doval, Camilo",True,3,0.5392768581530268
"Weaver, Luke","Gordon, Tanner",True,4,0.5405522574195261
"Weaver, Luke","Wells, Tyler",True,5,0.5600450180513133
"Weaver, Luke","Lee, Dylan",False,6,0.5640881292215865
"Weaver, Luke","Schultz, Paxton",True,7,0.5676296922502759
"Weaver, Luke","Hanifee, Brenan",True,8,0.5810214613585618
"Weaver, Luke","Burke, Brock",False,9,0.5970251996936188
"Weaver, Luke","Brazobán, Huascar",True,10,0.5989621039492347
"Vargas, Carlos","De Los Santos, Enyel",True,1,0.3893415155442017
"Vargas, Carlos","Peralta, Wandy",False,2,0.4241148430369291
"Vargas, Carlos","Hanifee, Brenan",True,3,0.4811584676019964
"Vargas, Carlos","Roycroft, Chris",True,4,0.48876609293691464
"Vargas, Carlos","Hamilton, Ian",True,5,0.49337546414947797
"Vargas, Carlos","Brubaker, JT",True,6,0.5225208249189542
"Vargas, Carlos","Ross, Joe",True,7,0.5302848102359431
"Vargas, Carlos","Sánchez, Cristopher",False,8,0.5896370881939125
"Vargas, Carlos","Wells, Tyler",True,9,0.7147911223789084
"Vargas, Carlos","Rodriguez, Eduardo",False,10,0.7189028614768138
"Hernández, Enrique","Chavez, Jesse",True,1,0.9029950042305144
"Hernández, Enrique","Ramírez, Erasmo",True,2,0.9116002485179671
"Hernández, Enrique","Alvarado, José",False,3,1.377281976665029
"Hernández, Enrique","Curtiss, John",True,4,1.6175154528806526
"Hernández, Enrique","Alexander, Scott",False,5,1.6379014362191553
"Hernández, Enrique","Henriquez, Edgardo",True,6,1.656161749489482
"Hernández, Enrique","Vargas, Carlos",True,7,1.7129326222364538
"Hernández, Enrique","McDaniels, Garrett",False,8,1.7255186286825905
"Hernández, Enrique","Peralta, Wandy",False,9,1.7554198522851392
"Hernández, Enrique","Dunning, Dane",True,10,1.773932907650021
"Anderson, Tyler","Alvarado, Elvis",False,1,0.3799386799069424
"Anderson, Tyler","Doval, Camilo",False,2,0.5595866844050216
"Anderson, Tyler","De Los Santos, Enyel",False,3,0.6013479917044441
"Anderson, Tyler","Ferrer, José A.",True,4,0.6707543162992528
"Anderson, Tyler","Zastryzny, Rob",True,5,0.695941711664057
"Anderson, Tyler","Cruz, Steven",False,6,0.7027932022945276
"Anderson, Tyler","Woodruff, Brandon",False,7,0.7236597361116213
"Anderson, Tyler","Gordon, Tanner",False,8,0.7297370387394335
"Anderson, Tyler","Chivilli, Angel",False,9,0.8125092981292251
"Anderson, Tyler","Halvorsen, Seth",False,10,0.8345608029790754
"De Los Santos, Enyel","Vargas, Carlos",True,1,0.3893415155442017
"De Los Santos, Enyel","Peralta, Wandy",False,2,0.440002931193119
"De Los Santos, Enyel","Alvarado, Elvis",True,3,0.44713851414039346
"De Los Santos, Enyel","Brubaker, JT",True,4,0.4735256960017895
"De Los Santos, Enyel","Hanifee, Brenan",True,5,0.5114739978913573
"De Los Santos, Enyel","Hamilton, Ian",True,6,0.5124298585183855
"De Los Santos, Enyel","Sánchez, Cristopher",False,7,0.5183292882363415
"De Los Santos, Enyel","Doval, Camilo",True,8,0.5763528338503515
"De Los Santos, Enyel","Ferrer, José A.",False,9,0.5901247882037076
"De Los Santos, Enyel","Anderson, Tyler",False,10,0.6013479917044441
"Alvarado, Elvis","Anderson, Tyler",False,1,0.3799386799069424
"Alvarado, Elvis","Doval, Camilo",True,2,0.4192315077593508
"Alvarado, Elvis","De Los Santos, Enyel",True,3,0.44713851414039346
"Alvarado, Elvis","Cruz, Steven",True,4,0.48267876024870615
"Alvarado, Elvis","Woodruff, Brandon",True,5,0.48771028483188333
"Alvarado, Elvis","Ferrer, José A.",False,6,0.49176713950093015
"Alvarado, Elvis","Lord, Brad",True,7,0.5469788257216756
"Alvarado, Elvis","Gordon, Tanner",True,8,0.5894746586147728
"Alvarado, Elvis","Chivilli, Angel",True,9,0.6117694460231694
"Alvarado, Elvis","Brubaker, JT",True,10,0.620734296030351
"Corbin, Patrick","Snider, Collin",False,1,0.46240735196916816
"Corbin, Patrick","Lord, Brad",False,2,0.5914834045862221
"Corbin, Patrick","Woodruff, Brandon",False,3,0.6090121993389505
"Corbin, Patrick","Ferrer, José A.",True,4,0.6404551260247728
"Corbin, Patrick","Curvelo, Luis",False,5,0.7453077541901527
"Corbin, Patrick","Márquez, Germán",False,6,0.7551552705071973
"Corbin, Patrick","Zastryzny, Rob",True,7,0.783063837455944
"Corbin, Patrick","Alvarado, Elvis",False,8,0.783925458384485
"Corbin, Patrick","Bido, Osvaldo",False,9,0.8478883717180089
"Corbin, Patrick","Ribalta, Orlando",False,10,0.8485495216459
"King, John","Peralta, Wandy",True,1,0.5481502827605808
"King, John","Sánchez, Cristopher",True,2,0.6132386960398796
"King, John","De Los Santos, Enyel",False,3,0.7050337791072219
"King, John","Vargas, Carlos",False,4,0.741340543303124
"King, John","Brubaker, JT",False,5,0.7718083198199868
"King, John","Chivilli, Angel",False,6,0.7913849814835243
"King, John","Alvarado, Elvis",False,7,0.8009076069262981
"King, John","Ferrer, José A.",True,8,0.8172915456871054
"King, John","Lord, Brad",False,9,0.8181329226209147
"King, John","Johnson, Ryan",False,10,0.8598071810082731
"Martin, Chris","Martin, Davis",True,1,0.27980820349804825
"Martin, Chris","Altavilla, Dan",True,2,0.30857099942954686
"Martin, Chris","Brazobán, Huascar",True,3,0.4009650498794042
"Martin, Chris","Fulmer, Carson",True,4,0.4273584359192819
"Martin, Chris","Festa, David",True,5,0.494590474401379
"Martin, Chris","Ginn, J.T.",True,6,0.5603610059296397
"Martin, Chris","Wells, Tyler",True,7,0.59744060654276
"Martin, Chris","Elder, Bryce",True,8,0.609874282825604
"Martin, Chris","Weaver, Luke",True,9,0.6101727175784923
"Martin, Chris","Hamilton, Ian",True,10,0.6584916783897252
"Kopech, Michael","Otañez, Michel",True,1,0.0
"Kopech, Michael","Castro, Miguel",True,2,0.0
"Kopech, Michael","Harrington, Thomas",True,3,0.0
"Kopech, Michael","Contreras, Luis",True,4,0.0
"Kopech, Michael","Weems, Jordan",True,5,0.0
"Kopech, Michael","Rodriguez, Carlos",True,6,0.0
"Kopech, Michael","Rojas, Miguel",True,7,0.0
"Kopech, Michael","Pop, Zach",True,8,0.0
"Kopech, Michael","Nikhazy, Doug",False,9,0.0
"Kopech, Michael","Rock, Joe",False,10,0.0
"Richards, Trevor","Otañez, Michel",True,1,0.0
"Richards, Trevor","Castro, Miguel",True,2,0.0
"Richards, Trevor","Harrington, Thomas",True,3,0.0
"Richards, Trevor","Contreras, Luis",True,4,0.0
"Richards, Trevor","Weems, Jordan",True,5,0.0
"Richards, Trevor","Kopech, Michael",True,6,0.0
"Richards, Trevor","Rodriguez, Carlos",True,7,0.0
"Richards, Trevor","Rojas, Miguel",True,8,0.0
"Richards, Trevor","Pop, Zach",True,9,0.0
"Richards, Trevor","Nikhazy, Doug",False,10,0.0
"Misiewicz, Anthony","Otañez, Michel",False,1,0.0
"Misiewicz, Anthony","Castro, Miguel",False,2,0.0
"Misiewicz, Anthony","Harrington, Thomas",False,3,0.0
"Misiewicz, Anthony","Contreras, Luis",False,4,0.0
"Misiewicz, Anthony","Weems, Jordan",False,5,0.0
"Misiewicz, Anthony","Kopech, Michael",False,6,0.0
"Misiewicz, Anthony","Rodriguez, Carlos",False,7,0.0
"Misiewicz, Anthony","Rojas, Miguel",False,8,0.0
"Misiewicz, Anthony","Pop, Zach",False,9,0.0
"Misiewicz, Anthony","Nikhazy, Doug",True,10,0.0
"Rodriguez, Bradgley","Otañez, Michel",True,1,0.0
"Rodriguez, Bradgley","Castro, Miguel",True,2,0.0
"Rodriguez, Bradgley","Harrington, Thomas",True,3,0.0
"Rodriguez, Bradgley","Contreras, Luis",True,4,0.0
"Rodriguez, Bradgley","Weems, Jordan",True,5,0.0
"Rodriguez, Bradgley","Kopech, Michael",True,6,0.0
"Rodriguez, Bradgley","Rodriguez, Carlos",True,7,0.0
"Rodriguez, Bradgley","Rojas, Miguel",True,8,0.0
"Rodriguez, Bradgley","Pop, Zach",True,9,0.0
"Rodriguez, Bradgley","Nikhazy, Doug",False,10,0.0
"Contreras, Luis","Otañez, Michel",True,1,0.0
"Contreras, Luis","Castro, Miguel",True,2,0.0
"Contreras, Luis","Harrington, Thomas",True,3,0.0
"Contreras, Luis","Weems, Jordan",True,4,0.0
"Contreras, Luis","Kopech, Michael",True,5,0.0
"Contreras, Luis","Rodriguez, Carlos",True,6,0.0
"Contreras, Luis","Rojas, Miguel",True,7,0.0
"Contreras, Luis","Pop, Zach",True,8,0.0
"Contreras, Luis","Nikhazy, Doug",False,9,0.0
"Contreras, Luis","Rock, Joe",False,10,0.0
"Rock, Joe","Otañez, Michel",False,1,0.0
"Rock, Joe","Castro, Miguel",False,2,0.0
"Rock, Joe","Harrington, Thomas",False,3,0.0
"Rock, Joe","Contreras, Luis",False,4,0.0
"Rock, Joe","Weems, Jordan",False,5,0.0
"Rock, Joe","Kopech, Michael",False,6,0.0
"Rock, Joe","Rodriguez, Carlos",False,7,0.0
"Rock, Joe","Rojas, Miguel",False,8,0.0
"Rock, Joe","Pop, Zach",False,9,0.0
"Rock, Joe","Nikhazy, Doug",True,10,0.0
"Rojas, Miguel","Otañez, Michel",True,1,0.0
"Rojas, Miguel","Castro, Miguel",True,2,0.0
"Rojas, Miguel","Harrington, Thomas",True,3,0.0
"Rojas, Miguel","Contreras, Luis",True,4,0.0
"Rojas, Miguel","Weems, Jordan",True,5,0.0
"Rojas, Miguel","Kopech, Michael",True,6,0.0
"Rojas, Miguel","Rodriguez, Carlos",True,7,0.0
"Rojas, Miguel","Pop, Zach",True,8,0.0
"Rojas, Miguel","Nikhazy, Doug",False,9,0.0
"Rojas, Miguel","Rock, Joe",False,10,0.0
"Castro, Miguel","Otañez, Michel",True,1,0.0
"Castro, Miguel","Harrington, Thomas",True,2,0.0
"Castro, Miguel","Contreras, Luis",True,3,0.0
"Castro, Miguel","Weems, Jordan",True,4,0.0
"Castro, Miguel","Kopech, Michael",True,5,0.0
"Castro, Miguel","Rodriguez, Carlos",True,6,0.0
"Castro, Miguel","Rojas, Miguel",True,7,0.0
"Castro, Miguel","Pop, Zach",True,8,0.0
"Castro, Miguel","Nikhazy, Doug",False,9,0.0
"Castro, Miguel","Rock, Joe",False,10,0.0
"Nikhazy, Doug","Otañez, Michel",False,1,0.0
"Nikhazy, Doug","Castro, Miguel",False,2,0.0
"Nikhazy, Doug","Harrington, Thomas",False,3,0.0
"Nikhazy, Doug","Contreras, Luis",False,4,0.0
"Nikhazy, Doug","Weems, Jordan",False,5,0.0
"Nikhazy, Doug","Kopech, Michael",False,6,0.0
"Nikhazy, Doug","Rodriguez, Carlos",False,7,0.0
"Nikhazy, Doug","Rojas, Miguel",False,8,0.0
"Nikhazy, Doug","Pop, Zach",False,9,0.0
"Nikhazy, Doug","Rock, Joe",True,10,0.0
"Pop, Zach","Otañez, Michel",True,1,0.0
"Pop, Zach","Castro, Miguel",True,2,0.0
"Pop, Zach","Harrington, Thomas",True,3,0.0
"Pop, Zach","Contreras, Luis",True,4,0.0
"Pop, Zach","Weems, Jordan",True,5,0.0
"Pop, Zach","Kopech, Michael",True,6,0.0
"Pop, Zach","Rodriguez, Carlos",True,7,0.0
"Pop, Zach","Rojas, Miguel",True,8,0.0
"Pop, Zach","Nikhazy, Doug",False,9,0.0
"Pop, Zach","Rock, Joe",False,10,0.0
"Murray, Jayden","Otañez, Michel",True,1,0.0
"Murray, Jayden","Castro, Miguel",True,2,0.0
"Murray, Jayden","Harrington, Thomas",True,3,0.0
"Murray, Jayden","Contreras, Luis",True,4,0.0
"Murray, Jayden","Weems, Jordan",True,5,0.0
"Murray, Jayden","Kopech, Michael",True,6,0.0
"Murray, Jayden","Rodriguez, Carlos",True,7,0.0
"Murray, Jayden","Rojas, Miguel",True,8,0.0
"Murray, Jayden","Pop, Zach",True,9,0.0
"Murray, Jayden","Nikhazy, Doug",False,10,0.0
"Peralta, Sammy","Otañez, Michel",False,1,0.0
"Peralta, Sammy","Castro, Miguel",False,2,0.0
"Peralta, Sammy","Harrington, Thomas",False,3,0.0
"Peralta, Sammy","Contreras, Luis",False,4,0.0
"Peralta, Sammy","Weems, Jordan",False,5,0.0
"Peralta, Sammy","Kopech, Michael",False,6,0.0
"Peralta, Sammy","Rodriguez, Carlos",False,7,0.0
"Peralta, Sammy","Rojas, Miguel",False,8,0.0
"Peralta, Sammy","Pop, Zach",False,9,0.0
"Peralta, Sammy","Nikhazy, Doug",True,10,0.0
"Pereda, Jhonny","Otañez, Michel",True,1,0.0
"Pereda, Jhonny","Castro, Miguel",True,2,0.0
"Pereda, Jhonny","Harrington, Thomas",True,3,0.0
"Pereda, Jhonny","Contreras, Luis",True,4,0.0
"Pereda, Jhonny","Weems, Jordan",True,5,0.0
"Pereda, Jhonny","Kopech, Michael",True,6,0.0
"Pereda, Jhonny","Rodriguez, Carlos",True,7,0.0
"Pereda, Jhonny","Rojas, Miguel",True,8,0.0
"Pereda, Jhonny","Pop, Zach",True,9,0.0
"Pereda, Jhonny","Nikhazy, Doug",False,10,0.0
"Petty, Chase","Otañez, Michel",True,1,0.0
"Petty, Chase","Castro, Miguel",True,2,0.0
"Petty, Chase","Harrington, Thomas",True,3,0.0
"Petty, Chase","Contreras, Luis",True,4,0.0
"Petty, Chase","Weems, Jordan",True,5,0.0
"Petty, Chase","Kopech, Michael",True,6,0.0
"Petty, Chase","Rodriguez, Carlos",True,7,0.0
"Petty, Chase","Rojas, Miguel",True,8,0.0
"Petty, Chase","Pop, Zach",True,9,0.0
"Petty, Chase","Nikhazy, Doug",False,10,0.0
"Estrada, Lazaro","Otañez, Michel",True,1,0.0
"Estrada, Lazaro","Castro, Miguel",True,2,0.0
"Estrada, Lazaro","Harrington, Thomas",True,3,0.0
"Estrada, Lazaro","Contreras, Luis",True,4,0.0
"Estrada, Lazaro","Weems, Jordan",True,5,0.0
"Estrada, Lazaro","Kopech, Michael",True,6,0.0
"Estrada, Lazaro","Rodriguez, Carlos",True,7,0.0
"Estrada, Lazaro","Rojas, Miguel",True,8,0.0
"Estrada, Lazaro","Pop, Zach",True,9,0.0
"Estrada, Lazaro","Nikhazy, Doug",False,10,0.0
"Bride, Jonah","Otañez, Michel",True,1,0.0
"Bride, Jonah","Castro, Miguel",True,2,0.0
"Bride, Jonah","Harrington, Thomas",True,3,0.0
"Bride, Jonah","Contreras, Luis",True,4,0.0
"Bride, Jonah","Weems, Jordan",True,5,0.0
"Bride, Jonah","Kopech, Michael",True,6,0.0
"Bride, Jonah","Rodriguez, Carlos",True,7,0.0
"Bride, Jonah","Rojas, Miguel",True,8,0.0
"Bride, Jonah","Pop, Zach",True,9,0.0
"Bride, Jonah","Nikhazy, Doug",False,10,0.0
"Castillo, Luis F.","Otañez, Michel",True,1,0.0
"Castillo, Luis F.","Castro, Miguel",True,2,0.0
"Castillo, Luis F.","Harrington, Thomas",True,3,0.0
"Castillo, Luis F.","Contreras, Luis",True,4,0.0
"Castillo, Luis F.","Weems, Jordan",True,5,0.0
"Castillo, Luis F.","Kopech, Michael",True,6,0.0
"Castillo, Luis F.","Rodriguez, Carlos",True,7,0.0
"Castillo, Luis F.","Rojas, Miguel",True,8,0.0
"Castillo, Luis F.","Pop, Zach",True,9,0.0
"Castillo, Luis F.","Nikhazy, Doug",False,10,0.0
"Weems, Jordan","Otañez, Michel",True,1,0.0
"Weems, Jordan","Castro, Miguel",True,2,0.0
"Weems, Jordan","Harrington, Thomas",True,3,0.0
"Weems, Jordan","Contreras, Luis",True,4,0.0
"Weems, Jordan","Kopech, Michael",True,5,0.0
"Weems, Jordan","Rodriguez, Carlos",True,6,0.0
"Weems, Jordan","Rojas, Miguel",True,7,0.0
"Weems, Jordan","Pop, Zach",True,8,0.0
"Weems, Jordan","Nikhazy, Doug",False,9,0.0
"Weems, Jordan","Rock, Joe",False,10,0.0
"Otañez, Michel","Castro, Miguel",True,1,0.0
"Otañez, Michel","Harrington, Thomas",True,2,0.0
"Otañez, Michel","Contreras, Luis",True,3,0.0
"Otañez, Michel","Weems, Jordan",True,4,0.0
"Otañez, Michel","Kopech, Michael",True,5,0.0
"Otañez, Michel","Rodriguez, Carlos",True,6,0.0
"Otañez, Michel","Rojas, Miguel",True,7,0.0
"Otañez, Michel","Pop, Zach",True,8,0.0
"Otañez, Michel","Nikhazy, Doug",False,9,0.0
"Otañez, Michel","Rock, Joe",False,10,0.0
"Harrington, Thomas","Otañez, Michel",True,1,0.0
"Harrington, Thomas","Castro, Miguel",True,2,0.0
"Harrington, Thomas","Contreras, Luis",True,3,0.0
"Harrington, Thomas","Weems, Jordan",True,4,0.0
"Harrington, Thomas","Kopech, Michael",True,5,0.0
"Harrington, Thomas","Rodriguez, Carlos",True,6,0.0
"Harrington, Thomas","Rojas, Miguel",True,7,0.0
"Harrington, Thomas","Pop, Zach",True,8,0.0
"Harrington, Thomas","Nikhazy, Doug",False,9,0.0
"Harrington, Thomas","Rock, Joe",False,10,0.0
"Rodriguez, Carlos","Otañez, Michel",True,1,0.0
"Rodriguez, Carlos","Castro, Miguel",True,2,0.0
"Rodriguez, Carlos","Harrington, Thomas",True,3,0.0
"Rodriguez, Carlos","Contreras, Luis",True,4,0.0
"Rodriguez, Carlos","Weems, Jordan",True,5,0.0
"Rodriguez, Carlos","Kopech, Michael",True,6,0.0
"Rodriguez, Carlos","Rojas, Miguel",True,7,0.0
"Rodriguez, Carlos","Pop, Zach",True,8,0.0
"Rodriguez, Carlos","Nikhazy, Doug",False,9,0.0
"Rodriguez, Carlos","Rock, Joe",False,10,0.0
"McKenzie, Triston","Otañez, Michel",True,1,0.0
"McKenzie, Triston","Castro, Miguel",True,2,0.0
"McKenzie, Triston","Harrington, Thomas",True,3,0.0
"McKenzie, Triston","Contreras, Luis",True,4,0.0
"McKenzie, Triston","Weems, Jordan",True,5,0.0
"McKenzie, Triston","Kopech, Michael",True,6,0.0
"McKenzie, Triston","Rodriguez, Carlos",True,7,0.0
"McKenzie, Triston","Rojas, Miguel",True,8,0.0
"McKenzie, Triston","Pop, Zach",True,9,0.0
"McKenzie, Triston","Nikhazy, Doug",False,10,0.0
"Miley, Wade","Otañez, Michel",False,1,0.0
"Miley, Wade","Castro, Miguel",False,2,0.0
"Miley, Wade","Harrington, Thomas",False,3,0.0
"Miley, Wade","Contreras, Luis",False,4,0.0
"Miley, Wade","Weems, Jordan",False,5,0.0
"Miley, Wade","Kopech, Michael",False,6,0.0
"Miley, Wade","Rodriguez, Carlos",False,7,0.0
"Miley, Wade","Rojas, Miguel",False,8,0.0
"Miley, Wade","Pop, Zach",False,9,0.0
"Miley, Wade","Nikhazy, Doug",True,10,0.0
"Zulueta, Yosver","Otañez, Michel",True,1,0.0
"Zulueta, Yosver","Castro, Miguel",True,2,0.0
"Zulueta, Yosver","Harrington, Thomas",True,3,0.0
"Zulueta, Yosver","Contreras, Luis",True,4,0.0
"Zulueta, Yosver","Weems, Jordan",True,5,0.0
"Zulueta, Yosver","Kopech, Michael",True,6,0.0
"Zulueta, Yosver","Rodriguez, Carlos",True,7,0.0
"Zulueta, Yosver","Rojas, Miguel",True,8,0.0
"Zulueta, Yosver","Pop, Zach",True,9,0.0
"Zulueta, Yosver","Nikhazy, Doug",False,10,0.0
"Warren, Austin","Otañez, Michel",True,1,0.0
"Warren, Austin","Castro, Miguel",True,2,0.0
"Warren, Austin","Harrington, Thomas",True,3,0.0
"Warren, Austin","Contreras, Luis",True,4,0.0
"Warren, Austin","Weems, Jordan",True,5,0.0
"Warren, Austin","Kopech, Michael",True,6,0.0
"Warren, Austin","Rodriguez, Carlos",True,7,0.0
"Warren, Austin","Rojas, Miguel",True,8,0.0
"Warren, Austin","Pop, Zach",True,9,0.0
"Warren, Austin","Nikhazy, Doug",False,10,0.0
"Bauers, Jake","Otañez, Michel",False,1,0.0
"Bauers, Jake","Castro, Miguel",False,2,0.0
"Bauers, Jake","Harrington, Thomas",False,3,0.0
"Bauers, Jake","Contreras, Luis",False,4,0.0
"Bauers, Jake","Weems, Jordan",False,5,0.0
"Bauers, Jake","Kopech, Michael",False,6,0.0
"Bauers, Jake","Rodriguez, Carlos",False,7,0.0
"Bauers, Jake","Rojas, Miguel",False,8,0.0
"Bauers, Jake","Pop, Zach",False,9,0.0
"Bauers, Jake","Nikhazy, Doug",True,10,0.0
"Winn, Keaton","Otañez, Michel",True,1,0.0
"Winn, Keaton","Castro, Miguel",True,2,0.0
"Winn, Keaton","Harrington, Thomas",True,3,0.0
"Winn, Keaton","Contreras, Luis",True,4,0.0
"Winn, Keaton","Weems, Jordan",True,5,0.0
"Winn, Keaton","Kopech, Michael",True,6,0.0
"Winn, Keaton","Rodriguez, Carlos",True,7,0.0
"Winn, Keaton","Rojas, Miguel",True,8,0.0
"Winn, Keaton","Pop, Zach",True,9,0.0
"Winn, Keaton","Nikhazy, Doug",False,10,0.0
"Waldron, Matt","Otañez, Michel",True,1,0.0
"Waldron, Matt","Castro, Miguel",True,2,0.0
"Waldron, Matt","Harrington, Thomas",True,3,0.0
"Waldron, Matt","Contreras, Luis",True,4,0.0
"Waldron, Matt","Weems, Jordan",True,5,0.0
"Waldron, Matt","Kopech, Michael",True,6,0.0
"Waldron, Matt","Rodriguez, Carlos",True,7,0.0
"Waldron, Matt","Rojas, Miguel",True,8,0.0
"Waldron, Matt","Pop, Zach",True,9,0.0
"Waldron, Matt","Nikhazy, Doug",False,10,0.0
"VanWey, Logan","Otañez, Michel",True,1,0.0
"VanWey, Logan","Castro, Miguel",True,2,0.0
"VanWey, Logan","Harrington, Thomas",True,3,0.0
"VanWey, Logan","Contreras, Luis",True,4,0.0
"VanWey, Logan","Weems, Jordan",True,5,0.0
"VanWey, Logan","Kopech, Michael",True,6,0.0
"VanWey, Logan","Rodriguez, Carlos",True,7,0.0
"VanWey, Logan","Rojas, Miguel",True,8,0.0
"VanWey, Logan","Pop, Zach",True,9,0.0
"VanWey, Logan","Nikhazy, Doug",False,10,0.0
"Van Belle, Brian","Otañez, Michel",True,1,0.0
"Van Belle, Brian","Castro, Miguel",True,2,0.0
"Van Belle, Brian","Harrington, Thomas",True,3,0.0
"Van Belle, Brian","Contreras, Luis",True,4,0.0
"Van Belle, Brian","Weems, Jordan",True,5,0.0
"Van Belle, Brian","Kopech, Michael",True,6,0.0
"Van Belle, Brian","Rodriguez, Carlos",True,7,0.0
"Van Belle, Brian","Rojas, Miguel",True,8,0.0
"Van Belle, Brian","Pop, Zach",True,9,0.0
"Van Belle, Brian","Nikhazy, Doug",False,10,0.0
"Williams, Luke","Otañez, Michel",True,1,0.0
"Williams, Luke","Castro, Miguel",True,2,0.0
"Williams, Luke","Harrington, Thomas",True,3,0.0
"Williams, Luke","Contreras, Luis",True,4,0.0
"Williams, Luke","Weems, Jordan",True,5,0.0
"Williams, Luke","Kopech, Michael",True,6,0.0
"Williams, Luke","Rodriguez, Carlos",True,7,0.0
"Williams, Luke","Rojas, Miguel",True,8,0.0
"Williams, Luke","Pop, Zach",True,9,0.0
"Williams, Luke","Nikhazy, Doug",False,10,0.0
"Abner, Philip","Otañez, Michel",False,1,0.0
"Abner, Philip","Castro, Miguel",False,2,0.0
"Abner, Philip","Harrington, Thomas",False,3,0.0
"Abner, Philip","Contreras, Luis",False,4,0.0
"Abner, Philip","Weems, Jordan",False,5,0.0
"Abner, Philip","Kopech, Michael",False,6,0.0
"Abner, Philip","Rodriguez, Carlos",False,7,0.0
"Abner, Philip","Rojas, Miguel",False,8,0.0
"Abner, Philip","Pop, Zach",False,9,0.0
"Abner, Philip","Nikhazy, Doug",True,10,0.0
"Suero, Wander","Otañez, Michel",True,1,0.0
"Suero, Wander","Castro, Miguel",True,2,0.0
"Suero, Wander","Harrington, Thomas",True,3,0.0
"Suero, Wander","Contreras, Luis",True,4,0.0
"Suero, Wander","Weems, Jordan",True,5,0.0
"Suero, Wander","Kopech, Michael",True,6,0.0
"Suero, Wander","Rodriguez, Carlos",True,7,0.0
"Suero, Wander","Rojas, Miguel",True,8,0.0
"Suero, Wander","Pop, Zach",True,9,0.0
"Suero, Wander","Nikhazy, Doug",False,10,0.0
"Fernández, Julian","Otañez, Michel",True,1,0.0
"Fernández, Julian","Castro, Miguel",True,2,0.0
"Fernández, Julian","Harrington, Thomas",True,3,0.0
"Fernández, Julian","Contreras, Luis",True,4,0.0
"Fernández, Julian","Weems, Jordan",True,5,0.0
"Fernández, Julian","Kopech, Michael",True,6,0.0
"Fernández, Julian","Rodriguez, Carlos",True,7,0.0
"Fernández, Julian","Rojas, Miguel",True,8,0.0
"Fernández, Julian","Pop, Zach",True,9,0.0
"Fernández, Julian","Nikhazy, Doug",False,10,0.0
"Tolle, Payton","Otañez, Michel",False,1,0.0
"Tolle, Payton","Castro, Miguel",False,2,0.0
"Tolle, Payton","Harrington, Thomas",False,3,0.0
"Tolle, Payton","Contreras, Luis",False,4,0.0
"Tolle, Payton","Weems, Jordan",False,5,0.0
"Tolle, Payton","Kopech, Michael",False,6,0.0
"Tolle, Payton","Rodriguez, Carlos",False,7,0.0
"Tolle, Payton","Rojas, Miguel",False,8,0.0
"Tolle, Payton","Pop, Zach",False,9,0.0
"Tolle, Payton","Nikhazy, Doug",True,10,0.0
"Harvey, Hunter","Otañez, Michel",True,1,0.0
"Harvey, Hunter","Castro, Miguel",True,2,0.0
"Harvey, Hunter","Harrington, Thomas",True,3,0.0
"Harvey, Hunter","Contreras, Luis",True,4,0.0
"Harvey, Hunter","Weems, Jordan",True,5,0.0
"Harvey, Hunter","Kopech, Michael",True,6,0.0
"Harvey, Hunter","Rodriguez, Carlos",True,7,0.0
"Harvey, Hunter","Rojas, Miguel",True,8,0.0
"Harvey, Hunter","Pop, Zach",True,9,0.0
"Harvey, Hunter","Nikhazy, Doug",False,10,0.0
"Laweryson, Cody","Otañez, Michel",True,1,0.0
"Laweryson, Cody","Castro, Miguel",True,2,0.0
"Laweryson, Cody","Harrington, Thomas",True,3,0.0
"Laweryson, Cody","Contreras, Luis",True,4,0.0
"Laweryson, Cody","Weems, Jordan",True,5,0.0
"Laweryson, Cody","Kopech, Michael",True,6,0.0
"Laweryson, Cody","Rodriguez, Carlos",True,7,0.0
"Laweryson, Cody","Rojas, Miguel",True,8,0.0
"Laweryson, Cody","Pop, Zach",True,9,0.0
"Laweryson, Cody","Nikhazy, Doug",False,10,0.0
"Leclerc, José","Otañez, Michel",True,1,0.0
"Leclerc, José","Castro, Miguel",True,2,0.0
"Leclerc, José","Harrington, Thomas",True,3,0.0
"Leclerc, José","Contreras, Luis",True,4,0.0
"Leclerc, José","Weems, Jordan",True,5,0.0
"Leclerc, José","Kopech, Michael",True,6,0.0
"Leclerc, José","Rodriguez, Carlos",True,7,0.0
"Leclerc, José","Rojas, Miguel",True,8,0.0
"Leclerc, José","Pop, Zach",True,9,0.0
"Leclerc, José","Nikhazy, Doug",False,10,0.0
"Garcia, Luis","Otañez, Michel",True,1,0.0
"Garcia, Luis","Castro, Miguel",True,2,0.0
"Garcia, Luis","Harrington, Thomas",True,3,0.0
"Garcia, Luis","Contreras, Luis",True,4,0.0
"Garcia, Luis","Weems, Jordan",True,5,0.0
"Garcia, Luis","Kopech, Michael",True,6,0.0
"Garcia, Luis","Rodriguez, Carlos",True,7,0.0
"Garcia, Luis","Rojas, Miguel",True,8,0.0
"Garcia, Luis","Pop, Zach",True,9,0.0
"Garcia, Luis","Nikhazy, Doug",False,10,0.0
"Cruz, Omar","Otañez, Michel",False,1,0.0
"Cruz, Omar","Castro, Miguel",False,2,0.0
"Cruz, Omar","Harrington, Thomas",False,3,0.0
"Cruz, Omar","Contreras, Luis",False,4,0.0
"Cruz, Omar","Weems, Jordan",False,5,0.0
"Cruz, Omar","Kopech, Michael",False,6,0.0
"Cruz, Omar","Rodriguez, Carlos",False,7,0.0
"Cruz, Omar","Rojas, Miguel",False,8,0.0
"Cruz, Omar","Pop, Zach",False,9,0.0
"Cruz, Omar","Nikhazy, Doug",True,10,0.0
"Seabold, Connor","Otañez, Michel",True,1,0.0
"Seabold, Connor","Castro, Miguel",True,2,0.0
"Seabold, Connor","Harrington, Thomas",True,3,0.0
"Seabold, Connor","Contreras, Luis",True,4,0.0
"Seabold, Connor","Weems, Jordan",True,5,0.0
"Seabold, Connor","Kopech, Michael",True,6,0.0
"Seabold, Connor","Rodriguez, Carlos",True,7,0.0
"Seabold, Connor","Rojas, Miguel",True,8,0.0
"Seabold, Connor","Pop, Zach",True,9,0.0
"Seabold, Connor","Nikhazy, Doug",False,10,0.0
"Matzek, Tyler","Otañez, Michel",False,1,0.0
"Matzek, Tyler","Castro, Miguel",False,2,0.0
"Matzek, Tyler","Harrington, Thomas",False,3,0.0
"Matzek, Tyler","Contreras, Luis",False,4,0.0
"Matzek, Tyler","Weems, Jordan",False,5,0.0
"Matzek, Tyler","Kopech, Michael",False,6,0.0
"Matzek, Tyler","Rodriguez, Carlos",False,7,0.0
"Matzek, Tyler","Rojas, Miguel",False,8,0.0
"Matzek, Tyler","Pop, Zach",False,9,0.0
"Matzek, Tyler","Nikhazy, Doug",True,10,0.0
"McCormick, Chas","Otañez, Michel",False,1,0.0
"McCormick, Chas","Castro, Miguel",False,2,0.0
"McCormick, Chas","Harrington, Thomas",False,3,0.0
"McCormick, Chas","Contreras, Luis",False,4,0.0
"McCormick, Chas","Weems, Jordan",False,5,0.0
"McCormick, Chas","Kopech, Michael",False,6,0.0
"McCormick, Chas","Rodriguez, Carlos",False,7,0.0
"McCormick, Chas","Rojas, Miguel",False,8,0.0
"McCormick, Chas","Pop, Zach",False,9,0.0
"McCormick, Chas","Nikhazy, Doug",True,10,0.0
"Sanders, Cam","Otañez, Michel",True,1,0.0
"Sanders, Cam","Castro, Miguel",True,2,0.0
"Sanders, Cam","Harrington, Thomas",True,3,0.0
"Sanders, Cam","Contreras, Luis",True,4,0.0
"Sanders, Cam","Weems, Jordan",True,5,0.0
"Sanders, Cam","Kopech, Michael",True,6,0.0
"Sanders, Cam","Rodriguez, Carlos",True,7,0.0
"Sanders, Cam","Rojas, Miguel",True,8,0.0
"Sanders, Cam","Pop, Zach",True,9,0.0
"Sanders, Cam","Nikhazy, Doug",False,10,0.0
"Daniel, Davis","Otañez, Michel",True,1,0.0
"Daniel, Davis","Castro, Miguel",True,2,0.0
"Daniel, Davis","Harrington, Thomas",True,3,0.0
"Daniel, Davis","Contreras, Luis",True,4,0.0
"Daniel, Davis","Weems, Jordan",True,5,0.0
"Daniel, Davis","Kopech, Michael",True,6,0.0
"Daniel, Davis","Rodriguez, Carlos",True,7,0.0
"Daniel, Davis","Rojas, Miguel",True,8,0.0
"Daniel, Davis","Pop, Zach",True,9,0.0
"Daniel, Davis","Nikhazy, Doug",False,10,0.0
"Marinaccio, Ron","Otañez, Michel",True,1,0.0
"Marinaccio, Ron","Castro, Miguel",True,2,0.0
"Marinaccio, Ron","Harrington, Thomas",True,3,0.0
"Marinaccio, Ron","Contreras, Luis",True,4,0.0
"Marinaccio, Ron","Weems, Jordan",True,5,0.0
"Marinaccio, Ron","Kopech, Michael",True,6,0.0
"Marinaccio, Ron","Rodriguez, Carlos",True,7,0.0
"Marinaccio, Ron","Rojas, Miguel",True,8,0.0
"Marinaccio, Ron","Pop, Zach",True,9,0.0
"Marinaccio, Ron","Nikhazy, Doug",False,10,0.0
"Sanoja, Javier","Otañez, Michel",True,1,0.0
"Sanoja, Javier","Castro, Miguel",True,2,0.0
"Sanoja, Javier","Harrington, Thomas",True,3,0.0
"Sanoja, Javier","Contreras, Luis",True,4,0.0
"Sanoja, Javier","Weems, Jordan",True,5,0.0
"Sanoja, Javier","Kopech, Michael",True,6,0.0
"Sanoja, Javier","Rodriguez, Carlos",True,7,0.0
"Sanoja, Javier","Rojas, Miguel",True,8,0.0
"Sanoja, Javier","Pop, Zach",True,9,0.0
"Sanoja, Javier","Nikhazy, Doug",False,10,0.0
"Contreras, Roansy","Otañez, Michel",True,1,0.0
"Contreras, Roansy","Castro, Miguel",True,2,0.0
"Contreras, Roansy","Harrington, Thomas",True,3,0.0
"Contreras, Roansy","Contreras, Luis",True,4,0.0
"Contreras, Roansy","Weems, Jordan",True,5,0.0
"Contreras, Roansy","Kopech, Michael",True,6,0.0
"Contreras, Roansy","Rodriguez, Carlos",True,7,0.0
"Contreras, Roansy","Rojas, Miguel",True,8,0.0
"Contreras, Roansy","Pop, Zach",True,9,0.0
"Contreras, Roansy","Nikhazy, Doug",False,10,0.0
"Maeda, Kenta","Otañez, Michel",True,1,0.0
"Maeda, Kenta","Castro, Miguel",True,2,0.0
"Maeda, Kenta","Harrington, Thomas",True,3,0.0
"Maeda, Kenta","Contreras, Luis",True,4,0.0
"Maeda, Kenta","Weems, Jordan",True,5,0.0
"Maeda, Kenta","Kopech, Michael",True,6,0.0
"Maeda, Kenta","Rodriguez, Carlos",True,7,0.0
"Maeda, Kenta","Rojas, Miguel",True,8,0.0
"Maeda, Kenta","Pop, Zach",True,9,0.0
"Maeda, Kenta","Nikhazy, Doug",False,10,0.0
"Saucedo, Tayler","Otañez, Michel",False,1,0.0
"Saucedo, Tayler","Castro, Miguel",False,2,0.0
"Saucedo, Tayler","Harrington, Thomas",False,3,0.0
"Saucedo, Tayler","Contreras, Luis",False,4,0.0
"Saucedo, Tayler","Weems, Jordan",False,5,0.0
"Saucedo, Tayler","Kopech, Michael",False,6,0.0
"Saucedo, Tayler","Rodriguez, Carlos",False,7,0.0
"Saucedo, Tayler","Rojas, Miguel",False,8,0.0
"Saucedo, Tayler","Pop, Zach",False,9,0.0
"Saucedo, Tayler","Nikhazy, Doug",True,10,0.0
"Gervase, Paul","Otañez, Michel",True,1,0.0
"Gervase, Paul","Castro, Miguel",True,2,0.0
"Gervase, Paul","Harrington, Thomas",True,3,0.0
"Gervase, Paul","Contreras, Luis",True,4,0.0
"Gervase, Paul","Weems, Jordan",True,5,0.0
"Gervase, Paul","Kopech, Michael",True,6,0.0
"Gervase, Paul","Rodriguez, Carlos",True,7,0.0
"Gervase, Paul","Rojas, Miguel",True,8,0.0
"Gervase, Paul","Pop, Zach",True,9,0.0
"Gervase, Paul","Nikhazy, Doug",False,10,0.0
"Heineman, Tyler","Otañez, Michel",True,1,0.0
"Heineman, Tyler","Castro, Miguel",True,2,0.0
"Heineman, Tyler","Harrington, Thomas",True,3,0.0
"Heineman, Tyler","Contreras, Luis",True,4,0.0
"Heineman, Tyler","Weems, Jordan",True,5,0.0
"Heineman, Tyler","Kopech, Michael",True,6,0.0
"Heineman, Tyler","Rodriguez, Carlos",True,7,0.0
"Heineman, Tyler","Rojas, Miguel",True,8,0.0
"Heineman, Tyler","Pop, Zach",True,9,0.0
"Heineman, Tyler","Nikhazy, Doug",False,10,0.0
"Hartlieb, Geoff","Otañez, Michel",True,1,0.0
"Hartlieb, Geoff","Castro, Miguel",True,2,0.0
"Hartlieb, Geoff","Harrington, Thomas",True,3,0.0
"Hartlieb, Geoff","Contreras, Luis",True,4,0.0
"Hartlieb, Geoff","Weems, Jordan",True,5,0.0
"Hartlieb, Geoff","Kopech, Michael",True,6,0.0
"Hartlieb, Geoff","Rodriguez, Carlos",True,7,0.0
"Hartlieb, Geoff","Rojas, Miguel",True,8,0.0
"Hartlieb, Geoff","Pop, Zach",True,9,0.0
"Hartlieb, Geoff","Nikhazy, Doug",False,10,0.0
"Maxwell, Zach","Otañez, Michel",True,1,0.0
"Maxwell, Zach","Castro, Miguel",True,2,0.0
"Maxwell, Zach","Harrington, Thomas",True,3,0.0
"Maxwell, Zach","Contreras, Luis",True,4,0.0
"Maxwell, Zach","Weems, Jordan",True,5,0.0
"Maxwell, Zach","Kopech, Michael",True,6,0.0
"Maxwell, Zach","Rodriguez, Carlos",True,7,0.0
"Maxwell, Zach","Rojas, Miguel",True,8,0.0
"Maxwell, Zach","Pop, Zach",True,9,0.0
"Maxwell, Zach","Nikhazy, Doug",False,10,0.0
"Kimbrel, Craig","Otañez, Michel",True,1,0.0
"Kimbrel, Craig","Castro, Miguel",True,2,0.0
"Kimbrel, Craig","Harrington, Thomas",True,3,0.0
"Kimbrel, Craig","Contreras, Luis",True,4,0.0
"Kimbrel, Craig","Weems, Jordan",True,5,0.0
"Kimbrel, Craig","Kopech, Michael",True,6,0.0
"Kimbrel, Craig","Rodriguez, Carlos",True,7,0.0
"Kimbrel, Craig","Rojas, Miguel",True,8,0.0
"Kimbrel, Craig","Pop, Zach",True,9,0.0
"Kimbrel, Craig","Nikhazy, Doug",False,10,0.0
"Estes, Joey","Otañez, Michel",True,1,0.0
"Estes, Joey","Castro, Miguel",True,2,0.0
"Estes, Joey","Harrington, Thomas",True,3,0.0
"Estes, Joey","Contreras, Luis",True,4,0.0
"Estes, Joey","Weems, Jordan",True,5,0.0
"Estes, Joey","Kopech, Michael",True,6,0.0
"Estes, Joey","Rodriguez, Carlos",True,7,0.0
"Estes, Joey","Rojas, Miguel",True,8,0.0
"Estes, Joey","Pop, Zach",True,9,0.0
"Estes, Joey","Nikhazy, Doug",False,10,0.0
"Stephenson, Robert","Otañez, Michel",True,1,0.0
"Stephenson, Robert","Castro, Miguel",True,2,0.0
"Stephenson, Robert","Harrington, Thomas",True,3,0.0
"Stephenson, Robert","Contreras, Luis",True,4,0.0
"Stephenson, Robert","Weems, Jordan",True,5,0.0
"Stephenson, Robert","Kopech, Michael",True,6,0.0
"Stephenson, Robert","Rodriguez, Carlos",True,7,0.0
"Stephenson, Robert","Rojas, Miguel",True,8,0.0
"Stephenson, Robert","Pop, Zach",True,9,0.0
"Stephenson, Robert","Nikhazy, Doug",False,10,0.0
"Basso, Brady","Otañez, Michel",False,1,0.0
"Basso, Brady","Castro, Miguel",False,2,0.0
"Basso, Brady","Harrington, Thomas",False,3,0.0
"Basso, Brady","Contreras, Luis",False,4,0.0
"Basso, Brady","Weems, Jordan",False,5,0.0
"Basso, Brady","Kopech, Michael",False,6,0.0
"Basso, Brady","Rodriguez, Carlos",False,7,0.0
"Basso, Brady","Rojas, Miguel",False,8,0.0
"Basso, Brady","Pop, Zach",False,9,0.0
"Basso, Brady","Nikhazy, Doug",True,10,0.0
"Tate, Dillon","Otañez, Michel",True,1,0.0
"Tate, Dillon","Castro, Miguel",True,2,0.0
"Tate, Dillon","Harrington, Thomas",True,3,0.0
"Tate, Dillon","Contreras, Luis",True,4,0.0
"Tate, Dillon","Weems, Jordan",True,5,0.0
"Tate, Dillon","Kopech, Michael",True,6,0.0
"Tate, Dillon","Rodriguez, Carlos",True,7,0.0
"Tate, Dillon","Rojas, Miguel",True,8,0.0
"Tate, Dillon","Pop, Zach",True,9,0.0
"Tate, Dillon","Nikhazy, Doug",False,10,0.0
"Suárez, Albert","Otañez, Michel",True,1,0.0
"Suárez, Albert","Castro, Miguel",True,2,0.0
"Suárez, Albert","Harrington, Thomas",True,3,0.0
"Suárez, Albert","Contreras, Luis",True,4,0.0
"Suárez, Albert","Weems, Jordan",True,5,0.0
"Suárez, Albert","Kopech, Michael",True,6,0.0
"Suárez, Albert","Rodriguez, Carlos",True,7,0.0
"Suárez, Albert","Rojas, Miguel",True,8,0.0
"Suárez, Albert","Pop, Zach",True,9,0.0
"Suárez, Albert","Nikhazy, Doug",False,10,0.0
"Lee, Dylan","Gordon, Tanner",False,1,0.3792514490297352
"Lee, Dylan","Schultz, Paxton",False,2,0.44579841735751474
"Lee, Dylan","Doval, Camilo",False,3,0.471001161542686
"Lee, Dylan","Cruz, Steven",False,4,0.5306426348295876
"Lee, Dylan","Weaver, Luke",False,5,0.5640881292215865
"Lee, Dylan","Burke, Brock",True,6,0.5647974424237142
"Lee, Dylan","Blewett, Scott",False,7,0.5779902929250392
"Lee, Dylan","Holman, Grant",False,8,0.5839832354002517
"Lee, Dylan","Brieske, Beau",False,9,0.5864044289040177
"Lee, Dylan","Suarez, Robert",False,10,0.598833272388761
"Cruz, Steven","Doval, Camilo",True,1,0.42745595238298806
"Cruz, Steven","Alvarado, Elvis",True,2,0.48267876024870615
"Cruz, Steven","Gordon, Tanner",True,3,0.49097725393691105
"Cruz, Steven","Lee, Dylan",False,4,0.5306426348295876
"Cruz, Steven","Brubaker, JT",True,5,0.6270722242772532
"Cruz, Steven","Suarez, Robert",True,6,0.6590959751806077
"Cruz, Steven","Stratton, Hunter",True,7,0.6774325445863097
"Cruz, Steven","Anderson, Tyler",False,8,0.7027932022945276
"Cruz, Steven","Chivilli, Angel",True,9,0.7079526793835661
"Cruz, Steven","De Los Santos, Enyel",True,10,0.7131184702144528
"Criswell, Cooper","Brazobán, Huascar",True,1,0.6271642110697597
"Criswell, Cooper","Weaver, Luke",True,2,0.6630746857858633
"Criswell, Cooper","Brieske, Beau",True,3,0.7614241805245161
"Criswell, Cooper","Rodriguez, Eduardo",False,4,0.830405480442103
"Criswell, Cooper","Brubaker, JT",True,5,0.8317928177134395
"Criswell, Cooper","Lee, Dylan",False,6,0.8355582217505118
"Criswell, Cooper","Wilson, Justin",False,7,0.8465483307744904
"Criswell, Cooper","Martin, Chris",True,8,0.8680171921554773
"Criswell, Cooper","Hamilton, Ian",True,9,0.8751791614471027
"Criswell, Cooper","Wells, Tyler",True,10,0.8792984220472857
"Lao, Sauryn","Hoeing, Bryan",True,1,0.4209676314980475
"Lao, Sauryn","Brieske, Beau",True,2,0.8797267421583207
"Lao, Sauryn","Henriquez, Edgardo",True,3,0.8869589047399015
"Lao, Sauryn","Suarez, Robert",True,4,0.9242361800288112
"Lao, Sauryn","Darnell, Dugan",True,5,1.0274573746370832
"Lao, Sauryn","Anderson, Ian",True,6,1.065815954181835
"Lao, Sauryn","Herget, Kevin",True,7,1.109109469302876
"Lao, Sauryn","Rangel, Alan",True,8,1.1093489817363953
"Lao, Sauryn","Curtiss, John",True,9,1.110547939840514
"Lao, Sauryn","Anderson, Shaun",True,10,1.1268303558392343
"Darnell, Dugan","Rangel, Alan",True,1,0.5509833788257025
"Darnell, Dugan","Herget, Kevin",True,2,0.5939558440377675
"Darnell, Dugan","Clase, Emmanuel",True,3,0.7683636686236482
"Darnell, Dugan","Winans, Allan",True,4,0.8572719315877354
"Darnell, Dugan","Suarez, Robert",True,5,0.8872694242441203
"Darnell, Dugan","Hoeing, Bryan",True,6,0.9710374825072523
"Darnell, Dugan","Martinez, Justin",True,7,0.9753152012702242
"Darnell, Dugan","Anderson, Ian",True,8,1.0073784441399436
"Darnell, Dugan","Lao, Sauryn",True,9,1.0274573746370832
"Darnell, Dugan","Brieske, Beau",True,10,1.2262225510486338
"Martinez, Justin","Clase, Emmanuel",True,1,0.7050756928833943
"Martinez, Justin","Yesavage, Trey",True,2,0.7185241435769525
"Martinez, Justin","Rangel, Alan",True,3,0.7882625526750628
"Martinez, Justin","Herget, Kevin",True,4,0.7914757570563915
"Martinez, Justin","Blewett, Scott",True,5,0.916507319244952
"Martinez, Justin","Stratton, Hunter",True,6,0.9247939464071725
"Martinez, Justin","Darnell, Dugan",True,7,0.9753152012702242
"Martinez, Justin","Suarez, Robert",True,8,1.0114451054253417
"Martinez, Justin","Wicks, Jordan",False,9,1.0448958262281571
"Martinez, Justin","Granillo, Andre",True,10,1.05621730578982
"Ferrer, José A.","Woodruff, Brandon",False,1,0.29323534823091396
"Ferrer, José A.","Lord, Brad",False,2,0.3604197434327131
"Ferrer, José A.","Alvarado, Elvis",False,3,0.49176713950093015
"Ferrer, José A.","Snider, Collin",False,4,0.5385718911405221
"Ferrer, José A.","De Los Santos, Enyel",False,5,0.5901247882037076
"Ferrer, José A.","Corbin, Patrick",True,6,0.6404551260247728
"Ferrer, José A.","Sánchez, Cristopher",True,7,0.6658096757425789
"Ferrer, José A.","Anderson, Tyler",True,8,0.6707543162992528
"Ferrer, José A.","Ross, Joe",False,9,0.6749546087496994
"Ferrer, José A.","Doval, Camilo",False,10,0.7275680221964725
"Brubaker, JT","Peralta, Wandy",False,1,0.464151926805975
"Brubaker, JT","De Los Santos, Enyel",True,2,0.4735256960017895
"Brubaker, JT","Rodriguez, Eduardo",False,3,0.5063700072505208
"Brubaker, JT","Vargas, Carlos",True,4,0.5225208249189542
"Brubaker, JT","Hamilton, Ian",True,5,0.5640301748833607
"Brubaker, JT","Weaver, Luke",True,6,0.6178968443823462
"Brubaker, JT","Chivilli, Angel",True,7,0.6199164276395802
"Brubaker, JT","Alvarado, Elvis",True,8,0.620734296030351
"Brubaker, JT","Cruz, Steven",True,9,0.6270722242772532
"Brubaker, JT","Doval, Camilo",True,10,0.6361548843586685
"Lord, Brad","Woodruff, Brandon",True,1,0.2741786279664441
"Lord, Brad","Ferrer, José A.",False,2,0.3604197434327131
"Lord, Brad","Snider, Collin",True,3,0.4277451948546161
"Lord, Brad","Alvarado, Elvis",True,4,0.5469788257216756
"Lord, Brad","Corbin, Patrick",False,5,0.5914834045862221
"Lord, Brad","Ross, Joe",True,6,0.5929242362857513
"Lord, Brad","De Los Santos, Enyel",True,7,0.6500900492575807
"Lord, Brad","Doval, Camilo",True,8,0.6574848786818892
"Lord, Brad","Márquez, Germán",True,9,0.6880064450442115
"Lord, Brad","Burke, Brock",False,10,0.702673324952285
"Ross, Joe","Ginn, J.T.",True,1,0.42855335948647183
"Ross, Joe","Vargas, Carlos",True,2,0.5302848102359431
"Ross, Joe","Rodriguez, Eduardo",False,3,0.5695149802835693
"Ross, Joe","Lord, Brad",True,4,0.5929242362857513
"Ross, Joe","De Los Santos, Enyel",True,5,0.6311149791507169
"Ross, Joe","Hanifee, Brenan",True,6,0.6314185601754185
"Ross, Joe","Woodruff, Brandon",True,7,0.6345200435476709
"Ross, Joe","Hamilton, Ian",True,8,0.6427634101574102
"Ross, Joe","Santana, Dennis",True,9,0.6678877529938314
"Ross, Joe","Brubaker, JT",True,10,0.6693114151995218
"Wilson, Justin","Brieske, Beau",False,1,0.5506503157514364
"Wilson, Justin","Holman, Grant",False,2,0.5985215463939405
"Wilson, Justin","Lee, Dylan",True,3,0.6577440735964153
"Wilson, Justin","Blewett, Scott",False,4,0.6706470995560071
"Wilson, Justin","Criswell, Cooper",False,5,0.8465483307744904
"Wilson, Justin","Schultz, Paxton",False,6,0.8653018072620667
"Wilson, Justin","Hiraldo, Yaramil",False,7,0.879350055544927
"Wilson, Justin","Ashcraft, Graham",False,8,0.8803532248583912
"Wilson, Justin","Barnes, Jacob",False,9,0.8947135248730865
"Wilson, Justin","Weaver, Luke",False,10,0.9123189821503851
"Peralta, Wandy","Vargas, Carlos",False,1,0.4241148430369291
"Peralta, Wandy","De Los Santos, Enyel",False,2,0.440002931193119
"Peralta, Wandy","Brubaker, JT",False,3,0.464151926805975
"Peralta, Wandy","King, John",True,4,0.5481502827605808
"Peralta, Wandy","Chivilli, Angel",False,5,0.6491914756824594
"Peralta, Wandy","Sánchez, Cristopher",True,6,0.6757424398512629
"Peralta, Wandy","Ross, Joe",False,7,0.7186394429210795
"Peralta, Wandy","Alvarado, Elvis",False,8,0.7387113232106531
"Peralta, Wandy","Rodriguez, Eduardo",True,9,0.7648694309505268
"Peralta, Wandy","Hamilton, Ian",False,10,0.788905461369209
"Schultz, Paxton","Burke, Brock",False,1,0.3337139822802794
"Schultz, Paxton","Lee, Dylan",False,2,0.44579841735751474
"Schultz, Paxton","Gordon, Tanner",True,3,0.44708433165972555
"Schultz, Paxton","Doval, Camilo",True,4,0.5182392608743526
"Schultz, Paxton","Mattson, Isaac",True,5,0.550707591234035
"Schultz, Paxton","Weaver, Luke",True,6,0.5676296922502759
"Schultz, Paxton","Elder, Bryce",True,7,0.5753211194960343
"Schultz, Paxton","Holman, Grant",True,8,0.5879917874380826
"Schultz, Paxton","Márquez, Germán",True,9,0.6626758196474811
"Schultz, Paxton","Hiraldo, Yaramil",True,10,0.6630048263356446
"Woodruff, Brandon","Lord, Brad",True,1,0.2741786279664441
"Woodruff, Brandon","Ferrer, José A.",False,2,0.29323534823091396
"Woodruff, Brandon","Alvarado, Elvis",True,3,0.48771028483188333
"Woodruff, Brandon","Snider, Collin",True,4,0.5021614790415304
"Woodruff, Brandon","Burke, Brock",False,5,0.5380687411110175
"Woodruff, Brandon","Doval, Camilo",True,6,0.5972168832333056
"Woodruff, Brandon","Corbin, Patrick",False,7,0.6090121993389505
"Woodruff, Brandon","Ross, Joe",True,8,0.6345200435476709
"Woodruff, Brandon","De Los Santos, Enyel",True,9,0.6454966454154352
"Woodruff, Brandon","Márquez, Germán",True,10,0.6845250503088215
"Hoeing, Bryan","Lao, Sauryn",True,1,0.4209676314980475
"Hoeing, Bryan","Anderson, Ian",True,2,0.772606703397311
"Hoeing, Bryan","Winans, Allan",True,3,0.9707148245402062
"Hoeing, Bryan","Darnell, Dugan",True,4,0.9710374825072523
"Hoeing, Bryan","Suarez, Robert",True,5,1.020140738747138
"Hoeing, Bryan","Henriquez, Edgardo",True,6,1.0682227068422128
"Hoeing, Bryan","Rangel, Alan",True,7,1.1453212774352644
"Hoeing, Bryan","Brieske, Beau",True,8,1.1469959185989527
"Hoeing, Bryan","Herget, Kevin",True,9,1.1595486413857965
"Hoeing, Bryan","Chivilli, Angel",True,10,1.1764369242202672
"Burke, Brock","Schultz, Paxton",False,1,0.3337139822802794
"Burke, Brock","Doval, Camilo",False,2,0.5051351388925304
"Burke, Brock","Woodruff, Brandon",False,3,0.5380687411110175
"Burke, Brock","Gordon, Tanner",False,4,0.5470315369089361
"Burke, Brock","Lee, Dylan",True,5,0.5647974424237142
"Burke, Brock","Weaver, Luke",False,6,0.5970251996936188
"Burke, Brock","Brazobán, Huascar",False,7,0.6360809232374707
"Burke, Brock","Hamilton, Ian",False,8,0.6408839674099911
"Burke, Brock","Rodriguez, Eduardo",True,9,0.6462067121545803
"Burke, Brock","Lord, Brad",False,10,0.702673324952285
"Brazobán, Huascar","Martin, Chris",True,1,0.4009650498794042
"Brazobán, Huascar","Martin, Davis",True,2,0.5406784452491425
"Brazobán, Huascar","Rodriguez, Eduardo",False,3,0.5413842163522685
"Brazobán, Huascar","Weaver, Luke",True,4,0.5989621039492347
"Brazobán, Huascar","Altavilla, Dan",True,5,0.608131452564814
"Brazobán, Huascar","Criswell, Cooper",True,6,0.6271642110697597
"Brazobán, Huascar","Festa, David",True,7,0.6313280171340576
"Brazobán, Huascar","Burke, Brock",False,8,0.6360809232374707
"Brazobán, Huascar","Schultz, Paxton",True,9,0.6856702069556156
"Brazobán, Huascar","Ginn, J.T.",True,10,0.68568093679254
"Chivilli, Angel","Ureña, José",True,1,0.40910031389298235
"Chivilli, Angel","Alvarado, Elvis",True,2,0.6117694460231694
"Chivilli, Angel","Brubaker, JT",True,3,0.6199164276395802
"Chivilli, Angel","Peralta, Wandy",False,4,0.6491914756824594
"Chivilli, Angel","De Los Santos, Enyel",True,5,0.7035619183145327
"Chivilli, Angel","Cruz, Steven",True,6,0.7079526793835661
"Chivilli, Angel","King, John",False,7,0.7913849814835243
"Chivilli, Angel","Suarez, Robert",True,8,0.7993918716747817
"Chivilli, Angel","Anderson, Tyler",False,9,0.8125092981292251
"Chivilli, Angel","Woodruff, Brandon",True,10,0.8280447971076554
"Brieske, Beau","Wilson, Justin",False,1,0.5506503157514364
"Brieske, Beau","Lee, Dylan",False,2,0.5864044289040177
"Brieske, Beau","Suarez, Robert",True,3,0.666841707072163
"Brieske, Beau","Criswell, Cooper",True,4,0.7614241805245161
"Brieske, Beau","Weaver, Luke",True,5,0.8182813034329767
"Brieske, Beau","Holman, Grant",True,6,0.8700893242478154
"Brieske, Beau","Lao, Sauryn",True,7,0.8797267421583207
"Brieske, Beau","Schultz, Paxton",True,8,0.8814338684822964
"Brieske, Beau","Brazobán, Huascar",True,9,0.9070518665641325
"Brieske, Beau","Burke, Brock",False,10,0.9340292992398661
"Hill, Tim","Anderson, Ian",False,1,1.22426468766567
"Hill, Tim","Lao, Sauryn",False,2,1.3227317619441297
"Hill, Tim","Anderson, Shaun",False,3,1.3412447351777441
"Hill, Tim","Hoeing, Bryan",False,4,1.371152185427352
"Hill, Tim","Brieske, Beau",False,5,1.3712205665297823
"Hill, Tim","Curtiss, John",False,6,1.467663029861827
"Hill, Tim","Winans, Allan",False,7,1.5593783195993778
"Hill, Tim","Yates, Kirby",False,8,1.570017613668577
"Hill, Tim","Wilson, Justin",True,9,1.6485124101764688
"Hill, Tim","Henriquez, Edgardo",False,10,1.6862504087615322
"Suarez, Robert","Lee, Dylan",False,1,0.598833272388761
"Suarez, Robert","Cruz, Steven",True,2,0.6590959751806077
"Suarez, Robert","Brieske, Beau",True,3,0.666841707072163
"Suarez, Robert","Chivilli, Angel",True,4,0.7993918716747817
"Suarez, Robert","Doval, Camilo",True,5,0.8549821301922507
"Suarez, Robert","Gordon, Tanner",True,6,0.8688910886956748
"Suarez, Robert","Darnell, Dugan",True,7,0.8872694242441203
"Suarez, Robert","Alvarado, Elvis",True,8,0.8977673126732227
"Suarez, Robert","Rangel, Alan",True,9,0.8980398099381752
"Suarez, Robert","Burke, Brock",False,10,0.901486853830404
"Winans, Allan","Anderson, Ian",True,1,0.40198589750248404
"Winans, Allan","Darnell, Dugan",True,2,0.8572719315877354
"Winans, Allan","Hoeing, Bryan",True,3,0.9707148245402062
"Winans, Allan","Lao, Sauryn",True,4,1.2726592999670823
"Winans, Allan","Rangel, Alan",True,5,1.3221168945516346
"Winans, Allan","Herget, Kevin",True,6,1.3663824006660614
"Winans, Allan","Suarez, Robert",True,7,1.3666219356136429
"Winans, Allan","Hill, Tim",False,8,1.5593783195993778
"Winans, Allan","Clase, Emmanuel",True,9,1.6103829828524205
"Winans, Allan","Brieske, Beau",True,10,1.6205183641768772
"Anderson, Ian","Winans, Allan",True,1,0.40198589750248404
"Anderson, Ian","Hoeing, Bryan",True,2,0.772606703397311
"Anderson, Ian","Darnell, Dugan",True,3,1.0073784441399436
"Anderson, Ian","Lao, Sauryn",True,4,1.065815954181835
"Anderson, Ian","Hill, Tim",False,5,1.22426468766567
"Anderson, Ian","Suarez, Robert",True,6,1.328907812855863
"Anderson, Ian","Brieske, Beau",True,7,1.4472976710618113
"Anderson, Ian","Rangel, Alan",True,8,1.4491339483356853
"Anderson, Ian","Herget, Kevin",True,9,1.4855114905680618
"Anderson, Ian","Henriquez, Edgardo",True,10,1.647472246861956
"Henriquez, Edgardo","Dunning, Dane",True,1,0.38763950137596875
"Henriquez, Edgardo","Rodriguez, Eduardo",False,2,0.5992714515228638
"Henriquez, Edgardo","Brubaker, JT",True,3,0.6511451713784686
"Henriquez, Edgardo","Peralta, Wandy",False,4,0.7893956593767026
"Henriquez, Edgardo","Chivilli, Angel",True,5,0.8593106583621061
"Henriquez, Edgardo","Lao, Sauryn",True,6,0.8869589047399015
"Henriquez, Edgardo","Vargas, Carlos",True,7,0.9152675220333087
"Henriquez, Edgardo","Brieske, Beau",True,8,0.9404741773462526
"Henriquez, Edgardo","De Los Santos, Enyel",True,9,0.9682274910719338
"Henriquez, Edgardo","Weaver, Luke",True,10,0.9822579080356052
"Rodriguez, Eduardo","Brubaker, JT",False,1,0.5063700072505208
"Rodriguez, Eduardo","Brazobán, Huascar",False,2,0.5413842163522685
"Rodriguez, Eduardo","Ross, Joe",False,3,0.5695149802835693
"Rodriguez, Eduardo","Henriquez, Edgardo",False,4,0.5992714515228638
"Rodriguez, Eduardo","Burke, Brock",True,5,0.6462067121545803
"Rodriguez, Eduardo","Weaver, Luke",False,6,0.6919781183348152
"Rodriguez, Eduardo","Hamilton, Ian",False,7,0.701830574870066
"Rodriguez, Eduardo","Vargas, Carlos",False,8,0.7189028614768138
"Rodriguez, Eduardo","De Los Santos, Enyel",False,9,0.7484380382143697
"Rodriguez, Eduardo","Martin, Chris",False,10,0.7505657657051912
"Dunning, Dane","Henriquez, Edgardo",True,1,0.38763950137596875
"Dunning, Dane","Brubaker, JT",True,2,0.7658274046101197
"Dunning, Dane","Rodriguez, Eduardo",False,3,0.8134065787361876
"Dunning, Dane","Peralta, Wandy",False,4,0.8314543858637118
"Dunning, Dane","Chivilli, Angel",True,5,0.8387948206589744
"Dunning, Dane","Ureña, José",True,6,1.0136784164458712
"Dunning, Dane","Vargas, Carlos",True,7,1.062116067185311
"Dunning, Dane","De Los Santos, Enyel",True,8,1.1162134882278874
"Dunning, Dane","King, John",False,9,1.1204491213326166
"Dunning, Dane","Lao, Sauryn",True,10,1.1301720527607462
"Ureña, José","Chivilli, Angel",True,1,0.40910031389298235
"Ureña, José","Alvarado, Elvis",True,2,0.8586372699540601
"Ureña, José","Peralta, Wandy",False,3,0.9036516025323801
"Ureña, José","Ferrer, José A.",False,4,0.9121605367882855
"Ureña, José","Woodruff, Brandon",True,5,0.9201127545172212
"Ureña, José","Brubaker, JT",True,6,0.9391809837210537
"Ureña, José","De Los Santos, Enyel",True,7,0.9682036941156016
"Ureña, José","Suarez, Robert",True,8,0.9722913509188347
"Ureña, José","Lord, Brad",True,9,0.991494910253143
"Ureña, José","Anderson, Tyler",False,10,0.9945436186453626
