player_name,pitcher,pitch_type,pitches_vs_same,pitches_vs_opposite,score_vs_same,score_vs_opposite,confidence_vs_same,confidence_vs_opposite,trusted_score_vs_same,trusted_score_vs_opposite,platoon_gap,platoon_gap_abs,weaker_side
"Sánchez, Cristopher",650911,SI,106.0,289.0,66.70644391408115,3.579952267303103,70.66666666666667,100.0,61.14589098043438,3.579952267303103,-57.565938713131274,57.565938713131274,opposite
"Warren, Will",701542,FF,105.0,192.0,76.84964200477327,13.842482100238662,70.0,100.0,68.11975344088144,13.842482100238662,-54.27727134064278,54.27727134064278,opposite
"Castillo, Luis",622491,FF,159.0,200.0,58.94988066825776,11.336515513126491,100.0,100.0,58.94988066825776,11.336515513126491,-47.61336515513127,47.61336515513127,opposite
"Morejon, Adrian",670970,SI,92.0,99.0,91.64677804295943,18.377088305489263,61.33333333333333,66.0,74.67336240362242,28.36388285750175,-46.30947954612067,46.30947954612067,opposite
"Corbin, Patrick",571578,SI,86.0,158.0,44.272076372315034,2.983293556085919,57.333333333333336,100.0,45.75599619573995,2.983293556085919,-42.77270263965403,42.77270263965403,opposite
"Hill, Tim",657612,SI,114.0,114.0,63.0071599045346,6.801909307875895,76.0,76.0,59.34544475747842,16.629454304017802,-42.71599045346062,42.71599045346062,opposite
"Skubal, Tarik",669373,CH,31.0,250.0,98.09069212410502,98.68735083532219,20.666666666666668,100.0,58.15375371603233,98.68735083532219,40.533597119289865,40.533597119289865,same
"Kikuchi, Yusei",579328,SL,91.0,203.0,68.97374701670644,20.644391408114558,60.66666666666667,100.0,60.62574515046566,20.644391408114558,-39.981353742351104,39.981353742351104,opposite
"Ferrer, José A.",678606,SI,81.0,119.0,66.70644391408115,10.739856801909307,54.0,79.33333333333333,57.98648590449872,18.388622510931263,-39.59786339356746,39.59786339356746,opposite
"Sánchez, Cristopher",650911,CH,33.0,308.0,99.88066825775657,98.56801909307876,22.0,100.0,59.21875751431084,98.56801909307876,39.34926157876792,39.34926157876792,same
"Crochet, Garrett",676979,ST,33.0,144.0,99.28400954653938,99.64200477326969,22.0,96.0,59.08749259784306,97.56632512067759,38.47883252283453,38.47883252283453,same
"Valdez, Framber",664285,CU,36.0,234.0,99.0453460620525,96.4200477326969,24.0,100.0,60.06089328332765,96.4200477326969,36.35915444936925,36.35915444936925,same
"Kirby, George",669923,FF,73.0,99.0,94.74940334128878,27.565632458233893,48.66666666666667,66.0,70.62304986810703,34.42832199831321,-36.19472786979382,36.19472786979382,opposite
"Rodríguez, Yariel",684320,SL,107.0,31.0,92.24343675417661,30.071599045346066,71.33333333333334,20.666666666666668,79.48865540940658,44.09647447975548,-35.3921809296511,35.3921809296511,opposite
"Springs, Jeffrey",605488,FF,62.0,213.0,50.11933174224343,13.484486873508352,41.333333333333336,100.0,48.729331682428025,13.484486873508352,-35.24484480891967,35.24484480891967,opposite
"Freeland, Kyle",607536,FF,40.0,205.0,5.13126491646778,1.431980906921241,26.666666666666668,100.0,36.38501384726734,1.431980906921241,-34.9530329403461,34.9530329403461,opposite
"Valdez, Framber",664285,SI,94.0,285.0,30.310262529832936,2.983293556085919,62.66666666666667,100.0,36.82110287652305,2.983293556085919,-33.83780932043713,33.83780932043713,opposite
"Williams, Gavin",668909,CU,31.0,125.0,84.00954653937947,96.89737470167064,20.666666666666668,83.33333333333334,55.24365029518905,88.7061478278034,33.46249753261436,33.46249753261436,same
"Mikolas, Miles",571945,FF,58.0,101.0,51.07398568019092,0.7159904534606205,38.666666666666664,67.33333333333333,49.03528271753369,16.08043796842943,-32.95484474910426,32.95484474910426,opposite
"Kirby, George",669923,ST,81.0,79.0,29.713603818615752,91.76610978520287,54.0,52.666666666666664,38.0103522529474,70.93182419054797,32.92147193760057,32.92147193760057,same
"Ashby, Aaron",676879,SI,58.0,88.0,68.97374701670644,5.847255369928401,38.666666666666664,58.666666666666664,55.95652376765302,23.167062046524425,-32.78946172112859,32.78946172112859,opposite
"Peterson, David",656849,SI,78.0,140.0,26.25298329355609,1.5513126491646778,52.0,93.33333333333333,36.57155777271341,4.631226036451515,-31.940331736261896,31.940331736261896,opposite
"Suarez, Robert",663158,FF,91.0,87.0,66.82577565632458,12.649164677804295,60.66666666666667,57.99999999999999,59.32264252516733,27.391521165682704,-31.931121359484628,31.931121359484628,opposite
"Sale, Chris",519242,SL,51.0,205.0,99.64200477326969,96.77804295942721,34.0,100.0,65.39329050550003,96.77804295942721,31.384752453927177,31.384752453927177,same
"Irvin, Jake",663623,FF,77.0,171.0,21.121718377088307,2.983293556085919,51.33333333333333,100.0,34.08082198335936,2.983293556085919,-31.09752842727344,31.09752842727344,opposite
"Greene, Hunter",668881,FF,123.0,120.0,63.961813842482094,25.53699284009546,82.0,80.0,61.043689773359404,29.979596963769804,-31.0640928095896,31.0640928095896,opposite
"Dollander, Chase",801403,FF,83.0,125.0,40.453460620525064,6.801909307875895,55.333333333333336,83.33333333333334,43.71258755480587,13.626593332974434,-30.085994221831438,30.085994221831438,opposite
"Gore, MacKenzie",669022,FF,66.0,242.0,30.071599045346066,9.904534606205251,44.0,100.0,39.97151111669389,9.904534606205251,-30.066976510488637,30.066976510488637,opposite
"Priester, Quinn",682990,FC,52.0,76.0,87.708830548926,15.75178997613365,34.66666666666667,50.66666666666667,61.60240338315957,31.537580227418186,-30.064823155741383,30.064823155741383,opposite
"Pivetta, Nick",601713,FF,160.0,197.0,22.434367541766107,52.02863961813843,100.0,100.0,22.434367541766107,52.02863961813843,29.59427207637232,29.59427207637232,same
"Allen, Logan",671106,FF,33.0,169.0,54.295942720763726,19.689737470167064,22.0,100.0,49.19011789617242,19.689737470167064,-29.500380426005353,29.500380426005353,opposite
"Berríos, José",621244,SI,157.0,88.0,2.983293556085919,21.71837708830549,100.0,58.666666666666664,2.983293556085919,32.47812012130565,29.494826565219732,29.494826565219732,same
"Keller, Mitch",656605,FF,83.0,159.0,39.856801909307876,13.961813842482101,55.333333333333336,100.0,43.38243640126569,13.961813842482101,-29.42062255878359,29.42062255878359,opposite
"Domínguez, Seranthony",622554,FF,60.0,71.0,86.0381861575179,18.138424821002385,40.0,47.333333333333336,63.06528253808746,33.733861503400504,-29.331421034686954,29.331421034686954,opposite
"Flaherty, Jack",656427,FF,151.0,184.0,38.66348448687351,9.427207637231504,100.0,100.0,38.66348448687351,9.427207637231504,-29.236276849642003,29.236276849642003,opposite
"Holmes, Clay",605280,ST,84.0,35.0,92.24343675417661,29.594272076372313,56.00000000000001,23.333333333333332,72.66633050406446,43.513673802645044,-29.152656701419417,29.152656701419417,opposite
"Alcantara, Sandy",645261,FC,41.0,60.0,91.76610978520287,5.011933174224343,27.333333333333332,40.0,59.78107978777493,30.654781344770043,-29.126298443004885,29.126298443004885,opposite
"Ryan, Joe",657746,FF,149.0,205.0,68.37708830548927,39.140811455847256,99.33333333333333,100.0,68.23957447317578,39.140811455847256,-29.098763017328523,29.098763017328523,opposite
"Martin, Davis",663436,SL,86.0,55.0,81.98090692124104,23.15035799522673,57.333333333333336,36.666666666666664,67.37572571045753,38.73013978861234,-28.64558592184519,28.64558592184519,opposite
"Kershaw, Clayton",477132,SL,55.0,167.0,60.62052505966587,24.105011933174225,36.666666666666664,100.0,52.46920104557336,24.105011933174225,-28.36418911239913,28.36418911239913,opposite
"Kikuchi, Yusei",579328,FF,40.0,191.0,80.90692124105013,28.520286396181383,26.666666666666668,100.0,56.591855533822624,28.520286396181383,-28.07156913764124,28.07156913764124,opposite
"Falter, Bailey",663559,FF,49.0,222.0,21.71837708830549,11.455847255369928,32.666666666666664,100.0,39.246345577547686,11.455847255369928,-27.790498322177758,27.790498322177758,opposite
"Jansen, Kenley",445276,FC,85.0,90.0,50.11933174224343,3.8186157517899764,56.666666666666664,60.0,49.09262715260705,21.391174834460855,-27.701452318146195,27.701452318146195,opposite
"Rodón, Carlos",607074,FF,54.0,260.0,55.36992840095465,23.269689737470166,36.0,100.0,50.49318283776266,23.269689737470166,-27.223493100292494,27.223493100292494,opposite
"Holmes, Grant",656550,SL,125.0,72.0,91.76610978520287,68.01909307875896,83.33333333333334,48.0,84.43009373074693,57.47917167620723,-26.950922054539703,26.950922054539703,opposite
"Crochet, Garrett",676979,SI,53.0,70.0,90.09546539379475,22.434367541766107,35.333333333333336,46.666666666666664,62.71207314228292,35.93604536400668,-26.776027778276237,26.776027778276237,opposite
"Imanaga, Shota",684007,FF,79.0,190.0,12.529832935560858,2.863961813842482,52.666666666666664,100.0,29.200718383069848,2.863961813842482,-26.336756569227365,26.336756569227365,opposite
"Bello, Brayan",678394,SI,143.0,141.0,50.11933174224343,22.434367541766107,95.33333333333334,94.0,50.00876355566721,23.953306296768172,-26.055457258899036,26.055457258899036,opposite
"Pomeranz, Drew",519141,FF,80.0,90.0,62.88782816229117,18.138424821002385,53.333333333333336,60.0,55.82351463383997,29.9830602759883,-25.84045435785167,25.84045435785167,opposite
"Schreiber, John",670167,FF,48.0,42.0,98.68735083532219,13.842482100238662,32.0,28.000000000000004,64.04996141906078,38.25590467816319,-25.794056740897588,25.794056740897588,opposite
"Ragans, Cole",666142,FF,36.0,81.0,23.031026252983295,84.00954653937947,24.0,54.0,41.817456529151045,67.33016132215982,25.51270479300878,25.51270479300878,same
"Kelly, Merrill",518876,FF,58.0,85.0,50.11933174224343,4.6539379474940334,38.666666666666664,56.666666666666664,48.66614986152732,23.32890400224906,-25.337245859278262,25.337245859278262,opposite
"King, Bryan",687911,FF,44.0,130.0,26.849642004773273,69.57040572792363,29.333333333333332,86.66666666666667,41.619237832050295,66.66102009199611,25.041782259945812,25.041782259945812,same
"Strider, Spencer",675911,SL,101.0,91.0,95.4653937947494,59.785202863961814,67.33333333333333,60.66666666666667,79.87836955156388,55.05136169780059,-24.82700785376329,24.82700785376329,opposite
"Ginn, J.T.",669372,SI,135.0,90.0,60.381861575178995,25.41766109785203,90.0,60.0,59.118676763507814,34.35060204209809,-24.768074721409725,24.768074721409725,opposite
"Gusto, Ryan",687473,FF,82.0,104.0,62.52983293556086,23.86634844868735,54.666666666666664,69.33333333333334,55.829648105945054,31.190672385019823,-24.63897572092523,24.63897572092523,opposite
"Lugo, Seth",607625,FF,40.0,80.0,46.06205250596659,1.1933174224343674,26.666666666666668,53.333333333333336,47.29989053780035,22.91977557258301,-24.38011496521734,24.38011496521734,opposite
"Fedde, Erick",607200,FC,70.0,109.0,42.36276849642005,10.739856801909307,46.666666666666664,72.66666666666667,45.23596580951185,20.855966288035123,-24.37999952147673,24.37999952147673,opposite
"Bibee, Tanner",676440,FC,78.0,59.0,64.55847255369929,8.1145584725537,52.0,39.33333333333333,56.49041218798787,32.16006783067454,-24.33034435731333,24.33034435731333,opposite
"Fried, Max",608331,SI,75.0,73.0,62.171837708830544,12.649164677804295,50.0,48.66666666666667,54.96092558364886,30.667600385211237,-24.29332519843762,24.29332519843762,opposite
"Sugano, Tomoyuki",608372,FF,41.0,75.0,63.961813842482094,8.83054892601432,27.333333333333332,50.0,52.18123889676458,28.290281192240748,-23.890957704523835,23.890957704523835,opposite
"Peralta, Wandy",593974,SI,79.0,71.0,52.74463007159904,2.983293556085919,52.666666666666664,47.333333333333336,50.380511541383285,26.560432704673378,-23.820078836709907,23.820078836709907,opposite
"Pfaadt, Brandon",694297,SI,138.0,78.0,12.17183770883055,30.54892601431981,92.0,52.0,15.018091768801478,38.80544798751055,23.78735621870907,23.78735621870907,same
"Patrick, Chad",694477,FC,116.0,102.0,63.36515513126491,30.54892601431981,77.33333333333333,68.0,59.825723018764094,36.05327399644696,-23.772449022317133,23.772449022317133,opposite
"Bassitt, Chris",605135,SI,171.0,158.0,36.39618138424821,12.649164677804295,100.0,100.0,36.39618138424821,12.649164677804295,-23.747016706443915,23.747016706443915,opposite
"Kershaw, Clayton",477132,FF,30.0,111.0,0.8353221957040573,2.983293556085919,20.0,74.0,38.367075205914546,14.622640730705044,-23.744434475209502,23.744434475209502,opposite
"Cantillo, Joey",676282,FF,55.0,123.0,26.730310262529834,9.427207637231504,36.666666666666664,82.0,40.04278895329015,16.325312685053927,-23.717476268236222,23.717476268236222,opposite
"Pfaadt, Brandon",694297,ST,105.0,40.0,80.5489260143198,45.10739856801909,70.0,26.666666666666668,70.70925224756401,47.04531615434769,-23.66393609321632,23.66393609321632,opposite
"Woo, Bryan",693433,FF,118.0,191.0,77.80429594272077,48.32935560859188,78.66666666666666,100.0,71.39271567941334,48.32935560859188,-23.06336007082146,23.06336007082146,opposite
"Castillo, Luis",622491,SL,84.0,53.0,92.95942720763723,54.17661097852029,56.00000000000001,35.333333333333336,73.0672851580024,50.02074458221928,-23.046540575783126,23.046540575783126,opposite
"Mikolas, Miles",571945,SI,108.0,41.0,22.434367541766107,63.126491646778035,72.0,27.333333333333332,29.522748398442403,51.95291749660548,22.430169098163077,22.430169098163077,same
"Ashcraft, Graham",668933,FC,76.0,83.0,12.291169451073985,55.72792362768496,50.66666666666667,55.333333333333336,29.784199161387953,52.16445708543435,22.380257924046397,22.380257924046397,same
"Burns, Chase",695505,FF,50.0,54.0,68.01909307875896,4.41527446300716,33.33333333333333,36.0,54.50637333189776,32.14950742010157,-22.35686591179619,22.35686591179619,opposite
"Schwellenbach, Spencer",680885,FF,55.0,89.0,59.546539379474936,17.42243436754177,36.666666666666664,59.333333333333336,52.075406296170016,29.755649864518098,-22.319756431651918,22.319756431651918,opposite
"Heaney, Andrew",571760,FF,57.0,177.0,3.579952267303103,8.711217183770884,38.0,100.0,30.965390205824825,8.711217183770884,-22.25417302205394,22.25417302205394,opposite
"Kinley, Tyler",641755,SL,109.0,81.0,76.49164677804295,45.94272076372315,72.66666666666667,54.0,68.63560033735891,46.7740754033054,-21.861524934053506,21.861524934053506,opposite
"Civale, Aaron",650644,FC,71.0,84.0,62.29116945107399,21.002386634844868,47.333333333333336,56.00000000000001,54.63282729496774,32.77134243723868,-21.86148485772906,21.86148485772906,opposite
"Keller, Brad",641745,FF,47.0,76.0,3.8186157517899764,63.60381861575179,31.333333333333336,50.66666666666667,33.98484217704165,55.78260807149138,21.797765894449732,21.797765894449732,same
"Sugano, Tomoyuki",608372,FS,36.0,141.0,98.80668257756562,83.7708830548926,24.0,94.0,60.0036140470508,81.60963087910707,21.60601683205627,21.60601683205627,same
"Milner, Hoby",571948,SI,66.0,50.0,68.97374701670644,10.978520286396181,44.0,33.33333333333333,57.088456224092454,35.492849067776845,-21.59560715631561,21.59560715631561,opposite
"Ober, Bailey",641927,CH,58.0,137.0,77.56563245823389,84.00954653937947,38.666666666666664,91.33333333333333,59.2787194717103,80.86705367236706,21.58833420065676,21.58833420065676,same
"Warren, Will",701542,ST,83.0,50.0,62.05250596658711,6.801909307875895,55.333333333333336,33.33333333333333,55.664059312960205,34.10064540827008,-21.563413904690123,21.563413904690123,opposite
"Zerpa, Angel",672582,SI,74.0,46.0,62.76849642004774,1.7899761336515514,49.333333333333336,30.666666666666664,55.15913171951358,33.655602012190386,-21.503529707323196,21.503529707323196,opposite
"Schwellenbach, Spencer",680885,SL,64.0,32.0,92.00477326968974,35.56085918854415,42.66666666666667,21.333333333333336,66.63204431125547,45.14966054755026,-21.482383763705208,21.482383763705208,opposite
"Rodriguez, Eduardo",593958,FF,61.0,262.0,15.155131264916468,55.96658711217184,40.666666666666664,100.0,34.49476136642322,55.96658711217184,21.471825745748617,21.471825745748617,same
"Hendricks, Kyle",543294,CH,122.0,175.0,56.56324582338902,76.25298329355608,81.33333333333333,100.0,54.91810911527027,76.25298329355608,21.334874178285816,21.334874178285816,same
"Eisert, Brandon",685126,SL,94.0,34.0,69.57040572792363,13.961813842482101,62.66666666666667,22.666666666666664,61.42412594732655,40.09135487884389,-21.332771068482664,21.332771068482664,opposite
"Stewart, Brock",592779,FF,43.0,40.0,93.1980906921241,16.706443914081145,28.666666666666668,26.666666666666668,60.77846226544883,39.4717282466309,-21.306734018817927,21.306734018817927,opposite
"Kremer, Dean",665152,FS,41.0,119.0,97.01670644391407,91.05011933174224,27.333333333333332,79.33333333333333,61.216242874489325,82.10143078459872,20.885187910109394,20.885187910109394,same
"Uribe, Abner",682842,SI,81.0,79.0,13.365155131264917,52.02863961813843,54.0,52.666666666666664,29.18218996177795,50.00342323589403,20.821233274116082,20.821233274116082,same
"King, John",667463,SI,74.0,63.0,50.11933174224343,1.1933174224343674,49.333333333333336,42.0,48.918877145130125,28.1962011233334,-20.722676021796726,20.722676021796726,opposite
"Smith, Shane",681343,CH,31.0,76.0,91.05011933174224,24.701670644391406,20.666666666666668,50.66666666666667,56.698702005610684,36.07218643266878,-20.626515572941905,20.626515572941905,opposite
"Fried, Max",608331,ST,39.0,30.0,93.1980906921241,3.9379474940334127,26.0,20.0,59.56651353921797,38.98760026558042,-20.578913273637554,20.578913273637554,opposite
"Graceffo, Gordon",700669,FF,64.0,31.0,2.983293556085919,54.41527446300716,42.66666666666667,20.666666666666668,28.649546300117834,49.127500732738774,20.47795443262094,20.47795443262094,same
"Kirby, George",669923,SI,118.0,63.0,23.86634844868735,51.3126491646778,78.66666666666666,42.0,28.961530317440378,49.24632045507564,20.284790137635262,20.284790137635262,same
"Palencia, Daniel",694037,FF,92.0,74.0,50.11933174224343,9.904534606205251,61.33333333333333,49.333333333333336,49.20319533918328,29.07957722468462,-20.12361811449866,20.12361811449866,opposite
"Rea, Colin",607067,FF,118.0,172.0,24.58233890214797,9.427207637231504,78.66666666666666,100.0,29.524776140829402,9.427207637231504,-20.0975685035979,20.0975685035979,opposite
"Whitlock, Garrett",676477,SI,71.0,53.0,20.644391408114558,68.25775656324582,47.333333333333336,35.333333333333336,34.92001902130027,54.9960826888223,20.07606366752203,20.07606366752203,same
"Keller, Mitch",656605,ST,118.0,47.0,72.79236276849642,46.77804295942721,78.66666666666666,31.333333333333336,67.44999491569018,47.44546270210132,-20.004532213588867,20.004532213588867,opposite
"Rodón, Carlos",607074,SL,70.0,188.0,99.0453460620525,91.64677804295943,46.666666666666664,100.0,71.68783534014032,91.64677804295943,19.9589427028191,19.9589427028191,same
"Paddack, Chris",663978,FF,131.0,143.0,30.071599045346066,10.739856801909307,87.33333333333333,95.33333333333334,32.31086487100807,12.466997445882003,-19.84386742512607,19.84386742512607,opposite
"Sánchez, Cristopher",650911,SL,45.0,71.0,97.01670644391407,37.70883054892602,30.0,47.333333333333336,62.53002135410124,42.997186881284364,-19.532834472816873,19.532834472816873,opposite
"May, Dustin",669160,ST,104.0,102.0,66.70644391408115,95.70405727923628,69.33333333333334,68.0,60.89313857435953,80.35876325659018,19.465624682230647,19.465624682230647,same
"Bivens, Spencer",702352,SI,76.0,46.0,64.08114558472555,11.336515513126491,50.66666666666667,30.666666666666664,56.02445373577142,36.583207421896034,-19.441246313875382,19.441246313875382,opposite
"Warren, Will",701542,SI,139.0,31.0,29.594272076372313,60.023866348448685,92.66666666666666,20.666666666666668,30.925693111059275,50.28660972239669,19.360916611337416,19.360916611337416,same
"Elder, Bryce",693821,SL,150.0,107.0,47.97136038186158,75.05966587112172,100.0,71.33333333333334,47.97136038186158,67.23089884616076,19.259538464299176,19.259538464299176,same
"Mahle, Tyler",641816,FF,93.0,53.0,20.644391408114558,54.653937947494036,62.0,35.333333333333336,30.944527787248553,50.18940011125667,19.244872324008114,19.244872324008114,same
"O'Brien, Riley",676617,SI,69.0,37.0,19.689737470167064,73.26968973747017,46.0,24.666666666666668,34.842286503849124,54.04486694062125,19.202580436772124,19.202580436772124,same
"Morton, Charlie",450203,FF,58.0,89.0,40.453460620525064,10.739856801909307,38.666666666666664,59.333333333333336,44.928679694462886,25.79065384224284,-19.138025852220046,19.138025852220046,opposite
"Allen, Logan",671106,SI,50.0,45.0,65.8711217183771,4.176610978520286,33.33333333333333,30.0,53.79038287843714,34.6779927144831,-19.11239016395404,19.11239016395404,opposite
"Williams, Gavin",668909,FF,91.0,156.0,22.434367541766107,13.365155131264917,60.66666666666667,100.0,32.391854935668526,13.365155131264917,-19.02669980440361,19.02669980440361,opposite
"Kelly, Merrill",518876,FC,44.0,74.0,7.875894988066825,62.52983293556086,29.333333333333332,49.333333333333336,36.0536053738164,55.04139106716673,18.987785693350325,18.987785693350325,same
"Hurter, Brant",676428,SI,79.0,81.0,45.704057279236274,10.978520286396181,52.666666666666664,54.0,46.672476537405565,27.893407145548835,-18.77906939185673,18.77906939185673,opposite
"Scherzer, Max",453286,SL,70.0,36.0,92.48210023866349,56.921241050119335,46.666666666666664,24.0,68.62498728922546,49.95110808046369,-18.673879208761768,18.673879208761768,opposite
"Santana, Dennis",642701,SL,90.0,44.0,93.31742243436753,77.80429594272077,60.0,29.333333333333332,75.09045884400739,56.56593632051489,-18.524522523492493,18.524522523492493,opposite
"Anderson, Tyler",542881,FF,63.0,176.0,3.579952267303103,10.739856801909307,42.0,100.0,29.198587758178267,10.739856801909307,-18.45873095626896,18.45873095626896,opposite
"Burke, Sean",680732,FF,113.0,150.0,39.37947494033413,59.785202863961814,75.33333333333333,100.0,41.44420777480695,59.785202863961814,18.340995089154866,18.340995089154866,same
"Bibee, Tanner",676440,FF,61.0,128.0,15.393794749403341,10.859188544152746,40.666666666666664,85.33333333333334,34.59181785011455,16.269842864918857,-18.321974985195695,18.321974985195695,opposite
"Patrick, Chad",694477,FF,41.0,73.0,99.16467780429595,39.02147971360382,27.333333333333332,48.66666666666667,61.80335504632704,43.50212703596701,-18.301228010360035,18.301228010360035,opposite
"Cannon, Jonathan",686563,FF,39.0,51.0,83.7708830548926,21.71837708830549,26.0,34.0,57.11543955353778,38.899257092612196,-18.216182460925587,18.216182460925587,opposite
"Martin, Davis",663436,CH,52.0,121.0,51.07398568019092,26.610978520286395,34.66666666666667,80.66666666666666,48.90232382866474,30.697858608334684,-18.204465220330057,18.204465220330057,opposite
"Jackson, Luke",592426,SL,74.0,48.0,62.41050119331742,13.484486873508352,49.333333333333336,32.0,54.982520740993294,36.78504495128035,-18.197475789712946,18.197475789712946,opposite
"Littell, Zack",641793,FS,88.0,140.0,85.20286396181385,52.02863961813843,58.666666666666664,93.33333333333333,69.72235242043055,51.743397874160344,-17.97895454627021,17.97895454627021,opposite
"Megill, Trevor",656730,FF,56.0,72.0,30.668257756563243,71.71837708830549,37.333333333333336,48.0,41.37282466308971,59.254828000789566,17.882003337699857,17.882003337699857,same
"Brown, Hunter",686613,SI,140.0,39.0,68.97374701670644,55.60859188544153,93.33333333333333,26.0,67.55883144615716,49.793243849480504,-17.765587596676653,17.765587596676653,opposite
"Rogers, Taylor",573124,ST,55.0,51.0,97.97136038186157,50.11933174224343,36.666666666666664,34.0,66.16450733037846,48.5555816749511,-17.608925655427356,17.608925655427356,opposite
"Glasnow, Tyler",607192,SI,62.0,35.0,10.978520286396181,57.51789976133651,41.333333333333336,23.333333333333332,32.55112961401117,50.029186929136685,17.47805731512552,17.47805731512552,same
"Boyd, Matthew",571510,FF,76.0,262.0,29.952267303102627,21.360381861575178,50.66666666666667,100.0,38.73248873974913,21.360381861575178,-17.372106878173952,17.372106878173952,opposite
"Bergert, Ryan",686701,FF,40.0,95.0,19.451073985680193,8.711217183770884,26.666666666666668,63.33333333333333,40.20362959905731,23.025442484492856,-17.17818711456445,17.17818711456445,opposite
"Springs, Jeffrey",605488,SL,55.0,80.0,27.565632458233893,1.6706443914081146,36.666666666666664,53.333333333333336,40.349073758381635,23.174349956035677,-17.17472380234596,17.17472380234596,opposite
"Fluharty, Mason",689254,ST,58.0,36.0,91.8854415274463,47.37470167064439,38.666666666666664,24.0,64.81571231180577,47.65993862938971,-17.15577368241606,17.15577368241606,opposite
"Lugo, Seth",607625,FC,31.0,64.0,3.9379474940334127,66.70644391408115,20.666666666666668,42.66666666666667,38.695519825817534,55.83809045286247,17.142570627044933,17.142570627044933,same
"Keller, Mitch",656605,SL,67.0,59.0,66.2291169451074,25.29832935560859,44.666666666666664,39.33333333333333,56.004013015833145,38.919017711342796,-17.08499530449035,17.08499530449035,opposite
"Henriquez, Ronny",678692,FF,42.0,39.0,71.71837708830549,8.47255369928401,28.000000000000004,26.0,54.461155274821905,37.537873921079544,-16.92328135374236,16.92328135374236,opposite
"Brown, Hunter",686613,KC,42.0,98.0,97.25536992840095,94.86873508353221,28.000000000000004,65.33333333333333,61.61151327004863,78.53424492017633,16.9227316501277,16.9227316501277,same
"Blewett, Scott",656240,SL,57.0,39.0,24.821002386634845,79.11694510739858,38.0,26.0,39.03698925117089,55.90541568718933,16.868426436018446,16.868426436018446,same
"Rutledge, Jackson",671131,SI,86.0,31.0,1.1933174224343674,0.0,57.333333333333336,20.666666666666668,21.057507731141698,37.88167734371729,16.824169612575595,16.824169612575595,same
"Soto, Gregory",642397,SI,70.0,67.0,43.914081145584724,6.563245823389022,46.666666666666664,44.666666666666664,45.959911712455366,29.353257248132266,-16.6066544643231,16.6066544643231,opposite
"Johnson, Pierce",572955,CU,100.0,79.0,63.0071599045346,35.56085918854415,66.66666666666666,52.666666666666664,57.921444422512124,41.33039220964105,-16.591052212871077,16.591052212871077,opposite
"Quantrill, Cal",615698,FS,48.0,65.0,23.74701670644391,68.25775656324582,32.0,43.333333333333336,40.06905449781972,56.63670213720459,16.567647639384866,16.567647639384866,same
"Rasmussen, Drew",656876,FF,52.0,162.0,64.79713603818615,37.11217183770883,34.66666666666667,100.0,53.659682619436424,37.11217183770883,-16.547510781727595,16.547510781727595,opposite
"Lodolo, Nick",666157,CU,53.0,118.0,91.76610978520287,88.54415274463007,35.333333333333336,78.66666666666666,63.30236749391379,79.84140303024866,16.539035536334865,16.539035536334865,same
"Quintana, Jose",500779,SI,69.0,185.0,13.126491646778044,15.393794749403341,46.0,100.0,31.823193425090174,15.393794749403341,-16.429398675686834,16.429398675686834,opposite
"Yamamoto, Yoshinobu",808967,FS,94.0,139.0,93.67541766109785,96.4200477326969,62.66666666666667,92.66666666666666,76.52993342544906,92.85091188592004,16.320978460470982,16.320978460470982,same
"Priester, Quinn",682990,SL,143.0,52.0,68.25775656324582,57.279236276849645,95.33333333333334,34.66666666666667,67.30072855168949,51.053477368839765,-16.247251182849723,16.247251182849723,opposite
"Buttó, José",676130,SL,66.0,35.0,90.21479713603819,58.233890214797135,44.0,23.333333333333332,66.43451827659842,50.1962513682775,-16.238266908320924,16.238266908320924,opposite
"Wacha, Michael",608379,FF,58.0,119.0,63.36515513126491,34.96420047732697,38.666666666666664,79.33333333333333,53.78786823861563,37.60660182676261,-16.181266411853017,16.181266411853017,opposite
"Giolito, Lucas",608337,SL,111.0,41.0,75.17899761336515,62.88782816229117,74.0,27.333333333333332,68.04746173309168,51.88768281084573,-16.15977892224595,16.15977892224595,opposite
"Kelly, Michael",547184,ST,74.0,31.0,23.50835322195704,67.78042959427208,49.333333333333336,20.666666666666668,35.790794408455504,51.88963279320019,16.09883838474469,16.09883838474469,same
"Smith, Cade",671922,FF,110.0,97.0,63.36515513126491,90.21479713603819,73.33333333333333,64.66666666666666,59.201117351852176,75.21057356996309,16.009456218110913,16.009456218110913,same
"Ortiz, Luis",682847,FF,38.0,76.0,66.70644391408115,25.6563245823389,25.333333333333336,50.66666666666667,52.55230917388937,36.55587776122884,-15.996431412660527,15.996431412660527,opposite
"Brown, Ben",676962,KC,124.0,89.0,92.00477326968974,82.81622911694511,82.66666666666667,59.333333333333336,84.33394823574449,68.55596808249742,-15.777980153247071,15.777980153247071,opposite
"Cannon, Jonathan",686563,SI,90.0,43.0,2.983293556085919,9.069212410501192,60.0,28.666666666666668,20.889981517038418,36.661517158050266,15.771535641011848,15.771535641011848,same
"Romero, JoJo",668941,ST,69.0,35.0,91.64677804295943,66.82577565632458,46.0,23.333333333333332,67.94252516733361,52.20102463796724,-15.741500529366377,15.741500529366377,opposite
"Elder, Bryce",693821,SI,161.0,110.0,23.15035799522673,35.56085918854415,100.0,73.33333333333333,23.15035799522673,38.811300327190295,15.660942331963565,15.660942331963565,same
"Melton, Troy",675512,FF,38.0,61.0,60.501193317422434,17.30310262529833,25.333333333333336,40.666666666666664,50.98031235606916,35.36826971964518,-15.612042636423986,15.612042636423986,opposite
"Freeland, Kyle",607536,ST,43.0,61.0,56.085918854415276,91.8854415274463,28.666666666666668,40.666666666666664,50.139639671972304,65.69842087318534,15.558781201213037,15.558781201213037,same
"Keller, Mitch",656605,SI,98.0,37.0,7.398568019093078,3.8186157517899764,65.33333333333333,24.666666666666668,21.387069104742764,36.91360202415346,15.526532919410698,15.526532919410698,same
"Koenig, Jared",657649,SI,73.0,83.0,76.6109785202864,45.10739856801909,48.66666666666667,55.333333333333336,61.79568312188586,46.287766552419235,-15.507916569466623,15.507916569466623,opposite
"Schlittler, Cam",693645,FF,67.0,122.0,38.66348448687351,61.813842482100235,44.666666666666664,81.33333333333333,43.69136385115534,59.188594397688725,15.497230546533387,15.497230546533387,same
"Roupp, Landen",694738,CU,96.0,71.0,92.60143198090692,75.65632458233891,64.0,47.333333333333336,76.45492131282862,60.959000723766465,-15.495920589062152,15.495920589062152,opposite
"Montero, Keider",672456,FF,38.0,88.0,40.453460620525064,18.377088305489263,25.333333333333336,58.666666666666664,45.9015534061885,30.51789736872013,-15.383656037468366,15.383656037468366,opposite
"Freeland, Kyle",607536,KC,35.0,149.0,98.68735083532219,75.17899761336515,23.333333333333332,99.33333333333333,59.635392179733344,74.99613771899917,15.360745539265821,15.360745539265821,same
"Vodnik, Victor",680767,FF,56.0,70.0,30.190930787589497,0.8353221957040573,37.333333333333336,46.666666666666664,41.19462259467284,25.856490869177726,-15.338131725495117,15.338131725495117,opposite
"Williams, Devin",642207,CH,87.0,61.0,94.74940334128878,77.20763723150358,57.99999999999999,40.666666666666664,75.0096595905037,59.729447126168644,-15.280212464335058,15.280212464335058,opposite
"Pepiot, Ryan",686752,FF,148.0,145.0,29.116945107398568,44.39140811455847,98.66666666666667,96.66666666666667,29.36538601874615,44.5033616260221,15.137975607275948,15.137975607275948,same
"Alcala, Jorge",660896,FF,60.0,48.0,52.62529832935561,6.563245823389022,40.0,32.0,49.700127406822546,34.57024781524216,-15.129879591580384,15.129879591580384,opposite
"Alexander, Tyler",641302,FF,36.0,68.0,62.52983293556086,22.315035799522672,24.0,45.33333333333333,51.297170132969654,36.219490253078995,-15.07767987989066,15.07767987989066,opposite
"Littell, Zack",641793,SI,89.0,43.0,10.859188544152746,23.98568019093079,59.333333333333336,28.666666666666668,25.861457342640612,40.93757125510675,15.076113912466134,15.076113912466134,same
"Bellozo, Valente",678368,FF,54.0,49.0,46.89737470167065,1.0739856801909307,36.0,32.666666666666664,47.44306350602042,32.502511050896935,-14.940552455123488,14.940552455123488,opposite
"Mlodzinski, Carmen",669387,FF,58.0,102.0,35.08353221957041,18.85441527446301,38.666666666666664,68.0,42.85230737942709,28.10100669334434,-14.75130068608275,14.75130068608275,opposite
"Maton, Phil",664208,FC,35.0,39.0,33.17422434367542,91.05011933174224,23.333333333333332,26.0,44.348995998349096,59.00804098551869,14.659044987169594,14.659044987169594,same
"Sands, Cole",663485,FF,37.0,49.0,74.46300715990454,23.50835322195704,24.666666666666668,32.666666666666664,54.33921857148839,39.83107111454053,-14.50814745694786,14.50814745694786,opposite
"Cease, Dylan",656302,SL,176.0,134.0,93.43675417661098,82.81622911694511,100.0,89.33333333333333,93.43675417661098,79.0758327800408,-14.360921396570177,14.360921396570177,opposite
"Miller, Mason",695243,FF,68.0,56.0,84.00954653937947,53.341288782816235,45.33333333333333,37.333333333333336,64.18766845514742,49.83742291289083,-14.350245542256587,14.350245542256587,opposite
"Ferguson, Tyler",621053,FF,82.0,40.0,52.2673031026253,3.221957040572793,54.666666666666664,26.666666666666668,50.21946513060695,35.875865080362004,-14.343600050244945,14.343600050244945,opposite
"Ober, Bailey",641927,SL,74.0,44.0,11.455847255369928,35.56085918854415,49.333333333333336,29.333333333333332,29.844891464939195,44.17452820595642,14.329636741017225,14.329636741017225,same
"Suarez, Ranger",624133,SI,64.0,135.0,55.60859188544153,35.56085918854415,42.66666666666667,90.0,51.1030069206429,36.77977461553645,-14.323232305106444,14.323232305106444,opposite
"Peralta, Freddy",642547,FF,203.0,215.0,44.272076372315034,29.952267303102627,100.0,100.0,44.272076372315034,29.952267303102627,-14.319809069212408,14.319809069212408,opposite
"Yamamoto, Yoshinobu",808967,FF,111.0,111.0,37.23150357995227,56.56324582338902,74.0,74.0,39.96631614836615,54.27180540850934,14.30548926014319,14.30548926014319,same
"Herget, Jimmy",623474,ST,66.0,57.0,84.00954653937947,52.14797136038186,44.0,38.0,63.704208014068584,49.42123746119475,-14.282970552873834,14.282970552873834,opposite
"Bednar, David",670280,FF,69.0,60.0,54.17661097852029,19.570405727923628,46.0,40.0,50.70624831769161,36.478170366249756,-14.228077951441854,14.228077951441854,opposite
"Baz, Shane",669358,KC,149.0,94.0,65.8711217183771,99.16467780429595,99.33333333333333,62.66666666666667,65.7503143299777,79.9698697818532,14.219555451875507,14.219555451875507,same
"Ortiz, Luis",682847,SL,54.0,37.0,79.83293556085918,37.11217183770883,36.0,24.666666666666668,59.2998654153283,45.12601252534678,-14.173852889981518,14.173852889981518,opposite
"Mears, Nick",683232,SL,60.0,35.0,92.48210023866349,63.84248210023866,40.0,23.333333333333332,65.6428481705457,51.504922808213855,-14.137925362331849,14.137925362331849,opposite
"Pfaadt, Brandon",694297,FF,56.0,98.0,19.451073985680193,10.023866348448687,37.333333333333336,65.33333333333333,37.18507605529337,23.102264013255095,-14.082812042038277,14.082812042038277,opposite
"Holmes, Clay",605280,SI,160.0,152.0,10.739856801909307,24.821002386634845,100.0,100.0,10.739856801909307,24.821002386634845,14.081145584725538,14.081145584725538,same
"Schlittler, Cam",693645,FC,33.0,36.0,80.5489260143198,19.212410501193318,22.0,24.0,54.96577422075475,40.900988748721446,-14.064785472033307,14.064785472033307,opposite
"Márquez, Germán",608566,FF,88.0,141.0,0.35799522673031026,3.221957040572793,58.666666666666664,94.0,19.946696095848214,5.893640425646458,-14.053055670201756,14.053055670201756,opposite
"Holmes, Clay",605280,SL,39.0,35.0,68.37708830548927,10.620525059665871,26.0,23.333333333333332,53.113052918692915,39.08646616541354,-14.026586753279375,14.026586753279375,opposite
"Webb, Jacob",657097,FF,69.0,42.0,18.85441527446301,50.23866348448688,46.0,28.000000000000004,34.45803829382526,48.44683546575269,13.98879717192743,13.98879717192743,same
"Burke, Sean",680732,KC,33.0,82.0,38.424821002386636,69.33174224343675,22.0,54.666666666666664,45.69847111812946,59.54802519425054,13.84955407612108,13.84955407612108,same
"Parker, Mitchell",680730,FF,108.0,308.0,2.983293556085919,1.6706443914081146,72.0,100.0,15.51797512875267,1.6706443914081146,-13.847330737344556,13.847330737344556,opposite
"Vásquez, Randy",681190,FF,31.0,72.0,44.272076372315034,17.42243436754177,20.666666666666668,48.0,47.03123979399573,33.19277549482298,-13.838464299172749,13.838464299172749,opposite
"Rodríguez, Randy",678495,SL,55.0,55.0,58.711217183770884,96.4200477326969,36.666666666666664,36.666666666666664,51.769121491078536,65.5956926923514,13.82657120127287,13.82657120127287,same
"Horton, Cade",690990,FF,100.0,141.0,15.75178997613365,10.501193317422434,66.66666666666666,94.0,26.41786447024483,12.736122525885122,-13.681741944359707,13.681741944359707,opposite
"Eovaldi, Nathan",543135,FF,48.0,53.0,44.74940334128878,6.324582338902148,32.0,35.333333333333336,46.78981822097008,33.11302779622087,-13.676790424749214,13.676790424749214,opposite
"Junk, Janson",676083,SL,70.0,69.0,56.085918854415276,26.610978520286395,46.666666666666664,46.0,51.640102643242955,38.026057386904014,-13.61404525633894,13.61404525633894,opposite
"Berríos, José",621244,CH,33.0,109.0,90.33412887828163,79.23627684964201,22.0,72.66666666666667,57.118518850826355,70.63003152272088,13.511512671894529,13.511512671894529,same
"Severino, Luis",622663,FF,79.0,95.0,26.49164677804296,9.188544152744631,52.666666666666664,63.33333333333333,36.553940340110415,23.327749564842897,-13.226190775267519,13.226190775267519,opposite
"Burke, Brock",656271,FF,30.0,76.0,4.176610978520286,56.56324582338902,20.0,50.66666666666667,39.035332962477796,52.21538452336091,13.180051560883115,13.180051560883115,same
"Alcantara, Sandy",645261,CH,74.0,100.0,87.58949880668257,57.51789976133651,49.333333333333336,66.66666666666666,67.40415956358676,54.261937660380056,-13.142221903206703,13.142221903206703,opposite
"Sterner, Justin",686993,FF,82.0,62.0,19.212410501193318,41.766109785202865,54.666666666666664,41.333333333333336,32.149457175157465,45.276666606851265,13.1272094316938,13.1272094316938,same
"López, Pablo",641154,FF,42.0,86.0,45.58472553699284,23.86634844868735,28.000000000000004,57.333333333333336,47.14373284045436,34.05671218619341,-13.087020654260954,13.087020654260954,opposite
"Kremer, Dean",665152,FC,109.0,38.0,71.71837708830549,64.9164677804296,72.66666666666667,25.333333333333336,65.16702436281635,52.09884855336432,-13.068175809452029,13.068175809452029,opposite
"Francis, Bowden",670102,FF,75.0,99.0,14.319809069212411,2.6252983293556085,50.0,66.0,31.034911263839792,17.967701473253538,-13.067209790586254,13.067209790586254,opposite
"Evans, Logan",688138,FC,62.0,35.0,57.51789976133651,9.188544152744631,41.333333333333336,23.333333333333332,51.78740646365317,38.752337287131915,-13.035069176521255,13.035069176521255,opposite
"Bido, Osvaldo",674370,SL,72.0,42.0,42.959427207637226,85.91885441527445,48.0,28.000000000000004,45.4505320580688,58.43728892637321,12.986756868304411,12.986756868304411,same
"Martinez, Nick",607259,CH,56.0,76.0,56.443914081145586,79.59427207637232,37.333333333333336,50.66666666666667,50.99573635760045,63.88443782487245,12.888701467272,12.888701467272,same
"Vásquez, Randy",681190,FC,63.0,86.0,45.704057279236274,23.86634844868735,42.0,57.333333333333336,46.8907118631902,34.05671218619341,-12.83399967699679,12.83399967699679,opposite
"Yates, Kirby",489446,FF,59.0,34.0,65.75178997613365,22.434367541766107,39.33333333333333,22.666666666666664,54.83071222208265,42.01180038401493,-12.81891183806772,12.81891183806772,opposite
"Bubic, Kris",663460,ST,33.0,68.0,78.52028639618138,90.81145584725537,22.0,45.33333333333333,54.5194735047643,67.27120067471782,12.751727169953519,12.751727169953519,same
"Mize, Casey",663554,FS,49.0,143.0,80.78758949880668,72.31503579952268,32.666666666666664,95.33333333333334,58.54228829831141,71.16866809027341,12.626379791962002,12.626379791962002,same
"Senga, Kodai",673540,FO,67.0,104.0,98.68735083532219,98.68735083532219,44.666666666666664,69.33333333333334,70.50202415346241,83.06656737308667,12.564543219624255,12.564543219624255,same
"Ashcraft, Graham",668933,SL,79.0,40.0,97.13603818615752,98.68735083532219,52.666666666666664,26.666666666666668,73.75998648171742,61.333303425628515,-12.426683056088905,12.426683056088905,opposite
"Faucher, Calvin",676534,FC,44.0,60.0,17.899761336515514,56.801909307875896,29.333333333333332,40.0,38.99393950269469,51.37077179823066,12.376832295535976,12.376832295535976,same
"Walker, Ryan",676254,SL,66.0,33.0,83.29355608591885,62.64916467780429,44.0,22.0,63.38917221454591,51.027826726721344,-12.361345487824565,12.361345487824565,opposite
"Paddack, Chris",663978,CH,55.0,124.0,56.085918854415276,36.63484486873509,36.666666666666664,82.66666666666667,50.806512103648146,38.561474090955315,-12.24503801269283,12.24503801269283,opposite
"Adam, Jason",592094,CH,34.0,67.0,55.011933174224346,78.52028639618138,22.666666666666664,44.666666666666664,49.396048594038795,61.494068703979515,12.09802010994072,12.09802010994072,same
"Baz, Shane",669358,FF,151.0,110.0,40.453460620525064,54.295942720763726,100.0,73.33333333333333,40.453460620525064,52.55036158415132,12.096900963626254,12.096900963626254,same
"Cruz, Fernando",518585,FS,76.0,57.0,99.64200477326969,85.20286396181385,50.66666666666667,38.0,74.04195572463378,61.98209664973891,-12.059859074894874,12.059859074894874,opposite
"Santillan, Tony",663574,FF,93.0,108.0,37.58949880668258,22.315035799522672,62.0,72.0,41.45049437436072,29.436829544027134,-12.013664830333589,12.013664830333589,opposite
"Burrows, Mike",681347,CH,38.0,80.0,99.0453460620525,94.63007159904535,25.333333333333336,53.333333333333336,60.744831051375456,72.7527111334422,12.007880082066748,12.007880082066748,same
"deGrom, Jacob",594798,SL,168.0,112.0,68.97374701670644,92.24343675417661,100.0,74.66666666666667,68.97374701670644,80.97176951926356,11.99802250255712,11.99802250255712,same
"Abbott, Andrew",671096,FF,87.0,239.0,51.07398568019092,37.70883054892602,57.99999999999999,100.0,49.67791734706695,37.70883054892602,-11.969086798140935,11.969086798140935,opposite
"Nola, Aaron",605400,FF,30.0,66.0,18.257756563245824,7.159904534606206,20.0,44.0,41.851562079422905,29.89036553196835,-11.961196547454556,11.961196547454556,opposite
"Leasure, Jordan",673929,SL,73.0,32.0,85.79952267303102,78.52028639618138,48.66666666666667,21.333333333333336,66.26744127622158,54.3143383518462,-11.953102924375372,11.953102924375372,opposite
"Walker, Ryan",676254,SI,73.0,86.0,41.527446300715994,63.24582338902148,48.66666666666667,57.333333333333336,44.72169744169493,56.63427781865164,11.912580376956711,11.912580376956711,same
"Bieber, Shane",669456,FF,31.0,43.0,0.0,54.77326968973747,20.666666666666668,28.666666666666668,37.88167734371729,49.76334691143133,11.881669567714034,11.881669567714034,same
"Peralta, Freddy",642547,CU,36.0,69.0,91.76610978520287,96.4200477326969,24.0,46.0,58.31387657688374,70.13822922461284,11.8243526477291,11.8243526477291,same
"Weaver, Luke",596133,FF,82.0,87.0,50.71599045346063,30.190930787589497,54.666666666666664,57.99999999999999,49.37141421573026,37.56574550935812,-11.805668706372138,11.805668706372138,opposite
"McCullers Jr., Lance",621121,ST,52.0,44.0,62.41050119331742,24.94033412887828,34.66666666666667,29.333333333333332,52.832315873215265,41.059174188454435,-11.77314168476083,11.77314168476083,opposite
"Legumina, Casey",668984,FF,57.0,54.0,69.68973747016707,38.424821002386636,38.0,36.0,56.08710858291313,44.39294417427818,-11.694164408634954,11.694164408634954,opposite
"Quantrill, Cal",615698,SI,77.0,33.0,51.19331742243437,2.983293556085919,51.33333333333333,22.0,49.51757615997033,37.9013350799433,-11.61624108002703,11.61624108002703,opposite
"Bello, Brayan",678394,FC,41.0,57.0,37.11217183770883,9.54653937947494,27.333333333333332,38.0,44.84233674879323,33.23269330845012,-11.609643440343106,11.609643440343106,opposite
"Morton, Charlie",450203,SI,86.0,32.0,11.455847255369928,4.534606205250596,57.333333333333336,21.333333333333336,26.94135816869142,38.53072657778097,11.589368409089548,11.589368409089548,same
"Kahnle, Tommy",592454,CH,111.0,126.0,58.35322195704057,43.31742243436754,74.0,84.0,55.596387747411484,44.02663699822349,-11.569750749187996,11.569750749187996,opposite
"Rasmussen, Drew",656876,FC,82.0,90.0,36.39618138424821,56.56324582338902,54.666666666666664,60.0,41.543251924560806,53.03795287742028,11.494700952859475,11.494700952859475,same
"Gallen, Zac",668678,FF,200.0,153.0,18.377088305489263,6.921241050119331,100.0,100.0,18.377088305489263,6.921241050119331,-11.455847255369932,11.455847255369932,opposite
"Armstrong, Shawn",542888,FF,36.0,40.0,98.21002386634845,50.47732696897375,24.0,26.666666666666668,59.86041595635868,48.47729706126893,-11.383118895089751,11.383118895089751,opposite
"Fermin, José",820862,SL,50.0,31.0,90.81145584725537,62.29116945107399,33.33333333333333,20.666666666666668,62.10382758806324,50.75518569693925,-11.34864189112399,11.34864189112399,opposite
"Dreyer, Jack",676263,SL,60.0,96.0,66.70644391408115,77.32696897374701,40.0,64.0,55.332585640712765,66.67926498824627,11.34667934753351,11.34667934753351,same
"Uceta, Edwin",670955,CH,69.0,71.0,88.90214797136038,63.961813842482094,46.0,47.333333333333336,66.67999533439806,55.42359897356757,-11.256396360830486,11.256396360830486,opposite
"Rodríguez, Yariel",684320,FF,41.0,59.0,22.434367541766107,1.5513126491646778,27.333333333333332,39.33333333333333,40.830403574568884,29.578524473474857,-11.251879101094026,11.251879101094026,opposite
"Brazobán, Huascar",623211,CH,57.0,59.0,92.95942720763723,62.88782816229117,38.0,39.33333333333333,64.92959068315179,53.70422057530461,-11.225370107847176,11.225370107847176,opposite
"Maton, Phil",664208,CU,76.0,49.0,99.16467780429595,93.31742243436753,50.66666666666667,32.666666666666664,73.80011006035376,62.63536705726129,-11.164743003092468,11.164743003092468,opposite
"Yamamoto, Yoshinobu",808967,CU,78.0,73.0,91.64677804295943,71.71837708830549,52.0,48.66666666666667,70.57633104240315,59.41461709165516,-11.161713950747995,11.161713950747995,opposite
"Woods Richardson, Simeon",680573,FF,109.0,116.0,21.71837708830549,37.70883054892602,72.66666666666667,77.33333333333333,28.833691029483017,39.98483200842201,11.151140978938994,11.151140978938994,same
"Myers, Tobias",668964,FF,59.0,48.0,3.9379474940334127,28.520286396181383,39.33333333333333,32.0,30.51726751245656,41.596500798535715,11.079233286079155,11.079233286079155,same
"Pérez, Eury",691587,FF,96.0,122.0,23.86634844868735,15.513126491646778,64.0,81.33333333333333,32.46446785220809,21.530678725453257,-10.933789126754831,10.933789126754831,opposite
"Verlander, Justin",434378,FF,154.0,124.0,25.178997613365155,7.279236276849642,100.0,82.66666666666667,25.178997613365155,14.294170988330015,-10.88482662503514,10.88482662503514,opposite
"Boyle, Joe",671212,FF,47.0,47.0,35.56085918854415,0.8353221957040573,31.333333333333336,31.333333333333336,43.93074512055796,33.0500768628014,-10.880668257756561,10.880668257756561,opposite
"Gil, Luis",661563,FF,60.0,77.0,18.257756563245824,3.579952267303103,40.0,51.33333333333333,35.95311070037863,25.076048713669618,-10.877061986709013,10.877061986709013,opposite
"Leiter Jr., Mark",643410,SI,49.0,32.0,3.221957040572793,30.54892601431981,32.666666666666664,21.333333333333336,33.20418169528834,44.08044813704907,10.876266441760727,10.876266441760727,same
"Crochet, Garrett",676979,FF,33.0,226.0,84.60620525059666,66.70644391408115,22.0,100.0,55.85837565273566,66.70644391408115,10.848068261345489,10.848068261345489,same
"Thompson, Ryan",657044,SI,54.0,45.0,13.723150357995225,42.959427207637226,36.0,30.0,35.50034274229727,46.31283758321818,10.812494840920913,10.812494840920913,same
"Young, Brandon",687064,FF,43.0,70.0,48.80668257756563,25.29832935560859,28.666666666666668,46.666666666666664,48.05292527260873,37.272560877133174,-10.780364395475559,10.780364395475559,opposite
"Imanaga, Shota",684007,ST,43.0,32.0,96.77804295942721,63.48448687350835,28.666666666666668,21.333333333333336,61.80471524874239,51.10670112034262,-10.69801412839977,10.69801412839977,opposite
"Uribe, Abner",682842,SL,92.0,54.0,95.34606205250597,99.16467780429595,61.33333333333333,36.0,76.9422565961443,66.25929262296553,-10.682963973178772,10.682963973178772,opposite
"Varland, Louis",686973,KC,86.0,56.0,95.70405727923628,92.84009546539379,57.333333333333336,37.333333333333336,75.24366524904146,64.58364407438646,-10.660021174655,10.660021174655,opposite
"Muñoz, Andrés",662253,FF,40.0,30.0,52.02863961813843,0.35799522673031026,26.666666666666668,20.0,48.89098043437951,38.2716098121198,-10.619370622259709,10.619370622259709,opposite
"Iglesias, Raisel",628452,FF,32.0,67.0,79.83293556085918,39.37947494033413,21.333333333333336,44.666666666666664,54.59437017364414,44.01117292036775,-10.583197253276388,10.583197253276388,opposite
"Alcantara, Sandy",645261,SL,71.0,36.0,65.75178997613365,39.26014319809069,47.333333333333336,24.0,56.27085434349598,45.71244459597682,-10.558409747519157,10.558409747519157,opposite
"Glasnow, Tyler",607192,SL,51.0,34.0,93.31742243436753,69.57040572792363,34.0,22.666666666666664,63.24293251027329,52.69596903954397,-10.546963470729324,10.546963470729324,opposite
"Bivens, Spencer",702352,FC,41.0,53.0,76.84964200477327,40.453460620525064,27.333333333333332,35.333333333333336,55.70391192779084,45.171898122394296,-10.532013805396545,10.532013805396545,opposite
"Megill, Tylor",656731,FF,53.0,72.0,57.637231503579955,33.17422434367542,35.333333333333336,48.0,51.24349716774036,40.75363468336713,-10.489862484373226,10.489862484373226,opposite
"Leiter, Jack",683004,FF,126.0,137.0,40.453460620525064,29.713603818615752,84.0,91.33333333333333,41.6209090745958,31.27675932073621,-10.34414975385959,10.34414975385959,opposite
"Lee, Dylan",669276,FF,38.0,35.0,10.978520286396181,52.02863961813843,25.333333333333336,23.333333333333332,38.434568521542516,48.74835956239047,10.313791040847953,10.313791040847953,same
"Civale, Aaron",650644,SI,50.0,33.0,4.295942720763723,28.520286396181383,33.33333333333333,22.0,33.265323212566024,43.5194735047643,10.254150292198275,10.254150292198275,same
"Cruz, Steven",674444,FF,48.0,32.0,18.01909307875895,51.19331742243437,32.0,21.333333333333336,38.23611893696054,48.484584970780176,10.24846603381964,10.24846603381964,same
"Romero, JoJo",668941,SI,30.0,43.0,30.54892601431981,0.0,20.0,28.666666666666668,44.3097959696377,34.06167626703992,-10.248119702597776,10.248119702597776,opposite
"Newcomb, Sean",656794,SV,38.0,59.0,86.9928400954654,99.0453460620525,25.333333333333336,39.33333333333333,57.69152953984005,67.9261776158774,10.23464807603736,10.23464807603736,same
"Alexander, Jason",669920,CH,52.0,71.0,99.0453460620525,63.72315035799523,34.66666666666667,47.333333333333336,65.5323954277101,55.31063159091046,-10.221763836799639,10.221763836799639,opposite
"Milner, Hoby",571948,ST,42.0,32.0,69.92840095465394,28.997613365155132,28.000000000000004,21.333333333333336,53.95996195739947,43.7495014385606,-10.210460518838872,10.210460518838872,opposite
"Bazardo, Eduard",660825,SI,98.0,62.0,75.65632458233891,67.42243436754177,65.33333333333333,41.333333333333336,65.98213672606337,55.88128076755134,-10.100855958512035,10.100855958512035,opposite
"Morton, Charlie",450203,CU,115.0,160.0,80.42959427207637,82.81622911694511,76.66666666666667,100.0,72.8043587489009,82.81622911694511,10.011870368044214,10.011870368044214,same
"Martinez, Nick",607259,FF,53.0,92.0,18.85441527446301,14.797136038186157,35.333333333333336,61.33333333333333,37.540235433452374,27.538915307361485,-10.001320126090889,10.001320126090889,opposite
"Singer, Brady",663903,SI,122.0,173.0,29.236276849642007,22.79236276849642,81.33333333333333,100.0,32.69217434995604,22.79236276849642,-9.89981158145962,9.89981158145962,opposite
"Dodd, Dylan",689266,FC,34.0,41.0,55.36992840095465,18.01909307875895,22.666666666666664,27.333333333333332,49.477194178764336,39.6235618880136,-9.853632290750738,9.853632290750738,opposite
"Lorenzen, Michael",547179,CH,33.0,82.0,93.07875894988067,84.00954653937947,22.0,54.666666666666664,57.72233746657814,67.57189154269923,9.849554076121095,9.849554076121095,same
"Crismatt, Nabil",622503,CH,42.0,32.0,98.68735083532219,68.4964200477327,28.000000000000004,21.333333333333336,62.01246792398658,52.175913530843815,-9.836554393142762,9.836554393142762,opposite
"Duran, Jhoan",661395,FS,66.0,61.0,58.830548926014316,35.56085918854415,44.0,40.666666666666664,52.62544906418792,42.793090722031806,-9.832358342156112,9.832358342156112,opposite
"Speier, Gabe",642100,FF,50.0,78.0,83.89021479713604,52.02863961813843,33.33333333333333,52.0,59.79674723802346,49.97489906149623,-9.821848176527226,9.821848176527226,opposite
"Lee, Dylan",669276,SL,80.0,62.0,91.76610978520287,80.78758949880668,53.333333333333336,41.333333333333336,71.22526483272621,61.40554488847417,-9.819719944252043,9.819719944252043,opposite
"Gray, Sonny",543243,SI,118.0,49.0,45.22673031026253,71.71837708830549,78.66666666666666,32.666666666666664,45.76503071521285,55.57967891088102,9.81464819566817,9.81464819566817,same
"Leasure, Jordan",673929,FF,84.0,68.0,41.527446300715994,61.6945107398568,56.00000000000001,45.33333333333333,44.26537585012652,54.071518892697135,9.806143042570618,9.806143042570618,same
"Gray, Sonny",543243,FF,48.0,102.0,0.0,10.859188544152746,32.0,68.0,32.47000915175767,22.66425251673336,-9.805756635024313,9.805756635024313,opposite
"Severino, Luis",622663,SI,128.0,61.0,25.6563245823389,25.41766109785203,85.33333333333334,40.666666666666664,28.896732284171044,38.66819016515035,9.771457880979305,9.771457880979305,same
"Brown, Ben",676962,FF,125.0,111.0,6.563245823389022,14.558472553699284,83.33333333333334,74.0,13.42770709590204,23.188273188938936,9.760566093036896,9.760566093036896,same
"Leiter, Jack",683004,SL,101.0,49.0,40.453460620525064,62.52983293556086,67.33333333333333,32.666666666666664,42.83700121425282,52.57808782098444,9.74108660673162,9.74108660673162,same
"Misiorowski, Jacob",694819,FF,72.0,77.0,51.07398568019092,69.68973747016707,48.0,51.33333333333333,49.34552012489457,59.01240511780645,9.666884992911882,9.666884992911882,same
"Buehler, Walker",621111,SI,68.0,42.0,49.28400954653938,15.75178997613365,45.33333333333333,28.000000000000004,48.44542501839324,38.79051088341379,-9.65491413497945,9.65491413497945,opposite
"Enright, Nic",663671,FF,45.0,41.0,8.711217183770884,40.214797136038186,30.0,27.333333333333332,36.03837457605828,45.690387663669924,9.652013087611643,9.652013087611643,same
"Miller, Mason",695243,SL,66.0,42.0,99.64200477326969,94.98806682577565,44.0,28.000000000000004,70.58248963698028,60.976668401313546,-9.605821235666738,9.605821235666738,opposite
"Bradley, Taj",671737,FF,84.0,142.0,3.221957040572793,11.336515513126491,56.00000000000001,94.66666666666667,22.814301864446318,13.27856873687799,-9.535733127568328,9.535733127568328,opposite
"Bachar, Lake",669199,FF,57.0,60.0,6.563245823389022,32.4582338902148,38.0,40.0,32.09904175713748,41.633301631166226,9.534259874028749,9.534259874028749,same
"Duran, Jhoan",661395,FF,38.0,59.0,57.04057279236277,77.9236276849642,25.333333333333336,39.33333333333333,50.10362182305405,59.618301720889335,9.514679897835286,9.514679897835286,same
"Yamamoto, Yoshinobu",808967,FC,45.0,51.0,29.952267303102627,59.427207637231504,30.0,34.0,42.410689611857805,51.72025947924704,9.309569867389236,9.309569867389236,same
"Kolek, Stephen",663568,SL,43.0,40.0,60.023866348448685,26.25298329355609,28.666666666666668,26.666666666666668,51.26851795359521,42.01747208115755,-9.251045872437658,9.251045872437658,opposite
"Dollander, Chase",801403,CU,49.0,46.0,97.13603818615752,70.28639618138425,32.666666666666664,30.666666666666664,63.88278153617935,54.66117082682841,-9.22161070935094,9.22161070935094,opposite
"Woodruff, Brandon",605540,FF,41.0,60.0,93.1980906921241,56.085918854415276,27.333333333333332,40.0,60.1724879023334,51.084375616846415,-9.088112285486986,9.088112285486986,opposite
"Ray, Robbie",592662,SL,50.0,131.0,63.0071599045346,43.198090692124104,33.33333333333333,87.33333333333333,52.835728940489645,43.77466757586089,-9.061061364628756,9.061061364628756,opposite
"Giolito, Lucas",608337,CH,49.0,91.0,55.36992840095465,66.70644391408115,32.666666666666664,60.66666666666667,50.23918567301308,59.25024793487299,9.011062261859905,9.011062261859905,same
"Casparius, Ben",676508,FC,38.0,42.0,30.54892601431981,64.08114558472555,25.333333333333336,28.000000000000004,43.39240463928317,52.32273045381952,8.930325814536346,8.930325814536346,same
"Scott, Tanner",656945,FF,36.0,98.0,7.756563245823389,46.658711217183765,24.0,65.33333333333333,38.15158540743266,47.03702932749535,8.885443920062684,8.885443920062684,same
"Vesia, Alex",681911,SL,40.0,47.0,91.64677804295943,56.801909307875896,26.666666666666668,31.333333333333336,59.4558173476651,50.58627415794857,-8.86954318971653,8.86954318971653,opposite
"Martinez, Nick",607259,FC,77.0,81.0,35.79952267303103,20.047732696897373,51.33333333333333,54.0,41.615428188609954,32.79078184721948,-8.824646341390476,8.824646341390476,opposite
"Kolek, Stephen",663568,SI,93.0,37.0,15.75178997613365,2.983293556085919,62.0,24.666666666666668,27.91111489942039,36.70755588254646,8.796440983126068,8.796440983126068,same
"Sears, JP",676664,ST,41.0,93.0,77.44630071599046,46.658711217183765,27.333333333333332,62.0,55.86699864219021,47.07340606887146,-8.793592573318747,8.793592573318747,opposite
"Herget, Jimmy",623474,SL,59.0,35.0,33.89021479713604,61.93317422434368,39.33333333333333,23.333333333333332,42.29849265167692,51.05941763717169,8.760924985494768,8.760924985494768,same
"Nelson, Ryne",669194,FF,209.0,196.0,30.906921241050117,39.618138424821005,100.0,100.0,30.906921241050117,39.618138424821005,8.711217183770888,8.711217183770888,same
"Kelly, Kevin",687330,SI,68.0,38.0,3.579952267303103,2.983293556085919,45.33333333333333,25.333333333333336,27.72625238513946,36.409111083197246,8.682858698057785,8.682858698057785,same
"Rogers, Tyler",643511,SI,98.0,124.0,40.214797136038186,52.2673031026253,65.33333333333333,82.66666666666667,42.827005461146896,51.48430623097123,8.657300769824332,8.657300769824332,same
"Smith, Shane",681343,FF,103.0,178.0,50.71599045346063,41.16945107398568,68.66666666666667,100.0,49.78665099502934,41.16945107398568,-8.617199921043664,8.617199921043664,opposite
"deGrom, Jacob",594798,FF,159.0,151.0,38.66348448687351,30.071599045346066,100.0,100.0,38.66348448687351,30.071599045346066,-8.591885441527442,8.591885441527442,opposite
"Orze, Eric",679358,FS,35.0,62.0,87.82816229116945,90.81145584725537,23.333333333333332,41.333333333333336,57.101581519431036,65.54874297916629,8.447161459735256,8.447161459735256,same
"Houser, Adrian",605288,SI,148.0,106.0,10.381861575178998,7.517899761336516,98.66666666666667,70.66666666666667,10.880103600289507,19.31931977916151,8.439216178872003,8.439216178872003,same
"Varland, Louis",686973,FF,70.0,81.0,34.96420047732697,21.121718377088307,46.666666666666664,54.0,41.78330073393508,33.370734114522584,-8.412566619412495,8.412566619412495,opposite
"Hendricks, Kyle",543294,FF,50.0,37.0,65.75178997613365,38.066825775656326,33.33333333333333,24.666666666666668,53.750605631022665,45.361493830040494,-8.389111800982171,8.389111800982171,opposite
"Palencia, Daniel",694037,SL,33.0,30.0,96.4200477326969,59.546539379474936,22.0,20.0,58.457420998797716,50.109318642668725,-8.34810235612899,8.34810235612899,opposite
"Sale, Chris",519242,FF,30.0,163.0,26.13365155131265,35.08353221957041,20.0,100.0,43.42674107703627,35.08353221957041,-8.34320885746586,8.34320885746586,opposite
"Kochanowicz, Jack",686799,SI,122.0,146.0,13.126491646778044,10.26252983293556,81.33333333333333,97.33333333333334,19.589549051626683,11.262196062949734,-8.32735298867695,8.32735298867695,opposite
"Fairbanks, Pete",664126,FF,71.0,56.0,37.23150357995227,12.291169451073985,47.333333333333336,37.333333333333336,42.771252115970114,34.51204502904039,-8.259207086929727,8.259207086929727,opposite
"Ashcraft, Braxton",677952,SL,80.0,31.0,77.20763723150358,84.00954653937947,53.333333333333336,20.666666666666668,63.460746137419925,55.24365029518905,-8.217095842230876,8.217095842230876,opposite
"Gallen, Zac",668678,SL,72.0,36.0,41.16945107398568,0.47732696897374705,48.0,24.0,44.59134351391606,36.40456870098875,-8.186774812927311,8.186774812927311,opposite
"Perkins, Jack",678022,FF,32.0,38.0,10.381861575178998,48.56801909307876,21.333333333333336,25.333333333333336,39.77814105669903,47.95724155256877,8.17910049586974,8.17910049586974,same
"Chivilli, Angel",683409,FF,83.0,62.0,0.23866348448687352,3.8186157517899764,55.333333333333336,41.333333333333336,21.460399806198073,29.591702406373933,8.13130260017586,8.13130260017586,same
"Sugano, Tomoyuki",608372,FC,35.0,45.0,21.241050119331742,0.35799522673031026,23.333333333333332,30.0,41.56458867933557,33.53240798894611,-8.03218069038946,8.03218069038946,opposite
"Skubal, Tarik",669373,FF,31.0,214.0,99.16467780429595,66.2291169451074,20.666666666666668,100.0,58.37571075660512,66.2291169451074,7.853406188502284,7.853406188502284,same
"Weissert, Greg",669711,FF,59.0,51.0,62.41050119331742,41.646778042959426,39.33333333333333,34.0,53.51647196750827,45.67491341719453,-7.841558550313735,7.841558550313735,opposite
"Kremer, Dean",665152,SI,97.0,38.0,50.23866348448688,23.15035799522673,64.66666666666666,25.333333333333336,49.35934047529325,41.51810074111292,-7.841239734180334,7.841239734180334,opposite
"Bibee, Tanner",676440,ST,77.0,50.0,73.0310262529833,63.36515513126491,51.33333333333333,33.33333333333333,60.72760002631878,52.955060682733084,-7.772539343585699,7.772539343585699,opposite
"Doval, Camilo",666808,SL,91.0,72.0,96.4200477326969,93.07875894988067,60.66666666666667,48.0,77.27650091816653,69.50781129434566,-7.768689623820876,7.768689623820876,opposite
"Webb, Logan",657277,SI,185.0,109.0,29.713603818615752,12.291169451073985,100.0,72.66666666666667,29.713603818615752,21.98325347976146,-7.730350338854294,7.730350338854294,opposite
"Quantrill, Cal",615698,FC,42.0,82.0,0.8353221957040573,37.70883054892602,28.000000000000004,54.666666666666664,34.6138999048935,42.260833467918005,7.646933563024504,7.646933563024504,same
"Kremer, Dean",665152,FF,54.0,108.0,0.7159904534606205,13.723150357995225,36.0,72.0,30.817765176664814,23.25067202612737,-7.5670931505374455,7.5670931505374455,opposite
"Lugo, Seth",607625,SI,60.0,43.0,46.89737470167065,20.167064439140812,40.0,28.666666666666668,47.40895795574856,39.84290140626029,-7.566056549488273,7.566056549488273,opposite
"Vesia, Alex",681911,FF,44.0,97.0,67.18377088305489,68.25775656324582,29.333333333333332,64.66666666666666,53.45058230301291,61.0116873328907,7.561105029877794,7.561105029877794,same
"Helsley, Ryan",664854,FF,53.0,68.0,3.221957040572793,29.713603818615752,35.333333333333336,45.33333333333333,32.016766857477826,39.57350775506786,7.556740897590032,7.556740897590032,same
"Sabrowski, Erik",681870,FF,37.0,48.0,83.89021479713604,52.02863961813843,24.666666666666668,32.0,56.664596455338824,49.11917382956197,-7.545422625776851,7.545422625776851,opposite
"Taillon, Jameson",592791,FF,72.0,106.0,1.431980906921241,26.849642004773273,48.0,70.66666666666667,25.517357833725125,32.98041763119015,7.463059797465025,7.463059797465025,same
"Skubal, Tarik",669373,SI,69.0,94.0,52.02863961813843,39.140811455847256,46.0,62.66666666666667,49.718181491915956,42.35491353682536,-7.363267955090599,7.363267955090599,opposite
"Beeks, Jalen",656222,FF,57.0,71.0,15.75178997613365,6.563245823389022,38.0,47.333333333333336,35.59068853518043,28.25494344453018,-7.335745090650253,7.335745090650253,opposite
"Roupp, Landen",694738,SI,95.0,98.0,20.763723150357997,10.381861575178998,63.33333333333333,65.33333333333333,30.65869626333136,23.336154228052234,-7.3225420352791275,7.3225420352791275,opposite
"Singer, Brady",663903,SL,104.0,126.0,77.44630071599046,63.60381861575179,69.33333333333334,84.0,68.33943929034999,61.067209790586254,-7.272229499763732,7.272229499763732,opposite
"Civale, Aaron",650644,CU,46.0,42.0,77.20763723150358,54.17661097852029,30.666666666666664,28.000000000000004,56.78368474886501,49.54946076408205,-7.2342239847829575,7.2342239847829575,opposite
"Luzardo, Jesús",666200,SI,45.0,42.0,27.20763723150358,0.0,30.0,28.000000000000004,41.58730059037809,34.380009690096365,-7.207290900281727,7.207290900281727,opposite
"Alvarado, Elvis",665660,FF,45.0,46.0,59.785202863961814,82.93556085918854,30.0,30.666666666666664,51.36057028011557,58.54024799468839,7.179677714572826,7.179677714572826,same
"Thielbar, Caleb",573204,FF,43.0,64.0,20.52505966587112,46.18138424821002,28.666666666666668,42.66666666666667,39.94552670458964,47.080731662090784,7.135204957501145,7.135204957501145,same
"Cecconi, Slade",677944,FF,85.0,132.0,2.863961813842482,10.739856801909307,56.666666666666664,88.0,22.31458419317985,15.18107560069625,-7.133508592483601,7.133508592483601,opposite
"Leahy, Kyle",681517,FF,36.0,57.0,10.859188544152746,43.198090692124104,24.0,38.0,38.89621547903171,46.020282807256805,7.124067328225095,7.124067328225095,same
"Cease, Dylan",656302,FF,143.0,177.0,49.04534606205251,41.8854415274463,95.33333333333334,100.0,48.98489720721853,41.8854415274463,-7.099455679772234,7.099455679772234,opposite
"Smith, Cade",671922,FS,30.0,47.0,81.62291169451073,91.8854415274463,20.0,31.333333333333336,54.52459310567588,61.57911425341396,7.054521147738079,7.054521147738079,same
"Evans, Logan",688138,ST,43.0,34.0,56.443914081145586,27.684964200477324,28.666666666666668,22.666666666666664,50.24226497030166,43.20193562665614,-7.040329343645524,7.040329343645524,opposite
"Abbott, Andrew",671096,ST,74.0,50.0,78.99761336515513,73.0310262529833,49.333333333333336,33.33333333333333,63.165496079099896,56.17701772330588,-6.988478355794015,6.988478355794015,opposite
"Hanifee, Brenan",669724,SI,132.0,44.0,39.73747016706444,0.0,88.0,29.333333333333332,40.69897536203277,33.74334284398347,-6.955632518049299,6.955632518049299,opposite
"Javier, Cristian",664299,FF,34.0,30.0,45.58472553699284,10.739856801909307,22.666666666666664,20.0,47.25921486293299,40.347982127155596,-6.911232735777396,6.911232735777396,opposite
"Harris, Hogan",663687,FF,61.0,103.0,51.19331742243437,39.73747016706444,40.666666666666664,68.66666666666667,49.15029040381383,42.2480670650373,-6.90222333877653,6.90222333877653,opposite
"Woo, Bryan",693433,SI,152.0,77.0,28.042959427207638,22.79236276849642,100.0,51.33333333333333,28.042959427207638,34.93841943761552,6.895460010407884,6.895460010407884,same
"Bassitt, Chris",605135,CU,46.0,69.0,82.81622911694511,86.0381861575179,30.666666666666664,46.0,58.50365292706707,65.36257290003051,6.858919972963442,6.858919972963442,same
"Verlander, Justin",434378,SL,85.0,96.0,68.13842482100239,76.49164677804295,56.666666666666664,64.0,59.30344656390379,66.14465878299568,6.8412122190918865,6.8412122190918865,same
"Hoffman, Jeff",656546,FF,47.0,67.0,39.140811455847256,26.49164677804296,31.333333333333336,44.666666666666664,45.052463497646265,38.254609674544355,-6.79785382310191,6.79785382310191,opposite
"Montero, Rafael",606160,FF,57.0,30.0,6.801909307875895,3.579952267303103,38.0,20.0,32.18973388124249,38.91600122023436,6.7262673389918675,6.7262673389918675,same
"Clase, Emmanuel",661403,FC,72.0,65.0,42.840095465393794,57.756563245823386,48.0,43.333333333333336,45.39325282179195,52.0861850329882,6.692932211196251,6.692932211196251,same
"Okert, Steven",595345,FF,34.0,71.0,34.96420047732697,27.565632458233893,22.666666666666664,47.333333333333336,44.85189584940873,38.19607311835675,-6.655822731051977,6.655822731051977,opposite
"Williams, Devin",642207,FF,57.0,63.0,63.48448687350835,77.80429594272077,38.0,42.0,53.72911335618282,60.37281210185368,6.643698745670861,6.643698745670861,same
"Soto, Gregory",642397,SL,33.0,62.0,88.42482100238664,85.44152744630071,22.0,41.333333333333336,56.69847111812946,63.32917257343837,6.630701455308909,6.630701455308909,same
"Waldrep, Hurston",694462,FS,33.0,54.0,98.56801909307876,97.13603818615752,22.0,36.0,58.92997469808172,65.52898236043569,6.599007662353969,6.599007662353969,same
"Strahm, Matt",621381,SL,37.0,47.0,93.43675417661098,62.76849642004774,24.666666666666668,31.333333333333336,59.01940950227598,52.455804786429084,-6.563604715846893,6.563604715846893,opposite
"Bergert, Ryan",686701,SL,48.0,40.0,63.72315035799523,91.28878281622912,32.0,26.666666666666668,52.861417266316145,59.36035195387036,6.498934687554211,6.498934687554211,same
"Luzardo, Jesús",666200,ST,97.0,127.0,99.28400954653938,94.74940334128878,64.66666666666666,84.66666666666667,81.07533092875386,87.5428302259228,6.467499297168942,6.467499297168942,same
"Webb, Logan",657277,ST,107.0,88.0,74.7016706443914,69.57040572792363,71.33333333333334,58.666666666666664,66.97552891775979,60.55131025654829,-6.424218661211498,6.424218661211498,opposite
"Crochet, Garrett",676979,FC,31.0,198.0,81.62291169451073,48.32935560859188,20.666666666666668,100.0,54.750412427249515,48.32935560859188,-6.4210568186576324,6.4210568186576324,opposite
"Festa, Matt",670036,FF,30.0,60.0,24.701670644391406,52.2673031026253,20.0,40.0,43.14034489565202,49.55692931613042,6.416584420478401,6.416584420478401,same
"Cameron, Noah",702070,FF,44.0,101.0,0.0,17.42243436754177,29.333333333333332,67.33333333333333,33.74334284398347,27.329443537244067,-6.413899306739403,6.413899306739403,opposite
"Jobe, Jackson",695549,SL,42.0,35.0,63.961813842482094,39.73747016706444,28.000000000000004,23.333333333333332,52.289317565991354,45.880420023806536,-6.4088975421848176,6.4088975421848176,opposite
"Halvorsen, Seth",678020,FF,37.0,39.0,49.28400954653938,24.701670644391406,24.666666666666668,26.0,48.12839916019165,41.75744432680747,-6.370954833384175,6.370954833384175,opposite
"Liberatore, Matthew",669461,SI,37.0,50.0,9.785202863961814,0.5966587112171837,24.666666666666668,33.33333333333333,38.38536017848918,32.03222854271718,-6.353131635772002,6.353131635772002,opposite
"Woods Richardson, Simeon",680573,SL,83.0,47.0,63.84248210023866,56.085918854415276,55.333333333333336,31.333333333333336,56.65451277358073,50.36193048253091,-6.292582291049818,6.292582291049818,opposite
"Brogdon, Connor",641401,FF,44.0,36.0,77.20763723150358,57.637231503579955,29.333333333333332,24.0,56.390916431891185,50.12294578929424,-6.267970642596943,6.267970642596943,opposite
"Eovaldi, Nathan",543135,FS,78.0,102.0,91.76610978520287,72.19570405727923,52.0,68.0,70.63838354836975,64.37308306565937,-6.265300482710373,6.265300482710373,opposite
"Fedde, Erick",607200,ST,95.0,53.0,55.72792362768496,44.39140811455847,63.33333333333333,35.333333333333336,52.80268989897177,46.56330623695277,-6.2393836620190015,6.2393836620190015,opposite
"Snell, Blake",605483,FF,33.0,98.0,44.1527446300716,56.085918854415276,22.0,65.33333333333333,46.95861431622015,53.19613831715327,6.237524000933121,6.237524000933121,same
"Sousa, Bennett",656986,SL,42.0,70.0,99.0453460620525,91.8854415274463,28.000000000000004,46.666666666666664,62.11270658747107,68.3465465573241,6.233839969853037,6.233839969853037,same
"Henriquez, Ronny",678692,SL,38.0,44.0,74.34367541766109,91.8854415274463,25.333333333333336,29.333333333333332,54.48707448812962,60.69640569203439,6.2093312039047674,6.2093312039047674,same
"Kelly, Merrill",518876,CH,91.0,144.0,95.4653937947494,71.47971360381862,60.66666666666667,96.0,76.69734419581172,70.53052559800457,-6.166818597807151,6.166818597807151,opposite
"Barlow, Scott",605130,FF,30.0,31.0,10.739856801909307,41.766109785202865,20.0,20.666666666666668,40.347982127155596,46.513340032659215,6.165357905503619,6.165357905503619,same
"Bello, Brayan",678394,ST,73.0,45.0,76.0143198090692,73.15035799522673,48.66666666666667,30.0,61.505309215760164,55.37011681949504,-6.135192396265126,6.135192396265126,opposite
"Kittredge, Andrew",552640,SL,82.0,61.0,92.72076372315036,93.1980906921241,54.666666666666664,40.666666666666664,72.33402360316065,66.23223153348765,-6.101792069672996,6.101792069672996,opposite
"Sasaki, Roki",808963,FO,30.0,31.0,63.84248210023866,92.72076372315036,20.0,20.666666666666668,50.96850718682147,57.043968513168366,6.075461326346897,6.075461326346897,same
"Martin, Davis",663436,FF,72.0,87.0,39.02147971360382,30.071599045346066,48.0,57.99999999999999,43.56031726093276,37.49653309885693,-6.063784162075834,6.063784162075834,opposite
"Wentz, Joey",666214,FF,62.0,134.0,3.8186157517899764,20.644391408114558,41.333333333333336,89.33333333333333,29.591702406373933,23.53565776015217,-6.056044646221764,6.056044646221764,opposite
"Montgomery, Mason",682254,FF,41.0,90.0,29.236276849642007,49.40334128878281,27.333333333333332,60.0,42.689592118721635,48.742010156656555,6.05241803793492,6.05241803793492,same
"Sheehan, Emmet",686218,FF,91.0,61.0,19.689737470167064,20.763723150357997,60.66666666666667,40.666666666666664,30.72677935889844,36.77558873316944,6.048809374271002,6.048809374271002,same
"Henry, Cole",669371,FF,68.0,69.0,53.10262529832935,39.97613365155131,45.33333333333333,46.0,50.17653082587135,44.174028747285874,-6.002502078585479,6.002502078585479,opposite
"Webb, Jacob",657097,CH,36.0,63.0,75.41766109785203,77.80429594272077,24.0,42.0,54.39024889191954,60.37281210185368,5.982563209934142,5.982563209934142,same
"Williams, Trevor",592866,ST,48.0,48.0,81.62291169451073,63.126491646778035,32.0,32.0,58.58934089400111,52.670486478726644,-5.918854415274467,5.918854415274467,opposite
"Lord, Brad",695418,SL,70.0,33.0,56.56324582338902,40.09546539379475,46.666666666666664,22.0,51.86285522876403,46.06601288423924,-5.796842344524791,5.796842344524791,opposite
"Márquez, Germán",608566,KC,78.0,92.0,76.0143198090692,81.14558472553699,52.0,61.33333333333333,62.44745276078023,68.23263050226998,5.785177741489754,5.785177741489754,same
"Knack, Landon",689017,FF,43.0,44.0,3.9379474940334127,24.58233890214797,28.666666666666668,29.333333333333332,35.19055454866283,40.95416225528021,5.763607706617378,5.763607706617378,same
"Mattson, Isaac",676755,FF,77.0,59.0,50.11933174224343,36.39618138424821,51.33333333333333,39.33333333333333,48.966263510805646,43.28417284260772,-5.6820906681979295,5.6820906681979295,opposite
"Strider, Spencer",675911,FF,134.0,155.0,9.188544152744631,18.973747016706444,89.33333333333333,100.0,13.301767545355037,18.973747016706444,5.671979471351406,5.671979471351406,same
"Berríos, José",621244,SV,101.0,63.0,78.04295942720763,82.81622911694511,67.33333333333333,42.0,68.14726374408575,62.47782403502791,-5.669439709057841,5.669439709057841,opposite
"Fisher, Braydon",680755,CU,37.0,43.0,78.16229116945107,93.67541766109785,24.666666666666668,28.666666666666668,55.25170862717653,60.91529599655464,5.663587369378114,5.663587369378114,same
"Lodolo, Nick",666157,SI,63.0,96.0,10.978520286396181,14.797136038186157,42.0,64.0,32.30598632619736,26.660171909487325,-5.645814416710039,5.645814416710039,opposite
"Nola, Aaron",605400,KC,54.0,76.0,97.97136038186157,72.31503579952268,36.0,50.66666666666667,65.82969835088916,60.196291444601954,-5.633406906287206,5.633406906287206,opposite
"De Los Santos, Enyel",660853,FF,75.0,58.0,37.11217183770883,19.451073985680193,50.0,38.666666666666664,42.431092648088,36.80775686232287,-5.6233357857651285,5.6233357857651285,opposite
"Smith-Shawver, AJ",700363,FS,30.0,47.0,96.18138424821002,96.4200477326969,20.0,31.333333333333336,57.43628761641574,62.99995753105915,5.5636699146434125,5.5636699146434125,same
"Okert, Steven",595345,SL,72.0,91.0,91.64677804295943,91.52744630071598,48.0,60.66666666666667,68.82046045902345,74.30832271609812,5.487862257074667,5.487862257074667,same
"Latz, Jacob",656641,FF,62.0,107.0,22.434367541766107,25.41766109785203,41.333333333333336,71.33333333333334,37.286213146230736,31.819602107895037,-5.466611038335699,5.466611038335699,opposite
"Littell, Zack",641793,SL,125.0,91.0,18.615751789976134,16.706443914081145,83.33333333333334,60.66666666666667,23.47146206805797,28.91691460153965,5.445452533481678,5.445452533481678,same
"Senga, Kodai",673540,FF,73.0,71.0,22.434367541766107,10.26252983293556,48.66666666666667,47.333333333333336,35.429732445672656,30.005937875715542,-5.4237945699571135,5.4237945699571135,opposite
"Boyle, Joe",671212,SL,47.0,50.0,70.28639618138425,85.20286396181385,31.333333333333336,33.33333333333333,54.811413378314526,60.23429695958273,5.422883581268202,5.422883581268202,same
"Mikolas, Miles",571945,SL,76.0,77.0,30.071599045346066,19.809069212410503,50.66666666666667,51.33333333333333,38.79295015581914,33.40699541215808,-5.38595474366106,5.38595474366106,opposite
"Bird, Jake",656234,SI,53.0,48.0,22.434367541766107,2.983293556085919,35.333333333333336,32.0,38.8051519012328,33.42466308970516,-5.380488811527634,5.380488811527634,opposite
"Soriano, José",667755,SI,182.0,223.0,10.859188544152746,5.4892601431980905,100.0,100.0,10.859188544152746,5.4892601431980905,-5.369928400954655,5.369928400954655,opposite
"Herrin, Tim",682120,CU,35.0,56.0,95.4653937947494,91.8854415274463,23.333333333333332,37.333333333333336,58.88360220359969,64.22723993755272,5.343637733953031,5.343637733953031,same
"Green, Chad",643338,FF,52.0,54.0,14.797136038186157,1.1933174224343674,34.66666666666667,36.0,36.32634928610309,30.989602885495362,-5.336746400607726,5.336746400607726,opposite
"Pepiot, Ryan",686752,CH,98.0,110.0,87.58949880668257,76.0143198090692,65.33333333333333,73.33333333333333,73.77847721930124,68.47717144890866,-5.301305770392574,5.301305770392574,opposite
"Yates, Kirby",489446,FS,49.0,33.0,69.33174224343675,55.72792362768496,32.666666666666664,22.0,54.80004486155723,49.505153695695086,-5.294891165862147,5.294891165862147,opposite
"Morgan, David",688158,FF,32.0,33.0,35.56085918854415,12.649164677804295,21.333333333333336,22.0,45.14966054755026,40.027826726721344,-5.121833820828918,5.121833820828918,opposite
"Gilbert, Logan",669302,SL,87.0,104.0,57.04057279236277,62.88782816229117,57.99999999999999,69.33333333333334,53.13853787212662,58.24556498645181,5.1070271143251915,5.1070271143251915,same
"Wilson, Justin",458677,SL,45.0,48.0,94.74940334128878,76.0143198090692,30.0,32.0,61.84983042331365,56.79459149065982,-5.055238932653829,5.055238932653829,opposite
"Mey, Luis",682825,SI,40.0,36.0,52.50596658711218,31.980906921241047,26.666666666666668,24.0,49.01826762610584,43.965427889532904,-5.052839736572935,5.052839736572935,opposite
"Santillan, Tony",663574,SV,42.0,31.0,85.32219570405728,74.22434367541766,28.000000000000004,20.666666666666668,58.270224487232404,53.22137503663694,-5.048849450595462,5.048849450595462,opposite
"Brogdon, Connor",641401,CH,33.0,54.0,84.1288782816229,56.085918854415276,22.0,36.0,55.753363719561435,50.75093940100849,-5.002424318552947,5.002424318552947,opposite
"Whitlock, Garrett",676477,SL,66.0,46.0,93.43675417661098,97.01670644391407,44.0,30.666666666666664,67.85217937445044,62.85846597400422,-4.993713400446225,4.993713400446225,opposite
"Rocker, Kumar",677958,FC,40.0,39.0,71.95704057279237,91.64677804295943,26.666666666666668,26.0,54.20522068895389,59.16317225043515,4.957951561481266,4.957951561481266,same
"Boyd, Matthew",571510,SL,63.0,48.0,92.95942720763723,91.76610978520287,42.0,32.0,66.7379672331186,61.83516428302259,-4.902802950096003,4.902802950096003,opposite
"Jax, Griffin",643377,ST,66.0,54.0,99.0453460620525,96.89737470167064,44.0,36.0,70.31995980404471,65.44306350602042,-4.876896298024292,4.876896298024292,opposite
"Severino, Luis",622663,FC,40.0,65.0,23.15035799522673,21.360381861575178,26.666666666666668,43.333333333333336,41.19010533493639,36.31450643314731,-4.875598901789083,4.875598901789083,opposite
"Verlander, Justin",434378,CU,40.0,39.0,48.09069212410501,66.70644391408115,26.666666666666668,26.0,47.84086110263726,52.67868537692681,4.837824274289545,4.837824274289545,same
"Baz, Shane",669358,FC,46.0,53.0,59.546539379474936,44.630071599045344,30.666666666666664,35.333333333333336,51.36761474090955,46.64763400147146,-4.719980739438093,4.719980739438093,opposite
"Rodríguez, Randy",678495,FF,38.0,49.0,90.81145584725537,66.70644391408115,25.333333333333336,32.666666666666664,58.65891219696017,53.942447407301074,-4.716464789659099,4.716464789659099,opposite
"Taylor, Grant",691799,FF,40.0,40.0,81.5035799522673,63.961813842482094,26.666666666666668,26.666666666666668,56.75096452348054,52.07316022753782,-4.677804295942721,4.677804295942721,opposite
"Soroka, Michael",647336,SV,51.0,76.0,99.64200477326969,91.76610978520287,34.0,50.66666666666667,65.39329050550003,70.05150226401327,4.658211758513232,4.658211758513232,same
"Estévez, Carlos",608032,FF,65.0,81.0,38.782816229116946,31.980906921241047,43.333333333333336,54.0,43.86422799241541,39.23469592836506,-4.629532064050345,4.629532064050345,opposite
"Schmidt, Clarke",657376,FC,50.0,66.0,22.79236276849642,18.377088305489263,33.33333333333333,44.0,39.430796561810254,34.8259263911569,-4.604870170653356,4.604870170653356,opposite
"Greene, Hunter",668881,SL,83.0,62.0,84.1288782816229,85.32219570405728,55.333333333333336,41.333333333333336,67.87965199394668,63.27984878664442,-4.599803207302259,4.599803207302259,opposite
"García, Luis",472610,SI,71.0,38.0,14.558472553699284,3.8186157517899764,47.333333333333336,25.333333333333336,32.03935076354371,36.620726039442275,4.581375275898566,4.581375275898566,same
"Hancock, Emerson",676106,FF,36.0,49.0,30.071599045346066,48.6873508353222,24.0,32.666666666666664,43.507193999318105,48.05621033490648,4.549016335588377,4.549016335588377,same
"Glasnow, Tyler",607192,FF,70.0,87.0,29.236276849642007,40.692124105011935,46.666666666666664,57.99999999999999,39.1102697076821,43.656437633463135,4.546167925781035,4.546167925781035,same
"Morales, Luis",806960,FF,53.0,58.0,9.069212410501192,24.105011933174225,35.333333333333336,38.666666666666664,34.08279708818586,38.6072795353539,4.524482447168033,4.524482447168033,same
"Abreu, Bryan",650556,FF,70.0,59.0,65.75178997613365,57.637231503579955,46.666666666666664,39.33333333333333,56.15084250004487,51.63898588954487,-4.511856610499997,4.511856610499997,opposite
"Fedde, Erick",607200,SI,124.0,84.0,17.30310262529833,10.859188544152746,82.66666666666667,56.00000000000001,22.580567169714264,27.09115150645109,4.510584336736827,4.510584336736827,same
"Mejia, Juan",675848,FF,72.0,97.0,67.18377088305489,55.25059665871122,48.0,64.66666666666666,57.07821702226928,52.60039059462498,-4.477826427644295,4.477826427644295,opposite
"Brazobán, Huascar",623211,SI,58.0,30.0,47.7326968973747,25.41766109785203,38.666666666666664,20.0,47.74331772151142,43.283542986344145,-4.459774735167272,4.459774735167272,opposite
"Gaddis, Hunter",683769,FF,51.0,47.0,29.713603818615752,13.961813842482101,34.0,31.333333333333336,41.61763418091768,37.163044245458515,-4.454589935459168,4.454589935459168,opposite
"Curtiss, John",595928,FF,39.0,33.0,17.42243436754177,31.980906921241047,26.0,22.0,39.864842894826566,44.28081002027743,4.415967125450862,4.415967125450862,same
"Gausman, Kevin",592332,FF,261.0,231.0,10.978520286396181,15.393794749403341,100.0,100.0,10.978520286396181,15.393794749403341,4.41527446300716,4.41527446300716,same
"Wacha, Michael",608379,CH,78.0,136.0,78.04295942720763,60.26252983293556,52.0,90.66666666666666,63.50234536221222,59.09469497131852,-4.4076503908937,4.4076503908937,opposite
"Patrick, Chad",694477,SI,91.0,40.0,22.434367541766107,6.563245823389022,60.66666666666667,26.666666666666668,32.391854935668526,36.76687542244633,4.375020486777807,4.375020486777807,same
"Lord, Brad",695418,FF,106.0,132.0,44.98806682577566,50.47732696897375,70.66666666666667,88.0,45.79823783803184,50.150049347712965,4.351811509681127,4.351811509681127,same
"Festa, David",701581,FF,37.0,38.0,17.899761336515514,1.5513126491646778,24.666666666666668,25.333333333333336,40.38695126838576,36.0463425867772,-4.340608681608558,4.340608681608558,opposite
"Anderson, Tyler",542881,FC,54.0,52.0,36.754176610978526,23.86634844868735,36.0,34.66666666666667,43.79151219337126,39.4703429217435,-4.32116927162776,4.32116927162776,opposite
"Wheeler, Zack",554430,FF,59.0,152.0,77.08830548926015,55.011933174224346,39.33333333333333,100.0,59.28974165724574,55.011933174224346,-4.277808483021396,4.277808483021396,opposite
"Ureña, José",570632,SI,57.0,45.0,0.35799522673031026,1.9093078758949882,38.0,30.0,29.741046530407164,33.997801783695515,4.25675525328835,4.25675525328835,same
"Helsley, Ryan",664854,SL,66.0,48.0,93.55608591885442,97.49403341288783,44.0,32.0,67.90468534103756,63.66809984388178,-4.236585497155787,4.236585497155787,opposite
"Romano, Jordan",605447,SL,75.0,53.0,55.131264916467785,70.16706443914082,50.0,35.333333333333336,51.44063918746748,55.67070480497186,4.23006561750438,4.23006561750438,same
"Scherzer, Max",453286,FF,76.0,102.0,15.393794749403341,17.42243436754177,50.66666666666667,68.0,31.356195979208163,27.127259676637898,-4.228936302570265,4.228936302570265,opposite
"Irvin, Jake",663623,CU,92.0,118.0,65.63245823389022,56.324582338902154,61.33333333333333,78.66666666666666,58.71791292072664,54.49534097774269,-4.222571942983947,4.222571942983947,opposite
"Peterson, David",656849,SL,56.0,111.0,98.44868735083531,78.99761336515513,37.333333333333336,74.0,66.67751837828462,70.87323738941626,4.195719011131644,4.195719011131644,same
"Mears, Nick",683232,FF,69.0,56.0,13.842482100238662,17.18377088305489,46.0,37.333333333333336,32.152549033682064,36.33861623031326,4.186067196631193,4.186067196631193,same
"Eflin, Zach",621107,SI,37.0,35.0,44.1527446300716,26.49164677804296,24.666666666666668,23.333333333333332,46.86268714746293,42.789727899701525,-4.072959247761403,4.072959247761403,opposite
"Gordon, Tanner",685299,FF,81.0,90.0,13.723150357995225,23.86634844868735,54.0,60.0,29.37550738421232,33.419814452599276,4.044307068386956,4.044307068386956,same
"Canning, Griffin",656288,SL,67.0,48.0,48.80668257756563,61.813842482100235,44.666666666666664,32.0,48.22199233166448,52.250438746029744,4.028446414365263,4.028446414365263,same
"Estrada, Jeremiah",669093,FS,45.0,34.0,99.64200477326969,98.68735083532219,30.0,22.666666666666664,63.317610852907926,59.29580993055431,-4.021800922353613,4.021800922353613,opposite
"Darvish, Yu",506433,SI,31.0,35.0,45.58472553699284,63.0071599045346,20.666666666666668,23.333333333333332,47.302520621362476,51.31001429588291,4.007493674520433,4.007493674520433,same
"Peralta, Freddy",642547,CH,71.0,92.0,85.56085918854416,70.40572792362768,47.333333333333336,61.33333333333333,65.64714710403695,61.64551833043228,-4.001628773604665,4.001628773604665,opposite
"Kinley, Tyler",641755,FF,34.0,36.0,15.393794749403341,0.7159904534606205,22.666666666666664,24.0,40.415937217746034,36.4618479372656,-3.9540892804804315,3.9540892804804315,opposite
"Finnegan, Kyle",640448,FF,71.0,66.0,18.138424821002385,24.821002386634845,47.333333333333336,44.0,33.733861503400504,37.66124858686095,3.927387083460445,3.927387083460445,same
"Fairbanks, Pete",664126,SL,44.0,41.0,91.76610978520287,80.66825775656325,29.333333333333332,27.333333333333332,60.66140171430965,56.747666899946765,-3.9137348143628827,3.9137348143628827,opposite
"Bachar, Lake",669199,SL,36.0,31.0,78.04295942720763,64.08114558472555,24.0,20.666666666666668,55.02032049096488,51.125114097893906,-3.8952063930709713,3.8952063930709713,opposite
"Estrada, Jeremiah",669093,FF,97.0,81.0,58.47255369928401,67.78042959427208,64.66666666666666,54.0,54.6839228141954,58.56643817180182,3.8825153576064224,3.8825153576064224,same
"Latz, Jacob",656641,SL,42.0,36.0,57.51789976133651,75.17899761336515,28.000000000000004,24.0,50.48502162327059,54.332969655642685,3.847948032372095,3.847948032372095,same
"Hamilton, Ian",641656,SI,45.0,30.0,17.42243436754177,21.360381861575178,30.0,20.0,38.65173973118955,42.47208713908877,3.82034740789922,3.82034740789922,same
"Seymour, Carson",693313,SI,37.0,37.0,18.615751789976134,3.221957040572793,24.666666666666668,24.666666666666668,40.563562246906045,36.76642620871989,-3.797136038186153,3.797136038186153,opposite
"Bummer, Aaron",607481,CU,32.0,69.0,99.16467780429595,63.36515513126491,21.333333333333336,46.0,58.71847518557731,54.93297862795414,-3.785496557623169,3.785496557623169,opposite
"Finnegan, Kyle",640448,FS,41.0,67.0,90.9307875894988,65.75178997613365,27.333333333333332,44.666666666666664,59.552758387615825,55.79080696969153,-3.761951417924294,3.761951417924294,opposite
"Ohtani, Shohei",660271,FF,40.0,49.0,54.05727923627685,41.527446300715994,26.666666666666668,32.666666666666664,49.43195099921642,45.71730818693512,-3.714642812281298,3.714642812281298,opposite
"Irvin, Jake",663623,SI,126.0,65.0,32.4582338902148,9.54653937947494,84.0,43.333333333333336,34.90491862113518,31.19517469090387,-3.709743930231312,3.709743930231312,opposite
"Chivilli, Angel",683409,CH,43.0,43.0,91.76610978520287,78.99761336515513,28.666666666666668,28.666666666666668,60.36796107213141,56.707658765051065,-3.660302307080343,3.660302307080343,opposite
"Lauer, Eric",641778,FF,76.0,144.0,29.355608591885442,41.766109785202865,50.66666666666667,96.0,38.430181659399096,42.00546593213343,3.5752842727343364,3.5752842727343364,same
"Mikolas, Miles",571945,CU,36.0,61.0,92.48210023866349,82.93556085918854,24.0,40.666666666666664,58.48571428571429,62.058802734760526,3.5730884490462387,3.5730884490462387,same
"McLean, Nolan",690997,SI,33.0,31.0,66.70644391408115,50.71599045346063,22.0,20.666666666666668,51.92042815870225,48.36298203743249,-3.557446121269763,3.557446121269763,opposite
"Enns, Dietrich",608650,FF,33.0,55.0,94.86873508353221,66.34844868735084,22.0,36.666666666666664,58.11613221598148,54.569439709057846,-3.546692506923634,3.546692506923634,opposite
"Rogers, Taylor",573124,SI,51.0,63.0,9.54653937947494,8.47255369928401,34.0,42.0,34.76083227160981,31.25348035961025,-3.5073519119995566,3.5073519119995566,opposite
"Miller, Bryce",682243,FS,37.0,61.0,76.0143198090692,73.26968973747017,24.666666666666668,40.666666666666664,54.72187569161567,58.12801514526173,3.4061394536460554,3.4061394536460554,same
"Bibee, Tanner",676440,SI,110.0,35.0,46.658711217183765,58.830548926014316,73.33333333333333,23.333333333333332,46.94972514819267,50.33547173422818,3.385746586035509,3.385746586035509,same
"Wilson, Justin",458677,FF,41.0,36.0,48.32935560859188,62.41050119331742,27.333333333333332,24.0,47.90836697950127,51.268530514831234,3.360163535329967,3.360163535329967,same
"Rasmussen, Drew",656876,SI,109.0,49.0,39.73747016706444,40.09546539379475,72.66666666666667,32.666666666666664,41.92756533338118,45.24952775734084,3.3219624239596612,3.3219624239596612,same
"Mize, Casey",663554,FF,63.0,145.0,5.4892601431980905,32.81622911694511,42.0,96.66666666666667,30.000497066054162,33.31402192832918,3.3135248622750204,3.3135248622750204,same
"Alexander, Tyler",641302,SI,52.0,31.0,58.711217183770884,50.11933174224343,34.66666666666667,20.666666666666668,51.54989741657246,48.2396725704476,-3.3102248461248607,3.3102248461248607,opposite
"Dreyer, Jack",676263,FF,47.0,92.0,38.424821002386636,37.58949880668258,31.333333333333336,61.33333333333333,44.8281198222286,41.51823113870596,-3.3098886835226438,3.3098886835226438,opposite
"Sasaki, Roki",808963,FF,52.0,59.0,4.05727923627685,0.8353221957040573,34.66666666666667,39.33333333333333,32.60319892810786,29.29690156178035,-3.3062973663275095,3.3062973663275095,opposite
"Akin, Keegan",669211,FF,52.0,67.0,15.871121718377088,15.75178997613365,34.66666666666667,44.666666666666664,36.69866432190261,33.4574736363582,-3.24119068554441,3.24119068554441,opposite
"Castillo, Luis",622491,SI,131.0,79.0,23.15035799522673,0.8353221957040573,87.33333333333333,52.666666666666664,26.26631435390385,23.04160939341193,-3.22470496049192,3.22470496049192,opposite
"Spence, Mitch",687765,FC,79.0,87.0,5.4892601431980905,3.8186157517899764,52.666666666666664,57.99999999999999,25.492683379092124,22.2698027885944,-3.2228805904977236,3.2228805904977236,opposite
"Skenes, Paul",694973,FS,30.0,69.0,53.341288782816235,43.198090692124104,20.0,46.0,48.86826852333699,45.656128985949366,-3.212139537387621,3.212139537387621,opposite
"Blalock, Bradley",687134,FF,62.0,78.0,0.35799522673031026,3.9379474940334127,41.333333333333336,52.0,28.161312589349272,24.967739156961617,-3.1935734323876552,3.1935734323876552,opposite
"Bassitt, Chris",605135,FC,41.0,95.0,97.73269689737471,74.34367541766109,27.333333333333332,63.33333333333333,61.41194693176857,64.59266603262333,3.180719100854759,3.180719100854759,same
"Alcala, Jorge",660896,CU,35.0,30.0,68.13842482100239,87.11217183770883,23.333333333333332,20.0,52.50730944305872,55.6224451343155,3.115135691256775,3.115135691256775,same
"Mahle, Tyler",641816,FS,40.0,80.0,91.05011933174224,63.60381861575179,26.666666666666668,53.333333333333336,59.296708358007194,56.20537620901897,-3.091332148988222,3.091332148988222,opposite
"Vasil, Mike",678024,SI,100.0,76.0,36.39618138424821,26.730310262529834,66.66666666666666,50.66666666666667,40.18079207565453,37.10003050585892,-3.0807615697956123,3.0807615697956123,opposite
"Díaz, Edwin",621242,FF,46.0,62.0,72.43436754176611,73.50835322195705,30.666666666666664,41.333333333333336,55.319882044012175,58.396793894042986,3.076911850030811,3.076911850030811,same
"Walker, Taijuan",592836,FC,66.0,74.0,31.026252983293556,26.610978520286395,44.0,49.333333333333336,40.39155884939078,37.32142288896465,-3.0701359604261356,3.0701359604261356,opposite
"Priester, Quinn",682990,SI,149.0,137.0,27.565632458233893,29.116945107398568,99.33333333333333,91.33333333333333,27.70019499823545,30.731811031157847,3.031616032922397,3.031616032922397,same
"Hernández, Carlos",672578,FF,53.0,57.0,9.069212410501192,19.689737470167064,35.333333333333336,38.0,34.08279708818586,37.08710858291313,3.0043114947272684,3.0043114947272684,same
"Pérez, Eury",691587,SL,36.0,49.0,80.42959427207637,62.64916467780429,24.0,32.666666666666664,55.59311285373338,52.61706952345063,-2.9760433302827494,2.9760433302827494,opposite
"Gilbert, Logan",669302,FS,75.0,83.0,99.64200477326969,100.0,50.0,55.333333333333336,73.69600911586843,76.66167267811534,2.9656635622469025,2.9656635622469025,same
"Olson, Reese",681857,CH,30.0,36.0,94.74940334128878,99.16467780429595,20.0,24.0,57.14989143503149,60.08953290146608,2.939641466434587,2.939641466434587,same
"Cabrera, Edward",665795,CU,55.0,67.0,96.89737470167064,94.63007159904535,36.666666666666664,44.666666666666664,65.7707125809751,68.68977276125875,2.919060180283651,2.919060180283651,same
"Hernández, Daysbel",678226,SL,53.0,43.0,60.501193317422434,53.341288782816235,35.333333333333336,28.666666666666668,52.2554303419647,49.35284571811391,-2.9025846238507853,2.9025846238507853,opposite
"Pivetta, Nick",601713,CU,35.0,125.0,53.699284009546545,45.94272076372315,23.333333333333332,83.33333333333334,49.138176587052364,46.24393621284715,-2.8942403742052107,2.8942403742052107,opposite
"Senga, Kodai",673540,FC,46.0,57.0,1.431980906921241,2.863961813842482,30.666666666666664,38.0,33.545816809326425,30.69331383350979,-2.852502975816634,2.852502975816634,opposite
"Wilson, Steven",621051,ST,111.0,38.0,45.10739856801909,51.19331742243437,74.0,25.333333333333336,45.794478439535595,48.62231712933885,2.827838689803258,2.827838689803258,same
"Richardson, Lyon",680689,CH,33.0,41.0,23.86634844868735,38.782816229116946,22.0,27.333333333333332,42.495607156315614,45.29897954911145,2.8033723927958363,2.8033723927958363,same
"Paddack, Chris",663978,FC,51.0,31.0,38.18615751789976,18.4964200477327,34.0,20.666666666666668,44.498302438674244,41.704270820248716,-2.794031618425528,2.794031618425528,opposite
"Svanson, Matt",694335,SI,90.0,32.0,52.02863961813843,72.79236276849642,60.0,21.333333333333336,50.317189154269926,53.092381311273414,2.775192157003488,2.775192157003488,same
"Eovaldi, Nathan",543135,FC,36.0,53.0,52.02863961813843,58.47255369928401,24.0,35.333333333333336,48.77688373678827,51.53864434355579,2.761760606767517,2.761760606767517,same
"Pallante, Andre",669467,SL,130.0,69.0,58.1145584725537,73.26968973747017,86.66666666666667,46.0,56.73261913734216,59.48906454680856,2.7564454094663944,2.7564454094663944,same
"Kelly, Merrill",518876,SI,77.0,50.0,18.377088305489263,10.739856801909307,51.33333333333333,33.33333333333333,32.67191187993851,35.41329457294788,2.7413826930093705,2.7413826930093705,same
"Ogasawara, Shinnosuke",829272,FF,30.0,39.0,0.5966587112171837,1.0739856801909307,20.0,26.0,38.319342509017176,35.61424623611535,-2.7050962729018266,2.7050962729018266,opposite
"Alcantara, Sandy",645261,FF,66.0,79.0,37.70883054892602,34.24821002386635,44.0,52.666666666666664,43.33189297826907,40.63906364957741,-2.6928293286916585,2.6928293286916585,opposite
"Williams, Trevor",592866,FF,79.0,106.0,21.241050119331742,24.22434367541766,52.666666666666664,70.66666666666667,33.78862609985585,31.125206811778853,-2.6634192880769945,2.6634192880769945,opposite
"May, Dustin",669160,SI,107.0,114.0,4.41527446300716,3.579952267303103,71.33333333333334,76.0,16.837899641705693,14.18076695318248,-2.6571326885232125,2.6571326885232125,opposite
"Lazar, Max",676661,FF,57.0,48.0,1.1933174224343674,0.7159904534606205,38.0,32.0,30.058468964774708,32.69912609686507,2.6406571320903645,2.6406571320903645,same
"Kerkering, Orion",689147,ST,80.0,53.0,68.97374701670644,72.31503579952268,53.333333333333336,35.333333333333336,59.06933802286145,56.429654685640116,-2.639683337221335,2.639683337221335,opposite
"Hurter, Brant",676428,ST,42.0,36.0,95.70405727923628,92.72076372315036,28.000000000000004,24.0,61.177145728282525,58.542993521991136,-2.6341522062913896,2.6341522062913896,opposite
"Burke, Sean",680732,SL,113.0,39.0,30.429594272076372,7.637231503579953,75.33333333333333,26.0,34.70196433805277,37.32069015019649,2.6187258121437225,2.6187258121437225,same
"Kriske, Brooks",621139,FS,32.0,31.0,77.80429594272077,66.34844868735084,21.333333333333336,20.666666666666668,54.16159372177461,51.593690072436466,-2.5679036493381417,2.5679036493381417,opposite
"Flexen, Chris",623167,FF,34.0,35.0,21.360381861575178,11.217183770883054,22.666666666666664,23.333333333333332,41.76836362983832,39.22568653136422,-2.542677098474101,2.542677098474101,opposite
"Singer, Brady",663903,ST,38.0,40.0,76.37231503579952,84.36754176610978,25.333333333333336,26.666666666666668,55.0009965247247,57.51468767383854,2.513691149113839,2.513691149113839,same
"Smith-Shawver, AJ",700363,FF,41.0,49.0,0.11933174224343676,0.23866348448687352,27.333333333333332,32.666666666666664,34.73096045603269,32.229639133633604,-2.501321322399086,2.501321322399086,opposite
"Ferguson, Caleb",657571,FC,34.0,36.0,59.785202863961814,48.80668257756563,22.666666666666664,24.0,50.477989723712625,48.0036140470508,-2.474375676661822,2.474375676661822,opposite
"Cabrera, Edward",665795,CH,59.0,107.0,89.73747016706443,74.34367541766109,39.33333333333333,71.33333333333334,64.26507976384876,66.72015898935884,2.455079225510076,2.455079225510076,same
"Cabrera, Edward",665795,SL,58.0,37.0,65.8711217183771,66.2291169451074,38.666666666666664,24.666666666666668,54.756841985632335,52.30819231850509,-2.448649667127242,2.448649667127242,opposite
"Pilkington, Konnor",663455,FF,33.0,49.0,27.20763723150358,26.49164677804296,22.0,32.666666666666664,43.230690688535184,40.805613676195264,-2.4250770123399192,2.4250770123399192,opposite
"Buehler, Walker",621111,SL,43.0,43.0,30.190930787589497,38.544152744630075,28.666666666666668,28.666666666666668,42.71640975948225,45.11100005383388,2.39459029435163,2.39459029435163,same
"Casparius, Ben",676508,FF,45.0,46.0,37.11217183770883,45.10739856801909,30.0,30.666666666666664,44.558660972239664,46.939611558729766,2.3809505864901013,2.3809505864901013,same
"Gallen, Zac",668678,KC,88.0,104.0,94.86873508353221,91.05011933174224,58.666666666666664,69.33333333333334,75.39299681183866,77.77142019727123,2.378423385432569,2.378423385432569,same
"Ober, Bailey",641927,FF,93.0,137.0,9.54653937947494,19.212410501193318,62.0,91.33333333333333,24.06385952949199,21.68566942415705,-2.3781901053349372,2.3781901053349372,opposite
"Falter, Bailey",663559,SL,39.0,55.0,35.08353221957041,45.10739856801909,26.0,36.666666666666664,44.45672833635401,46.781054665302875,2.324326328948864,2.324326328948864,same
"Buttó, José",676130,FF,42.0,30.0,9.427207637231504,5.608591885441527,28.000000000000004,20.0,37.01962782852119,39.32172914386204,2.302101315340856,2.302101315340856,same
"Manaea, Sean",640455,FF,39.0,119.0,62.88782816229117,55.60859188544153,26.0,79.33333333333333,51.68584528146141,53.984485677200155,2.298640395738744,2.298640395738744,same
"Phillips, Tyler",663969,SI,74.0,36.0,24.701670644391406,9.904534606205251,49.333333333333336,24.0,36.37949767018979,38.66709853392431,2.287600863734518,2.287600863734518,same
"Matthews, Zebby",805673,FF,64.0,59.0,24.22434367541766,28.042959427207638,42.66666666666667,39.33333333333333,37.71239435103271,39.99857220617176,2.2861778551390515,2.2861778551390515,same
"Gallen, Zac",668678,CH,36.0,103.0,85.20286396181385,57.51789976133651,24.0,68.66666666666667,56.73869757927037,54.45729538643745,-2.281402192832921,2.281402192832921,opposite
"Miller, Bryce",682243,FF,95.0,77.0,20.644391408114558,18.73508353221957,63.33333333333333,51.33333333333333,30.58311949324385,32.8556827629934,2.272563269749554,2.272563269749554,same
"Glasnow, Tyler",607192,CU,49.0,55.0,99.0453460620525,99.64200477326969,32.666666666666664,36.666666666666664,64.50648877563839,66.77707694056143,2.2705881649230406,2.2705881649230406,same
"Beck, Tristan",663941,FF,34.0,40.0,33.17422434367542,26.849642004773273,22.666666666666664,26.666666666666668,44.44616792578104,42.176581070815466,-2.269586854965574,2.269586854965574,opposite
"Vest, Will",676684,SL,32.0,42.0,99.64200477326969,95.34606205250597,21.333333333333336,28.000000000000004,58.82030493895837,61.076907064798036,2.256602125839663,2.256602125839663,same
"Megill, Trevor",656730,KC,41.0,36.0,97.13603818615752,94.86873508353221,27.333333333333332,24.0,61.2488602173692,59.05850664848278,-2.1903535688864153,2.1903535688864153,opposite
"Gray, Sonny",543243,ST,115.0,101.0,96.18138424821002,99.64200477326969,76.66666666666667,67.33333333333333,84.8807310639367,82.69062094376754,-2.1901101201691517,2.1901101201691517,opposite
"Nicolas, Kyle",693312,FF,57.0,44.0,18.85441527446301,17.780429594272075,38.0,29.333333333333332,36.76968614854559,38.958935524969945,2.189249376424357,2.189249376424357,same
"Wrobleski, Justin",680736,SL,31.0,47.0,69.21241050119332,68.85441527446301,20.666666666666668,31.333333333333336,52.18557551396391,54.3627260274792,2.1771505135152864,2.1771505135152864,same
"Cabrera, Edward",665795,SI,72.0,51.0,9.427207637231504,0.0,48.0,34.0,29.35506666427405,31.51500888258833,2.159942218314278,2.159942218314278,same
"Alexander, Jason",669920,SI,81.0,63.0,6.682577565632458,0.0,54.0,42.0,25.573598076336424,27.695007805910965,2.121409729574541,2.121409729574541,same
"Gómez, Yoendrys",672782,FF,33.0,62.0,73.0310262529833,56.085918854415276,22.0,41.333333333333336,53.311836273260724,51.195521022125725,-2.116315251134999,2.116315251134999,opposite
"Rolison, Ryan",669020,FF,36.0,53.0,20.167064439140812,23.031026252983295,24.0,35.333333333333336,41.130105693828845,39.01597131252954,-2.1141343812993085,2.1141343812993085,opposite
"Junk, Janson",676083,FF,75.0,94.0,21.121718377088307,23.15035799522673,50.0,62.66666666666667,34.43586591777774,32.33422936816983,-2.1016365496079104,2.1016365496079104,opposite
"Bautista, Félix",642585,SI,38.0,45.0,35.56085918854415,30.54892601431981,25.333333333333336,30.0,44.66209437675333,42.58968722522296,-2.0724071515303706,2.0724071515303706,opposite
"Vest, Will",676684,FF,72.0,78.0,41.646778042959426,46.06205250596659,48.0,52.0,44.82046045902345,46.87227376316687,2.0518133041434226,2.0518133041434226,same
"Abreu, Bryan",650556,SL,87.0,73.0,84.36754176610978,87.23150357995226,57.99999999999999,48.66666666666667,68.98817987689988,66.96433865092325,-2.023841225976625,2.023841225976625,opposite
"Liberatore, Matthew",669461,SL,51.0,115.0,96.4200477326969,66.70644391408115,34.0,76.66666666666667,64.29782511170528,62.28327680777122,-2.014548303934056,2.014548303934056,opposite
"Anderson, Grant",681982,FF,42.0,48.0,93.55608591885442,81.62291169451073,28.000000000000004,32.0,60.5757137473756,58.58934089400111,-1.9863728533744904,1.9863728533744904,opposite
"Littell, Zack",641793,FF,82.0,78.0,40.81145584725537,44.272076372315034,54.666666666666664,52.0,43.956935297671386,45.94148617366806,1.9845508759966748,1.9845508759966748,same
"Dobbins, Hunter",690928,FF,55.0,52.0,15.155131264916468,7.756563245823389,36.666666666666664,34.66666666666667,35.798556654165246,33.88561738475066,-1.9129392694145864,1.9129392694145864,opposite
"Little, Brendon",663893,KC,69.0,77.0,99.16467780429595,97.49403341288783,46.0,51.33333333333333,71.40075905754841,73.28527703506977,1.8845179775213552,1.8845179775213552,same
"Lorenzen, Michael",547179,SI,76.0,38.0,52.02863961813843,48.92601431980907,50.66666666666667,25.333333333333336,49.917850712700606,48.04793367667378,-1.869917036026827,1.869917036026827,opposite
"Miller, Shelby",571946,FF,61.0,46.0,56.801909307875896,65.75178997613365,40.666666666666664,30.666666666666664,51.43111777056005,53.27055825721823,1.8394404866581766,1.8394404866581766,same
"Webb, Logan",657277,CH,96.0,141.0,95.1073985680191,78.04295942720763,64.0,94.0,78.05873992858041,76.22538266908322,-1.8333572594971912,1.8333572594971912,opposite
"Soriano, José",667755,KC,80.0,67.0,92.95942720763723,97.73269689737471,53.333333333333336,44.666666666666664,71.86170079135786,70.07561206117921,-1.7860887301786477,1.7860887301786477,opposite
"Senzatela, Antonio",622608,CU,32.0,51.0,43.914081145584724,50.47732696897375,21.333333333333336,34.0,46.93168123171892,48.677300052039406,1.7456188203204874,1.7456188203204874,same
"Brown, Hunter",686613,FF,85.0,136.0,86.87350835322196,74.10501193317423,56.666666666666664,90.66666666666666,69.91999389882822,71.6452120755349,1.7252181767066759,1.7252181767066759,same
"Hancock, Emerson",676106,SI,96.0,81.0,10.739856801909307,0.7159904534606205,64.0,54.0,24.06351319827014,22.35164103576363,-1.7118721625065092,1.7118721625065092,opposite
"Meyer, Max",676974,SL,51.0,70.0,93.67541766109785,77.56563245823389,34.0,46.666666666666664,63.364650887361606,61.66396899169165,-1.700681895669959,1.700681895669959,opposite
"Skenes, Paul",694973,FF,114.0,180.0,56.324582338902154,55.96658711217184,76.0,100.0,54.26668580759776,55.96658711217184,1.6999013045740767,1.6999013045740767,same
"Williams, Gavin",668909,FC,56.0,56.0,3.8186157517899764,8.353221957040573,37.333333333333336,37.333333333333336,31.348958314641024,33.04187796460125,1.6929196499602241,1.6929196499602241,same
"Erceg, Lucas",668674,SL,30.0,35.0,55.96658711217184,61.93317422434368,20.0,23.333333333333332,49.393328189208106,51.05941763717169,1.6660894479635857,1.6660894479635857,same
"Alcantara, Sandy",645261,SI,122.0,93.0,9.785202863961814,0.5966587112171837,81.33333333333333,62.0,16.871967508269485,18.514933515172178,1.642966006902693,1.642966006902693,same
"Uceta, Edwin",670955,FF,70.0,57.0,76.0143198090692,86.75417661097852,46.666666666666664,38.0,60.94002308874813,62.571595456421484,1.631572367673357,1.631572367673357,same
"Castillo, José",620454,SL,35.0,42.0,71.71837708830549,61.93317422434368,23.333333333333332,28.000000000000004,53.34263163876278,51.72129847291259,-1.6213331658501886,1.6213331658501886,opposite
"King, Michael",650633,SI,56.0,41.0,63.36515513126491,63.24582338902148,37.333333333333336,27.333333333333332,53.579666349644995,51.985534839485354,-1.5941315101596416,1.5941315101596416,opposite
"Hodge, Porter",687863,ST,34.0,31.0,63.0071599045346,72.19570405727923,22.666666666666664,20.666666666666668,51.20829998624245,52.80212284888833,1.5938228626458795,1.5938228626458795,same
"Birdsong, Hayden",806185,FF,73.0,62.0,19.689737470167064,10.859188544152746,48.66666666666667,41.333333333333336,34.09401247749445,32.50180582721721,-1.592206650277241,1.592206650277241,opposite
"Pagán, Emilio",641941,FF,87.0,80.0,36.39618138424821,32.4582338902148,57.99999999999999,53.333333333333336,41.16479085542018,39.59439768873257,-1.5703931666876088,1.5703931666876088,opposite
"Garcia, Robert",676395,SL,45.0,41.0,53.341288782816235,48.21002386634845,30.0,27.333333333333332,49.427396055771894,47.87574963662139,-1.5516464191505008,1.5516464191505008,opposite
"Senzatela, Antonio",622608,FF,157.0,207.0,4.295942720763723,5.847255369928401,100.0,100.0,4.295942720763723,5.847255369928401,1.5513126491646787,1.5513126491646787,same
"Coulombe, Danny",543056,FC,39.0,44.0,85.20286396181385,75.89498806682577,26.0,29.333333333333332,57.48775458933731,56.005872676919026,-1.481881912418281,1.481881912418281,opposite
"Pressly, Ryan",519151,FF,34.0,40.0,6.801909307875895,7.517899761336516,22.666666666666664,26.666666666666668,38.46844318433315,37.021449805898996,-1.4469933784341507,1.4469933784341507,opposite
"Speier, Gabe",642100,SL,31.0,42.0,99.64200477326969,80.90692124105013,20.666666666666668,28.000000000000004,58.47435833019303,57.0339476375904,-1.4404106926026259,1.4404106926026259,opposite
"Lord, Brad",695418,SI,80.0,30.0,39.73747016706444,33.53221957040573,53.333333333333336,20.0,43.47665703638572,44.906454680854885,1.4297976444691685,1.4297976444691685,same
"Mize, Casey",663554,SL,30.0,50.0,15.035799522673033,23.86634844868735,20.0,33.33333333333333,41.20717067130835,39.788791788540564,-1.418378882767783,1.418378882767783,opposite
"Houck, Tanner",656557,ST,32.0,38.0,62.52983293556086,54.77326968973747,21.333333333333336,25.333333333333336,50.90304161358049,49.529238370388974,-1.3738032431915173,1.3738032431915173,opposite
"Montgomery, Mason",682254,SL,38.0,37.0,98.92601431980907,94.86873508353221,25.333333333333336,24.666666666666668,60.71460034334045,59.37263145931655,-1.341968884023899,1.341968884023899,opposite
"Severino, Luis",622663,ST,89.0,84.0,67.89976133651552,66.70644391408115,59.333333333333336,56.00000000000001,59.70553053277586,58.36561451361101,-1.3399160191648534,1.3399160191648534,opposite
"Ray, Robbie",592662,FF,112.0,301.0,42.482100238663485,42.482100238663485,74.66666666666667,100.0,43.81663825434708,42.482100238663485,-1.3345380156835986,1.3345380156835986,opposite
"Hendricks, Kyle",543294,SI,161.0,115.0,30.668257756563243,23.74701670644391,100.0,76.66666666666667,30.668257756563243,29.34771594858267,-1.3205418079805717,1.3205418079805717,opposite
"Ort, Kaleb",672391,FF,64.0,38.0,50.47732696897375,57.51789976133651,42.66666666666667,25.333333333333336,48.913667222949975,50.224544655194066,1.3108774322440908,1.3108774322440908,same
"Canning, Griffin",656288,FF,39.0,43.0,26.849642004773273,24.22434367541766,26.0,28.666666666666668,42.315916880506755,41.00598812065965,-1.3099287598471037,1.3099287598471037,opposite
"Banda, Anthony",607455,SL,65.0,59.0,75.65632458233891,75.17899761336515,43.333333333333336,39.33333333333333,59.8427482788116,58.53874722606038,-1.304001052751218,1.304001052751218,opposite
"Nola, Aaron",605400,SI,48.0,34.0,35.56085918854415,36.27684964200477,32.0,22.666666666666664,43.8494840920918,45.149429660069025,1.2999455679772254,1.2999455679772254,same
"Vargas, Carlos",672841,SL,41.0,42.0,89.73747016706443,84.1288782816229,27.333333333333332,28.000000000000004,59.22658495881709,57.93609560895078,-1.2904893498663128,1.2904893498663128,opposite
"Molina, Anthony",683627,FF,41.0,48.0,2.983293556085919,5.4892601431980905,27.333333333333332,32.0,35.51377668514964,34.22657239758106,-1.2872042875685779,1.2872042875685779,opposite
"Flaherty, Jack",656427,SL,87.0,92.0,59.665871121718375,56.921241050119335,57.99999999999999,61.33333333333333,54.66121090315286,53.37503304801383,-1.2861778551390302,1.2861778551390302,opposite
"Buehler, Walker",621111,FF,47.0,67.0,0.0,17.064439140811455,31.333333333333336,44.666666666666664,32.78834257481412,34.04379026324762,1.2554476884334989,1.2554476884334989,same
"Stanek, Ryne",592773,FF,79.0,71.0,34.36754176610978,30.310262529832936,52.666666666666664,47.333333333333336,40.701911700492275,39.495198018913634,-1.2067136815786412,1.2067136815786412,opposite
"Stroman, Marcus",573186,SI,42.0,34.0,13.365155131264917,0.0,28.000000000000004,22.666666666666664,38.122253126850545,36.926677074547946,-1.1955760523025987,1.1955760523025987,opposite
"Lopez, Jacob",682052,SL,52.0,100.0,93.55608591885442,73.15035799522673,34.66666666666667,66.66666666666666,63.62945191140142,64.68357648297354,1.0541245715721175,1.0541245715721175,same
"Woo, Bryan",693433,SL,35.0,46.0,72.31503579952268,63.126491646778035,23.333333333333332,30.666666666666664,53.48185200471346,52.46546676954917,-1.016385235164293,1.016385235164293,opposite
"Cameron, Noah",702070,SL,30.0,51.0,79.11694510739858,63.36515513126491,20.0,34.0,54.02339978825346,53.0591616272184,-0.9642381610350554,0.9642381610350554,opposite
"Newcomb, Sean",656794,SI,44.0,52.0,18.973747016706444,26.13365155131265,29.333333333333332,34.66666666666667,39.30897530221736,40.256341330653605,0.9473660284362424,0.9473660284362424,same
"Houck, Tanner",656557,SI,49.0,36.0,25.41766109785203,13.484486873508352,32.666666666666664,24.0,40.45477835399956,39.526287078077054,-0.9284912759225037,0.9284912759225037,opposite
"Santana, Dennis",642701,FF,40.0,46.0,9.188544152744631,17.18377088305489,26.666666666666668,30.666666666666664,37.46695497694116,38.37636573534074,0.9094107583995807,0.9094107583995807,same
"Pallante, Andre",669467,FF,110.0,227.0,1.9093078758949882,15.035799522673033,73.33333333333333,100.0,14.133496031247574,15.035799522673033,0.9023034914254584,0.9023034914254584,same
"Parker, Mitchell",680730,SL,51.0,38.0,77.32696897374701,84.00954653937947,34.0,25.333333333333336,57.80617833366232,56.93576183896495,-0.8704164946973663,0.8704164946973663,opposite
"Detmers, Reid",672282,SL,41.0,54.0,90.9307875894988,82.81622911694511,27.333333333333332,36.0,59.552758387615825,60.37385109551923,0.8210927079034036,0.8210927079034036,same
"Wentz, Joey",666214,SL,37.0,77.0,53.341288782816235,52.02863961813843,24.666666666666668,51.33333333333333,49.12919470513994,49.946374887098415,0.8171801819584772,0.8171801819584772,same
"Gaddis, Hunter",683769,SL,100.0,45.0,68.85441527446301,92.00477326968974,66.66666666666666,30.0,61.819614669131056,61.026441401833935,-0.7931732672971208,0.7931732672971208,opposite
"Vargas, Carlos",672841,SI,129.0,79.0,31.38424821002387,19.570405727923628,86.0,52.666666666666664,33.67545534480593,32.90875338704757,-0.7667019577583645,0.7667019577583645,opposite
"Walker, Taijuan",592836,SI,82.0,40.0,45.82338902147971,46.658711217183765,54.666666666666664,26.666666666666668,46.69679209958069,47.45899952745826,0.7622074278775699,0.7622074278775699,same
"Lorenzen, Michael",547179,FF,47.0,74.0,16.706443914081145,26.49164677804296,31.333333333333336,49.333333333333336,38.02302833455955,37.26255256279123,-0.7604757717683199,0.7604757717683199,opposite
"Soroka, Michael",647336,FF,68.0,104.0,7.398568019093078,22.434367541766107,45.33333333333333,69.33333333333334,29.457358192617583,30.19783228955443,0.7404740969368468,0.7404740969368468,same
"Burnes, Corbin",669203,FC,44.0,77.0,30.190930787589497,36.27684964200477,29.333333333333332,51.33333333333333,42.59934920834306,41.86045603268314,-0.7388931756599177,0.7388931756599177,opposite
"Rocker, Kumar",677958,SI,44.0,43.0,1.431980906921241,2.863961813842482,29.333333333333332,28.666666666666668,34.16339057668037,34.882678653674766,0.7192880769943955,0.7192880769943955,same
"Baker, Bryan",641329,FF,60.0,66.0,39.618138424821005,38.782816229116946,40.0,44.0,44.497263445008706,43.804446677553074,-0.692816767455632,0.692816767455632,opposite
"Leiter, Jack",683004,SI,45.0,38.0,15.035799522673033,6.324582338902148,30.0,25.333333333333336,37.93574927772893,37.25557090817736,-0.6801783695515695,0.6801783695515695,opposite
"Fluharty, Mason",689254,FC,58.0,88.0,68.85441527446301,60.501193317422434,38.666666666666664,58.666666666666664,55.910382160652226,55.23070564238759,-0.6796765182646354,0.6796765182646354,opposite
"Flaherty, Jack",656427,KC,90.0,103.0,97.13603818615752,91.8854415274463,60.0,68.66666666666667,77.38162829508138,78.05634073249952,0.6747124374181368,0.6747124374181368,same
"Morejon, Adrian",670970,SL,30.0,34.0,95.22673031026252,92.60143198090692,20.0,22.666666666666664,57.245356828826246,57.91633499022018,0.6709781613939327,0.6709781613939327,same
"Kerkering, Orion",689147,FF,35.0,55.0,80.78758949880668,66.94510739856801,23.333333333333332,36.666666666666664,55.45878120121306,54.78821456983748,-0.6705666313755785,0.6705666313755785,opposite
"Armstrong, Shawn",542888,FC,34.0,36.0,13.723150357995225,18.257756563245824,22.666666666666664,24.0,40.037257822360196,40.671871803614046,0.6346139812538496,0.6346139812538496,same
"Giolito, Lucas",608337,FF,150.0,150.0,15.155131264916468,15.75178997613365,100.0,100.0,15.155131264916468,15.75178997613365,0.5966587112171826,0.5966587112171826,same
"Matthews, Zebby",805673,SL,55.0,59.0,98.92601431980907,96.89737470167064,36.666666666666664,39.33333333333333,66.51454710762587,67.08130888079387,0.5667617731679968,0.5667617731679968,same
"Leiter, Jack",683004,CH,36.0,70.0,91.76610978520287,71.59904534606206,24.0,46.666666666666664,58.31387657688374,58.87956167267812,0.5656850957943789,0.5656850957943789,same
"Brash, Matt",666374,SL,73.0,60.0,83.29355608591885,92.36276849642005,48.66666666666667,40.0,65.04787087049365,65.59511547364832,0.5472446031546667,0.5472446031546667,same
"Little, Brendon",663893,SI,73.0,64.0,8.949880668257757,4.77326968973747,48.66666666666667,42.66666666666667,28.867282167231924,29.413269450475827,0.5459872832439032,0.5459872832439032,same
"Márquez, Germán",608566,SI,73.0,55.0,10.739856801909307,0.0,48.66666666666667,36.666666666666664,29.73840388560901,30.241675190362542,0.5032713047535324,0.5032713047535324,same
"Gausman, Kevin",592332,FS,154.0,189.0,93.43675417661098,93.91408114558473,100.0,100.0,93.43675417661098,93.91408114558473,0.47732696897375604,0.47732696897375604,same
"Bradley, Taj",671737,CU,38.0,37.0,100.0,99.64200477326969,25.333333333333336,24.666666666666668,60.986676715655484,60.55003798278513,-0.4366387328703567,0.4366387328703567,opposite
"Wacha, Michael",608379,FC,50.0,51.0,10.023866348448687,9.54653937947494,33.33333333333333,34.0,35.17463108846101,34.76083227160981,-0.41379881685120523,0.41379881685120523,opposite
"Matsui, Yuki",673513,FF,49.0,56.0,2.983293556085919,9.54653937947494,32.666666666666664,37.333333333333336,33.126218290355965,33.48738313564341,0.36116484528744763,0.36116484528744763,same
"Holmes, Grant",656550,FF,66.0,71.0,13.961813842482101,15.632458233890215,44.0,47.333333333333336,32.883205627433746,32.547703985500746,-0.3355016419329999,0.3355016419329999,opposite
"Peralta, Luis",678821,FF,36.0,48.0,3.341288782816229,15.393794749403341,24.0,32.0,37.09191953631095,37.39602347156674,0.30410393525579593,0.30410393525579593,same
"Cleavinger, Garrett",664076,SI,34.0,44.0,6.443914081145586,14.797136038186157,22.666666666666664,29.333333333333332,38.387297599607614,38.08383608185141,-0.30346151775620456,0.30346151775620456,opposite
"Bernardino, Brennan",657514,SI,55.0,49.0,30.906921241050117,29.713603818615752,36.666666666666664,32.666666666666664,41.57421297874758,41.85811964278237,0.28390666403478804,0.28390666403478804,same
"Gilbert, Logan",669302,FF,106.0,106.0,5.847255369928401,6.205250596658711,70.66666666666667,70.66666666666667,18.138731075899774,18.391714369455862,0.2529832935560883,0.2529832935560883,same
"Bradley, Taj",671737,FC,92.0,40.0,50.47732696897375,54.8926014319809,61.33333333333333,26.666666666666668,49.4227657449112,49.654703584737504,0.23193783982630123,0.23193783982630123,same
"Bellozo, Valente",678368,FC,65.0,58.0,7.279236276849642,2.983293556085919,43.333333333333336,38.666666666666664,30.21267667976624,30.440215096213084,0.22753841644684414,0.22753841644684414,same
"Bido, Osvaldo",674370,FF,62.0,65.0,2.983293556085919,4.534606205250596,41.333333333333336,43.333333333333336,29.246435898816255,29.02333698207332,-0.22309891674293425,0.22309891674293425,opposite
"Webb, Logan",657277,FF,31.0,41.0,100.0,88.06682577565633,20.666666666666668,27.333333333333332,58.54834401038396,58.76994215849888,0.2215981481149214,0.2215981481149214,same
"Garcia, Robert",676395,FF,46.0,55.0,57.875894988066825,56.801909307875896,30.666666666666664,36.666666666666664,50.85528379421106,51.0690419365837,0.21375814237264024,0.21375814237264024,same
"Bazardo, Eduard",660825,ST,76.0,55.0,57.51789976133651,61.813842482100235,50.66666666666667,36.666666666666664,52.699075851920966,52.90675076713263,0.20767491521166193,0.20767491521166193,same
"Corbin, Patrick",571578,SL,54.0,135.0,85.32219570405728,63.0071599045346,36.0,90.0,61.275999066879606,61.48144525992786,0.20544619304825318,0.20544619304825318,same
"Zeferjahn, Ryan",666171,FF,44.0,44.0,63.0071599045346,62.41050119331742,29.333333333333332,29.333333333333332,52.225443082646954,52.050423194023246,-0.17501988862370865,0.17501988862370865,opposite
"Montero, Rafael",606160,FS,58.0,76.0,91.76610978520287,81.02625298329356,38.666666666666664,50.66666666666667,64.76957070480498,64.60997481771254,-0.15959588709243633,0.15959588709243633,opposite
"Díaz, Edwin",621242,SL,73.0,74.0,94.5107398568019,93.55608591885442,48.66666666666667,49.333333333333336,70.50690030565674,70.34767587225821,-0.15922443339853487,0.15922443339853487,opposite
"Duran, Jhoan",661395,KC,34.0,33.0,99.0453460620525,100.0,22.666666666666664,22.0,59.376955515279846,59.2450104976044,-0.13194501767544864,0.13194501767544864,opposite
"Allen, Logan",671106,ST,47.0,114.0,88.3054892601432,64.31980906921241,31.333333333333336,76.0,60.45739587632566,60.34305812263356,-0.11433775369210508,0.11433775369210508,opposite
"Burrows, Mike",681347,FF,70.0,88.0,2.983293556085919,12.291169451073985,46.666666666666664,58.666666666666664,26.858877504022594,26.9474916407965,0.08861413677390573,0.08861413677390573,same
"Hicks, Jordan",663855,SI,108.0,73.0,21.241050119331742,8.353221957040573,72.0,48.66666666666667,28.663559854289662,28.576908261106226,-0.0866515931834364,0.0866515931834364,opposite
"Matz, Steven",571927,SI,83.0,95.0,39.73747016706444,40.692124105011935,55.333333333333336,63.33333333333333,43.316406170557656,43.28001686794552,-0.03638930261213602,0.03638930261213602,opposite
"Muñoz, Andrés",662253,SL,77.0,80.0,97.01670644391407,95.22673031026252,51.33333333333333,53.333333333333336,73.04024919099658,73.07092911275802,0.03067992176144685,0.03067992176144685,same
"Doval, Camilo",666808,FC,50.0,47.0,7.637231503579953,5.13126491646778,33.33333333333333,31.333333333333336,34.37908614017144,34.39613891530736,0.01705277513592307,0.01705277513592307,same
