player_name,pitch_type,matchup_type,pitches,mean_plate_x,mean_plate_z,std_plate_x,std_plate_z
"Abbott, Andrew",CH,opposite,514,0.7577148539369304,2.20478302583138,0.6133406189827597,0.8093913346368423
"Abbott, Andrew",CH,same,12,-0.12886058418999535,2.2881162593001725,0.725945410490096,1.3482701868828915
"Abbott, Andrew",CU,opposite,264,0.19823464798300827,1.9177578985424535,0.6126495234173946,0.9099496777742069
"Abbott, Andrew",CU,same,44,-0.3088709535039286,1.8852807681972692,0.7179233091372361,0.8525631666336918
"Abbott, Andrew",FC,opposite,111,-0.4342351018181642,2.5514866965223737,0.620785266790561,0.9100262568791128
"Abbott, Andrew",FC,same,4,-0.4353209918530687,2.5636694674932703,0.36300836213541726,1.0696353878939953
"Abbott, Andrew",FF,opposite,920,0.368424190845162,2.7421015963675415,0.666925445356813,0.8343365778612368
"Abbott, Andrew",FF,same,343,-0.025881804914394443,2.681893620931998,0.6549703716054985,0.8213845022610116
"Abbott, Andrew",ST,opposite,192,-0.30726812228809064,1.6908068521753619,0.7366376566498807,0.9204504132902157
"Abbott, Andrew",ST,same,273,-0.5403487089756934,1.8727723044418183,0.5567510772696039,0.8765577074402958
"Abel, Mick",CH,opposite,59,-0.49916448342121594,2.266805791897521,0.8014775703027573,0.8442166236746473
"Abel, Mick",CH,same,4,-0.6645637502451317,2.167046514106142,0.5842273334350037,0.9428123774930235
"Abel, Mick",CU,opposite,123,0.1175714193688837,1.8614690635224278,0.7926076006682214,0.9688723507167214
"Abel, Mick",CU,same,31,0.3024095378666549,1.4778289150650659,0.7848432361699916,0.8551670066227163
"Abel, Mick",FF,opposite,211,-0.10841851037172795,3.0096061631696456,0.7164069834316146,0.7504486001491344
"Abel, Mick",FF,same,92,-0.09409096138615614,3.1462227355775587,0.7721408691749762,0.6646692783196283
"Abel, Mick",SI,opposite,15,-0.45796872108867964,2.6780036079296567,0.6710463652925824,0.7124760812762421
"Abel, Mick",SI,same,80,-0.24462642121042522,2.6389229590428878,0.6872095753156725,0.714058931022925
"Abel, Mick",SL,opposite,18,0.036687825207263436,2.1348183689778697,0.6689074977746022,0.71022301427767
"Abel, Mick",SL,same,65,0.2436614882088597,2.314316662607217,0.7714269443234462,0.7321436356916878
"Abner, Philip",FF,opposite,18,-0.137416361521712,2.9601506963055617,0.7955118682841151,0.8256775100787436
"Abner, Philip",FF,same,34,-0.08435216093690039,3.0643821111600356,0.5716820981111101,0.9194550175849334
"Abreu, Bryan",FF,opposite,269,-0.21802847529146693,2.9132964977653555,0.8029211068995107,0.8668286015289177
"Abreu, Bryan",FF,same,325,0.3987755407208632,2.8047854825565297,0.7823426827260279,0.8977985641453867
"Abreu, Bryan",SL,opposite,248,0.30340790041441357,1.8633284860558263,0.7535726535453425,0.919903252718934
"Abreu, Bryan",SL,same,328,0.6822408810623196,1.926615731196419,0.7774803810971425,0.8431627978374614
"Adam, Jason",CH,opposite,251,-0.5926722420216535,2.2389944771785917,0.8230711223558818,0.8837756195857607
"Adam, Jason",CH,same,112,-0.07508658904990703,2.039236833912192,0.7222277730635793,0.9915501001136238
"Adam, Jason",FF,opposite,107,-0.3023573422975365,3.330485123165236,0.6638456366089599,0.8240706605553381
"Adam, Jason",FF,same,140,-0.13097537996123565,3.38014039379129,0.6863798803820544,0.8577013420107961
"Adam, Jason",SL,opposite,153,-0.15270549737959505,2.2224969649625392,0.7559228214111494,0.7368067742131786
"Adam, Jason",SL,same,229,0.31741911879123635,2.078118440496427,0.7101870913918843,0.8898048411350358
"Adam, Jason",ST,opposite,25,0.11682713230937691,2.2550156473402168,1.178731424584566,1.1269274193635594
"Adam, Jason",ST,same,67,0.591172058497147,2.5173547292174923,1.2517079230275039,1.1697072236873516
"Adams, Travis",CH,opposite,94,-0.43548970173487067,1.7693899081502353,0.8584130236285203,0.78052095519512
"Adams, Travis",CH,same,17,-0.19853366002115813,1.3795438102446302,1.0304706557716363,0.9564313365729288
"Adams, Travis",FC,opposite,58,0.3406102532771444,2.592022781677263,0.719204114825891,0.7165912733230625
"Adams, Travis",FC,same,65,0.47110572673181933,2.446510884207344,0.6813016569700023,0.8964613138285431
"Adams, Travis",FF,opposite,137,-0.31661335747640434,2.7456128042495282,0.8047275356599765,0.7504647173494228
"Adams, Travis",FF,same,58,0.40133567253644026,2.8755456033886984,0.8668119117446379,0.7372053867708361
"Adams, Travis",SI,opposite,10,-0.5771403522386587,2.391265511793368,0.739562750350589,0.8631507998340993
"Adams, Travis",SI,same,64,-0.3237791798101176,2.2306726579779554,0.6995642214819316,0.7484512014284178
"Adams, Travis",SL,opposite,60,0.13028922851764815,1.3919794101815846,0.8684914929285837,0.8402804455354662
"Adams, Travis",SL,same,73,0.7360220404741303,1.5666241608835099,0.73666045320878,0.7126546826357022
"Agnos, Zach",FC,opposite,81,0.7011804346342385,2.527678712280662,0.7263983841275434,0.6931282747610327
"Agnos, Zach",FC,same,95,0.5416318963592045,2.669508261638979,0.6395658857887603,0.7480198718399519
"Agnos, Zach",FF,opposite,84,-0.5296171366921231,2.7795294682775427,0.6140743077213967,0.7019992514984992
"Agnos, Zach",FF,same,71,0.33815405552443173,3.0418090042772463,0.831750222794865,0.6574216312796846
"Agnos, Zach",FS,opposite,93,-0.25445521428914725,1.7279156697629157,0.7963787071141586,0.8576823774047759
"Agnos, Zach",FS,same,15,0.24126115083114943,1.687485486837787,0.5538363648072823,0.8054106090851284
"Agnos, Zach",ST,opposite,11,0.5289356385812901,1.8719468670957675,1.1257941008120098,1.3559432469647719
"Agnos, Zach",ST,same,75,1.1534183003204546,1.817427810993773,0.9133630983392872,0.9341562972729772
"Akin, Keegan",CH,opposite,183,0.6428833908877427,2.151343038761792,0.6378231894627815,0.8240478972457488
"Akin, Keegan",CH,same,28,-0.4549091855457838,2.1984295815799446,0.7048616935120545,0.7502501196517859
"Akin, Keegan",FF,opposite,323,-0.06781844684280477,2.881773906709233,0.691538502633419,0.8180086708990504
"Akin, Keegan",FF,same,220,-0.09985734512339978,2.9199748780211463,0.6381147506787159,0.8399042411269327
"Akin, Keegan",SL,opposite,116,-0.02917857140400196,1.695048949604197,0.8090006781530744,0.7722140156737776
"Akin, Keegan",SL,same,188,-0.45542278366928357,1.7830016178482753,0.6618205190138827,0.7906502328983281
"Alcala, Jorge",CU,opposite,116,-0.18531212149168194,2.116212757310933,0.7565389682735936,1.2160952718390188
"Alcala, Jorge",CU,same,130,0.1531318335822858,2.0933637431766345,0.6877248293438012,1.177637281450462
"Alcala, Jorge",FF,opposite,232,-0.0659730527055167,2.8665186668629654,0.7367675145128727,0.8331469285900047
"Alcala, Jorge",FF,same,259,-0.0331501684413682,2.9937919192834705,0.7539137343500433,0.9140812049840971
"Alcala, Jorge",SI,opposite,1,1.3675852727234357,2.352010521631088,0.0,0.0
"Alcala, Jorge",SI,same,137,-0.4235368247688744,2.322948728912457,0.7986995655827187,0.8147917690222912
"Alcala, Jorge",SL,opposite,57,0.26992744932349466,2.200621079191451,0.6673734296258944,0.8792852360838483
"Alcala, Jorge",SL,same,106,0.3095833397705511,2.5490562575008058,0.7759121800866718,0.9134333587396742
"Alcantara, Sandy",CH,opposite,365,-0.5528960759967653,1.7870675210416649,0.6553071553092289,0.7519539477953139
"Alcantara, Sandy",CH,same,307,-0.5517609056092112,1.8598211820117267,0.6683437762414415,0.7487529798159592
"Alcantara, Sandy",FC,opposite,293,0.07252054058320723,2.1013582788059746,0.8057343586072967,0.7845243760232551
"Alcantara, Sandy",FC,same,189,0.7499793288344498,1.8542296870519672,0.8866354459508792,0.8225348413570918
"Alcantara, Sandy",FF,opposite,285,-0.22691954024172853,2.8340561289794555,0.7583411081144923,0.765066848343083
"Alcantara, Sandy",FF,same,210,0.02348980622262655,2.894856248068623,0.6835109672470883,0.8163829711230088
"Alcantara, Sandy",SI,opposite,314,-0.10239847672153891,2.340380080870821,0.679731060023309,0.659989190934044
"Alcantara, Sandy",SI,same,433,-0.2155777800049265,2.39554537855924,0.6919022460160464,0.6088998639033657
"Alcantara, Sandy",SL,opposite,211,-0.042341997223103785,1.6395961791689615,0.8674310660038509,0.920577808965833
"Alcantara, Sandy",SL,same,284,0.3540132364295478,1.7557454647036794,0.8131723914023674,0.8646988057633441
"Aldegheri, Sam",CH,opposite,66,0.6553866489482142,2.1207784237993224,0.7095406223437003,0.7544502537216292
"Aldegheri, Sam",CH,same,6,0.08080182936412904,1.1558929280176022,0.5066103420675008,1.1257431777717275
"Aldegheri, Sam",FF,opposite,80,-0.3254263521307209,2.69709441057083,0.8146574205829095,0.8974482980752894
"Aldegheri, Sam",FF,same,63,-0.6996968195058472,2.4861606924635518,0.7139509724532266,0.8729553802165353
"Aldegheri, Sam",SL,opposite,20,-0.3378866990761217,1.5795974235241483,0.9360124149511266,1.093283631932114
"Aldegheri, Sam",SL,same,33,-0.3539955826083383,1.5882469446580139,0.7192156111923786,1.0409114613772772
"Alexander, Jason",CH,opposite,252,-0.28427930617758446,1.8109615154724545,0.8446553262442202,0.7778829750897167
"Alexander, Jason",CH,same,158,0.44251329056570643,1.6559732344838844,0.8447666240171275,0.7390231192107031
"Alexander, Jason",FF,opposite,87,-0.18125373324151314,3.3472410956143928,0.8012152081571088,0.8310248334214818
"Alexander, Jason",FF,same,40,0.8976267822747264,3.4199657812103696,0.816724967255781,0.7883631481215491
"Alexander, Jason",SI,opposite,226,-0.2131764725796727,2.193937087933189,0.691495434316191,0.6169794086199943
"Alexander, Jason",SI,same,274,0.07093718321479975,2.2765590312528077,0.7203791311462004,0.6347763333038173
"Alexander, Jason",ST,opposite,108,-0.1196470046766888,1.979694844538692,0.7691408372956476,0.639529946673929
"Alexander, Jason",ST,same,92,0.8240218361551682,1.8526147462500198,1.0495801350927112,0.8009335547334282
"Alexander, Scott",SI,opposite,106,0.10190105643025482,2.0981265733100534,0.7456698238360193,0.7064965211017026
"Alexander, Scott",SI,same,98,-0.2506377506622826,2.12307022051571,0.6792696548026743,0.7307182213480377
"Alexander, Scott",SL,opposite,2,0.17740984982916067,1.954732585499799,0.5051815103132843,0.4271190828870208
"Alexander, Scott",SL,same,63,-0.9043225626516148,1.8753945235339722,0.8498357682482617,0.6935343340648856
"Alexander, Tyler",CH,opposite,232,0.6170022553910522,1.6298849101442898,0.6479141128160256,0.7066176967707246
"Alexander, Tyler",CH,same,22,0.20411991250597794,1.5819327105985423,0.5390487667792982,0.635714223412601
"Alexander, Tyler",FC,opposite,219,0.23888772795551735,2.8772036618317065,0.7427980432965207,0.7999051402984847
"Alexander, Tyler",FC,same,52,-0.595153545244313,2.495721448605448,0.5613803359157646,0.6466277353554608
"Alexander, Tyler",FF,opposite,258,0.1092979614211091,3.041173464459162,0.6361733540512926,0.7755374064384276
"Alexander, Tyler",FF,same,156,-0.07969384875198433,3.110130188937706,0.6057035941004122,0.9048428024939044
"Alexander, Tyler",SI,opposite,121,0.14746364374640367,2.752219434924693,0.7640553965265982,0.6080126747613276
"Alexander, Tyler",SI,same,170,0.26833948063736396,2.7026147578679516,0.7147904982766807,0.5782337971675975
"Alexander, Tyler",ST,opposite,107,0.4409910194291769,2.2854521922851663,0.8048512404514331,0.7177798270949678
"Alexander, Tyler",ST,same,248,-0.60687416255581,2.0528433538254776,0.7997984487294583,0.6837116549259591
"Allard, Kolby",CH,opposite,172,0.6853414513431294,2.2764836187907447,0.6568216058610217,0.9379898213134216
"Allard, Kolby",CH,same,28,0.6283864475247231,2.1843823535517304,0.6469928793655083,0.8632022158317236
"Allard, Kolby",CU,opposite,106,0.19712052726728788,2.024071916138525,0.8058056734948984,1.1411765034983723
"Allard, Kolby",CU,same,26,0.05209624632136947,2.3919461861020714,0.8096891001401052,1.1093474481014696
"Allard, Kolby",FC,opposite,113,-0.23368013881492572,2.50882299058652,0.6704726630398409,0.8507195139143332
"Allard, Kolby",FC,same,80,-0.13077964914733095,2.2771071998768484,0.7243129882675168,0.9279339883532477
"Allard, Kolby",FF,opposite,283,0.20535163347775018,2.8882437782258106,0.6649667459657262,0.799206524152074
"Allard, Kolby",FF,same,106,-0.1610849138680659,2.7404900517407276,0.5621371662463955,0.7339040584972382
"Allard, Kolby",SI,opposite,6,0.6901979684923444,2.9101525345476333,0.9429670486849941,0.7095079680391473
"Allard, Kolby",SI,same,80,0.2773923561784447,2.70089914078405,0.6425734351845215,0.6760782829457271
"Allen, Logan",CH,opposite,495,0.4247303325985843,1.7702387514078448,0.7674818929307371,0.8637228988857828
"Allen, Logan",CH,same,2,-0.17532817539134998,1.3696051100768243,0.008292766155368001,0.7989395881209345
"Allen, Logan",FC,opposite,257,-0.36527303903398783,2.6288390146638543,0.7632901095468874,0.810483093714236
"Allen, Logan",FC,same,49,-0.6463886079115267,2.2436070785301556,0.841244536868332,0.8955236909025703
"Allen, Logan",FF,opposite,762,0.21471682092859684,2.910270699690465,0.8334611696666742,0.7480639623201397
"Allen, Logan",FF,same,138,-0.24368466965735372,2.6791956335886016,0.6605526665967194,0.6975268923040454
"Allen, Logan",SI,opposite,185,0.4840122425448027,2.369311955905739,0.7664785633746554,0.7140782384866564
"Allen, Logan",SI,same,181,0.10805872426461609,2.4681522807634,0.7890041472116818,0.6915690929336258
"Allen, Logan",ST,opposite,445,0.3992628208645557,1.8878952912978688,0.8716147908039598,0.7818981501848161
"Allen, Logan",ST,same,191,-0.6980181465615554,1.6612163310923167,0.8812355415948503,0.789801398219815
"Altavilla, Dan",CH,opposite,93,-0.5407981469193794,1.9294314718284866,0.7052434091399519,0.7785630240279084
"Altavilla, Dan",CH,same,14,-0.32059863025006496,1.712959678031922,0.9358220030644208,1.0011380781817998
"Altavilla, Dan",FF,opposite,69,-0.06908728980210126,3.1951835978949106,0.6947777862953726,0.8236775516249799
"Altavilla, Dan",FF,same,52,0.29354592876505553,2.881119626952338,0.8418969445701102,1.0033499964306427
"Altavilla, Dan",SI,opposite,45,-0.37907165549709504,3.004549012532106,0.7042438162444055,0.7549799728805648
"Altavilla, Dan",SI,same,69,-0.2736321080206146,2.795850497751904,0.8402471137642198,0.7063486392108046
"Altavilla, Dan",SL,opposite,20,0.004733273770186089,2.369695173444195,0.8633177898618178,0.78178194185402
"Altavilla, Dan",SL,same,94,0.5582501051947583,2.171545888785777,0.7640550237384444,0.8192715715780637
"Alvarado, Elvis",FF,opposite,193,-0.24644144493291667,2.985914147383518,0.865094433542063,0.7123253354912906
"Alvarado, Elvis",FF,same,179,0.12976615073628006,2.808408853034754,0.909713131340118,0.7096272111795252
"Alvarado, Elvis",SI,opposite,35,-0.3304905733180909,2.398259595891808,0.9029862633212669,0.6194827632276044
"Alvarado, Elvis",SI,same,82,-0.16993750023235327,2.482425546618945,0.7200393020824738,0.5605336030417821
"Alvarado, Elvis",SL,opposite,87,0.35303527447046845,1.6298070399274942,0.9368273574134304,0.7662221854612676
"Alvarado, Elvis",SL,same,158,0.6876767055516518,1.6454908312273206,0.9526918358978704,0.7610422424167583
"Alvarado, José",FC,opposite,106,-0.7909180452122274,1.7277972677086473,0.6145684346410061,1.0696036378073652
"Alvarado, José",FC,same,33,-0.8167154737217323,1.8484019801761704,0.7550789853418203,0.9050954576981008
"Alvarado, José",SI,opposite,209,-0.29826870002380007,2.757723829570114,0.6153293787438548,0.7651798776313049
"Alvarado, José",SI,same,78,0.11565988360363345,2.5284520935829033,0.7391903370888028,0.8183489454942001
"Alvarez, Andrew",CU,opposite,101,0.03014996252928524,2.0810526363478217,0.7621033615890577,0.9443628686880713
"Alvarez, Andrew",CU,same,12,-0.3867290379120348,1.7171281421820705,0.9997218600191151,1.1948234567872438
"Alvarez, Andrew",FF,opposite,130,0.05476026799432929,2.936224670074001,0.6877229379436568,0.919447574492497
"Alvarez, Andrew",FF,same,12,-0.35109263772776345,3.4881153186536884,0.5748279553975929,0.7800945421072867
"Alvarez, Andrew",SL,opposite,94,0.12059510630344146,1.945774491490559,0.628327995279703,0.914901044791777
"Alvarez, Andrew",SL,same,27,-0.5262767740317984,2.003517715889273,0.49657756191818464,1.0197581264381201
"Anderson, Grant",FF,opposite,253,-0.11747831253264027,2.989085347163458,0.7358867890132486,0.718814552289163
"Anderson, Grant",FF,same,139,0.15893979062386818,3.327974254176641,0.7498166751717287,0.5826505753789335
"Anderson, Grant",SI,opposite,37,0.2373784521995402,2.2744140220372557,0.8210066291413259,0.43417680907316386
"Anderson, Grant",SI,same,261,0.11047050525771823,2.2880837705685964,0.786790740526574,0.590235414279981
"Anderson, Grant",ST,opposite,126,0.14961824682467,1.8105337597479079,0.9159497262054221,0.5101576205132441
"Anderson, Grant",ST,same,325,0.7905604784868023,1.9494914013276463,0.9773840305786465,0.5373786941757145
"Anderson, Ian",CH,opposite,28,-0.6492174307165727,1.8189737686814353,0.5053242547289832,1.3477934949947565
"Anderson, Ian",CH,same,43,-0.07389235837950683,1.581265152886359,0.6631825677177295,1.4898788278288249
"Anderson, Ian",FF,opposite,31,-0.1799581327214816,2.974273385730987,0.6104503935408615,0.9096302396128896
"Anderson, Ian",FF,same,73,0.19922699177195982,2.934169982923829,0.6660039649549906,0.891933949228134
"Anderson, Nick",CH,opposite,40,-0.6581587998364513,1.8387133721665982,0.7833873595461853,0.7443139987000514
"Anderson, Nick",CH,same,11,-0.7760140075775925,2.1087577054215116,0.4795500471171016,0.9209040068162391
"Anderson, Nick",CU,opposite,13,-0.07909856474988125,2.3272650634593295,0.574294937017808,1.2034782235309862
"Anderson, Nick",CU,same,58,0.23133248346577057,2.3388843539461712,0.6411221657209882,0.9906685188324578
"Anderson, Nick",FF,opposite,48,-0.04809496447555306,2.768839738548582,0.6446696631315695,0.8065407422844708
"Anderson, Nick",FF,same,68,0.007944231969179805,2.9454235226829315,0.7141346235000522,0.749592464792954
"Anderson, Shaun",FF,opposite,26,0.15074723476050547,2.7496548720133993,0.8846577931536933,0.799655981000308
"Anderson, Shaun",FF,same,34,0.15876509571117967,2.5406747901554287,0.47612968491522956,0.8649621354276538
"Anderson, Shaun",SL,opposite,31,-0.15407609710373957,2.4301097119648483,0.6602319725718024,0.8152512522660643
"Anderson, Shaun",SL,same,36,0.27357687433887384,2.5447254607121774,0.7715256723763084,0.7766031254121415
"Anderson, Tyler",CH,opposite,733,0.45418727614772725,1.9564449725407784,0.527617856014963,0.9859766786452848
"Anderson, Tyler",CH,same,62,-0.3708097126610959,1.5698720801992936,0.6025940567364169,0.974143634742914
"Anderson, Tyler",FC,opposite,258,-0.5240240291555237,2.3454734340943255,0.7467590527735453,0.8882652498493268
"Anderson, Tyler",FC,same,222,-0.6654280597848516,2.0595414539783716,0.6400751216890144,0.8894938729707401
"Anderson, Tyler",FF,opposite,665,-0.04628443423922212,2.919718581459714,0.6850509906092653,0.8379534164903175
"Anderson, Tyler",FF,same,227,-0.3758643886847553,2.482565740698836,0.5992927745902289,0.7763143353693694
"Anderson, Tyler",SI,opposite,1,-0.712166176641986,3.650041730734043,0.0,0.0
"Anderson, Tyler",SI,same,84,0.3629368351067332,2.3166227350466486,0.6965648737080686,0.8317762679160856
"Anderson, Tyler",SL,opposite,4,0.0381544116833486,2.2478279804602534,1.0289625383730359,0.618331072997985
"Anderson, Tyler",SL,same,77,-0.5252757700500383,2.101071947868723,0.8436199340442581,0.9766712581107962
"Arias, Luarbert",FF,opposite,36,0.24668989811008465,2.629562378793596,1.0227932547862368,0.7145383714550559
"Arias, Luarbert",FF,same,23,0.6763543782660736,2.6077698817488986,1.5577913461784474,0.7632988569232041
"Arias, Luarbert",SL,opposite,36,-0.0321076458801047,2.3501251273646755,1.0359282538068155,0.9023325721595463
"Arias, Luarbert",SL,same,60,0.1669711657995415,2.0957718824414915,0.5431325705185007,0.7633935263933953
"Armstrong, Shawn",FC,opposite,127,0.06522114807228949,2.3252233666463704,0.7077747882756095,0.8702431756480586
"Armstrong, Shawn",FC,same,142,0.6748740182663536,2.2274673126988525,0.6946645859610119,0.7179633290207965
"Armstrong, Shawn",FF,opposite,152,-0.4282957126909362,2.835493795098219,0.7050374018720533,0.7641081712583209
"Armstrong, Shawn",FF,same,171,0.2628674028045365,2.912025909837347,0.7144983576251119,0.7368745585631726
"Armstrong, Shawn",SI,opposite,52,0.047866889233579325,2.546723094676146,0.8162829627310274,0.7773428706109061
"Armstrong, Shawn",SI,same,212,0.19430246637009926,2.3614983136364094,0.7860816289793229,0.6736000329734525
"Armstrong, Shawn",ST,opposite,87,-0.339629401303401,1.8660672295015153,0.709143915396149,0.8354356652115771
"Armstrong, Shawn",ST,same,174,0.837737521687502,1.9783400319957145,0.6414121279544122,0.7322131488586927
"Arrighetti, Spencer",CH,opposite,55,-0.41709242888397524,1.9088429419383852,0.6566955448656709,0.7167440814562568
"Arrighetti, Spencer",CH,same,3,0.8034811464106655,0.9789601519651008,0.8735829448528499,0.3828524444527468
"Arrighetti, Spencer",CU,opposite,99,0.08027935599531981,1.7787102279601765,0.9557844423491392,0.8764665626917953
"Arrighetti, Spencer",CU,same,40,0.2935394070476757,2.0003338448952954,0.8565591572429008,0.910278570038603
"Arrighetti, Spencer",FC,opposite,54,-0.2259462136188271,2.7237045354206604,0.7419188629351235,0.707108893764556
"Arrighetti, Spencer",FC,same,32,0.20247244724955862,2.7158893062060385,0.7303539927755328,0.5971531185933515
"Arrighetti, Spencer",FF,opposite,117,-0.37003386245833764,2.8553386950005253,0.7723424054541753,0.7704857082821761
"Arrighetti, Spencer",FF,same,79,0.028267811965599233,3.1301592880099585,0.753180832484117,0.6475232788669633
"Arrighetti, Spencer",SI,opposite,3,-0.9421715289288993,2.3640443275823464,1.0302087791446057,0.6599334399077352
"Arrighetti, Spencer",SI,same,52,-0.33828748758866706,2.340926032326759,0.5642938165148689,0.7189547195446085
"Arrighetti, Spencer",ST,opposite,7,0.7803293552343825,1.8333133746839265,0.9891741790284537,1.162394310647254
"Arrighetti, Spencer",ST,same,77,0.9654998618079437,1.7636925854478704,0.8888541236221439,0.7647083136351762
"Ashby, Aaron",CH,opposite,132,0.30182350312815415,1.8556393476430688,0.6562349542253021,1.1058080125390928
"Ashby, Aaron",CH,same,3,-0.1268406574509012,1.4148367112544848,0.44675670652095295,1.1921087071030074
"Ashby, Aaron",CU,opposite,214,-0.1702871181559674,1.601075624605709,0.7456959553038158,1.12353608304192
"Ashby, Aaron",CU,same,85,-0.09523001899090966,1.849695819272039,0.7971440886617422,1.1808774283067374
"Ashby, Aaron",FF,opposite,29,-0.4871975216033542,3.5736585212294423,0.37066281602599843,0.7802766807636595
"Ashby, Aaron",FF,same,22,-0.775729475990921,2.830330947651758,0.7702282195941886,1.024517835692729
"Ashby, Aaron",SI,opposite,349,-0.03074374630392612,2.3363767725956097,0.6500644682135622,0.893926979982509
"Ashby, Aaron",SI,same,256,-0.08821279300159995,2.444937539732625,0.7024023109782243,0.8824822469020361
"Ashby, Aaron",SL,opposite,15,-0.3477805945896922,1.230201288992472,1.072733169714166,1.2892426794054888
"Ashby, Aaron",SL,same,83,-0.5533654310103983,1.3740432835516532,0.851036608435806,1.0406950276445648
"Ashcraft, Braxton",CU,opposite,161,0.12049942716989782,2.11667106430027,0.8428292127451855,1.0456436230341077
"Ashcraft, Braxton",CU,same,71,0.32487552898115785,2.1526039039821336,0.7351608916057659,1.0082420962339287
"Ashcraft, Braxton",FF,opposite,184,-0.026377430249441565,2.7178606334410182,0.6990694227823555,0.7773819995790966
"Ashcraft, Braxton",FF,same,143,0.34332254934832473,2.676032047720995,0.7128515365793126,0.9034333210382772
"Ashcraft, Braxton",SI,opposite,19,-0.6219953425011842,2.220877115659755,0.5407059798955656,0.6771397856194837
"Ashcraft, Braxton",SI,same,144,-0.157693154250891,2.14202620547191,0.677928352788212,0.7828847976473958
"Ashcraft, Braxton",SL,opposite,112,0.3164882816386597,2.1167807262415494,0.6976713623266226,0.8197235733498641
"Ashcraft, Braxton",SL,same,232,0.5508508949200498,1.974110309469883,0.6121968332826209,0.8224757432581425
"Ashcraft, Graham",FC,opposite,285,0.363519542370285,2.5828306550926943,0.7051088150457896,0.9451073211893593
"Ashcraft, Graham",FC,same,277,0.2883200798350489,2.4472065361518256,0.6749705680318681,0.9942189444512224
"Ashcraft, Graham",SL,opposite,185,0.5562271542001255,2.0210881633691353,0.6723433191867428,1.0234686731140794
"Ashcraft, Graham",SL,same,292,0.5469922869063611,1.9921956177476712,0.6883686479280673,1.0038930693941102
"Assad, Javier",FC,opposite,69,0.1725989612977697,2.5868128901163168,0.7936682731170954,0.7891549794750796
"Assad, Javier",FC,same,55,0.6662197194745609,2.3919918309204484,0.6513789325415784,0.7111772566793391
"Assad, Javier",FF,opposite,59,-0.0806950717045888,2.8631434589704856,0.8270458864396412,0.8667805322395161
"Assad, Javier",FF,same,13,0.4509595421753427,2.850429708594481,0.7437627280423563,0.7083136750493509
"Assad, Javier",SI,opposite,65,0.14492439348469102,2.56701967669806,0.59023597637396,0.7252122791385295
"Assad, Javier",SI,same,165,0.1656122747133066,2.3154852374062744,0.6819680257059134,0.8017811602567484
"Assad, Javier",ST,same,73,1.038908660189139,1.5931541438713634,0.7554775660550004,0.8732357323463232
"Avila, Luinder",CU,opposite,33,0.35217284022226436,1.2671946568189691,0.7191215196048374,0.8246471562711394
"Avila, Luinder",CU,same,38,0.43384333539191194,1.758766906143787,0.7724871502718487,0.9445164391066069
"Avila, Luinder",FF,opposite,41,0.2781031865933521,2.732972944716076,0.6561708591211688,0.8225804432548652
"Avila, Luinder",FF,same,22,0.3785191374644045,3.0019438832800556,0.6532780357087479,0.8352672195142543
"Avila, Luinder",SI,opposite,7,0.12795769923733774,2.317060986610571,0.35766947489065265,0.7022146687060755
"Avila, Luinder",SI,same,45,-0.2547612814357097,2.4297731804764164,0.650555663272943,0.929468868945474
"Bachar, Lake",FF,opposite,206,-0.446546484669943,2.8394581212768495,0.6531947992794492,0.7306205660464842
"Bachar, Lake",FF,same,219,-0.008950001818093498,2.804953050179125,0.6973679054665138,0.804328762211317
"Bachar, Lake",FS,opposite,98,-0.490798427227614,1.7842562397926864,0.9177774623659033,1.0035567599207684
"Bachar, Lake",FS,same,41,0.2853736649613448,1.4715583077441912,0.9634926489250063,0.9917713345179778
"Bachar, Lake",SL,opposite,140,0.06392355750522681,1.4890565504387858,0.7377934050659972,0.851063033527204
"Bachar, Lake",SL,same,126,0.34986068175845836,1.595850083391082,0.7709885975721907,0.8195013498056266
"Bachar, Lake",ST,opposite,117,-0.0934488965241348,1.889889842399379,0.8078642845907774,0.7368413150058374
"Bachar, Lake",ST,same,196,0.4152803696845974,1.7883660181542609,0.8803180096733657,0.8139745216288281
"Bachman, Sam",SI,opposite,65,0.09372238548646772,2.6676452899122487,0.7928867000286874,0.8932132843523511
"Bachman, Sam",SI,same,49,0.055233786374023625,2.693193659334786,0.7135669235132587,0.728069512111766
"Bachman, Sam",SL,opposite,66,-0.0031636604359957933,1.9962458317078882,0.8747524745115295,0.8628238617081275
"Bachman, Sam",SL,same,119,0.272716510091362,1.7089527588490059,0.8597702951828804,0.8784396646013876
"Backhus, Kyle",SI,opposite,176,-0.04134779785291351,2.498633191135656,0.7172005547613589,0.7515597871485528
"Backhus, Kyle",SI,same,97,-0.06362279921371,2.451218963532725,0.6662687271258648,0.6856592529313144
"Backhus, Kyle",ST,opposite,60,-0.21763413630461806,1.8849370167774082,0.9470660505694847,0.723813925914773
"Backhus, Kyle",ST,same,56,-0.7704781793827067,1.7693040577256642,0.8728641220332463,0.6134453330368885
"Baker, Bryan",CH,opposite,222,-0.20738811433083254,2.1026633970739668,0.6908755914833228,0.9191655977221911
"Baker, Bryan",CH,same,85,0.2013721061960716,1.8274631029405086,0.6950043412818767,1.0026919153068385
"Baker, Bryan",FF,opposite,308,-0.17561640194611666,2.9066203164438043,0.687148968048844,0.7969162892491228
"Baker, Bryan",FF,same,212,0.06412995707448747,2.8260095293531684,0.725916761965471,0.8007885023752703
"Baker, Bryan",SL,opposite,83,-0.25958207593539323,2.186569568652594,0.7329977152534697,0.857934423007697
"Baker, Bryan",SL,same,192,0.43401507964716163,2.097005176462757,0.7020331392790911,0.8016935731966748
"Banda, Anthony",FF,opposite,199,-0.05320658795253839,3.1689154463232323,0.611180841304888,0.7933219198349395
"Banda, Anthony",FF,same,56,-0.086723122615869,3.071270299523045,0.6035369709740873,0.7204738241256304
"Banda, Anthony",SI,opposite,100,0.2202885438893935,2.61418578732441,0.7196158558064853,0.6712349376894119
"Banda, Anthony",SI,same,170,0.14519392249213214,2.5510328389946935,0.715462396129015,0.8366814414791183
"Banda, Anthony",SL,opposite,284,-0.4090263445150361,1.9527030921132722,0.9570616275335642,1.0868563592049876
"Banda, Anthony",SL,same,281,-0.899703827296855,1.8110653348684247,0.8845487919145142,1.0090292085910784
"Banks, Tanner",CH,opposite,70,0.8916654229129755,1.6689654421612616,0.948586166375823,0.8751880460189477
"Banks, Tanner",CH,same,1,-0.7260202479321562,1.3416432664786733,0.0,0.0
"Banks, Tanner",FF,opposite,163,-0.09889068340479437,3.008213521161478,0.6050679696688046,0.6819063605590276
"Banks, Tanner",FF,same,70,-0.1575452394553434,2.8296101891909777,0.6399304810073329,0.8222645938481845
"Banks, Tanner",SI,opposite,21,0.41360697535915636,2.2567181719347227,0.758591204903759,0.8189777771351971
"Banks, Tanner",SI,same,113,0.5317555493430398,2.325337724771401,0.6005135883220976,0.7771621232344634
"Banks, Tanner",SL,opposite,279,-0.25228371675496614,3.0161961444561647,0.5918524604052232,0.8665909792396106
"Banks, Tanner",SL,same,109,-0.18782875291930726,2.585976833213025,0.6187172025965776,0.8412958982782442
"Banks, Tanner",ST,opposite,116,0.3527726288400331,2.4951545246246694,0.7273107993760686,0.8747172119880736
"Banks, Tanner",ST,same,151,-0.8422911666141116,1.7996260989967845,0.7198990960775911,0.7811580708806007
"Barlow, Scott",CU,opposite,134,0.11610957442984865,1.625917253942907,1.0398637904256673,0.8231601509950819
"Barlow, Scott",CU,same,75,0.6227372950894371,1.397463684028655,0.9935190179238265,0.7343939571302781
"Barlow, Scott",FF,opposite,149,-0.21667025229025177,2.927115542213475,0.8461824489954978,0.691561301646935
"Barlow, Scott",FF,same,122,-0.09342456962918955,2.882130672640093,0.8376290170851087,0.6490155059470666
"Barlow, Scott",SI,opposite,48,-0.32897845876386406,2.156398062572056,0.8580413476924232,0.5767780713806809
"Barlow, Scott",SI,same,139,-0.11337849512461176,2.118935748586985,0.8249802056510571,0.6441867670385905
"Barlow, Scott",SL,opposite,84,0.3874101968951053,1.6023911851046653,0.8527310302556376,0.6386768345831243
"Barlow, Scott",SL,same,158,0.4850043175416406,1.8279392708454558,0.9334602644984245,0.6355357026068863
"Barlow, Scott",ST,opposite,81,-0.09909166598895254,2.0114257941240847,0.9691167242061062,0.6167412700615134
"Barlow, Scott",ST,same,281,0.6965702445718855,1.971264172809584,0.941327467415501,0.6344348086070992
"Barnes, Jacob",FC,opposite,29,-0.2548707975698213,1.5949693619282752,0.8376088049801321,0.8531177645363817
"Barnes, Jacob",FC,same,53,0.7826851209735588,1.5413176815379628,0.7098904625245691,0.7136485063144945
"Barnes, Jacob",FF,opposite,28,-0.3229821469691106,2.942388287646608,0.7163643838268624,0.8094586733077025
"Barnes, Jacob",FF,same,26,0.4626143008610684,2.778882664533287,0.5683682399303724,0.8334982311593659
"Barnett, Mason",CU,opposite,30,-0.03045588538266199,1.7225095496414293,0.7747265035574357,1.1577177387498045
"Barnett, Mason",CU,same,35,0.08954168763429486,1.6091647101063924,0.7134983590219504,0.9961046122340924
"Barnett, Mason",FF,opposite,92,0.037418725397887764,2.963646096261254,0.729470087418473,0.7909257103344159
"Barnett, Mason",FF,same,138,0.026344456338665025,2.956785535655629,0.7111987012371603,0.8554504697225123
"Barnett, Mason",ST,opposite,24,-0.035956067836748214,2.062241278381947,0.7120927797319335,0.9315419923624678
"Barnett, Mason",ST,same,68,0.808768070474469,2.055743409580793,0.7828692631082121,0.9635775290378343
"Bassitt, Chris",CH,opposite,89,-0.29237594679335915,2.0024937281887083,0.9273605321011609,0.7766713290807197
"Bassitt, Chris",CH,same,15,-0.04147069107547696,1.8256260947533263,0.6945046236021352,0.9777816266569328
"Bassitt, Chris",CU,opposite,299,-0.16896015557714283,1.9147289432536996,0.92201245260831,0.7957226540448806
"Bassitt, Chris",CU,same,173,0.25040838659339404,1.85327961923836,1.024856981205423,0.9193661924987903
"Bassitt, Chris",FC,opposite,350,0.15177980752432052,3.3395306290270637,0.6979855392956434,0.7028641737044474
"Bassitt, Chris",FC,same,135,0.3878290793763606,3.3300890330726576,0.7119782346057216,0.79266778156979
"Bassitt, Chris",FF,opposite,235,-0.06566054305586971,3.3458271098815513,0.7674239681516465,0.6802468151255684
"Bassitt, Chris",FF,same,52,0.6309144452979649,3.1255512581929144,0.7578529103327122,0.7277704881536834
"Bassitt, Chris",FS,opposite,87,-0.36805148582561137,1.6446191953482314,0.9978082445059084,0.9686572493987538
"Bassitt, Chris",FS,same,15,0.2593262134574324,1.5675780966129338,1.0615476315431733,1.0671799386104837
"Bassitt, Chris",SI,opposite,556,-0.2772427319894038,2.4542933641421465,0.763410488507273,0.6588520823475836
"Bassitt, Chris",SI,same,663,-0.18318356723250126,2.443239171850842,0.7925743255724385,0.6661126990301809
"Bassitt, Chris",SL,opposite,35,0.49248534519851017,2.377318583431644,0.8327579202403558,0.820294238081104
"Bassitt, Chris",SL,same,48,1.063007509892593,2.0398140232479327,0.8009066734453509,0.7765163590889267
"Bassitt, Chris",ST,opposite,25,-0.11724473338280358,2.153130458863324,0.6372135466975007,0.5707212974653421
"Bassitt, Chris",ST,same,148,0.5565101582492812,2.0011514520399314,1.0818636626261167,0.6662444038368714
"Basso, Brady",FF,opposite,73,-0.13884544416261468,2.8767605177987803,0.6184047043859848,0.8194297789204218
"Basso, Brady",FF,same,35,-0.16339741579115902,2.8861228461076687,0.5777674078483508,0.8045402559532081
"Bauers, Jake",FA,opposite,41,0.22286473914057417,2.551183527883022,0.930976574901973,0.9197745289554742
"Bauers, Jake",FA,same,22,-0.3870801706057278,3.0440939709845183,1.2365423865714498,1.1579196167426162
"Bautista, Félix",FS,opposite,107,-0.38510723357411974,1.9372462380996753,0.7573598047898618,1.262662203178421
"Bautista, Félix",FS,same,72,0.09325277002292424,1.6159135308887618,0.6355208601416069,1.2194059121835057
"Bautista, Félix",SI,opposite,203,-0.06267856939286691,3.0864420995140605,0.6904489960349378,0.9609553305646774
"Bautista, Félix",SI,same,184,0.1009971613279705,2.885274663767676,0.728508279559341,1.0129580267328737
"Bautista, Félix",SL,opposite,7,-0.5769718239446056,2.49656709426406,1.0158476412075401,1.4931870096400826
"Bautista, Félix",SL,same,50,0.1916266060587829,2.2623575966051863,0.7758821847171049,1.0825949549430078
"Baz, Shane",CH,opposite,289,-0.527344054203577,2.272946213991781,0.7155600706373495,0.9171211871763433
"Baz, Shane",CH,same,22,-0.20699300594786688,1.9496530258925804,0.8426884386682252,1.0661855614447295
"Baz, Shane",FC,opposite,196,0.5131912154569869,2.7456564335154776,0.6779890287154233,0.8304813839702527
"Baz, Shane",FC,same,204,0.5254757438834594,2.5064861076637417,0.7056204966714033,0.9375816113090079
"Baz, Shane",FF,opposite,534,0.019448868348392528,3.0727378435683534,0.6799586333207227,0.7881316390427985
"Baz, Shane",FF,same,660,0.203281902697713,2.9878630621027362,0.7065651277955133,0.8317275055018104
"Baz, Shane",KC,opposite,271,0.20755014128242052,2.048372653484205,0.7369247474473128,1.0391767508425274
"Baz, Shane",KC,same,460,0.3028268729428397,2.045584722588094,0.7093327034043967,0.9934529947422301
"Baz, Shane",SL,opposite,3,-0.5632510881198182,4.033358126990695,0.6351726062012412,0.5744671519137343
"Baz, Shane",SL,same,79,0.21794394128602146,2.874053905041051,0.7707782639835538,0.9180610423964864
"Bazardo, Eduard",FF,opposite,89,0.06244765958264001,2.704839146879563,0.6996444158507078,0.8030960328454799
"Bazardo, Eduard",FF,same,88,0.32531764128604923,2.8756410838710518,0.8550767452450847,0.8419040115683517
"Bazardo, Eduard",SI,opposite,235,0.08634026246182694,2.527329192815032,0.7192711499592734,0.7169076971263729
"Bazardo, Eduard",SI,same,377,0.16732341042420004,2.6197898850348955,0.7172375297576804,0.7386587950254498
"Bazardo, Eduard",ST,opposite,300,0.08019504384115583,1.824868078631614,0.6589627158552952,0.7347517230323489
"Bazardo, Eduard",ST,same,274,0.5936126471395277,2.0116510452441143,0.7411657525810886,0.730531950902741
"Beck, Tristan",CU,opposite,100,-0.2561854417633662,2.4350254303665064,0.821790176200674,1.0700993863538584
"Beck, Tristan",CU,same,41,-0.08289258210120035,2.3630419811188648,0.6684321372853084,0.9113010337587033
"Beck, Tristan",FF,opposite,128,-0.23520781493756318,2.530545838044598,0.7300689678757923,0.8319782988769244
"Beck, Tristan",FF,same,142,0.12471254658165944,2.5560062698941346,0.7439692572228711,0.7889354845535193
"Beck, Tristan",SL,opposite,80,0.29218778589810446,2.5990698322966814,0.6976996134189144,0.8653422794461373
"Beck, Tristan",SL,same,94,0.5699582453430011,2.258604041131286,0.6663825695967817,0.7206403204915401
"Beck, Tristan",ST,opposite,94,0.12071437937851368,2.1790974945088877,0.8040973632265298,0.8453603679133744
"Beck, Tristan",ST,same,138,0.5964250081087862,2.070713337142963,0.8406465032062586,0.7937627566222338
"Bednar, David",CU,opposite,181,0.001017763234936287,1.9981741327011961,0.7073169270298981,0.9067261182750894
"Bednar, David",CU,same,222,0.5872790155720726,1.879726230636771,0.6891512966383819,0.8683817475753628
"Bednar, David",FF,opposite,213,-0.0980159474730456,3.02095876882694,0.7045493908798572,0.8900543995377116
"Bednar, David",FF,same,264,0.2381480411303789,2.8071898227961225,0.685142082586909,0.9039040217428695
"Bednar, David",FS,opposite,138,-0.16311941121511125,1.6173102749516988,0.5224015530123558,0.8309875984630332
"Bednar, David",FS,same,79,0.11814713086626503,1.7300146780904802,0.6753155159839973,0.9083150023288691
"Beeks, Jalen",CH,opposite,241,0.19873353205985256,1.7368067365621886,0.7096138889588801,1.1453983102433376
"Beeks, Jalen",CH,same,104,0.2423057863605828,1.6857734425743336,0.7734684302014144,1.1258255770186414
"Beeks, Jalen",FC,opposite,15,-0.494302301319015,1.2668844709389198,0.7144226173812396,1.37084093468179
"Beeks, Jalen",FC,same,76,-0.7724165119755592,2.113295417589527,0.7954806116572272,1.160121322244073
"Beeks, Jalen",FF,opposite,269,-0.3136286278541177,2.9995575700048396,0.6593425189107527,0.9066740863845895
"Beeks, Jalen",FF,same,211,-0.13474390212126677,2.72301477859398,0.6393881068434029,0.834812182447298
"Beeter, Clayton",FF,opposite,138,-0.15846958867635602,2.894201620920514,0.8006270910766503,1.001430459244963
"Beeter, Clayton",FF,same,113,-0.052869879619687254,2.8035710563936163,0.6497288672385221,0.9876571375244944
"Beeter, Clayton",SL,opposite,104,0.015656172284266835,1.6926230633564916,0.7175324314951421,1.1671704805628158
"Beeter, Clayton",SL,same,110,0.28159587581845186,1.8620283203206958,0.707505835357547,1.1786403339904634
"Bello, Brayan",CH,opposite,373,-0.466327034783965,1.7173722110683363,0.8461673422079499,0.8277636965099784
"Bello, Brayan",CH,same,41,-0.1638732107599806,1.5645465925493471,0.8400520622044612,0.655169959825582
"Bello, Brayan",FC,opposite,286,0.014445940060081071,2.237614617434432,0.8436333784461989,0.728727252892687
"Bello, Brayan",FC,same,142,0.4945073059731231,2.1731792390406675,0.6498206580984671,0.7930254100717624
"Bello, Brayan",FF,opposite,333,-0.1426602902877303,3.0952285055344526,0.7390344447874683,0.7262226305960843
"Bello, Brayan",FF,same,79,-0.0029516710807613684,3.285067331657,0.7339008215566178,0.7190829442536315
"Bello, Brayan",SI,opposite,415,-0.010215574387776857,2.219014054166272,0.7796799873404497,0.6871521430506022
"Bello, Brayan",SI,same,540,-0.3526402186607873,2.0875713847500452,0.7461166623191775,0.6770567821075327
"Bello, Brayan",ST,opposite,236,0.2493477202083125,1.7027559134575678,0.881003824309823,0.9422646759227132
"Bello, Brayan",ST,same,280,0.7719479000470435,1.7908994080603777,0.8607020156838255,0.7895650729558643
"Bellozo, Valente",CH,opposite,191,-0.5215547310058959,1.8391625327843042,0.8242410382333805,0.8577950942627725
"Bellozo, Valente",CU,opposite,55,-0.10139025034357466,1.7204944821166994,0.7564049537314015,0.8494711034935184
"Bellozo, Valente",CU,same,4,0.6448818081393,1.5240091141808423,0.8849708512415221,0.6766227476287486
"Bellozo, Valente",FC,opposite,227,-0.03276149169829691,2.594201805449605,0.7445632425348291,0.7505998077792885
"Bellozo, Valente",FC,same,236,0.3155480784096168,2.569188794117409,0.6317244334982447,0.7742249688628375
"Bellozo, Valente",FF,opposite,170,-0.20889256277169416,2.705706171526022,0.6536656796576591,0.8689979482493205
"Bellozo, Valente",FF,same,210,0.10474433368155157,3.053755452348531,0.7077764077832817,0.8603259544830988
"Bellozo, Valente",ST,opposite,4,-0.921736876593842,3.0321179591498173,0.4098918978649265,1.121214636951555
"Bellozo, Valente",ST,same,201,0.5703037272112907,1.9994908851404036,0.7215888907457082,0.8814140502482689
"Bender, Anthony",SI,opposite,78,-0.03302964077596663,2.4348188606824737,0.8460440859130298,0.6568519529400668
"Bender, Anthony",SI,same,132,-0.07998933336428839,2.5358259250990427,0.8167813818343388,0.7430475631659172
"Bender, Anthony",SL,opposite,144,-0.11017115694470747,2.118112527891577,0.9064812225325557,0.7475889609238541
"Bender, Anthony",SL,same,31,0.21376386645045178,1.9283137209554133,0.8023704161871033,0.6902317162640789
"Bender, Anthony",ST,opposite,90,0.0392996424826888,2.0809633004506023,0.9701236119086017,0.5975565916993031
"Bender, Anthony",ST,same,270,0.2690459535811473,2.339821910753591,0.9769805825592026,0.571943842140124
"Bergert, Ryan",CH,opposite,88,-0.6816664637334194,1.8531929315181805,0.7185688533010043,0.9144711015510933
"Bergert, Ryan",CH,same,11,0.42213066217596745,1.7128830606784475,0.8171680635901304,0.9203891328765785
"Bergert, Ryan",FF,opposite,356,-0.26271627724322233,2.8687034072255133,0.6585866054089109,0.8116487128226767
"Bergert, Ryan",FF,same,202,0.2976418132791358,2.8706703843971355,0.6235131072331088,0.7859166027001
"Bergert, Ryan",SI,opposite,6,-0.49789079081448806,2.3437225151731056,0.3459380365303352,0.765949407957523
"Bergert, Ryan",SI,same,80,-0.27905498102113824,2.5437647804524217,0.672387110061126,0.8006073372145786
"Bergert, Ryan",SL,opposite,138,0.039793831743374364,1.6478619664193612,0.6579719356248642,0.8195717749662134
"Bergert, Ryan",SL,same,187,0.7240437484268807,1.7773733623162897,0.5446155330584438,0.8231853489596174
"Bergert, Ryan",ST,opposite,137,-0.14414140098653508,2.2427173418388433,0.6321964036916417,0.8205752963511671
"Bergert, Ryan",ST,same,97,0.7583027542331936,1.9971595932216704,0.6649398957656829,0.900681615144146
"Bernardino, Brennan",CH,opposite,101,0.6585102550163523,1.7605154569546684,0.8729011453544588,0.6850920746286259
"Bernardino, Brennan",CH,same,3,0.24248822593485078,1.2548838386863206,1.4431419384857522,0.6001078869301854
"Bernardino, Brennan",CU,opposite,104,0.09702836007716464,1.977430105171589,1.179529088447047,0.8366577041301388
"Bernardino, Brennan",CU,same,115,-0.8388846478464972,1.9636842513535646,1.1696158967241679,0.8668625056305085
"Bernardino, Brennan",FC,opposite,90,-0.14115749774521713,2.2437076246131618,0.8725878431677476,0.708453209923848
"Bernardino, Brennan",FC,same,13,-0.3138386310690207,2.0761999244932596,0.8283394644601719,0.7418238452729937
"Bernardino, Brennan",SI,opposite,160,-0.13755951408481862,2.3753386622850203,0.7186008084255938,0.6459604634651314
"Bernardino, Brennan",SI,same,211,-0.15319693213924912,2.3599554532074682,0.8056123300848047,0.6421317031763366
"Berríos, José",CH,opposite,304,-0.6642776646694465,1.8277424953990467,0.6374234481151271,0.7081731994737115
"Berríos, José",CH,same,130,-0.16063635909741547,1.6580704203174836,0.6432248621174489,0.6197270331004138
"Berríos, José",FC,opposite,134,0.6227460605317698,2.762946496625642,0.6479390787288098,0.7187623223759626
"Berríos, José",FC,same,15,0.9273024378375185,1.7343724649521344,0.5369047677662966,0.8386779524292763
"Berríos, José",FF,opposite,342,-0.22479833232939003,2.904456323642246,0.8489429570937742,0.7846058786257575
"Berríos, José",FF,same,121,-0.01357184576016382,2.7511849908587305,0.741350531909147,0.8683263611680062
"Berríos, José",SI,opposite,346,-0.1754346567477481,2.3808886216824336,0.8341498501218269,0.7099892905161934
"Berríos, José",SI,same,521,-0.08475242695503968,2.255560261295376,0.9057785474117225,0.6562398586332727
"Berríos, José",SV,opposite,305,-0.1634560707768449,1.8085345892609588,0.8246839414952838,0.8279310080024874
"Berríos, José",SV,same,365,0.6796821610275873,1.5314924544240822,0.7534980812251765,0.7878592895054025
"Bibee, Tanner",CH,opposite,407,-0.33877207280777716,2.2275793099414023,0.826366945453901,0.9672994891391201
"Bibee, Tanner",CH,same,55,0.16974030679525062,2.6511930049188486,0.7628461521782337,0.9119162462581325
"Bibee, Tanner",CU,opposite,127,0.030739311850188664,1.6457888961148948,0.7166897774835694,1.0368269026690087
"Bibee, Tanner",CU,same,36,0.2747764162908426,1.9251454541248039,0.8021999080033052,1.0529171331792015
"Bibee, Tanner",FC,opposite,250,0.16056263865589934,2.43701779489842,0.670191639274264,0.9186186862299633
"Bibee, Tanner",FC,same,393,0.5457747243256217,2.1850669191480114,0.7111480822293571,0.9458293013730207
"Bibee, Tanner",FF,opposite,560,-0.3223212811875395,2.9953732428460276,0.7189406850550553,0.8825622555003698
"Bibee, Tanner",FF,same,290,0.27807339991759134,2.9093176151738454,0.6334638508195972,0.8447978963344533
"Bibee, Tanner",SI,opposite,104,-0.1933881520679471,2.519900256909035,0.7739078367159181,0.8048781070005184
"Bibee, Tanner",SI,same,352,-0.12191435342969979,2.5235355592366897,0.6791588455303411,0.8034536839283649
"Bibee, Tanner",ST,opposite,208,0.0795275370867805,2.0010905523200773,0.7941159651892132,0.9480324503672123
"Bibee, Tanner",ST,same,274,0.659588587126159,1.94780195233714,0.7343024181149639,0.9284218502235734
"Bido, Osvaldo",CH,opposite,120,-0.24287928758802138,2.2726552600619283,0.7821703202936342,0.8429915084532354
"Bido, Osvaldo",CH,same,26,0.2451040906966944,1.8907249184807875,0.936540086681486,0.9268768331813101
"Bido, Osvaldo",FC,opposite,35,0.4741464779959496,2.00474554804961,0.555944523989494,0.9599843532567348
"Bido, Osvaldo",FC,same,59,0.6325435519007218,2.0611905744808334,0.6430827194427847,0.7889205269625601
"Bido, Osvaldo",FF,opposite,267,-0.2570066575197076,2.921887119383578,0.6995038446520573,0.8155763721430042
"Bido, Osvaldo",FF,same,256,0.3725607482019887,2.9498357090384135,0.7482652259711607,0.838228158956609
"Bido, Osvaldo",SI,opposite,45,-0.2974271506408258,2.4617927135555897,0.7131938843084573,0.7500713656613708
"Bido, Osvaldo",SI,same,159,-0.06133304685382756,2.546812013980003,0.8123478346606369,0.7705586056496972
"Bido, Osvaldo",SL,opposite,147,0.23389345929389274,2.0240078550401153,0.7734978419665574,0.8420158479975568
"Bido, Osvaldo",SL,same,264,0.5244525479708722,2.136551103621346,0.8095750478970143,0.8299353711125796
"Bieber, Shane",CH,opposite,103,-0.6154878559108361,1.9687234734134447,0.7586591614141459,0.8163024244511803
"Bieber, Shane",CH,same,33,-0.7266708504823594,1.7628601090964013,0.7995697541831995,0.9224742020433074
"Bieber, Shane",FC,opposite,70,-0.07883136379434874,2.833465310836822,0.7930008826959097,0.8757809400594037
"Bieber, Shane",FC,same,50,0.20685373556263925,2.6461577503496687,0.7190539130620238,0.9532398770063325
"Bieber, Shane",FF,opposite,169,-0.22809794962882332,2.9824788876250246,0.6722217811146406,0.8153330647258007
"Bieber, Shane",FF,same,144,0.12381805811837718,2.758978110050956,0.7726081132964097,0.8707288158230254
"Bieber, Shane",KC,opposite,122,0.05693835338265007,1.707213085388076,0.6463749204926943,0.9749261132820495
"Bieber, Shane",KC,same,47,0.35024506764893465,1.628870387741034,0.5541103581469218,0.958317806099061
"Bieber, Shane",SL,opposite,28,0.42359845829418274,1.6113865348615872,0.6432591516580675,1.0120911627862226
"Bieber, Shane",SL,same,176,0.8132534773872611,1.6908423378262738,0.6386960166020601,0.8570809618766888
"Bigge, Hunter",FF,opposite,41,0.040346300332877845,2.9450776866847934,0.5584663345160235,0.7738511278533733
"Bigge, Hunter",FF,same,61,0.10496361672836489,3.101000557403029,0.5535087559726095,1.0451696594936986
"Bigge, Hunter",SL,opposite,33,-0.060957520587039044,2.6047237457961923,0.5767064738299937,1.10873469137967
"Bigge, Hunter",SL,same,68,0.6497691330081307,2.1006933937067807,0.6272618399316582,1.2291747320719577
"Bird, Jake",CU,opposite,161,-0.11098719207753877,1.937775858237414,0.8655021698575996,0.7925343460658897
"Bird, Jake",CU,same,56,0.44060109055640667,1.642231819376588,0.8916518516716718,1.0218323766026833
"Bird, Jake",SI,opposite,168,-0.321115552021908,2.3938038837579048,0.874453534861352,0.6555464774961343
"Bird, Jake",SI,same,160,-0.3462787503653756,2.3403246662938537,0.7945486934772178,0.674523809396097
"Bird, Jake",ST,opposite,85,-0.0907073209991637,2.388247361158614,0.7053223717858998,0.709111967448519
"Bird, Jake",ST,same,303,0.29171359024690097,2.1986465050296062,0.8398110402537925,0.6520974315681926
"Birdsong, Hayden",CH,opposite,147,-0.02036395176613171,1.7088128058978072,0.6410366028310697,1.1830686757899411
"Birdsong, Hayden",CH,same,54,-0.21748127551101493,1.3080610731396372,0.6736090516966409,1.1221919642687828
"Birdsong, Hayden",CU,opposite,81,0.45497527068697097,1.808150699583506,0.7247759473065865,1.4416062256927449
"Birdsong, Hayden",CU,same,74,0.31845609632063154,1.6399577524134474,0.7353143935924806,1.3565855180753092
"Birdsong, Hayden",FF,opposite,264,-0.13584127659106118,3.110235030072035,0.7269003803681757,0.9208700374163855
"Birdsong, Hayden",FF,same,263,-0.013126462361851452,2.8841760820899283,0.7088424808540378,0.9567387482200269
"Birdsong, Hayden",SL,opposite,114,0.2819182310676208,2.34063363584058,0.6426078411653173,1.050074497372197
"Birdsong, Hayden",SL,same,177,0.265836478719998,2.1797606762263904,0.6372805399855227,1.1625516840615593
"Bivens, Spencer",CH,opposite,160,-0.5514277625168869,1.9081253887621155,0.8026873496519635,0.8037151740757752
"Bivens, Spencer",CH,same,38,-0.5088559114948312,2.0075809652879477,0.7094116971742941,0.8433306954055324
"Bivens, Spencer",FC,opposite,177,0.28037275933033395,2.593057936042928,0.8402842656564413,0.730822293273534
"Bivens, Spencer",FC,same,175,0.6838449447862183,2.467306849560412,0.6975827331417018,0.7775824838497764
"Bivens, Spencer",FF,opposite,35,-0.3320882119596749,3.255424846993621,0.6882076114808193,0.7264999892513333
"Bivens, Spencer",FF,same,46,0.12816128170114602,3.4355362364601865,0.6962196577995826,0.7594358992013414
"Bivens, Spencer",SI,opposite,195,0.007668229328040279,2.5043157150705486,0.8467135951834388,0.6127570981961208
"Bivens, Spencer",SI,same,291,-0.10662054993155377,2.42619003002883,0.7474168266610306,0.6749589212477953
"Bivens, Spencer",ST,opposite,15,0.1674380810789275,2.0280421627248555,0.5951558560181135,0.9050457645032192
"Bivens, Spencer",ST,same,93,0.6228304848763485,1.960467633325106,0.950829926993072,0.7244726889621397
"Bivens, Spencer",SV,opposite,30,-0.13677483204280552,1.7266400197713747,0.6340342402812235,0.8257208919965644
"Bivens, Spencer",SV,same,39,-0.058168991822558296,1.5972053345158215,0.696048998035408,0.8374544547600373
"Blackburn, Paul",CH,opposite,52,-0.49993628827934167,1.8492750546120083,0.5654854015502826,0.7735848610435939
"Blackburn, Paul",CH,same,17,0.02102803217639348,1.5100941843216424,0.3944867152049302,0.8317848888864304
"Blackburn, Paul",CU,opposite,71,-0.17271175490923427,1.534049207010226,0.8085378913424478,1.1428785689483527
"Blackburn, Paul",CU,same,14,0.42287483901476774,1.5936687517797488,0.7581648345982073,1.0332138637673625
"Blackburn, Paul",FC,opposite,116,0.3568857072405523,2.944669279104009,0.5842628290743177,0.8367676312439154
"Blackburn, Paul",FC,same,78,0.7483560042028897,2.4878399974878502,0.5607093035964691,0.7096160279111636
"Blackburn, Paul",SI,opposite,52,-0.46334744801800415,2.0884960335479983,0.7868161107640704,0.7938172236154192
"Blackburn, Paul",SI,same,163,0.0754426667825444,2.1449831363536855,0.7991267254175144,0.6935845889269286
"Blackburn, Paul",ST,opposite,16,-0.22769869412769161,1.9529693416120915,0.7387295803477075,0.6964347037602083
"Blackburn, Paul",ST,same,94,0.8347067211162444,1.8851910910890635,0.9249011669377294,0.8207296466669185
"Blalock, Bradley",CU,opposite,97,8.929089231872273e-05,1.720809617019443,0.5539544695478832,1.366068844526766
"Blalock, Bradley",CU,same,38,0.4323664682814336,1.391576622167586,0.7925737795878826,1.4015538736815012
"Blalock, Bradley",FC,opposite,54,0.6738187799243022,2.4953597084598846,0.6896347229574872,1.0751607737443865
"Blalock, Bradley",FC,same,48,0.4538954730513658,2.3784399658857103,0.5788510041753099,0.7306636119454502
"Blalock, Bradley",FF,opposite,274,0.003985445452989331,2.598117046326506,0.7171938596071012,0.8589486395257475
"Blalock, Bradley",FF,same,205,0.12058689801913829,2.574382725711868,0.7185346309424061,0.8212546860070224
"Blalock, Bradley",FS,opposite,148,-0.4186259624448853,2.0462022933947543,0.6763682611851827,0.9189649023446439
"Blalock, Bradley",FS,same,9,0.3095578355933566,1.9982911179598186,0.6955831019741301,0.6424343024057348
"Blalock, Bradley",SL,opposite,13,0.6154108740131098,1.7374494674749197,0.5268481197382875,1.1312834806405374
"Blalock, Bradley",SL,same,147,0.4434607392043619,2.077101476078881,0.6096847035646198,0.9271208872406982
"Blanco, Ronel",CH,opposite,78,-0.6444794865298906,2.1211599377152126,0.6502969676696522,0.8242927003195555
"Blanco, Ronel",CH,same,21,0.27555238171643304,1.7367804568526024,0.695697415105839,0.6507652689496898
"Blanco, Ronel",CU,opposite,72,0.08078289350187277,2.2051497287226867,0.6435860446272536,0.9236588209203517
"Blanco, Ronel",CU,same,89,0.5303215321487245,2.216240659072624,0.7200144442747134,1.0292242427827105
"Blanco, Ronel",FF,opposite,123,-0.195674697373409,3.0841618543247034,0.7259863294985661,0.9325193211234731
"Blanco, Ronel",FF,same,160,0.20831327652309542,3.063441264839741,0.6298993468854636,0.8507916085047796
"Blanco, Ronel",SL,opposite,53,0.2718444905481429,2.3029843732284427,0.7655269149755918,0.88842510231539
"Blanco, Ronel",SL,same,197,0.6890637217487526,2.057838501444596,0.6798664293782467,0.8848686608938826
"Blewett, Scott",FF,opposite,137,0.16896336014619104,2.756825941592304,0.6050978168418538,0.8891658867965391
"Blewett, Scott",FF,same,119,0.33074125770184976,2.9882263671083464,0.6623234160588035,0.8217111220689236
"Blewett, Scott",FS,opposite,102,-0.5080888353941165,1.9775750928271316,0.7448862364487032,0.9951684236862645
"Blewett, Scott",FS,same,33,-0.16102423168035232,1.7991039479888682,0.657141017184956,0.8731982655834227
"Blewett, Scott",SL,opposite,122,-0.012335467441388684,1.7911841666343091,0.7376574309118775,0.933287120554883
"Blewett, Scott",SL,same,192,0.43565122281045565,1.8068180606466655,0.6416196572526989,0.7322333237059393
"Blubaugh, AJ",CH,opposite,67,-0.2960217034152569,1.8006409849723117,0.7523766459807943,0.8539165504906676
"Blubaugh, AJ",CH,same,31,0.23441066495887727,1.4320597584142092,0.5948049070630402,0.8090947114755875
"Blubaugh, AJ",FF,opposite,128,-0.4451598037701412,2.872975075734987,0.6849324576420652,0.7238550650256421
"Blubaugh, AJ",FF,same,150,0.20181033133435825,2.8654618920685633,0.6907077830569536,0.9631637772143135
"Blubaugh, AJ",ST,opposite,29,0.17225752999990648,2.449326254307536,0.8174238388714344,0.8351318178216705
"Blubaugh, AJ",ST,same,79,0.9258170590422609,1.6914908610553692,0.7407924325847782,0.8732395787348085
"Booser, Cam",FC,opposite,97,-0.12038357017434555,2.215155156061021,0.7073318477326587,0.9428923990642613
"Booser, Cam",FC,same,15,0.03259590471373966,2.811344664992729,0.6633858770629693,0.8102488102756393
"Booser, Cam",FF,opposite,157,0.15840930526644945,3.013430945465254,0.71790901591269,0.9166219462444954
"Booser, Cam",FF,same,105,0.0064741499846480465,2.8770981437835506,0.6669686761977457,0.8312130598489943
"Booser, Cam",ST,opposite,60,-0.16623164029148552,1.9141461477675008,0.7442730405115987,0.9096695343529911
"Booser, Cam",ST,same,122,-0.34765726503999617,2.0216060182269255,0.8415542363503461,0.9496114432432496
"Borucki, Ryan",FS,opposite,103,0.38182778589253596,1.6936689072785227,0.7411833576600966,0.8186836863274374
"Borucki, Ryan",SI,opposite,58,0.19688412808371195,1.9508716444938934,0.7817466498609221,0.6965889489555583
"Borucki, Ryan",SI,same,98,0.27138948600532786,2.1261344014841264,0.7305315790253728,0.7037461924426804
"Borucki, Ryan",SL,opposite,108,-0.017832594495878436,2.0936370858080924,0.9090730300535577,0.959971490576274
"Borucki, Ryan",SL,same,136,-0.30920793936250374,2.1459521947663243,0.8541958776682332,0.8408209714775795
"Borucki, Ryan",ST,opposite,35,0.15618511965250445,2.0709203703574595,0.7983096486662775,0.8626635844344606
"Borucki, Ryan",ST,same,56,-0.8453531224718518,1.56972915064813,1.0463500726871944,0.948192950474889
"Boushley, Caleb",CH,opposite,92,-0.8588142447778604,1.8184066473279978,0.6401580731339934,0.7431229405389207
"Boushley, Caleb",CH,same,6,-0.18564529070708144,2.115395357484303,0.6607501214961874,0.8655024852215716
"Boushley, Caleb",CU,opposite,47,-0.4972983500093025,1.6742812943295362,0.493327010837885,0.8600961368865081
"Boushley, Caleb",CU,same,7,1.0824214117839666,1.7736465043899954,0.823491696119135,1.096087145391322
"Boushley, Caleb",FC,opposite,82,-0.014261874509225796,2.6807846405772153,0.8282287339094097,0.8230646757233944
"Boushley, Caleb",FC,same,58,0.7578380169262942,2.4849758468752055,0.7184863381247114,0.7360161323841292
"Boushley, Caleb",FF,opposite,92,-0.23693870621025157,2.6128435214392347,0.7644098278170793,0.7402745078787284
"Boushley, Caleb",FF,same,52,0.2106704538059241,2.99759434431999,0.5066497149490788,0.9783454268962126
"Boushley, Caleb",SI,opposite,40,0.4935917223249707,2.406350472551062,0.5757496575144192,0.6183850213219786
"Boushley, Caleb",SI,same,167,0.08756563951424662,2.4279616023433928,0.7550309379076485,0.7193862104322306
"Boushley, Caleb",SL,opposite,3,-0.38188434923745335,1.6963873337231885,0.43769380586650675,0.6985690579934853
"Boushley, Caleb",SL,same,96,0.946430132108651,1.8944067757028706,0.5912474821308946,0.5783041012660649
"Bowden, Ben",FF,opposite,65,-0.10873397142263806,2.823255230337742,0.7232417385734055,0.7258616765472273
"Bowden, Ben",FF,same,45,-0.3851985684456934,2.735765343576345,0.7508310516284443,0.6958011055480595
"Bowden, Ben",SL,opposite,17,-0.6044636879990132,1.8575961536264567,0.5245509071725647,0.9960891284365785
"Bowden, Ben",SL,same,36,-0.6796080857335802,1.94547086233958,0.7538019759536824,0.7632025865935277
"Bowlan, Jonathan",CH,opposite,54,-0.773638185209308,2.102087739677793,0.6235694921387129,0.8613482461860534
"Bowlan, Jonathan",CH,same,7,-0.3089805844699079,1.9950118508603663,0.5096569990795303,0.7656929051333933
"Bowlan, Jonathan",CU,opposite,54,0.1730773935677733,1.8615789999047765,0.7173008745967511,1.2769678061492957
"Bowlan, Jonathan",CU,same,16,0.23039766018977767,2.348547163644222,0.8814525675668077,1.804485486484235
"Bowlan, Jonathan",FF,opposite,152,-0.1649754542201426,3.13991453014131,0.5925946507397577,0.8033060456793716
"Bowlan, Jonathan",FF,same,92,0.36860853573646635,3.262516167959398,0.6144526283623492,0.8224626261565667
"Bowlan, Jonathan",SI,opposite,23,-0.7500894546641881,2.32688874645796,0.5000791462896915,0.7415567706381576
"Bowlan, Jonathan",SI,same,102,-0.524702513396723,2.348534105062645,0.6510106809191898,0.6489174980112669
"Bowlan, Jonathan",SL,opposite,66,0.21886317023837995,1.7210812752324718,0.7292609050568052,0.8457324389552743
"Bowlan, Jonathan",SL,same,161,0.5902120577883988,1.886356057450755,0.6882955698921497,0.7642735953287927
"Bowman, Matt",FC,opposite,67,-0.28552463812752016,3.075391385632951,0.7394306309672404,0.6820161659058032
"Bowman, Matt",FC,same,48,0.592155461112106,2.762148744311608,0.7654003504252528,0.6848596368170556
"Bowman, Matt",SI,opposite,66,-0.36879697968885994,2.772055386185995,0.9436039328940634,0.6454647011621387
"Bowman, Matt",SI,same,128,-0.22334919052608082,2.4703943235807104,0.7603113995917935,0.6515942994499799
"Bowman, Matt",ST,opposite,25,-0.16417602318795516,2.4293234982388583,0.964554522557426,0.6225339304302504
"Bowman, Matt",ST,same,62,0.997928688200776,2.219633899723235,0.8043008091643004,0.7066081987125579
"Boyd, Matthew",CH,opposite,607,0.40669806782243584,2.061943226896729,0.7376841880930894,0.7482226100889459
"Boyd, Matthew",CH,same,57,-0.1886409943968077,1.884369469306275,0.7507227950108997,0.6716438502649501
"Boyd, Matthew",CU,opposite,263,0.15384271551998516,2.3206752311173817,0.8867923295626567,0.8412898594884757
"Boyd, Matthew",CU,same,67,-0.12314829307368351,2.30893237767879,0.7511965353493399,0.8139567987467607
"Boyd, Matthew",FF,opposite,1085,0.07404747395021831,2.8785975101908114,0.7910337169994822,0.6207341114061055
"Boyd, Matthew",FF,same,256,0.04707134799826799,2.5732121600629565,0.7312552031604063,0.6394976778809758
"Boyd, Matthew",SI,same,91,0.4888997570459973,2.366579627163559,0.7994326976612395,0.701622075155555
"Boyd, Matthew",SL,opposite,193,-0.10350225531710933,1.7375981658401445,0.9977961857301559,0.8382984008114607
"Boyd, Matthew",SL,same,224,-0.3336018811878344,1.8943885285634257,0.8933662187344409,0.7621222473406501
"Boyle, Joe",FF,opposite,259,-0.4080282365100949,2.8244657621555502,0.8194234577455365,0.8590291503150819
"Boyle, Joe",FF,same,194,0.026290483732481596,2.6862865643257274,0.7786676030448044,0.8425160854471468
"Boyle, Joe",FS,opposite,87,-0.3293847671231979,2.1455964100160116,1.1128433673606082,1.0629233065258377
"Boyle, Joe",FS,same,65,-0.02356848792068628,2.1831222326407533,0.8824012015060465,0.9638006234822295
"Boyle, Joe",SL,opposite,162,0.011639301381518752,2.226769075910833,0.7752430838287685,0.8327522676801095
"Boyle, Joe",SL,same,166,0.31365307814719257,2.5229026750607653,0.8942959923781969,0.794107591063106
"Bradish, Kyle",CU,opposite,52,-0.2519723602994237,1.412761214073033,0.5973543242184014,1.0645767711968972
"Bradish, Kyle",CU,same,11,0.15587890062699605,1.683683272951136,0.6050599455055353,1.1524108112129494
"Bradish, Kyle",FF,opposite,90,-0.021232235407344847,2.9437402469562812,0.6207175109278938,1.0678835900052845
"Bradish, Kyle",FF,same,22,0.05780944576465779,3.591696850685561,0.5173309231121234,0.745249541051366
"Bradish, Kyle",SI,opposite,92,-0.4381006327273366,2.7796673483830316,0.6834369721003,0.8947946697916449
"Bradish, Kyle",SI,same,69,-0.15599587478738508,2.688226729543823,0.594727546989777,0.733809377747441
"Bradish, Kyle",SL,opposite,70,0.43709301984141324,1.8427352998544158,0.822770126936147,1.0196347012268505
"Bradish, Kyle",SL,same,88,0.7345221043722735,1.9380298986046756,0.7237732061517971,0.8626929787467487
"Bradley, Taj",CU,opposite,189,0.10788927060439041,1.8957998522653277,0.7637437158973791,1.6054680767076401
"Bradley, Taj",CU,same,146,0.21491858352190435,2.0081272888017936,0.6972805292093499,1.391338934349955
"Bradley, Taj",FC,opposite,167,0.02927266167658475,2.5579760156350866,0.6857749778373252,1.1559528499772922
"Bradley, Taj",FC,same,347,0.38498156851363097,2.3418255598726687,0.6593194713962489,1.0532472677873126
"Bradley, Taj",FF,opposite,555,-0.02657104912932052,2.835966617323168,0.6446625170560616,0.8851557872122285
"Bradley, Taj",FF,same,322,0.06668279144135693,2.946302498582951,0.638847141186075,0.8756885382950377
"Bradley, Taj",FS,opposite,246,-0.22447183121473577,2.249952184949387,0.6010782353657937,1.178344693339657
"Bradley, Taj",FS,same,98,-0.13843881590584284,2.137688359488939,0.7236919869257962,0.9959902179625808
"Bradley, Taj",SI,opposite,10,-0.18011471812139032,2.3499954090345505,0.6464664443416585,1.4639121172275704
"Bradley, Taj",SI,same,192,-0.6712050549725689,2.662019507451362,0.6186010087645021,0.9415219068393398
"Brash, Matt",CH,opposite,104,-0.5837633889540282,1.7199618158608874,0.8973850988697931,0.782246680660469
"Brash, Matt",CH,same,11,0.2065498184145704,1.249763684118644,1.007759638996048,0.8736362159842922
"Brash, Matt",SI,opposite,72,-0.10360462900284749,2.7069712219002557,0.8230519177708551,0.7349280601387482
"Brash, Matt",SI,same,128,-0.1078304979557492,2.62474222878902,0.8414904010574797,0.7810763665213953
"Brash, Matt",SL,opposite,257,0.322353384708522,2.194400213398345,0.7916428566938277,0.7895532499540449
"Brash, Matt",SL,same,348,0.9726022268223092,2.1887553941301863,0.856390736051565,0.8674843495041722
"Brasier, Ryan",FF,opposite,59,0.11535280216673573,2.9252963487586143,0.6459039426077688,0.8096657395601927
"Brasier, Ryan",FF,same,75,0.28328277520354206,2.8881627199320072,0.702199295611232,0.7345379116447924
"Brasier, Ryan",SI,same,64,-0.4371114585390752,2.5487833421285906,0.5848030862972683,0.7588774343332491
"Brasier, Ryan",SL,opposite,42,0.468474012045973,1.3576222892541534,0.6629041652428047,0.8448701823894996
"Brasier, Ryan",SL,same,87,0.5175792623893226,1.7306424665097153,0.5461682593048843,0.9260780775153092
"Brazobán, Huascar",CH,opposite,218,-0.24416307303221926,1.7531459701651302,0.8381673892048902,0.8191679413800184
"Brazobán, Huascar",CH,same,167,-0.12509145136773173,1.7721838072033116,0.8726341636978044,0.8924507189096217
"Brazobán, Huascar",FC,opposite,29,0.19767904614104784,2.1969918630637837,0.94787327645176,0.9331660801121366
"Brazobán, Huascar",FC,same,63,0.4480967555367427,1.9831664883026734,0.9473898694019273,0.8006541619204645
"Brazobán, Huascar",FF,opposite,67,0.07269366212809497,2.6389738413381463,0.795494322123665,0.776179114486688
"Brazobán, Huascar",FF,same,54,0.2818628971029637,2.8024237423135183,0.787632800966641,0.898577499317159
"Brazobán, Huascar",SI,opposite,117,-0.33672874080752146,2.262647758132351,0.7357447586172177,0.7502255638553667
"Brazobán, Huascar",SI,same,261,-0.45361070424664246,2.423873714748078,0.7263377777941478,0.7174750111816446
"Brebbia, John",FF,opposite,108,-0.4987652669318332,2.562226926172834,0.6901841918224663,0.7281142492849079
"Brebbia, John",FF,same,117,0.07526440831934042,2.5118914123079032,0.766335012419752,0.7109289113341448
"Brebbia, John",SL,opposite,85,-0.059862174608987406,2.316842260459598,0.7600505312600463,0.907283469318313
"Brebbia, John",SL,same,114,0.7299208830647381,2.1229440286047834,0.8048561233576609,0.7418312284276455
"Bride, Jonah",FA,opposite,38,-0.6202585707137354,2.604083700743851,0.7031597462162517,0.8047118729145817
"Bride, Jonah",FA,same,50,0.43526030319744324,2.862495206568771,0.8283368955222579,0.7448132613235007
"Brieske, Beau",CH,opposite,73,-0.5435432782826686,1.6755313849015003,0.6324188026024585,0.798167049852199
"Brieske, Beau",CH,same,27,-0.3758901667452207,1.5669934331288855,0.5740475047977713,1.1004727009757995
"Brieske, Beau",FF,opposite,117,-0.47546238296049037,2.535570798668639,0.6007548676514867,0.8632511804614383
"Brieske, Beau",FF,same,80,0.0703296201953908,2.6555502399246147,0.7661117106481603,0.8563700870646274
"Brieske, Beau",SI,opposite,2,-0.005500925625227554,2.2308592194242016,0.5085289523800057,0.10075288960241786
"Brieske, Beau",SI,same,65,0.02403232251369364,1.8836459692710754,0.5981375816905067,0.910194264719932
"Brogdon, Connor",CH,opposite,208,-0.4791801634154241,1.7945563115764633,0.7132946114661967,0.7397260659434407
"Brogdon, Connor",CH,same,144,-0.13869423685714202,1.6038277093780924,0.6826446898602746,0.7335431145661099
"Brogdon, Connor",FC,opposite,42,-0.37744915642936766,2.488059101283178,0.6740416683804719,0.9095356669865207
"Brogdon, Connor",FC,same,94,0.644755600865518,2.0651208272246255,0.642698488990564,0.6447273461705209
"Brogdon, Connor",FF,opposite,176,-0.3302344724182534,2.672453602604496,0.7143294497356902,0.827520934081515
"Brogdon, Connor",FF,same,176,0.1986758861902894,3.035936194167016,0.722622537742035,0.7957146814558097
"Brown, Ben",CH,opposite,76,-0.3630739453030138,2.365504986501841,0.8707264528546634,1.1613701679786461
"Brown, Ben",CH,same,5,-0.2279255481166984,2.7997134826842767,0.5811862980520636,0.8969583490162656
"Brown, Ben",FF,opposite,447,-0.24326395048552274,2.8344899741503573,0.6806680869114925,0.852095353936734
"Brown, Ben",FF,same,523,-0.013048273419539874,2.821136079891282,0.6648077577482385,0.8332955016073947
"Brown, Ben",KC,opposite,293,0.021622153162073603,1.658973605410843,0.6608207658233333,1.0746630034175082
"Brown, Ben",KC,same,393,0.3462674415863293,1.6250060463927858,0.6895866125774889,1.0356846535434707
"Brown, Hunter",CH,opposite,326,-0.44853106482430233,1.7834267768016483,0.6531178295595812,0.9089757851305728
"Brown, Hunter",CH,same,30,0.09408573063572796,1.4786921217801774,0.698642134243031,1.0052322670583282
"Brown, Hunter",FF,opposite,733,-0.41060387254882713,3.0726695677081066,0.6561621914435385,0.8473789350439539
"Brown, Hunter",FF,same,377,0.28426355084763205,3.2037315193258746,0.5389516425020946,0.8457578450540424
"Brown, Hunter",KC,opposite,347,-0.09049522508188935,1.7734624563676313,0.6897074729723092,1.1947990442366452
"Brown, Hunter",KC,same,183,0.33605116827472464,1.7039859309985452,0.6764413020576087,1.1812472261504516
"Brown, Hunter",SI,opposite,163,-0.679455659735871,2.6401633711750168,0.6512469293457243,0.738526862189782
"Brown, Hunter",SI,same,509,-0.6112882329059609,2.502061589367385,0.5693290390124253,0.7988246748831981
"Brown, Hunter",SL,opposite,24,0.5328144554240378,1.971428385050273,0.5609211657674876,0.7160615901768533
"Brown, Hunter",SL,same,228,0.710706793092746,1.949381064999063,0.6205397490110836,0.8189857538706458
"Brown, McCade",FF,opposite,162,-0.18092887161364585,2.875571580458155,0.8949623512122874,0.7868858444408198
"Brown, McCade",FF,same,124,0.04191309855230328,3.016416025579286,0.7253166743764519,0.7299505034436002
"Brown, McCade",KC,opposite,56,-0.1738670386299121,2.3441294458444477,1.2176040693645946,1.1603480318299737
"Brown, McCade",KC,same,34,0.528182889770363,2.2692603566492116,1.0364423457288516,1.0806012184078992
"Brown, McCade",SL,opposite,17,0.10164120285917527,2.281247870050858,0.7807082220046414,0.8103970843892315
"Brown, McCade",SL,same,80,0.7967939115781391,1.9124809274461705,0.751068381735818,0.7813730365715387
"Brubaker, JT",CH,opposite,66,-0.5753328547791497,1.6655714381203703,0.6949169707676717,0.8830248458475312
"Brubaker, JT",CH,same,6,0.2452353004439625,1.644206439894193,0.9961088140566894,1.3173701276973777
"Brubaker, JT",SI,opposite,97,-0.017150682494965666,2.7382951783693397,0.7194210100897818,0.8089677501931422
"Brubaker, JT",SI,same,134,0.2808491426903241,2.3640148687263833,0.7860781503203496,0.7595696812547186
"Brubaker, JT",SL,opposite,25,0.1364249583530303,1.1014382327025516,0.5937059887255735,1.1101949296230789
"Brubaker, JT",SL,same,89,0.4876333770783945,1.4061337265657008,0.7268442890680958,0.9792335362885412
"Bruihl, Justin",SI,opposite,40,0.423398014039445,2.3908279677082684,0.708240425450811,0.5153743883310864
"Bruihl, Justin",SI,same,75,0.25792003271247427,2.661542974754883,0.8221493866135131,0.676011309330531
"Bruihl, Justin",ST,opposite,34,-0.03279884849567688,1.7705390504329195,0.6109193289073725,0.8353354054308022
"Bruihl, Justin",ST,same,63,-0.17521556813606667,2.441091028754437,0.9131874898246009,0.7971667491569092
"Brzykcy, Zach",CH,opposite,82,-0.7609293968122963,2.080365825095398,0.7033898561218724,0.8989641212290349
"Brzykcy, Zach",CH,same,20,-0.4680805852498119,2.4323809718166887,0.6516124503620275,1.0149413707802066
"Brzykcy, Zach",CU,opposite,39,-0.006271594454410755,1.8608815097367364,0.7245076123633717,0.8634426280942916
"Brzykcy, Zach",CU,same,73,0.29845874713197057,1.878545417077305,0.8565091365556634,1.1538623768063394
"Brzykcy, Zach",FF,opposite,119,-0.31980717692366784,3.317213222285136,0.5902853581062567,0.8280312778447326
"Brzykcy, Zach",FF,same,126,0.0150690734366553,3.015987967001474,0.7123794182180156,0.8064879780521611
"Bubic, Kris",CH,opposite,366,0.3023648121325621,1.7441080662293231,0.7457551085884108,0.8605562249629257
"Bubic, Kris",CH,same,12,-0.3842014578370237,0.7026559763858553,0.6354423061485517,0.7826887963620659
"Bubic, Kris",FF,opposite,581,-0.06532023511631385,2.8548737397641295,0.6560741928172391,0.8062538260102159
"Bubic, Kris",FF,same,103,-0.35504920327271977,2.749914541162349,0.7517239342605067,0.6896833804590635
"Bubic, Kris",SI,opposite,38,0.24904262788608877,2.602670866394605,0.768036856629265,0.8471373763394459
"Bubic, Kris",SI,same,79,0.1835751843475717,2.6928601710671467,0.7469915555501422,0.7824229176919194
"Bubic, Kris",SL,opposite,130,-0.4438966382426953,2.1384524852635645,0.6825082503400735,0.8399329182815366
"Bubic, Kris",SL,same,113,-0.2931683577632331,2.261477781087323,0.6434599577866114,1.0541473255258984
"Bubic, Kris",ST,opposite,265,-0.2071568651460367,2.0558140820418065,0.7441800458769398,1.0433532104071255
"Bubic, Kris",ST,same,108,-0.42979274062715694,2.2561883846522894,0.8151216792380459,0.8369546380471122
"Buehler, Walker",CH,opposite,144,-0.41836331691659456,1.9523538643206584,0.8292586219815464,1.04036378773193
"Buehler, Walker",CH,same,6,-0.7844903468871118,2.838318596833457,0.8736426849312156,1.2539981107727214
"Buehler, Walker",FC,opposite,242,0.4204583681107828,2.712115124101313,0.6636027954367497,0.7379273569420569
"Buehler, Walker",FC,same,128,0.600770862982991,2.4977817816685994,0.605728975142935,0.7763341488437221
"Buehler, Walker",FF,opposite,332,-0.21367650214167783,2.995374111305284,0.7258786979445512,0.8989467397484695
"Buehler, Walker",FF,same,222,0.21179254342461767,2.8866686659765652,0.7487133193137131,0.9378436267511034
"Buehler, Walker",KC,opposite,248,0.08266547389225515,1.7006124380081962,0.8725921894507518,1.0305766169604962
"Buehler, Walker",KC,same,34,0.3922553947307247,1.6249911477624281,0.8487769879663452,1.041269271110794
"Buehler, Walker",SI,opposite,146,0.022273789994233927,2.428064287908958,0.830976181067868,0.7552095020346226
"Buehler, Walker",SI,same,213,-0.23648108824483077,2.4827096858607893,0.8776937863498495,0.6962604599052461
"Buehler, Walker",SL,opposite,138,0.7579849350033449,1.9807746734248162,0.6804673083146401,0.7003240410141485
"Buehler, Walker",SL,same,185,0.8041994605415996,1.9831252784926843,0.6658208106975416,0.7718942392918853
"Buehler, Walker",ST,same,151,1.0208430275643539,1.8117676907559557,0.7179702687409184,0.7043446124194555
"Bummer, Aaron",CU,opposite,235,-0.29133650365369923,1.5878714016269793,0.9093406484133748,0.712965569143322
"Bummer, Aaron",CU,same,92,-0.783097335913266,1.6698515590427068,0.9119080439862417,0.6635527442095921
"Bummer, Aaron",FF,opposite,104,-0.0909980989931212,2.8498060629589896,0.797176953071876,0.6657268263001547
"Bummer, Aaron",FF,same,12,-0.5618036579777588,3.157157226382805,0.7983408218948197,0.6231803682062897
"Bummer, Aaron",SI,opposite,111,-0.040936641249080065,2.2584005788072465,0.704662815884381,0.6963978451390569
"Bummer, Aaron",SI,same,213,0.03641355939921872,2.3040132426663953,0.8644256978298743,0.7034235207986028
"Bummer, Aaron",ST,opposite,50,-0.35945571114707975,1.705567467991756,1.0437783181540192,0.7725299759822412
"Bummer, Aaron",ST,same,114,-0.7667581157326022,1.8608202193888432,1.0775294247793128,0.6432105112357046
"Burgos, Juan",FC,opposite,31,0.4067825786937352,1.7170635568021564,0.7578060017146176,0.8162457495347266
"Burgos, Juan",FC,same,42,0.6452086217832287,2.0946318345904853,0.7723343548366574,0.8782977409253866
"Burgos, Juan",SI,opposite,19,-0.09363763218429853,2.175677059016737,0.820489562107522,0.8881074737800897
"Burgos, Juan",SI,same,53,-0.19424665547183204,2.265447400558302,0.9101384343077753,0.8142334475591935
"Burgos, Juan",ST,opposite,17,0.16477164536953315,1.9984924057789797,0.7622588315022671,0.8063152924610647
"Burgos, Juan",ST,same,53,0.4842385865969908,1.8977859443788403,0.7901652312545493,0.7736466694909392
"Burke, Brock",CH,opposite,203,0.463196932256048,2.2156028670793586,0.7209353697408432,0.8642472986920499
"Burke, Brock",CH,same,20,-0.24235330596462895,2.3591866914211583,0.8278748779776285,0.8732658632583509
"Burke, Brock",FF,opposite,309,0.19624687139461353,2.7698764798115385,0.8098492364044646,0.8660203598563596
"Burke, Brock",FF,same,121,-0.20268278590000308,2.811474532922985,0.679382592882348,0.8695115169051763
"Burke, Brock",SI,opposite,3,-0.13264706109245084,2.1225245675240947,0.30501751311346215,0.32575215081377284
"Burke, Brock",SI,same,78,0.2880796049732363,2.600939619700007,0.7737711773087015,0.755141941586329
"Burke, Brock",SL,opposite,122,-0.011338008809392572,2.328344627699316,0.7380408668285793,0.7953712607642508
"Burke, Brock",SL,same,158,-0.3163925599128983,2.3578702609979856,0.7361016486033788,0.8662736388108281
"Burke, Sean",CH,opposite,148,-0.4911690916275841,1.8506278202372273,0.8129029402730357,1.1198581366617957
"Burke, Sean",CH,same,7,-0.37490871536585274,1.665931149397005,0.59054624115478,1.144158547910979
"Burke, Sean",FF,opposite,628,-0.16848517386557949,3.0056260484090593,0.7236953157801856,0.8239322131679219
"Burke, Sean",FF,same,395,0.17919775726030562,2.9653177264442707,0.6923704834319443,0.8196294135235692
"Burke, Sean",KC,opposite,366,-0.16532792645129743,2.0432570329871083,0.7140750880729779,0.972904177513909
"Burke, Sean",KC,same,197,0.13217080101747594,2.179552731311675,0.6993427221411109,0.9921578595849185
"Burke, Sean",SI,opposite,6,-0.6868608219115573,3.3993330711033125,0.6916732276432068,0.442362300539258
"Burke, Sean",SI,same,109,-0.5584709458946109,2.6001728403699977,0.7089015839840598,0.8754009580149955
"Burke, Sean",SL,opposite,135,0.04934569797781212,2.1668111352173978,0.6727326893331422,0.8996488937872572
"Burke, Sean",SL,same,385,0.6106811312033676,2.0885488440549485,0.7310823021382274,0.8812365516304403
"Burnes, Corbin",CH,opposite,73,-0.7734841021309552,2.0597009085575464,0.72033033897458,0.8200199176798534
"Burnes, Corbin",CU,opposite,148,-0.00224379915322115,1.367831072025612,0.7303362539073366,0.9813561394281117
"Burnes, Corbin",CU,same,46,0.48912071174805705,1.4528259089263886,0.7580596989063716,1.0388315650094193
"Burnes, Corbin",FC,opposite,360,0.14192677385460684,2.040537160621782,0.8586000785744875,0.6746315618179283
"Burnes, Corbin",FC,same,195,0.4914875658711978,2.158187074340384,0.5752340623293535,0.707831431068771
"Burnes, Corbin",SI,same,97,-0.47655681212982454,2.0612628715959556,0.6899411224919155,0.7735224562111419
"Burnes, Corbin",SL,opposite,1,-0.6837147846016955,4.46404207929363,0.0,0.0
"Burnes, Corbin",SL,same,89,0.6105873102772402,1.4576012362968644,0.5642188798504216,0.6349660174258155
"Burns, Chase",FF,opposite,253,-0.3826842926115972,2.962823320617123,0.6048971107188098,0.8696981348906366
"Burns, Chase",FF,same,196,0.11433898356388492,2.920024377642815,0.6054494173333058,0.7957534746443847
"Burns, Chase",SL,opposite,103,0.4560892858522562,1.506816241288116,0.6197277061081373,0.8578529108081213
"Burns, Chase",SL,same,161,0.7588602283296976,1.858854013605814,0.6159979612169814,0.8656510544091294
"Burrows, Mike",CH,opposite,255,-0.2576424410514218,1.9461056527320144,0.6404325158518652,0.8481788987248386
"Burrows, Mike",CH,same,110,-0.26667163022346985,2.0180231619844915,0.6710350704648963,0.9109048061567249
"Burrows, Mike",CU,opposite,125,0.03807878147627686,1.9630620254983107,0.8895679694434493,1.0265690192571395
"Burrows, Mike",CU,same,58,0.034117321742636667,1.9761120999744093,0.7773310358834776,1.0018235992717888
"Burrows, Mike",FF,opposite,299,-0.0748782686452991,2.9381951953694054,0.7473908904237708,0.8216424123720122
"Burrows, Mike",FF,same,303,0.1320125384771954,2.9481504606078794,0.734418289595122,0.7603513877327801
"Burrows, Mike",SI,opposite,8,-0.39606684802115966,1.9645948804636775,0.7558267652854664,0.7568286935189726
"Burrows, Mike",SI,same,79,-0.24620372363836412,2.418184376602564,0.7094438092459501,0.7179395080392041
"Burrows, Mike",SL,opposite,53,0.5670130587026462,1.9568541261287915,0.8472430452356646,0.6722368172007108
"Burrows, Mike",SL,same,247,0.600547809939305,2.0450267143045897,0.6493134290418939,0.812172518106176
"Buttó, José",CH,opposite,146,-0.7579159111453143,1.8294897565917851,0.7492320833591928,0.8235568128943731
"Buttó, José",CH,same,20,-0.0742012235054614,1.1766494355160209,0.5997714625983245,0.8684677845000845
"Buttó, José",FF,opposite,157,-0.35525127068193474,2.780806820417103,0.716994383045064,0.7744438008057086
"Buttó, José",FF,same,178,0.24899247934305105,2.846172218876885,0.7536352297515975,0.7847114085209452
"Buttó, José",SI,opposite,78,-0.6669120751855446,2.449388197619553,0.6466453076868487,0.7772325997186019
"Buttó, José",SI,same,111,-0.3312670774335366,2.3113300237298455,0.670002958312751,0.7704001724774829
"Buttó, José",SL,opposite,107,-0.3269212443575137,1.9394693260589604,0.7611305225960802,0.896457237322784
"Buttó, José",SL,same,221,0.6839611636671629,1.616954977958245,0.7762167668688066,0.9647864860274429
"Buttó, José",ST,opposite,37,-0.43113470794514097,2.20117804047877,0.8575146104570223,0.9735128194129463
"Buttó, José",ST,same,40,0.5784624465158507,1.9998979471382838,1.0727940134588376,0.9689182027282852
"Cabrera, Edward",CH,opposite,351,-0.3232351088312702,1.8240257697100304,0.7158958788699229,0.8044136673419022
"Cabrera, Edward",CH,same,229,-0.3350835092044056,1.7489028313493604,0.7281058067823643,0.8332233030020917
"Cabrera, Edward",CU,opposite,316,0.11833150413505264,1.8212639901802827,0.8116450925980058,0.9611332221334214
"Cabrera, Edward",CU,same,215,0.31824397244691244,1.6623889246543115,0.8538506012927396,0.9641782547646067
"Cabrera, Edward",FF,opposite,197,0.17186300733725107,2.7716141719780847,0.7422078388409542,0.7952293158766648
"Cabrera, Edward",FF,same,95,0.5225270100549273,2.870280428260466,0.6518916117359932,0.8036967636010377
"Cabrera, Edward",SI,opposite,212,-0.12674506761195847,2.7724606120836706,0.6820405423719766,0.7791939652874357
"Cabrera, Edward",SI,same,248,-0.23353958137348482,2.688799262657162,0.701559402239949,0.6932872997070836
"Cabrera, Edward",SL,opposite,145,0.4916988766078398,2.0589844356488776,0.8937431511936521,0.7704723543257652
"Cabrera, Edward",SL,same,244,0.5392682387591665,1.9372763428427593,0.8342043490488603,0.7299274009890836
"Cabrera, Génesis",CU,opposite,95,-0.09937355041029057,1.800896164528064,0.6477228516101463,0.9552059183105137
"Cabrera, Génesis",CU,same,44,-0.11848423192404484,1.9427230943815346,0.6348811618552038,0.9206815673050057
"Cabrera, Génesis",FC,opposite,53,-0.4077775445429639,2.1299394715394633,0.6666839364436096,0.9214042245676926
"Cabrera, Génesis",FC,same,93,-0.3194105575767356,1.7448947906675147,0.7183091507826465,0.8163935925213031
"Cabrera, Génesis",FF,opposite,107,-0.016584863314257802,3.0510211807043213,0.7154329589508678,0.6876759772213681
"Cabrera, Génesis",FF,same,56,0.20442755577049612,2.653759982737164,0.8260384353054493,0.6530669618478858
"Cabrera, Génesis",FS,opposite,93,0.2441993118173203,1.7698685790976885,0.8600751770429897,1.1752644530279999
"Cabrera, Génesis",SI,opposite,72,-0.02256879567350852,2.6191910703220613,0.8128470312965628,0.7866797982529374
"Cabrera, Génesis",SI,same,102,0.27695681020198526,2.335722683247726,0.8640347810398183,0.750633807002459
"Cameron, Noah",CH,opposite,379,0.30724639416945937,1.7510907810870464,0.6726974854492596,0.9690729083861781
"Cameron, Noah",CH,same,23,-0.1420046316478326,1.8823847103515194,0.5826033526992388,1.3829792013522182
"Cameron, Noah",CU,opposite,333,-0.14909531494878855,2.0177455741511916,0.6083171466143839,1.1635063398643768
"Cameron, Noah",CU,same,84,-0.24393921268292507,1.7110318469029626,0.6101421805061163,1.1790176710661722
"Cameron, Noah",FC,opposite,379,-0.5275618719802271,2.7168294215919775,0.6154335082708703,0.7807378192743493
"Cameron, Noah",FC,same,89,-0.6370871907439482,2.210462201230489,0.5642135477064475,0.8461846054848484
"Cameron, Noah",FF,opposite,397,0.03254680474519344,3.1239746236306907,0.696780020972037,0.8517729928657908
"Cameron, Noah",FF,same,174,-0.2713279601585602,2.86373965361411,0.6408911653676669,0.8296994152597607
"Cameron, Noah",SL,opposite,160,-0.27409029651585004,2.0172985453375207,0.6321631551596497,0.9603691233583117
"Cameron, Noah",SL,same,146,-0.48242137200678287,1.9846842830248073,0.6295170018979949,0.8571361843113389
"Canning, Griffin",CH,opposite,198,-0.21479183461040696,1.9047023275714647,0.6083701391579566,0.7360633021281584
"Canning, Griffin",CH,same,114,0.09097527410622308,1.9477186813904486,0.709800285672635,0.9234239755526645
"Canning, Griffin",FC,opposite,43,0.5352077747781574,2.9116883270968112,0.7579908931720075,1.0660808914384403
"Canning, Griffin",FC,same,7,0.5587390700480513,2.384759053096823,0.9031502233341824,1.3037674921409077
"Canning, Griffin",FF,opposite,238,0.037578229111647155,2.968013789474748,0.7327505563440523,1.0629858032741326
"Canning, Griffin",FF,same,233,0.28537003406491335,2.7944695876060988,0.6576786975483211,0.9796404625463896
"Canning, Griffin",KC,opposite,49,-0.036346034161963435,2.3864634554251447,0.7443007751590153,1.1444769485882904
"Canning, Griffin",KC,same,37,0.6783288860876162,2.4356684485101465,1.0473094006146857,1.0625813747712958
"Canning, Griffin",SL,opposite,185,0.14319791371299775,1.769856794893879,0.7540153689788319,1.0653446725245055
"Canning, Griffin",SL,same,225,0.3874882918291007,1.9602710859487866,0.631325560768866,0.9648655733534239
"Cannon, Jonathan",CH,opposite,246,-0.4110264773289784,1.8582977133822047,0.7345685248919612,0.7975641340769523
"Cannon, Jonathan",CH,same,137,-0.14617137948864856,1.6531355476077274,0.7450597278958633,0.7559834143062363
"Cannon, Jonathan",FC,opposite,297,-0.17177296644590953,3.0938006160144687,0.7110762238562851,0.701444044492978
"Cannon, Jonathan",FC,same,121,0.3995848622925436,2.739515152838385,0.6941306392079556,0.6596334377826008
"Cannon, Jonathan",FF,opposite,199,-0.16639550317548166,3.1530529309616,0.7578228779078591,0.7682647522755138
"Cannon, Jonathan",FF,same,126,0.21678102703288213,3.2481071903439815,0.6540653309457568,0.7108064331966011
"Cannon, Jonathan",SI,opposite,112,-0.03990791356169725,2.7697335411577315,0.8576772817698138,0.7194371592256625
"Cannon, Jonathan",SI,same,281,0.02330446149626796,2.4438761308166974,0.8264101994828362,0.6682926561257224
"Cannon, Jonathan",ST,opposite,45,-0.16959399067625236,2.1588576446195495,0.7998950752548885,0.6958303951135455
"Cannon, Jonathan",ST,same,224,0.7274855306055449,2.042870132008914,0.9243435145322992,0.7713528131703842
"Cano, Yennier",CH,opposite,78,-0.4473730872217591,1.4463360120617275,0.6582782279722413,0.6510760475243543
"Cano, Yennier",CH,same,45,-0.29319893722323487,1.220168526937067,0.6550072202636117,0.657599044134598
"Cano, Yennier",FF,opposite,96,0.10177733931821119,3.1794872687869904,0.7085796540095852,0.6792695732855507
"Cano, Yennier",FF,same,17,0.36743174307930954,3.0775960107739424,0.7597105212161677,0.6822023323110236
"Cano, Yennier",FS,opposite,56,-0.5220352565758469,1.4733304939056826,0.8391462951629653,0.6623543831438956
"Cano, Yennier",FS,same,15,-0.06349236138296253,1.580899086975208,0.8720243480282333,0.6690039522936447
"Cano, Yennier",SI,opposite,120,-0.2745012321059778,2.0681855037798167,0.7812768155730746,0.7380665933847504
"Cano, Yennier",SI,same,332,-0.05200252328116775,2.0096233255057867,0.7874824295878151,0.5724250856368245
"Cano, Yennier",ST,opposite,28,0.15639364570874292,2.157023953548257,0.9496042918696675,0.6023516934291446
"Cano, Yennier",ST,same,156,0.6096142309703309,2.0185789101225438,0.9468546784925707,0.5536151252302692
"Cantillo, Joey",CH,opposite,417,0.2294680485706855,2.088317815190662,0.6282582024204278,1.1280939946186308
"Cantillo, Joey",CH,same,99,0.08820347844380041,2.23353781139412,0.6961371677250761,1.2922555979379877
"Cantillo, Joey",CU,opposite,254,-0.011355785818947611,2.28424456778466,0.6428823125867715,1.151630792782359
"Cantillo, Joey",CU,same,60,-0.020878460992267624,2.3247641816258855,0.625410436496333,1.0725294215929422
"Cantillo, Joey",FF,opposite,483,-0.1550434360402953,2.5032846155570025,0.5850080752152167,0.9451013207745406
"Cantillo, Joey",FF,same,221,-0.2524102388717952,2.4790461796159047,0.6161153710279345,0.9099609137867495
"Cantillo, Joey",SL,opposite,47,0.005898031366875027,2.20899769263567,0.5745195716928485,1.125583356563952
"Cantillo, Joey",SL,same,100,-0.3655171214566856,2.3183701627577538,0.6125384136165327,1.124639526114556
"Carrasco, Carlos",CH,opposite,128,-0.35038108789323413,1.5046606939151765,0.7556781015897052,0.6962740232776741
"Carrasco, Carlos",CH,same,38,-0.07781931687183695,1.4038101949058486,0.711851048723194,0.5722171043104944
"Carrasco, Carlos",CU,opposite,67,-0.15168712721603717,1.7735887293892547,0.933867601599087,0.893131694248054
"Carrasco, Carlos",CU,same,11,-0.3550445448888698,1.6503024161295243,0.7584515386048479,0.7895045510078692
"Carrasco, Carlos",FF,opposite,128,-0.10864776701300845,2.8221344323462576,0.8838789623952304,0.7069838136933
"Carrasco, Carlos",FF,same,34,0.44569580893744754,2.7010485762191645,0.8282243576351929,0.7414657481673145
"Carrasco, Carlos",SI,opposite,83,-0.2597573074534857,2.256496111844547,0.7045290950390538,0.6378941830454377
"Carrasco, Carlos",SI,same,94,0.013502823909293308,2.1814868968048655,0.8205913708874958,0.6648612775197427
"Carrasco, Carlos",SL,opposite,52,-0.002558297183637635,1.8115975880940995,0.701938311801839,0.694320177561212
"Carrasco, Carlos",SL,same,142,0.4967196585392632,1.9695842221803355,0.9152302096240672,0.7371149468639248
"Casparius, Ben",CU,opposite,140,-0.11787221718108147,2.019688475953579,0.7549243316266437,0.9576786536584283
"Casparius, Ben",CU,same,40,0.2851190169020741,1.4736405359804103,0.7330180574013564,1.0318226169335238
"Casparius, Ben",FC,opposite,133,0.3224646003047607,2.578997531428669,0.634822681718954,0.7778328574631158
"Casparius, Ben",FC,same,141,0.3436256425161787,2.441230100087865,0.6237932704857386,0.947515800429108
"Casparius, Ben",FF,opposite,174,-0.0824969681501622,3.180129406373587,0.7214974851105134,0.9289873534585299
"Casparius, Ben",FF,same,200,0.2003816179183476,2.8069741340330383,0.6969479790290762,0.8946110700536998
"Casparius, Ben",ST,opposite,56,0.422935120555441,1.650406192606491,0.7977630478348249,0.9061526729712995
"Casparius, Ben",ST,same,350,0.6409371081596951,1.9256537773921991,0.7541141471006336,0.886861531805863
"Castillo, José",FF,opposite,50,-0.15855603677813485,3.0099992190307914,0.806073914763182,0.7283464850872605
"Castillo, José",FF,same,31,-0.41239753549073643,2.742162148581914,0.7421635985359701,0.5816494909831839
"Castillo, José",SI,opposite,111,0.5914378874184412,2.5250029500383033,0.7176549650833224,0.7054876054293471
"Castillo, José",SI,same,100,0.289165082381026,2.474037036721731,0.7882687699494753,0.7212758391537021
"Castillo, José",SL,opposite,111,-0.21777835145913546,1.7632948386369416,0.7422248614436412,0.6325644942614822
"Castillo, José",SL,same,126,-0.3218384060744697,1.78421884060786,0.7737889569519247,0.7718567196478459
"Castillo, Luis",CH,opposite,289,-0.4776219810511765,1.5951201225120288,0.8458389442789851,0.6202045730643455
"Castillo, Luis",CH,same,59,-0.17721648497793188,1.6693276266362151,0.923627789836954,0.7094484104638538
"Castillo, Luis",FF,opposite,796,-0.1018839797703228,3.174982894325012,0.7820567290954554,0.6231562887637143
"Castillo, Luis",FF,same,656,0.21774536760611818,3.0696531107154303,0.7116749524868167,0.5962148308878231
"Castillo, Luis",SI,opposite,289,-0.3531338387447878,2.498317811151629,0.7858556380964241,0.640926839802373
"Castillo, Luis",SI,same,401,-0.3919597475669369,2.283331200502684,0.7546161597369271,0.5876420255696001
"Castillo, Luis",SL,opposite,285,0.23365671401941673,1.6834266411168277,0.8920705804539807,0.6180281790987598
"Castillo, Luis",SL,same,361,0.7555515405875265,1.7169823016805235,0.8636745636673377,0.6023067154346592
"Castillo, Luis F.",FF,opposite,24,-0.43657310337215405,2.6578721234302876,0.6692589992660272,0.5653941653439964
"Castillo, Luis F.",FF,same,53,0.015542223568333062,2.9759872493526514,0.8375317470877722,0.6756689618409324
"Castro, Miguel",FF,opposite,27,-0.3102387437852201,2.360124150727034,0.88713006346688,0.617254408597552
"Castro, Miguel",FF,same,23,0.2184884631946157,2.1239209548101803,0.9639431702078206,0.5750216176356945
"Cavalli, Cade",CH,opposite,79,-0.49461491376113464,2.043722424542916,0.6856407588076534,0.9755346677028846
"Cavalli, Cade",CH,same,28,-0.3270427995604804,2.071254933886127,0.8339932553156977,0.8606805554149953
"Cavalli, Cade",FC,opposite,27,0.6628323650395258,2.781197470727563,0.6978341430948626,0.5676514845705111
"Cavalli, Cade",FC,same,36,0.5637831475350293,2.1857401468317232,0.6234256834631327,0.8858622248107019
"Cavalli, Cade",FF,opposite,159,-0.06867388164932592,2.9189419041386606,0.6488684251130751,0.7802622952771149
"Cavalli, Cade",FF,same,73,0.26078730166133857,2.799307667197158,0.7731128005048922,0.8446880168567887
"Cavalli, Cade",KC,opposite,124,0.10637075915333638,1.6954867384181886,0.7183330387768269,0.8799998347963124
"Cavalli, Cade",KC,same,116,0.44795895976354144,1.7171268065109726,0.8403313100400782,1.0187230365081485
"Cavalli, Cade",SI,opposite,55,-0.42842461196675946,2.4213624719695166,0.7572858724593458,0.800548490857169
"Cavalli, Cade",SI,same,91,-0.5084849341939174,2.3794206453066242,0.7261678662274739,0.7284022696937728
"Cease, Dylan",FF,opposite,702,0.03712583363035506,3.112500478359944,0.7413771060945827,0.9172978528516692
"Cease, Dylan",FF,same,614,0.3724975506090027,2.889924274127746,0.6815396378766958,0.9196201673779297
"Cease, Dylan",KC,opposite,208,-0.18402211504410207,1.847702439295561,0.6518543329851865,1.1964615824442137
"Cease, Dylan",KC,same,52,0.2693648379653632,1.6375446251224952,0.5731794689751617,0.9867106520285747
"Cease, Dylan",SI,opposite,33,0.6367017494194535,3.124310717939373,0.5585811163907957,0.6722874954882865
"Cease, Dylan",SI,same,89,-0.38172627396218656,2.700698506073114,0.603378625044805,0.8470440422527951
"Cease, Dylan",SL,opposite,565,0.03667883477572224,1.5222529777783098,0.6366995385607467,0.8884645148604128
"Cease, Dylan",SL,same,704,0.6786995995738102,1.8559088301910465,0.6447676094112916,0.904258358431011
"Cease, Dylan",ST,opposite,12,-0.3382118586654214,2.208024559818393,0.8771777094758157,0.8409954933950974
"Cease, Dylan",ST,same,97,0.5178528274977062,1.9303871362148572,0.6837996346393223,0.7991030779523167
"Cecconi, Slade",CH,opposite,149,-0.23707594007246938,1.5234027560207728,0.8785810243083589,1.0831556433532648
"Cecconi, Slade",CH,same,13,0.2139638836979729,1.5613230351685745,0.6994412857294969,1.093109272748274
"Cecconi, Slade",CU,opposite,250,-0.07053874466435199,1.7325268270816268,0.8289119410354867,1.1758068263720876
"Cecconi, Slade",CU,same,96,0.47128221322291947,1.5465513847161627,0.8498029493303025,1.1058546792689732
"Cecconi, Slade",FC,opposite,35,0.3791226539676379,2.57579653435526,0.7905476294318216,0.8963508877028389
"Cecconi, Slade",FC,same,34,0.6237884298427664,1.9320475533584656,0.7914833854600164,0.7733937590645523
"Cecconi, Slade",FF,opposite,534,-0.08485359215307284,2.901759665339509,0.6131486994146371,0.7807768280397596
"Cecconi, Slade",FF,same,383,0.32523840440698953,2.8282716803942822,0.5839323079264309,0.8139925322684662
"Cecconi, Slade",SI,opposite,57,-0.07966221722967098,2.4518904081761845,0.6606364025790094,0.8041117256651363
"Cecconi, Slade",SI,same,170,-0.04261486290250837,2.578933840349087,0.7427595137870863,0.7326268774675347
"Cecconi, Slade",SL,opposite,96,-0.06693842155709724,2.0147497417978517,0.6937315572000661,0.9872480239288527
"Cecconi, Slade",SL,same,287,0.6600567317088282,1.8421655945890922,0.7094573747685173,0.9119351936961879
"Chafin, Andrew",FF,opposite,14,-0.05926810927793464,3.112150440091203,0.4354080754377163,0.7482054763559582
"Chafin, Andrew",FF,same,109,-0.275543938058326,2.4235795308032024,0.564690196214815,0.7688779516569489
"Chafin, Andrew",SI,opposite,175,0.5123391585257377,2.1961921110506544,0.5787380753278175,0.7884961743417186
"Chafin, Andrew",SI,same,75,0.6314640914958841,2.1723630293537393,0.6102217169440868,0.8120189820939357
"Chafin, Andrew",SL,opposite,111,-0.20618806313046253,1.1522280603653108,0.6857529557760161,0.8880373822903945
"Chafin, Andrew",SL,same,126,-0.40174456914977497,1.2264844321096005,0.6176242894222183,0.872026419701962
"Chandler, Bubba",CH,opposite,92,-0.3761724696142489,1.9654476068520579,0.7139864153610319,0.8663720761157799
"Chandler, Bubba",CH,same,12,-0.6826652022535314,2.167561272647325,0.6923673384884693,1.123859021452571
"Chandler, Bubba",FF,opposite,129,-0.12969838527599856,3.101739915683827,0.6419477165287129,0.8564600439310627
"Chandler, Bubba",FF,same,120,-0.10614778115544991,2.9283916832152057,0.7482909736506941,0.8108633096012218
"Chandler, Bubba",SL,opposite,14,-0.015507246883640262,2.087757522752855,0.7041355455566101,0.8614106886872765
"Chandler, Bubba",SL,same,66,0.008938915329145062,2.0058859377090887,0.8079077630585223,0.8934555262562599
"Chapman, Aroldis",FF,opposite,265,-0.23095111752128386,2.7535683157558624,0.7154463985426812,0.8245232715379142
"Chapman, Aroldis",FF,same,109,-0.0384650876677869,2.8349169775413525,0.6991375238620228,0.8321004577310385
"Chapman, Aroldis",FS,opposite,102,-0.05820729420887702,1.6257435997481358,0.7620563933923075,1.1036746372063235
"Chapman, Aroldis",FS,same,3,-0.3278829933698941,1.2759293136051666,0.3700357978330291,0.7931313691036377
"Chapman, Aroldis",SI,opposite,257,0.24280106761619996,2.9872822506613774,0.7424576567610611,0.8977973891738045
"Chapman, Aroldis",SI,same,55,0.42343743488978647,3.1813830511665335,0.7094288403701838,0.8252109257553344
"Chapman, Aroldis",SL,opposite,80,-0.24784624497930446,2.1041033949545223,0.639449950484791,0.9042091213372131
"Chapman, Aroldis",SL,same,62,-0.44922227875871235,1.9418930190375758,0.7380565023989355,0.8510300248744737
"Chavez, Jesse",FC,opposite,29,-0.23811745333191212,2.447487502428687,0.9906204121866915,0.6019837486885579
"Chavez, Jesse",FC,same,37,0.47004802590356864,2.290012168429657,0.6036500106876707,0.6926966141788342
"Chavez, Jesse",SI,opposite,17,-0.05005660071540433,2.4164648986652253,1.0516802412092159,0.6862991338237534
"Chavez, Jesse",SI,same,42,0.11986094278134216,2.381275573233346,0.7906017712511758,0.5871970591743939
"Chivilli, Angel",CH,opposite,197,-0.20906733039931533,1.6166560280678737,0.7518749991589577,0.7927479135290367
"Chivilli, Angel",CH,same,177,-0.07567308759829051,1.717463322941684,0.7909756863485365,0.8088142414324448
"Chivilli, Angel",FF,opposite,203,-0.3149600886064441,2.378245835202128,0.8051617080686714,0.812204343217578
"Chivilli, Angel",FF,same,266,-0.15587270481049892,2.506066914885639,0.865533180384949,0.7981921593861474
"Chivilli, Angel",SL,opposite,14,0.5789610050160873,1.3581061485135133,0.6340999557994665,0.7724690635568863
"Chivilli, Angel",SL,same,165,0.46691306668201715,1.8832627750662503,0.7667016910004734,0.7705863675317297
"Civale, Aaron",CU,opposite,194,0.0422720189890688,2.126438446159147,0.6361960986538232,0.8761653616504205
"Civale, Aaron",CU,same,157,0.4505819520078898,1.9982540458880547,0.6886465837996153,0.9030932135172622
"Civale, Aaron",FC,opposite,341,-0.15054413989101534,3.0666967907739484,0.6678280531032414,0.758694117023098
"Civale, Aaron",FC,same,284,0.5603254572560532,2.7785436932770824,0.6995844069609345,0.7848352670081539
"Civale, Aaron",FF,opposite,181,-0.36900992637289565,3.189108379960642,0.6507456994082038,0.8270668340162832
"Civale, Aaron",FF,same,106,0.20160298720931874,3.358459001796488,0.7459807438274941,0.8934421278580368
"Civale, Aaron",FS,opposite,92,-0.4808010941802944,1.8429815078317937,0.682097965849875,0.9665066542933048
"Civale, Aaron",FS,same,10,0.22736784255015124,1.8682982617668127,0.4230929219027634,1.1419061237478396
"Civale, Aaron",SI,opposite,129,-0.2943510330962361,2.9869116524079926,0.8052558760334927,0.7479486471508373
"Civale, Aaron",SI,same,167,-0.05179014124288812,2.8253789338264936,0.7975850722847275,0.7964520994173584
"Civale, Aaron",SL,opposite,23,0.1833112609890646,1.7128591692818158,0.697951494164021,0.7502973986564234
"Civale, Aaron",SL,same,112,0.702234731679236,1.901020418928373,0.5185961508159708,0.7732481422229678
"Clarke, Taylor",CH,opposite,139,-0.17173309113197155,1.9477647313566442,0.8287922043430165,1.0588518920670127
"Clarke, Taylor",CH,same,37,-0.15282116141300464,1.6053387127877068,0.668396672085983,0.9940361680709887
"Clarke, Taylor",FF,opposite,135,0.051193106390166054,2.8766314742221017,0.6995727216348903,0.9696250037610007
"Clarke, Taylor",FF,same,54,0.463159499560228,2.983536964626424,0.6242599031472653,0.9280665066586646
"Clarke, Taylor",SI,opposite,36,0.021765435587881597,2.375169851792128,0.5811520259749087,0.9326909715048919
"Clarke, Taylor",SI,same,120,-0.23020187919625268,2.3385040729516406,0.8870919193572303,0.6743304511328094
"Clarke, Taylor",SL,opposite,135,0.31519947946489973,2.1020074885695994,0.8377839972467402,0.9425664494683892
"Clarke, Taylor",SL,same,209,0.6635447523919304,1.957182495115642,0.6634444325407737,0.873867860737359
"Clase, Emmanuel",FC,opposite,260,0.41661967679016976,2.3564549501638314,0.6857938712116649,0.7692235174783228
"Clase, Emmanuel",FC,same,254,-0.12511755319142434,2.5059274689378626,0.7323914773323906,0.8741001858149701
"Clase, Emmanuel",SL,opposite,52,0.19397733957897229,1.6955832413268725,0.5294823198363019,0.9627630435760386
"Clase, Emmanuel",SL,same,173,0.3789963537049868,1.6426937487493392,0.6378083577415646,1.06942819226831
"Cleavinger, Garrett",FF,opposite,93,0.18360652602744398,2.793340074951481,0.8933997022556229,0.9144232003753067
"Cleavinger, Garrett",FF,same,12,-0.41711382675114156,2.327166985267166,0.45072919308835346,1.0491817721636303
"Cleavinger, Garrett",SI,opposite,178,0.18371256054882487,2.648425064820084,0.7493306176230354,0.7759550381566501
"Cleavinger, Garrett",SI,same,147,0.1503905761924047,2.5881332506411314,0.8458310734337046,0.809734189963857
"Cleavinger, Garrett",SL,opposite,296,-0.4212676733792504,2.052139441804604,0.7979196554704434,0.8658326649152771
"Cleavinger, Garrett",SL,same,43,-0.37892314517073206,2.0799044206225434,0.9447202775857095,0.8579128339103939
"Cleavinger, Garrett",ST,opposite,2,-0.2007986849877127,2.2596655619876787,0.83721555059342,1.9284444482360603
"Cleavinger, Garrett",ST,same,88,-0.7330029751229574,1.9333707753832001,0.8789685718429572,0.6822926021844291
"Contreras, Luis",FF,opposite,62,-0.04906092408705913,2.942514256132837,0.6834268143922738,0.8537818094231566
"Contreras, Luis",FF,same,51,0.3382885288138072,2.892490429231377,0.6103898381006272,0.7430589396266252
"Contreras, Roansy",FF,opposite,44,-0.1748114384336633,2.774439407947435,0.7329089638610794,0.7971702821356453
"Contreras, Roansy",FF,same,39,0.19409626404808591,2.5559621122689204,0.7440941768247286,0.7661654935713184
"Corbin, Patrick",CH,opposite,232,0.583671764066426,1.5598045435638075,0.674254194822378,0.9745414772243657
"Corbin, Patrick",CH,same,8,0.3623039510519865,1.7909728093630024,0.6208389986263487,1.0801442375654395
"Corbin, Patrick",FC,opposite,539,-0.34427456474067347,2.554559916603334,0.7520060069504649,0.7002536472306838
"Corbin, Patrick",FC,same,109,-0.6273647715191051,1.988259552454195,0.6136719062768723,0.5727913414051921
"Corbin, Patrick",FF,opposite,55,0.20163556338679772,3.3766060561084994,0.656502417017873,0.87442719397375
"Corbin, Patrick",FF,same,14,-0.4058383126465703,2.788479768418182,0.6549756697243154,0.6333314916756936
"Corbin, Patrick",SI,opposite,473,-0.06389687280700568,2.5402719592000524,0.7450171825541583,0.7180579107419283
"Corbin, Patrick",SI,same,275,-0.08238195673741651,2.4522243118810567,0.7841700230779217,0.6348331524014937
"Corbin, Patrick",SL,opposite,600,0.0632096525146792,1.34530445542495,0.680577361941958,0.8081053274030859
"Corbin, Patrick",SL,same,268,-0.6489472010744393,1.488607298138146,0.6731816603474619,0.7652500661025425
"Cortes, Nestor",CH,opposite,83,0.9028744036729379,1.6850958734444457,0.5675302862093534,1.0228238646638217
"Cortes, Nestor",FC,opposite,160,0.24690920524034815,2.8776439126938653,0.6657052410156054,0.8786175702519595
"Cortes, Nestor",FC,same,47,-0.5587136390386179,2.629061538214333,0.5420662797438559,0.8924636306658187
"Cortes, Nestor",FF,opposite,173,0.3284822286738046,2.895636662201114,0.6732923454941111,0.7974249340201984
"Cortes, Nestor",FF,same,55,-0.14514421426693075,2.6352185785417337,0.5100843525345504,0.7347301818975234
"Cortes, Nestor",ST,opposite,47,0.5200712684025663,2.3848823817227123,0.7009195425290092,0.8298449920215998
"Cortes, Nestor",ST,same,33,-0.7367569963900769,1.7961429038248655,0.7155904338680917,0.7348623024867447
"Coulombe, Danny",FC,opposite,156,-0.5608862075516893,2.0159313559153555,0.6763050360386677,0.8421913167166148
"Coulombe, Danny",FC,same,129,-0.5659214836327855,2.213900314240637,0.6360091118988472,0.7154500601845455
"Coulombe, Danny",FF,opposite,108,-0.3966277129143546,2.8564820948576233,0.6873525390472348,0.9169583057922396
"Coulombe, Danny",FF,same,33,-0.21236106759693701,2.754475508296955,0.5690163376499613,0.8632132433650912
"Coulombe, Danny",SI,opposite,40,-0.28949586406941413,2.4158897548995335,0.6101697627729346,0.7795833999905116
"Coulombe, Danny",SI,same,98,-0.3603558894066628,2.426466217758394,0.6605600336344155,0.8400896564300421
"Coulombe, Danny",ST,opposite,94,-0.5819577433958881,2.1156878572245303,0.6915844840375629,1.1775834261717402
"Coulombe, Danny",ST,same,40,-0.2563375447585955,2.385458183702205,0.829401968746194,1.06249456983288
"Cox, Austin",CU,opposite,46,-0.19985969285097768,1.4220651227748788,0.6817877010557749,1.1814642033610678
"Cox, Austin",CU,same,29,-0.6233671157014482,1.946953074320418,0.62839263235415,1.0611768748971289
"Cox, Austin",FF,opposite,91,0.055316201738112795,2.6920814986802535,0.7150643712965579,0.7176283841649814
"Cox, Austin",FF,same,61,-0.16501666942154752,2.690566234391905,0.7045712338497607,0.8951278677057007
"Cox, Austin",SL,opposite,56,-0.5272503872094302,1.569386976783269,0.6436058339407147,1.1160884520506957
"Cox, Austin",SL,same,83,-0.621080834845931,1.753760175451024,0.5928471300699398,0.8676632137108328
"Crismatt, Nabil",CH,opposite,86,-0.4088307892484963,1.8212274297513757,0.6741691701880926,0.6788190177179735
"Crismatt, Nabil",CH,same,117,-0.098186866674273,1.7132027495836573,0.6940074373269499,0.8831780365763969
"Crismatt, Nabil",CU,opposite,40,-0.3466622846828234,2.0802659920489184,0.8325914145544627,0.9623320472751232
"Crismatt, Nabil",CU,same,43,0.10820166572904517,2.0406192328230626,0.732747333705636,0.78727467273009
"Crismatt, Nabil",FF,opposite,46,-0.30877410192039234,2.8935556478723377,0.8157043410174437,0.9599639485475684
"Crismatt, Nabil",FF,same,37,0.7129054509914966,3.1474637198103226,0.7175957258284391,0.9846861045120929
"Crismatt, Nabil",SI,opposite,36,-0.4234002301710154,2.402606056465523,0.7029495157951593,0.5482218349706034
"Crismatt, Nabil",SI,same,99,0.18651427352916913,2.340370733164683,0.6774380413712967,0.6880586941702521
"Criswell, Cooper",CH,opposite,44,-0.24529280343849463,1.4452160956261673,0.6893880085999604,0.5112546825266338
"Criswell, Cooper",CH,same,42,0.12700460315871995,1.5678015826682874,0.8460328951928495,0.5107762807029886
"Criswell, Cooper",FC,opposite,36,0.4178404786677101,2.931708230289688,0.6364096537797633,0.53984511424583
"Criswell, Cooper",FC,same,46,0.6124476126283936,2.967399199417557,0.6838174595757843,0.6986539616389005
"Criswell, Cooper",SI,opposite,13,-0.013836638129777321,2.2900789948995652,0.8335367203392641,0.6112273072265731
"Criswell, Cooper",SI,same,64,0.027220629647270806,2.1804996660728664,0.7625293825873414,0.6534018268303526
"Crochet, Garrett",CH,opposite,134,0.8014875238083502,1.7983622806843522,0.8256353088870103,0.9536668771141974
"Crochet, Garrett",FC,opposite,746,-0.17962816939288087,2.3933075858183783,0.7537065823298942,0.7637239607742189
"Crochet, Garrett",FC,same,128,-0.2431286373394078,2.257220284439576,0.7036352643854442,0.7834588026605548
"Crochet, Garrett",FF,opposite,999,0.13571946142720903,2.971056874849513,0.7650897982925725,0.7535709570394595
"Crochet, Garrett",FF,same,133,0.24376844773475917,3.1520462964357714,0.7076008297170621,0.7214847639425569
"Crochet, Garrett",SI,opposite,302,0.38390916343912707,2.4702667090548136,0.7247004365184714,0.7021801161531699
"Crochet, Garrett",SI,same,203,0.6292923758302318,2.5919393443561614,0.7049269654515056,0.7043072935868616
"Crochet, Garrett",ST,opposite,416,-0.3363661066331746,1.5233487189195585,0.8344986633236807,0.8814057581114808
"Crochet, Garrett",ST,same,88,-0.4367119899875431,1.8129721130977392,0.8229977137056732,0.8746488997877865
"Cruz, Fernando",FF,opposite,109,-0.2346247952773854,2.7533441201109836,0.6958947306492884,0.9265792307774209
"Cruz, Fernando",FF,same,71,0.15630662246687416,2.512854562407698,0.5990791900596479,0.8908523316259209
"Cruz, Fernando",FS,opposite,201,0.0882571958249943,1.6071564885682956,0.7477525799201099,1.0389450537683835
"Cruz, Fernando",FS,same,295,0.3283966630699694,1.4483656687501423,0.7585614206692893,1.1475234547874518
"Cruz, Fernando",SI,opposite,4,-1.3015706803620783,3.1751264020249272,0.5956784960902224,1.015046471225984
"Cruz, Fernando",SI,same,109,-0.5942598108451297,2.592704349430365,0.7045526967254008,0.8088130324823408
"Cruz, Fernando",SL,opposite,18,-0.08295108295469245,2.0575776926924876,0.8152349702979489,1.0612167156106787
"Cruz, Fernando",SL,same,34,0.4483901802516834,1.8155277691724654,0.7854897486486236,0.7711182389575596
"Cruz, Omar",FF,opposite,22,0.08999186734166455,3.383245087019408,0.5715960762490933,0.8533078691024157
"Cruz, Omar",FF,same,28,-0.06291965314467778,3.2345288334188447,0.8540555237244389,0.594504132284549
"Cruz, Steven",FC,opposite,102,0.13695949115697076,2.3889265559684154,0.891215480377092,0.7969888277089885
"Cruz, Steven",FC,same,62,0.3423245967605101,2.4108073361042464,0.8291196274344395,0.724395181931118
"Cruz, Steven",FF,opposite,155,-0.3694444628183032,2.9038783333035747,0.792222971940261,0.7518240898523487
"Cruz, Steven",FF,same,167,0.031981935854167295,2.6842374600539016,0.7639136393775174,0.7574910820930785
"Cruz, Steven",SL,opposite,59,-0.15125948518221957,2.195884177072935,0.7154510660987029,0.9979473183556367
"Cruz, Steven",SL,same,97,0.2479170925714742,2.0774171307201157,0.825414702415415,0.8833698028987037
"Curtiss, John",FC,opposite,89,0.24608993855985462,2.9382491318340955,0.6751415578228414,0.7993470837226926
"Curtiss, John",FC,same,79,0.5905578521067674,2.540799476091913,0.6903583400590264,0.7917388031317313
"Curtiss, John",FF,opposite,150,-0.18574192906434434,2.9225879548257807,0.7098605378664495,0.8067930950889365
"Curtiss, John",FF,same,141,0.15438619734124787,2.702963033503199,0.6898460773557029,0.8351392462798234
"Curvelo, Luis",FF,opposite,84,-0.4015125974275368,2.5921068603757416,0.8504071917018557,0.8141097057465351
"Curvelo, Luis",FF,same,17,0.33580155188207156,2.3124353303528324,0.6597186120763817,0.703510807031499
"Curvelo, Luis",SI,same,75,-0.40632944010655625,2.45676728138934,0.7911100953804024,0.6886928637461025
"Curvelo, Luis",SL,opposite,56,-0.21464772449366043,2.1175114178171137,0.7480606809399709,0.9323348157555299
"Curvelo, Luis",SL,same,75,0.4868155256218506,2.0130852640265817,0.9254985434343187,0.9327718301182937
"Dana, Caden",CH,opposite,85,-0.6890129849053567,1.8737112782827778,0.8331631691904487,0.834833096327578
"Dana, Caden",CH,same,24,-0.2333507344917725,1.5623501701504436,0.5199644340673059,1.0537770796803887
"Dana, Caden",FF,opposite,132,-0.3995157671662524,2.716819990138185,0.7368404122588542,0.8256579072089629
"Dana, Caden",FF,same,121,0.1659428067664651,2.5659102002821257,0.7340167104683406,1.0125566801655757
"Dana, Caden",SL,opposite,44,0.02222788650490765,2.2572698872691443,0.7715836843088427,0.9460473436663087
"Dana, Caden",SL,same,111,0.34446313668000017,2.189885365829876,0.7827772406495749,0.8564169929749238
"Daniel, Davis",FF,opposite,23,0.07375250342896293,3.010901763843874,0.5551509261787893,0.9344330539425848
"Daniel, Davis",FF,same,70,0.1158607236382641,2.643238054695577,0.583820698812561,0.7742070188308191
"Darnell, Dugan",FF,opposite,40,0.2707776057881962,2.5738083012421646,0.6819635819638012,0.7578984292331887
"Darnell, Dugan",FF,same,58,0.3836751729214761,2.4982259716475865,0.70980552834461,0.8145774621458401
"Darnell, Dugan",FS,opposite,34,-0.42265234608511426,2.522314963708613,0.7672123707942625,1.0909926961038008
"Darnell, Dugan",FS,same,16,-0.4603817293615873,2.731540156286655,0.9629527224445976,1.2551246689563718
"Darrell-Hicks, Michael",FC,opposite,15,-0.1621316932202298,2.3841122456848876,0.6852556300115354,0.730863692241636
"Darrell-Hicks, Michael",FC,same,38,0.8738379440284535,2.1353442069730164,0.629837133054851,0.7279487912980699
"Darrell-Hicks, Michael",SI,opposite,28,-0.7163984162521937,2.3056946753440593,0.7497884460136226,0.6112618514999232
"Darrell-Hicks, Michael",SI,same,40,-0.3709988834096322,2.7302574776649675,0.8010222614849125,0.6342908597205192
"Darvish, Yu",CU,opposite,108,0.020618530297633556,1.9330093605303296,0.8167677615118738,1.0455228501146592
"Darvish, Yu",CU,same,72,0.3270996520229929,2.0546693644940204,0.8104916311653596,1.0992955285783428
"Darvish, Yu",FC,opposite,73,0.2820581356367556,2.4671820074502957,0.678396113947341,0.654915349723753
"Darvish, Yu",FC,same,66,0.3458930484980661,2.5102103623363243,0.7110893912301337,0.6770781517682147
"Darvish, Yu",FF,opposite,97,-0.4589967702671471,2.533171513119714,0.7588527528850749,0.7025824773474706
"Darvish, Yu",FF,same,101,0.208471102464134,2.6308028323197266,0.7755308445774406,0.8040997596714405
"Darvish, Yu",FS,opposite,89,-0.7014338882206866,1.9257403141976148,1.0001578284108363,0.9576096837387763
"Darvish, Yu",FS,same,32,-0.10586599879459468,1.929937861463705,0.9817381507480634,0.8045863330454843
"Darvish, Yu",SI,opposite,121,-0.13827902321209995,2.2341936400531206,0.8256326318002298,0.70460575265215
"Darvish, Yu",SI,same,115,-0.13427829469862634,2.23340949714374,0.8992637879013737,0.6854879382306098
"Darvish, Yu",SL,opposite,80,-0.14324274004007903,2.24666173322479,0.684978762735759,0.7949094559238861
"Darvish, Yu",SL,same,83,0.24226499044960806,2.1919825344262835,0.6893869579848239,0.7165312241145075
"Darvish, Yu",ST,opposite,42,-0.4589697635641012,2.284479695247548,0.8656680100990828,0.6725313068210844
"Darvish, Yu",ST,same,75,0.7634331132806295,2.020185591603396,0.8432383161085678,0.6920205930996891
"Davis, Noah",SI,opposite,28,0.15297192794769635,2.482434669629711,0.9128116157322144,0.7624123966258791
"Davis, Noah",SI,same,65,0.07358870987151074,2.3537089062313585,0.7126138076927199,0.7295525788956732
"Davis, Noah",ST,opposite,25,1.287686200289619,1.4660541982889672,1.078749956748428,0.8402526682760895
"Davis, Noah",ST,same,54,0.7553421498399548,2.031561459134465,1.0872263284256678,0.9997960583718372
"De Los Santos, Enyel",CH,opposite,164,-0.3102196726792457,1.811296468196259,0.7380668154665193,0.6139428103657382
"De Los Santos, Enyel",CH,same,4,0.06864249074785353,1.0266030827247443,0.9209025131151285,0.5159001121016935
"De Los Santos, Enyel",FF,opposite,209,-0.1543512398750039,2.980215908493546,0.6511718239551181,0.6658477424566693
"De Los Santos, Enyel",FF,same,331,0.0772935543665984,2.8990139150734526,0.7560213865743517,0.6446439369159365
"De Los Santos, Enyel",SL,opposite,55,-0.28534789957851625,1.8504196875875354,0.7190728683602534,0.651185743017858
"De Los Santos, Enyel",SL,same,342,0.5858932994270154,1.8097443491822531,0.7134775227971129,0.6186454272257774
"De los Santos, Yerry",CH,opposite,101,-0.31051286019584273,1.5608015142944414,0.7514120254976052,0.851079278483328
"De los Santos, Yerry",CH,same,62,0.14724712562883716,1.6495413517860433,0.7829370118001301,0.8347981328812992
"De los Santos, Yerry",FF,opposite,62,-0.26752526165672547,2.718469773681858,0.7178741795007078,0.9177359936495828
"De los Santos, Yerry",FF,same,3,0.8538037949822427,2.9548483011845073,0.7815136324364962,0.8608343370157289
"De los Santos, Yerry",SI,opposite,66,-0.3137740248243558,2.1488135562716137,0.7743087919423303,0.5882663451273458
"De los Santos, Yerry",SI,same,240,0.0692995793050428,2.3255732245379135,0.8248765357045422,0.6878177828974116
"De los Santos, Yerry",SL,opposite,15,0.1358764549785433,1.7934126801842187,0.7819426523632477,0.6584219961534409
"De los Santos, Yerry",SL,same,41,0.9456414192519969,1.6588874182709477,0.8159298076371178,0.7309053987932742
"DeSclafani, Anthony",FF,opposite,71,0.011420910401323207,2.7951262032824666,0.8284767704013903,0.8442085048343011
"DeSclafani, Anthony",FF,same,43,0.4223980196746163,2.711664281258243,0.599596378107368,0.9081841112938028
"DeSclafani, Anthony",FS,opposite,92,-0.19410376132336515,1.6518074213269247,0.9709715407202054,1.0014491021273297
"DeSclafani, Anthony",FS,same,37,-0.16721181675195565,1.5004044246902757,0.8870347408133624,0.7117048204697948
"DeSclafani, Anthony",KC,opposite,41,0.24641222333964014,2.3346368004245344,0.8990692816739163,0.7581761156702196
"DeSclafani, Anthony",KC,same,95,1.0275364669548377,2.1085177803112836,1.052996820688625,0.9203620949953838
"DeSclafani, Anthony",SI,opposite,19,-0.18198316318732455,2.608960050197947,0.9370580020976319,0.7650597154614159
"DeSclafani, Anthony",SI,same,94,-0.25911658060718595,2.5849670911949114,0.6942365032763491,0.828693809133086
"DeSclafani, Anthony",SL,opposite,66,0.10848037590947739,2.455855326212749,0.8357256372594409,0.756737368768704
"DeSclafani, Anthony",SL,same,74,0.7538433746879627,2.1809929429710206,0.7037297233210503,0.844157839759797
"Detmers, Reid",CU,opposite,193,0.10616273394552331,2.4054790836039213,0.7155389368418358,1.002185205440637
"Detmers, Reid",CU,same,36,0.22202918361536694,2.654347831685971,0.816319975698188,0.9630893341135012
"Detmers, Reid",FF,opposite,393,0.03504273680488175,3.1082543488920873,0.6786940634786452,0.7340917097801758
"Detmers, Reid",FF,same,99,-0.4484638893397833,2.872308320835103,0.6503990552436573,0.6871472488514151
"Detmers, Reid",SL,opposite,178,-0.36672128782042085,1.8584781991698927,0.6891862372222495,0.8853292133374039
"Detmers, Reid",SL,same,160,-0.4191105458762105,2.004199642099944,0.5997449609651991,0.9488038955304879
"Devenski, Chris",CH,opposite,64,-0.10958138480443777,1.779376817964154,0.7809675026769484,0.7362996517990847
"Devenski, Chris",CH,same,38,0.40788180706848465,1.5110072688524927,0.6463688131987816,0.729795706398119
"Devenski, Chris",FF,opposite,18,-0.024028844211676673,3.0229601407670885,0.6045902999326056,0.8283057529299069
"Devenski, Chris",FF,same,38,0.1340235629481282,2.80296085342893,0.8633552687423723,0.8973592935288719
"Devenski, Chris",ST,opposite,15,-0.2892797013908799,2.705252580551058,0.8547995214058862,0.7587486422462113
"Devenski, Chris",ST,same,40,0.7685932645208032,2.3617097700398135,0.5364202244561499,0.7042120489793892
"Dobbins, Hunter",CU,opposite,95,0.03536447528335794,1.63698655480242,0.7427218667497509,0.9654899071803363
"Dobbins, Hunter",CU,same,17,0.5885554190407158,1.488044087948739,0.530967724189436,0.8173114584833071
"Dobbins, Hunter",FF,opposite,185,-0.16163506245057474,2.7911378373098374,0.6662689651324405,0.7681411275991404
"Dobbins, Hunter",FF,same,192,0.1512877271204762,2.7191825892707757,0.7523988454807946,0.767337525257922
"Dobbins, Hunter",FS,opposite,69,-0.5098276842739419,1.8123954241150257,0.7885035253942747,1.0207185773387264
"Dobbins, Hunter",FS,same,12,-0.2949464730755857,1.9793398515739218,0.7709153902233987,1.182965634767647
"Dobbins, Hunter",SL,opposite,86,-0.09725883185218846,1.864120876286294,0.6356267691108938,0.8716297637273969
"Dobbins, Hunter",SL,same,166,0.30314368283235216,1.9346691734003756,0.8002969193041832,0.7823857070902647
"Dobbins, Hunter",ST,opposite,19,0.18667367006839825,2.4248825756960115,0.6056810261193591,0.7239703810205865
"Dobbins, Hunter",ST,same,77,0.8031192440028299,1.906522603866813,0.9223839080533741,0.9199574060927164
"Dodd, Dylan",FC,opposite,165,-0.25489758603302953,1.7687129358098952,0.7457787702948779,0.8822623156637176
"Dodd, Dylan",FC,same,124,-0.41555296190544977,1.8540525627184203,0.6935251815075353,0.6795455549670717
"Dodd, Dylan",SI,opposite,125,0.18752260342891885,2.896676788939399,0.682959341620937,0.7250034553390786
"Dodd, Dylan",SI,same,64,-0.2985073571709801,2.9059895142297365,0.6677453028169129,0.6984931640597198
"Dollander, Chase",CH,opposite,125,-0.436889243037366,1.8011731473199235,0.8803112235149807,0.7159161175631876
"Dollander, Chase",CH,same,13,-0.25442162376290306,1.799483377572287,1.1449945015391774,0.9692118410861985
"Dollander, Chase",CU,opposite,192,0.026821271663115653,1.9396615015278256,1.1020621945793594,0.8349763589984125
"Dollander, Chase",CU,same,187,0.6323119309984176,1.8340900797987099,1.0951471999625721,0.7737990911299509
"Dollander, Chase",FF,opposite,496,-0.05771305308445842,2.753129614138383,0.8014855936568062,0.6743716306687276
"Dollander, Chase",FF,same,371,0.20635338515020765,2.8074883656001286,0.8193295526295623,0.6683487663369706
"Dollander, Chase",SI,opposite,76,-0.4072740420455983,2.276075546155186,0.760302009348937,0.6790108749396844
"Dollander, Chase",SI,same,99,-0.4759810119562225,2.419193276858497,0.8039127334967721,0.5953506988863846
"Dollander, Chase",SL,opposite,55,0.31708267156961745,2.102485232071874,0.9790625972428459,0.8033456558484497
"Dollander, Chase",SL,same,164,0.6950717491545993,2.017809417220574,0.7924672954889735,0.7576097517791857
"Domínguez, Seranthony",CU,opposite,52,0.3173778267626034,2.290043856441462,0.8698523748399848,1.1153688213510438
"Domínguez, Seranthony",CU,same,3,0.6043221095524395,1.795333247694839,0.6558231508757987,0.28222620319878483
"Domínguez, Seranthony",FF,opposite,274,-0.18606724087724796,2.7449074808185383,0.7924606683987029,0.8196327095956991
"Domínguez, Seranthony",FF,same,289,0.35504812584887574,2.510763760603287,0.8240198194783364,0.8365685667767762
"Domínguez, Seranthony",FS,opposite,174,-0.46028644728753837,1.7247471073632168,0.9329033918646679,1.1445596100899902
"Domínguez, Seranthony",FS,same,36,-0.2079778273033414,1.926255236547907,0.9589556427880578,1.2355898780534198
"Domínguez, Seranthony",SI,opposite,38,-0.3027506114961495,2.201585028225024,0.8544403209123953,0.8036420766438227
"Domínguez, Seranthony",SI,same,134,-0.2067336090398063,2.2648726443177853,0.815011102998335,0.789332213793816
"Domínguez, Seranthony",ST,opposite,13,0.2416166292251704,1.89213432211989,0.6944658664644662,1.0608665645615403
"Domínguez, Seranthony",ST,same,260,0.6734852445651222,1.784000739850129,0.937374726597393,1.0544159697333826
"Doval, Camilo",FC,opposite,214,-0.041147223263912215,2.615297539945337,0.8864010540956386,0.7132382999088552
"Doval, Camilo",FC,same,243,0.26995024330001594,2.5775212154456213,0.8869380579852578,0.709699389214741
"Doval, Camilo",SI,opposite,50,-0.4294173807773883,2.345184128729774,0.8336623230954453,0.6829090791030803
"Doval, Camilo",SI,same,88,-0.08435043719547494,2.4868525802025574,0.800568672499884,0.7544011000157684
"Doval, Camilo",SL,opposite,256,0.00032487675704971587,1.726809504620312,0.8279570060307577,0.7642393507449149
"Doval, Camilo",SL,same,295,0.36106774533110364,1.7231549946127016,0.8502212074101579,0.7697252174842909
"Dreyer, Jack",CU,opposite,75,-0.027250904246460154,2.1147055893927122,0.8682247372204087,1.4579274883770235
"Dreyer, Jack",CU,same,26,-0.1706347050055323,2.118827621130822,0.9566137579430968,1.306144144356692
"Dreyer, Jack",FF,opposite,370,0.14659941027428056,2.868408914146468,0.5495934685458386,1.035801443302553
"Dreyer, Jack",FF,same,163,0.16107283841370437,2.8926564835938304,0.6045453139774523,1.0613745966853474
"Dreyer, Jack",SL,opposite,336,-0.13952294074071844,1.9953682046091157,0.5935760530889783,1.0910009687469333
"Dreyer, Jack",SL,same,210,-0.2692301592263478,1.9228708420857505,0.5791394324870568,1.128206263385925
"Dubin, Shawn",CH,opposite,75,-0.590676021428704,1.8255427001619602,0.7562809165531764,0.7468999255461893
"Dubin, Shawn",CH,same,5,-0.19685099826653835,1.6732714528448134,0.9427387302890611,1.06886259656062
"Dubin, Shawn",CU,opposite,56,0.35539348105749297,1.8233137445600762,0.8275239175772314,0.8503130991818243
"Dubin, Shawn",CU,same,24,0.1322930414251833,2.3428819842357846,0.867523415533311,0.9858267808507318
"Dubin, Shawn",FF,opposite,85,-0.3551009895100398,2.748025072884409,0.7837923893380868,0.8472564741570251
"Dubin, Shawn",FF,same,108,0.17820272372186408,2.8154505632585276,0.7441193914761484,0.7470897830653682
"Dubin, Shawn",SI,opposite,12,-0.5033409855205836,2.37564550227491,0.8719552695530138,0.6937543219872778
"Dubin, Shawn",SI,same,70,-0.25564714565851415,2.5127514928802004,0.819192622388687,0.7231670816954033
"Dubin, Shawn",ST,same,96,0.8815774884189254,2.029298300065245,0.8630699956451936,0.8182471091514061
"Dunning, Dane",CH,opposite,50,-0.5833375976175185,2.198843638248759,0.6947114337613467,0.8781038201775001
"Dunning, Dane",CH,same,17,0.04047865660599405,1.962161242612722,0.5543819327258578,0.9435986187063683
"Dunning, Dane",FC,opposite,80,0.08276430897161614,2.747724729107408,0.7716019023343712,0.8559926423825124
"Dunning, Dane",FC,same,67,0.5211580910662093,2.5931958281644993,0.722643187082374,0.7385820529463203
"Dunning, Dane",SI,opposite,40,-0.4026169592465113,2.6825168049090937,0.8518335708226823,0.718584278676611
"Dunning, Dane",SI,same,71,-0.14740828906023346,2.438380732643486,0.9019071547671605,0.8298341916155761
"Duran, Jhoan",FF,opposite,261,-0.10867945590595332,3.1878147153853784,0.6615315614922059,0.7780279143248581
"Duran, Jhoan",FF,same,145,0.07341385070876254,3.0900932874701956,0.6625103408183477,0.696875043685939
"Duran, Jhoan",FS,opposite,227,-0.15939452808568624,2.086999291332056,0.6580485812138922,0.7263681600906255
"Duran, Jhoan",FS,same,229,-0.17872030037833905,2.04665293578743,0.6659969656443534,0.7008851242685716
"Duran, Jhoan",KC,opposite,122,0.27122979026767263,2.009344793426147,0.9652605690701721,1.0571640289899857
"Duran, Jhoan",KC,same,90,0.7426519232845987,1.9121295780323757,0.8723154585345271,0.9779555538854073
"Duran, Jhoan",ST,opposite,2,1.675344600210023,1.5199858500149346,0.9019953528191098,1.5864845208967535
"Duran, Jhoan",ST,same,63,1.2017255217942977,2.1567311315550417,1.0250837218597986,0.8192383996713997
"Díaz, Alexis",FF,opposite,95,-0.6143072433705039,3.101083028382728,0.795668655646363,0.8002286714051893
"Díaz, Alexis",FF,same,120,-0.060526187672267986,2.874890286894936,0.8922491771567642,0.8303244612524254
"Díaz, Alexis",SL,opposite,56,-0.053506402512562674,1.9098696543088622,0.8985070739923964,0.7874466262568621
"Díaz, Alexis",SL,same,90,0.1912469400326458,2.040433855416498,1.0423785013871936,0.7126679771584026
"Díaz, Edwin",FF,opposite,313,-0.1794627541115524,2.9442988460132056,0.9104236191670987,0.7768100571021509
"Díaz, Edwin",FF,same,248,-0.07462405772536582,2.969603865126718,0.8862722357485714,0.7495338270168233
"Díaz, Edwin",SL,opposite,261,-0.11614086644654893,1.9420338468239473,0.9040475698011863,0.8605020912581414
"Díaz, Edwin",SL,same,244,0.3321644087280237,1.9952697514330753,1.0143790651952664,0.888639704790879
"Early, Connelly",CH,opposite,68,0.5479656168746585,1.8129245927579067,0.856138546143161,0.7821789580338776
"Early, Connelly",CH,same,5,-0.27517552516200133,1.5038107289955092,0.8310449955634802,0.60759881466611
"Early, Connelly",CU,opposite,66,0.21165026393651146,1.8271848007106049,0.8697018968765652,0.9889380518319306
"Early, Connelly",CU,same,7,-0.18477489083840878,1.6435735090158374,1.3909561091514158,1.24564517300597
"Early, Connelly",FF,opposite,89,-0.06465299663750886,2.9114285002050804,0.786175216667859,0.6045307828769917
"Early, Connelly",FF,same,25,-0.11227371581718254,2.932407395662127,0.685560837257659,0.7627149082020821
"Early, Connelly",SI,opposite,18,0.23639194655791287,2.089945768792487,0.8281182029491752,0.4073913895588124
"Early, Connelly",SI,same,42,0.16003926375229746,2.355539406779293,0.6987213809224033,0.6628496184298177
"Eder, Jake",CH,opposite,52,0.4085494696193673,2.2111335863846557,0.9923121605139099,1.1052706848837308
"Eder, Jake",CH,same,1,-1.2837340934071588,0.168643426656859,0.0,0.0
"Eder, Jake",FF,opposite,108,0.22335243354876727,2.8256613377250237,0.7717588253844849,0.8029852713074144
"Eder, Jake",FF,same,27,0.15221576742674914,2.6340308090947775,0.5888866732331475,0.8868169030897911
"Eder, Jake",SL,opposite,28,-0.6160637936842365,2.2050800050360952,0.42805887707558316,0.8017776790356029
"Eder, Jake",SL,same,27,-0.6480476574062588,2.0335494189176178,0.64206674963844,0.8510734475854643
"Eder, Jake",ST,opposite,22,-0.4220520845755924,2.4319999106413097,0.8113313323904007,1.054735658848918
"Eder, Jake",ST,same,37,-0.3431835995506671,2.171885075248294,0.6924701909734843,1.0551475444254161
"Effross, Scott",SI,opposite,16,-0.2281790306923639,2.5519015176670736,1.0449906408749876,0.3696399084167358
"Effross, Scott",SI,same,58,-0.1663287317063498,2.521062011282918,0.8453466575736556,0.4910620580725299
"Effross, Scott",ST,opposite,20,-0.6443422377405521,2.5287296498360896,1.0995729897171242,0.47859991273307945
"Effross, Scott",ST,same,32,0.5835704161763355,2.22449621846515,1.1179644577053913,0.48626365301884117
"Eflin, Zach",CH,opposite,148,-0.4158549057251619,1.8825661279987798,0.7247592997475256,0.6107120805676114
"Eflin, Zach",CH,same,39,-0.2207358050660144,2.0387582790970122,0.9294494140194899,0.665453591858714
"Eflin, Zach",CU,opposite,131,-0.0661795574140971,1.4526903992386861,0.6905651275131327,0.6988884104413063
"Eflin, Zach",CU,same,50,0.2875513345424963,1.23294675440879,0.9159554900464986,0.700398680717495
"Eflin, Zach",FC,opposite,180,0.022254851146096044,2.7806898981071324,0.8062719149000631,0.6346659187013688
"Eflin, Zach",FC,same,65,0.4264330452577204,2.2027374360299867,0.6655625453629365,0.5172020624486102
"Eflin, Zach",FF,opposite,105,-0.7271935439829196,3.091608000247268,0.8230145906462998,0.6760241634713317
"Eflin, Zach",FF,same,44,0.07053191613143749,2.9835137368619726,0.6783745144763468,0.6612829153908438
"Eflin, Zach",SI,opposite,96,-0.4101881450849942,2.27678167487312,0.7605042408525741,0.5290067939207288
"Eflin, Zach",SI,same,109,-0.38354061256366334,2.047310892853604,0.658340541311415,0.4652692654415376
"Eflin, Zach",ST,opposite,20,-0.653983445059251,2.135690201896323,1.1550515272850679,1.0204101817337696
"Eflin, Zach",ST,same,140,0.5620559510675917,1.9394118224789079,0.7658824762313864,0.6707725171169893
"Eisert, Brandon",CH,opposite,328,0.7159402438715419,1.6189150500431593,0.7197473359975988,0.7283918398049994
"Eisert, Brandon",CH,same,28,0.39985080265859335,1.4076771548101987,0.8342104994761222,0.8493885303378028
"Eisert, Brandon",FF,opposite,227,0.44516789367689874,3.312280978697802,0.7013972213924836,0.9111065104749934
"Eisert, Brandon",FF,same,158,-0.20618349734690605,3.1460192484952922,0.7425316354569569,0.9087658642848719
"Eisert, Brandon",SL,opposite,101,0.1771152519717199,2.022284088637193,0.7071991216920935,0.7515525271756557
"Eisert, Brandon",SL,same,333,-0.45183459264450604,1.9705665250890194,0.7691638679807947,0.7288561019152988
"Elder, Bryce",CH,opposite,188,-0.5609447460009903,1.8460741748070966,0.5825567244755744,0.956529863198686
"Elder, Bryce",CH,same,75,-0.17436096202277204,1.821663896563512,0.6003311154135584,1.2240604296825253
"Elder, Bryce",FF,opposite,265,-0.05698625635163451,3.1909960193909424,0.6025933767728519,0.899756098565859
"Elder, Bryce",FF,same,44,0.09733304596597205,3.009957280491678,0.6005746675204933,0.8772134276210907
"Elder, Bryce",SI,opposite,371,-0.276560684256807,2.0776062771578334,0.7244330534491352,0.7590624058060065
"Elder, Bryce",SI,same,688,-0.08533238754260157,2.008655827280985,0.7882052647847377,0.8000624290595709
"Elder, Bryce",SL,opposite,403,0.05797654761567624,1.7058171393433692,0.7162623549462278,0.8318073818652565
"Elder, Bryce",SL,same,480,0.5513028970257123,1.7250840507479357,0.5656484260214224,0.7850222807238533
"Ellard, Fraser",FF,opposite,92,0.17175813349074306,2.742650607340679,0.7204115882093488,0.8044146185326355
"Ellard, Fraser",FF,same,76,-0.20158926006388272,2.7389332691144492,0.7868359570636246,0.8162791522805648
"Ellard, Fraser",SL,opposite,41,0.26499537892248526,1.942151415362699,0.9564504390020515,1.0999092734225744
"Ellard, Fraser",SL,same,44,-0.29915160341032904,2.0553132139803894,0.9971237438862735,0.9480829012732837
"Englert, Mason",CH,opposite,147,-0.3119774940696331,1.7152990490296451,0.6997050832850831,0.9384819901792584
"Englert, Mason",CH,same,101,-0.08339901829879864,1.8129572443747102,0.7292804752696188,0.9037208515401874
"Englert, Mason",CU,opposite,56,-0.1287688220215619,2.3050943432321858,0.6514109649767941,0.6783814017272826
"Englert, Mason",CU,same,5,0.9505834820958159,1.4241054670157591,0.5692742020716424,1.1540374074805753
"Englert, Mason",FC,opposite,62,0.44748442253227017,2.4911361867866595,0.8205949964119815,0.7574027695356257
"Englert, Mason",FC,same,78,0.5394363433257647,2.4843735809996583,0.6311878975856247,0.7423743176846932
"Englert, Mason",FF,opposite,96,0.06018768307266071,2.9713145301441695,0.70813121303433,0.8358486272287597
"Englert, Mason",FF,same,47,0.21308074526184828,3.1982045004222712,0.5444516634926008,0.9748444035059386
"Englert, Mason",SI,opposite,29,0.5018562344460287,2.4878148683612533,0.5404062215875651,0.9848037751051794
"Englert, Mason",SI,same,95,0.11399228315572447,2.442965376466539,0.683215336779506,0.6957549194171346
"Enns, Dietrich",CH,opposite,169,0.2884640137694806,2.1607917869027906,0.660414465088047,1.0496296666383491
"Enns, Dietrich",CH,same,50,0.2328409799858286,1.8596665334697158,0.6361364046249188,0.8945188749285153
"Enns, Dietrich",FC,opposite,45,-0.3664293094609757,1.9109707831852154,0.770331470101422,1.0101846481668422
"Enns, Dietrich",FC,same,78,-0.4303155108404056,1.9769988268182095,0.7233603165357524,1.033286581448765
"Enns, Dietrich",FF,opposite,223,-0.16085144357301354,2.899737786491941,0.6461528229147359,0.7611147961112436
"Enns, Dietrich",FF,same,117,-0.14609340665794612,2.79788058998755,0.5309959678321156,0.7463767717075993
"Enright, Nic",FF,opposite,156,0.023053651022671744,2.968716001801431,0.6439277219343286,0.8778520855506209
"Enright, Nic",FF,same,197,0.4893525528716181,2.6431020596182777,0.6257818668969318,0.7889343036571703
"Enright, Nic",SL,opposite,32,0.3055008507040291,1.5518567821052467,0.614023658412781,0.6721957123341913
"Enright, Nic",SL,same,103,0.7804455533940888,1.8829598871362172,0.5768617315769109,0.8852234668645743
"Eovaldi, Nathan",CU,opposite,231,-0.023079687076990645,1.757921913235394,0.9475822948566305,0.94697010640646
"Eovaldi, Nathan",CU,same,148,0.3298194828895334,1.682069118307025,0.8581571002715042,0.8311193329441718
"Eovaldi, Nathan",FC,opposite,219,0.23788104832983123,2.5914607672946315,0.7233566568593411,0.6238226110557892
"Eovaldi, Nathan",FC,same,166,0.6355517045575472,2.211668872716218,0.6263366930332196,0.5742449448788455
"Eovaldi, Nathan",FF,opposite,218,-0.035299236235058866,2.708102935886577,0.7011811056378449,0.7746774009144499
"Eovaldi, Nathan",FF,same,214,0.3884847567276434,2.628719283055973,0.6545289834024318,0.7557262685288759
"Eovaldi, Nathan",FS,opposite,350,-0.002065455800589303,1.7654466884749178,0.6918364651650966,0.7934266528700431
"Eovaldi, Nathan",FS,same,253,0.11267637858527355,1.667725338863123,0.7486517418035884,0.800234340714771
"Eovaldi, Nathan",SI,same,97,-0.5674006900535981,2.546508932361894,0.6275664834591909,0.5485949426133581
"Erceg, Lucas",CH,opposite,137,-0.5639663222051424,1.8049152296337732,0.7395614252674831,0.7470292365806392
"Erceg, Lucas",CH,same,24,-0.1322134695590417,1.3560788879177215,0.618762849314134,0.9094531552577205
"Erceg, Lucas",FF,opposite,204,-0.09866589116563655,3.04230584430021,0.7030616434063477,0.7457049681487182
"Erceg, Lucas",FF,same,85,0.15935304080317472,3.1659400162883338,0.6104696471265115,0.7427029199090126
"Erceg, Lucas",SI,opposite,45,-0.18291353951489095,2.2767233842483656,0.5824367418749705,0.7574879744002381
"Erceg, Lucas",SI,same,185,-0.31465849553426445,2.3095067534616165,0.7514928283781843,0.6163394114647872
"Erceg, Lucas",SL,opposite,125,0.32080006414759304,1.7958145558945229,0.7711025243256758,0.8497686214740292
"Erceg, Lucas",SL,same,158,0.5793870966569494,1.6377948185078637,0.8258606801159806,0.8269002017585277
"Estes, Joey",FF,opposite,43,-0.47533879211845315,3.095270896575272,0.7587789653761927,0.8369861243021353
"Estes, Joey",FF,same,48,-0.06021875734216555,3.0617224730103927,0.5915818487637622,0.5928845583738839
"Estrada, Jeremiah",FF,opposite,308,-0.2049981604936996,3.0877683226728108,0.6116887592773128,0.8230459041765459
"Estrada, Jeremiah",FF,same,404,0.0645963288801648,3.228892356107951,0.6017979134902169,0.7591994076875415
"Estrada, Jeremiah",FS,opposite,187,-0.09302949513034668,2.166063570308249,0.6675183473688648,1.2339896858495765
"Estrada, Jeremiah",FS,same,114,0.14378520703564407,2.1461858992216505,0.6780242891686075,1.1622283691604363
"Estrada, Jeremiah",SL,opposite,43,0.01675680098741445,2.310939244374926,0.5750357076570521,0.9316346065266331
"Estrada, Jeremiah",SL,same,210,0.3997945241160846,2.2101474666123533,0.6334040731656984,0.9880058658948394
"Estrada, Lazaro",FF,opposite,22,0.07297586997533934,2.6765168707907603,0.6805780811073268,0.8218218331983401
"Estrada, Lazaro",FF,same,36,0.28003914450918366,2.812186507440713,0.8814550585123309,0.7097122229506182
"Estévez, Carlos",CH,opposite,148,-0.5328985887477165,2.4176535506243924,0.6488218634314569,0.898894621071494
"Estévez, Carlos",CH,same,15,-0.05745915669824595,2.0151905163522112,0.7461745594959562,0.921555254311039
"Estévez, Carlos",FF,opposite,311,-0.10066752967819347,2.725849132188887,0.7204200971565706,0.8776489819408508
"Estévez, Carlos",FF,same,247,0.05810366107556822,2.810333239144966,0.7468176348932815,0.8950353265179855
"Estévez, Carlos",SL,opposite,122,-0.010303802460970825,2.1526862554784145,0.7483488563290177,0.868982834086273
"Estévez, Carlos",SL,same,200,0.11777435021803057,2.3391004727954168,0.7149216953969093,0.949126856868589
"Evans, Logan",CH,opposite,120,-0.6301840069214594,1.9617796647018872,0.8038007843753243,0.8178350293604307
"Evans, Logan",CH,same,43,0.018363157822642112,1.5748851004505324,0.716369881005949,0.8510290773326318
"Evans, Logan",CU,opposite,115,-0.11758154307247064,1.9446898109038826,0.7800044335318158,0.9912612137606881
"Evans, Logan",CU,same,16,0.12737827802247434,2.0972796341803877,0.9202770597435304,0.9667586912863485
"Evans, Logan",FC,opposite,136,0.05694902237044731,2.284797343662543,0.7788375492047663,0.8927937797565464
"Evans, Logan",FC,same,220,0.45789758548369974,2.2584737935393155,0.7297931616255083,0.8544260670159417
"Evans, Logan",FF,opposite,107,0.054239200863030794,3.022072784158604,0.7136813489287445,0.7811144325505697
"Evans, Logan",FF,same,40,0.1752065976684163,2.811448830777446,0.7628606284728808,1.0859490126579872
"Evans, Logan",SI,opposite,52,-0.015889051504717602,2.1963178813768245,0.6729432035400527,0.6386470692731719
"Evans, Logan",SI,same,174,-0.004505184290674043,2.3867833162260013,0.763561378145979,0.8609557636109243
"Evans, Logan",ST,opposite,119,0.18862418815587287,2.2434893562986464,0.8560205153438687,0.7224192987868636
"Evans, Logan",ST,same,196,0.976955167721332,1.9934333009240301,0.7982410272708134,0.7852051714830207
"Fairbanks, Pete",FF,opposite,243,-0.05760652163341134,2.798773945509984,0.7077902901834937,0.9689086200587937
"Fairbanks, Pete",FF,same,261,-0.023529271510766395,2.834656193995507,0.6463010955207545,0.8933489150861871
"Fairbanks, Pete",SL,opposite,170,-0.001907169243380089,2.1782269966313486,0.5593259448263647,0.9923196214244863
"Fairbanks, Pete",SL,same,224,0.17642301685801018,2.070570963401916,0.6957421780252689,1.0140539841870557
"Falter, Bailey",CU,opposite,208,-0.21246000708479282,2.1718298622015544,0.5516266779085263,1.13398073669104
"Falter, Bailey",CU,same,38,-0.45640029591213127,2.0860787484082466,0.54287539594451,1.0187853072189192
"Falter, Bailey",FF,opposite,810,-0.20541603211834533,2.920331911790718,0.6046955362952487,0.9037629637133454
"Falter, Bailey",FF,same,182,-0.18271909649811588,2.776461383209941,0.6021408296552799,0.8662684688274632
"Falter, Bailey",FS,opposite,151,0.4283019798012557,2.4423855161915387,0.6570371805564325,1.1154580873420514
"Falter, Bailey",SI,opposite,91,0.3307512673048152,2.8245841201545603,0.5475978890529576,0.8508281948648979
"Falter, Bailey",SI,same,100,0.37525349496332616,2.8062450095458265,0.5381629469794936,0.7962809120926859
"Falter, Bailey",SL,opposite,199,-0.4560078475079913,2.395737953439162,0.6186765656855361,1.0174360871486254
"Falter, Bailey",SL,same,155,-0.5074580086765726,2.3379833015536713,0.5978757285851589,0.9955967592874753
"Farris, Mitch",CH,opposite,86,0.23314493999080896,1.4825777107957252,0.9630897384306618,1.1976105214881436
"Farris, Mitch",CH,same,22,0.051227924815348214,1.7106231487208676,0.6264883628828138,0.8438701474237653
"Farris, Mitch",FF,opposite,137,0.2571459217275332,3.14050338714652,0.7834054657061795,0.7425260276492189
"Farris, Mitch",FF,same,65,-0.5653181397436122,3.0029980824069575,0.5752975046729362,0.6783162305984332
"Farris, Mitch",SL,opposite,61,-0.10197851068379829,2.1760863280443195,0.7202090869814003,0.8534813149615491
"Farris, Mitch",SL,same,34,-0.4587683314625055,1.9250597829435752,0.8794759622742798,0.808155653425145
"Faucher, Calvin",CU,opposite,141,-0.17124325714236682,1.5152222229123937,0.9332305664340603,1.0667960802221605
"Faucher, Calvin",CU,same,18,0.3661113077056977,1.7962483772506497,0.9717251989032335,1.2223970435506735
"Faucher, Calvin",FC,opposite,227,0.06940717894684686,2.4742115713446466,0.6643515532950638,0.8423638831254375
"Faucher, Calvin",FC,same,163,0.6091781995589954,2.165448702685024,0.6852190465211042,0.8189409146663797
"Faucher, Calvin",FF,opposite,115,-0.3095423515076819,2.94494890440795,0.8556710860124883,0.820363549054095
"Faucher, Calvin",FF,same,67,0.3235265657489052,2.7828100680334704,0.807374824414911,0.9747458213452972
"Faucher, Calvin",SI,opposite,25,-0.6442784765587689,1.9357481340334854,0.7621918370004575,0.9585013019280316
"Faucher, Calvin",SI,same,106,-0.1767359876708783,2.0438082847401535,0.8742349916529158,0.9669418869313539
"Faucher, Calvin",ST,opposite,23,0.036817257014326386,2.048495944043886,0.6180301235570488,1.2988993676397618
"Faucher, Calvin",ST,same,168,0.9134796624549608,1.9077079868431734,0.8920600256577915,0.899851659619651
"Fedde, Erick",CH,opposite,262,-0.4729650648623209,1.6914564051153176,0.6680781642053073,0.8546653298027593
"Fedde, Erick",CH,same,19,-0.26530629525929167,1.8973618126761718,1.012656776816551,1.1609283161842827
"Fedde, Erick",FC,opposite,413,-0.10517847443421788,3.173819837128571,0.6622169836596817,0.8149492330728227
"Fedde, Erick",FC,same,251,0.4538135542662158,2.3753174628782916,0.651381464839508,0.7260652339853241
"Fedde, Erick",SI,opposite,331,-0.19017227568878411,2.3939403823454577,0.6900524061908652,0.766524216165772
"Fedde, Erick",SI,same,457,0.1250909098488222,2.3864997998298305,0.7717965345056921,0.7487029230216359
"Fedde, Erick",ST,opposite,238,-0.1837557540111515,1.9167924532116596,0.7082945451440736,0.6906164326981877
"Fedde, Erick",ST,same,377,0.9198813637850536,1.885313526571263,0.8556087465716289,0.7399244363804627
"Feltner, Ryan",CH,opposite,88,-0.2335803112524012,1.69937309312323,0.8431938837173951,1.0202314273899773
"Feltner, Ryan",CH,same,9,0.2709435522518081,0.7860503466315887,1.0349729165899981,0.761858702028752
"Feltner, Ryan",FF,opposite,121,-0.05621179664896635,2.9176023628282675,0.7889745397950642,0.9209626593673965
"Feltner, Ryan",FF,same,53,0.1484179089531918,2.6220405891606307,0.7104354780138461,0.9392744683474658
"Feltner, Ryan",SI,opposite,5,0.01678523811660316,2.5901149625970175,0.6233841652456551,1.1730862721627773
"Feltner, Ryan",SI,same,60,-0.4193103312040049,2.692645912733658,0.6226589321297348,0.8516734313175691
"Feltner, Ryan",SL,opposite,47,0.3178574705743456,2.6094888136098686,0.647504328342007,0.8927614796817048
"Feltner, Ryan",SL,same,42,0.39206167890802784,2.1922833790629874,0.6265200382720171,0.77309711343497
"Feltner, Ryan",ST,opposite,1,-0.5031359791697407,1.7231420486853413,0.0,0.0
"Feltner, Ryan",ST,same,63,0.5721722777805512,1.6223386085328524,0.7415585912176902,0.9087225705233523
"Ferguson, Caleb",FC,opposite,146,-0.5109745751138367,2.091387292706824,0.6921050887379252,0.8197688098591908
"Ferguson, Caleb",FC,same,114,-0.5407210916532363,2.0417406643090876,0.660369364910611,0.8361047378765633
"Ferguson, Caleb",FF,opposite,254,-0.17282608432417773,2.8701720988433235,0.6715936354215791,0.8222960972687728
"Ferguson, Caleb",FF,same,96,-0.43475691135131694,2.7516839153968977,0.7353221426170041,0.7817596946268177
"Ferguson, Caleb",SI,opposite,35,0.40882640448409036,2.5737151740050535,0.7112191093700208,0.5668101727902263
"Ferguson, Caleb",SI,same,226,0.2889303461960379,2.7111910751573354,0.665229273949306,0.7783325168633527
"Ferguson, Caleb",SV,opposite,205,-0.1972054595148475,1.7633665520561044,0.7909382668154602,1.0597460091605795
"Ferguson, Caleb",SV,same,35,-0.22246930927560649,1.754793787674686,0.9145994665437932,0.9569168698761812
"Ferguson, Tyler",FC,opposite,75,-0.025784292312885752,2.310390488690386,1.028128692885267,0.6852878604326809
"Ferguson, Tyler",FC,same,36,-0.2003811528046365,2.234515252893507,0.9171194785436282,0.5948499503389236
"Ferguson, Tyler",FF,opposite,117,-0.41656605928378415,2.6998507072509286,0.8902154990381258,0.7187342288927411
"Ferguson, Tyler",FF,same,263,-0.20010148328654853,2.6688215751244173,0.7654003055059035,0.5807026770553071
"Ferguson, Tyler",SI,opposite,30,-0.6468154849332642,2.2987403945946308,0.9012450057854913,0.643260312887327
"Ferguson, Tyler",SI,same,117,-0.7013507431273243,2.09625571761435,0.902069970950325,0.6663897916902258
"Ferguson, Tyler",ST,opposite,63,0.01989490344048489,1.8596516923579196,1.0462384075038227,0.7150216829632057
"Ferguson, Tyler",ST,same,249,0.41873617689821535,1.7752867337463876,0.9983396955216858,0.8160712676742462
"Fermin, José",FF,opposite,153,-0.16508562926764492,2.88535204289078,0.6767174342246547,0.8342980677680365
"Fermin, José",FF,same,151,0.21193867815506315,2.872348857693429,0.7233316843888828,0.8187936606438007
"Fermin, José",SL,opposite,134,-0.22357068498836394,1.7356544909539646,0.7751534424083679,0.986291553888861
"Fermin, José",SL,same,183,-0.16880889387430745,1.8392093533460072,0.7172425698407997,1.0344788357848225
"Fernandez, Ryan",FF,opposite,82,-0.32204875656518567,2.825006760258476,0.6761653120130475,0.8717029878669241
"Fernandez, Ryan",FF,same,116,0.10992914220866926,3.182437825605395,0.6919130417609378,0.8484579860690636
"Fernandez, Ryan",SL,opposite,82,0.09674288269329719,1.6273689334895791,0.5999052559847124,1.0691026484180073
"Fernandez, Ryan",SL,same,165,0.5702139201217178,1.8596466612884353,0.6250271381498427,0.8880039693412622
"Fernández, Julian",FF,opposite,30,-0.00019627889000514291,2.592049084330207,0.6491327054597988,0.8302847845043733
"Fernández, Julian",FF,same,22,0.022626933821692043,2.8106998220562702,0.6297653242477438,0.6561236217188561
"Ferrer, José A.",CH,opposite,248,0.23735412268236245,1.6452292598078233,1.054371498117706,0.9312123181433339
"Ferrer, José A.",CH,same,17,-0.566513693892617,1.3808445095330513,0.9566915105913654,0.8359045705811051
"Ferrer, José A.",FF,opposite,81,-0.5156160246433595,2.8106668834207147,0.6646737377110274,0.6323670656315828
"Ferrer, José A.",FF,same,25,-0.6155139554280598,2.6947106575518496,0.5728952710171571,0.6682464971679948
"Ferrer, José A.",SI,opposite,455,0.0421990614959139,2.4006780922387607,0.7512275890302249,0.6741563465605478
"Ferrer, José A.",SI,same,292,0.037868699715881596,2.349390702246755,0.7180797473254921,0.5949140294118671
"Ferrer, José A.",SL,opposite,16,-0.7276792251544543,1.806467010740932,1.044983554415081,1.2448133754245851
"Ferrer, José A.",SL,same,74,-0.7837508467163561,1.9068318829912176,1.1320728914697389,0.823476011190949
"Festa, David",CH,opposite,165,-0.4516522158462799,1.744262939454442,0.671367930110493,0.7934479852012354
"Festa, David",CH,same,91,-0.11315036364992867,1.5025156792457537,0.6742352586492477,0.9019951850447058
"Festa, David",FF,opposite,160,-0.02672323507006308,2.9141524341507234,0.7283780157068812,0.861207038249124
"Festa, David",FF,same,118,0.13343962539833645,2.5787762202151647,0.7127459167634254,0.8077418576052233
"Festa, David",SI,opposite,37,-0.31655132014379167,2.3663689200064266,0.7600178503749392,0.6165804835472187
"Festa, David",SI,same,75,-0.46110054475718937,2.375701285361887,0.6684743934430789,0.7434094135208016
"Festa, David",SL,opposite,82,0.222375650256862,1.8853746775231623,0.7589914571160231,1.0564702851649534
"Festa, David",SL,same,154,0.4205361489892439,2.114314996412019,0.7603394627688227,0.9199696179097754
"Festa, Matt",FC,opposite,80,-0.16945560970132786,2.877744119747289,0.7836670946717698,0.7564687534231749
"Festa, Matt",FC,same,38,-0.2559543105783618,2.937119670139655,0.6776089976306802,0.652606107117046
"Festa, Matt",FF,opposite,174,0.02350379560424884,2.8705402171782,0.7494666333898242,0.6923199389465582
"Festa, Matt",FF,same,152,0.14565519108257866,2.8055522268096347,0.7523369418156227,0.7193269132374095
"Festa, Matt",SI,opposite,6,-0.20932830274409353,2.8110893789549354,0.7243159555619358,0.5793508017447074
"Festa, Matt",SI,same,60,0.2539975233406142,2.9262615051957916,0.7530182137991257,0.7699209909308989
"Festa, Matt",ST,opposite,107,0.20001807511524913,2.264783203211862,0.9667471378767605,0.998358824154355
"Festa, Matt",ST,same,215,0.5017705378791049,2.3162671558550856,0.8869636454623884,0.8568010107127049
"Finnegan, Kyle",FF,opposite,283,-0.15744367122722097,2.711277382015965,0.6611006238829639,0.7962395094325293
"Finnegan, Kyle",FF,same,263,0.02173774082156404,2.6473953914784145,0.6648591841592308,0.837994154254281
"Finnegan, Kyle",FS,opposite,238,-0.19591992760674715,1.7371665978646424,0.6365991797991681,0.8558296755235225
"Finnegan, Kyle",FS,same,144,-0.06311917003839165,1.6516053169047273,0.6498450994295818,0.8868289528487333
"Fisher, Braydon",CU,opposite,225,0.06578138677740593,2.3552143530863927,0.7089105292073914,1.121704171759714
"Fisher, Braydon",CU,same,125,0.28958441831461357,2.29041910789005,0.6431005268582306,1.1716658566547458
"Fisher, Braydon",FF,opposite,115,-0.3588698256502478,3.5065168998522296,0.6424750180560148,0.9021822813088224
"Fisher, Braydon",FF,same,86,0.11025551207589422,3.357207526254852,0.5848273032327911,0.7969039339300743
"Fisher, Braydon",SL,opposite,81,0.45448502400697444,2.5369352807480063,0.671297371930596,1.0029309158918536
"Fisher, Braydon",SL,same,297,0.5576586123114605,2.375417037400029,0.5908888855661548,0.9320050933366248
"Fitts, Richard",CU,opposite,76,0.06518700755866048,1.6121230585999955,0.5550679061579239,1.0014314730915659
"Fitts, Richard",CU,same,5,-0.030194390344969468,2.455156118305647,0.8419107039702227,0.5802443791918144
"Fitts, Richard",FF,opposite,166,-0.2753727226713002,3.064020164028391,0.7055307958616982,0.8164695317060662
"Fitts, Richard",FF,same,119,0.19187089634008947,3.1156503062965712,0.6064088105333396,0.7586108380372718
"Fitts, Richard",SI,opposite,1,-1.555415160151573,3.2014636246847625,0.0,0.0
"Fitts, Richard",SI,same,65,-0.7973740703935747,2.7066869251796426,0.6202295525694019,0.6777771109288124
"Fitts, Richard",SL,opposite,76,0.22754830800980477,1.8522523735506837,0.5567236809829783,0.9553264283417884
"Fitts, Richard",SL,same,130,0.5862202126267771,2.1248257086687565,0.5207110497946023,0.7940627911437299
"Fitts, Richard",ST,same,78,0.9260485682630392,2.007546177530876,0.6919595493158811,0.8017035888704969
"Flaherty, Jack",CH,opposite,70,-1.0587316308882215,1.7673724398644832,0.9918239331716492,0.898606983536788
"Flaherty, Jack",CH,same,11,-0.37538963933950725,1.692936282835116,1.4166715994586803,1.2284115918297918
"Flaherty, Jack",FF,opposite,729,-0.3453117517475716,2.5271569045574505,0.6674215858769081,0.7442492297390937
"Flaherty, Jack",FF,same,672,0.24630863590315139,2.335114070457492,0.7395862943791186,0.7154402037053906
"Flaherty, Jack",KC,opposite,423,-0.1513102771016448,1.391743590953658,0.7629746038723608,0.753892641547704
"Flaherty, Jack",KC,same,337,0.3938853639021615,1.3198777101948667,0.7542762812383236,0.7674246870089675
"Flaherty, Jack",SL,opposite,411,-0.05545331861732015,1.5646256584477782,0.7063269790812382,0.6551038413575817
"Flaherty, Jack",SL,same,322,0.7487954923616532,1.4789314045802422,0.6146220259188332,0.6211348158778498
"Flexen, Chris",CU,opposite,54,-0.5517384007234819,2.2039148693261046,0.7076487855849523,0.9782264606026699
"Flexen, Chris",CU,same,61,-0.07227277614905178,2.117911760048959,0.6338531102796496,1.1379090900292714
"Flexen, Chris",FC,opposite,53,0.2446805658030597,2.7087026519927284,0.5875454310426944,0.8837715244434999
"Flexen, Chris",FC,same,137,0.44222820049521405,2.346689659503042,0.5101088666231793,0.992004214155614
"Flexen, Chris",FF,opposite,142,-0.17218856496394194,3.038866540479068,0.5811060677971384,0.8738230671223362
"Flexen, Chris",FF,same,135,0.19739346797117893,2.838945159033829,0.6031272289137233,0.919499838643652
"Flexen, Chris",SL,opposite,19,-0.12653374940201834,1.6603117872395075,0.3726062125700603,1.0898414623586137
"Flexen, Chris",SL,same,41,0.01552417504133666,1.2950170330201733,0.518599848386527,1.03327875334503
"Fluharty, Mason",FC,opposite,338,0.226646430138413,2.916220134484952,0.8628476413398662,0.7926454164246255
"Fluharty, Mason",FC,same,232,-0.28178068768572345,2.97582707570147,0.7731817965997229,0.7320965065683885
"Fluharty, Mason",ST,opposite,157,0.17738617006234553,1.9837625681854,0.8913060960915619,0.8619363019379223
"Fluharty, Mason",ST,same,269,-0.6788127535177557,1.965823129271108,0.8652212328632904,0.8691296415138391
"Francis, Bowden",CU,opposite,104,-0.26241804219124015,1.981628186325605,0.8578482270337987,0.9067635315272989
"Francis, Bowden",CU,same,56,0.19822763489380954,1.8056110602167998,0.9190170901818936,0.9906283764581187
"Francis, Bowden",FF,opposite,390,-0.23677926093071405,3.0381699550735406,0.6832824481324801,0.7327593620404451
"Francis, Bowden",FF,same,249,-0.05517290822778892,2.811778457103415,0.7573531073134382,0.7079576324719753
"Francis, Bowden",FS,opposite,171,-0.2922751427269118,1.6061300135006105,0.7218556878618948,0.8225264400457503
"Francis, Bowden",FS,same,85,-0.09868937894424974,1.5135555265865162,0.6837124973580856,0.9622104793921461
"Francis, Bowden",SL,opposite,11,-0.23388358660904424,1.7609371279141741,0.7737927982283005,0.6809034193748941
"Francis, Bowden",SL,same,55,0.5527559985903101,1.599762676642589,0.8279206849197801,0.7409117200352802
"Freeland, Kyle",CH,opposite,147,0.5273779689060305,1.7619035425798457,0.6763239050753164,0.7851170459210975
"Freeland, Kyle",FC,opposite,319,-0.28101270538499484,2.365119754952116,0.744457878272042,0.6645397355661746
"Freeland, Kyle",FC,same,69,-0.4845482328458003,2.311608069436501,0.6239766639483487,0.6903494578518289
"Freeland, Kyle",FF,opposite,679,0.04053405075422424,2.528854078368433,0.6497159550830989,0.7130432825885287
"Freeland, Kyle",FF,same,149,-0.1648884058728197,2.522817907845466,0.6462390946792533,0.647924977750537
"Freeland, Kyle",KC,opposite,546,0.08993500021125023,1.5834991683701902,0.88711252123733,0.9283950871490594
"Freeland, Kyle",KC,same,102,-0.403384683066426,1.3141986631019535,0.7219919604645791,0.9077706446208303
"Freeland, Kyle",SI,opposite,122,0.1904894467690778,2.374628351587402,0.697927124523243,0.6742516425245606
"Freeland, Kyle",SI,same,30,0.4288674415270499,2.4836090853702233,0.6646174856088078,0.8209289617164626
"Freeland, Kyle",ST,opposite,162,-0.2523648247496061,1.9698107598121974,0.9520694055012953,0.8720317894379399
"Freeland, Kyle",ST,same,157,-0.35069620813294594,1.9675871440865544,0.8403544176088344,0.8203760389168681
"Fried, Max",CH,opposite,343,0.7651571488205918,2.1799023073812487,0.6552494530906006,0.8345461256271651
"Fried, Max",CH,same,3,0.6338038700151436,2.435850488431815,0.5334393978474464,0.5189381724744241
"Fried, Max",CU,opposite,454,0.3766330709579572,1.9236828473271104,0.7601987957471783,0.9944331813562916
"Fried, Max",CU,same,89,-0.15027633542109112,1.5970006271994517,0.776421609567196,1.075756648788426
"Fried, Max",FC,opposite,802,-0.4463461012685664,2.7222997620137908,0.685153195805408,0.7628760128912342
"Fried, Max",FC,same,99,-0.5220253269282291,2.4271970905457483,0.6098572959804148,0.7516117134569898
"Fried, Max",FF,opposite,320,0.10994708335468387,3.0880396307423483,0.6868737884554204,0.9334795751541552
"Fried, Max",FF,same,66,-0.3736649836754498,3.0612579257024004,0.6649133293067321,0.7601619638283611
"Fried, Max",SI,opposite,303,0.39579252518390007,2.211684841609656,0.6623060067731449,0.7455421494139813
"Fried, Max",SI,same,266,0.06851069670972272,2.0275033667509863,0.6840349992511194,0.792977225835467
"Fried, Max",SL,opposite,33,-0.2528430612528661,1.4388292913907785,0.7438203150696409,1.1335703377972093
"Fried, Max",SL,same,19,-0.756895953524515,1.9056020185128457,0.6199672212611526,0.8346137995220811
"Fried, Max",ST,opposite,221,0.08322539777998501,2.5561346018396636,0.8536116225748064,1.0121798850160058
"Fried, Max",ST,same,142,-0.5377076397613546,2.098225452588159,0.929902630721221,1.0681162789485916
"Fuentes, Didier",FF,opposite,75,-0.2501357754356102,2.8461077802339996,0.7778134944536271,0.7308519691068376
"Fuentes, Didier",FF,same,94,0.37141023545537394,2.7693353685934192,0.6976135161214672,0.6443963002092564
"Fuentes, Didier",ST,opposite,21,0.23161232092746578,1.6820114096025154,0.7599831390758353,0.7015087886752236
"Fuentes, Didier",ST,same,59,0.7675136356757922,1.8581850890084493,0.8382455670806285,0.6747180455766718
"Fulmer, Carson",CH,opposite,97,-0.2402599346767375,1.5116498480508298,0.7215794633474218,0.6884954687637075
"Fulmer, Carson",CH,same,33,-0.2394689840960345,1.6648677226943451,0.6228246772193141,0.6497818811470996
"Fulmer, Carson",FF,opposite,80,-0.28492490388582986,2.529301120194852,0.751602519329839,0.8331109813734402
"Fulmer, Carson",FF,same,34,0.4727874302805528,2.480873266249283,0.6398085670635656,0.9036276486518791
"Fulmer, Carson",SI,opposite,31,-0.23459139951094168,1.9622969577535878,0.8658755910513941,0.7877373452416233
"Fulmer, Carson",SI,same,75,-0.2655604283003708,2.249774134467094,0.5905338830616192,0.7022411614525548
"Fulmer, Carson",SL,opposite,17,0.3036901617077929,1.6388254060308576,0.8088981237976977,0.8265310093801086
"Fulmer, Carson",SL,same,65,0.7307032174413882,1.5043844501894061,0.8111990601858063,0.8108199073988916
"Funderburk, Kody",CH,opposite,87,0.07190154016842948,2.1372774666383925,0.7225740536550658,0.9761099557056379
"Funderburk, Kody",FC,opposite,137,-0.23154780385720433,2.908566836975685,0.6896672646965097,0.8274821038568065
"Funderburk, Kody",FC,same,42,-0.46862526747809585,2.805708502728285,0.7484450403483205,0.7176614855546833
"Funderburk, Kody",SI,opposite,91,-0.011751518802838224,2.642384267916451,0.8185735074846803,0.6449649505085022
"Funderburk, Kody",SI,same,146,-0.1909239187614297,2.4607530411471963,0.7881685878795012,0.714102364324325
"Funderburk, Kody",SL,opposite,24,-0.36370701107911446,2.0432227349223226,0.7069725608226523,0.885434278680145
"Funderburk, Kody",SL,same,54,-0.5440440126417387,2.4534006202017373,0.802110682527433,0.712040781428435
"Funderburk, Kody",ST,opposite,50,0.1034339760371968,1.950449751929624,1.0602418142995127,1.0961065615791596
"Funderburk, Kody",ST,same,94,-0.6616124967258937,2.0639545465891684,1.1773358131171106,1.0624859690575297
"Gaddis, Hunter",CH,opposite,114,-0.7224099229511115,1.9801791688805823,0.9530577687436343,1.1142366866600029
"Gaddis, Hunter",CH,same,32,-0.4629014791938012,2.6661494874041556,0.8456864360073708,0.9339280916598043
"Gaddis, Hunter",FF,opposite,171,-0.014877715424597213,3.049723378930465,0.6539237468510023,0.7263366604978326
"Gaddis, Hunter",FF,same,182,0.1799519484923257,2.9645547950490285,0.633156579549891,0.7566434407493862
"Gaddis, Hunter",SL,opposite,186,0.3151419512865882,1.906602061649552,0.7864041701102441,0.8049235346503447
"Gaddis, Hunter",SL,same,394,0.6778263486774754,2.012052622378569,0.6329077181960461,0.8207734990236857
"Gage, Matt",FF,opposite,91,0.23760421931550202,3.2484473040721094,0.6889988775880406,0.7373078825448911
"Gage, Matt",FF,same,55,-0.37936449716848086,3.100349733845458,0.6299750373402091,0.8286732642650997
"Gage, Matt",SI,opposite,10,0.41274501891236204,2.3925654933293394,0.4981735314431305,0.6875882165753073
"Gage, Matt",SI,same,40,0.558152077211332,2.440524524795021,0.7508626537441352,1.1014456332859455
"Gage, Matt",SL,opposite,115,-0.1513820298688622,1.95701720590398,0.7112899994785236,0.8919447753107876
"Gage, Matt",SL,same,155,-0.48617473765903035,2.2063387049950376,0.7285050606550602,0.9070272552894065
"Gallen, Zac",CH,opposite,381,-0.5125121552198606,1.622476587135551,0.604806669012835,0.633089331461615
"Gallen, Zac",CH,same,120,-0.4162337287066221,1.6204556964802785,0.5970228706337918,0.6871404711875173
"Gallen, Zac",FF,opposite,671,-0.2947066659246328,2.676639609269959,0.702493306198908,0.8412556399518492
"Gallen, Zac",FF,same,739,0.09866314585391066,2.6308380048472575,0.7263201718685761,0.8117023328847035
"Gallen, Zac",KC,opposite,345,-0.07944649609842556,1.4614618128036394,0.6179739750695921,0.7954764370252391
"Gallen, Zac",KC,same,391,0.18168655512168183,1.4333903652899078,0.5692680711538014,0.7977158544263983
"Gallen, Zac",SI,opposite,1,0.3370212147713377,2.107298727379037,0.0,0.0
"Gallen, Zac",SI,same,78,-0.8056086824190241,2.580990173403941,0.5400027810699745,0.6976788544151715
"Gallen, Zac",SL,opposite,125,0.5493637725530554,3.0957137170176177,0.6137436637159288,0.652698570229612
"Gallen, Zac",SL,same,281,0.7244596728267304,1.837327918557232,0.6262823617544083,0.691268905220783
"Garcia, Brandyn",SI,opposite,92,0.33969649117665357,2.4816940516652086,0.8629718796593422,0.7384512493164779
"Garcia, Brandyn",SI,same,53,0.1213633701337713,2.5386837275376366,0.7702153767690734,0.7351401833803887
"Garcia, Brandyn",ST,opposite,38,-0.05317287421792429,2.0513170401957783,1.3287517069852373,0.7372176660785965
"Garcia, Brandyn",ST,same,46,-0.5445173851803297,1.9986852422451833,1.072597736662289,0.6687058393179346
"Garcia, Luis",FF,opposite,9,0.487419740251347,2.893886212253248,0.5654460696155179,0.923053280633131
"Garcia, Luis",FF,same,43,0.23532941555463888,2.956824456573028,0.6567221754751761,0.794870964576472
"Garcia, Rico",CH,opposite,128,-0.2327196710794977,2.1005209164313996,0.6337660393102269,0.948098632135001
"Garcia, Rico",CH,same,1,-0.1899930000681264,3.7822867108656766,0.0,0.0
"Garcia, Rico",CU,opposite,53,0.07416724285415376,1.7907411596481353,0.6321780842531944,1.0125151244026285
"Garcia, Rico",CU,same,61,0.3300784077846486,1.6255037942512667,0.6118250132046437,1.0652524427300825
"Garcia, Rico",FF,opposite,127,-0.18895724366931177,2.761384515572966,0.6381537253783164,0.7846716579207105
"Garcia, Rico",FF,same,104,0.18833638373002282,2.8676180030253295,0.6921825750678542,0.8515898225784166
"Garcia, Rico",SL,opposite,4,0.2874072967416179,2.6396195967478286,0.911584009214675,1.6888631384358463
"Garcia, Rico",SL,same,108,0.6794472974778962,2.1188456163946174,0.6400537902296537,0.9813264370818353
"Garcia, Robert",CH,opposite,251,0.6502801514662637,1.9403508454570748,0.7242743708059566,0.7395016698578849
"Garcia, Robert",CH,same,24,0.16575590611089355,1.3322642814517989,0.6561072313542908,0.8935783805706581
"Garcia, Robert",FF,opposite,249,0.26871165825709353,2.7995409746936497,0.7812646974418931,0.7312499233038622
"Garcia, Robert",FF,same,187,0.2646743102711926,2.671572294048326,0.7125259766919269,0.8020447290456575
"Garcia, Robert",SL,opposite,134,0.16411187939950478,2.0910312135141367,0.8085503199011509,0.7446815926662909
"Garcia, Robert",SL,same,127,-0.29116756633402513,1.9881958235799093,0.8390794849015435,0.7624585084682409
"García, Luis",FS,opposite,185,-0.21424267102975258,1.550672779233259,0.7498902448981999,0.8566506754018804
"García, Luis",FS,same,11,-0.2063188459107056,1.3152108572352963,0.6314915431322209,0.9985502480850535
"García, Luis",SI,opposite,136,0.09874756873699385,2.4680195735833887,0.777969120675773,0.7013658926722732
"García, Luis",SI,same,233,-0.24927078037637218,2.335661741125917,0.6396375237092056,0.6655857398167553
"García, Luis",ST,opposite,52,0.0023891153409475283,1.9724383290471357,0.8047866691464761,0.946462114880299
"García, Luis",ST,same,238,0.7459065181228001,1.6453251135040792,0.8481593413638274,0.9566481865886838
"García, Yimi",CU,opposite,48,-0.21692079459814595,1.9733832932362088,0.6601285107616884,0.8166111124372749
"García, Yimi",CU,same,14,0.39093941525863063,1.7199685700344907,0.6925579231825981,0.8374360801438205
"García, Yimi",FF,opposite,87,-0.3523775352127369,2.8683188446156977,0.6819976203177096,0.7197181609945226
"García, Yimi",FF,same,72,0.046571816610815345,2.957893225870122,0.7287487395278474,0.7457056749542373
"García, Yimi",SI,opposite,21,-0.9786165424085763,2.5071941458919027,0.7567528144723037,0.7716088016665826
"García, Yimi",SI,same,33,-0.577224294504965,2.0654357556742644,0.6700567700095883,0.68291862887769
"García, Yimi",ST,opposite,9,0.18260184877309474,1.5976726159307872,0.8595099961985605,0.9928982823222277
"García, Yimi",ST,same,53,0.3825459705103839,2.02555729769137,0.788329264154314,0.6655605291800218
"Garrett, Reed",FC,opposite,150,0.016981177256817387,2.5124832885946358,0.8646508016826884,0.6743653146085107
"Garrett, Reed",FC,same,126,0.534086055614768,2.529186543858952,0.7377617057659289,0.6714516819860143
"Garrett, Reed",FS,opposite,140,-0.6236543520027157,1.3696101468900577,0.7861252173671117,0.9089420982013486
"Garrett, Reed",FS,same,79,-0.2539337556379333,1.0737474819253687,0.7508081133481495,0.9891444076761149
"Garrett, Reed",SI,opposite,68,-0.14477264757479216,2.2649259879233448,0.8373653350100969,0.7393544995311706
"Garrett, Reed",SI,same,170,-0.5151468474409863,2.1248051123791036,0.7501129225123662,0.7428956562241372
"Garrett, Reed",ST,opposite,75,-0.22794474917803498,2.0237767884235756,0.7484213446744237,0.7355944044130357
"Garrett, Reed",ST,same,132,0.491789835557257,2.040640099547666,0.8345114272042188,0.8106771190900709
"Gasser, Robert",FF,opposite,34,-0.400940011737513,2.7552730230608855,0.9112088864443968,0.7217275573180404
"Gasser, Robert",FF,same,16,-0.6882580351918122,2.423301768750865,0.8174977339916659,0.5142230327220819
"Gasser, Robert",ST,opposite,31,-0.25320869155534437,2.072827778579825,0.5633441756675716,0.5823527374407831
"Gasser, Robert",ST,same,31,-0.7545069215585697,1.9355002151240999,0.9583730558843326,0.59926545562059
"Gausman, Kevin",FF,opposite,897,-0.21624562676594725,2.4188829518254717,0.6252465549584468,0.710637971548036
"Gausman, Kevin",FF,same,925,-0.13197045699506535,2.4254274735648127,0.6539540747460488,0.7216788643355659
"Gausman, Kevin",FS,opposite,702,-0.3832908563822003,1.5022292168090225,0.6758945890312238,0.7648538715141308
"Gausman, Kevin",FS,same,623,0.005664099943970857,1.4263876134291038,0.6810041853164797,0.7687378035779932
"Gausman, Kevin",SL,opposite,49,0.1680520187972662,1.466857670232028,0.7615207666837464,0.8991957592570599
"Gausman, Kevin",SL,same,268,0.7988089108364739,1.5852461834729428,0.8040485121240272,0.9769982980699801
"Gervase, Paul",FF,opposite,45,-0.015911552244032796,2.568944244074031,0.7717037554012357,0.8503775045924981
"Gervase, Paul",FF,same,35,0.1428963237429084,2.5589706953261513,0.8032845182767314,0.6130060419762389
"Gibaut, Ian",FC,opposite,23,0.4060026830363304,2.6490147928470575,0.5766276941283208,0.7478966504117369
"Gibaut, Ian",FC,same,31,0.30802994438090997,2.3735644131310014,0.5074936197861385,0.7599004670571007
"Gibaut, Ian",FF,opposite,101,-0.42673689445487767,2.72666541904884,0.6681717585908329,0.8654383096503862
"Gibaut, Ian",FF,same,98,-0.14558232991882514,3.0333822691971384,0.595141533578651,0.6968617398647828
"Gibaut, Ian",SL,opposite,22,0.19292940124458233,2.194644900129774,0.5977003774573234,1.1400133713440284
"Gibaut, Ian",SL,same,35,-0.09934829808463269,1.893350054157576,0.6130078466500638,0.8399129637144741
"Gibaut, Ian",ST,opposite,18,-0.2130835773545593,2.3250978340244504,0.9043762103975024,1.2951841381748466
"Gibaut, Ian",ST,same,46,0.45377370676720796,1.7836163587097982,0.7917911517234459,0.9674701704723561
"Gibson, Cade",CH,opposite,117,0.4660469247585081,2.064155096767196,0.6826958037255457,0.8468922543155585
"Gibson, Cade",CH,same,15,0.47996823376817016,1.6183698717748622,0.4327517700719528,0.9489824679185882
"Gibson, Cade",CU,opposite,166,-0.37030820877845894,1.9560113393577465,0.8277773002423461,1.038491123508112
"Gibson, Cade",CU,same,93,-0.48119022382145243,2.0366579542579832,1.0397594209874967,1.2501519255522109
"Gibson, Cade",FF,opposite,48,-0.2081571890538071,3.671045181345441,0.7999197604772776,0.9288604892016524
"Gibson, Cade",FF,same,38,-0.30871500484011877,3.224547393870735,0.5963547280966666,0.9363301362325169
"Gibson, Cade",SI,opposite,88,0.008661313625848254,2.317073044551592,0.7061274549534678,0.7748788951502387
"Gibson, Cade",SI,same,127,0.2678128164399205,2.644052748985034,0.8052280025508385,0.8255032403605832
"Gibson, Cade",SL,opposite,35,-0.546654623734211,2.2550819347949775,0.6481372843715603,0.7589765115834619
"Gibson, Cade",SL,same,52,-0.4234102437171783,2.296006214478007,0.8452846518897094,0.9753317752668323
"Gibson, Cade",ST,opposite,12,-1.202274180862305,1.6098629213147584,0.6761416553500096,0.7702271685102132
"Gibson, Cade",ST,same,117,-0.9805220635159135,1.9726504597196206,0.8747570246236911,0.7577777828695693
"Gibson, Kyle",SI,opposite,33,0.26147664905319984,1.9566061073155212,0.722890610476659,0.6083294233643746
"Gibson, Kyle",SI,same,67,0.012866468828695188,2.100833284683413,0.7027737180688718,0.7150269379869464
"Gibson, Kyle",ST,opposite,8,0.11450316990239655,1.8357214884463484,0.4314613688163091,0.9044338356156953
"Gibson, Kyle",ST,same,45,1.188670701393565,1.3994573022351795,0.746462726621598,0.7526075330614035
"Gil, Luis",CH,opposite,124,-0.5105087961237293,2.279069683591105,0.9789202306534549,0.7915061029017275
"Gil, Luis",CH,same,112,0.12439234623711733,1.9803869125659408,0.8022091100730737,0.7667599019714076
"Gil, Luis",FF,opposite,313,-0.07317796976624877,2.9037777141085557,0.7115369691557115,0.8710604404753194
"Gil, Luis",FF,same,208,0.22596792228677812,2.9299280979508002,0.7071905943968959,0.8756182162090247
"Gil, Luis",SL,opposite,112,-0.13684137554376993,2.277381910341607,0.8405299214317348,1.0464913437820513
"Gil, Luis",SL,same,149,0.5922602945896049,2.254577551334466,0.8700470421022728,0.9317562506334724
"Gilbert, Logan",CU,opposite,34,0.21849762504238027,1.793197329705134,0.7191977061745316,1.2500203401536631
"Gilbert, Logan",CU,same,142,0.6591128290644579,1.6994998181027636,0.8365797753877621,1.1451918220788588
"Gilbert, Logan",FF,opposite,449,-0.11135886553767413,2.6679682798449424,0.6480594526102605,0.8368611265287059
"Gilbert, Logan",FF,same,426,0.1988948218408893,2.6857258879586947,0.621321589265648,0.7867863072272323
"Gilbert, Logan",FS,opposite,248,-0.2795415185630452,1.5227772161346367,0.9284351193134618,0.9161488601056623
"Gilbert, Logan",FS,same,235,0.0906163905413674,1.311143048509261,0.9207178852645578,0.909173921425112
"Gilbert, Logan",SL,opposite,468,0.07595245310470376,1.8550501534750556,0.6648175556488932,0.9453504776749478
"Gilbert, Logan",SL,same,385,0.18533021378067763,1.9859880104077707,0.6438862529333538,0.9466647271461486
"Gilbert, Tyler",FC,opposite,134,0.09636809567068612,2.738625694228918,0.848192653626084,0.803472197742376
"Gilbert, Tyler",FC,same,20,-0.030344801180217533,2.8224996691292175,0.6714220455321305,0.8691300263169643
"Gilbert, Tyler",FF,opposite,49,-0.10380912337272286,3.2319536064105496,0.6589149405458008,0.7109491587843838
"Gilbert, Tyler",FF,same,53,-0.4000205881275167,2.736805345957117,0.9202091899944891,0.6522455026686823
"Gilbert, Tyler",FS,opposite,66,0.5633184266956773,1.9610160434404136,0.9627103665852915,0.799604287278154
"Gilbert, Tyler",SI,opposite,154,0.2839073812323809,2.6973071230459933,0.8330074092015686,0.6423195826602295
"Gilbert, Tyler",SI,same,109,0.07137402922910037,2.3165630574870066,0.8417343662246114,0.6422027552783526
"Gilbert, Tyler",ST,opposite,38,0.4584358149370999,2.1779024396040816,1.0548143066918094,0.8762719543611178
"Gilbert, Tyler",ST,same,216,-0.6586384030314835,2.097377452587305,1.0769513743323715,0.7384843232601926
"Gillispie, Connor",CH,opposite,65,-0.19938316575953066,1.845112778843889,0.6630828286041901,0.9879306442932816
"Gillispie, Connor",CH,same,8,-0.12686648298110198,1.844450672347209,0.9513773775411434,0.864808606119185
"Gillispie, Connor",FC,opposite,52,0.23903829932694667,2.5921500345688457,0.5890064070618211,0.745978647413229
"Gillispie, Connor",FC,same,65,0.34916635567035,2.5268620770979577,0.7338616951880967,0.9516659090526242
"Gillispie, Connor",FF,opposite,73,0.04790725468776751,3.1207285639952533,0.7401098041002767,0.8736011497543822
"Gillispie, Connor",FF,same,64,0.16025715430039678,3.251197345711264,0.7883765168591211,1.0459307046646593
"Gillispie, Connor",ST,opposite,56,0.0927357371901326,2.0757032436581286,0.7324350593500453,0.9644551439849877
"Gillispie, Connor",ST,same,83,0.5132054816035684,2.15920483471251,0.7425898131122952,0.9212131739764303
"Ginkel, Kevin",FF,opposite,133,-0.19716908759002402,3.2763293152779,0.7202486943300049,0.8310507370901872
"Ginkel, Kevin",FF,same,115,0.1932060074194383,3.0943009883266392,0.6333407487002227,0.7707187211974147
"Ginkel, Kevin",SL,opposite,81,0.28493026689276185,1.4897749573846581,0.6654181941774537,0.8698199416217434
"Ginkel, Kevin",SL,same,128,0.7853521453260882,1.4949416553700585,0.6730758348197106,0.8317841308806425
"Ginn, J.T.",CH,opposite,132,-0.7005048222308451,1.6290937404660453,0.7318880609517768,0.8107568773637823
"Ginn, J.T.",CH,same,16,-0.6665347154028229,1.6184217998585027,0.7258834182430405,0.8406588989301131
"Ginn, J.T.",FC,opposite,177,0.4850523503468871,3.195977791842405,0.6934817991716756,0.8079355297902846
"Ginn, J.T.",FC,same,33,0.40813121626542953,3.1867062332368525,0.6718178295814488,0.8304484933839991
"Ginn, J.T.",SI,opposite,288,-0.0026390642843021764,2.4492518878088303,0.776557770844275,0.7706122034582321
"Ginn, J.T.",SI,same,523,-0.15337016578848112,2.327144055437523,0.8374918468700993,0.7509260792715796
"Ginn, J.T.",SL,opposite,108,0.09113622620715851,1.8632312443636616,0.8972050894150275,0.6694939863613659
"Ginn, J.T.",SL,same,298,0.8542919605494923,1.806211257602479,0.6655240441983957,0.7937609660515748
"Giolito, Lucas",CH,opposite,315,-0.18416864829360302,2.032691943910789,0.5886282871312719,1.01797099213209
"Giolito, Lucas",CH,same,219,0.08080097683866883,1.9449063513040397,0.6305728107298237,0.970000525109428
"Giolito, Lucas",CU,opposite,68,0.3703405339757553,1.3679125789795952,0.8106892910008723,1.5124313573235484
"Giolito, Lucas",CU,same,14,0.6489299273525077,0.7598580693485157,1.121163677688508,2.331290591430232
"Giolito, Lucas",FF,opposite,610,0.07732513992171579,2.8932081259683797,0.5924046179871345,0.9744794933113282
"Giolito, Lucas",FF,same,535,0.052207917987640316,2.8134196641420672,0.6409299698463475,0.9228997548712552
"Giolito, Lucas",SL,opposite,177,0.34791722530141894,2.0475439960682316,0.6797800003795154,1.075852383231741
"Giolito, Lucas",SL,same,429,0.6335268721257352,1.9974265252614842,0.6566682246552943,1.1176236602269414
"Gipson-Long, Sawyer",CH,opposite,70,-0.130110970104533,1.859127476210038,1.0487733719593395,0.7937798210891307
"Gipson-Long, Sawyer",CH,same,28,0.11875697162444074,1.595085417153144,1.1519899983151975,0.9327983084013759
"Gipson-Long, Sawyer",FC,opposite,47,0.11422187578790097,2.548026285309701,0.6722461275134843,0.6399982805618052
"Gipson-Long, Sawyer",FC,same,3,1.417904666344583,1.964523840316227,0.9385048866606196,0.8546937942141656
"Gipson-Long, Sawyer",FF,opposite,86,-0.31039124829550285,2.738927367611365,0.7251044609526802,0.6581413684956939
"Gipson-Long, Sawyer",FF,same,45,0.0629088938627224,2.632258347719399,0.7285024467365121,0.6479887136843027
"Gipson-Long, Sawyer",SI,opposite,5,-0.32092941642575445,2.6938165052066747,0.8917845361365876,1.0650838327681882
"Gipson-Long, Sawyer",SI,same,80,-0.13658852697879723,2.3408378034462727,0.6984195300461493,0.6784501673747338
"Gipson-Long, Sawyer",SL,opposite,34,0.0719911802065296,1.621715880921789,0.7427279888103652,0.7724409557887221
"Gipson-Long, Sawyer",SL,same,65,0.5929553759873332,1.6661103311098413,0.7772775159144194,0.6657482881634461
"Glasnow, Tyler",CU,opposite,236,0.18614529085690806,1.686016929339753,0.7814460648901851,1.3891685836969454
"Glasnow, Tyler",CU,same,172,0.4896149903053782,1.4519917628777002,0.7244795486831914,1.298763030722069
"Glasnow, Tyler",FF,opposite,304,0.11161861581657957,2.548471330537669,0.5717334249008202,0.9357620832261835
"Glasnow, Tyler",FF,same,309,0.1955689557720316,2.650936578708427,0.5852675863511652,0.9600718109621202
"Glasnow, Tyler",SI,opposite,142,0.4432065109424648,2.5726029891924456,0.601191500104758,0.7864955499484045
"Glasnow, Tyler",SI,same,232,0.2820725015971767,2.5589241028631817,0.6063482090365139,0.9215372948745847
"Glasnow, Tyler",SL,opposite,124,0.5457409658491492,2.0623752109333666,0.5604703000394392,1.0139969796825734
"Glasnow, Tyler",SL,same,265,0.80760166676349,1.940345018470292,0.6366792552647771,1.0317096818655491
"Gomber, Austin",CH,opposite,163,0.30032738477999976,2.1179618881654436,0.5734017530052358,0.8736444053157625
"Gomber, Austin",CH,same,1,0.360822654751234,1.4585580863847984,0.0,0.0
"Gomber, Austin",FF,opposite,266,0.0006874122147482313,2.6267990526710117,0.6763042657135426,0.9377502772079075
"Gomber, Austin",FF,same,74,-0.17262649364365512,2.4757136328848035,0.6312806163547772,0.8513093437334923
"Gomber, Austin",KC,opposite,210,0.1261365702963079,2.0405472062202814,0.603178046466251,1.0869709511064105
"Gomber, Austin",KC,same,38,-0.19770665743033966,1.7563266268062108,0.6410217869557416,0.7702554199326274
"Gomber, Austin",SL,opposite,68,-0.645237378011015,2.249567735074197,0.7346371953741144,1.1632007172733512
"Gomber, Austin",SL,same,85,-0.5363896422508482,1.8846208649571434,0.5838475554201434,0.9970945918103086
"Gonsolin, Tony",CU,opposite,73,0.34741871430046595,1.9992379518217975,0.6338195283377747,0.8374894370863972
"Gonsolin, Tony",CU,same,30,0.3159560345024777,1.9610637787154512,0.6120418362911788,0.7794552995632914
"Gonsolin, Tony",FF,opposite,155,0.14658042683576084,2.8366744715753915,0.5964973591993494,0.8990133934166905
"Gonsolin, Tony",FF,same,90,0.36712144661822876,2.9888433289999043,0.5950063747039376,0.9341463185227241
"Gonsolin, Tony",FS,opposite,97,-0.08769348987470399,1.9455140933208903,0.858812109463497,0.989333738693189
"Gonsolin, Tony",FS,same,66,0.13186432417865357,1.9697775940020776,0.6681908722773804,1.0027770072195177
"Gonsolin, Tony",SL,opposite,30,1.0645003023001465,1.5404603118347504,0.6625105362505752,0.8084536463570643
"Gonsolin, Tony",SL,same,68,0.863124733456556,1.7851032097915625,0.6185993057227267,0.9493876330904994
"González, Wikelman",CH,opposite,50,-0.4141240807250689,1.9143810762262632,0.8671494922154177,0.9210747541487576
"González, Wikelman",CH,same,7,0.3729398895352848,1.865972409511658,0.8782569473514467,0.7425378708060576
"González, Wikelman",FF,opposite,116,-0.14664967406669877,2.662375639694757,0.7418864289049097,0.7815612136448952
"González, Wikelman",FF,same,90,0.035528427145604266,2.752741948664359,0.7472320469299636,0.7270029536766526
"González, Wikelman",SV,opposite,40,-0.36399185062067346,2.4684991266008454,1.0793546124208477,1.0414753824014709
"González, Wikelman",SV,same,46,0.8615611129228513,2.2397206593823653,1.1332623323424411,0.9669260752765639
"Gordon, Colton",CH,opposite,114,0.3516260018244348,1.8626864630453543,0.8288259599742814,0.7967193794913549
"Gordon, Colton",CU,opposite,140,0.1775831809353826,2.2743203090213435,0.8961386379322291,0.7582486336344398
"Gordon, Colton",CU,same,8,-0.38533043811584194,2.433442947935031,0.7827007426098797,0.7390620251964843
"Gordon, Colton",FF,opposite,533,0.02436888015954645,2.7478246636288852,0.7257133636308949,0.7380079733566158
"Gordon, Colton",FF,same,62,-0.2509729091531813,2.7203068352653883,0.6183007301989922,0.8146890328170042
"Gordon, Colton",SI,opposite,62,0.3579571816145625,2.0854672816720914,0.7899883636273556,0.7293204752392596
"Gordon, Colton",SI,same,95,0.28760878895066017,2.3396311119035795,0.7013234267608828,0.7072409879216787
"Gordon, Colton",ST,opposite,277,-0.14422175730646344,1.83637815182569,0.8001063725011957,0.8266414147885693
"Gordon, Colton",ST,same,119,-0.5621546720491071,1.997469216055261,0.8055465766380199,0.6519994183202754
"Gordon, Tanner",CH,opposite,215,-0.3588190400476598,1.7672110400012393,0.6100907650649522,0.7151216703319341
"Gordon, Tanner",CH,same,48,-0.19407912327901142,1.5832635258489287,0.5133383566871363,0.7667888891169906
"Gordon, Tanner",FF,opposite,357,-0.2967880468375615,2.6792486229395878,0.6910819532488274,0.6604312537361701
"Gordon, Tanner",FF,same,300,-0.14074774446121668,2.5617644471736534,0.7027188540077942,0.7119432802456177
"Gordon, Tanner",SL,opposite,71,0.12988303303517795,1.9227931525452824,0.8323508188506773,0.7954057452204215
"Gordon, Tanner",SL,same,248,0.3488603203879752,1.7618272820217136,0.7651278583778218,0.7783886060553566
"Gore, MacKenzie",CH,opposite,289,0.41414729738997597,1.8160283017712755,0.8505498770818136,1.1469941926727416
"Gore, MacKenzie",CU,opposite,585,-0.046357540951244974,1.6035656067151371,0.7519198110418652,1.123778016078993
"Gore, MacKenzie",CU,same,90,-0.11318130314020952,1.6633352580908543,0.6780342352724836,1.0700222578851277
"Gore, MacKenzie",FC,opposite,127,-0.8275629730360641,2.244999972201034,0.69223854971183,0.9030902761991829
"Gore, MacKenzie",FC,same,1,-1.0217612718244555,2.7295633774783186,0.0,0.0
"Gore, MacKenzie",FF,opposite,1082,-0.016395460457918322,2.9542200247605583,0.6880610740240788,0.8213579477719672
"Gore, MacKenzie",FF,same,306,-0.21290527874329684,2.733094643236316,0.6940060565562196,0.8260409976053553
"Gore, MacKenzie",SL,opposite,11,-1.2069360949102788,1.3751138372271028,0.587505083430988,0.8928659661377926
"Gore, MacKenzie",SL,same,327,-0.45580074655371855,2.1215784867091263,0.6721381583061624,0.9435460036959803
"Graceffo, Gordon",CU,opposite,106,0.01065598940503276,1.3536470345526754,0.5814581650067931,1.3188826226892898
"Graceffo, Gordon",CU,same,89,0.23123921662927727,1.2600567418977031,0.5807970711461127,1.2540348814746456
"Graceffo, Gordon",FF,opposite,134,-0.2676742079543745,2.7972828218220362,0.6188029897720532,0.8296996062115133
"Graceffo, Gordon",FF,same,195,0.08222913974945076,2.8741997059878535,0.6199933397144048,0.8618706263377903
"Graceffo, Gordon",SL,opposite,51,0.16059126580620603,2.10048749223776,0.6188494569270064,0.9661873705027801
"Graceffo, Gordon",SL,same,150,0.30737562074885094,1.6886318367405935,0.5751051390014691,0.8542060347225475
"Granillo, Andre",FF,opposite,45,-0.23967867515074018,3.129057711728134,0.52314014652372,0.8403552702165468
"Granillo, Andre",FF,same,57,0.05532465247687908,3.206817101337706,0.6193783146874553,0.9164460922745278
"Granillo, Andre",SL,opposite,77,0.028479804749586567,2.2790710379133983,0.6014091207735359,1.0042362399733102
"Granillo, Andre",SL,same,158,0.5474772216093632,2.03214285985702,0.7271451404111121,0.9621769475688525
"Graveman, Kendall",CH,opposite,64,-0.2853386465251131,1.7599981744230242,0.6874910780824983,0.8786538122879575
"Graveman, Kendall",CH,same,2,0.865136910906115,1.5806781456694983,0.5822703493628656,0.531175539607457
"Graveman, Kendall",FF,opposite,21,0.5033962369430829,3.443164162073069,0.9973167846019757,0.7892156922872117
"Graveman, Kendall",FF,same,31,0.28804090368164575,3.2032134321815438,0.6717318808643495,0.8327135200115915
"Graveman, Kendall",SI,opposite,25,0.09341269736623861,2.53166812444846,0.7982164365124392,0.7762527844266851
"Graveman, Kendall",SI,same,103,-0.4266799269692769,2.090829498723161,0.8373346853173047,0.7448586738934545
"Graveman, Kendall",SL,opposite,6,0.07689180610094082,1.7780741507640796,0.5324595643279143,1.2183599795299265
"Graveman, Kendall",SL,same,65,0.8810084120827769,1.5454717545723171,0.8268404712041982,0.6973681334861169
"Gray, Jon",FF,opposite,36,-0.10353853719135361,2.582364044315245,0.6396602635292761,0.9022465140162744
"Gray, Jon",FF,same,63,0.06207580822483875,2.4762571065975036,0.7654522871468468,0.7208980817506248
"Gray, Jon",SL,opposite,27,-0.014637680695809063,1.8421412833511803,0.6329949596006491,0.730245183213903
"Gray, Jon",SL,same,62,0.62608394949209,1.8135008446309366,0.7100852529031892,0.8015322000961839
"Gray, Sonny",CH,opposite,224,-0.41742137599489487,2.095501339620854,0.7722368727558433,0.8869400561156066
"Gray, Sonny",CH,same,5,0.15978863658164988,1.9030165434201414,0.18610240655585025,0.23258780625354436
"Gray, Sonny",CU,opposite,368,-0.12256973768511192,1.9265876406380078,0.7086047737035801,0.863871982727087
"Gray, Sonny",CU,same,130,0.43880412795709073,1.9656253460580175,0.7262463086526241,0.9460379158799603
"Gray, Sonny",FC,opposite,82,0.3583573691040113,2.7098358428390927,0.546770224580434,0.8215036003999476
"Gray, Sonny",FC,same,260,0.7185831473590698,2.2655488835483952,0.5709687100874397,0.7927571334669837
"Gray, Sonny",FF,opposite,420,0.16779424702016127,3.0063389703514347,0.6093630917023312,0.788795446893083
"Gray, Sonny",FF,same,169,0.4657065021048481,2.563142341342173,0.5343887211581689,0.7048221647424993
"Gray, Sonny",SI,opposite,123,-0.005571571187139432,2.457764689913284,0.6252697777149256,0.8676600639548068
"Gray, Sonny",SI,same,367,0.15227325051276447,2.3618966395104306,0.7017930984922958,0.8022973494879148
"Gray, Sonny",ST,opposite,230,0.45463868451202477,1.3028453004078786,0.579004662054134,0.8961053972521917
"Gray, Sonny",ST,same,293,0.9453619656584159,1.359025681408976,0.6309836874884257,0.8321542411804295
"Green, Chad",FF,opposite,188,-0.04834489080339956,2.9763546272709602,0.6969259383164959,0.8082497561955144
"Green, Chad",FF,same,168,0.23202339409983916,2.994539588816573,0.6502480903365873,0.768371669626752
"Green, Chad",SL,opposite,94,0.13198767125530178,1.6856600834103863,0.6162636157857879,0.9144847064695524
"Green, Chad",SL,same,243,0.7725061354284303,1.9383173230187687,0.6707198855553596,0.8156328433580242
"Greene, Hunter",FF,opposite,480,-0.034733868072988706,2.787358602873611,0.6424138556038144,0.7454033669631236
"Greene, Hunter",FF,same,467,0.14030394601045562,2.736762130178534,0.6786300032555973,0.7493545452739014
"Greene, Hunter",FS,opposite,159,-0.10783562076451558,1.7088505848949462,0.7832447059374688,1.0357417262512398
"Greene, Hunter",FS,same,29,0.0011026177603198082,1.7367413797629567,0.8392962662496231,1.199676547748566
"Greene, Hunter",SL,opposite,238,0.436851999698681,1.8024563330285635,0.8084084160129577,0.7980677369412414
"Greene, Hunter",SL,same,373,0.6261042607314914,1.8741586592521815,0.7115563636910998,0.8536392017583545
"Guenther, Sean",SI,opposite,26,-0.10902877146961644,2.4118020705898293,0.699801710979745,0.631837059887437
"Guenther, Sean",SI,same,37,-0.09828849336144745,2.1376025630552835,0.5287986592627135,0.6839287063360523
"Guenther, Sean",SL,opposite,28,0.37303857328217926,2.276848489193926,1.0496197919449421,0.6659141562118919
"Guenther, Sean",SL,same,25,-0.4278913696561715,2.1748907712015573,1.0252614795075814,0.7152327330247845
"Guerrero, Luis",FF,opposite,44,-0.07869824050862598,2.7117747479542653,0.8379878303548156,0.8863054502937249
"Guerrero, Luis",FF,same,63,0.5155500318453469,2.738452196973151,0.7379576252216151,0.9417808056775698
"Guerrero, Luis",SL,opposite,41,0.2047338652737796,1.4923866095421179,0.8496851002066974,0.9411495235661125
"Guerrero, Luis",SL,same,83,0.5096637917829654,1.789815307044656,0.722174561908842,0.8092050518291659
"Gusto, Ryan",CH,opposite,151,-0.48283904964473684,1.9963685658821428,0.7450980667011606,0.966974468902734
"Gusto, Ryan",CH,same,17,-0.6293628926485104,1.9562892053161671,0.8179575089055102,0.586178669915714
"Gusto, Ryan",CU,opposite,225,0.017619878934687153,1.9829840318976024,0.7624932831437663,0.9465117000075326
"Gusto, Ryan",CU,same,38,0.15221733750960317,2.0345086315751333,0.8989117462439913,1.1581039588473239
"Gusto, Ryan",FC,opposite,116,0.04343924555516745,2.3828536166658365,0.5807839941085026,0.762020912736476
"Gusto, Ryan",FC,same,78,0.3877777012141825,2.412668685907933,0.6645930644055803,0.722192711854745
"Gusto, Ryan",FF,opposite,429,-0.2997015288637386,3.0571966654155216,0.6420499352689091,0.78556216523549
"Gusto, Ryan",FF,same,340,0.061359841344088326,3.1667182181026585,0.6102949583169297,0.7232994701846709
"Gusto, Ryan",SI,opposite,38,-0.20267633819422037,2.4388525481295114,0.5991564440666585,0.730351560900789
"Gusto, Ryan",SI,same,148,-0.2703492762858234,2.2904580833711696,0.658918684468304,0.7305271756180276
"Gusto, Ryan",ST,opposite,17,-0.28889486155783634,2.550698618922946,0.7259280684143078,0.7233868881537339
"Gusto, Ryan",ST,same,163,0.5506069810000404,2.1961759786832094,0.7510433921461672,0.8263703064141963
"Gómez, Yoendrys",CH,opposite,79,-0.28956769029867835,2.0780317172049583,0.8731301572558152,0.88824382807161
"Gómez, Yoendrys",CH,same,5,-0.9478174046854992,2.6166029919912126,1.0237988143383017,1.2999373185581498
"Gómez, Yoendrys",CU,opposite,148,-0.13366184269323603,2.1919343152230866,0.8798630885109651,0.9490213079377013
"Gómez, Yoendrys",CU,same,10,0.41789637902447063,1.8070514356271201,0.8895725611631587,0.7342523543273789
"Gómez, Yoendrys",FC,opposite,56,0.03562973961766749,2.936501798067663,0.7846483741132765,0.9724870132416948
"Gómez, Yoendrys",FC,same,19,0.37220366628254675,2.8471449714084907,0.6544622934101035,0.8738663654997201
"Gómez, Yoendrys",FF,opposite,227,-0.13650729553320995,2.915884942454691,0.7373970196566594,0.7659474764939253
"Gómez, Yoendrys",FF,same,141,0.41663733363512145,2.787761842118687,0.765104884643939,0.8816414126065029
"Gómez, Yoendrys",SI,opposite,109,-0.4151739516885145,2.3755460904893035,0.8205076601703912,0.6887142716069788
"Gómez, Yoendrys",SI,same,103,-0.2826193152961002,2.4094597941511733,0.7096905286329851,0.694603817929752
"Gómez, Yoendrys",ST,opposite,21,-0.12972739042603307,1.7705131522214377,1.0159654899969728,0.8392200292591232
"Gómez, Yoendrys",ST,same,166,0.889756708152024,1.877560203488606,0.8844685256116294,0.9052768091984548
"Hader, Josh",SI,opposite,344,-0.08501600653834739,3.0415772148329214,0.7262164296578949,0.696216948644531
"Hader, Josh",SI,same,115,-0.23679011188047497,2.8224913869627817,0.7111921468283564,0.7649563057095196
"Hader, Josh",SL,opposite,284,-0.09875531571321876,1.5052409258145223,0.8021792987768158,0.9171473181572433
"Hader, Josh",SL,same,67,-0.33605592199227596,1.7861145511609375,0.8966845691713435,0.8895777165616651
"Hagenman, Justin",CH,opposite,65,-0.7457683708058803,1.9575350514166057,0.5946096257246992,0.6417268454878797
"Hagenman, Justin",CH,same,23,-0.1891399424497072,1.291711509755349,0.7116389601149019,0.6420005567148924
"Hagenman, Justin",FC,opposite,58,0.3397101717278532,2.4246956828559756,0.6562853807081238,0.6540207396053159
"Hagenman, Justin",FC,same,67,0.6461576059760274,2.234388768025978,0.6635809743181428,0.6060859278947863
"Hagenman, Justin",SI,opposite,45,-0.3907136447908422,2.8958287309350403,0.7475019657568556,0.8545978362966733
"Hagenman, Justin",SI,same,51,0.02107222984065789,2.8257939580854115,0.891871950003005,0.7212448674310397
"Hagenman, Justin",SL,opposite,16,-0.20799893048919874,1.7662717871108824,0.8428666720406068,0.6436733925010315
"Hagenman, Justin",SL,same,58,0.6804697995175919,1.7132377312491953,0.7242234381760111,0.7067553631520597
"Hall, DL",CH,opposite,96,0.4283809741039933,2.0604801996672117,0.7453917257208463,0.9362432931432576
"Hall, DL",CH,same,8,-0.2580634873146326,1.6816577133001036,0.9228709074522632,0.8865752211775749
"Hall, DL",CU,opposite,43,0.2514560586713277,2.0183703572886422,0.7107114386362491,1.0233229786583928
"Hall, DL",CU,same,13,-0.30317761082723904,1.8865464732075454,0.8491431017200933,0.7414551877923931
"Hall, DL",FC,opposite,66,0.05520128835478441,2.2134553183016927,0.7606786563151324,0.9237638268986594
"Hall, DL",FC,same,40,-0.1603499495228739,2.3119546580648884,0.6658769837524016,0.881284883948755
"Hall, DL",FF,opposite,89,0.18144065390862413,2.642987967021761,0.62880939835952,0.8746137650275816
"Hall, DL",FF,same,86,-0.1209721696267979,2.674132231892192,0.6463971503625104,0.8933945075154665
"Hall, DL",SL,opposite,24,-0.7627279106783328,1.828414217630159,0.8708132809922212,0.9666083483273618
"Hall, DL",SL,same,85,-0.3068075762789983,1.9932565921118817,0.6868556576445495,0.8793120906840702
"Halvorsen, Seth",FF,opposite,183,-0.3519332833757739,2.707643740233289,0.783918466122901,0.9884866976247461
"Halvorsen, Seth",FF,same,163,-0.015629193614027443,2.6526912305302783,0.9392074760757217,1.0196306745056707
"Halvorsen, Seth",FS,opposite,112,-0.50957964405043,2.0071762099991095,0.6352725536964334,0.8046923638020724
"Halvorsen, Seth",FS,same,52,-0.36707787021776045,1.835868956940858,0.6771634914097561,0.8761062289524597
"Halvorsen, Seth",SL,opposite,16,0.4556807039899969,1.4573984244773754,0.6436064658334896,0.9985243081263582
"Halvorsen, Seth",SL,same,110,0.2754083732388571,1.8500586610197698,0.7274688051578644,1.000136813136785
"Hamilton, Ian",FF,opposite,72,-0.45434490808806594,2.8798564076848234,0.7033405272353089,0.752982060050048
"Hamilton, Ian",FF,same,11,-0.006522535010190803,3.1819462910911582,0.8795374600238355,0.6842873134676951
"Hamilton, Ian",SI,opposite,119,-0.2795139569139643,2.648908495226423,0.7011958971425691,0.7558265493413009
"Hamilton, Ian",SI,same,195,-0.23932978498523189,2.3444756952989523,0.8375158475436825,0.765011230191207
"Hamilton, Ian",SL,opposite,72,0.458797789068566,1.5985855949028935,0.8063746621351096,0.9845394578225902
"Hamilton, Ian",SL,same,172,0.5937040388580664,1.6589887938946228,0.8727083874553432,0.8627175542202092
"Hancock, Emerson",CH,opposite,240,-0.443895078840896,1.5284966772734263,0.8319810472473275,0.7282311839102439
"Hancock, Emerson",CH,same,58,0.022349979849767002,1.5457352031228786,0.9977644705031888,0.6262931543053504
"Hancock, Emerson",FF,opposite,266,-0.18401044025471652,3.1294301632359978,0.7964249172755832,0.65162922890269
"Hancock, Emerson",FF,same,135,0.27464895307522275,2.990199040109717,0.7664818770762738,0.6901444700266903
"Hancock, Emerson",SI,opposite,266,-0.3240721427207754,2.404008464781928,0.8419785735294484,0.5907514020751929
"Hancock, Emerson",SI,same,314,-0.12902004100682704,2.308270244414931,0.810068045935015,0.6426931383224855
"Hancock, Emerson",SL,opposite,57,-0.11739537451062096,1.9462094760829798,0.8384360905266129,0.8481909145235046
"Hancock, Emerson",SL,same,105,0.6958286062855018,1.7664332052591145,0.933554907596445,0.8573828838324938
"Hancock, Emerson",ST,opposite,4,-0.7620131691201649,2.3450511435915793,1.1520462411027528,0.543677679955451
"Hancock, Emerson",ST,same,52,0.4972782005991595,1.8883439764835623,1.080647257576622,0.7647747884022598
"Hanifee, Brenan",FF,opposite,81,-0.31128803825485285,2.8916556484555036,0.7812036975072789,0.7798302115022473
"Hanifee, Brenan",FF,same,35,0.0885528276216394,2.8756415341158186,0.837552368191773,0.760453759630901
"Hanifee, Brenan",SI,opposite,156,0.16640838019898263,2.5616409543431193,0.8359226408969788,0.7117734982516081
"Hanifee, Brenan",SI,same,442,-0.11840699326805992,2.2139065841077934,0.8219482874574934,0.5964509812140334
"Hanifee, Brenan",SL,opposite,55,-0.5533280629130338,1.747340121846354,0.9695656340449843,0.7798454646519042
"Hanifee, Brenan",SL,same,146,0.7321246732275333,1.5595990036456713,0.8020353846356411,0.6788634181473141
"Harrington, Thomas",FF,opposite,35,-0.25588160175804225,2.8065234551364733,0.5977005748680867,0.7323377876448969
"Harrington, Thomas",FF,same,46,-0.2478648245634685,2.6656458803279857,0.6230215557030885,0.6625771553363001
"Harris, Hogan",CH,opposite,144,0.40046945300301673,2.4477245198573563,0.7634040026326274,0.8539388661585728
"Harris, Hogan",CH,same,4,-0.3458258237052384,2.1519306609775968,0.5923216935312748,0.24095085138111666
"Harris, Hogan",CU,opposite,155,-0.21906747111718713,1.683468694528852,0.7231430748655859,1.0262761665264095
"Harris, Hogan",CU,same,101,-0.3947505771807205,1.777103688343998,0.7827955187980393,0.9638440671371405
"Harris, Hogan",FF,opposite,376,-0.1737240146592024,2.669643736281644,0.6541162583568393,0.7470387067516592
"Harris, Hogan",FF,same,263,-0.257641269181192,2.7577763156182735,0.6842053001962259,0.7663161517737491
"Harrison, Kyle",FF,opposite,231,0.33851490088525227,2.759069248403207,0.7722616958590593,0.6773952740003628
"Harrison, Kyle",FF,same,114,0.15247535508898208,2.6783363098019883,0.6854186126053059,0.6964822889037692
"Harrison, Kyle",SV,opposite,98,0.22281537849454106,1.9151450449540592,0.9089549210896757,0.738801064007873
"Harrison, Kyle",SV,same,63,-0.6936410042341544,1.6982443935001004,0.898331287705743,0.8331148744479216
"Hart, Kyle",CH,opposite,93,0.6124040009259027,1.7053828339328356,0.6887577566005313,0.8236456986620867
"Hart, Kyle",CH,same,2,0.39282458101475304,1.8662335169885036,0.3975658941378309,0.32800642750821146
"Hart, Kyle",FF,opposite,74,-0.17994714546581117,2.9052508368614043,0.7993848384802941,0.7756435744301087
"Hart, Kyle",FF,same,37,-0.21609928569489503,2.764005559883171,0.9537714740317904,0.7919324755970031
"Hart, Kyle",SI,opposite,103,-0.048631839348859465,2.4859289093280332,0.9144215924799222,0.7112295650791003
"Hart, Kyle",SI,same,46,0.4466197434682408,2.2672423936073454,0.8319477971076175,0.5575099498381363
"Hart, Kyle",SL,opposite,38,-0.04745346192487673,2.1711838268772543,0.7121805333128141,0.7676294893739974
"Hart, Kyle",SL,same,35,-0.21071599636329555,2.1925719017788383,0.7003503699570414,0.6775804297440664
"Hart, Kyle",ST,opposite,137,0.28002021385942516,2.106311617368463,0.6892280776574033,0.7364905971388203
"Hart, Kyle",ST,same,93,-0.3622870162382424,1.956632366187371,0.848139470059878,0.6857396360787519
"Hartlieb, Geoff",SL,opposite,31,-0.06591484275463133,1.5960869908177997,0.8083846698751822,0.9644379690342858
"Hartlieb, Geoff",SL,same,36,0.4138562196969614,1.6148507080016332,0.8740534127877371,1.1257860313082135
"Harvey, Hunter",FF,opposite,45,-0.1420655298693242,2.8906709398111867,0.734858889888348,0.7226693857218195
"Harvey, Hunter",FF,same,44,0.32109815977997913,2.612614316087225,0.7187841373026714,0.6472710950891052
"Hatch, Thomas",CH,opposite,85,-0.6417801681704267,1.8305862258056413,0.653731464059855,0.8686079833547896
"Hatch, Thomas",CH,same,17,-0.6272333609511326,1.6748563029597463,0.5908380986056287,0.9267551718285759
"Hatch, Thomas",FC,opposite,105,0.6553119803360716,2.394057537054594,0.690893560463963,0.6809632584618723
"Hatch, Thomas",FC,same,55,0.6750336531513232,2.5287835644034677,0.6803900402573941,0.7220822291433303
"Hatch, Thomas",FF,opposite,56,-0.17990989477313388,3.2092447863486764,0.734805424831107,0.830481187355489
"Hatch, Thomas",FF,same,14,-0.06286789584004979,3.240733096886987,0.615924469505812,0.7992421916636109
"Hatch, Thomas",SI,opposite,29,0.04791246661863963,2.1861950040365055,0.7815390262695658,0.7133776823869316
"Hatch, Thomas",SI,same,74,-0.19610226799713618,2.370920796520185,0.7625358031947327,0.6250848913558312
"Hatch, Thomas",SL,opposite,54,0.720986643935413,1.434485787428424,0.5363615893193294,0.7514929316473336
"Hatch, Thomas",SL,same,54,0.5956283861220167,1.7594573292275169,0.7483553981485588,0.7318064700156152
"Headrick, Brent",FF,opposite,149,0.5082622502707378,2.7976596747596236,0.650462767426051,0.6697181491221772
"Headrick, Brent",FF,same,85,0.10876084214951194,2.8418445067270266,0.6110679372462003,0.8624016473242424
"Headrick, Brent",SL,opposite,33,-0.0767561150904937,1.8104260017444076,0.74230954392876,0.9967427430976841
"Headrick, Brent",SL,same,60,-0.3938322282711496,1.7524677641383897,0.5986367826663246,1.0418303067067822
"Heaney, Andrew",CH,opposite,328,0.4854081361050328,1.949414100547883,0.775812628676672,0.7604071712425452
"Heaney, Andrew",CH,same,33,0.23747585720593709,2.0923741454842824,0.8017386314297983,0.8969344124790776
"Heaney, Andrew",CS,opposite,101,0.3618904390203437,2.1758714501333847,0.8048983728766095,0.9027092793559031
"Heaney, Andrew",CS,same,11,0.2217783103314609,2.472236680375118,1.1727493845994548,0.9090758174461554
"Heaney, Andrew",CU,opposite,75,-0.37816908356407664,1.9574134711736513,0.7561373151256269,0.8149050234900814
"Heaney, Andrew",CU,same,45,-0.391406075350567,2.348162504776131,0.8534361597430975,0.6474627103682931
"Heaney, Andrew",FF,opposite,701,-0.008505054091972549,2.905511622023735,0.6943436308284979,0.7289646735434195
"Heaney, Andrew",FF,same,208,-0.08113022142351808,2.9051479386817745,0.6627899613858363,0.6734670854521735
"Heaney, Andrew",SI,opposite,96,0.20887313185632536,2.3720123235970987,0.7676892257422991,0.6140807481669963
"Heaney, Andrew",SI,same,138,0.48572979435011004,2.3115392950423646,0.7842169072495832,0.5678143988253591
"Heaney, Andrew",SL,opposite,215,-0.47961250900783753,1.662194644205044,0.7769743788889033,0.7182087000458162
"Heaney, Andrew",SL,same,131,-0.6214421775896305,1.6896603128454648,0.8344702084241022,0.7261905805738426
"Heineman, Tyler",EP,opposite,26,0.09000422050688742,2.8538689364806933,0.7956074096755914,1.089559148092143
"Heineman, Tyler",EP,same,27,0.42162194611538656,3.0919020738384178,0.6609034500193578,1.047327109947659
"Helsley, Ryan",CU,opposite,37,-0.03885912152947518,1.7183366194782828,0.6973879758594942,1.3430742075684323
"Helsley, Ryan",CU,same,20,0.0802472487569498,1.9099335282437964,0.7330073061202768,1.701573634452542
"Helsley, Ryan",FF,opposite,228,-0.12187488893492332,2.5497948008302442,0.6241715406128419,0.9359061306759815
"Helsley, Ryan",FF,same,217,-0.012949311982492792,2.688407606232776,0.587105216036934,1.0120695068768755
"Helsley, Ryan",SL,opposite,199,0.011534596277701968,1.640172714847832,0.6141873794467828,1.0309396319544069
"Helsley, Ryan",SL,same,265,0.3321967377976863,1.6990806883394507,0.5794076030953321,1.0835029406803012
"Henderson, Logan",CH,opposite,107,-0.5350919202852026,2.1322131991457343,0.7014963621312176,0.928231784337723
"Henderson, Logan",CH,same,57,-0.3077554880663739,2.245865685996531,0.7896268595295377,0.8013012481080662
"Henderson, Logan",FF,opposite,123,-0.04688906308678445,3.055695361672614,0.6586425663067209,0.6883979250670005
"Henderson, Logan",FF,same,77,0.021043152020050193,2.867969572078569,0.7537708160569786,0.60691763757112
"Hendricks, Kyle",CH,opposite,521,-0.8343227829449211,1.9513747469378182,0.5380409095015036,0.6717420584409937
"Hendricks, Kyle",CH,same,466,0.7840083906359447,1.9692860747634189,0.5660473661938005,0.6926759419702924
"Hendricks, Kyle",CU,opposite,97,-0.3487037765866532,2.3942682394408057,0.7889551466159945,0.6706685141832069
"Hendricks, Kyle",CU,same,115,0.695802072168424,2.1878822188419162,0.8311938061633352,0.8840622151792467
"Hendricks, Kyle",FF,opposite,178,-0.4843899064548032,2.6858597441760717,0.745315082427492,0.692870625589206
"Hendricks, Kyle",FF,same,207,-0.28653576819353305,2.836130204622402,0.7066445442100528,0.6626207372696493
"Hendricks, Kyle",SI,opposite,447,-0.08299903562909283,2.70147608727279,0.7213902968490921,0.6976761573821332
"Hendricks, Kyle",SI,same,540,-0.19395819643481563,2.384337309068001,0.790608535087476,0.5862140071190721
"Hendriks, Liam",FF,opposite,51,-0.09717505487756121,2.896097581938592,0.7482580744130866,0.6417815710638253
"Hendriks, Liam",FF,same,77,0.22914718101581213,3.1611360534149555,0.8233098521493232,0.7705402815010278
"Hendriks, Liam",SL,opposite,14,0.5967329807253768,1.4785554777262815,0.5784871459441652,0.5649242601274406
"Hendriks, Liam",SL,same,62,0.9703415042468032,1.750730476366746,0.6504019656419403,0.8528438226406464
"Henriquez, Edgardo",FC,opposite,31,0.8229385170796671,1.9971779475062612,0.5687374053639187,1.0010170332287367
"Henriquez, Edgardo",FC,same,24,0.6222291923439109,1.9048089747604136,0.85077681462722,1.1142982921031332
"Henriquez, Edgardo",FF,opposite,49,0.35999183118224276,2.5128882086061033,0.7401873686282201,0.730561308411734
"Henriquez, Edgardo",FF,same,58,0.29750708352087496,2.6860863908866657,0.7822872127070938,0.8884394102315302
"Henriquez, Edgardo",SI,opposite,2,-0.4934918126305258,1.853719099310953,0.14113354982181234,0.2548672592457246
"Henriquez, Edgardo",SI,same,80,-0.22457358587895904,2.369242147000155,0.7162975041568886,1.0088410077388488
"Henriquez, Ronny",CH,opposite,166,-0.42418583265371074,1.6983408693082012,0.8133590252895957,0.765255429989267
"Henriquez, Ronny",CH,same,26,-0.19366900496233203,1.5750222366705926,0.564907782428843,0.9657741799303244
"Henriquez, Ronny",FF,opposite,146,-0.26589790023457843,2.7506963535608753,0.7461558534871522,0.8406861337951625
"Henriquez, Ronny",FF,same,197,-0.19026644858573957,2.907963174411365,0.6167172786785182,0.8865064448066
"Henriquez, Ronny",SL,opposite,140,0.1495419341485232,1.7197249087907114,0.7143544028030828,0.8201787409569973
"Henriquez, Ronny",SL,same,130,0.14649614231754282,1.8470648688717215,0.7188663500022938,0.8467669480456192
"Henriquez, Ronny",ST,opposite,103,0.43928958252427464,1.489745673740897,0.7803843762378344,0.9434518089929198
"Henriquez, Ronny",ST,same,225,0.49639316411199336,1.5775730736278508,0.6834549262165847,0.8625206537039333
"Henry, Cole",FF,opposite,244,0.022529752739644988,2.929291891567677,0.746955250225424,0.8370420272213306
"Henry, Cole",FF,same,245,0.1891652127951483,2.8988096882397363,0.7891366622526987,0.7843597232671488
"Henry, Cole",SI,opposite,10,-0.10895772657093705,2.767390971518639,0.7082290932239882,0.6620723770490379
"Henry, Cole",SI,same,88,-0.2273857427581295,2.589312440571356,0.8483420658436449,0.7578558648621061
"Henry, Cole",ST,opposite,84,0.018782758029937823,2.0524596682280327,0.949601994613755,0.8438683234468632
"Henry, Cole",ST,same,234,0.7525655648426084,1.9109050873364906,0.9574316311650142,0.8998749699481366
"Herget, Jimmy",CH,opposite,70,-0.7790277622815649,2.348638180181449,0.9675166751777271,0.6134589499118691
"Herget, Jimmy",CH,same,1,-0.4487271468602729,3.1388661833370377,0.0,0.0
"Herget, Jimmy",FF,opposite,59,-0.8868467449576444,3.6616395550558893,0.8993291540740428,0.5531202579918181
"Herget, Jimmy",FF,same,37,-0.20330086560740365,3.442575519589426,1.0172383162104959,0.8354017900606874
"Herget, Jimmy",SI,opposite,166,-0.4494655647548909,2.824175824509956,0.9400383259966263,0.559460195134261
"Herget, Jimmy",SI,same,190,0.03311667142824585,2.5467840753715607,0.8409229293995293,0.6130633920665973
"Herget, Jimmy",SL,opposite,148,-0.057171846965403186,2.2143627217210384,0.9127312501556881,0.6290188390647806
"Herget, Jimmy",SL,same,214,0.528156313767972,2.0849588024167303,0.8974396408517508,0.5944046145244863
"Herget, Jimmy",ST,opposite,177,-0.22826126562428453,2.3295460945331925,1.0433673253651066,0.5350846717111714
"Herget, Jimmy",ST,same,218,0.6182994324152078,2.126869723313791,0.9823810969890926,0.5291129856079784
"Herget, Kevin",CH,opposite,41,-0.3782820935220685,2.1645765116946065,0.753570766544818,1.023828776572363
"Herget, Kevin",CH,same,38,0.09446987996123458,2.6179132469003603,0.653878819482581,0.8936621780901817
"Herget, Kevin",FF,opposite,32,-0.1255027342726825,2.71208632923846,0.582546514174449,0.8236048958004331
"Herget, Kevin",FF,same,63,0.08522751500133645,2.766878681905765,0.761116126498074,0.6928914972926307
"Hernandez, Nick",FF,opposite,26,0.20099201270807068,2.6860059592728502,0.6850388511295095,0.8763376094606178
"Hernandez, Nick",FF,same,69,0.645970619562665,2.8350454106659826,0.7435969470522915,0.9865163661697514
"Hernandez, Nick",SL,opposite,30,0.3661670122712526,1.8243584703776607,0.7959109952895779,0.8437117136510965
"Hernandez, Nick",SL,same,71,0.8106642188395226,2.0400855108548632,0.7064478777694649,0.9422439126091581
"Hernández, Carlos",FF,opposite,216,0.06182323787214636,2.892494529991246,0.6531754661915037,0.8152548739161641
"Hernández, Carlos",FF,same,178,0.07447850570878142,2.764136187717133,0.6700247836468778,0.8448716878621827
"Hernández, Carlos",FS,opposite,105,-0.28712421224036105,1.9476628396014353,0.6558117573530389,1.095149109818775
"Hernández, Carlos",FS,same,46,-0.3871749336841178,1.9534284607092054,0.6718275806141966,0.8637937767922025
"Hernández, Carlos",KC,opposite,40,0.458540679314,2.1586577295691325,0.6292695309121035,0.8789745877455505
"Hernández, Carlos",KC,same,12,0.12002250058178106,1.962069374978996,0.6927181684388122,0.8805447243316077
"Hernández, Carlos",SL,opposite,29,0.1378258445379587,1.7382682929881912,0.6805789071601478,0.9638147209284523
"Hernández, Carlos",SL,same,118,0.2256003224077478,1.9653593644502285,0.6606595992958466,0.9810533951451358
"Hernández, Daysbel",FF,opposite,147,-0.08204814318437588,2.838879870946539,0.8944008172529635,0.943235804387965
"Hernández, Daysbel",FF,same,168,0.08258891112732263,2.6635411479269644,0.7965686473582602,0.9508725838978506
"Hernández, Daysbel",SL,opposite,194,0.39380185667465567,1.6752526551639693,0.7747550856335422,0.9675755174584348
"Hernández, Daysbel",SL,same,208,0.5793113659315294,1.8568260212761614,0.7761104294933243,0.8889051357898732
"Hernández, Enrique",CS,opposite,21,-0.22001579633136603,2.7364886741354146,0.8983740732833879,0.8400052662534749
"Hernández, Enrique",CS,same,30,0.8213403017621103,2.2791850676819014,0.8703289857075962,1.5609431472343935
"Hernández, Enrique",EP,opposite,35,-0.6606801694745552,2.764768467101033,0.9254357558760805,1.1788582569494412
"Hernández, Enrique",EP,same,34,-0.032950736713027576,2.8750462188350263,0.9096382958710013,1.4879187656989052
"Herrin, Tim",CU,opposite,201,-0.018126278083548678,1.675682065407976,0.8238720496423158,0.8879353484028601
"Herrin, Tim",CU,same,108,-0.3550539313451961,1.6287038277284847,0.9940204762404865,0.8888018683965322
"Herrin, Tim",FF,opposite,147,0.07036670907027665,2.6889311815049863,0.7841926471651508,0.816197878602669
"Herrin, Tim",FF,same,57,-0.15268181472078138,2.734081534442945,0.844089167092975,0.8259887320957305
"Herrin, Tim",SI,opposite,24,0.6923814613807743,2.2765391125949335,0.6494768818810046,0.6708695785763996
"Herrin, Tim",SI,same,104,0.18181059662930762,2.3194791777405346,0.9928155143706444,0.7711640552246285
"Herrin, Tim",SL,opposite,50,-0.051110758750513643,1.9284366185344288,0.9397005107627397,0.6379769778686204
"Herrin, Tim",SL,same,84,-0.4866540716747901,1.9543036314924327,0.8609701121865517,0.7465950918606453
"Hicks, Jordan",FF,opposite,83,0.10132331617735998,3.3983904541719947,0.6882291306346652,0.7830533446473515
"Hicks, Jordan",FF,same,28,0.23058903773175723,3.4773682669438974,0.7511917600744794,0.7567360216461241
"Hicks, Jordan",FS,opposite,59,-0.1102784043353018,1.5114259866939783,0.8337994857405878,1.0566310000829855
"Hicks, Jordan",FS,same,13,0.12501252338676247,1.427005631367115,1.2061755825431653,0.7937645809943928
"Hicks, Jordan",SI,opposite,277,0.08716865264831537,2.4507882466182505,0.7477879061504623,0.7041750496605526
"Hicks, Jordan",SI,same,375,-0.04440606874946775,2.547586718715852,0.728644038907189,0.7805788350122752
"Hicks, Jordan",SL,opposite,30,0.7568232746482099,1.790228214171943,1.0511842108553067,1.0724256776221324
"Hicks, Jordan",SL,same,62,0.8970025090699117,1.7366245998444412,0.8859771139831479,0.9427853012048774
"Hicks, Jordan",ST,opposite,118,0.20074550950278258,1.8864590680565105,0.8988249830267677,0.8133429083287976
"Hicks, Jordan",ST,same,154,0.6782895050965679,1.8523793750759425,0.864914093879478,0.8817732825501592
"Hill, Jaden",CH,opposite,104,-0.24458989264476785,1.9377779700098166,0.8126252975926767,0.6952376090373396
"Hill, Jaden",CH,same,16,0.28120828837060174,1.5851356206000482,1.1393358514218324,1.030482385014236
"Hill, Jaden",FF,opposite,71,0.2551045996984825,3.287552820606456,0.7333873415775849,0.7970307651011777
"Hill, Jaden",FF,same,40,0.38661710095541213,3.069522156761754,0.6852012693252163,0.8667636028297713
"Hill, Jaden",SI,opposite,53,-0.5818445388745208,2.5632688554693104,0.751947641553264,0.699067041293397
"Hill, Jaden",SI,same,85,-0.23290841204768722,2.6570561081071586,0.6528095399848028,0.6838900264721264
"Hill, Jaden",SL,opposite,10,-0.45273033545071256,2.148499996637064,0.6651852611161612,0.7222291514652359
"Hill, Jaden",SL,same,109,0.9235020391175894,1.991893145650584,0.881455041606117,0.7667108564066593
"Hill, Rich",CU,opposite,53,0.26732146592855865,2.3500106021774325,0.8727099733907284,0.820774852875807
"Hill, Rich",CU,same,6,-0.7198220867051065,2.0402146416403806,0.7014773732285016,0.8702988236266921
"Hill, Rich",FF,opposite,47,-0.04433130364592635,2.9667711172547264,0.7129150067478862,0.8283456215649985
"Hill, Rich",FF,same,16,-0.43678494137834123,2.8363658694346237,0.7504439456947509,0.9853410930261927
"Hill, Tim",FF,opposite,94,0.35929547138831236,3.2817466699875624,0.9079480937857579,0.6793878518383792
"Hill, Tim",FF,same,33,-0.01439774814789914,3.17714485984318,0.7579469849678427,0.47378484914170726
"Hill, Tim",SI,opposite,360,0.5195133159875578,2.121915092543298,0.7627804859849828,0.5742821578465412
"Hill, Tim",SI,same,409,0.5108650261396257,2.312083195800255,0.712868500535326,0.5476967774253887
"Hiraldo, Yaramil",FF,opposite,53,-0.18976119257209073,2.798542080894413,0.7831168882590975,1.0405041111589766
"Hiraldo, Yaramil",FF,same,66,-0.28670890817085704,2.7392317331877942,0.6345900490128213,0.8566224560527061
"Hiraldo, Yaramil",FS,opposite,85,-0.34646470280582004,1.7896790767202966,0.7001069232012705,0.8947702324057731
"Hiraldo, Yaramil",FS,same,26,-0.02082452852896766,1.3403238321714392,0.4941863642941596,0.8221511119889549
"Hiraldo, Yaramil",SL,opposite,11,-0.5014806729860305,2.2301862736006117,0.7064190947056491,0.35423851543649293
"Hiraldo, Yaramil",SL,same,71,0.2232745041634771,1.761793290796181,0.6714566194507898,0.9443893693107037
"Hjelle, Sean",KC,opposite,29,0.25684431908425737,1.4748276813437449,1.0541220576640846,1.0473445785703936
"Hjelle, Sean",KC,same,62,0.6296517616572257,1.5898168219254403,0.8554547433912569,0.7114908072895443
"Hjelle, Sean",SI,opposite,59,0.010902553884245231,2.913224601686193,0.7569309696026779,0.7063520629682412
"Hjelle, Sean",SI,same,68,0.2563685851157674,2.5927080859997993,0.7491912371965682,0.6753966953959435
"Hodge, Porter",FF,opposite,120,-0.10449319810558823,2.5977677168271915,0.7241847398277749,1.1880471908596728
"Hodge, Porter",FF,same,187,-0.09852645464590709,2.73608687221376,0.70859943320163,1.119630379260155
"Hodge, Porter",SL,opposite,27,0.3782582166071503,2.2999205059649195,0.6693765918439031,0.8806914114248584
"Hodge, Porter",SL,same,78,0.33620789447237137,2.243462179356458,0.7994321090420844,0.9522482421882008
"Hodge, Porter",ST,opposite,92,0.034408760135569254,2.155006936460921,0.7515949223523212,0.8133104674321423
"Hodge, Porter",ST,same,102,0.35510087351543135,2.0805174358302447,0.6865712164917999,0.9653499336021093
"Hoeing, Bryan",FS,opposite,27,-0.4327717507401326,1.6501700421693455,0.7229895833024976,0.8888095685564119
"Hoeing, Bryan",FS,same,24,0.5078899292084007,1.7013979306155853,0.771662245311871,1.026193179214828
"Hoeing, Bryan",SI,opposite,20,-0.3824064356470406,2.792363174171862,0.7960302290627511,0.62141421954765
"Hoeing, Bryan",SI,same,41,-0.03469098725360487,2.5337396405839283,0.7662357639384898,0.7442205208760867
"Hoffman, Jeff",FF,opposite,300,-0.21302591152291567,2.8835377843268737,0.744457591626288,0.8190317851330801
"Hoffman, Jeff",FF,same,191,0.17378056602658698,2.855226782339079,0.7369777609055783,0.8040947847925696
"Hoffman, Jeff",FS,opposite,255,-0.48777552957011644,2.1782075330824733,0.8913618289899101,1.0674192570069678
"Hoffman, Jeff",FS,same,61,-0.22276025751838946,1.8723943835985486,0.8584041064687772,1.1028331109379739
"Hoffman, Jeff",SI,opposite,3,-0.6613628519335251,2.9893733263953366,0.22488891892782367,0.5126135426180208
"Hoffman, Jeff",SI,same,101,-0.37140919021571267,2.8872945221498227,0.6586450800704957,0.7281748949849378
"Hoffman, Jeff",SL,opposite,108,0.4390331137686167,1.831693211449898,0.9218169454595863,1.1960480599295626
"Hoffman, Jeff",SL,same,293,0.6295443194683898,1.8741730077252965,0.8119281106679993,1.0903249157014119
"Hoffmann, Andrew",CH,opposite,53,-0.23906843367035852,1.718215241867346,0.773163100554996,1.01789708416665
"Hoffmann, Andrew",CH,same,64,0.046596380342627725,1.5290833622915323,0.7473739189114561,1.032990194746029
"Hoffmann, Andrew",FF,opposite,47,-0.15788811195033242,2.7685772700195628,0.8075653068493904,0.8118387559920618
"Hoffmann, Andrew",FF,same,55,0.14226140394442033,2.7640981607122455,0.6994866965465095,0.9300532974374393
"Hoglund, Gunnar",CH,opposite,94,-0.5536159597508866,1.981784414793202,0.740481572078842,0.7829722005367348
"Hoglund, Gunnar",CH,same,32,-0.3371298983733002,1.6857238474179823,0.7034762117795373,0.8491182327203973
"Hoglund, Gunnar",FF,opposite,114,-0.2003175446180911,2.683254761143975,0.6657744263186547,0.793513008757311
"Hoglund, Gunnar",FF,same,82,0.30601425810660515,2.518163676589444,0.5447923603134567,0.7890433291817431
"Hoglund, Gunnar",SI,opposite,22,-0.22044513552911174,2.19556099908618,0.7256164184647677,0.6955803590071905
"Hoglund, Gunnar",SI,same,69,-0.4402790180998576,2.358270188756331,0.5637239836872959,0.7946526716429299
"Hoglund, Gunnar",ST,opposite,34,0.3905226579243379,1.9604077889109202,0.6576921167867374,1.0776015561393104
"Hoglund, Gunnar",ST,same,61,0.9351041872836865,2.0678238083332383,0.6914494236269686,0.873107984549254
"Holderman, Colin",FC,opposite,59,0.30242480673874134,2.195907687875003,0.7843193584183026,0.8547365587723218
"Holderman, Colin",FC,same,60,0.4385069882418967,2.0014432288787125,0.8734560249055051,0.8473674264975111
"Holderman, Colin",SI,opposite,41,-0.09515729280639183,1.9680660227719993,0.723155872582733,0.6083128997902976
"Holderman, Colin",SI,same,140,-0.0669576050468829,1.988483419421175,0.8355833099483472,0.7269970836634101
"Holderman, Colin",ST,opposite,45,-0.2821065881838796,2.047349600371827,0.9808195822782446,0.9555592085834741
"Holderman, Colin",ST,same,88,0.28369764131466213,2.124164705487124,1.0917403443328813,0.8669595423207314
"Hollowell, Gavin",FF,opposite,45,-0.13861221364680187,2.8645155154224566,0.7214190413581009,0.6198305276494752
"Hollowell, Gavin",FF,same,33,-0.14308393037308248,2.843078265258557,0.8396648103435745,0.7773756687165086
"Hollowell, Gavin",ST,opposite,24,-0.0991052405527516,1.948648978333334,0.9841618319282844,0.6987503555462677
"Hollowell, Gavin",ST,same,34,0.3277412842457451,2.359679231010748,1.0775385469486662,0.708226908055989
"Holman, Grant",FF,opposite,78,-0.26746015305457926,3.043500724489732,0.7843453617695445,0.8394969513152901
"Holman, Grant",FF,same,101,0.45648484692608016,2.877891453323575,0.7064908352796042,0.7564165620719236
"Holman, Grant",FS,opposite,76,-0.3594280458736481,1.914020039752604,0.6600623979880164,0.9051864588404599
"Holman, Grant",FS,same,70,-0.21288639525467845,1.731638609309767,0.6672502106358835,0.9502168925808232
"Holman, Grant",SL,opposite,5,0.1531824844934118,1.9048980523489931,0.6178154607058312,0.6718905332308802
"Holman, Grant",SL,same,45,0.9157783817364391,1.7839003470608077,0.6245667924529574,0.7414709367872344
"Holmes, Clay",CH,opposite,348,-0.5290458342744858,1.6407045457531158,0.694645633775172,0.8028383753179478
"Holmes, Clay",CH,same,86,-0.26914562780688356,1.6064651628211948,0.6265582362932052,0.7764637306531257
"Holmes, Clay",FC,opposite,182,0.36269670977483714,3.1102882654320534,0.7587106131956276,1.0238396429211698
"Holmes, Clay",FC,same,49,0.48159357124609264,3.048705554412132,0.6309662714299977,1.0165157816245338
"Holmes, Clay",FF,opposite,93,-0.1576277149657648,3.287456478243613,0.6246440671904295,0.8265544243456774
"Holmes, Clay",FF,same,56,0.38019653291305405,3.0943748247722547,0.6682622293574116,0.83632788246484
"Holmes, Clay",SI,opposite,557,-0.26948524189212275,2.403151277991074,0.714682045003671,0.8156698828651795
"Holmes, Clay",SI,same,572,-0.22491433092778218,2.291580684817323,0.7119726812940663,0.8437198796339525
"Holmes, Clay",SL,opposite,114,0.2567564112709459,1.8828167438635228,0.7173129351028283,0.9111907286637003
"Holmes, Clay",SL,same,181,0.577946806188997,1.8980406295184349,0.6931163340486739,0.8666219095923358
"Holmes, Clay",ST,opposite,207,0.030814576256868408,2.249101573286765,0.9270305008464206,0.870071312919445
"Holmes, Clay",ST,same,319,0.6673115093357114,2.262649250442258,0.8301348314736887,0.8694549257019346
"Holmes, Grant",CU,opposite,233,-0.10511630494638081,1.5974270964590584,0.8123429779453704,0.9238175558358799
"Holmes, Grant",CU,same,66,0.22309987484734742,1.1877318942966373,0.798669859812899,0.9584201674892856
"Holmes, Grant",FC,opposite,174,0.28531093852772665,2.583106190739019,0.7515321536168023,0.7636745611964338
"Holmes, Grant",FC,same,123,0.3883171067849218,2.5024363782038566,0.6106039587954843,0.7228070990431995
"Holmes, Grant",FF,opposite,302,-0.40849931717151056,2.681135431488662,0.7765231458582608,0.8230476537093845
"Holmes, Grant",FF,same,339,0.09282138342923162,2.581264026664787,0.7965481142435461,0.7988107510604634
"Holmes, Grant",SL,opposite,261,0.08267755276829113,1.6426169594070068,0.7049414621295029,0.7843969893086515
"Holmes, Grant",SL,same,441,0.3927810798255445,1.5055539930000448,0.6990894739086827,0.8310509741585878
"Holton, Tyler",CH,opposite,173,0.6006825368128752,1.6020282280491935,0.7142894881354754,0.6698296339769187
"Holton, Tyler",CH,same,8,0.41635398274318747,1.6896271699237946,0.4199828955196929,0.6883725868333017
"Holton, Tyler",FC,opposite,354,-0.09938302340806444,2.175729787825429,0.7935244479433691,0.6915919230983141
"Holton, Tyler",FC,same,15,-0.5387210451548555,1.8183081145610336,0.7528443584251576,0.584771133718014
"Holton, Tyler",FF,opposite,110,0.14721125049045625,2.83687617080772,0.8452468400387673,0.9012463077947226
"Holton, Tyler",FF,same,21,0.038259535543217565,2.601924074689068,0.5812066176872734,0.9540586197385074
"Holton, Tyler",SI,opposite,3,0.29407929864216953,1.8112069519231337,0.26104260591635403,0.19925261774840108
"Holton, Tyler",SI,same,273,-0.008677925446690545,2.277396319380236,0.6828588705076559,0.6455737068734717
"Holton, Tyler",ST,opposite,1,0.0175193110575875,1.8462008843987592,0.0,0.0
"Holton, Tyler",ST,same,224,-0.9175563382328765,1.7662714899995244,0.9552625920814867,0.8388225562651845
"Horn, Bailey",FF,opposite,53,-0.07388663236689395,2.746544334012477,0.7402199935439275,0.7246101825198962
"Horn, Bailey",FF,same,20,-0.5094334304857144,2.884367080172701,0.580010973179945,0.9227399229721875
"Horn, Bailey",ST,opposite,37,-0.1945372967003452,2.336315270666419,0.5359268835315002,0.8749632424956806
"Horn, Bailey",ST,same,36,-0.5225278327236783,2.2658059575417093,0.9609282194374207,0.8610178904189366
"Horton, Cade",CH,opposite,217,-0.6512519333077451,1.773702380044319,0.6401852640827577,0.9085098063053546
"Horton, Cade",CH,same,11,-0.7274743398387631,1.5970605622983742,0.8152432281060991,0.7439143519152593
"Horton, Cade",CU,opposite,167,-0.21571372163504512,1.6784629337855026,0.645752138140773,0.9737657109413843
"Horton, Cade",CU,same,7,-0.2879329521550898,1.4192698916402564,0.6339178403640704,0.40013339565968326
"Horton, Cade",FF,opposite,507,-0.150406886401166,2.537685680576509,0.6622142236463815,0.8049348441497353
"Horton, Cade",FF,same,392,0.0063190620267246315,2.512010876785523,0.6447672840785018,0.7948469930450528
"Horton, Cade",SI,same,98,-0.6766275975293047,1.986351276484858,0.586989628972181,0.8172795615655531
"Horton, Cade",ST,opposite,31,0.3494399014865678,1.819509613665363,0.6797085625117292,1.100984739682773
"Horton, Cade",ST,same,356,0.35038192702123855,1.6922228757117463,0.6807783881300724,0.9046751705455569
"Houck, Tanner",FS,opposite,120,-0.20499572491729806,1.7532055365220667,0.7840004089322796,0.668220869049942
"Houck, Tanner",FS,same,22,0.39396572867388974,1.5833150500670334,0.7923975213576425,0.7492079158216509
"Houck, Tanner",SI,opposite,127,-0.3001424267134502,2.7148679034342718,0.7442825839632045,0.7263382626064796
"Houck, Tanner",SI,same,171,-0.41957598678164576,2.434395208532616,0.8516794548421216,0.6149951110465149
"Houck, Tanner",ST,opposite,151,-0.2144031137201907,2.0839555832049057,1.107458246681927,0.6406163817005357
"Houck, Tanner",ST,same,114,0.7504371281793499,2.0676624064352525,0.9405374221938487,0.669334301068881
"Houser, Adrian",CH,opposite,227,-0.4725578471804988,1.6871935368987272,0.7260695187923957,0.7319839265408603
"Houser, Adrian",CH,same,62,0.13700379032769128,1.4119952152061985,0.7866183151572659,0.9180001303344962
"Houser, Adrian",CU,opposite,150,0.046562030979097224,1.856491570269887,0.8668442211939884,1.0570744975847175
"Houser, Adrian",CU,same,71,0.29822582785776897,2.032157707657611,0.7950947959688797,1.0298036817589529
"Houser, Adrian",FF,opposite,160,-0.14234406710463973,3.0332641956599855,0.7121733148384439,0.7857370557568651
"Houser, Adrian",FF,same,62,0.24591739555013142,3.1442612643473002,0.8290463025401682,0.9261084352988567
"Houser, Adrian",SI,opposite,378,-0.15128952940700235,2.394752617698716,0.7034659624135051,0.7318523829223168
"Houser, Adrian",SI,same,490,0.025436135441499426,2.1971984386830794,0.6864133644295989,0.6382654422645725
"Houser, Adrian",SL,opposite,93,0.4455565387862679,2.3510323650202163,0.8337012776908053,0.8676374040597552
"Houser, Adrian",SL,same,199,0.6663422921532071,1.8669676450754267,0.6701097061635791,0.6515348399705064
"Hudson, Bryan",FF,opposite,127,-0.018492608441456622,2.454140833270919,0.9073141378448877,0.595793291344295
"Hudson, Bryan",FF,same,84,-0.3878391305984114,2.2074887766843454,0.7226295288766594,0.5723770968129789
"Hudson, Bryan",ST,opposite,45,-0.35504065465117773,1.4302593741547127,1.0987685559537324,0.6614663949188498
"Hudson, Bryan",ST,same,25,-0.474153167313572,1.4407680371026874,1.0117097268214013,0.6077127868298574
"Hurter, Brant",CH,opposite,111,0.4421731925097348,1.8560768941130101,0.9787689268233213,0.8489475435291355
"Hurter, Brant",CH,same,3,1.2000294033882979,2.2862020992670202,0.46667331537551526,0.8701559551467372
"Hurter, Brant",FF,opposite,53,0.40474346704866965,2.915848010195574,0.8944225483781568,0.7665977899829746
"Hurter, Brant",FF,same,4,-0.6239684122200424,2.868484148070166,0.7958387679119315,0.7727617212012656
"Hurter, Brant",SI,opposite,279,0.202836871340866,2.4577194283503965,0.8786717846911738,0.650004829068314
"Hurter, Brant",SI,same,290,0.10568021477169001,2.4663862316421836,0.9000870536357537,0.6793463034335234
"Hurter, Brant",ST,opposite,184,0.06128703821872364,1.9183826480584945,1.0645862161823283,0.6690105762508806
"Hurter, Brant",ST,same,164,-0.5656841378024422,1.8502469797342735,1.1289893520437766,0.7475288065034943
"Iglesias, Raisel",CH,opposite,180,-0.5139091244687145,1.7280281012547063,0.6518893722668926,0.6726202829610588
"Iglesias, Raisel",CH,same,87,-0.29240836682618637,1.7115920392703274,0.5537471392597473,0.7002661377060585
"Iglesias, Raisel",FF,opposite,255,-0.06558727873664245,2.6964983549782624,0.6926672720288704,0.7589457488257683
"Iglesias, Raisel",FF,same,132,0.3876627506961702,2.7600638025582303,0.6228778322028591,0.6689007854175081
"Iglesias, Raisel",SI,opposite,59,0.08302707634718581,2.1220834625401443,0.8457048474971693,0.7722919824795573
"Iglesias, Raisel",SI,same,156,0.04074646551356935,2.106183928373707,0.7487806447679262,0.6340563289688703
"Iglesias, Raisel",SL,opposite,28,0.49877374435102156,1.7742573415320657,0.7621395119500572,0.7843390661420223
"Iglesias, Raisel",SL,same,67,0.8296986572583901,1.8229759194777901,0.9232117688381783,0.682997667271446
"Imanaga, Shota",FF,opposite,808,-0.05965505196944067,3.0449653908180268,0.6326301682515257,0.7875966390864418
"Imanaga, Shota",FF,same,290,-0.13423117982001825,2.908986551481809,0.6678661623578247,0.8002739483119485
"Imanaga, Shota",FS,opposite,623,0.2605947117253967,1.862170827514272,0.6672962488212446,0.8368554047573022
"Imanaga, Shota",FS,same,53,-0.13631648578174524,1.7016871360678985,0.6354023677383575,0.7564865454918653
"Imanaga, Shota",ST,opposite,190,-0.3116416329254986,2.4194674553204023,0.8194965977219357,0.8756641964995125
"Imanaga, Shota",ST,same,181,-0.3944114644467087,2.190188916523023,0.8586593432967097,0.9268355640415469
"Irvin, Jake",CH,opposite,209,-0.2587740303875529,2.026709426798506,0.7706130827647331,0.7208896445930637
"Irvin, Jake",CH,same,19,-0.05228866258841423,2.3041331767424404,0.7199312971763064,0.5988316936307332
"Irvin, Jake",CU,opposite,551,-0.16420904029855657,1.9210042430723449,0.7996577453587493,0.7131306839146542
"Irvin, Jake",CU,same,321,0.5371109219770746,2.129467817438128,0.813496788049367,0.718195129775608
"Irvin, Jake",FC,opposite,51,0.5055534821175859,2.4477249204620324,0.7399078093143755,0.8451941078394015
"Irvin, Jake",FC,same,78,0.8954530219798423,2.344831170530854,0.699644604643455,0.7092099519226639
"Irvin, Jake",FF,opposite,640,0.08420442565188599,2.9397238545663638,0.7472778527993933,0.8290517536451721
"Irvin, Jake",FF,same,301,0.2899551789924303,3.0369509968523842,0.7023533661401292,0.7611883848122069
"Irvin, Jake",SI,opposite,195,-0.26272646899040986,2.0662512484166466,0.7447867620363767,0.7126987183272109
"Irvin, Jake",SI,same,457,-0.12870546268731964,2.445700393846326,0.6846844459626166,0.6756784182276606
"Irvin, Jake",SL,opposite,38,-0.1686626124524659,1.822681931685826,0.6103325520589914,0.5907633030126449
"Irvin, Jake",SL,same,84,0.8644882834791794,2.0390916024859074,0.8625565896164687,0.7140592141099318
"Jackson, Luke",CU,opposite,88,0.02354436947129932,1.8667550452188009,0.6647088065317669,0.8303288211222689
"Jackson, Luke",CU,same,47,0.13663422054077326,1.7193954791918644,0.7155523518243897,1.1353863202238184
"Jackson, Luke",FF,opposite,98,-0.3307760395259448,2.997904483935746,0.7844533031612779,0.8277351781706197
"Jackson, Luke",FF,same,174,0.05529816031644881,2.769512576574521,0.765550053399847,0.8147043054183607
"Jackson, Luke",SL,opposite,143,-0.24481975155345512,1.9172148664106468,0.6538868111174274,0.7740990434705755
"Jackson, Luke",SL,same,254,0.06996442359171995,1.7963258286912094,0.7149935172326874,0.8596023520732815
"Jacob, Alek",CH,opposite,109,-0.4343461280810272,2.1678665689060064,1.027708327707513,0.78162988605384
"Jacob, Alek",CH,same,80,0.24813664361675505,2.294895182946984,0.8844544869212321,0.6920529468202855
"Jacob, Alek",FF,opposite,107,-0.22023652672321145,3.1818917824842985,0.7717848216525316,0.6229616802750891
"Jacob, Alek",FF,same,140,0.24723095953688334,3.1307235302557634,0.7726462708896168,0.5450132017212578
"Jacob, Alek",SI,opposite,6,-0.10175939789338606,2.8785769970106028,0.29556357434215286,0.20161305652933434
"Jacob, Alek",SI,same,80,-0.429384543986154,2.678955900106895,0.8556321109229535,0.520876455231188
"Jacob, Alek",ST,opposite,6,0.3218110007899668,2.541807077206457,0.8551496452812769,0.5843851846865153
"Jacob, Alek",ST,same,58,0.8976256436742326,2.658174910678924,1.0676810454917582,0.5385086506414685
"Jansen, Kenley",FC,opposite,344,-0.05546768922702291,2.693734456743982,0.7110104828294326,0.894357894360806
"Jansen, Kenley",FC,same,363,-0.17594988234283493,2.619330806792514,0.5897278975688917,0.8382716299860231
"Jansen, Kenley",SI,opposite,58,-0.47805867254274226,3.623005703200037,0.6048282187884254,1.014139931129239
"Jansen, Kenley",SI,same,22,-0.43344021551444833,3.208279692923098,0.7284506596234177,0.9620880350990699
"Jansen, Kenley",SL,opposite,23,-0.04488825312918247,1.8251378800425777,0.5387934491051649,0.7522057424146567
"Jansen, Kenley",SL,same,30,0.16370043587709107,1.8052567233522439,0.5478152253238822,0.9565320963702784
"Jarvis, Bryce",CH,opposite,78,-0.32002222918766565,2.196593269291976,0.8808516151908712,1.0724466200216722
"Jarvis, Bryce",CH,same,9,-0.19024039369299478,2.7076705505008625,0.5261667709946011,0.7080877643649514
"Jarvis, Bryce",FF,opposite,88,-0.023462289737595687,2.4846355143230308,0.626081052117626,0.8617956303956039
"Jarvis, Bryce",FF,same,70,-0.1091542389440164,2.4999880593790675,0.6477382301909008,0.772652587683867
"Jarvis, Bryce",SL,opposite,7,0.3422909346913367,1.7099415217465417,1.1003606312854677,0.6125556321704398
"Jarvis, Bryce",SL,same,79,0.7442150559645652,1.7177183098792814,0.8701017008618942,0.845236776291539
"Javier, Cristian",CH,opposite,105,-0.25549913139223385,2.100305690722019,0.6254467251626565,0.9053577477987003
"Javier, Cristian",CH,same,10,-0.029079131322144135,1.877709992242099,0.7906832696954437,0.7479229566642394
"Javier, Cristian",FF,opposite,124,0.027466239075797177,3.3824168204930283,0.6547099910626714,1.0007339117937575
"Javier, Cristian",FF,same,122,0.10077415042901743,3.436524637613514,0.620361531625955,0.7451328422935874
"Javier, Cristian",KC,opposite,59,0.1922205078068273,2.010286730748355,0.8418193795389122,1.2203164899581918
"Javier, Cristian",KC,same,15,0.5799577830657516,1.8870122933979336,0.9179931080045793,1.5818542460240725
"Javier, Cristian",SI,opposite,7,0.09474387328014895,2.2429514483019406,0.6870786844794181,0.7558262697456358
"Javier, Cristian",SI,same,52,-0.2292699981524383,2.06654645606022,0.5552827727380654,0.8587664401893471
"Javier, Cristian",ST,opposite,39,0.09010441191785891,2.579471909267114,0.856361280261806,0.9580663955940281
"Javier, Cristian",ST,same,84,0.6601517813175247,2.331712539411328,0.7876679584480827,1.0052970353868127
"Jax, Griffin",CH,opposite,170,-0.5920046164154058,1.8764836076714808,0.6097656087939212,0.8487364465968986
"Jax, Griffin",CH,same,74,-0.16173193332615754,1.4475931564745643,0.48536501419992406,0.8767647470088733
"Jax, Griffin",FF,opposite,122,-0.04818465105769115,2.814425062036328,0.6522433120330451,0.7961282957311886
"Jax, Griffin",FF,same,72,0.5038201820300193,2.6861730436910802,0.5954902826947083,0.7673994113526483
"Jax, Griffin",SI,opposite,3,-0.7002505327435425,2.581828671133127,0.8051514223306275,0.896856463252449
"Jax, Griffin",SI,same,125,-0.5136918725202461,2.315731845132568,0.6423120268234414,0.7148019224664925
"Jax, Griffin",ST,opposite,206,0.3487749036611148,1.8739645823977717,0.6853249806791567,0.9118112985066087
"Jax, Griffin",ST,same,275,0.615967433989766,1.8386726334523649,0.7528361949709617,0.9166494677021558
"Jobe, Jackson",CH,opposite,99,-0.49359583447368904,1.864932854899525,0.832950405416307,0.7967367761572692
"Jobe, Jackson",CH,same,49,-0.1587018545075981,1.7719839838416647,0.798918971591417,0.8045936849454154
"Jobe, Jackson",CU,opposite,47,0.2936286515980342,1.553449840229092,0.7707176747976358,1.1924644703528846
"Jobe, Jackson",CU,same,22,0.811372801946264,1.0368093885508518,0.9675415307556247,0.9128221168516076
"Jobe, Jackson",FF,opposite,157,-0.3109248262709413,2.891453501869767,0.6879205076274911,0.7346155580627888
"Jobe, Jackson",FF,same,115,0.19365497422538405,3.0555126642651658,0.7694783200068691,0.8296979347235459
"Jobe, Jackson",SI,same,116,-0.4543397362730071,2.1659328462925798,0.7900259337314592,0.7278276233167805
"Jobe, Jackson",SL,opposite,119,-0.06451243539423258,1.9930358827666506,0.8110719492423489,0.8095346488824992
"Jobe, Jackson",SL,same,149,0.42689291013795144,1.9259494388210385,0.7525823559929298,0.8329450800185884
"Johnson, Pierce",CU,opposite,314,-0.20774386554408525,1.991100413616959,0.7067527091079953,0.9896075089394484
"Johnson, Pierce",CU,same,384,0.3093473529337262,2.134579121502499,0.7311069671278942,0.8917370851145019
"Johnson, Pierce",FF,opposite,109,-0.2832784198279841,3.1761037064604998,0.6878752121679172,0.7778659817494747
"Johnson, Pierce",FF,same,114,0.1944888081344995,3.144170615009837,0.7373573243465699,0.7393322342738493
"Johnson, Ryan",FC,opposite,34,0.015743290671135137,2.283656730318818,0.7017076079747008,0.5365836954569361
"Johnson, Ryan",FC,same,85,0.5100814878908915,2.4125622445825012,0.7358500160202854,0.6625031325079358
"Johnson, Ryan",SI,opposite,29,-0.5856271442234843,2.3718754022621256,0.6943948521726016,0.5123520838691599
"Johnson, Ryan",SI,same,31,-0.10664730267850561,2.3208163506516133,0.765959556825619,0.7886536406678907
"Johnson, Ryan",ST,opposite,12,0.057770660968388864,1.7279607073073529,1.0177007128927367,0.6581287638244426
"Johnson, Ryan",ST,same,49,0.7457461072878873,1.9149313897065343,0.8864890679138576,0.6505683113661611
"Johnson, Seth",FF,opposite,65,0.15168573326828164,2.980951154603423,0.7609729908738846,0.9924386328380281
"Johnson, Seth",FF,same,45,0.46082262612771935,2.9827190559054007,0.6822888567945963,0.7572092502627419
"Johnson, Seth",SL,opposite,37,0.2916390938399721,2.113687662651863,0.6811574792040753,0.7876538515079117
"Johnson, Seth",SL,same,36,0.2552951473523597,2.4370510565525314,0.7211159883519109,0.9277349330365635
"Junis, Jakob",CH,opposite,164,-0.23061722230636883,1.7113891062107573,0.733154173275333,0.7752475175652264
"Junis, Jakob",CH,same,50,0.012578337158375983,1.8144132763454468,0.7950353997228885,0.8369040643626785
"Junis, Jakob",FF,opposite,67,-0.32110795959187727,2.7765464460475804,0.7775426912509547,0.7879987183110511
"Junis, Jakob",FF,same,26,-0.07360340004496063,2.374461447320498,0.8203993128213781,0.4570298866323227
"Junis, Jakob",SI,opposite,73,-0.1434246538117599,2.401283040577209,0.8341287162169034,0.5815411107653347
"Junis, Jakob",SI,same,205,-0.03068165934586488,2.3608074420907386,0.7945448937265016,0.6305843267967249
"Junis, Jakob",ST,opposite,123,-0.2005037590880759,2.242981360287288,0.8604899840855444,0.7239534814989631
"Junis, Jakob",ST,same,346,0.6635661613023508,2.081875351551823,0.8120767382997065,0.7294231134103379
"Junk, Janson",CH,opposite,114,-0.27963906922464693,1.7932192175268913,0.7253822420543246,0.8893407556613301
"Junk, Janson",CH,same,13,-0.11863552614130225,2.171465128816094,0.7545343444571355,1.1809530219091997
"Junk, Janson",CU,opposite,164,0.11384508469841419,1.6829670172496392,0.5604551347406982,1.1001208752298195
"Junk, Janson",CU,same,26,0.3824382643390259,1.64769283210912,0.4037065962131284,1.2056106789172336
"Junk, Janson",FF,opposite,318,-0.07994949363522733,2.6904584594616097,0.5924238211590156,0.8775839232078537
"Junk, Janson",FF,same,293,0.17582501783351584,2.852016594779518,0.601114101402578,0.8395530827015044
"Junk, Janson",SL,opposite,231,0.31988390026255664,2.0723032602703397,0.581247554635413,0.9250276489633301
"Junk, Janson",SL,same,216,0.5758179894063002,2.047340033270988,0.5653662816362414,0.8893169742840894
"Junk, Janson",ST,opposite,29,0.09632880698774851,2.399284670304802,0.7402844490578562,1.1510598999136734
"Junk, Janson",ST,same,218,0.5649210432379589,2.149347163288141,0.6744410355574518,0.8443686307594451
"Kahnle, Tommy",CH,opposite,522,-0.41373452197760385,1.8909620244899044,0.7398935164665291,0.7861072079570584
"Kahnle, Tommy",CH,same,406,0.21564875393245825,2.0581663351575847,0.807664652488579,0.80049120054799
"Kahnle, Tommy",FF,opposite,79,-0.009669551165295194,2.5100035967728815,0.8070848282899931,0.8800943070415062
"Kahnle, Tommy",FF,same,75,0.42860534417009055,2.705693341353824,0.833876089487152,0.9034289518105468
"Keller, Brad",CH,opposite,133,-0.75069470620321,1.9484570283934393,0.6750412721287652,0.8322164485855054
"Keller, Brad",CH,same,8,0.06929782261360812,1.8170649119908031,1.12983557941183,0.8417730057489844
"Keller, Brad",FF,opposite,298,-0.03903201049805094,2.6851611889195537,0.8144921817481579,0.803105935480704
"Keller, Brad",FF,same,202,0.15181340545368008,2.529503081461446,0.7266936759115389,0.7772226667951433
"Keller, Brad",SI,opposite,1,-0.8261301372816425,2.359293942960548,0.0,0.0
"Keller, Brad",SI,same,174,-0.4815489036308801,2.1664236044787373,0.7509004261733109,0.7633583859344937
"Keller, Brad",SL,opposite,89,-0.2449351613403012,1.7073165113239681,0.6784452519132628,0.9443883923976795
"Keller, Brad",SL,same,122,0.2928098640398224,2.0776893182278933,0.7040516254309339,0.8280553813705472
"Keller, Brad",ST,opposite,10,-0.02784294245851495,1.847199942741956,0.525086730927895,1.0669536089215557
"Keller, Brad",ST,same,154,1.0831648767116182,1.7896038602695845,0.8477371266058947,0.8731461899882941
"Keller, Mitch",CH,opposite,194,-0.4978672856645282,2.234601989052533,0.7616372870284451,0.8663075684568537
"Keller, Mitch",CH,same,6,-0.3801226103850259,2.62379970304953,0.32614917141089955,1.0588906391658648
"Keller, Mitch",CU,opposite,186,-0.2033381651463214,1.8040623121229178,0.9284363092675963,0.9677217303800882
"Keller, Mitch",CU,same,24,0.5001183530675989,1.4545655462984597,1.0210840429789096,1.0433276279338934
"Keller, Mitch",FF,opposite,621,-0.06343275153888528,2.91725831537518,0.7279267570552707,0.734531222140772
"Keller, Mitch",FF,same,378,0.3417838285587048,2.7029893259093174,0.6950026702532087,0.715579970205909
"Keller, Mitch",SI,opposite,114,-0.09150510472069136,2.4617003790453684,0.7784031195049237,0.7832887962751555
"Keller, Mitch",SI,same,396,0.009357095619943035,2.2604167579927354,0.8119505440688896,0.7531889173295754
"Keller, Mitch",SL,opposite,171,0.3372910844514931,1.643133699256885,0.67630594256266,0.7416317715645158
"Keller, Mitch",SL,same,230,0.5304643682593175,1.6380655470409522,0.6509308253783299,0.7579996626764142
"Keller, Mitch",ST,opposite,201,0.02032644944991977,2.2043092913787956,0.8007966892603795,0.7228585036221621
"Keller, Mitch",ST,same,346,0.7070284752721714,2.0469620534679653,0.8379298713780157,0.7264521740208866
"Kelly, Kevin",FC,opposite,56,0.022011088377967,3.2015696857777987,0.8789138597147939,0.5975669615115458
"Kelly, Kevin",FC,same,19,1.0409802364476202,3.1471920752954152,0.8772580701433302,0.5829342734826366
"Kelly, Kevin",FF,opposite,44,-0.39533755263828707,3.559984728121855,0.797149672440143,0.7536201424359936
"Kelly, Kevin",FF,same,6,0.6366289369894843,3.95635840700835,1.179162780846879,1.2309000001828514
"Kelly, Kevin",SI,opposite,135,-0.1893630403685001,2.1636075138165998,0.7635271542092947,0.5224482876291637
"Kelly, Kevin",SI,same,212,-0.057565716498923745,2.1804232428607215,0.7769248401805625,0.5156669564816326
"Kelly, Kevin",ST,opposite,28,-0.7413735770483842,2.365724522221708,0.9883325284910823,0.5223724646707182
"Kelly, Kevin",ST,same,88,0.7029088292274827,2.2335987724023094,1.0455833587873762,0.5393984170358047
"Kelly, Merrill",CH,opposite,485,-0.4801239885326419,1.564127293421858,0.6758795492507252,0.6404245151058772
"Kelly, Merrill",CH,same,282,-0.1367148124886923,1.4334102893051035,0.678053323512837,0.6178669412229834
"Kelly, Merrill",CU,opposite,206,-0.2719794452028634,1.9696924075748254,0.6767490912701648,0.6955867264837202
"Kelly, Merrill",CU,same,68,0.17817882558231066,1.9164213799988474,0.6580323878147482,0.621862718893384
"Kelly, Merrill",FC,opposite,293,-0.018169650455940396,2.7785721229065214,0.8152846297875148,0.6678025725799428
"Kelly, Merrill",FC,same,278,0.5414332966738917,2.277441880822362,0.6134846568638814,0.5780176112911978
"Kelly, Merrill",FF,opposite,383,-0.254378726891892,2.6499000055113515,0.8139076178226282,0.7907218553775752
"Kelly, Merrill",FF,same,275,0.3086014355404868,2.598165275513991,0.7392279263720068,0.7352585236381088
"Kelly, Merrill",SI,opposite,128,0.16920170570215348,2.2211847377298395,0.7758166957761778,0.6539389925270641
"Kelly, Merrill",SI,same,237,-0.16231157602111,2.138585791508235,0.843681920533418,0.635317030773688
"Kelly, Merrill",SL,opposite,2,-1.2135686718493852,3.266071283797059,0.2585357658048975,0.20141718388480195
"Kelly, Merrill",SL,same,196,0.8831332864810504,1.594174822186262,0.626386296521516,0.5983774265769882
"Kelly, Michael",FF,opposite,90,-0.32464321554883324,2.973254180205361,0.7309463663423392,0.9066624873975797
"Kelly, Michael",FF,same,102,0.490915913284441,2.529612936943561,0.7242081708905163,0.8736387375391564
"Kelly, Michael",SL,opposite,47,0.4361288162268292,2.6854471387530854,0.816460796594498,0.9189020344075516
"Kelly, Michael",SL,same,47,0.6220159906780683,2.314476921363326,0.6515426754732278,0.8483723278964789
"Kelly, Michael",ST,opposite,129,0.008123140478662477,2.157566330641022,0.755459928311575,0.7843157949740954
"Kelly, Michael",ST,same,203,0.4143609357250967,2.210548993793946,0.8134892943442004,0.8356937804052171
"Kelly, Zack",CH,opposite,59,-0.7413111741954006,1.8474935798953094,0.9430720950389979,1.0321955712899162
"Kelly, Zack",CH,same,10,-0.1514836341175007,1.4641716574438646,0.9959574682992414,1.0962984329856107
"Kelly, Zack",FC,opposite,80,0.2909684302964469,2.286828693939976,0.638337148243198,0.7992303826183534
"Kelly, Zack",FC,same,106,0.19068688834981162,2.432471362030056,0.7528397321652426,0.7688592686439666
"Kelly, Zack",FF,opposite,77,-0.22630172704840687,2.864598627951015,0.6978067249618133,0.8229577232808833
"Kelly, Zack",FF,same,38,-0.024471009161576157,3.30586596800708,0.8674085235107428,0.9208340832547907
"Kelly, Zack",SI,opposite,1,0.0635169494263221,0.8727318910427828,0.0,0.0
"Kelly, Zack",SI,same,89,-0.5029532773016224,2.257592991715068,0.6630712288012666,0.7582970120696569
"Kelly, Zack",ST,opposite,39,0.051381158106369215,1.9216639730424332,0.7887600063675383,0.6942171806728937
"Kelly, Zack",ST,same,82,0.4580434897303109,1.8337709104049174,0.837295533746647,0.8883384828937073
"Kent, Zak",CU,opposite,64,-0.18381467279893465,2.1639744122949156,0.9566546107937302,1.10020300841737
"Kent, Zak",CU,same,13,0.7147438806467813,1.3910556447916642,0.6390634945618929,1.1271787115152727
"Kent, Zak",FF,opposite,68,-0.043906294368033595,2.6184868910295633,0.9393779437287193,0.99941608961063
"Kent, Zak",FF,same,25,0.09120741725767781,2.503359645793366,0.5781901847837897,0.8467566973630454
"Kent, Zak",SL,opposite,56,-0.15095381695963303,2.5532758170574965,0.7416248815111629,0.9169912455698677
"Kent, Zak",SL,same,62,0.40030112830798725,2.0618175507396743,0.7300636837661023,0.9118112701983031
"Kerkering, Orion",FF,opposite,217,-0.17183233386694483,2.7309206320651143,0.8082139912966939,0.8225277737401888
"Kerkering, Orion",FF,same,152,0.16569109550031622,2.7334978839898882,0.7085755482333992,0.8004722817280379
"Kerkering, Orion",SI,opposite,10,-0.22775210625946335,2.31388437957981,0.7446752666852948,0.7830394372909923
"Kerkering, Orion",SI,same,202,-0.3971221020151496,2.2557438668816454,0.7580216562808361,0.7431491529466814
"Kerkering, Orion",ST,opposite,240,0.027534695484108796,1.9589401155733308,0.8161145888960631,0.7008154434409771
"Kerkering, Orion",ST,same,296,0.4708004012202579,1.9442693895591343,0.8197832686759987,0.7508490390347903
"Kershaw, Clayton",CU,opposite,267,0.2230681948067792,1.865731198628291,0.5952106294438141,1.4446060450542522
"Kershaw, Clayton",CU,same,56,0.10028118663148479,2.206895735309398,0.6871297193742995,1.4913143347398965
"Kershaw, Clayton",FF,opposite,483,0.13064406977325793,2.540326708961277,0.6540276286531781,0.9163168403848447
"Kershaw, Clayton",FF,same,148,0.06953052366174997,2.447034647195395,0.567552394130821,0.9430070686333136
"Kershaw, Clayton",FS,opposite,99,0.8486186707220487,2.001245922877385,0.6402701214768782,1.0970958806968565
"Kershaw, Clayton",SL,opposite,577,-0.016143264646756614,1.7339671836030588,0.5380164626426946,0.8225406943751334
"Kershaw, Clayton",SL,same,184,-0.3396646643199506,1.7129382027952536,0.5792820152546981,0.8147388635057862
"Kikuchi, Yusei",CH,opposite,367,0.49993494467298144,2.1277940624545617,0.7883662723065737,1.1289302117802331
"Kikuchi, Yusei",CH,same,9,1.0984140376691642,2.3836360506667202,0.7022162261427328,0.954130279059029
"Kikuchi, Yusei",CU,opposite,414,0.05101522512353151,2.051156230109087,0.6643408505728257,0.954929799871635
"Kikuchi, Yusei",CU,same,62,-0.12776114345261266,1.6813141005056962,0.7226593208396825,1.1154773405311138
"Kikuchi, Yusei",FF,opposite,887,0.1904753868853117,2.74487027328834,0.7658826230991858,0.8639822905069773
"Kikuchi, Yusei",FF,same,194,-0.09509530743651733,2.5806777519675883,0.7318412298140504,0.7707183078646954
"Kikuchi, Yusei",SL,opposite,810,0.01856560802881915,2.1909353256452375,0.7383849565451671,0.8511479494579521
"Kikuchi, Yusei",SL,same,311,-0.31910015775468276,1.959588634689494,0.7397485821105763,0.8687692112609036
"Kimbrel, Craig",FF,opposite,63,-0.29026900348776863,3.274521609694648,0.7330721489515426,0.7312585704250357
"Kimbrel, Craig",FF,same,85,0.34190747077572636,2.9400184186356353,0.7454021823985194,0.765652562825168
"King, Bryan",FF,opposite,484,0.09039252222050875,2.969517654876581,0.6757778624025466,0.6601882883448273
"King, Bryan",FF,same,172,-0.1506875634905294,2.799942103442846,0.7157994911850919,0.6656072220935667
"King, Bryan",SI,opposite,20,0.14771583764499047,2.2219371085938073,0.7768289489962011,0.49255153978741345
"King, Bryan",SI,same,35,0.29412996294190763,2.315595722756799,0.6438252554378356,0.705590427673809
"King, Bryan",ST,opposite,223,-0.347697162718442,1.9565011002826307,0.7793937116625759,0.8019174328905766
"King, Bryan",ST,same,94,-0.4100814073693442,2.0903483278388166,0.9665949992804499,0.9542963260595282
"King, John",CH,opposite,142,0.6414987232897441,1.7878783982230781,0.7278922108156832,0.6980580493026516
"King, John",CH,same,10,0.7212516724270148,1.536120951074917,0.6505161928016145,0.4028710067587248
"King, John",SI,opposite,245,0.1161224849415554,2.323227694270034,0.7382132194445767,0.7455241698864388
"King, John",SI,same,218,0.2812910294620742,2.337323230783399,0.6364922907285545,0.686562048528226
"King, John",SL,opposite,16,-0.16581467623616827,1.18832662850366,0.6376016049841862,0.7477961336771728
"King, John",SL,same,96,-0.5440570334234897,1.4928589019203693,0.6835561881733223,0.9862931905714112
"King, Michael",CH,opposite,221,-0.5497162994064734,1.9894702642743984,0.8266655709009729,0.6325479314389111
"King, Michael",CH,same,44,-0.06703965602995954,1.965464621552737,0.6700680635554529,0.6614163126792538
"King, Michael",FF,opposite,205,-0.4694501025334915,3.197698437153387,0.6380307340871283,0.7685013938737554
"King, Michael",FF,same,100,0.12418623641502288,3.231176449075056,0.6786370349960266,0.8492950597917619
"King, Michael",SI,opposite,158,0.08461106503315073,2.9179576033359886,0.6912290801542659,0.6675885257309582
"King, Michael",SI,same,205,-0.33869945503695015,2.2419187396977427,0.8665303461281129,0.6091959953109556
"King, Michael",SL,opposite,11,0.007629972732521104,1.5886559870547787,1.133470736507357,0.8600537274328375
"King, Michael",SL,same,59,0.697732374118363,2.0473549938364193,0.9587546093691417,0.646880032956002
"King, Michael",ST,opposite,99,-0.4553670734601295,2.177492606589622,0.8639772939035583,0.6396438921488007
"King, Michael",ST,same,136,0.8240309274185657,2.0360510487693473,0.9051356679372413,0.6914605826392837
"Kinley, Tyler",CU,opposite,102,0.023818158832745774,1.4215563222680276,0.7884458114884292,0.959981786324807
"Kinley, Tyler",CU,same,49,0.07931753809450413,1.5890563635857176,0.7231716503818287,1.100960592003914
"Kinley, Tyler",FF,opposite,139,0.07667469715596996,2.9425714252149757,0.8882948359423644,0.8820430387987753
"Kinley, Tyler",FF,same,141,0.3728342388098807,2.713655471378847,0.8089762559692738,0.9166791487988533
"Kinley, Tyler",SL,opposite,336,0.19919819541689818,1.9631455499611152,0.6630906052698956,0.8733587493196373
"Kinley, Tyler",SL,same,447,0.5308560743403921,2.021867748469288,0.6247065269599861,0.7655311804809359
"Kirby, George",FF,opposite,391,0.134358520398316,3.317709015715453,0.6514222903398176,0.6713343196959842
"Kirby, George",FF,same,270,0.4069869639662374,3.240971991194509,0.619147494276887,0.6556920190399189
"Kirby, George",FS,opposite,44,-0.7373034163794877,1.8062162294294488,0.659670507220726,0.7714532521010823
"Kirby, George",FS,same,15,-0.5348170219439212,1.855469154012783,0.7470265057171804,0.8467682359714731
"Kirby, George",KC,opposite,238,0.14851275426415236,1.4410879514671964,0.6815029542247477,0.8212658878452538
"Kirby, George",KC,same,14,0.15835222439430324,0.977966120555504,0.9312238784873222,0.7346150210923991
"Kirby, George",SI,opposite,256,0.0939605189001898,2.954698356767944,0.7357155057566401,0.8168433842079317
"Kirby, George",SI,same,415,0.04201671668887451,2.8292464330901286,0.781009146884358,0.6720896570778367
"Kirby, George",ST,opposite,364,0.1156428683016618,1.8518794732498387,0.6931321462412358,0.7741099598399063
"Kirby, George",ST,same,332,0.6894771756553517,1.9389405218230176,0.7125903880268181,0.7837849137590223
"Kittredge, Andrew",FF,opposite,75,0.17511903365769843,2.9379906462449408,0.6315979661241078,0.7519401036565936
"Kittredge, Andrew",FF,same,15,0.15852200172177125,2.6487954184669342,0.54475853422372,0.8058618262472661
"Kittredge, Andrew",SI,opposite,124,-0.49882084128413007,2.001417170705307,0.635333195877327,0.6630898493475897
"Kittredge, Andrew",SI,same,178,-0.36817019407913126,2.0313510396969803,0.6668204600340598,0.7465823137437638
"Kittredge, Andrew",SL,opposite,159,0.10427821257252537,1.5079357057447642,0.5959321742199979,0.6708517850738004
"Kittredge, Andrew",SL,same,277,0.4553816495280714,1.6834842729942154,0.6301631760776079,0.7206325785603913
"Klein, Will",CU,opposite,53,0.39074853033452717,1.9287623900907895,0.7322753229249821,1.526266409954357
"Klein, Will",CU,same,32,0.4833066416984324,1.9020721031050567,0.7589742462851462,1.2052519316304267
"Klein, Will",FC,opposite,39,0.491268228691535,2.6648666779301813,0.4806109617395705,1.0463280804144213
"Klein, Will",FC,same,12,0.43656664380752047,2.8234315048943706,0.5539010837311492,0.9820225951151159
"Klein, Will",FF,opposite,112,0.1313357811274907,3.06242473935337,0.6738422640207284,0.8729633396149388
"Klein, Will",FF,same,109,0.10271436986468725,2.8022434381917516,0.6743196928142696,0.8672105081803438
"Knack, Landon",CH,opposite,138,-0.47168626828028415,2.3398282119075855,0.8058787802521864,0.9936024953135927
"Knack, Landon",CH,same,56,0.19422754397239234,2.364480692703263,0.7737417326074297,1.158270692201882
"Knack, Landon",FF,opposite,206,-0.1037829054631813,3.0072106353796153,0.6755364948945856,0.8283645122715573
"Knack, Landon",FF,same,155,0.1880380072332509,2.8652837178138504,0.6261987832117563,0.8459341830129061
"Knack, Landon",KC,opposite,69,0.00441392719618981,1.98783020642883,0.6794630406278418,1.1326002358416976
"Knack, Landon",KC,same,28,0.39729101557884283,2.311308967127831,0.96742145668882,1.4093373640802394
"Knack, Landon",SL,opposite,17,0.45773531667636824,1.4606489150153394,0.516867912420911,0.9227287494278303
"Knack, Landon",SL,same,74,0.829154090808733,1.8607366160894294,0.7589768705425702,0.9368310798634552
"Kochanowicz, Jack",CH,opposite,221,-0.3807737209818526,1.978764992724768,0.7190493960100662,0.7392087317535305
"Kochanowicz, Jack",CH,same,40,-0.06490423980014892,1.8286098520035972,0.8315869344530932,0.87375794475424
"Kochanowicz, Jack",FF,opposite,246,-0.211156915755195,2.882540012461909,0.835025856869237,0.8243266621787392
"Kochanowicz, Jack",FF,same,101,0.4150417404152322,2.964543071998468,0.7272139018979146,0.8184535114286746
"Kochanowicz, Jack",SI,opposite,489,-0.30897676576418387,2.097091188338966,0.7828345962766865,0.8628968068835198
"Kochanowicz, Jack",SI,same,385,-0.16315497934508186,2.244832862669996,0.7577361507906242,0.868587879926068
"Kochanowicz, Jack",SL,opposite,130,-0.053613311521198,2.1207939949394774,0.7916244403000353,0.9013650460013765
"Kochanowicz, Jack",SL,same,143,0.3020460570158732,2.022039858047912,0.8973459878054729,1.0020924154147877
"Kochanowicz, Jack",ST,opposite,35,0.07955284031182115,1.994290278682001,1.1229272063485891,0.9943213860258501
"Kochanowicz, Jack",ST,same,68,0.284624838896565,2.1790974267026906,1.2977610371741242,1.2215985929069069
"Koenig, Jared",CH,opposite,102,0.24729931739337965,1.883341583866075,0.9024353417090336,0.8800801753445976
"Koenig, Jared",CU,opposite,89,-0.08588335357489438,1.3836986172470191,1.0657566235440432,0.8603378649009225
"Koenig, Jared",CU,same,93,-0.522125918417031,1.6678772485014521,1.019097828103594,0.8215584416219586
"Koenig, Jared",FC,opposite,115,0.0794667174735838,2.313043190450734,0.8393140956253496,0.7782854241383237
"Koenig, Jared",FC,same,94,-0.5297927949449764,2.267806701777875,0.7645604298733735,0.7943963281668749
"Koenig, Jared",SI,opposite,373,-0.1621227962538275,2.435011576402279,0.7435316523534873,0.7014250221268066
"Koenig, Jared",SI,same,254,-0.08085556699152667,2.4919391091425047,0.7351739165877065,0.7253655741596525
"Kolek, Stephen",CH,opposite,176,-0.7651364524824021,1.7978276361382237,0.6894800241072241,0.7528646759763513
"Kolek, Stephen",CH,same,20,0.09376765701611517,1.474793493769837,0.8411563881956883,1.0386464067368053
"Kolek, Stephen",FC,opposite,170,-0.0361171126875553,2.7444955324705864,0.7388782747563358,0.7418590045921725
"Kolek, Stephen",FC,same,86,0.6126125207306911,2.456085162486915,0.6459406096255506,0.7526779236528729
"Kolek, Stephen",FF,opposite,313,-0.29827892392637584,2.963079721117811,0.7200585970589685,0.7903770596761704
"Kolek, Stephen",FF,same,120,0.15095780173015713,2.7858639262105607,0.8315106923404958,0.8617606261989642
"Kolek, Stephen",SI,opposite,108,-0.18722493415674923,2.634463801121467,0.7470719636481139,0.7267449171549893
"Kolek, Stephen",SI,same,299,-0.22024300068480235,2.3712893344353385,0.7801733340423193,0.6736729152275959
"Kolek, Stephen",SL,opposite,146,-0.16867943634299168,1.9281320855558073,0.7826546761697061,0.6803712334087832
"Kolek, Stephen",SL,same,133,0.5468491224543085,1.914907128778737,0.7644081450175141,0.7499857656389661
"Kolek, Stephen",ST,opposite,50,-0.4770747667803349,2.1925747622814677,0.818566945762016,0.7259398882409228
"Kolek, Stephen",ST,same,67,0.7650220059419753,1.9402920956613199,0.8162619869706861,0.6397051714109633
"Kopech, Michael",FF,opposite,94,-0.010759610343181509,2.8148910181592703,0.6431236889920753,1.1025354494365753
"Kopech, Michael",FF,same,97,0.016677179446567946,2.9557615821989485,0.6732335730556905,1.070863663024985
"Kowar, Jackson",FF,opposite,96,-0.3438511126300932,2.82996264309584,0.70715857234882,0.7219185629997397
"Kowar, Jackson",FF,same,66,0.2765495327133014,2.856472118333546,0.7006469550794164,0.7083388492417103
"Kowar, Jackson",SL,opposite,61,0.08554842951571769,1.6962170539766863,0.8557530751264029,0.8862601855510636
"Kowar, Jackson",SL,same,39,1.1022144049265925,1.3819277370637062,0.7970864927463397,1.1917042978874877
"Kranick, Max",CU,opposite,60,0.19921935226092952,1.794093232805559,0.7484514449429016,0.94690708984582
"Kranick, Max",CU,same,3,-0.02388893488309923,1.8264935458596547,0.6550236225031466,1.2929502484493585
"Kranick, Max",FF,opposite,108,-0.0714180430157603,3.065606991288729,0.6980228442296078,0.795022775272269
"Kranick, Max",FF,same,106,0.18949286732336432,2.9755539241511304,0.7305077445357735,0.7262921255245725
"Kranick, Max",SL,opposite,117,0.1848125902769248,2.64551360967555,0.5709742127379133,0.7574164899862189
"Kranick, Max",SL,same,94,0.3387786244011418,2.4619751795783396,0.6634136316453746,0.8211158981972958
"Kremer, Dean",CU,opposite,284,-0.17136343504431628,1.9893434020565641,0.6795719871043299,1.0659860192333588
"Kremer, Dean",CU,same,60,0.4108771170285792,1.8605488658845104,0.7166086964851559,1.1985909581750125
"Kremer, Dean",FC,opposite,115,-0.14163952761716678,2.4169164775184373,0.8945915549325861,0.7740631342436213
"Kremer, Dean",FC,same,428,0.7308368527903649,1.8854617933964362,0.592864723477004,0.7976391559753736
"Kremer, Dean",FF,opposite,488,-0.17906481387146994,3.0924850037259892,0.6451390385401519,0.8195813699562022
"Kremer, Dean",FF,same,227,0.23199776104766193,2.9754225014454807,0.5767821116866767,0.8135534975410665
"Kremer, Dean",FS,opposite,439,-0.4422663353788638,1.9139027394673396,0.6966870871415903,1.0746481580867764
"Kremer, Dean",FS,same,128,0.22989060598962183,1.6505864049446863,0.64505734082462,1.0514429722142136
"Kremer, Dean",SI,opposite,176,-0.3862484744057612,2.6934336958133,0.6744433518758483,0.6433656590097007
"Kremer, Dean",SI,same,344,0.022246936316800723,2.4226262469733753,0.7322711477105202,0.6889475712940702
"Kriske, Brooks",FF,opposite,70,-0.23775735740435516,2.593230700929342,0.6865916295551412,1.0224842714257893
"Kriske, Brooks",FF,same,63,0.2551440638899149,2.6498578830964443,0.6936289198844674,1.1575826766673698
"Kriske, Brooks",FS,opposite,96,-0.3842371402600225,2.2767119751763594,0.6697034359669559,1.06872918764997
"Kriske, Brooks",FS,same,108,-0.09881902367094429,2.076863709425374,0.6062678289850408,1.1199637387829948
"Lao, Sauryn",FF,opposite,31,-0.14454816662401296,2.6863917217023667,0.6886970384440306,0.7890521631417325
"Lao, Sauryn",FF,same,24,0.15103284842947617,2.7766437443166754,0.7705786405905221,0.9218691207578782
"Lao, Sauryn",SL,opposite,26,0.417572166909753,1.6322455519777601,1.0059730919972452,0.7253923627753186
"Lao, Sauryn",SL,same,63,0.7038630318327419,1.7806006084544659,0.8320157869118673,0.6058591886343314
"Lara, Andry",FF,opposite,50,-0.40759079754195143,2.9239750459942426,0.6629068768916534,0.9029923297251048
"Lara, Andry",FF,same,66,0.013035865536868623,2.54438210281431,0.7470305037252745,0.831917678159443
"Lara, Andry",SL,opposite,21,-0.09938619298281874,2.438692596820747,0.9261931346319492,1.155065530067448
"Lara, Andry",SL,same,62,0.40613940894018513,2.17272071689554,0.745035054712899,0.9991736419726854
"Latz, Jacob",CH,opposite,288,0.663270585185789,2.048410441757684,0.6805007359776057,0.9177512694761275
"Latz, Jacob",CH,same,36,0.36008487553113677,1.7603550777794807,0.5775570646196413,0.807983142959315
"Latz, Jacob",CU,opposite,72,0.4266827630537867,2.4861980376768917,0.7700678308770084,1.4404957554881856
"Latz, Jacob",CU,same,17,0.014641660980627073,1.985173201986314,0.589411163207983,1.0624211516443594
"Latz, Jacob",FF,opposite,467,0.03448382255467622,3.019850244067678,0.6538645991400682,0.8347703782125405
"Latz, Jacob",FF,same,218,-0.31016695136376254,2.8490395847729117,0.5712058845185913,0.8229061498274304
"Latz, Jacob",SL,opposite,118,-0.10622933553397228,1.8782238351254188,0.6849123908869276,0.800706539289119
"Latz, Jacob",SL,same,172,-0.5735913327753512,2.003376239474009,0.5667956805257114,0.785965958316713
"Lauer, Eric",CH,opposite,131,0.4171841481567818,1.4870751073471042,0.7954675786613429,0.9230149445802094
"Lauer, Eric",CH,same,8,-0.04630689462957896,1.408554613704397,0.9422106495628205,0.8817788968510258
"Lauer, Eric",CU,opposite,213,0.19893838654994872,2.034723635757132,0.7026074716031256,0.8533296555499763
"Lauer, Eric",CU,same,54,0.10945786901794173,1.9079045237648116,0.7358775037602108,0.8501352080761956
"Lauer, Eric",FC,opposite,275,-0.031142555465036165,2.7205038823977277,0.8042617516433808,0.7877115983404436
"Lauer, Eric",FC,same,99,-0.5583515408415372,2.1901456086059823,0.7051078982881301,0.9115889363725992
"Lauer, Eric",FF,opposite,591,0.2122899880401031,2.972612093232226,0.7669836700708013,0.6893317002796367
"Lauer, Eric",FF,same,255,-0.15502092639558626,2.8808286977965634,0.6713749526542236,0.6717768028658513
"Lauer, Eric",SL,opposite,95,-0.25335761963198894,1.6398072294651187,0.7394295087530749,0.9457996397233578
"Lauer, Eric",SL,same,96,-0.4283519281283943,1.897854755499308,0.6759883878718961,0.8930202881192278
"Laweryson, Cody",FF,opposite,43,-0.20088740612186132,2.494701116281735,0.6081586857120341,0.6233440793335998
"Laweryson, Cody",FF,same,15,0.04100458375101697,2.4726071663441207,0.6219059386090497,0.5784811431526808
"Lawrence, Casey",CH,opposite,52,-0.8788834499403785,1.8318326100823878,0.5774389619827255,0.5141993087965602
"Lawrence, Casey",CH,same,8,-0.3220047359973724,1.2803468644078762,0.5793228177903844,0.5996513874210232
"Lawrence, Casey",SI,opposite,31,-0.2233171072904173,2.7535544986467757,0.754485303841422,0.7163690796176447
"Lawrence, Casey",SI,same,79,-0.17953530862206346,2.327234181037256,0.747611478829299,0.6115188012088919
"Lawrence, Casey",ST,opposite,18,-0.38910639968461486,2.0631675129067695,0.8550657166619242,0.6122952304458997
"Lawrence, Casey",ST,same,50,0.7003696411076601,1.7446505926305569,0.8158145758030635,0.6389574177019514
"Lawrence, Justin",SI,opposite,32,-0.369661363709935,1.7991660410763757,0.9610678186599415,0.49477086043500657
"Lawrence, Justin",SI,same,78,-0.38404643047449627,2.2007267901287664,0.9345512347784034,0.5853074379723414
"Lawrence, Justin",ST,opposite,66,-0.005735091364243135,1.9538506158980882,1.156283769963121,0.5942500768125558
"Lawrence, Justin",ST,same,69,0.623654049469328,2.0042443101783385,1.0692496457227576,0.612970151193122
"Lazar, Max",FC,opposite,7,0.5450400220843007,1.1528672798558568,0.49354434422483445,1.1616428807091652
"Lazar, Max",FC,same,92,0.5605409551990025,1.907825462723299,0.6654728997833301,0.8460533982561149
"Lazar, Max",FF,opposite,170,0.04862830168228706,2.8329111461405594,0.59131957629052,0.9396422319705712
"Lazar, Max",FF,same,187,0.14609887204566407,2.6618695468053724,0.6305215943866894,0.9199425779832209
"Lazar, Max",KC,opposite,105,-0.18049216287656275,1.827082109484731,0.6901981251778594,1.0234000681499131
"Lazar, Max",KC,same,64,0.20236092849923962,1.6104932915774595,0.7213991699056332,1.0887040536455797
"Leahy, Kyle",CH,opposite,118,-0.3872876603711431,2.034499465860043,0.6161524201511976,0.8542197025851838
"Leahy, Kyle",CH,same,11,-0.42646839289525806,2.2193919913540836,0.8494796096235396,0.7505502842427743
"Leahy, Kyle",CU,opposite,160,-0.22180749177987352,1.7981169397291112,0.7270064475403006,1.1464935401641727
"Leahy, Kyle",CU,same,83,-0.01065400507565586,1.6276522467059307,0.8639066861336867,1.4023006124212112
"Leahy, Kyle",FF,opposite,231,-0.2041065259670844,2.7993746374933073,0.7017119307846582,0.9341217519099108
"Leahy, Kyle",FF,same,177,0.1581353671529554,2.85808076840782,0.6042595452051093,0.9149165978858932
"Leahy, Kyle",SI,opposite,6,-0.32858393373073297,2.823267268451202,0.7089089480544052,0.6305604008267596
"Leahy, Kyle",SI,same,95,-0.394072040755904,2.5387443714502145,0.6367197886058784,0.7089188464839872
"Leahy, Kyle",SL,opposite,73,0.14402305841402147,2.2880117509929208,0.6282558989514025,1.0030145674899051
"Leahy, Kyle",SL,same,210,0.29260049864148047,2.3920871596597135,0.6461918488991293,0.8604157332803457
"Leahy, Kyle",ST,opposite,20,0.1056907329587976,2.062207726588241,0.5744632973370591,1.156902841542224
"Leahy, Kyle",ST,same,166,0.5382773089420938,2.331488587787079,0.7854515391499953,1.0144507875856177
"Leasure, Jordan",FF,opposite,287,-0.19904059102164295,3.005493841963634,0.6871112301801261,0.9336194121769572
"Leasure, Jordan",FF,same,318,0.2951870103666895,2.8791226731919326,0.6732238199235824,0.9817567429547566
"Leasure, Jordan",SL,opposite,154,0.11460323488885585,1.7193822732123074,0.6855024529860242,1.0308280538259438
"Leasure, Jordan",SL,same,326,0.5385220987073696,1.7554461727533712,0.6101566605908129,0.9079339233165286
"Leclerc, José",FF,opposite,30,-0.5129341137905328,2.7340831441343107,0.6561620238252586,0.672019068756617
"Leclerc, José",FF,same,47,0.4241094768756527,2.9605894741699914,0.61193279667578,0.8127796037279024
"Lee, Chase",FF,opposite,67,-0.5146551036010377,3.146429046504826,0.7296719799155208,0.5403452583541185
"Lee, Chase",FF,same,59,0.11530744563357272,3.240476558689067,0.8814185018895047,0.4807234316507413
"Lee, Chase",SI,opposite,62,-0.3759277649777272,2.3788778836836832,0.666621974153276,0.442075230912152
"Lee, Chase",SI,same,167,0.27156492666956966,2.2540276117023494,0.8443222690687077,0.4995207095090566
"Lee, Chase",ST,opposite,93,-0.48056317376121455,2.3044911964004764,0.9080688261988562,0.5052089052802323
"Lee, Chase",ST,same,116,0.844413576988111,2.269130389676741,1.0194080303726638,0.5728434773352852
"Lee, Dylan",CH,opposite,143,0.46073009464152187,1.7868577456104116,0.6167948045849453,0.7916821911948315
"Lee, Dylan",CH,same,3,-0.04684627570082508,1.3037369518290736,1.3285158360689655,0.2680641080850004
"Lee, Dylan",FF,opposite,179,0.061019559105757154,2.750459241342661,0.6433373076453677,0.7892779880622578
"Lee, Dylan",FF,same,165,-0.23474809689648635,2.7576984599802796,0.6293763887502442,0.8490303308169703
"Lee, Dylan",SL,opposite,288,-0.14575038254643394,1.6563787235812715,0.5613563612962413,0.8444312922027702
"Lee, Dylan",SL,same,324,-0.45626749003941036,1.7538882886201874,0.5617222198972388,0.9663540869571571
"Legumina, Casey",CH,opposite,82,-0.38921634637451075,2.3981017533985547,0.8577671632771909,0.7092956047696951
"Legumina, Casey",CH,same,10,0.5104400499646509,1.8795150204612963,1.145007791937499,0.9329234406339273
"Legumina, Casey",FF,opposite,229,-0.16874001581089318,3.0265530521193167,0.738877429545175,0.6524150722120243
"Legumina, Casey",FF,same,195,-0.05059798373625074,3.0629724870087696,0.7425158516824495,0.7041417014383784
"Legumina, Casey",SI,opposite,69,-0.212096842682769,2.500117330427622,0.7846349711526754,0.7366641404472308
"Legumina, Casey",SI,same,127,-0.34109857536766225,2.6601658868924227,0.6749312863089548,0.6173143456645634
"Legumina, Casey",ST,opposite,40,0.33709055687330247,2.3616393768298556,0.7314882779393863,0.7187732038242346
"Legumina, Casey",ST,same,109,0.9065563854427714,2.277357090444873,0.8637769219989908,0.704411253630302
"Leiter Jr., Mark",CU,opposite,120,-0.045936192515319725,1.8201154999620626,0.8925400876046667,1.0853929663907596
"Leiter Jr., Mark",CU,same,92,0.3334591479070006,1.6837922557995573,0.8071116767064521,1.004755703914292
"Leiter Jr., Mark",FS,opposite,188,-0.22128586515241422,1.4724074450797628,0.8247849211478431,1.0290078766325823
"Leiter Jr., Mark",FS,same,66,0.47003695538310225,1.4186399437930204,0.8882043293324471,1.0306130080362887
"Leiter Jr., Mark",SI,opposite,154,-0.3159857282228049,2.51021891326805,0.6609874753577607,0.7001792980903881
"Leiter Jr., Mark",SI,same,167,-0.13972631072987773,2.5981161879094445,0.7496442040139941,0.7146785189670677
"Leiter, Jack",CH,opposite,298,-0.017271737496046564,1.7878571183424716,0.826430712697856,1.1356525145336802
"Leiter, Jack",CH,same,128,-0.007997847349887881,1.7826332560696512,0.8054999940783487,1.1907884551922463
"Leiter, Jack",CU,opposite,180,0.11579315672075356,2.006397696076037,0.8764941437906096,1.2861651028746066
"Leiter, Jack",CU,same,64,0.2970171791229873,1.7085792825052606,0.8346834563887263,1.4375536958383952
"Leiter, Jack",FF,opposite,515,0.09315567731949914,2.7877085510031554,0.7071704698540108,0.8449321355932246
"Leiter, Jack",FF,same,486,0.2596748088049587,2.641057387476313,0.7797010864568725,0.8423499982035719
"Leiter, Jack",SI,opposite,146,-0.16276599556573193,2.565134439719942,0.6425987634091034,0.8068902284481257
"Leiter, Jack",SI,same,164,-0.31500734807821823,2.5607764691773225,0.7486625219024481,0.9092561081222027
"Leiter, Jack",SL,opposite,197,0.2542989395507986,2.036425478832301,0.7234475785618888,0.9637007084628489
"Leiter, Jack",SL,same,405,0.48567710555299876,1.9907733568003043,0.728217654885867,0.9351973407442048
"Liberatore, Matthew",CH,opposite,291,0.24797145020406328,2.0299651130792933,0.6196425913716287,0.9259244857779988
"Liberatore, Matthew",CU,opposite,326,-0.17458631724420748,1.9887375786246133,0.866029089735523,1.2342066775074318
"Liberatore, Matthew",CU,same,50,-0.7970244992254376,1.6631904102415371,1.0078198167556134,1.4040727580324548
"Liberatore, Matthew",FC,opposite,206,-0.4641087850190962,2.618021990412601,0.6383021268312287,0.9435598344384097
"Liberatore, Matthew",FC,same,42,-0.6496161216722656,2.3254572071330384,0.5920951603129666,0.9565218528803612
"Liberatore, Matthew",FF,opposite,597,0.10151962867417373,2.8932751411704416,0.645852932450714,0.8936182010126286
"Liberatore, Matthew",FF,same,87,-0.6230959694064091,2.9341653845329496,0.4780819080546289,0.9409392295245097
"Liberatore, Matthew",SI,opposite,141,0.13947924926687355,2.53222126535572,0.5363469989345665,0.8161456228098567
"Liberatore, Matthew",SI,same,140,-0.2271630814974246,2.3876569579452345,0.667537695709099,0.7640391659934703
"Liberatore, Matthew",SL,opposite,312,-0.3491636560823286,2.020527369577308,0.5822389061908402,1.0285647842536714
"Liberatore, Matthew",SL,same,194,-0.8131146378469508,1.837201675823008,0.5976385079426322,1.0005504035650643
"Littell, Zack",FF,opposite,370,-0.2834693716764745,3.139041802121867,0.5794025038607147,0.8244688929975235
"Littell, Zack",FF,same,312,0.17049349736834235,3.0758671402750153,0.5919686932142041,0.707417394025924
"Littell, Zack",FS,opposite,455,-0.27759099178813024,1.8723654646146417,0.6813270564014221,0.8780803932159474
"Littell, Zack",FS,same,314,0.1300406426174876,1.8787694485961586,0.7436859500048655,0.8598803448185449
"Littell, Zack",SI,opposite,135,0.015105651776377203,2.9043118641395913,0.6560648266281408,0.6684338081685073
"Littell, Zack",SI,same,319,-0.273741193421341,2.668813401611019,0.67942289067825,0.6974482547540692
"Littell, Zack",SL,opposite,359,0.1577704088149105,2.7859699380290626,0.6582163676062383,0.8007007063889663
"Littell, Zack",SL,same,423,0.5345049475466348,2.4638721387460465,0.6292919530861618,0.7743146657461737
"Littell, Zack",ST,opposite,31,0.41413183223111183,2.2429090910373697,0.7413245949167739,0.7391537152611076
"Littell, Zack",ST,same,122,0.6140293778276091,2.3712829590931315,0.8642191603147884,0.8802415184361869
"Little, Brendon",FC,opposite,85,-0.652811259489436,2.690995432920536,0.8047735775952204,0.8431956960382267
"Little, Brendon",FC,same,44,-0.4698692206311067,2.46688190568441,0.8492271456289459,0.8226699409589209
"Little, Brendon",KC,opposite,342,-0.08770827109220605,1.0259786811899159,0.8521702314510503,1.0198360754907203
"Little, Brendon",KC,same,260,-0.42329213382256264,1.1409956023996835,0.7985028508594173,0.9637843553654654
"Little, Brendon",SI,opposite,281,0.1712828095506708,1.7835529812706132,0.7818032375950559,0.7654964771929034
"Little, Brendon",SI,same,324,-0.015078255028090121,1.9515570585105388,0.7971187069406667,0.7994051826012054
"Lively, Ben",CH,opposite,53,-0.47562527621588185,1.9092004863907832,0.6809837953515014,0.8554324744266975
"Lively, Ben",CH,same,3,0.11808800636328169,1.4570029568386473,0.6074199215694817,0.9943903663782228
"Lively, Ben",CU,opposite,41,-0.11720670227215522,1.9394153478130416,0.7564102774850074,0.9188601814866615
"Lively, Ben",CU,same,10,0.2679150621029329,1.7280993761915737,0.8626896068884083,0.9588596894067839
"Lively, Ben",FC,opposite,21,-0.16992255475552745,3.1492929930742855,0.8190140151043845,0.6085273554884019
"Lively, Ben",FC,same,37,0.9710121072511742,2.6039208451449607,0.6573516411515693,0.761100067478223
"Lively, Ben",FF,opposite,172,-0.28052694111408827,2.972446451697726,0.6606892999915792,0.6882587578484379
"Lively, Ben",FF,same,66,0.4749232301863751,2.8911047958756133,0.558640577614856,0.8237209137603352
"Lively, Ben",SI,opposite,47,0.23746176497487465,2.8525040933311634,0.8426338475668613,0.7752447454089552
"Lively, Ben",SI,same,128,0.11821454623838296,2.63468875207607,0.7624760807583054,0.6137249711352235
"Lively, Ben",SL,opposite,26,0.18929650490271016,2.4820045464585516,0.7450319774038556,0.7665424124499964
"Lively, Ben",SL,same,37,0.6778131985479853,2.5610928051725828,0.6435330399210163,0.8552165653017496
"Lively, Ben",ST,opposite,26,-0.41373682314582655,2.249987035185662,0.7632839667415219,0.69399502886733
"Lively, Ben",ST,same,52,0.7198167967241427,2.225833921051183,0.7536225660088706,0.6659986010178394
"Lodolo, Nick",CH,opposite,538,0.5273809337793887,1.8245972839687614,0.7140291736903124,0.607289540977484
"Lodolo, Nick",CH,same,3,0.11638945224378804,1.7766403424877726,0.8873395873337967,0.8578600165805451
"Lodolo, Nick",CU,opposite,481,-0.139225344480505,1.8547862292047597,0.9816555918766645,0.7299621488916571
"Lodolo, Nick",CU,same,235,-0.6935152261964008,1.9507341811958196,1.1236441486471334,0.7725927081208229
"Lodolo, Nick",FF,opposite,573,-0.040179732561633014,3.1857622374726025,0.7125774390513646,0.6800386429839617
"Lodolo, Nick",FF,same,119,-0.3250399989081314,2.7060089936806992,0.7048298970461346,0.6499202845118581
"Lodolo, Nick",SI,opposite,363,0.46960673618945675,2.514545005358272,0.74900831521804,0.5781500009573686
"Lodolo, Nick",SI,same,180,0.09796714841859616,2.5822515964154964,0.813958246629474,0.5485318350483798
"Long, Sam",CU,opposite,108,-0.19448314605184733,2.046290128037221,0.7142389882416492,1.1010359273970047
"Long, Sam",CU,same,33,-0.035116747978611904,2.346515716118854,0.7843995312902364,1.0005073894222143
"Long, Sam",FF,opposite,178,0.030228164714459074,2.804115619297646,0.7279301556834692,0.9280052644674474
"Long, Sam",FF,same,99,-0.22758068987867258,2.603533240597578,0.6582352078262795,0.9152379334925878
"Long, Sam",FS,opposite,73,0.6408173451353041,2.413322443590382,0.6810440891761094,0.9470312912494713
"Long, Sam",SI,opposite,32,0.3837485746740386,2.9835554033905507,0.5803840946930272,0.825523642702338
"Long, Sam",SI,same,53,0.08884554931807075,2.489818659703597,0.7265802464124682,0.7228657847061611
"Long, Sam",SL,opposite,94,-0.362625083822846,1.851126651342009,0.7060570119630803,0.9373402651060566
"Long, Sam",SL,same,108,-0.22087088084046977,1.9468298506659496,0.8021231556087891,1.0490313010070969
"Lopez, Jacob",CH,opposite,216,0.7960943010734868,2.037484145529671,0.863196687243291,0.7046179889399588
"Lopez, Jacob",CH,same,8,-0.1357683455893366,2.1752408479763337,0.9306302322988742,0.9729767689206814
"Lopez, Jacob",FC,opposite,220,0.04713481456421817,2.969715765241902,0.8448560951451449,0.6065924631409915
"Lopez, Jacob",FC,same,23,-0.3742116293116581,2.951647567602772,0.882180164709818,0.6272885985565019
"Lopez, Jacob",FF,opposite,453,0.7295102263905973,3.109999875023297,0.811274182229082,0.7718548476831595
"Lopez, Jacob",FF,same,134,0.05817090588927952,2.6360336593404683,0.8448706412519557,0.688134900049922
"Lopez, Jacob",SI,opposite,82,0.6884536312902816,2.4071740031174467,0.7829432060221873,0.6087680549184974
"Lopez, Jacob",SI,same,21,0.49612383736212096,1.9970979336576387,0.644786607780638,0.9100925246387834
"Lopez, Jacob",SL,opposite,343,0.05906853095537315,1.8274618952308246,0.8179731317974184,0.6243297947295854
"Lopez, Jacob",SL,same,166,-0.440066874222288,2.0080007525949126,0.8631956966506462,0.5806338484936174
"Lord, Brad",CH,opposite,235,-0.3914166854257966,1.8769483417419277,0.8557922308148519,0.7184915081361748
"Lord, Brad",CH,same,43,-0.3186247208341675,2.033060392667045,0.7513299728263944,0.7131360969686448
"Lord, Brad",FF,opposite,643,-0.17806350035367166,2.815579939796285,0.7748370385020017,0.6904005511121215
"Lord, Brad",FF,same,389,-0.01822037836691236,2.88920705885308,0.6908682320816169,0.7068308843448953
"Lord, Brad",SI,opposite,106,-0.3577878346799353,2.123182666164389,0.7146242782199813,0.6046549697700224
"Lord, Brad",SI,same,278,-0.37780476091216825,2.2832968527774558,0.778592483571343,0.5745974315108778
"Lord, Brad",SL,opposite,154,-0.16908296065988176,1.8612101503489882,0.8722423240023515,0.7599211374809396
"Lord, Brad",SL,same,276,0.4468507316670482,1.9080045574769984,0.8892187824928619,0.794860968452593
"Lorenzen, Michael",CH,opposite,288,-0.4685967018557739,1.9909687167367531,0.7538977947377986,0.9577374741637392
"Lorenzen, Michael",CH,same,113,-0.10717888487947441,1.8265031244359777,0.8282859338655548,1.0418608281632866
"Lorenzen, Michael",CU,opposite,192,0.0731020532029855,1.5843510813548833,0.8003480476946254,1.0605149341119655
"Lorenzen, Michael",CU,same,69,0.5207485852239206,1.5028315835546082,0.8479548389593969,1.2969119768371409
"Lorenzen, Michael",FC,opposite,138,0.22449311592061635,2.5780742134641095,0.7810760870924573,0.8491361605542219
"Lorenzen, Michael",FC,same,113,0.49406589914419186,2.284571617982081,0.6832694979046754,0.8482603331307997
"Lorenzen, Michael",FF,opposite,321,-0.24048261465811835,2.828541887537349,0.6729817251238346,0.8145603241610414
"Lorenzen, Michael",FF,same,190,0.27527663671630365,2.9101220303488122,0.6324803222132055,0.8397562968663854
"Lorenzen, Michael",SI,opposite,127,-0.033922407126186195,2.3141898112181813,0.825743206396972,0.727482955347562
"Lorenzen, Michael",SI,same,291,-0.1111605264779385,2.1902655196415886,0.7906376274781187,0.7585223924894611
"Lorenzen, Michael",SL,opposite,89,0.4623283840943377,1.882035503630501,0.7602204759823714,0.8583935032908766
"Lorenzen, Michael",SL,same,188,0.5117166613826344,1.9696276470862033,0.6929840207231,0.8945733635044965
"Lorenzen, Michael",ST,opposite,31,-0.14603262605935197,2.1595818914381137,1.048183276744524,0.9494892086147362
"Lorenzen, Michael",ST,same,168,0.4742290308601727,2.172567999591783,0.8080678475945772,0.9387905707217586
"Loutos, Ryan",FF,opposite,43,-0.14736902373861774,2.9170127161418247,0.7252156007917714,0.7150862600102087
"Loutos, Ryan",FF,same,64,0.08774516890829923,2.87914990589656,0.9011849031232141,0.6459549387536179
"Loutos, Ryan",SL,opposite,17,0.3126331723716403,1.9278081868424612,0.5450605841750223,0.8686425201239674
"Loutos, Ryan",SL,same,35,0.06189939222048635,1.5957618067023194,0.7255671645955356,0.9002973779639893
"Lovelady, Richard",SI,opposite,27,0.8971915034921528,2.9602506267122344,0.7852147606979215,0.7252928272832385
"Lovelady, Richard",SI,same,49,0.5354461894619731,2.5058960674595245,0.7817409798575629,0.7484154949170008
"Lovelady, Richard",ST,opposite,51,-0.4438739035086191,1.9395833805782627,0.7397544714738874,0.722499308598853
"Lovelady, Richard",ST,same,42,-0.6417245501594853,1.9799812222795112,0.7681297559189049,0.616000280405339
"Loáisiga, Jonathan",CH,opposite,73,-0.39005317378197785,1.7760479669949338,0.823419511991537,0.8916778336367792
"Loáisiga, Jonathan",CH,same,15,0.06775597045211393,2.0166846447487305,0.6733863868056443,0.6298178962305216
"Loáisiga, Jonathan",CU,opposite,18,-0.13923781980702996,1.864891745644861,0.9069328748525558,1.1710309896917612
"Loáisiga, Jonathan",CU,same,59,0.6212486064606685,2.0682227264772095,0.6761651033771734,0.8425753053265886
"Loáisiga, Jonathan",SI,opposite,78,-0.5170479338427502,2.0630158146314694,0.8809090013313807,0.738016918786742
"Loáisiga, Jonathan",SI,same,192,-0.5277866718302372,2.3055546010310026,0.7952311223737049,0.6809809604773454
"Lucas, Easton",CH,opposite,87,0.40755070009377575,1.7307628592801865,0.7566045591106266,0.9651927687371934
"Lucas, Easton",CH,same,5,0.33428210480310455,1.7048473309963803,0.884979712114721,0.9424597448489188
"Lucas, Easton",FF,opposite,151,-0.011950782625958245,2.8682696760836555,0.651059502300921,0.716349172252418
"Lucas, Easton",FF,same,67,0.05804210975304317,3.0235511576787415,0.7295409090366544,0.9236531695767829
"Lucas, Easton",SL,opposite,26,-0.35107237188857243,1.6338451819599347,0.7998300966598879,0.9791788321070923
"Lucas, Easton",SL,same,27,-0.41306882268514605,2.098275016523353,0.8874622833554624,1.0057181932429091
"Lucchesi, Joey",CU,opposite,86,-0.08422584207821845,1.9026997065836306,0.7846914760039276,1.5633412753437081
"Lucchesi, Joey",CU,same,83,-0.3333534413171089,1.823050194954092,0.7503934912007277,1.3780020830546458
"Lucchesi, Joey",FF,opposite,112,-0.23815851181937323,2.943544836744732,0.6326433202850483,0.7721068721157363
"Lucchesi, Joey",FF,same,46,-0.20038653481682495,3.325604824215977,0.5858500949919914,0.8999254750064231
"Lucchesi, Joey",SI,opposite,101,0.41111316299066397,2.574466775386681,0.6415713939889841,0.7613701380551154
"Lucchesi, Joey",SI,same,203,0.18883247487860808,2.542822318986999,0.7092204322643499,0.7722294538800273
"Lugo, Seth",CH,opposite,186,-0.5500878173942054,1.9873414369748674,0.6797850029175405,0.7852060411616517
"Lugo, Seth",CH,same,43,0.5100471225983491,1.8847558075021347,0.9599830256784694,0.8353560378315251
"Lugo, Seth",CS,opposite,46,-0.2332784526481401,2.4465680021609844,0.8316730090889269,0.7741949081460218
"Lugo, Seth",CS,same,68,0.502517109815136,2.5370908403787684,0.8087577418394611,0.7773574820633592
"Lugo, Seth",CU,opposite,345,-0.22711164573966758,1.984742696365852,0.7987116831382092,0.868977157472881
"Lugo, Seth",CU,same,88,0.3012050369777611,2.280954702336754,0.8275547674082707,0.8413669146970527
"Lugo, Seth",FC,opposite,205,-0.07489398820781101,3.1546278850897376,0.7941017611262909,0.7682400470054886
"Lugo, Seth",FC,same,131,0.2786820450815261,2.9484785267656153,0.6701480047243872,0.7849055031666102
"Lugo, Seth",FF,opposite,330,-0.16721969194147374,2.811472981425841,0.752748947248695,0.9003361314375583
"Lugo, Seth",FF,same,171,0.19746618527647994,2.8635776667535975,0.7652115185914772,0.8716988303994697
"Lugo, Seth",SI,opposite,138,-0.3616456287713074,2.641155077879032,0.6540455275436743,0.7427525196071673
"Lugo, Seth",SI,same,210,-0.06853301884581116,2.42696582695736,0.7934396223153816,0.7768220100039128
"Lugo, Seth",SL,opposite,32,-0.3013231039992458,2.0894998299848075,0.7963245187296236,1.2778093980545504
"Lugo, Seth",SL,same,102,0.7538405193811512,2.23664339209686,0.7225176905568006,0.7741316848731729
"Lugo, Seth",SV,opposite,96,-0.198589740822707,2.356861475222547,0.8324467024525815,0.7697816936831886
"Lugo, Seth",SV,same,128,0.6399637493342516,2.212702008004358,0.8650752672746274,0.7169806365619124
"Luzardo, Jesús",CH,opposite,520,0.45725597736965723,1.8618240818064302,0.6673407260357275,0.7086688867750415
"Luzardo, Jesús",CH,same,19,-0.08829010378955518,1.9113119285641011,0.7122422894943835,0.7097697073133815
"Luzardo, Jesús",FF,opposite,909,-0.24286840104774796,2.9429526006403783,0.7117160676966184,0.7737768422444258
"Luzardo, Jesús",FF,same,122,-0.29515152733879363,2.952754030398181,0.5184360734664958,0.7768528547351343
"Luzardo, Jesús",SI,opposite,171,0.32344589832238135,2.201711996431059,0.6384351549453862,0.652211157913551
"Luzardo, Jesús",SI,same,172,0.35958464865973455,2.3783580915666866,0.5758797473412792,0.607356546431323
"Luzardo, Jesús",SL,opposite,195,-0.5396340696047454,1.4931950887396703,0.8136255499541427,0.9389406797450923
"Luzardo, Jesús",SL,same,7,-1.0659366079243364,1.0648942448606333,0.8182684223201809,0.8092619566642262
"Luzardo, Jesús",ST,opposite,640,-0.005094807061639125,1.9351169579374303,0.7979492534963998,0.856836708995232
"Luzardo, Jesús",ST,same,370,-0.7163438656182365,1.815331578515171,0.8635337623896014,0.8832026247999462
"Lynch IV, Daniel",CH,opposite,195,0.37081580576982254,2.322062846983695,0.8690101765866206,0.7449869065380887
"Lynch IV, Daniel",CH,same,14,-0.09887465486311868,1.7377494734685341,0.7668539069483358,0.7917466875611693
"Lynch IV, Daniel",FF,opposite,177,-0.013998756991208079,2.947570156408797,0.8085527399659115,0.8674052781567747
"Lynch IV, Daniel",FF,same,70,-0.1393087629984863,2.7598503639372414,0.761515509199141,0.6477197257213546
"Lynch IV, Daniel",KC,opposite,103,0.07260667662210085,2.2301404690698052,0.7330376567507977,0.9917896744572643
"Lynch IV, Daniel",KC,same,4,0.646147214534802,2.36239977064532,0.3626510275280581,0.2514041176667835
"Lynch IV, Daniel",SI,opposite,77,0.14433583883257628,2.252813696075281,0.7434624559689669,0.7842357661840205
"Lynch IV, Daniel",SI,same,130,0.5089223057973139,2.4147884622609403,0.7834231873931524,0.7653261737423876
"Lynch IV, Daniel",SL,opposite,97,-0.5924834279665199,2.1038645282706696,0.7320694719781415,0.8335500516174243
"Lynch IV, Daniel",SL,same,221,-0.5087808984139438,2.1817293570493366,0.803844055643407,0.8446740630854873
"López, Jorge",FF,opposite,96,0.15719322102719874,2.4675830787813706,0.7970812275948735,0.8646431503435409
"López, Jorge",FF,same,1,-0.3209409502031263,1.7636659840346065,0.0,0.0
"López, Jorge",KC,opposite,60,0.06737659102622091,1.9556516202476233,0.7492085729208762,0.8931771651680644
"López, Jorge",KC,same,5,-0.6145635331476685,2.7650368158073584,1.4811308863040904,1.8946422472531377
"López, Jorge",SI,opposite,8,0.6453344350099752,2.07505318510364,0.6947024937437141,1.0583627589208282
"López, Jorge",SI,same,99,-0.38529067270024864,2.7271417165883323,0.6884643973408129,0.7538656996449008
"López, Jorge",SL,opposite,6,-0.49710600848731606,2.6730594599842825,0.9543771746288805,1.089765949352453
"López, Jorge",SL,same,74,0.4345693830918795,2.01843594599706,0.6372196416140019,0.8350251429062354
"López, Pablo",CH,opposite,202,-0.649460635573077,1.7478308646402585,0.6577450493423825,0.760929649637934
"López, Pablo",CH,same,65,-0.3442007169680389,1.7122696971761682,0.6729129388628344,0.629803157970043
"López, Pablo",CU,opposite,79,-0.18634409930360885,1.23655688968932,0.6994263609099449,0.8853506242226781
"López, Pablo",CU,same,45,0.05925425430021997,1.3337966397707495,0.7640643872522462,1.0534045985132383
"López, Pablo",FF,opposite,332,-0.2360731566487647,2.7961635668776332,0.6338572920937378,0.6918765977505362
"López, Pablo",FF,same,186,-0.14421908538315473,2.718363904128918,0.6687412507532599,0.7073727381018041
"López, Pablo",SI,same,82,-0.7434928863756763,2.1792480824765397,0.7631795658112642,0.5584453798269218
"López, Pablo",ST,opposite,92,0.3842378249461661,2.0130759595343126,0.7843606757992595,0.7659926316508062
"López, Pablo",ST,same,175,0.8187152454856461,1.9672439499859937,0.8417918624079468,0.7806986465984906
"Maeda, Kenta",FS,opposite,21,-0.4808068118045587,1.555134542168692,0.9564741318688477,0.7173033636170841
"Maeda, Kenta",FS,same,41,0.19289659999105482,1.6167328734208315,1.270716489354457,1.0532215916814376
"Mahle, Tyler",FC,opposite,48,-0.25092581485794735,2.4803146180204165,0.6932183871312283,0.8114371989197187
"Mahle, Tyler",FC,same,124,0.640147760998535,2.222882653951369,0.5349297169925693,0.7774453080806336
"Mahle, Tyler",FF,opposite,286,-0.13883320406294028,3.1494593639882917,0.6612354765660239,0.7089975935030334
"Mahle, Tyler",FF,same,398,0.2697919452593935,3.0467531439541444,0.5637699285604948,0.7783783369325625
"Mahle, Tyler",FS,opposite,235,-0.5652036546237893,2.0113638512944085,0.5664749473675157,0.6744107610231801
"Mahle, Tyler",FS,same,148,0.09063165156383532,1.7852642684083022,0.5641293398856742,0.730491393136124
"Mahle, Tyler",SL,opposite,26,-0.07845068231437216,2.101713286254098,0.7586934556106159,0.7328639159749982
"Mahle, Tyler",SL,same,116,0.7093682745095975,1.8558486339951092,0.4819357819452623,0.949083375080394
"Maldonado, Anthony",FF,opposite,16,-0.47568669086092635,2.9657276546983287,0.815155266748744,0.9948377671782362
"Maldonado, Anthony",FF,same,46,0.4072233333564678,3.015587636981135,0.8307677004557225,0.684487660747363
"Maldonado, Anthony",SL,opposite,12,0.2506727780585003,1.8329510372284432,0.9250822713225796,1.2784417942035007
"Maldonado, Anthony",SL,same,55,0.7686105940778981,1.3912701875951257,0.8860467264088095,1.003382746433797
"Manaea, Sean",CH,opposite,57,0.7665546119199371,2.03778035573559,0.6954839522472126,0.9790278785912835
"Manaea, Sean",CH,same,4,0.7188079798512108,2.1883791608612606,0.19119804045992111,0.494181906072339
"Manaea, Sean",FF,opposite,492,0.2585286638443385,2.8921561664367035,0.7175128274932122,0.5931890742482517
"Manaea, Sean",FF,same,171,0.10717875249830038,2.600547178090493,0.765412535431628,0.6435531206731632
"Manaea, Sean",ST,opposite,253,-0.16491443882121182,2.1018884891461855,0.9647358850897972,0.8072380608343743
"Manaea, Sean",ST,same,118,-0.6008508308270966,2.080110567927874,0.9244036766128544,0.7631395599051206
"Mantiply, Joe",CH,opposite,51,0.6266374892600741,1.8950974563914191,0.8696553753710639,0.6172508114912136
"Mantiply, Joe",CU,opposite,31,0.1376435487892083,2.187617907848387,1.1365619375332872,0.7455000994735604
"Mantiply, Joe",CU,same,38,-0.1763828740367054,1.800951598267032,0.8141163933125831,0.5492220470102516
"Mantiply, Joe",SI,opposite,26,0.08514299399361445,2.4911271489595777,0.8325033440120788,0.6903080958910176
"Mantiply, Joe",SI,same,42,0.3778442293282428,2.323467550434798,0.7719578032055696,0.5645684301917732
"Marinaccio, Ron",FF,opposite,26,-0.2638032944898991,2.6669942022456814,0.8826930749908433,0.8143435515103139
"Marinaccio, Ron",FF,same,53,-0.008577766497694107,3.0139271550418294,0.881357499752562,0.7383318075289903
"Martin, Chris",FC,opposite,99,-0.20254368024909092,3.079706812343343,0.6354604607614777,0.7533270582305206
"Martin, Chris",FC,same,131,0.21320695769730266,2.533207487333978,0.6309955269444738,0.5424478108196773
"Martin, Chris",FF,opposite,82,-0.11509439316523733,2.6653783317853903,0.6118709485115995,0.8481623675498183
"Martin, Chris",FF,same,107,0.06304433882724314,2.9110239031010554,0.6265688085338423,0.7984323263187968
"Martin, Chris",FS,opposite,65,-0.15339432861195745,1.4969309101375954,0.5487509674785116,0.8194945653702962
"Martin, Chris",FS,same,50,-0.24371662198009247,1.3409182072028114,0.510659135992272,0.9335348475657412
"Martin, Chris",SI,opposite,6,-0.1626887434214083,1.9370629060634925,0.45086228665027966,0.7793729860082663
"Martin, Chris",SI,same,86,-0.6256079845499652,2.407027014097058,0.6591295298795523,0.6595124247742411
"Martin, Corbin",CU,opposite,31,0.142219733678528,1.6199502625899798,0.6615162145917445,0.930417972414303
"Martin, Corbin",CU,same,36,0.24352840381640334,1.2709204991818264,0.7274116077514617,1.0973497558542455
"Martin, Corbin",FF,opposite,79,-0.05131205281722159,2.7157601460633205,0.6716229369240037,1.0299301843249433
"Martin, Corbin",FF,same,68,-0.17055751116964257,2.8451114114267435,0.6495250291633511,0.9517647912504722
"Martin, Corbin",SL,opposite,37,0.6053677936144407,2.3764177643178193,0.7482865603776505,0.9176293012971843
"Martin, Corbin",SL,same,71,0.6223383807132705,2.3521526030663584,0.8190782273837421,0.956113838996583
"Martin, Davis",CH,opposite,406,-0.18403635853294217,1.8393721956871236,0.7571791447136151,0.8202634979769594
"Martin, Davis",CH,same,157,0.06284095683690367,1.7710570904915357,0.7918486555831549,0.7829063153225644
"Martin, Davis",CU,opposite,100,-0.3614906746368743,2.140431852311338,0.8946487390135807,1.0507344883515006
"Martin, Davis",CU,same,11,0.21301175459318555,1.85683987908442,0.8916598808021845,0.6956500445675375
"Martin, Davis",FF,opposite,429,-0.021133390346787836,2.9148224143322983,0.7225698381309633,0.7814862290762872
"Martin, Davis",FF,same,326,0.2087825376104274,2.9141705311966377,0.7755404028640136,0.7755613095403218
"Martin, Davis",SI,opposite,47,-0.10662005635700587,2.4400120392867626,0.6502435957508966,0.6331279000952365
"Martin, Davis",SI,same,195,-0.13709139171132426,2.286595231270338,0.6813505997062926,0.6873584171807177
"Martin, Davis",SL,opposite,173,0.25592612036114865,2.376889032503478,0.7512154720283355,1.0667607989307704
"Martin, Davis",SL,same,324,0.8549610230504486,1.7369888229829757,0.7117625002802228,0.82060190434742
"Martin, Davis",ST,opposite,11,0.20290097997954515,1.8553664839928983,0.7911865963801894,0.959780189755815
"Martin, Davis",ST,same,87,0.4552901009949486,1.8291828445830052,0.7534062004222337,0.8352478360182712
"Martinez, Justin",FF,opposite,55,0.1265110225961538,2.50106492764247,0.8508214110979683,0.9055884258497862
"Martinez, Justin",FF,same,16,0.21237088851344393,2.8456980631152153,1.2159805399551926,1.1410265853733805
"Martinez, Justin",FS,opposite,73,-0.254998079344959,2.0941069526712495,1.0930071542109006,1.2009828726839655
"Martinez, Justin",FS,same,13,-0.39807743447864125,2.2899771287269393,1.1395603778701833,1.1469088458202605
"Martinez, Justin",SI,opposite,32,-0.11058383279335639,2.2212315063516592,0.7366772113354967,0.8574968398873608
"Martinez, Justin",SI,same,55,-0.5532310707834537,2.599165195697413,0.7032377870831397,0.71188628223976
"Martinez, Nick",CH,opposite,323,-0.4455948867195025,1.8838539640295833,0.5326488834704437,0.9926280752434442
"Martinez, Nick",CH,same,192,-0.04998863941714037,1.9853650377973795,0.5843061777905811,1.1412640255059525
"Martinez, Nick",CU,opposite,154,-0.11739196970650277,1.7804616349549156,0.5615475727141006,1.216042284710857
"Martinez, Nick",CU,same,129,0.21108911742250214,1.9835191606481615,0.4955477603505654,1.1827280171782688
"Martinez, Nick",FC,opposite,301,0.06214061924027225,2.5710848580392485,0.6826999918065642,0.8009534497635799
"Martinez, Nick",FC,same,244,0.5658402099425156,2.2104583607777033,0.48510435810981634,0.735720625033316
"Martinez, Nick",FF,opposite,354,-0.140701755686131,3.025474367930764,0.638615617791606,0.7905821571334862
"Martinez, Nick",FF,same,188,0.129664183505489,2.855056762448455,0.5563088249957192,0.7647074147581996
"Martinez, Nick",SI,opposite,67,-0.1976512917684372,2.623635058132119,0.8006747788363062,0.6950438733703007
"Martinez, Nick",SI,same,374,-0.3264312281871119,2.621916656965265,0.6631910417456158,0.8271780216367505
"Martinez, Nick",SL,opposite,55,0.04307406734904981,1.7994886891196336,0.7243632937551427,0.9594798906547586
"Martinez, Nick",SL,same,213,0.5680253282561696,1.6518878570042497,0.5499459917504333,0.7814729546196381
"Maton, Phil",CU,opposite,165,-0.08657110869319436,2.0536562531039197,0.8875590962581298,0.6532352506135706
"Maton, Phil",CU,same,220,0.7052913828072013,2.0075158686498047,0.89896134936667,0.7089578204693476
"Maton, Phil",FC,opposite,169,-0.2234816769732932,3.007746211133184,0.8385429375816785,0.7417078613664881
"Maton, Phil",FC,same,194,0.3247681461727203,2.920925838683535,0.7124027132403695,0.6947212254493568
"Maton, Phil",SI,opposite,51,-0.4537717861954913,2.610074062464535,0.6408993583267187,0.6097275477133279
"Maton, Phil",SI,same,71,-0.07894160094699763,2.116338870886477,0.9191529503002135,0.7179179478820142
"Maton, Phil",ST,opposite,60,0.3220635071478809,2.3391123211105413,0.7052190043387037,0.6169773094759632
"Maton, Phil",ST,same,78,0.6234786723683118,2.1608399142340584,0.8731704726378289,0.6959967337239303
"Matsui, Yuki",FF,opposite,225,0.027901089956441225,2.729816758875196,0.6892774031493218,0.9026444293081056
"Matsui, Yuki",FF,same,195,-0.09826561832958633,2.748580736236394,0.6572846786518459,0.8527843351959055
"Matsui, Yuki",FS,opposite,274,0.4310914216484243,1.5460769973029442,0.7130212154732833,0.9543709620602308
"Matsui, Yuki",FS,same,68,0.20589062837304214,1.6616826736671702,0.6771028185400948,1.0922107833205863
"Matsui, Yuki",SL,opposite,64,0.12700627712029586,2.280050888305915,0.5827223409872789,0.9257529714765582
"Matsui, Yuki",SL,same,105,-0.2871376066613645,1.9378206022159872,0.7532207622918384,1.0521037487975757
"Matsui, Yuki",ST,opposite,48,-0.16063997567907037,2.208149335611777,0.7455423669285187,0.9503555154168813
"Matsui, Yuki",ST,same,66,-0.6856682485965784,2.1191550651236857,0.7215381003490714,1.1052517469640601
"Matthews, Zebby",CH,opposite,104,-0.5963514571813957,1.9533533663583447,0.7588357625498725,0.7939043087827722
"Matthews, Zebby",CH,same,39,-0.23422431659761897,2.0429056563544177,0.846509085013138,0.7574269259621773
"Matthews, Zebby",CU,opposite,41,0.1157113134984227,1.4526140434379922,0.8069778535750645,1.224344737689893
"Matthews, Zebby",CU,same,37,0.4778248139837588,1.8461045634630364,0.7911333987375169,0.9501211553081328
"Matthews, Zebby",FC,opposite,103,0.25911207485620236,2.301139468002939,0.748019418852926,0.752018926019711
"Matthews, Zebby",FC,same,72,0.23118302387743808,2.470571477105881,0.6686227710215465,0.7144532603208766
"Matthews, Zebby",FF,opposite,294,-0.028702136556988223,2.843297210217242,0.7077893834587451,0.7212260277638889
"Matthews, Zebby",FF,same,263,0.20392901023853863,2.889069559022806,0.6210113515100716,0.7154837489014224
"Matthews, Zebby",SI,same,58,-0.38545731103295944,2.252350966885448,0.7115070657265966,0.6119828386019786
"Matthews, Zebby",SL,opposite,141,0.23816567859504884,1.3625413479031432,0.6482079907410967,0.793124049915993
"Matthews, Zebby",SL,same,201,0.663682680088068,1.7314356265803736,0.7791260099375722,0.7937505121117121
"Mattson, Isaac",CH,opposite,74,-0.5107335336974186,2.0992096467459636,0.6989807436909942,0.9852352667786856
"Mattson, Isaac",CH,same,16,-0.22381379306165766,2.0150138504758424,0.6165831311046454,1.0613567381294298
"Mattson, Isaac",FF,opposite,314,-0.21757229822688184,2.931921345664952,0.7093925834783359,0.8453740129803602
"Mattson, Isaac",FF,same,296,0.0014848943660244797,2.8749301003026075,0.6767241777797389,0.777293287720419
"Mattson, Isaac",SL,opposite,6,0.371904663715837,2.0162409245425787,0.6390140432607935,1.372885323650946
"Mattson, Isaac",SL,same,62,0.3980464600539768,2.2166655728372593,0.700221112764716,1.0193650141686144
"Matz, Steven",CH,opposite,190,0.48106302605346635,1.813594255315512,0.6902055332052883,0.7837231502362714
"Matz, Steven",CH,same,34,-0.044924606939964806,1.8023445619553193,0.8257739681100392,0.81613370127723
"Matz, Steven",CU,opposite,124,-0.033619485036661206,2.202019534834852,0.8414062409680406,0.9685095526782619
"Matz, Steven",CU,same,132,-0.3202682518038024,1.9617761706159902,0.8387006645004625,0.9060721268933457
"Matz, Steven",SI,opposite,372,-0.025641414796435596,2.931009838084698,0.646147610460494,0.6966639696597511
"Matz, Steven",SI,same,326,-0.17014145754742982,2.7458785647625965,0.660249480214992,0.6801899617558426
"Matzek, Tyler",FF,opposite,51,0.07342030085575586,2.6529746238705996,0.6953394732136783,0.7772364261577548
"Matzek, Tyler",FF,same,25,-0.004183762854097617,2.534565649393279,0.6224763046118152,0.8818721521353833
"Maxwell, Zach",FF,opposite,29,-0.26025665099100714,2.683151872181,0.6981573680911879,0.7780639227445545
"Maxwell, Zach",FF,same,65,0.25668326319921075,2.287268348692118,0.7450625756200171,0.9861377285791622
"May, Dustin",FC,opposite,155,0.456829537348221,2.447991563708879,0.7655770735478226,0.8390198894059614
"May, Dustin",FC,same,55,0.41459601260090784,2.50370316191211,0.623220182431091,0.7410379790577917
"May, Dustin",FF,opposite,271,-0.32721671851420053,3.199595596048265,0.7426628857916046,0.7737023149799143
"May, Dustin",FF,same,90,0.029407242774711677,3.229930897624497,0.7033615465995606,0.7700686934517461
"May, Dustin",SI,opposite,358,-0.20378477613741292,2.3954559712455183,0.8330606766084454,0.6583874673197949
"May, Dustin",SI,same,369,-0.2330483117778955,2.2712103024639285,0.779932505678492,0.6537853081637722
"May, Dustin",ST,opposite,493,-0.26515420236804244,2.1219055208878177,0.9478888790194041,0.6869450014436566
"May, Dustin",ST,same,360,0.4661171903989834,1.9905844047429386,1.0418529342772793,0.7576624106464888
"Mayza, Tim",SI,opposite,114,0.22375189216064767,2.1616365970396876,0.7700478824009671,0.756420598493256
"Mayza, Tim",SI,same,86,0.09583409120766256,2.01828669015527,0.7191276734721268,0.7562976107995931
"Mayza, Tim",SL,opposite,56,-0.25501096596682005,1.6583373235282248,0.8143177159876083,0.9363697020446032
"Mayza, Tim",SL,same,34,-0.5815994302013422,1.776977376725265,0.6272598590944117,0.738261118059804
"Mazur, Adam",CU,opposite,39,-0.221986991805461,1.67544265809323,0.6771467380321199,0.9180719018270159
"Mazur, Adam",CU,same,14,0.0847935032250107,1.6385362069076888,0.4874688002315579,0.858892033427135
"Mazur, Adam",FF,opposite,69,-0.31665515561875746,3.0074011317495857,0.628328065070723,0.8812899635141828
"Mazur, Adam",FF,same,48,0.10728528867956504,3.098580802892876,0.6248319878415004,0.8518754593685307
"Mazur, Adam",SI,opposite,32,-0.3771713072526448,2.5066213905451553,0.6169109430386264,0.938449079448152
"Mazur, Adam",SI,same,46,-0.49761913528456153,2.5583787856690043,0.6127747237309059,0.7847764823025417
"Mazur, Adam",SL,opposite,91,-0.0973556426333654,2.1056838991335383,0.6161371097407345,0.8829134801211771
"Mazur, Adam",SL,same,49,0.5618130021379683,1.946073435358119,0.6879082658939522,0.7765066307142153
"Mazur, Adam",ST,opposite,7,-0.1633610485310498,2.228551797815112,0.6909708598180629,0.6645207146064911
"Mazur, Adam",ST,same,53,0.61272035856525,2.0270972827176603,0.8208365006083228,1.0600375516904783
"McCormick, Chas",FA,opposite,33,-0.37445301897898964,2.7546940163763116,0.6832145115636681,0.9993456336090205
"McCormick, Chas",FA,same,17,-0.31920446575614797,3.2564964019014337,0.9416050258834333,0.9710371994312736
"McCullers Jr., Lance",CH,opposite,144,-0.15277406327454626,1.8639277352336119,0.7909555289124149,0.7697052844284312
"McCullers Jr., Lance",CH,same,51,0.035305673254789165,1.7027830289174537,1.0300753003559568,0.9252429032220681
"McCullers Jr., Lance",FC,opposite,41,0.015674175718916522,3.2382084397917703,0.8300604511612035,0.8093268669666874
"McCullers Jr., Lance",FC,same,11,0.9950596441863598,2.5740280086629954,0.7643787779386737,0.6950710568635841
"McCullers Jr., Lance",FF,opposite,28,-0.3375130221056235,3.1036835462222254,0.8891418435634749,0.8321858742397173
"McCullers Jr., Lance",FF,same,34,0.4260843890892736,3.0808428227865163,0.8377412446821084,0.9837344733562254
"McCullers Jr., Lance",KC,opposite,160,0.13916217864612274,1.7646563983963541,0.912897458841839,0.7808806743428134
"McCullers Jr., Lance",KC,same,28,0.33052666624642807,1.5233844135418584,0.958654045067107,0.9620936955493223
"McCullers Jr., Lance",SI,opposite,34,-0.003277742647948138,2.690554956643983,0.8014091567720757,1.1016634016986304
"McCullers Jr., Lance",SI,same,249,-0.016144098565427346,2.3417148759848527,0.8245971425550073,0.7761449915161536
"McCullers Jr., Lance",ST,opposite,138,-0.10179319707482934,2.544310407640506,0.8309231986422826,0.6774973005771109
"McCullers Jr., Lance",ST,same,229,0.6666184424243448,2.185523669359204,0.9553643001109338,0.8044446469737214
"McDaniels, Garrett",SI,opposite,54,0.14452519083992582,2.428053552037536,0.8185088452294774,1.0042788316520013
"McDaniels, Garrett",SI,same,25,0.44852318801993035,2.090613521003641,0.6539606939432865,0.8688822725834022
"McDaniels, Garrett",SL,opposite,55,-0.08300954829016541,1.886151789674881,0.8138386991603015,1.1845698400240754
"McDaniels, Garrett",SL,same,45,-0.2570654753629019,2.2297545928991016,0.8898121207440147,0.9519823481983277
"McDermott, Chayce",FF,opposite,58,-0.24210283495078228,2.770051008507039,1.0223106518197964,0.9031870756168499
"McDermott, Chayce",FF,same,47,0.13879882775889577,2.7862504707083784,0.9126787556816015,0.9604741221090612
"McDermott, Chayce",SL,opposite,16,0.10843435166471463,2.0854085219588527,0.823332025838551,1.1238604355682726
"McDermott, Chayce",SL,same,36,0.6489063872501041,1.980713950525626,0.8747960905464701,1.0980289384243775
"McDonald, Trevor",SI,opposite,33,-0.8509720034195155,2.673961300635373,0.6826751017459938,0.611516871938424
"McDonald, Trevor",SI,same,49,-0.0777452881253862,2.827386156228293,0.8207354029284355,0.7095939486163882
"McDonald, Trevor",SL,opposite,38,0.0053594804702134955,1.8701862528717665,0.9171350991076695,0.6996463601142298
"McDonald, Trevor",SL,same,69,0.5909161801293146,1.874953124584796,0.8955145927219983,0.9530242257462208
"McFarland, T.J.",SI,opposite,73,0.5339708694815224,1.88933786828439,0.8468442930638581,0.5756369660832074
"McFarland, T.J.",SI,same,66,0.07319488368271813,1.8932998267192418,0.9010427809602453,0.5109608548420982
"McFarland, T.J.",ST,opposite,53,-0.12102623102668714,1.9900261432311626,0.7507529131623457,0.5147791461794358
"McFarland, T.J.",ST,same,48,-0.36308272317836904,1.7678435959727201,0.8595816348271346,0.601246644418619
"McGee, Easton",CU,opposite,41,-0.27491415350807485,2.2260343798972766,0.780149562958618,0.9180392277676006
"McGee, Easton",CU,same,25,0.5018474471113773,1.5362547688318091,0.6747688679682455,0.574512845576721
"McGee, Easton",SI,opposite,33,0.0579707932825235,2.2728946561915437,0.732724700783844,0.5634797222495301
"McGee, Easton",SI,same,38,0.1905178197619943,2.391216467356727,0.790654301231822,0.5688675306592514
"McGough, Scott",FF,opposite,69,0.05802676560117912,2.4083899428615427,0.7731178695296425,0.8277803468276149
"McGough, Scott",FF,same,46,0.27059724986108014,2.518651633325112,0.6768900303472345,0.8263077601735899
"McGough, Scott",FS,opposite,60,-0.5103168344383395,1.495070758653949,0.7089578644019852,0.8583131569470006
"McGough, Scott",FS,same,39,-0.45157388504319523,1.797422832045682,0.6044056238489128,0.9218054879296999
"McGough, Scott",SL,opposite,26,0.2957679250398264,1.741002140235954,0.6871853722499426,0.8800459318558794
"McGough, Scott",SL,same,44,0.7852513117398097,1.7526480928043677,0.5499131503033097,0.7013102680758163
"McGreevy, Michael",CH,opposite,142,-0.7541425441251819,1.6959682546200767,0.6601378579744189,0.7104505465915838
"McGreevy, Michael",CH,same,5,-1.0302091926069377,2.738525586400455,0.6624637096478424,0.7664543164239658
"McGreevy, Michael",CU,opposite,113,-0.39005544875218523,1.4647543657932995,0.6787642850795402,0.7977981409244492
"McGreevy, Michael",CU,same,64,0.3406533828846591,0.9762140102507926,0.7362852999480423,0.855255259893562
"McGreevy, Michael",FC,opposite,127,0.05411299477991593,3.0956092032597264,0.5775295422590764,0.5665853362869353
"McGreevy, Michael",FC,same,17,0.5755989005600433,2.8264250466777447,0.5393488862258145,0.41460945191009557
"McGreevy, Michael",FF,opposite,277,-0.39606728845941414,3.040947466251049,0.6531415901780588,0.6890300590619094
"McGreevy, Michael",FF,same,96,0.11847828914624635,3.2624110773685207,0.579046116878185,0.7149708872236438
"McGreevy, Michael",SI,opposite,19,-0.49516405250767237,2.6689002195219738,0.596359806973984,0.7188523838451566
"McGreevy, Michael",SI,same,306,-0.16301783330179936,2.2659206905022407,0.605347288623873,0.6020290478089159
"McGreevy, Michael",ST,opposite,52,-0.23153179012536962,1.477618753307791,0.7955720648046201,0.675451484273619
"McGreevy, Michael",ST,same,244,0.6597660343616132,1.6149499171830686,0.7792803353217228,0.6787141197731322
"McKenzie, Triston",FF,opposite,44,0.02067440355263037,2.4435564898457764,0.5408454728438901,1.6195818667158814
"McKenzie, Triston",FF,same,55,0.08301275420191545,2.773669096621289,0.699723018580919,1.3921457294355402
"McLean, Nolan",CH,opposite,56,-0.3807982314333503,2.0006814661478596,0.9381035798914621,0.882542315437892
"McLean, Nolan",CH,same,8,-0.07405836006805885,2.0148828911337153,0.629604086488928,0.5717082031547867
"McLean, Nolan",CU,opposite,80,-0.42222473817695594,1.7599898412536201,1.1260252755387339,0.8162291614955531
"McLean, Nolan",CU,same,37,0.5612309809562656,1.3219277527885818,1.0935572369008681,0.7818814594972029
"McLean, Nolan",FC,opposite,56,0.21316287667801875,2.8878477617597444,0.7175503606748332,0.6222089460081724
"McLean, Nolan",FC,same,7,0.44869587442949566,2.5018471880195325,0.7406577258226017,0.5521553003421905
"McLean, Nolan",FF,opposite,48,-0.23012770698621046,2.8586947899609143,0.7346699372703606,0.8162256689546825
"McLean, Nolan",FF,same,50,0.01800458736443958,3.0070032086116822,0.7637788434605984,0.9299852254102097
"McLean, Nolan",SI,opposite,90,-0.2671179412067571,2.4192930488182265,0.6781433100551985,0.6800206760075828
"McLean, Nolan",SI,same,116,-0.3706669091116933,2.385406932416949,0.6799991468930826,0.7387884687789096
"McLean, Nolan",ST,opposite,86,-0.3099456054751172,2.2374693923946523,0.8865118704818888,0.7070292846322274
"McLean, Nolan",ST,same,104,0.2713905547883812,2.383365681145761,0.9573770908766563,0.6589720941552522
"Mears, Nick",FF,opposite,215,-0.24715752069152905,2.888934309425625,0.6134524672708727,0.8385992290292648
"Mears, Nick",FF,same,257,0.2825114027262559,2.7810601851035077,0.6417969502065217,0.8262171813140029
"Mears, Nick",SL,opposite,123,0.007357347883551596,2.0397154184578232,0.5045454556917387,0.8063453721859005
"Mears, Nick",SL,same,252,0.42195131692910814,1.7396627000237304,0.5986369217289205,0.902630680441637
"Mederos, Victor",FC,opposite,45,-0.1667780998764987,2.5905646427612514,0.8019830746652131,0.8251275785593107
"Mederos, Victor",FC,same,35,0.5615236260689106,2.001102701772249,0.8779341753526909,0.7287617687673908
"Mederos, Victor",SI,opposite,96,-0.5252019518072907,2.4965475048498242,0.8985087616129944,0.6270911811561438
"Mederos, Victor",SI,same,57,-0.39980619224144665,2.527172884801836,0.9225407005209133,0.5987324761924397
"Mederos, Victor",ST,opposite,22,-0.6145770478556029,2.5446157373527267,1.2281223398371788,0.6598946267986555
"Mederos, Victor",ST,same,41,0.674986264347385,2.209315426721998,0.9232865910966351,0.922283493373641
"Megill, Trevor",FF,opposite,275,-0.25697990086542116,2.6771983359259544,0.6571389586894888,0.8315562960592358
"Megill, Trevor",FF,same,221,0.09962514617166976,2.761551330122013,0.6552713457909022,0.8316742784718751
"Megill, Trevor",KC,opposite,161,0.24682474601003257,1.4571429360417874,0.6015634543352106,1.0199212214493274
"Megill, Trevor",KC,same,163,0.3181978449333567,1.6140828527020237,0.5526426447884333,1.1125790943655995
"Megill, Tylor",CH,opposite,78,-0.1627179169059269,1.5113642211267238,0.8051612485246485,0.9114343761409058
"Megill, Tylor",CH,same,11,0.537502350529831,0.6988075107160654,0.8340192825406226,0.6095846214325739
"Megill, Tylor",CU,opposite,56,-0.3525065874135769,1.7967161405065029,0.9839546174975128,0.9653804224436956
"Megill, Tylor",CU,same,30,-0.038023591343244595,1.7635083522959414,0.7476892913876731,0.9071289825324947
"Megill, Tylor",FF,opposite,280,-0.1744883522077845,2.879411908235829,0.764067598367692,0.7362874476450382
"Megill, Tylor",FF,same,242,0.2264984470169906,2.627949978796289,0.6698424347942876,0.6372196959698733
"Megill, Tylor",SI,opposite,58,-0.21426038321046972,2.2043102906258834,0.6988312198043701,0.7153011559345959
"Megill, Tylor",SI,same,183,-0.10023234944860034,2.2178938759455247,0.8407553969367411,0.736291384234791
"Megill, Tylor",SL,opposite,118,0.2608082709590676,1.2118026720521728,0.8936542170404503,0.9617590387860893
"Megill, Tylor",SL,same,165,0.4135681233825259,1.2474852531999174,0.7821760002994169,0.9204177920373406
"Mejia, Juan",FF,opposite,392,-0.00565166827708754,2.681552610154889,0.8429430763273227,0.8410593683575509
"Mejia, Juan",FF,same,329,0.29234188653312426,2.743409965243585,0.8818883273181266,0.8393930034208932
"Mejia, Juan",ST,opposite,102,-0.061926707200897775,1.951543548924236,0.9200727971264786,0.9211849773247502
"Mejia, Juan",ST,same,250,0.4935782769698295,2.0142753677003,0.9125419268200848,0.842445063123386
"Melton, Troy",FC,opposite,61,-0.05489700699138664,2.0873270813667055,0.754854894662674,0.5639862369754491
"Melton, Troy",FC,same,10,0.8894845757898576,1.7826628130473405,0.6680428523130608,0.8008338904891433
"Melton, Troy",FF,opposite,205,-0.22813650221431928,2.632359965781958,0.770673450306745,0.7833626729957918
"Melton, Troy",FF,same,141,0.0903952075567883,2.7842671554165053,0.6290589853684999,0.7917788991146084
"Melton, Troy",FS,opposite,64,-0.42546600307345817,1.8789285078617992,0.8885570313313454,0.9711854658483638
"Melton, Troy",FS,same,10,-0.14871111358403305,1.475427852814702,0.7854456206275385,0.754433494497015
"Melton, Troy",SI,opposite,2,-0.9748022209029374,2.328550681752304,0.014059894231641105,0.3551043583820653
"Melton, Troy",SI,same,84,-0.30926897168374917,2.011084056911986,0.6947235906981541,0.7254273534956712
"Melton, Troy",SL,opposite,55,-0.023100813647322988,1.7330570254282174,0.8164423016771374,0.745794469806972
"Melton, Troy",SL,same,112,0.475315360656361,1.6314774650379693,0.6874056293083353,0.793723827887694
"Merryweather, Julian",FF,opposite,88,-0.24134205561884714,2.7291931181961293,0.644707678732769,0.8565547930282847
"Merryweather, Julian",FF,same,74,0.18137515265380474,2.844580370139448,0.822379938362664,0.8293069035907003
"Merryweather, Julian",SL,opposite,75,-0.09482843740855759,1.9963422271158553,0.6548707028574398,1.0221118294025886
"Merryweather, Julian",SL,same,92,0.0852014744092143,1.936927748650472,0.6566090743885897,1.016468758180975
"Messick, Parker",CH,opposite,137,0.4288126733811201,1.6701263743274073,0.7345612886700134,0.8928041427274211
"Messick, Parker",CH,same,9,-0.3089823134161606,1.0341410538053657,0.9753055479349328,0.9759056585524339
"Messick, Parker",CU,opposite,68,-0.008153515009050268,1.6910854093406644,0.7356124821866397,0.8831551710738993
"Messick, Parker",CU,same,11,-0.8777533457341105,1.687993457087475,0.5714099773178469,1.4114599760148308
"Messick, Parker",FF,opposite,178,0.11438396863731667,2.970095467697955,0.6232589941505255,0.8112254650474484
"Messick, Parker",FF,same,47,-0.22075674761910144,3.0567041301247606,0.5821603099605215,0.7160446840663578
"Messick, Parker",SI,opposite,43,0.21219714711026183,2.0039783819158843,0.5510494177864856,0.6052054351078108
"Messick, Parker",SI,same,41,0.15674749039327532,2.198240065629802,0.5690373744674849,0.6083298168555491
"Messick, Parker",SL,opposite,44,-0.3192023478230283,1.9943475797946688,0.7211621730386806,0.9086126044733761
"Messick, Parker",SL,same,47,-0.7336448976979806,1.9870966606748737,0.5643709434720797,0.7278106879102123
"Mey, Luis",SI,opposite,152,-0.09510560281298629,2.2339387110106856,0.8850801832551195,0.8669815369679081
"Mey, Luis",SI,same,150,-0.08160434530311374,2.113956151554243,0.8251423884405387,0.828794271452515
"Mey, Luis",SL,opposite,30,0.05102458025702507,2.057317076918785,1.0194422403041852,1.1016441201099247
"Mey, Luis",SL,same,74,0.09015701228198175,1.8996184245567522,0.9328224848951258,1.015909612715062
"Meyer, Max",CH,opposite,152,-0.41364209178124456,1.909075299899362,0.7299067807749622,0.7037130349493599
"Meyer, Max",CH,same,28,-0.6637067356281741,1.9810560212532244,0.9676116198551217,0.7584443407038827
"Meyer, Max",FF,opposite,138,-0.18773309082926798,2.779017431078293,0.6896793627947215,0.8144815283653575
"Meyer, Max",FF,same,93,0.07709797982802502,2.934421877782095,0.5929968665682864,0.919720643853875
"Meyer, Max",SI,opposite,15,-0.09920287177942116,1.744978993309139,0.5336819141732232,0.6421421571699784
"Meyer, Max",SI,same,127,-0.4020374578624898,2.135236336534154,0.6894259389756772,0.7291745576278325
"Meyer, Max",SL,opposite,197,-0.03530861162748107,1.8083343315400902,0.6720036996787155,0.8199371898462258
"Meyer, Max",SL,same,170,0.12149912164275783,1.6762376246659798,0.7172230286041347,0.9158922766983063
"Meyer, Max",ST,opposite,29,0.07844783946249054,1.9873047972373141,0.7304830374365455,0.8840792460229
"Meyer, Max",ST,same,90,0.08596825000368598,2.0146189042830365,0.7443196735457684,0.7744134366106361
"Mikolas, Miles",CH,opposite,248,-0.3725721449538058,2.017946625322522,0.6419384742931357,0.7461137470888849
"Mikolas, Miles",CH,same,37,0.02267686282710632,1.8732767466433706,0.7116232743381307,0.8167206115531117
"Mikolas, Miles",CU,opposite,256,-0.053366418058058356,2.031521709418855,0.776883221620697,1.0401959692390947
"Mikolas, Miles",CU,same,174,0.44019714961202466,1.807709178984292,0.8985760696692556,1.0778984622467291
"Mikolas, Miles",FF,opposite,430,-0.1667636672044727,2.7655810824651863,0.5720150625438704,0.8358544034736917
"Mikolas, Miles",FF,same,257,0.10623200302460575,2.843455695901642,0.5932756465835574,0.8653006876849201
"Mikolas, Miles",SI,opposite,114,0.1892685221486901,2.747673765128732,0.6428037828897725,0.7247504992110285
"Mikolas, Miles",SI,same,307,-0.08000383790654912,2.6112618986596465,0.7795177587516631,0.6407189195169899
"Mikolas, Miles",SL,opposite,291,0.5110569558882703,2.731882302834029,0.6536743224006862,0.8041355929436961
"Mikolas, Miles",SL,same,289,0.6150635253428578,2.152362987841655,0.5612840768094941,0.7537475537113754
"Mikolas, Miles",ST,opposite,10,0.701363112208113,2.1176658974514924,0.7383113559984051,0.7979462936080451
"Mikolas, Miles",ST,same,61,1.068371736781558,1.9679325531313845,0.6776802511927404,0.8233175983399432
"Miley, Wade",FC,opposite,56,-0.44741041917817054,2.2759674822243103,0.7226722399546063,0.9161050432589419
"Miley, Wade",FC,same,14,-0.14522677109742066,2.1959536175498933,0.6788263326471655,0.5578077802193583
"Miller, Bryce",FF,opposite,363,0.13466499904721288,3.021970376177388,0.6697310506444014,0.7875714809135763
"Miller, Bryce",FF,same,351,0.30878330743092974,2.9275838377362473,0.6570996539892032,0.7292693115266881
"Miller, Bryce",FS,opposite,197,-0.33136434845851914,2.0330976249345434,0.7390360682398419,0.7897164432505496
"Miller, Bryce",FS,same,129,0.029120630011711925,1.95318704865125,0.74079448077699,0.9946533283830039
"Miller, Bryce",KC,opposite,116,0.3716372147382473,1.3671500278242783,0.7269446142874764,0.8702825102948462
"Miller, Bryce",KC,same,59,0.6435072851350836,1.8024079451399697,0.752711380329873,0.9715829502087779
"Miller, Bryce",SI,opposite,62,0.06696586648567816,2.0847052510798303,0.6511773316901946,0.8674232415374479
"Miller, Bryce",SI,same,225,0.10841017880747755,2.313345158353046,0.666852607983631,0.7019504490310772
"Miller, Bryce",SL,opposite,43,0.016573923014062283,2.572988976206474,0.8185837170464229,0.9951347284465327
"Miller, Bryce",SL,same,96,0.6013132272645931,2.450670410534795,0.7153317949497602,0.9495551275863838
"Miller, Bryce",ST,opposite,9,0.36926061930416476,2.485746657421308,0.9485492883405325,1.0099811414262396
"Miller, Bryce",ST,same,68,1.0764412643779817,1.8805574091524446,0.7722320028576499,0.9978680546079176
"Miller, Erik",CH,opposite,117,0.07457577600167799,1.7537193017125432,0.8275821708060912,0.8103368178766996
"Miller, Erik",CH,same,7,-0.6719770564973514,1.0997369851551835,1.0983647127394949,0.9645412191016705
"Miller, Erik",FF,opposite,119,-0.08427417301628329,3.2318738027869487,0.8206324581476176,0.7992113960531961
"Miller, Erik",FF,same,48,-0.5040114667965766,3.1203534271248814,0.7378684788566369,0.7611632430031469
"Miller, Erik",SI,opposite,17,-0.3551734300376005,2.617649545445649,0.6639201209842784,0.9664508594725206
"Miller, Erik",SI,same,67,0.2616801932257839,2.717453811037837,0.7680406673736182,0.6416305321507263
"Miller, Erik",SL,opposite,44,-0.42210214904176974,1.9412654679904677,0.7859982458337909,0.9103966824726297
"Miller, Erik",SL,same,63,-0.7352623574557194,1.734385674593313,0.9889035741410432,0.848066459159455
"Miller, Mason",FF,opposite,229,-0.046248241404122474,3.180585187267984,0.7734263335788295,0.8875742200627668
"Miller, Mason",FF,same,289,0.14769090332557558,2.9888981409728426,0.6101857996983249,0.876568500497942
"Miller, Mason",SL,opposite,184,0.07787396272340828,2.1886310150524735,0.8837821866445349,0.9280438398604258
"Miller, Mason",SL,same,275,0.5922471923554521,2.042499592948534,0.9304006269419585,0.9498594827469665
"Miller, Shelby",FF,opposite,235,-0.3154546537692181,2.6547583987253134,0.7598066375550282,0.7443622290614385
"Miller, Shelby",FF,same,200,0.0990098155866315,2.7474236369142613,0.6261291582274441,0.7343210661770804
"Miller, Shelby",FS,opposite,128,-0.38330750261277274,1.5422095612237956,0.7529171441478929,0.900696160643174
"Miller, Shelby",FS,same,75,-0.1676807400209756,1.4835644305223448,0.6374327780005447,0.9329388564882546
"Miller, Shelby",ST,opposite,1,0.5467555623262763,2.039619764689568,0.0,0.0
"Miller, Shelby",ST,same,58,0.6198983934989257,1.9154078398200165,0.7600049970608121,1.0066227990962553
"Milner, Hoby",CH,opposite,182,0.6082876822231597,1.5152201293417797,0.7071323199064423,0.5009362099125414
"Milner, Hoby",CH,same,19,-0.14462561332936302,1.4994166328370995,0.6878084469310707,0.45982411185743816
"Milner, Hoby",FF,opposite,134,-0.1830349304409873,3.268219919526239,0.6497726174224931,0.5349230323593958
"Milner, Hoby",FF,same,30,-0.07339749911066748,3.2797000349017025,0.690785098014995,0.5494352954398259
"Milner, Hoby",SI,opposite,172,0.11860567301227547,2.277214985924866,0.7985379848796816,0.5423688954163954
"Milner, Hoby",SI,same,214,0.005565742198911315,2.3484807261735337,0.730599646860106,0.47813311744963816
"Milner, Hoby",ST,opposite,188,0.5014839070149273,1.9656685022344387,0.9047478521641156,0.5397600467133944
"Milner, Hoby",ST,same,218,-0.3436924822713384,2.0255033506423725,0.8507005131944315,0.5365908940048162
"Minter, A.J.",FC,opposite,45,-0.6408365226158365,1.677640021535256,0.734742605987962,0.9186419465188782
"Minter, A.J.",FC,same,43,-0.5742497927647466,1.9199253250506232,0.7603081908256588,0.7213540320671101
"Minter, A.J.",FF,opposite,58,0.5182869653565195,2.6814949651616553,0.6983300197056953,0.7081290963068008
"Minter, A.J.",FF,same,21,-0.1755735626384196,2.5322878602075214,0.5764437756354549,0.6296779288589779
"Misiewicz, Anthony",FC,opposite,32,0.1464643759456896,2.476736329360901,0.6621027154041003,0.8321707567141872
"Misiewicz, Anthony",FC,same,32,-0.18381980544533866,1.9856637543423923,0.6527129589750643,0.9244038172139389
"Misiorowski, Jacob",CH,opposite,67,-0.7726148284040399,2.015928240377484,0.7749459700622169,0.8485307085944201
"Misiorowski, Jacob",CH,same,4,-0.12893648834567395,2.062012135641164,0.5846637260071462,0.8126209290709302
"Misiorowski, Jacob",CU,opposite,118,-0.06279785439986339,2.0528266280526757,0.8485762652976124,0.8808191203479441
"Misiorowski, Jacob",CU,same,90,0.22237524767710343,1.9957895202130962,0.9411316114098749,0.8719038055153926
"Misiorowski, Jacob",FF,opposite,392,-0.10058341171235631,2.9119736402873944,0.7208652812078049,0.789369028465532
"Misiorowski, Jacob",FF,same,327,0.2490467757474284,2.8495833152205234,0.7513206021406189,0.7110414672402533
"Misiorowski, Jacob",SL,opposite,126,0.1367029011740833,2.407374379195397,0.8572425359302313,0.6936438883848359
"Misiorowski, Jacob",SL,same,224,0.41942136869997687,2.45100992041749,0.7339888820664964,0.6937924980474833
"Mize, Casey",FF,opposite,566,-0.17945299083352773,2.914235108489263,0.6840673568747543,0.8719679996871019
"Mize, Casey",FF,same,264,0.420344735457152,2.8454281712910277,0.6166187082221265,0.8705920233096327
"Mize, Casey",FS,opposite,439,-0.33732612621382657,1.7233103455364094,0.6398389733874328,0.8276620182404925
"Mize, Casey",FS,same,171,0.047263747934333654,1.7392104657373892,0.6170779329605529,0.8516184448476556
"Mize, Casey",SI,same,307,-0.40310183759329454,2.6051044349985135,0.5462579836043601,0.6982111807289669
"Mize, Casey",SL,opposite,277,-0.3060905252177988,2.5055924431015684,0.6180696428228677,0.7608169237756439
"Mize, Casey",SL,same,129,0.6698362361908198,2.2820512186466244,0.5839097493313563,0.7132992555016383
"Mize, Casey",SV,opposite,83,0.147047875783027,2.0107707190034616,0.8486485943134872,0.9253231163077458
"Mize, Casey",SV,same,233,0.7699873546696008,1.8551968572752053,0.8130476525511678,0.9593203174066341
"Mlodzinski, Carmen",CU,opposite,85,-0.09201247382193706,1.7958715576558053,0.7365798646672016,0.8531578026322743
"Mlodzinski, Carmen",CU,same,61,0.06014069012322826,1.8569056923961476,0.8244883710974861,0.8941297113256992
"Mlodzinski, Carmen",FF,opposite,347,-0.12583534381027306,2.873762625750033,0.7826589051591475,0.7658972509633796
"Mlodzinski, Carmen",FF,same,249,0.32208820114434483,2.7028714005554995,0.7867311922798988,0.7205823077066306
"Mlodzinski, Carmen",FS,opposite,187,-0.6392465898038766,1.8059367384823675,0.8234982502711832,0.8527942167807154
"Mlodzinski, Carmen",FS,same,63,-0.5057177967983973,1.629131471722747,0.7893387775417633,1.007841428643914
"Mlodzinski, Carmen",SI,opposite,11,-0.09342252830699596,1.893355542962535,0.9984211924831571,0.5839440627895305
"Mlodzinski, Carmen",SI,same,238,0.009840471754816442,2.044217599442734,0.8116857285494881,0.6187435733386728
"Mlodzinski, Carmen",SL,opposite,86,-0.13981838242808314,1.8800039477231347,0.598969208258897,0.6681482840206533
"Mlodzinski, Carmen",SL,same,146,0.5102463877049424,1.7978599204613908,0.7744908254103986,0.7411393540803285
"Mlodzinski, Carmen",ST,opposite,77,-0.34951901423193854,2.2026377992029693,0.8009937092366722,0.6005905806536354
"Mlodzinski, Carmen",ST,same,96,0.3620963939274964,2.2468844702624136,0.8515965166849964,0.733615045348968
"Molina, Anthony",CH,opposite,104,-0.456177991551342,1.721909937075798,0.6135419525254675,0.873813924040024
"Molina, Anthony",CH,same,6,-0.013461736803171531,1.434474114916427,0.5855959194266392,1.2881765472176825
"Molina, Anthony",CU,opposite,31,-0.01022578219402176,1.224708165271858,0.47700238182955235,1.0244034779356497
"Molina, Anthony",CU,same,60,0.7431001085988576,1.0819279655369745,0.5350118120809484,0.9859637383402247
"Molina, Anthony",FF,opposite,141,-0.08898650995538329,2.481923004358825,0.6666825270876712,0.868107321259182
"Molina, Anthony",FF,same,129,-0.0025008772038133615,2.574817970483446,0.7877194116906241,0.7681886196409805
"Molina, Anthony",SL,opposite,3,-0.4650498127953811,1.93928257930744,0.27051961246311584,1.095780040772281
"Molina, Anthony",SL,same,84,0.7255033191423794,1.5797537276240319,0.5620579082185027,0.8276467950944876
"Moll, Sam",FF,opposite,39,0.3332030476916813,2.782737757823052,1.3937299476352485,0.8327458830512312
"Moll, Sam",FF,same,33,-0.4327837792927718,2.5376034140753947,0.8107545324486828,0.6897121740354489
"Moll, Sam",SI,opposite,38,0.12981957187233828,2.154836357994873,0.9350635704884468,0.8518038926252014
"Moll, Sam",SI,same,38,0.03101082004411551,2.580268654784182,0.8205839694797216,0.8565953832103228
"Moll, Sam",ST,opposite,32,-0.19713587432697421,1.9530186016192137,0.8977633602310661,0.6448444539029342
"Moll, Sam",ST,same,116,-0.44624720686370245,1.8125765771073152,1.0849653725641761,0.6620806694357206
"Montas, Frankie",FC,opposite,54,0.3989527655342123,2.892669953701914,0.6546500371250596,0.8036333919308318
"Montas, Frankie",FC,same,18,0.78426083965963,2.192269692556684,0.7461576095804373,0.8571729293176371
"Montas, Frankie",FF,opposite,94,-0.1158713084343397,2.8977396111217413,0.6937855807171656,0.7913909759898247
"Montas, Frankie",FF,same,84,0.2363285497121537,2.9442707298627377,0.7500527795795217,0.7211818792239058
"Montas, Frankie",FS,opposite,84,-0.2614409717957361,1.2738711643948868,0.6340728538968747,0.886783283404317
"Montas, Frankie",FS,same,62,-0.10051607643046975,1.1184018349144413,0.6309001968257842,1.010553899288976
"Montas, Frankie",SI,opposite,33,0.19115788034941297,2.156491465248551,0.667179406164241,0.8842591059315725
"Montas, Frankie",SI,same,91,-0.32885062318308583,2.4470159657968997,0.7411147116511727,0.6935812726894969
"Montas, Frankie",SL,opposite,29,0.43252172930104055,1.2894955093527842,0.8045814719219251,0.7953692442582099
"Montas, Frankie",SL,same,70,0.7316589108128956,1.5997734304697957,0.61378018639462,0.6923724028866043
"Montas, Frankie",ST,opposite,45,-0.0805628536835196,2.4196957529069483,0.6473368774049872,0.9086237239764965
"Montas, Frankie",ST,same,44,0.4443427698945888,2.088922356004649,0.6617493882098557,0.7480454288620859
"Montero, Keider",CH,opposite,160,-0.3198578652359155,2.0461584350773534,0.8200115117021204,0.9715651608616696
"Montero, Keider",CH,same,36,0.35325990709845245,1.850859629148374,0.778271952157188,1.0650763661345992
"Montero, Keider",FF,opposite,332,-0.28965222144350405,2.8091703779755988,0.7191983677895288,0.7374766959354865
"Montero, Keider",FF,same,140,0.06660693441011359,2.89941373869739,0.6717512374301198,0.7280316020025527
"Montero, Keider",KC,opposite,153,-0.06216639117038829,1.9498847017285499,0.707173337205045,0.8668715539609273
"Montero, Keider",KC,same,77,0.4912986085646819,1.5916868996884788,0.7449776072462804,0.9276875649036911
"Montero, Keider",SI,opposite,6,0.2898082484426238,2.4497701568487567,0.7926826601457019,0.8294210404346272
"Montero, Keider",SI,same,310,-0.20332536231512652,2.3820903099238304,0.7793704157927792,0.70081938586705
"Montero, Keider",SL,opposite,113,-0.2611170749617913,2.068421942800061,0.8170436894497126,0.7639393094133329
"Montero, Keider",SL,same,220,0.4337209531153718,1.977808269312133,0.7417110057000277,0.8548861379897805
"Montero, Rafael",FF,opposite,165,0.04960032201492101,2.986223101384313,0.7887998455957781,0.707150272220809
"Montero, Rafael",FF,same,279,0.43973767799061286,2.957964656900323,0.6360793047522145,0.7015067696193279
"Montero, Rafael",FS,opposite,289,-0.5171145536373398,1.6878754355665846,0.6730214820611237,0.6848699269519584
"Montero, Rafael",FS,same,229,-0.13997462803655597,1.59443064176518,0.738730959688846,0.7070998873994501
"Montero, Rafael",SI,same,54,-0.6238304808049533,2.3433677061146705,0.6549026053045799,0.5717187886228375
"Montero, Rafael",SL,opposite,2,-0.5677045304348558,2.5539593146775044,0.23364849698594176,0.2923871336356368
"Montero, Rafael",SL,same,80,0.9172148059960457,1.648282246488509,0.7248339558542191,0.7245891681754842
"Montgomery, Mason",FF,opposite,372,-0.3063858547201551,2.8529432390224523,0.5977259696730199,0.9197986875108686
"Montgomery, Mason",FF,same,197,-0.23949004245513833,2.8697335777576676,0.6785371997490888,0.9882571774921262
"Montgomery, Mason",SL,opposite,153,-0.46818525045495946,1.9652032443873384,0.6532293290926167,1.1895810651927363
"Montgomery, Mason",SL,same,137,-0.3796318051437305,2.066687267011388,0.61969262106357,1.1262951767921265
"Morales, Luis",CH,opposite,98,-0.4732684552823873,1.9607968409703727,0.6241923199761477,0.9686866613431265
"Morales, Luis",CH,same,9,0.3353467459256476,2.1119379991056033,0.3402241060213909,0.7158283055745159
"Morales, Luis",FF,opposite,196,-0.3025374119438174,2.8333772139073616,0.6624510134623828,0.963850399233881
"Morales, Luis",FF,same,227,0.286581531058194,2.7664766281013704,0.6691871497506807,0.8758699137265255
"Morales, Luis",SL,opposite,27,0.16285275930335355,1.692589814836003,0.8237127429219847,0.9973141196403841
"Morales, Luis",SL,same,37,0.4626446809420578,2.0336620599129858,0.8266273293016997,0.8976430472330712
"Morales, Luis",ST,opposite,63,-0.015249948661006782,2.1041570037573387,0.8608012887860336,0.8170738832955378
"Morales, Luis",ST,same,157,0.6502815875633737,2.1650588262405135,0.9351473075383564,0.8671264820528785
"Morejon, Adrian",CH,opposite,69,0.6163391380464248,1.8317277405485934,0.70284509156836,0.9305954355214514
"Morejon, Adrian",SI,opposite,340,-0.02130771639441543,2.9118985879583894,0.68829209515146,0.6604536849043648
"Morejon, Adrian",SI,same,308,0.3330635843573938,2.81198627028466,0.6776633929167233,0.6653608584210086
"Morejon, Adrian",SL,opposite,119,0.013958443586860417,2.0972458239620306,0.6757975318675183,0.7089077309397963
"Morejon, Adrian",SL,same,134,-0.4339125192274288,2.0928511390379585,0.8040129185764684,0.7798387722387653
"Moreta, Dauri",FF,opposite,47,-0.16260132269904148,3.18913488670378,0.8232955106780182,0.9232612307025558
"Moreta, Dauri",FF,same,74,0.20389382276387644,3.2367583914480638,0.6629115167650987,1.0119334436033272
"Moreta, Dauri",SL,opposite,76,-0.20569007763207478,2.4227484912459682,0.7546681184477126,0.9256197399274536
"Moreta, Dauri",SL,same,86,0.05052375780661474,2.3252934631837863,0.6002377564203519,1.0599140647644887
"Morgan, David",CU,opposite,103,0.143232597804165,1.8975194430178262,0.7961466222883734,0.9586069203554537
"Morgan, David",CU,same,78,0.6017049933372878,1.740393140870666,0.9372878981451748,0.8797552756704333
"Morgan, David",FF,opposite,140,-0.33903606750055404,3.2242272442413946,0.6864583037331762,0.8583674444662716
"Morgan, David",FF,same,145,-0.08367274128038611,3.0183918985163616,0.7561273855173087,0.8214046680333243
"Morgan, David",SI,opposite,30,0.38272881806519093,2.258706742963569,0.9737232240692644,0.7028940293327807
"Morgan, David",SI,same,136,-0.31486980729017144,2.306415749875011,0.7905101499242501,0.7122133302233015
"Morgan, David",SL,opposite,25,-0.2546795161758401,2.005981679303577,0.8229190055094651,0.804862295375547
"Morgan, David",SL,same,119,0.6525440457538477,1.9681288915700106,0.8873920999065462,0.8274874905470708
"Morillo, Juan",CH,opposite,72,-0.5587127640377124,1.8476923772957592,0.7702565319774427,1.1007105948719607
"Morillo, Juan",CH,same,10,-0.5457070687495489,1.8514137843794365,0.5032067885028176,0.7701778301617193
"Morillo, Juan",FF,opposite,179,0.011634494577600482,2.901015576486565,0.7564298913006444,0.9376300102853798
"Morillo, Juan",FF,same,106,0.194635260609379,2.8530368791500784,0.6796586763594641,0.943693367561397
"Morillo, Juan",SI,opposite,11,0.052855484051282445,2.5486770873738767,0.9416812952476882,0.5535579309172135
"Morillo, Juan",SI,same,109,-0.33193052194574413,2.6065740528877694,0.6017289833494398,0.6688872651708178
"Morillo, Juan",SL,opposite,38,0.21960634402691973,2.527265744224695,0.8523380498618618,0.895383731335716
"Morillo, Juan",SL,same,92,0.6682854275276603,1.9342487722410582,0.6268325940478183,0.8989976578089832
"Morton, Charlie",CH,opposite,195,-0.36416614930197155,1.826995706454681,0.7699169139961185,0.7046537495929555
"Morton, Charlie",CH,same,58,-0.11593337544002938,1.8109042422188255,0.9490498879379147,0.7063168534056508
"Morton, Charlie",CU,opposite,582,0.13040226790753312,1.8371719630012415,0.9137149065863471,0.7464557938628745
"Morton, Charlie",CU,same,394,0.5855667981158891,1.6847438723179209,0.9343845130792992,0.7225534637122073
"Morton, Charlie",FC,opposite,85,0.015525930471780674,2.284452734540284,0.8921446899813648,0.7565838075815392
"Morton, Charlie",FC,same,147,0.445019841410254,2.1930262868396655,0.7938146583720289,0.754776217295185
"Morton, Charlie",FF,opposite,428,-0.23945347812938333,3.126256044581964,0.7688620048751493,0.859170486951024
"Morton, Charlie",FF,same,274,0.22959792561062387,2.9162466745199014,0.7624644229985974,0.8937934443150753
"Morton, Charlie",SI,opposite,94,-0.2408710807893684,2.3277740917947396,0.8524197538865381,0.767942359459927
"Morton, Charlie",SI,same,291,-0.08335569103826532,2.1712103452363967,0.8001517053955828,0.7329838153407163
"Murdock, Noah",FC,opposite,31,-0.006382718751789862,2.6033682692421554,0.8859052769393106,0.48220761762419895
"Murdock, Noah",FC,same,58,0.623895825455214,2.232336654656761,0.7947445521583932,0.5794893350320626
"Murdock, Noah",SI,opposite,70,-0.4118753550003651,2.509930264749845,0.9024908546291559,0.7538925184267988
"Murdock, Noah",SI,same,153,-0.15786370161887284,2.5375340563396924,0.9021738413114992,0.6106594057635436
"Murdock, Noah",ST,opposite,13,0.07017441159825945,1.873978888380989,1.0644219673574586,1.105391460675694
"Murdock, Noah",ST,same,64,0.9706529930114558,1.5591830085600151,1.0640713976335243,0.5715126280656277
"Murfee, Penn",FF,opposite,36,0.21908930680867833,2.3638556279805307,0.8532752017084737,0.4938465459138006
"Murfee, Penn",FF,same,46,0.38053204154209974,2.660211826066029,0.8651304335845842,0.6559290687731131
"Murfee, Penn",ST,opposite,30,0.302749096036778,1.5447684539716025,1.0920623676028123,0.5147600259647904
"Murfee, Penn",ST,same,84,0.374194587247161,1.7122091252376685,1.0473961512472179,0.6195993107227544
"Murphy, Chris",CU,opposite,134,-0.1645403980677208,1.830086447980153,0.8607406618714156,0.9247698473785131
"Murphy, Chris",CU,same,43,-0.4081648267100514,1.9423352640141174,0.8950709520957694,1.1595982089534977
"Murphy, Chris",FF,opposite,99,-0.09185894121139639,3.1684806634563,0.7944854341609607,0.8650334680980889
"Murphy, Chris",FF,same,80,-0.14565021974898545,2.8751346543285914,0.8725597578448343,0.9018294390232664
"Murphy, Chris",SL,opposite,80,-0.0819424743410095,2.5753959856806428,0.8712633565197712,0.8163186542025231
"Murphy, Chris",SL,same,34,-0.08469481701667293,2.492840931556587,0.8959253603398398,0.6397700801485133
"Murray, Jayden",FF,opposite,43,-0.15563964770074742,3.1413243922111813,0.6878704965296006,0.5914201475189976
"Murray, Jayden",FF,same,40,0.44193040478712486,2.9843093480204077,0.7492345784164749,0.7468502096405885
"Muñoz, Andrés",FF,opposite,167,-0.10763775835410694,2.7991850021221687,0.7838085677417673,0.7832881754477153
"Muñoz, Andrés",FF,same,216,0.09345453502977995,2.8909837867291293,0.7358262298333497,0.8053002720081083
"Muñoz, Andrés",SI,opposite,43,0.0998620636208571,2.342955267314253,0.741498936643741,0.7716835284927386
"Muñoz, Andrés",SI,same,94,-0.15465569611206265,2.297557174578782,0.9342940519103644,0.8087293532843336
"Muñoz, Andrés",SL,opposite,313,-0.26737506059783694,1.7715632776997539,0.8303323111490821,0.8763335984263163
"Muñoz, Andrés",SL,same,286,0.40008564626301457,1.8109018308928635,0.9456356224055449,0.8776303591812682
"Muñoz, Roddery",FC,opposite,38,0.1573536392485141,2.4993156134534513,0.7845620619788641,0.9950044000118179
"Muñoz, Roddery",FC,same,26,0.7803351267933009,2.566115785822014,0.7280819844944609,0.9673687134065422
"Muñoz, Roddery",SI,opposite,4,-0.22629771406784743,2.3749888459554773,0.5012301801949565,0.7326467876216095
"Muñoz, Roddery",SI,same,46,-0.009746929453556184,2.2700386177595657,0.7228145708747231,0.8718403174679656
"Muñoz, Roddery",SL,opposite,25,-0.15205052800357563,1.6992769312981681,0.6050032151381337,0.9219541964377743
"Muñoz, Roddery",SL,same,45,0.26879707840897893,1.4267399688139633,0.7485676279893477,0.9818168022831116
"Myers, Tobias",FC,opposite,73,0.060520918104378825,2.628271398109839,0.7510320993988745,0.8627950350375377
"Myers, Tobias",FC,same,100,0.46541305010700507,2.2313337095047454,0.6348990199633383,0.9690338085466473
"Myers, Tobias",FF,opposite,162,-0.1327912499461354,2.6971403909294973,0.6962005382727309,0.8177586925972781
"Myers, Tobias",FF,same,220,0.06635050531587058,2.7798140770625284,0.6293198837372025,0.8114503129600255
"Myers, Tobias",FS,opposite,89,-0.21133508584664415,2.4643442472788224,0.6348893923810628,1.0984918824282899
"Myers, Tobias",FS,same,44,-0.35136097729203103,2.2959700597034858,0.635810994624824,1.2108925260446626
"Myers, Tobias",SL,opposite,28,0.5102812201057364,1.996497209993114,0.7153777993500167,1.294205823055358
"Myers, Tobias",SL,same,113,0.4117625379978285,2.0985648847395186,0.569182113779703,1.1868668214088876
"Márquez, Germán",FF,opposite,436,-0.07416767063680023,2.5034305487867914,0.7229612262107391,0.8368956315075282
"Márquez, Germán",FF,same,301,0.097804149123676,2.5469752368471,0.7427867415758406,0.869348383347616
"Márquez, Germán",KC,opposite,373,-0.07094801175775038,1.6318477977624934,0.6791649052644197,1.1747430247796105
"Márquez, Germán",KC,same,293,0.2986379911254539,1.5638905741056157,0.7217432976083005,1.1261750118498055
"Márquez, Germán",SI,opposite,216,-0.3590437037887111,2.2767320883872437,0.7323059899157086,0.8011353222922071
"Márquez, Germán",SI,same,197,-0.41914945320872865,2.2812547563180687,0.6881186002640283,0.8035721745247392
"Márquez, Germán",SL,opposite,30,-0.23268554177853795,2.1952003187246536,0.7538261475348242,0.7697546209832331
"Márquez, Germán",SL,same,190,0.2663912487102326,2.1297252658152073,0.8137170632293479,1.03653122620625
"Nance, Tommy",CU,opposite,95,0.02348889382268646,1.877268029804885,0.8944138774754032,1.0554787983734737
"Nance, Tommy",CU,same,54,0.39381064402410476,1.8616236498417438,0.7474134696007738,1.144034969833311
"Nance, Tommy",SI,opposite,58,-0.5022559909410588,2.773180413742513,0.5801455064986706,0.8202063908002424
"Nance, Tommy",SI,same,80,-0.10597586517506945,2.7630372792993394,0.749781446437625,0.7614731709051293
"Nance, Tommy",SL,opposite,36,0.03681883306297963,2.3528534883385457,0.5851030243533506,0.7196402096990174
"Nance, Tommy",SL,same,171,0.6676977186599232,2.3525599332844274,0.7270908271800774,0.7982270798581139
"Nelson, Ryne",CH,opposite,69,-0.6115930706311413,1.98147224237846,0.8033850744667904,0.9564667192456838
"Nelson, Ryne",CH,same,1,0.0554633887663196,0.1196429554878077,0.0,0.0
"Nelson, Ryne",CU,opposite,167,0.07375009300900771,1.8326651820961528,0.7874001384718147,0.9751863130502715
"Nelson, Ryne",CU,same,102,0.48129970163978425,1.6243692691517162,0.6182312973095047,0.9729918685486153
"Nelson, Ryne",FC,opposite,133,0.5636431071665043,2.61797573925737,0.6525767802560555,0.8448791710154503
"Nelson, Ryne",FC,same,115,0.49263317373749593,2.3705997942339874,0.607901774905576,0.7599719941648629
"Nelson, Ryne",FF,opposite,702,0.052350345287775345,2.7556873878962858,0.6703024788954638,0.8048285980784387
"Nelson, Ryne",FF,same,824,-0.043912845584787745,2.9133861736248248,0.6790235468273491,0.8093852083459366
"Nelson, Ryne",SL,opposite,40,0.5143255132954158,1.645090257155291,0.7883639806124835,0.9966842001828915
"Nelson, Ryne",SL,same,313,0.5588939050117957,1.6868081385838245,0.6222635788602217,0.8445944004540217
"Neris, Héctor",FF,opposite,128,-0.21624812929394865,2.8336382467261756,0.7442170023754935,0.7244104120025708
"Neris, Héctor",FF,same,93,0.19061254615527828,2.797813439494376,0.7686600307294439,0.7807489730760871
"Neris, Héctor",FS,opposite,143,-0.33173768277727445,1.882920182818673,0.7930876032352587,0.8404414170398926
"Neris, Héctor",FS,same,93,-0.059286700498603025,1.6222416362872607,0.7698793624588368,1.1808296872995931
"Newcomb, Sean",CH,opposite,106,0.41226688388602595,1.629857239061939,0.8167039052670094,0.6859989818344607
"Newcomb, Sean",CH,same,1,0.3914719896986511,2.0689452098631502,0.0,0.0
"Newcomb, Sean",CU,opposite,82,0.46121569037668414,2.215333220439161,1.2758522096738363,1.1546555069092561
"Newcomb, Sean",CU,same,1,-0.1670296403823784,2.2446599501713287,0.0,0.0
"Newcomb, Sean",FC,opposite,163,0.12661948003982568,2.3473669723648083,0.8922447315644362,0.7732993056720238
"Newcomb, Sean",FC,same,49,-0.3081609488330427,2.3244416089300635,0.651525547395207,0.8695977913400907
"Newcomb, Sean",FF,opposite,340,0.3383437399399581,2.8695316723555457,0.735793765113738,0.7348922662864662
"Newcomb, Sean",FF,same,119,-0.3441849342373519,2.581204391257941,0.7205767312765432,0.7290408223477464
"Newcomb, Sean",SI,opposite,144,0.4324766175141661,2.1711679585830352,0.7417669940836987,0.7143554978840146
"Newcomb, Sean",SI,same,195,0.04639606464136793,2.268951055789576,0.7316189765926675,0.6821988019878074
"Newcomb, Sean",SV,opposite,226,-0.012950568815433716,2.130683058150916,1.0120409773770562,0.8199938190578958
"Newcomb, Sean",SV,same,120,-0.21268490946520524,2.318895605470669,1.1232900332693003,0.866294485878148
"Nicolas, Kyle",CU,opposite,78,0.28634056845360906,2.0478256535037174,0.78451034286541,1.1615929641374105
"Nicolas, Kyle",CU,same,67,0.33344301601738796,1.9742864579455153,0.8854129587882127,1.1505561646150408
"Nicolas, Kyle",FF,opposite,164,-0.03189703970333958,2.6321343731341256,0.7235480605443169,0.923066975517971
"Nicolas, Kyle",FF,same,166,0.06537500210159569,2.844751543874647,0.6547520708541998,0.8994066647704025
"Nicolas, Kyle",SL,opposite,45,0.5868980672333807,1.7062896343382612,0.7719797392096757,1.0475918427607291
"Nicolas, Kyle",SL,same,129,0.6152922548356262,1.757499085861538,0.6793047900530219,1.0361602014172635
"Nikhazy, Doug",FF,opposite,34,0.09863924231109941,3.0775676918758954,0.6633588506616637,0.9835224426560425
"Nikhazy, Doug",FF,same,16,0.05339717762181755,3.1575062462917134,0.5853271569169546,0.8763388365399883
"Nola, Aaron",CH,opposite,192,-0.5773685636991689,1.7107325632152677,0.6535256567924731,0.5268948439064869
"Nola, Aaron",CH,same,50,-0.2927334869694562,1.6358949833163117,0.7106047202912004,0.5363137299505321
"Nola, Aaron",FC,opposite,64,0.7047484117214918,2.6837584744048875,0.6625356765399825,0.6054109627853932
"Nola, Aaron",FC,same,52,0.9584054956874655,2.072488414722691,0.5727599132393395,0.5537202791885972
"Nola, Aaron",FF,opposite,360,-0.07362386663212789,2.8287026763839402,0.7791838674518712,0.69063162009893
"Nola, Aaron",FF,same,126,0.2358999386876141,2.9264236986415537,0.5913587730802952,0.7896183858388927
"Nola, Aaron",KC,opposite,296,-0.04547790308656745,1.610466076178468,0.7404369230537071,0.6392144259044186
"Nola, Aaron",KC,same,175,0.6129412929151937,1.4795344630856815,0.7086785922945444,0.596564039843115
"Nola, Aaron",SI,opposite,120,0.33817851471470506,2.726563418006831,0.7050462560969087,0.6749179760235241
"Nola, Aaron",SI,same,164,-0.07700049888309753,2.1626517419424656,0.8262591143980832,0.5761468810798028
"Núñez, Dedniel",FF,opposite,50,-0.17097385636206916,3.2169441683635216,0.683736167320249,0.902780420689405
"Núñez, Dedniel",FF,same,46,0.24550653313123091,2.861580420480839,0.5852244440632764,0.7764001908326499
"Núñez, Dedniel",SL,opposite,42,0.4708469463599199,1.8721650369712808,0.7245712037609372,0.9973433068679837
"Núñez, Dedniel",SL,same,43,0.5052576992605221,2.198769331600135,0.595552395524442,0.6918296921409384
"Núñez, Eduarniel",FF,opposite,62,0.03517673614460263,2.714652843397101,0.8670143834482948,0.960575839451436
"Núñez, Eduarniel",FF,same,93,0.048648943673205616,2.551920912982262,0.7881578398239605,1.0103627081704232
"Núñez, Eduarniel",SL,opposite,37,0.19269656884897204,1.874059757604667,0.7769220484213583,0.8733352163605571
"Núñez, Eduarniel",SL,same,51,0.5319832049935695,1.889909011019066,0.9890572436098187,1.0959870238445968
"O'Brien, Riley",SI,opposite,130,-0.28483163826041824,2.696048887459736,0.7105859180763064,0.7625797531911322
"O'Brien, Riley",SI,same,236,-0.04776281963635263,2.687186213932858,0.8054332395347606,0.8216662148556135
"O'Brien, Riley",SL,opposite,135,0.06928931710726734,1.9878479296575549,0.7854152832706511,0.7656316958344387
"O'Brien, Riley",SL,same,95,0.38244588953815184,2.1386878824959923,0.8385079229927329,0.8226005508603266
"O'Brien, Riley",ST,opposite,60,0.5002744068598001,1.12286336879216,0.9997625134901887,0.5641771015215761
"O'Brien, Riley",ST,same,101,0.8191974114313121,1.4229171904989104,1.1023613451526812,0.8100468056358938
"Ober, Bailey",CH,opposite,430,-0.5143254459903163,1.8302560313533183,0.6632009992004735,0.7498176626372076
"Ober, Bailey",CH,same,251,-0.08405129441302726,1.7665380221565827,0.7254537298347314,0.8383816351804815
"Ober, Bailey",CU,opposite,61,0.1529963844315729,2.0408374965428133,0.7785941893560255,0.9645308629860525
"Ober, Bailey",CU,same,22,0.6119738172016167,1.6465305841865416,0.7290283157664091,0.7782377236667074
"Ober, Bailey",FF,opposite,516,-0.08634944453663251,3.002474412207268,0.6133553855659859,0.7657602384127553
"Ober, Bailey",FF,same,330,0.26315962546426847,3.0108830215232927,0.631873182896184,0.735310285809598
"Ober, Bailey",SI,opposite,1,-0.8744868589812864,2.94001362693583,0.0,0.0
"Ober, Bailey",SI,same,74,-0.4639787166974806,2.38737752483106,0.70067302031341,0.6883212842100758
"Ober, Bailey",SL,opposite,184,0.642001903022846,2.2187815980409944,0.6466885275253812,0.7542983835991663
"Ober, Bailey",SL,same,234,0.7057634829368672,2.1043398471886507,0.6628536807046446,0.7670774227832634
"Ober, Bailey",ST,opposite,57,0.11980623842388823,2.055164287757536,0.7825929393642265,1.017037054617558
"Ober, Bailey",ST,same,196,0.8572306906998192,1.9774151182275719,0.9161778755877313,1.0066558115989028
"Ogasawara, Shinnosuke",CH,opposite,142,0.05077779075245914,2.0607512126099214,0.6460481599060768,0.827192121301768
"Ogasawara, Shinnosuke",CH,same,8,0.3276723452814958,2.09267272159334,0.7289173435699701,0.6375777257564627
"Ogasawara, Shinnosuke",FF,opposite,133,-0.15987015495958054,2.7024586894927918,0.7059397127578452,0.7225277053807596
"Ogasawara, Shinnosuke",FF,same,128,-0.3577747658329284,2.4292801230288563,0.6172035157773623,0.7419035260705834
"Ogasawara, Shinnosuke",KC,opposite,86,-0.29461319887437937,2.2372993185309857,0.9132159355054179,1.0813447883091845
"Ogasawara, Shinnosuke",KC,same,43,-0.6459014390482181,1.9655863563992142,0.7575816371783325,0.9596969607475867
"Ogasawara, Shinnosuke",SL,opposite,15,-0.8135878661542276,2.2584034963386377,0.9046134035520044,0.970483381601746
"Ogasawara, Shinnosuke",SL,same,110,-0.8072089070771166,1.851526347468366,0.6814965269459345,0.8220100471086695
"Ohl, Pierson",CH,opposite,123,-0.4678281616517845,1.6811017307487328,0.5364648548353447,0.7946598322604954
"Ohl, Pierson",CH,same,82,-0.12077304262105731,1.64706067716698,0.5307999918827349,0.7327019860800094
"Ohl, Pierson",FC,opposite,16,0.606453367919055,1.5609086446582678,0.7303371470388738,0.7851683180064095
"Ohl, Pierson",FC,same,48,0.5426636334346084,1.7547498856198587,0.6262351100197048,0.8968446134269611
"Ohl, Pierson",FF,opposite,122,-0.24111580814308237,2.6264546246525557,0.626514260333191,0.798063365940613
"Ohl, Pierson",FF,same,116,-0.04115502705863857,2.5809127296970615,0.6688914918911572,0.812291020817097
"Ohtani, Shohei",CU,opposite,74,0.3213335382340154,1.6022816110875924,0.7123928298271937,0.899785456048306
"Ohtani, Shohei",CU,same,34,0.2952626371841083,1.758789432737556,0.7678180644029853,1.0606677951465018
"Ohtani, Shohei",FC,opposite,58,0.041585212937345545,2.2773086352073393,0.8086082508574945,0.8182890438617362
"Ohtani, Shohei",FC,same,11,0.39526070074541764,2.2821774475941936,0.6099049650862656,0.5736041915714414
"Ohtani, Shohei",FF,opposite,225,0.02532715222978803,2.630952316847702,0.7899777162681855,0.7859190925682032
"Ohtani, Shohei",FF,same,182,0.1497748842794693,2.6411904270581,0.6743173640273247,0.69825745992899
"Ohtani, Shohei",FS,opposite,48,-0.409308437210591,1.2125126072061918,0.89671440074024,1.0743269646635867
"Ohtani, Shohei",FS,same,8,-0.2288336188321713,0.9953844502274245,1.1958864148534043,1.0253346699003003
"Ohtani, Shohei",SI,opposite,9,-0.022243715795956947,1.9859327927830828,0.7155422182988191,0.7062178104024998
"Ohtani, Shohei",SI,same,50,0.29885288432492535,1.8255759086125325,0.7921214541337986,0.7424147236675291
"Ohtani, Shohei",SL,opposite,55,-0.022706716454513366,1.6225429561906026,0.565931218098852,0.9521170968391979
"Ohtani, Shohei",SL,same,58,0.2252070885470692,1.8474086501393459,0.640047342073534,0.829016907509734
"Ohtani, Shohei",ST,opposite,38,0.30290311073970105,2.0742502758118126,0.7343116756442228,0.8350787704274908
"Ohtani, Shohei",ST,same,185,0.5371032239586147,2.1477817296652755,0.8219396798460764,0.7381197557681934
"Okert, Steven",FF,opposite,294,0.22003638725746608,2.9253010990838866,0.7798645985309477,0.7296292137082834
"Okert, Steven",FF,same,141,-0.11491005549816163,2.8957638209715952,0.7464077712281539,0.7512683026303676
"Okert, Steven",SL,opposite,329,-0.024962632488629528,2.2444524305838134,0.7624794939267373,0.8438015782742377
"Okert, Steven",SL,same,279,-0.4934564999941817,2.2974028627096668,0.7357313390343337,0.866680884230724
"Olson, Reese",CH,opposite,160,-0.19690783353850164,1.322547208862437,0.6257124502700869,0.7385927835845417
"Olson, Reese",CH,same,140,0.01717298995034296,1.1713814198229706,0.6082517169478721,0.7290901241682042
"Olson, Reese",CU,opposite,45,0.15275340635750806,1.4260017885811889,1.155246961604957,1.2200013170383264
"Olson, Reese",CU,same,19,1.209260492620984,1.0111976481310025,0.7834012301336326,0.9639662452801476
"Olson, Reese",FF,opposite,178,-0.08590203122229033,2.9303964538867278,0.5920319742126159,0.8648311094137807
"Olson, Reese",FF,same,47,0.3721260718926319,2.871649810932922,0.5167378849934403,0.8252567961466064
"Olson, Reese",SI,opposite,42,0.37564129861687295,2.9182447570136727,0.6081164939459366,0.6086606571968707
"Olson, Reese",SI,same,273,0.20299088195267115,2.1622988679928237,0.763649523941941,0.6587393558986031
"Olson, Reese",SL,opposite,111,0.05917325947843518,1.681466034229191,0.7344160697686457,0.759473417601891
"Olson, Reese",SL,same,139,0.8684343543131506,1.5054613237557892,0.701559983078868,0.7317454166735966
"Ort, Kaleb",CH,opposite,58,-0.38552836116103056,1.6994850435667623,0.7773954374768205,1.023073452442496
"Ort, Kaleb",CH,same,7,-0.5359736569680652,1.571001442634553,0.7523954132644418,1.0132064335394417
"Ort, Kaleb",FC,opposite,48,0.5520891365058936,2.537764000674663,0.6088251423238511,0.7584054707804784
"Ort, Kaleb",FC,same,64,0.6218646157716634,2.1296363889424788,0.5967579175424196,0.8478175687829779
"Ort, Kaleb",FF,opposite,145,-0.39305978140518844,3.087634847886284,0.7924138724254324,0.8272490743277977
"Ort, Kaleb",FF,same,283,0.19652481340783698,2.8732973924935226,0.719244663241188,0.9131619610632098
"Ort, Kaleb",ST,opposite,38,0.23709570213616185,1.963235302481107,0.7932365476285745,0.7769109784112941
"Ort, Kaleb",ST,same,145,0.4320350104172632,1.8060741860094423,0.8286423256607238,1.0291071570724164
"Ortiz, Luis",CH,opposite,158,-0.12055121680856885,1.8054641200504122,0.7200415888156063,0.737671531418023
"Ortiz, Luis",CH,same,36,0.41704932871133643,1.6838778025481516,0.8676020153429116,0.7698744271534859
"Ortiz, Luis",FC,opposite,118,-0.15103475262280666,2.9582498098302024,0.7849302913980039,0.7025256695433384
"Ortiz, Luis",FC,same,66,0.48578765813598057,2.7734900516082344,0.8146301990327043,0.8181727086204853
"Ortiz, Luis",FF,opposite,281,-0.2894193906506357,3.0075066621621924,0.7640671799523671,0.7116327109202121
"Ortiz, Luis",FF,same,160,0.39225040721607635,2.803254950933011,0.7478658171247742,0.757706992124798
"Ortiz, Luis",SI,opposite,79,-0.23637310559316538,2.3653511382838124,0.7332630001368918,0.7073117037293007
"Ortiz, Luis",SI,same,214,-0.13660642476683257,2.4124507357238065,0.7691972883971973,0.6360285783052713
"Ortiz, Luis",SL,opposite,168,-0.22501511107451005,2.029939748952439,0.8396137880504241,0.8649637177417505
"Ortiz, Luis",SL,same,221,0.7199302724967973,1.8137252887421553,0.8461935745336031,0.8676602967512528
"Orze, Eric",FF,opposite,81,-0.40710710201981165,3.1849520245992764,0.6407238889737608,0.7667537607184421
"Orze, Eric",FF,same,93,-0.29041246153186207,3.2577355880101013,0.6382655072993187,0.9182343864318951
"Orze, Eric",FS,opposite,187,-0.5005037417419766,2.2532430378620556,0.6268659729739298,0.8062767056551877
"Orze, Eric",FS,same,143,-0.1391694114254315,2.1905050493555818,0.6633331401484137,1.078883194660873
"Orze, Eric",SL,opposite,71,0.6546567796618655,2.9419933250258827,0.5931191798492234,0.689813382271954
"Orze, Eric",SL,same,106,0.33419568191100424,2.6148784701999492,0.5646545442698718,0.7951532640366983
"Otañez, Michel",FF,opposite,24,-0.27317415414513097,2.5689331076464925,0.7610178765577951,0.953680948779594
"Otañez, Michel",FF,same,27,0.5233988264288896,2.8834149492041994,0.8562159116296347,0.9667480140630794
"Oviedo, Johan",CU,opposite,71,-0.14739827842130082,2.42526071894388,0.7054324417982464,0.8172483900250681
"Oviedo, Johan",CU,same,34,0.006937526249348066,2.3985330123294184,0.6537680843322322,1.152801062646362
"Oviedo, Johan",FF,opposite,126,-0.20333410862429852,2.955136068283569,0.768616471530106,0.8547598416261281
"Oviedo, Johan",FF,same,120,0.04540445689223871,2.7746041776375345,0.8605806249430313,0.9614961464791475
"Oviedo, Johan",SI,opposite,4,-0.5818598468014919,2.444273675336422,0.7215751627336545,0.8149895747834466
"Oviedo, Johan",SI,same,57,-0.3372862278231139,1.804549942231541,0.7534937785627648,0.8159769395758012
"Oviedo, Johan",SL,opposite,85,0.010871768692502858,2.20892502717544,0.6804056699575177,0.855486420843926
"Oviedo, Johan",SL,same,129,0.32144303183233447,2.3264794435010305,0.7724720947010588,0.8634421433631784
"Paddack, Chris",CH,opposite,422,-0.4552270390547499,1.6769073065308624,0.5880005446183341,0.7263191982097259
"Paddack, Chris",CH,same,182,0.07598262189845331,1.4887509739876605,0.5379829233961385,0.7546917760413675
"Paddack, Chris",CU,opposite,163,0.1404408105633847,1.967656743988099,0.6114242384051695,1.2055245744417011
"Paddack, Chris",CU,same,141,0.44354694514431486,1.824501404521178,0.6466819510215418,1.171175113353554
"Paddack, Chris",FC,opposite,145,0.40133949268782465,2.6177106154176957,0.7637182196287983,0.8027131889701906
"Paddack, Chris",FC,same,212,0.8344731264393547,2.191871733261542,0.5681853307796819,0.7727515099171418
"Paddack, Chris",FF,opposite,621,0.08613162855272964,2.9980774510521675,0.6461027175813185,0.7442662221639654
"Paddack, Chris",FF,same,488,0.3200494806422852,3.002255583489224,0.5882525542284609,0.7383125575785837
"Paddack, Chris",SI,opposite,3,-0.6857407563164218,2.70329208458855,0.41854980227536137,0.4030347632004281
"Paddack, Chris",SI,same,130,-0.6086818939252495,2.721052426150508,0.489102108061568,0.5850658137127154
"Paddack, Chris",SL,opposite,21,0.8685205465570173,1.962003728414216,0.5079254344708831,0.8416461158866058
"Paddack, Chris",SL,same,37,0.7889703538184929,2.1786283208548594,0.7363231877758133,0.6799180730717561
"Pagán, Emilio",FC,opposite,53,0.1703440325232734,1.8110310862626446,0.7072982915749111,0.82248105369557
"Pagán, Emilio",FC,same,146,0.4823825349245319,1.9341280711410935,0.7535578099879024,0.9201639534453856
"Pagán, Emilio",FF,opposite,344,-0.27176428061731295,2.934078643467078,0.7986716212069739,0.7272493631090549
"Pagán, Emilio",FF,same,310,0.04306807947370579,2.9023036865146516,0.7329204658259365,0.7291725620461904
"Pagán, Emilio",FS,opposite,174,-0.42702550460251826,1.7132532681719568,0.6959037397001406,0.85771658340148
"Pagán, Emilio",FS,same,41,-0.30812571211593004,1.8805917615314467,0.8404775298428545,0.9639594114311192
"Palencia, Daniel",FF,opposite,335,0.0021962020828249244,2.9341622093706983,0.6896898694655066,0.8907775238947483
"Palencia, Daniel",FF,same,318,-0.14765508123350196,3.073099781735946,0.621771758492439,0.8855191330532156
"Palencia, Daniel",SL,opposite,90,0.3247118440779544,2.154304827817059,0.7767593890567774,0.9431856918705469
"Palencia, Daniel",SL,same,132,0.37837598350214985,2.1598978520553773,0.8028055188267649,0.8431324609945899
"Pallante, Andre",FF,opposite,835,0.19668678591228406,2.463922188890845,0.6546998121381787,0.8676869053034362
"Pallante, Andre",FF,same,364,0.12106195130351731,2.363613413399313,0.5989273554199609,0.8233463296657237
"Pallante, Andre",KC,opposite,232,-0.3931886806391719,1.3689249059870885,0.6778697010084348,1.3963564817184397
"Pallante, Andre",KC,same,149,0.2580541013523963,1.3378462205625532,0.5999543613099183,1.7387290221056562
"Pallante, Andre",SI,opposite,10,-1.1849112392932364,3.893057915331897,0.733208687413187,0.9842287941544611
"Pallante, Andre",SI,same,353,-0.7276537140883517,2.6365519329471065,0.6208956986476093,0.824273341382385
"Pallante, Andre",SL,opposite,276,-0.31894356916249966,1.7443134223669476,0.6621637078243446,0.9978723798213652
"Pallante, Andre",SL,same,498,0.533578495437061,1.7046522982798005,0.5974588808185148,0.979417004711204
"Palmquist, Carson",FC,opposite,51,-0.15438696718716835,1.8462680551111201,0.9233400555795583,0.7490499095049987
"Palmquist, Carson",FC,same,37,-0.3964312513470279,2.3407324296224994,1.0485977321576057,0.7760602932539009
"Palmquist, Carson",FF,opposite,280,0.1679265668965789,2.506032094214026,0.8336050201242954,0.6991320105122111
"Palmquist, Carson",FF,same,90,-0.033883141113545186,2.529331511889432,0.7300134717850945,0.717329147798903
"Palmquist, Carson",ST,opposite,147,0.043568565738241354,1.8688549114782151,1.0296352041522598,0.8200182922672992
"Palmquist, Carson",ST,same,75,-0.3534800105203505,1.8379851598699652,1.1151181360670768,0.7851613618862294
"Parker, Mitchell",CU,opposite,504,0.04529860889257433,1.991572242951815,0.5861912365709789,1.057684737972549
"Parker, Mitchell",CU,same,90,0.10368519214205922,2.5213441692667726,0.5456713809668321,0.9606168954419972
"Parker, Mitchell",FF,opposite,1110,0.07122140039660227,2.7218028744866762,0.6731884084664533,0.8824655139739435
"Parker, Mitchell",FF,same,391,-0.06426036388580113,2.922797678057933,0.6150280921572161,0.9442424477024567
"Parker, Mitchell",FS,opposite,276,0.3527345624954563,2.1756077694757687,0.7018074404984712,1.153529044068475
"Parker, Mitchell",FS,same,8,0.1840777480249134,2.752912214598962,0.6426716742710199,0.8069564664520169
"Parker, Mitchell",SL,opposite,101,-0.21914410325678704,2.0750325785485906,0.6405392138918029,0.9113550069292268
"Parker, Mitchell",SL,same,225,-0.4090117425317435,2.303645434708217,0.7355930833493358,1.0833500119588377
"Patrick, Chad",CH,opposite,114,-0.22533197775741118,1.5358697210376855,0.8123428014345324,0.900390613827598
"Patrick, Chad",CH,same,20,-0.2554107508560156,2.0530543105101646,1.0151200615643907,1.0983639223291333
"Patrick, Chad",FC,opposite,392,-0.07970896844108281,2.751372221673927,0.7811641234027938,0.7593443857472357
"Patrick, Chad",FC,same,498,0.6200736000895072,2.610041497317178,0.6763367224657056,0.765759975651341
"Patrick, Chad",FF,opposite,287,-0.2383133237290567,3.0814501372373293,0.7023297778880129,0.8499870436997529
"Patrick, Chad",FF,same,178,0.11488717303389373,3.358081707608864,0.7159336030265201,0.8726508191753768
"Patrick, Chad",SI,opposite,170,0.11590889365075244,2.4260540937952735,0.8327742468290669,0.71972435997301
"Patrick, Chad",SI,same,317,0.13269353951920412,2.6031566546484273,0.724117276948126,0.7331824513148866
"Patrick, Chad",SL,opposite,16,0.22293499041234566,1.4508812007630598,0.461516449675085,0.7145224626442358
"Patrick, Chad",SL,same,91,0.6939322529703645,1.8689845375248917,0.7682497470168478,1.1134462814433868
"Patrick, Chad",SV,opposite,24,0.5362321227064636,0.6686958137178586,0.8222957003368964,1.196993811211735
"Patrick, Chad",SV,same,31,0.3884419901825106,1.2388753888846435,0.8517905261212123,1.396360127834258
"Payamps, Joel",FF,opposite,77,-0.26348883685587554,2.917098172609893,0.656655675284225,0.7939012127760998
"Payamps, Joel",FF,same,85,0.23028555565174302,2.7267645033426513,0.7728425833664567,0.9104055748956076
"Payamps, Joel",SI,opposite,22,-0.14031108811378698,2.222307723729162,0.7312622590544892,0.6728171317357293
"Payamps, Joel",SI,same,48,-0.4223431789189205,2.291445779428019,0.6714768472876533,0.7922428924922087
"Payamps, Joel",ST,opposite,79,-0.04431737846659621,1.5900016107689519,0.8912216424165571,0.6821556882599528
"Payamps, Joel",ST,same,132,0.373917011744106,1.7784452654097174,0.7386355216273908,0.7495505259087506
"Pearson, Nate",FF,opposite,61,0.015572405828034876,2.783270363441508,0.7491307405130037,0.7409543481176558
"Pearson, Nate",FF,same,76,0.009163137426100533,3.026526006436132,0.7074467339311,0.7169712461745165
"Pearson, Nate",SL,opposite,49,0.08920527064523895,2.180558186795853,0.7428984610106804,0.8866929255032105
"Pearson, Nate",SL,same,58,0.3610506514627989,2.211760152420327,0.7810617034336187,0.8333565232596947
"Peguero, Elvis",SI,opposite,42,-0.2543524106515436,1.9011133469416814,0.7471337182520705,0.7835011383152215
"Peguero, Elvis",SI,same,52,-0.22800913910281356,1.93718452595655,0.7816375776466302,0.705262978729944
"Peguero, Elvis",SL,opposite,27,0.3437516258637466,1.6139399204810703,0.8302962742450805,0.6519962753547592
"Peguero, Elvis",SL,same,66,0.22820024196398156,1.7819001675648125,0.8372475905123514,0.7283256226636294
"Peguero, Joel",FF,opposite,59,-0.21943105038045446,2.753924656590056,0.8526307845761217,0.9054938270734186
"Peguero, Joel",FF,same,44,0.016208717894828504,2.4701742180147503,0.6607177905915443,1.0140273686712438
"Peguero, Joel",SI,opposite,25,-0.02033682678317317,2.512215180179412,0.7673588547859759,1.0908312438920678
"Peguero, Joel",SI,same,83,0.2641079006436946,2.2301429411144826,0.6600415601057313,0.891374431677418
"Peguero, Joel",SL,opposite,33,0.31556743989776104,1.5020695126639179,0.7309004793435814,0.9652177593064207
"Peguero, Joel",SL,same,71,0.6193360837331124,1.593852346562984,0.7649036137476564,0.8704268540615053
"Pepiot, Ryan",CH,opposite,377,-0.5311152759787099,2.036230137271101,0.7222844723440722,0.8344152246331856
"Pepiot, Ryan",CH,same,299,-0.18291047638579078,1.8483957165131142,0.7176789333729098,0.8644301573467814
"Pepiot, Ryan",CU,opposite,39,-0.311870606194622,2.200066842921334,1.2502784739858301,1.2342378900478688
"Pepiot, Ryan",CU,same,50,0.2998971601987467,1.8728830398468481,1.282632594846323,1.4401541272982588
"Pepiot, Ryan",FC,opposite,121,0.2824095956671866,2.680164026157056,0.7463260849061552,0.8213212293616671
"Pepiot, Ryan",FC,same,50,0.31325869932685146,2.202421033814014,0.7967029329991515,0.844538169853063
"Pepiot, Ryan",FF,opposite,611,-0.14967076487769806,2.954076028458319,0.7703745550235542,0.7503348277696018
"Pepiot, Ryan",FF,same,602,0.1788831891956212,2.9375887773607396,0.764713437997575,0.7976489917553896
"Pepiot, Ryan",SI,opposite,1,0.7354041204866562,2.9148723246685297,0.0,0.0
"Pepiot, Ryan",SI,same,69,-0.5168582753423379,2.0347813719683154,0.7504697816426876,0.7045550960532048
"Pepiot, Ryan",SL,opposite,138,0.16004321687738426,2.6821835247834667,0.7946452145656963,0.8996863278539601
"Pepiot, Ryan",SL,same,341,0.39415680060236946,2.4572717777132387,0.7973114240707753,0.9600318954149695
"Peralta, Freddy",CH,opposite,428,-0.5899373381399857,1.6954010700655677,0.8086965739576554,0.7917134598772516
"Peralta, Freddy",CH,same,286,-0.33798438796717983,1.7022829959432717,0.6772374375235416,0.7506164347894367
"Peralta, Freddy",CS,opposite,38,-0.6275003314812553,1.4281470469972628,0.8928463147192909,0.8233179834864806
"Peralta, Freddy",CS,same,42,0.11347688216457973,1.3818075631276963,0.9769559966887466,1.0254142665192192
"Peralta, Freddy",CU,opposite,227,-0.20240958553658714,1.4925349899432265,0.6596997680611393,0.9595332102084881
"Peralta, Freddy",CU,same,196,0.16532695217523213,1.5223804122913405,0.7540811209230381,1.0414568675404619
"Peralta, Freddy",FF,opposite,909,-0.287857399778306,3.064189802061166,0.6777705999611179,0.86037821958123
"Peralta, Freddy",FF,same,861,-0.12308052692023315,2.7103751184057763,0.7157339435123468,0.9046351375580318
"Peralta, Freddy",SL,opposite,66,-0.06899722376457963,1.6311414916087656,0.7858504210742538,0.8944351302059449
"Peralta, Freddy",SL,same,276,0.559670499618071,1.490871104529293,0.7499523541486508,0.8354626710376163
"Peralta, Luis",CU,opposite,48,0.19987948365886773,1.777098043603561,1.076264461798278,1.0926478618355815
"Peralta, Luis",CU,same,70,-0.4910662852406911,1.8394283141200933,0.9745270869252195,0.9653305830395457
"Peralta, Luis",FF,opposite,167,0.31415446401146874,2.8935922095404285,0.6933895348525817,0.8271385378048888
"Peralta, Luis",FF,same,141,0.0666995374443767,2.512747429033175,0.7850743888809187,0.8141407905615855
"Peralta, Sammy",SL,opposite,37,-0.163964998692505,2.2456005698713217,0.7298380799453481,0.5814331589904537
"Peralta, Sammy",SL,same,37,-0.5643615263268692,2.140539275469879,0.7956151107173645,0.5903702185276006
"Peralta, Wandy",CH,opposite,328,0.6752139735780676,1.8045238594035422,0.6784146112878896,0.6931249164601586
"Peralta, Wandy",CH,same,70,0.42807371263948973,1.5364586708211896,0.5881479915167481,0.7204867931014068
"Peralta, Wandy",SI,opposite,253,0.11938059121298118,2.55329856991959,0.8445869339875584,0.870815166808654
"Peralta, Wandy",SI,same,273,0.27028669046121984,2.327504296361277,0.7825288178727748,0.9169887575712985
"Peralta, Wandy",SL,opposite,32,0.36478703103870713,2.2853641223330583,0.744574239568975,0.7109051926387634
"Peralta, Wandy",SL,same,160,-0.5799348956222861,1.7273643617132781,0.6601640914469716,0.7981987428241644
"Pereda, Jhonny",FA,opposite,27,-0.00337275604602206,2.3462314831775806,0.6358205440320058,0.9399840437848135
"Pereda, Jhonny",FA,same,27,0.7058508143060784,2.3572186965287076,0.859278643800088,0.8771118746310619
"Perkins, Jack",CH,opposite,55,-0.6608364573707134,1.8931667665866108,0.6092372522551655,1.0489180845917805
"Perkins, Jack",CH,same,11,-0.07246063470417204,1.587544065830825,0.5420889676279453,0.8752380990922397
"Perkins, Jack",FC,opposite,60,0.4427077972297847,2.8324060068476737,0.6184945388844008,0.7139230542683374
"Perkins, Jack",FC,same,30,0.6519983452115575,2.504125694020708,0.500677864638438,0.6761562304779363
"Perkins, Jack",FF,opposite,128,-0.2179025956882357,2.990607224897712,0.7820466224812496,0.8824848403323478
"Perkins, Jack",FF,same,139,0.010099138149144624,2.855010029544781,0.788035723578191,0.8765310939635345
"Perkins, Jack",ST,opposite,93,0.30077563392657464,2.1788174986744586,0.7389062335501152,0.9842803129788079
"Perkins, Jack",ST,same,116,0.7407244865329206,1.9332252099849534,0.7237069151619742,0.8450456689170157
"Petersen, Michael",FF,opposite,100,-0.11062420915289332,2.918458454103125,0.6336056510579565,0.7682528992729032
"Petersen, Michael",FF,same,83,0.0023094490483856625,2.843541406884116,0.7042495204406087,0.8565020816744574
"Petersen, Michael",SL,opposite,57,0.43008395285621975,1.490394132844078,0.7124030306273242,0.8468668017391521
"Petersen, Michael",SL,same,78,0.24675876857543896,1.5004609981365669,0.8555297723925984,0.7700055757952035
"Peterson, David",CH,opposite,395,0.5170122095668793,1.9858493065207135,0.7945227385495567,0.7808575239109956
"Peterson, David",CH,same,17,0.37048134300790303,1.7688437998439104,0.7469021832767121,0.6822999158521316
"Peterson, David",CU,opposite,317,0.2247508337407705,1.9919241807391328,0.7703107470564654,0.9472577106577882
"Peterson, David",CU,same,53,-0.19795421240362476,1.8500367850654307,0.8574068994807099,0.9782884644562204
"Peterson, David",FF,opposite,540,0.079517903712491,3.1843511527158492,0.7395538096531479,0.7156848585453576
"Peterson, David",FF,same,63,-0.07548964353214598,3.1147670029090775,0.7806712715974453,0.8512846728163239
"Peterson, David",SI,opposite,549,0.4533271683926468,2.3544297642478975,0.7326503043436907,0.677837092075738
"Peterson, David",SI,same,249,0.3022995879869486,2.3319072217683603,0.7046028114851105,0.67937214814683
"Peterson, David",SL,opposite,331,-0.1581893595164556,1.5748445016210983,0.8428814312102445,0.8242841361182021
"Peterson, David",SL,same,185,-0.5519517981721282,1.5860343009461124,0.8147346660885005,0.7259058369339433
"Petty, Chase",SL,opposite,18,0.4095389809763849,2.137914674536807,0.5353066644435803,0.9750983589688568
"Petty, Chase",SL,same,36,0.7581169942533049,1.8250023331855283,0.7317055996104594,0.8366607900997235
"Pfaadt, Brandon",CH,opposite,374,-0.41796698646421787,1.778806089194219,0.7391723122679627,0.6434053760156783
"Pfaadt, Brandon",CH,same,83,-0.1165109800295728,1.621786959003692,0.75808294420029,0.5783079655491268
"Pfaadt, Brandon",CU,opposite,222,-0.06579084619508964,1.6391585932249366,0.8863416507610111,0.7683925556413226
"Pfaadt, Brandon",CU,same,63,0.32045972560980995,1.954420553861858,0.8261174500895762,0.8225827374150989
"Pfaadt, Brandon",FC,opposite,183,0.5822407225311567,2.691072638654213,0.6480878384839616,0.6137466757081212
"Pfaadt, Brandon",FC,same,84,0.521924681607886,2.5304113879370482,0.6905080860349851,0.625359777203019
"Pfaadt, Brandon",FF,opposite,435,-0.032846009507554265,2.924823363920604,0.7263394580397428,0.8028434220850365
"Pfaadt, Brandon",FF,same,247,0.47460441974341366,2.833151796483986,0.6637471418128481,0.7354290113350765
"Pfaadt, Brandon",SI,opposite,244,0.04286833058822187,2.322868568312052,0.7491171378621299,0.6341346555453323
"Pfaadt, Brandon",SI,same,441,-0.0816061237800402,2.1569485862729274,0.7450455150456431,0.5749573491169738
"Pfaadt, Brandon",ST,opposite,140,-0.053213429891802846,1.8299594654678344,0.9690168160882449,0.7217754865361683
"Pfaadt, Brandon",ST,same,402,0.862633737453906,1.8772068397040045,0.803502688762214,0.6448210938828505
"Phillips, Connor",FF,opposite,100,-0.42268757473820046,2.928930144945693,0.854949228265064,0.822999575001071
"Phillips, Connor",FF,same,88,-0.008926313636906873,2.527782510922475,0.8516020654617236,0.9560632318527952
"Phillips, Connor",ST,opposite,51,0.4517686226542188,1.622577005132523,0.9547764611473464,0.8218352589814777
"Phillips, Connor",ST,same,119,0.595949264036879,1.616699662791111,0.8911954017296859,0.883214340693462
"Phillips, Tyler",CU,opposite,219,0.0756100305240348,1.5167064199815214,0.7079070978910018,0.9775272065118679
"Phillips, Tyler",CU,same,38,0.36290506945346224,1.073334325717342,0.510130664116706,0.9289198653340157
"Phillips, Tyler",FF,opposite,92,-0.10334722429108838,2.4243690935466504,0.7128220793398329,0.8468461322013644
"Phillips, Tyler",FF,same,7,-0.2051926185459794,3.345462718371254,0.7406818998109989,1.1700482702161685
"Phillips, Tyler",FS,opposite,117,-0.07922268668811853,1.4526881848930937,0.7214357037616497,0.7440786101650317
"Phillips, Tyler",FS,same,35,0.10440150390081845,1.3321003790068593,0.7363366298807668,0.9678639426187498
"Phillips, Tyler",SI,opposite,109,-0.17696059312944337,2.0494266110255768,0.6676641666757602,0.7034926728447283
"Phillips, Tyler",SI,same,241,-0.12127501252841649,2.077057071913159,0.6708666628366866,0.6795162021181117
"Phillips, Tyler",ST,opposite,37,-0.14648693208271368,1.8671995220687454,0.74430229257484,0.6684577441145009
"Phillips, Tyler",ST,same,214,0.5191515846367338,1.694408785238885,0.7674249697707668,0.7363966840483368
"Pilkington, Konnor",CH,opposite,106,0.6221647674894278,1.8088736805903562,1.114865307070058,1.064465239066342
"Pilkington, Konnor",CH,same,2,-0.00037237780069744944,1.3329675156832002,0.07055006058040887,1.0122143605779415
"Pilkington, Konnor",FF,opposite,177,0.07492588492264267,2.5631010968466903,0.8825044986069763,0.787743361768336
"Pilkington, Konnor",FF,same,118,-0.33013997766878916,2.646091154673675,0.718121670183601,0.8134878315019426
"Pilkington, Konnor",SL,opposite,20,0.053823858763253615,1.9927425723225767,0.7807554491420778,1.07582741485373
"Pilkington, Konnor",SL,same,77,-0.7717459036842771,1.7222188862781012,0.989358888724122,1.090318007939723
"Pivetta, Nick",CU,opposite,535,-0.20450252495890806,2.1922641659671056,0.6083193097024572,1.0015298539838817
"Pivetta, Nick",CU,same,103,0.18559471610833983,2.0572302284407105,0.6428784004180332,0.884611552284798
"Pivetta, Nick",FC,opposite,60,-0.030138486754574197,3.0933040105678473,0.7636855035110254,1.0529391726563186
"Pivetta, Nick",FC,same,190,0.3957150432695014,2.594390314235662,0.6169494586912626,0.7945436454922785
"Pivetta, Nick",FF,opposite,763,-0.02470633606727174,3.1739611718979894,0.6383388908234394,0.8440794161363478
"Pivetta, Nick",FF,same,587,0.19892776929327047,3.0364980540774296,0.6599949026474681,0.8004959627899891
"Pivetta, Nick",SI,opposite,2,-0.008161714000530298,3.7770675854227314,0.1566269485810618,0.6536035451279814
"Pivetta, Nick",SI,same,63,-0.48937905198546744,2.3515530773029814,0.6488248206471265,0.8529231946763931
"Pivetta, Nick",ST,opposite,58,-0.14432513943036943,2.6604248462369062,0.7296377368246927,1.0133085306336358
"Pivetta, Nick",ST,same,471,0.680980243963326,2.4114078730135367,0.6259443226606369,0.9625341880856987
"Poche, Colin",FF,opposite,79,-0.03389723698113396,2.9126704306189573,0.6876407994576849,1.0005025059964652
"Poche, Colin",FF,same,96,-0.16349127696998955,2.74544218173099,0.6718632232915963,1.064215023727266
"Poche, Colin",SL,opposite,28,-0.6192186618509777,2.180033001438586,0.6373486033513274,1.5756252796102204
"Poche, Colin",SL,same,41,-0.5941858213618192,2.466457335364137,0.5317418241252952,1.2272678068315803
"Pomeranz, Drew",FF,opposite,375,0.1914137254490796,2.968865624861886,0.7166399252932479,0.7394936351278649
"Pomeranz, Drew",FF,same,298,0.06977798803092317,2.925169164909176,0.685592878526708,0.7261978802389824
"Pomeranz, Drew",KC,opposite,143,-0.19690505143881348,1.6844607066766926,0.8558162700749188,1.049926426401768
"Pomeranz, Drew",KC,same,59,-0.19918991044285625,1.7993370893235936,0.9517143279017029,1.1261250851637166
"Pop, Zach",SI,opposite,24,-0.15600619019149028,2.3991354046438973,0.5411713788859928,0.8250504014134704
"Pop, Zach",SI,same,46,-0.19646708502567084,2.305061842483051,0.8208997719359625,0.6020576953717451
"Poulin, PJ",CH,opposite,94,0.4329511742362015,1.695707908302755,0.8760285624702375,0.7710683510985861
"Poulin, PJ",FF,opposite,116,0.05137002569540739,2.9033279597576414,0.7380412372004168,0.6916670360978869
"Poulin, PJ",FF,same,70,-0.2634205850543573,2.7686511429953304,0.8750335169064408,0.7360100361636415
"Poulin, PJ",ST,opposite,26,-0.6884325232081727,1.7626326533126453,0.8157247642311345,0.8019706347452581
"Poulin, PJ",ST,same,75,-0.6770262808573922,1.8771018660923802,0.8873362903536479,0.6223024047286707
"Povich, Cade",CH,opposite,292,0.43288405351570236,1.902638526574679,0.8966306608346573,1.1916100254174142
"Povich, Cade",CH,same,4,0.1724099526696318,1.9353928678467562,0.8041936523775376,0.7960285170911606
"Povich, Cade",CU,opposite,393,-0.03982654585832814,1.6846935739725422,0.7012003241710949,0.854026987917723
"Povich, Cade",CU,same,37,-0.5498197124773816,1.3194796377027602,0.8051827749409991,0.8491282718435519
"Povich, Cade",FF,opposite,611,0.0893545449450686,2.8949508436607,0.7297360339252968,0.8160009146221073
"Povich, Cade",FF,same,122,-0.34246890103453964,2.7608151475098355,0.6630608811806199,0.7604057726558214
"Povich, Cade",SI,opposite,82,0.4404214815039045,2.598450289874947,0.9517958727263066,0.7081682560644881
"Povich, Cade",SI,same,160,0.013534042426586023,2.705851024675038,0.6893768314622819,0.7629712406751794
"Povich, Cade",ST,opposite,85,-0.15757847613431242,1.9121881406097745,0.8393213727366634,1.0057040352571502
"Povich, Cade",ST,same,118,-0.6566009066551629,1.7921533875846445,0.7429821685048116,0.8639492249548122
"Pressly, Ryan",CU,opposite,84,-0.11001391597046227,1.9297428097207034,0.7077873444342706,0.8917143626036775
"Pressly, Ryan",CU,same,75,0.19707074361670698,1.6452052707516185,0.7787189869404473,1.0126799816390213
"Pressly, Ryan",FF,opposite,126,-0.16231032395729897,2.8460148582556117,0.5862341137485644,0.7818157429989097
"Pressly, Ryan",FF,same,113,0.02193399992086972,2.7264207420527105,0.5607258094363818,0.9310769920714943
"Pressly, Ryan",SI,opposite,25,-0.8702085955985774,2.2041974418772607,0.6602453174444965,0.6719595555089125
"Pressly, Ryan",SI,same,52,-0.6088902518570938,1.5328754554104778,0.6605653506527239,0.9282881706852579
"Pressly, Ryan",SL,opposite,57,0.23441020351520178,1.774859531559771,0.6536928573802033,0.9387130121369766
"Pressly, Ryan",SL,same,77,0.1078660273636958,1.8414388957539065,0.6025476837973833,0.8510990052282608
"Priester, Quinn",CU,opposite,172,-0.16824417745880965,1.5267378609734508,0.7445121943722172,0.9901448001989754
"Priester, Quinn",CU,same,62,0.148697877305031,1.5633723389533347,0.714289293896362,0.861604812620281
"Priester, Quinn",FC,opposite,283,-0.1188855910712174,2.8804569610744024,0.7556396079498205,0.7987195150565718
"Priester, Quinn",FC,same,262,0.39977305721580425,2.6750365550511415,0.7891705918991166,0.9160152365957104
"Priester, Quinn",SI,opposite,477,-0.37160126302829616,2.3212860937297535,0.8303832738884708,0.7152348772499519
"Priester, Quinn",SI,same,585,0.1629593720765192,2.3702781396615085,0.7651979085285352,0.7489085801308075
"Priester, Quinn",SL,opposite,197,-0.07417892358625094,1.7312624066200772,0.6992187717838574,0.8283391486385545
"Priester, Quinn",SL,same,490,0.4738582990866476,1.5846015921854197,0.6910560094074875,0.8002587008275461
"Puk, A.J.",FF,opposite,60,-0.13335890216169016,2.7844309087216828,0.6765852118499563,0.6188966465568663
"Puk, A.J.",FF,same,37,0.0289727726636953,2.6782309590225557,0.5657326060497722,0.6649646808396971
"Puk, A.J.",SL,opposite,38,-0.38504637693670835,1.556429024559995,0.9193190782613972,0.7980779295161952
"Puk, A.J.",SL,same,19,-0.7834136663702248,1.7236554119978695,0.6854485337655999,0.6009944115153414
"Pérez, Cionel",SI,opposite,100,0.34827527572768524,2.3952383423662296,0.8714873497642754,0.9330064779297094
"Pérez, Cionel",SI,same,86,-0.08410408944829643,2.186015495827032,0.7204160399856133,0.874639152367546
"Pérez, Cionel",SL,opposite,56,-0.06213619844253365,2.022251952937764,0.6994206999185995,0.9282134531065904
"Pérez, Cionel",SL,same,44,-0.3330977021381964,2.1044492779973107,0.8136870742049157,0.7900689658737103
"Pérez, Cionel",SV,opposite,72,-0.3205084611256702,1.9909443085914968,0.9969783562112694,0.9754896443955648
"Pérez, Cionel",SV,same,23,-0.5121498062697147,1.8582590320377463,0.7119583841311712,0.9864540866446859
"Pérez, Eury",CH,opposite,116,-0.46379448401271306,0.8778687287994615,0.8458845882039572,0.9687140378374883
"Pérez, Eury",CH,same,15,-0.23694626942910674,0.4142745994558511,0.7227125357174045,0.92984279260706
"Pérez, Eury",CU,opposite,134,-0.13918343830964422,1.822463444460882,0.7719766548091546,1.0632456425607393
"Pérez, Eury",CU,same,20,0.08602115059029955,1.765233147284889,0.7553087663666973,0.8840724114770513
"Pérez, Eury",FF,opposite,525,-0.22904494374782602,2.680393470224843,0.675252090413027,0.8042837862202327
"Pérez, Eury",FF,same,334,-0.1676833345396228,2.4806452693130336,0.7183715186890168,0.8606666748290496
"Pérez, Eury",SL,opposite,202,0.12828334820848725,1.9179858126421443,0.8819133211240987,0.8033461553690824
"Pérez, Eury",SL,same,164,0.47613770172569586,1.5182707693908428,0.7891020921064207,0.8418422272421976
"Pérez, Eury",ST,opposite,16,-0.3069161423102513,2.6678989172761396,0.9257542924216188,1.0530488992544031
"Pérez, Eury",ST,same,114,0.09401013105471992,2.157246713223131,0.9031479689574793,0.7488726310014976
"Pérez, Martín",CH,opposite,203,0.4675254898400233,1.6169008615829445,0.6152489398671788,0.6223757640955522
"Pérez, Martín",CH,same,57,-0.1511781951428652,1.6526551577087467,0.5023311427718543,0.7074973424099015
"Pérez, Martín",CU,opposite,42,0.13187656096029338,2.2735971337285865,0.814722652216776,1.14247718530797
"Pérez, Martín",CU,same,33,-0.6244164967965227,1.970327354210725,0.6819939428891312,0.7997056931119801
"Pérez, Martín",FC,opposite,220,0.03145641536959325,2.815963949719474,0.7350557632203565,0.8809009109508743
"Pérez, Martín",FC,same,35,-0.3968063848933111,2.1806500006070038,0.7362697961660435,1.1234887027362526
"Pérez, Martín",SI,opposite,189,0.14697260754531968,2.489386708085377,0.8240761071714027,0.7454254578906928
"Pérez, Martín",SI,same,91,0.14340670415712958,2.4973638618297453,0.7837847998985389,0.6789118750261147
"Quantrill, Cal",CU,opposite,102,-0.34708136951015656,1.6576740688975116,0.6523865644267399,1.0880402811924046
"Quantrill, Cal",CU,same,131,0.21006095683158296,1.6105759487651718,0.7382260434025751,1.1101871623401844
"Quantrill, Cal",FC,opposite,277,-0.08916347557415,2.918645326177506,0.5849471155431024,0.8517401528207945
"Quantrill, Cal",FC,same,155,0.18411097885548378,2.4749292883947898,0.6420317032274961,0.951351372091084
"Quantrill, Cal",FF,opposite,148,-0.3617822074749443,3.255740247631768,0.6022588719422882,0.8633058714682843
"Quantrill, Cal",FF,same,153,-0.1965919086601203,3.439419756052588,0.5918210180433965,0.9582615537399489
"Quantrill, Cal",FS,opposite,263,-0.7347078019603513,1.9598726868512117,0.687745207782815,1.070125549565565
"Quantrill, Cal",FS,same,156,-0.45356356513366936,2.135213101128809,0.669894177548501,0.9972899796763466
"Quantrill, Cal",SI,opposite,164,-0.32724474642125356,2.5991531711440614,0.6774453934559542,0.7370116209123004
"Quantrill, Cal",SI,same,278,-0.4055117048445215,2.498393940391871,0.6812722493475112,0.731502628876181
"Quantrill, Cal",SL,opposite,9,-0.5731346950844936,2.153572974205951,0.6203158697270902,0.8081825251637574
"Quantrill, Cal",SL,same,159,0.3144277120079496,1.6810663567195172,0.7117101158163474,1.008673254344393
"Quintana, Jose",CH,opposite,480,0.617994252470877,1.5574627646699506,0.6546088987968216,0.7884030755424685
"Quintana, Jose",CH,same,18,-0.07815924287117208,1.4859974284723492,1.1290749606928554,0.834360128282502
"Quintana, Jose",CU,opposite,305,0.40275204073446014,1.5689831782421786,0.6797923479720017,0.7765021435392406
"Quintana, Jose",CU,same,5,0.1649459149881441,1.982284309926721,0.6141711397483511,0.8988683336863156
"Quintana, Jose",FF,opposite,202,-0.304645151139064,3.239945031522493,0.6255276431908943,0.7070905441479043
"Quintana, Jose",FF,same,66,-0.3271561552206275,3.1428021372121653,0.6794920279316891,0.892000017553838
"Quintana, Jose",SI,opposite,697,0.31839732080283845,2.307503235287893,0.694414124639211,0.7220835784675577
"Quintana, Jose",SI,same,297,-0.18947275841184782,2.462705913479363,0.6818765878294049,0.6251085714691333
"Quintana, Jose",SV,same,202,-0.8370247037676555,1.6072740206958784,0.7636850619070429,0.8242376698546945
"Ragans, Cole",CH,opposite,195,0.2050823683204385,1.9108527037945988,0.6630452876591536,0.919147487329708
"Ragans, Cole",CH,same,12,-0.16924283532643988,2.2658661951415495,0.5558350388687668,1.043036908630747
"Ragans, Cole",FC,opposite,47,-0.2564495081764119,2.3687553451141405,0.700946699592485,0.5668774946095969
"Ragans, Cole",FC,same,4,-0.5267402711430043,2.3710607399118624,1.014460320687637,0.3334546259483911
"Ragans, Cole",FF,opposite,387,-0.24023541551229302,3.0555126679585607,0.6194022439911292,0.7740810725714289
"Ragans, Cole",FF,same,147,-0.10204380469940091,3.1212397895374187,0.6834630190262301,0.712457447536733
"Ragans, Cole",KC,opposite,114,0.05076262720226224,1.9472399125399293,0.8241349334011224,1.0845510282243447
"Ragans, Cole",KC,same,24,-0.38219945113787673,1.9488143119207646,1.2686659124994855,0.9907745999471392
"Ragans, Cole",SL,opposite,61,-0.31885530314497773,1.5567607903750815,0.7833970064222864,0.9831060109964257
"Ragans, Cole",SL,same,88,-0.4348049070644642,1.7648795958306316,0.8009832093327652,0.9072082326342787
"Rainey, Tanner",FF,opposite,57,-0.06503781997104069,2.6734661188389097,0.7709000784485759,0.8997181693551988
"Rainey, Tanner",FF,same,49,0.11855536623589527,2.855506941599655,0.8143664602909919,0.8641257136814607
"Rainey, Tanner",SL,opposite,45,0.0905275439845002,1.5382294804270404,0.769693938531857,0.8945315262085813
"Rainey, Tanner",SL,same,50,0.4678726704764527,1.396521108156661,0.8348525145681397,1.0596882713997007
"Raley, Brooks",CH,opposite,50,0.997203788982517,2.18802811184013,0.7705259797974274,0.638598770157848
"Raley, Brooks",CH,same,3,1.2712278483380308,2.061853766184552,0.8215023737438159,0.4807232472308444
"Raley, Brooks",FC,opposite,58,-0.3386700917951136,2.946828068236286,0.8987262837611323,0.7718874062686858
"Raley, Brooks",FC,same,20,-0.2055254061911082,2.842545786567059,0.6009333138269137,0.6886868976806224
"Raley, Brooks",SI,opposite,55,0.23501382145472796,2.1240175263442964,0.9077456017699937,0.6992853219807902
"Raley, Brooks",SI,same,39,-0.0998409816228375,2.3438590961797057,0.6684320577630416,0.7145762417487699
"Raley, Brooks",ST,opposite,106,0.21075287174217805,2.441494281113711,0.7937007398289095,0.625173834477505
"Raley, Brooks",ST,same,57,-0.7352517899726337,2.5590833343096606,0.9442174592909183,0.6284727979363708
"Ramírez, Erasmo",FC,opposite,49,0.02301238394182824,2.6313546101705714,0.728090023569077,0.6888587425305502
"Ramírez, Erasmo",FC,same,21,0.28626763132237965,2.621554744714933,1.101462979492211,0.8147582761521427
"Ramírez, Erasmo",SI,opposite,24,-0.6472288621459344,2.1084871584250777,0.6308279299689431,0.6135108805851168
"Ramírez, Erasmo",SI,same,27,0.06438074541142429,1.9226272973832037,0.8332945170486217,0.6740054413000715
"Ramírez, Yohan",CU,opposite,91,-0.035235055160367686,2.053793336107672,1.0273905186152723,1.048992175054559
"Ramírez, Yohan",CU,same,25,0.053690326713646874,2.1033412629962402,1.0112236280458222,1.0251836292070038
"Ramírez, Yohan",FF,opposite,109,-0.12283583035991921,2.6594141134781055,0.8602339815141085,0.7558182931040813
"Ramírez, Yohan",FF,same,161,0.1843499518442776,2.551306661938534,0.7237968588647337,0.7385086702134926
"Ramírez, Yohan",ST,opposite,19,0.27931542658420044,1.7180905620430447,1.238913875364955,1.0061688131514184
"Ramírez, Yohan",ST,same,128,0.48199996060358424,2.0604149253206043,1.0464456138982308,0.9237499686323869
"Rangel, Alan",CH,opposite,36,-0.3701602899467596,2.252175776712921,0.6711868002430453,1.172768366610822
"Rangel, Alan",CH,same,18,-0.05664550348282712,2.282286070851393,0.736612170942679,1.2987620474923551
"Rangel, Alan",FF,opposite,38,-0.04178000594090797,2.8710206896498405,0.5338122471821204,0.8177325798777002
"Rangel, Alan",FF,same,38,0.017689168941199627,2.3140152823073863,0.5884348468310767,0.8288343820147746
"Rashi, Taylor",FF,opposite,84,0.09697607991402062,2.8222104396614895,0.6710004623924573,0.9846960247922224
"Rashi, Taylor",FF,same,94,0.16682223385252426,2.925159659218864,0.5513318997146003,0.9911242991329832
"Rashi, Taylor",FS,opposite,39,-0.4078000679439798,1.8145678013250097,0.7368909978683826,1.3363869654447162
"Rashi, Taylor",FS,same,39,-0.42800950451059905,2.2270177997591785,0.6782751493112429,1.3097224778918812
"Rasmussen, Drew",CU,opposite,96,-0.037815711817066736,2.3954512535090497,0.7394443230198395,1.0485145257050026
"Rasmussen, Drew",CU,same,3,0.6139417749926191,1.2563980064607563,0.594006990669686,1.365959810382384
"Rasmussen, Drew",FC,opposite,419,0.6289990025202542,2.0802175905932234,0.5688073652232336,0.8559829744250494
"Rasmussen, Drew",FC,same,309,0.6197816945976017,2.2739825592890255,0.6135035008590122,0.8272228769795317
"Rasmussen, Drew",FF,opposite,579,-0.1431974870799199,3.139866967180948,0.5434403021543708,0.7972757717927342
"Rasmussen, Drew",FF,same,237,0.22782964173668813,3.0584707842525387,0.5681156454099355,0.8613740166987137
"Rasmussen, Drew",SI,opposite,186,0.5349896629635835,2.7123878808254913,0.5835911582362763,0.7575837182849275
"Rasmussen, Drew",SI,same,345,-0.45803249202648505,2.4075909979957575,0.589664827949533,0.6834009413107296
"Rasmussen, Drew",ST,opposite,12,-0.03062627964815236,1.5511037776452683,0.927657958776271,0.4867674386003454
"Rasmussen, Drew",ST,same,97,1.1537773386381518,1.7624850031297106,0.7786519220487996,0.8406554653732313
"Ray, Robbie",CH,opposite,399,0.3733739823501635,1.7861221654494759,0.7382954531150095,0.9552099194134687
"Ray, Robbie",FF,opposite,1189,0.1671250163546631,3.1486264926571943,0.6954301644588222,0.7376314146643433
"Ray, Robbie",FF,same,404,-0.04986182002368113,2.9654334952262418,0.6414541293617694,0.7652644256507382
"Ray, Robbie",KC,opposite,328,0.14760735294635627,1.5946966157663327,0.7288939979101247,1.0024409398875556
"Ray, Robbie",KC,same,42,-0.19074281322128517,1.8242364370214474,0.8505131905755843,0.9651343335236182
"Ray, Robbie",SL,opposite,474,-0.3331331916018596,1.8612174047278902,0.6746569126249239,0.913317707393338
"Ray, Robbie",SL,same,219,-0.6376489853569292,2.0181722906024233,0.7365086448449728,0.8689590518849735
"Rea, Colin",CH,opposite,288,-0.46172454735232865,1.8134232138546271,0.7580655354123883,0.8165558757375128
"Rea, Colin",CH,same,28,-0.3959176002888822,1.6765409634720911,0.9511371200199837,1.0328443699119148
"Rea, Colin",CU,opposite,235,-0.34102297822316274,2.171657531223438,0.6743820331478751,0.7531553211061236
"Rea, Colin",CU,same,16,-0.1963858979095298,2.236860575927846,0.7548837441629158,0.9067536901653187
"Rea, Colin",FC,opposite,118,0.5174886279452046,2.687475677507755,0.9342220884593273,0.6892590834646471
"Rea, Colin",FC,same,84,0.5636763750104686,2.2843116254710836,0.6820504469953563,0.6938352761823476
"Rea, Colin",FF,opposite,658,-0.14479648898332395,2.8311076030303157,0.759289106724218,0.7127325322431823
"Rea, Colin",FF,same,432,0.23855246300664426,2.8081722178376536,0.6776553211999644,0.7031698161621972
"Rea, Colin",SI,opposite,47,0.31637648459540224,2.7612456973952635,0.9253930493112159,0.8032926478304719
"Rea, Colin",SI,same,239,-0.4439461981243898,2.4452158510344244,0.9312740616795634,0.6309193787442763
"Rea, Colin",SL,opposite,54,0.22541507135892727,1.6273439992059362,0.7443272340263914,0.705920456121804
"Rea, Colin",SL,same,210,0.6025375437205152,1.6795153776596026,0.7540621008365397,0.7383130905586961
"Rea, Colin",ST,opposite,13,-0.7046527320824114,2.83590088201526,0.6629813650829297,0.6447658329652358
"Rea, Colin",ST,same,232,0.5928070312621367,2.1288161044869036,0.7934450597289933,0.82773857904204
"Reynolds, Sean",FF,opposite,121,-0.004455916188961622,2.9016422419450554,0.6910005078850133,0.9144674237859457
"Reynolds, Sean",FF,same,135,0.13917704671381306,3.078893922358275,0.72889766783022,0.8437859836454594
"Reynolds, Sean",SL,opposite,60,-0.15294222550319128,2.4538844157782336,0.7175220833003149,0.9734743370830123
"Reynolds, Sean",SL,same,98,0.20734572424668454,2.6673985900852797,0.8121789503271691,0.9384639280382502
"Reynolds, Sean",ST,opposite,11,-0.9915652052037199,2.604926436483547,1.0935717518564807,0.8624735802190006
"Reynolds, Sean",ST,same,41,0.4443078812976449,1.9414131730833606,0.9203079259995958,0.9373861507695728
"Ribalta, Orlando",CH,opposite,59,-0.4632464197725598,2.186855367072313,0.7677538421092771,1.1743131015917971
"Ribalta, Orlando",CH,same,46,-0.10105837471231462,2.179581615846145,0.5845869574530338,0.9995979447255275
"Ribalta, Orlando",FF,opposite,111,-0.36229360768143787,3.098683028017304,0.6223930569651018,0.826714663103633
"Ribalta, Orlando",FF,same,73,0.16976763948394163,3.2531476654907743,0.5534698764070323,0.7259576216243753
"Ribalta, Orlando",SI,opposite,15,-1.013288370798113,2.478248759620315,0.6899578119594159,0.5292899714759349
"Ribalta, Orlando",SI,same,80,-0.7717776672234323,2.627000478480877,0.5755005922085477,0.8376386373523378
"Ribalta, Orlando",SL,opposite,41,-0.08654238565253292,1.9774109859210083,0.5774326011503141,0.7378816047543932
"Ribalta, Orlando",SL,same,76,0.6381622974637197,1.920559044034108,0.6333536884787955,0.8984737108171725
"Richards, Trevor",FF,opposite,20,-0.121673361508703,3.22030775067595,0.6169489653036369,0.5346523795448334
"Richards, Trevor",FF,same,48,-0.06544275498923849,3.232274345541345,0.5399658077045499,0.7220445946296743
"Richardson, Lyon",CH,opposite,143,-0.3144307731068634,1.800002504589517,0.7104445108989869,0.7289044676657555
"Richardson, Lyon",CH,same,130,0.4160500381088952,1.815441299811813,0.7498799993975671,0.6128230330318507
"Richardson, Lyon",CU,opposite,13,0.45799101538436937,1.849355385954799,1.061489279197197,1.1773332845324085
"Richardson, Lyon",CU,same,52,1.1113615642037598,1.8920622185221037,0.8084248998825201,0.9021648043125594
"Richardson, Lyon",FF,opposite,83,-0.04606829757345703,2.7872401394076936,0.8345589631181289,0.8335016235436756
"Richardson, Lyon",FF,same,55,0.8576100345591763,2.7778164520880613,0.7932296671616857,0.9737002236018991
"Richardson, Lyon",SI,opposite,26,-0.2951495690799737,2.2419768192628946,0.7446237822038677,0.9441890426498829
"Richardson, Lyon",SI,same,170,-0.03149122433896405,2.3540931297672523,0.8161404833801041,0.7189360144211414
"Robert, Daniel",FC,opposite,28,0.3746916049883585,2.6261896977641954,0.6980138967716407,0.7442300815893252
"Robert, Daniel",FC,same,38,0.4155517464006596,2.502817974361843,0.7711799158197207,0.7755110175928
"Robert, Daniel",FF,opposite,34,-0.2519761417742996,2.9538516620394653,0.8775019773279756,0.7574066738045362
"Robert, Daniel",FF,same,26,0.0908926823790992,2.5192493497710844,1.0473752997160832,0.7308443027404891
"Robert, Daniel",ST,opposite,44,0.24582384530481327,2.4448121399381297,0.8761984900923661,0.6441094027819645
"Robert, Daniel",ST,same,62,0.4558643657747548,2.462862159377603,0.7732756033180774,0.8983663615035605
"Roberts, Ethan",FC,opposite,29,0.08077388787606302,2.779568750183864,0.8600425641330808,0.6743846745355189
"Roberts, Ethan",FC,same,23,0.18891857193513723,2.8233541387077783,0.6616847191821651,0.7910380673759433
"Roberts, Ethan",ST,opposite,33,0.11531857587402064,1.894753833348002,1.0220505368739534,0.8770286718790887
"Roberts, Ethan",ST,same,50,0.559510625100628,2.093169790809106,0.7790275129253581,0.7562818793731504
"Robertson, David",FC,opposite,81,-0.251220156787898,2.662280213730175,0.8074193969437988,0.7070275716523793
"Robertson, David",FC,same,81,0.10608017819383579,2.284492419634713,0.5543822132116483,0.824970448522588
"Robertson, David",KC,opposite,55,-0.20260688503053195,1.5861792115449773,0.606042922656672,0.8583711846943721
"Robertson, David",KC,same,53,-0.05966398003830508,1.4706935167218147,0.6560884632377146,0.9623208800268053
"Rock, Joe",SI,opposite,30,0.11924078941322001,2.1134851795520655,0.6836871486898444,0.741780812434047
"Rock, Joe",SI,same,34,0.19628312682320553,2.3768885537225195,0.811475239168526,0.839743263801241
"Rocker, Kumar",CH,opposite,67,-0.33220300782604667,1.7813294206355628,0.8046785116557141,0.7797530894581399
"Rocker, Kumar",CH,same,2,0.4274338923001176,1.7367236163851958,0.3003369745187956,1.3448388416163402
"Rocker, Kumar",CU,opposite,50,-0.28692343430744394,2.088914740948399,0.8946274962603077,0.9953654158230163
"Rocker, Kumar",CU,same,21,-0.20644729788920962,1.977117147460495,0.8245392945230734,0.8423200820369314
"Rocker, Kumar",FC,opposite,156,0.19478292950652923,1.6664173518903438,0.7974246908302797,0.8803910509249016
"Rocker, Kumar",FC,same,130,0.5379806811588342,2.043497042396448,0.6864522122979424,0.9054871322016323
"Rocker, Kumar",FF,opposite,143,-0.03486929624097219,2.863896067225153,0.6237115556881697,0.7090260593385621
"Rocker, Kumar",FF,same,85,0.32134274196839574,2.8289645462556887,0.6992204157186879,0.8003414754417982
"Rocker, Kumar",SI,opposite,156,-0.03538608973829781,2.345539409677557,0.7994322411291486,0.7907232718103315
"Rocker, Kumar",SI,same,137,-0.36663058911575824,2.345565361480892,0.6860265240762736,0.709584273838176
"Rocker, Kumar",SL,opposite,78,0.1633819672891655,1.6126854861139204,0.7687889262163199,0.989457251707419
"Rocker, Kumar",SL,same,102,0.3274040731089589,1.8752980588634465,0.8343890086258289,0.9757640663151336
"Rodriguez, Bradgley",FF,opposite,32,0.19222633394417704,2.6359630413603554,0.6572261329515454,0.9847250400756905
"Rodriguez, Bradgley",FF,same,20,0.8196786642059951,2.65280123503003,0.7583410428217072,1.1583330605092588
"Rodriguez, Carlos",FF,opposite,29,0.1683348277227676,2.8748452487628016,0.7612224870458331,0.7124218606069329
"Rodriguez, Carlos",FF,same,25,0.6835104843281802,3.1345166470723536,0.49268338747429397,0.8551136209677448
"Rodriguez, Eduardo",CH,opposite,503,0.4989711123939777,1.657329527724696,0.6093376229612357,0.7989744499972251
"Rodriguez, Eduardo",CH,same,28,0.4648800664971617,1.5624774964953276,0.6627309005180664,0.793175966821562
"Rodriguez, Eduardo",CU,opposite,67,0.1352503215192992,1.6117487731323314,0.6150463469772058,0.9176043542616398
"Rodriguez, Eduardo",CU,same,54,-0.5889619308313212,1.5051531056471585,0.6481141065147996,0.6552904837875526
"Rodriguez, Eduardo",FC,opposite,384,-0.11511403089812657,2.661684825703356,0.7851636857703957,0.7650886575576961
"Rodriguez, Eduardo",FC,same,19,-0.25780953446212895,2.217686953977278,0.7737198763206594,1.0389410199642155
"Rodriguez, Eduardo",FF,opposite,975,-0.036310197001404525,2.7614418314103726,0.6924999624009803,0.9190962250093183
"Rodriguez, Eduardo",FF,same,232,-0.3291525138576332,2.4782652752375713,0.5766668181524418,0.8110250374888509
"Rodriguez, Eduardo",SI,opposite,67,-0.17396574595317846,2.6032541367777253,0.848450205413352,0.8434472442328399
"Rodriguez, Eduardo",SI,same,160,0.4198279229074117,2.2150167279765065,0.7407653728653943,0.8041826690970638
"Rodriguez, Eduardo",SL,opposite,36,-0.1712368145422708,1.3544589398660056,0.7611713246324328,0.9322252925467301
"Rodriguez, Eduardo",SL,same,63,-0.6824142569111585,1.7686844354734927,0.6154474687887259,0.7975506791640814
"Rodríguez, Elvin",CU,opposite,25,-0.08642920451570398,1.390683945559359,0.5215112514872638,1.1677514088098926
"Rodríguez, Elvin",CU,same,45,-0.3373335592637942,1.935868720479708,0.629773135997411,1.1171041317615387
"Rodríguez, Elvin",FC,opposite,17,0.17201755549733364,2.6568554478251003,0.6822563732415518,0.9799795822987672
"Rodríguez, Elvin",FC,same,40,0.1900507439796798,1.9331584473643968,0.7876789304229708,0.8562720627049443
"Rodríguez, Elvin",FF,opposite,63,-0.33433366712961,3.1178761836015223,0.6758181615882465,0.8566645101618966
"Rodríguez, Elvin",FF,same,91,-0.1324842307808003,3.0909086994743777,0.6377825199403693,0.761443862058705
"Rodríguez, Manuel",FF,opposite,64,0.020008122977278574,2.569221182392287,0.8229214820460069,0.7739297959776801
"Rodríguez, Manuel",FF,same,6,-0.2134380862305633,2.9992354143132935,1.210515529387975,0.5942378546754024
"Rodríguez, Manuel",SI,opposite,9,0.4258412942980653,2.3414785029012832,0.5163877938097541,0.8082986574537141
"Rodríguez, Manuel",SI,same,138,-0.42056340289087824,2.459137766284647,0.7705832412676636,0.7995885339282947
"Rodríguez, Manuel",SL,opposite,74,0.3863025180001369,2.03233423800849,0.7228051673455128,0.9249916048327935
"Rodríguez, Manuel",SL,same,140,0.5722007852511855,2.011686402526755,0.7879840967351401,0.9172879079312019
"Rodríguez, Randy",FF,opposite,228,-0.2646607508662643,2.731051022943133,0.7584586050943057,0.8739950704674809
"Rodríguez, Randy",FF,same,220,0.11346107193111808,2.6763464573815616,0.8253809304235011,0.8417541471200841
"Rodríguez, Randy",SL,opposite,188,0.041813874659315964,1.9913436710355823,0.6744025370224943,0.7912764325004453
"Rodríguez, Randy",SL,same,172,0.3219567144781577,1.8056209756599952,0.7496632704904008,0.8348031459954331
"Rodríguez, Yariel",FF,opposite,222,-0.13104131638826041,2.8554438912554345,0.9059506029679192,0.7596778712046572
"Rodríguez, Yariel",FF,same,269,0.3028577290232672,2.9422397985558124,0.9132934853545851,0.8343819725404922
"Rodríguez, Yariel",FS,opposite,123,-0.6425944481290895,1.673455161374739,0.8276998310872081,0.9640054478418452
"Rodríguez, Yariel",FS,same,20,-0.24493935394860925,1.462834134257925,0.7140541192391414,0.8881684071829532
"Rodríguez, Yariel",SI,opposite,13,-0.8415902454549097,2.958721552175173,0.6610514937922497,0.47733756303866637
"Rodríguez, Yariel",SI,same,59,-0.820115625372099,2.4324462988649813,0.8047890974104432,0.7562416433077686
"Rodríguez, Yariel",SL,opposite,131,-0.2278586173579203,2.1812478541205,0.8432552195274708,0.8586927196374695
"Rodríguez, Yariel",SL,same,379,0.5439281117089387,2.003811739543678,0.8185478570076681,0.8768860889368376
"Rodón, Carlos",CH,opposite,545,0.5055391452675567,1.7201130950294734,0.7818505367222693,1.025882588677425
"Rodón, Carlos",CH,same,4,0.4721709268114813,2.273656148238635,0.970965323261012,0.9025824529158682
"Rodón, Carlos",CU,opposite,118,0.19755661345475425,2.1355724237744287,0.9046723446711398,1.4312221403783307
"Rodón, Carlos",CU,same,5,-0.26249341462115705,1.8588065443311912,1.1276281376899893,1.7225197605067306
"Rodón, Carlos",FF,opposite,1193,0.2124304196224005,2.561048361920628,0.7031373535039014,0.8912708081988016
"Rodón, Carlos",FF,same,225,-0.16093561218713348,2.5743425500354595,0.6663753825343598,0.8349532749076317
"Rodón, Carlos",SI,opposite,87,0.3423682062113277,1.7821826064412787,0.7368006325588785,0.8664262021231122
"Rodón, Carlos",SI,same,236,0.2621592355771894,1.8374812084380292,0.7192679199444665,0.8576143902594585
"Rodón, Carlos",SL,opposite,679,-0.16000887389279378,1.6802561252367192,0.760584595407148,0.9622550450505709
"Rodón, Carlos",SL,same,273,-0.5995105185386804,1.9683498477741692,0.7055872815100488,0.9032922760546116
"Rogers, Taylor",SI,opposite,254,-0.4223337317937943,2.635483410905517,0.6850957683983123,0.679821308606989
"Rogers, Taylor",SI,same,191,-0.300332501734958,2.458553344350233,0.7155222906856044,0.7117964161412232
"Rogers, Taylor",ST,opposite,234,-0.3909086987465082,2.258786636451272,0.8652284729663632,0.7818348526767157
"Rogers, Taylor",ST,same,228,-0.5366850757236974,2.207459395092432,0.8613380757178405,0.8018132122402545
"Rogers, Trevor",CH,opposite,369,0.2083272401897355,1.6838665707666574,0.7343262672507556,0.6009156646170586
"Rogers, Trevor",CH,same,38,-0.09129510529006461,1.700118139209376,0.7391689158131795,0.666879473301317
"Rogers, Trevor",FC,opposite,129,-0.0634235401276056,1.7367223344418463,0.9344962686129034,0.6118186124688573
"Rogers, Trevor",FC,same,62,-0.7641058066995554,1.6533197676538356,0.7728804446210936,0.5963560456510286
"Rogers, Trevor",FF,opposite,581,0.063312901891333,2.801473323253912,0.6978555725647522,0.6506124049653678
"Rogers, Trevor",FF,same,84,-0.5325258350525337,2.8904351266936414,0.7690852069157981,0.6143409918692994
"Rogers, Trevor",SI,opposite,163,0.20211403472076733,2.1667943682893394,0.7809165385468944,0.5839854074462723
"Rogers, Trevor",SI,same,79,-0.08301126318743592,2.3520361179321294,0.7037095458851179,0.6805773708901826
"Rogers, Trevor",ST,opposite,86,0.14840847145602437,1.8995142395290185,0.9661183193327916,0.6546917296660021
"Rogers, Trevor",ST,same,36,-0.25775860105118936,2.005018445883481,0.9621671277296445,0.5953728527760915
"Rogers, Tyler",SI,opposite,405,-0.3456365954681015,2.198936398177381,0.6990981954108832,0.5883037810225998
"Rogers, Tyler",SI,same,324,0.05318884474006342,2.193930166580412,0.7019781657568992,0.5528565828077122
"Rogers, Tyler",SL,opposite,70,-0.47416567078820965,2.4517739708720234,0.7516771527156755,0.7526537168133784
"Rogers, Tyler",SL,same,179,0.7569207230932143,2.459285634213354,0.8346008046689752,0.7260056198383629
"Rojas, Miguel",EP,opposite,19,-0.6450743320868034,3.7204111548094185,0.9736297795874261,0.9153061280406433
"Rojas, Miguel",EP,same,35,0.022533932841386124,3.390743874808375,0.7952467075196319,1.090682124922366
"Rolison, Ryan",CU,opposite,150,0.08151616658852696,2.076546498909693,0.7505652379830722,1.0554272727806349
"Rolison, Ryan",CU,same,76,-0.2302199505844915,1.8275477544546164,0.6852791291476517,0.9635497561740906
"Rolison, Ryan",FF,opposite,187,-0.23632574523000183,2.667344149341231,0.7494115670045737,0.8958020312124136
"Rolison, Ryan",FF,same,128,-0.23070853229111654,2.6869545366782757,0.678486750501968,0.9511722137388792
"Rolison, Ryan",SL,opposite,14,-0.14536698282514188,2.222873545931846,0.7381531624983962,0.8708737329362258
"Rolison, Ryan",SL,same,98,-0.14157511689577817,2.067182252150984,0.7630616466427439,0.8777587690205128
"Romano, Jordan",FF,opposite,131,-0.19809745879726506,3.0661870921172083,0.7925403437388322,0.8719497294301445
"Romano, Jordan",FF,same,127,-0.15443282690115745,2.989293887828069,0.8290859085401475,0.8613584055945033
"Romano, Jordan",SL,opposite,205,-0.03645005206777139,2.061136904369837,0.7022992478728747,0.9199755531476105
"Romano, Jordan",SL,same,238,0.17997688392508648,2.1485565480461397,0.7674340875520872,0.8520202002825313
"Romero, JoJo",CH,opposite,223,0.46210417803184073,1.6098450287244928,0.791902583827183,0.8038076382480753
"Romero, JoJo",FF,opposite,44,-0.4151521670173945,3.4311469847225635,0.6425104325325243,0.9677938291684985
"Romero, JoJo",FF,same,15,-0.562567040805398,2.8704025988742696,0.8364039374882042,1.0752252028063258
"Romero, JoJo",SI,opposite,169,0.20641169061535108,2.5478093721141195,0.6858723826243639,0.6474558253614322
"Romero, JoJo",SI,same,150,-0.16240996644083497,2.4787149556859744,0.6991670693169406,0.6930946297939022
"Romero, JoJo",ST,opposite,137,0.10183054648682302,2.0789085401892318,0.7846686567283094,0.7864830575711222
"Romero, JoJo",ST,same,238,-0.48482895675818627,1.9806929622054552,0.8463944655873445,0.8122597228861308
"Ross, Joe",CH,opposite,66,-0.4745025927180219,1.9985961929949896,0.6154614318328161,0.8133222751515818
"Ross, Joe",CH,same,6,-0.4324650685888966,2.3237650539759045,0.22632259232026858,0.7632963026903689
"Ross, Joe",FF,opposite,161,0.38377054066163147,2.959805314360405,0.7446097977087037,0.709485969502479
"Ross, Joe",FF,same,146,0.4915852966487514,2.7817763381064795,0.5612346664610873,0.6936518734198216
"Ross, Joe",SI,opposite,69,0.4651990784169553,2.9194478753886277,0.7690327609303226,0.6938941992684569
"Ross, Joe",SI,same,177,-0.21909468758403547,2.798281379578788,0.7310907199699648,0.7422159605090899
"Ross, Joe",SL,opposite,39,0.756536032790067,1.732370448656684,0.8723600211275675,0.7669575482630484
"Ross, Joe",SL,same,151,0.7077447236068556,1.920173075608555,0.6535801807094426,0.6607552504930132
"Roupp, Landen",CH,opposite,227,-0.46492900807706106,1.3885319842882944,0.7594291870855798,0.5773738766909873
"Roupp, Landen",CH,same,88,0.12524079540286193,1.2756652956453949,0.8460308227459589,0.6777017391892699
"Roupp, Landen",CU,opposite,307,-0.26454388879876595,1.9317628242306062,0.8325743958076086,0.6131972109347429
"Roupp, Landen",CU,same,353,0.4743034144526901,1.73079321130501,0.8127156125409327,0.5829437163747918
"Roupp, Landen",FC,opposite,89,-0.06483450606618656,3.1776611159818944,0.7330859344243191,0.6147146827780701
"Roupp, Landen",FC,same,35,0.6455375739606377,3.2007523887422997,0.8788858979712874,0.6708443912986545
"Roupp, Landen",SI,opposite,380,-0.21908294830043334,2.8377044579609154,0.7914741616434827,0.6168769587359738
"Roupp, Landen",SI,same,359,0.12289245438926102,2.378859671913898,0.8687405088807368,0.6143917675582079
"Roycroft, Chris",FC,opposite,26,0.2337282635339138,1.8811426300638385,1.0760696075135905,0.7837381787756125
"Roycroft, Chris",FC,same,66,0.7557890336608358,2.2377268371390713,0.9478863295014504,0.7492276938039365
"Roycroft, Chris",FF,opposite,80,-0.021013736705982954,3.2110705151380587,0.7984524412975607,0.7336560235620658
"Roycroft, Chris",FF,same,32,0.1166521102129084,3.247499873721492,0.6130539964070983,0.9244443266334147
"Roycroft, Chris",SI,opposite,41,-0.4553827259308461,1.9522448300272603,0.6725005439654862,0.4656910484291867
"Roycroft, Chris",SI,same,149,-0.01912367701823779,2.0141037762726137,0.9307112782347445,0.6111576762865631
"Ruiz, José",CU,opposite,27,0.07668587637651542,1.4631529462982422,0.5069924757512646,0.8854743118170098
"Ruiz, José",CU,same,65,0.6504046996403041,1.7245123012854122,0.6347880040725626,0.8860209959745804
"Ruiz, José",FF,opposite,43,-0.04892639062685488,3.089823685767618,0.6731260427457535,0.9459232848458866
"Ruiz, José",FF,same,72,0.03524237186837229,3.071197105803595,0.7271475894518865,0.7813492322806317
"Rutledge, Jackson",FC,opposite,100,0.3666270400741726,2.8275760302667363,0.8034378301351865,0.8014082032152462
"Rutledge, Jackson",FC,same,75,0.3156642756005192,2.799534368192256,0.7508183655008871,0.8396037539250087
"Rutledge, Jackson",FF,opposite,164,-0.013460044079712899,2.9981638401694575,0.7897965839582394,0.8350081305856387
"Rutledge, Jackson",FF,same,86,0.35550483403297406,3.1593110531373423,0.8585858589682666,0.894010434592633
"Rutledge, Jackson",FS,opposite,113,-0.2503617704607872,2.091087487852699,0.9282386994158489,1.060014800677455
"Rutledge, Jackson",FS,same,13,0.21074376781450296,2.469961174895415,1.0008614789135037,0.9399409795679977
"Rutledge, Jackson",SI,opposite,126,-0.23208821709597605,2.5824724311494625,0.8013499379936573,0.7151167687538333
"Rutledge, Jackson",SI,same,311,-0.03662651842852949,2.7952922148003765,0.7270750304445872,0.6769620115232334
"Rutledge, Jackson",SL,opposite,62,0.3150134195623868,2.1027772501801034,1.1422670029943798,0.9862837619745377
"Rutledge, Jackson",SL,same,289,0.5630100954945859,2.2674311496358057,0.9262668384393459,1.110618460911619
"Ryan, Joe",FF,opposite,771,0.06933632133895265,2.827122593263587,0.6425919648578301,0.6753292381645296
"Ryan, Joe",FF,same,633,0.23088196871898906,2.8808953304251994,0.6393161849158285,0.663633238508642
"Ryan, Joe",FS,opposite,227,-0.06824546216841824,1.4090757065899613,0.7266866049932318,0.9187618784626879
"Ryan, Joe",FS,same,83,0.25401308072983964,1.192180893904086,0.7957457705673304,0.8617178828621865
"Ryan, Joe",KC,opposite,72,0.37066701334184393,1.5969050969973162,0.8490619061720901,1.0377906048511165
"Ryan, Joe",KC,same,37,0.8656592256105282,1.6395662085661535,0.9765570962284753,1.0534325025855542
"Ryan, Joe",SI,opposite,98,-0.17835649513597857,2.249170609048969,0.7425273473980005,0.6303359297351065
"Ryan, Joe",SI,same,248,-0.1635851265457763,2.272824462836854,0.7806019375364609,0.6860255783342056
"Ryan, Joe",SL,opposite,113,0.433191826146424,2.185976089613334,0.7082832497814763,0.7627053523121277
"Ryan, Joe",SL,same,145,0.7478164520591764,1.8816341160155385,0.786875406046275,0.6937279526451342
"Ryan, Joe",ST,opposite,139,0.23824784588252454,2.085031984565348,0.8841198509942676,0.6565949651545853
"Ryan, Joe",ST,same,228,0.9415580836625661,1.9831604823223883,1.0182490550936818,0.6990282462343624
"Saalfrank, Andrew",CU,opposite,133,-0.06418828482508995,1.6822665407733275,0.6262242383959058,1.0154441101975138
"Saalfrank, Andrew",CU,same,58,-0.21592135974309057,1.7812120177270554,0.6426950653820377,1.2788994358871046
"Saalfrank, Andrew",SI,opposite,120,0.3250656715366563,2.052102999231464,0.6323883506551338,0.8242223106873879
"Saalfrank, Andrew",SI,same,75,-0.04307408037798005,1.86407229913319,0.68143376933586,0.8585966008029411
"Sabrowski, Erik",CU,opposite,64,-0.5895715730264209,1.7428631231511393,0.7045882347458866,1.286252224457615
"Sabrowski, Erik",CU,same,16,-0.12686085879975367,2.4309433340358564,0.737701614228927,1.1637476192412217
"Sabrowski, Erik",FF,opposite,231,-0.03519473287287811,2.890673581986993,0.7127060495091606,0.9511639993407022
"Sabrowski, Erik",FF,same,132,0.04518353375432949,2.8869333466931044,0.6861066971377614,0.9867228616263518
"Sabrowski, Erik",SL,opposite,22,-0.6332789455834916,2.462794831483327,0.7179995746544807,1.1174189765823888
"Sabrowski, Erik",SL,same,64,-0.3916121418719463,2.4120903748383764,0.6642272774859379,1.0737869236821267
"Salazar, Eduardo",FF,opposite,100,0.16960668214624458,3.1264189963899827,0.7096482085069113,0.9005561332180959
"Salazar, Eduardo",FF,same,19,0.22449093110612536,3.3050939549880174,0.6250100787457891,0.9428889701239027
"Salazar, Eduardo",SI,opposite,96,-0.10653879712392711,2.555502270410696,0.7272965768199393,0.7520914325328241
"Salazar, Eduardo",SI,same,149,-0.22641955564391847,2.4806497669691465,0.6955570324604496,0.7651295043255727
"Salazar, Eduardo",SL,opposite,61,-0.003254707722910854,1.9651339088506101,0.7608148051272804,0.8456560240380998
"Salazar, Eduardo",SL,same,112,0.6675924142588865,1.8744903176082486,0.7964275524328499,0.982157930697538
"Sale, Chris",CH,opposite,147,0.3224076156811856,1.8709343325181593,0.8450344088849553,0.6382053627198367
"Sale, Chris",CH,same,7,-0.27603281534836016,2.120625763696633,1.0604463771901433,0.5985832311217635
"Sale, Chris",FF,opposite,728,0.10936528251728793,2.949779423614971,0.7535538091004884,0.6606891981634754
"Sale, Chris",FF,same,118,-0.1713600721848782,2.749988436397126,0.7760042626923611,0.719275426657023
"Sale, Chris",SI,opposite,13,0.7142678390291136,2.430387231585393,0.9509581736429342,0.5341414367382478
"Sale, Chris",SI,same,58,0.7095260453322964,2.395630961774145,0.6528178975645809,0.463816329822138
"Sale, Chris",SL,opposite,768,-0.029908890162885404,1.8212749822159209,0.8853064398078605,0.6987637588896768
"Sale, Chris",SL,same,192,-0.5771585831935923,1.7561039234828206,0.9272915608179906,0.6549719640336312
"Sanders, Cam",FF,opposite,29,-0.6059985672458573,2.764347844636322,0.9507092677982693,0.9014675069612542
"Sanders, Cam",FF,same,48,-0.27084563657062627,2.4402696518978657,0.7652768488493902,0.7970662733766999
"Sandlin, Nick",FF,opposite,31,-0.15451083964380957,3.343359464203245,0.9779671379353331,0.572988822486434
"Sandlin, Nick",FF,same,29,0.2904581664287118,3.0890250167656257,0.788379017884935,0.5826220794645599
"Sandlin, Nick",FS,opposite,46,-0.6699238981357708,1.8585199159544963,0.8900442394662168,0.7162805629406862
"Sandlin, Nick",FS,same,11,-0.20433927083906755,1.7995096561543784,0.8992596865519457,0.45450069025117223
"Sandlin, Nick",SL,opposite,49,0.22250632062890743,2.1692119421996763,0.9861181514294146,0.6083881599291756
"Sandlin, Nick",SL,same,92,0.7356923897382465,2.1581029845966864,1.0241538654200772,0.5980264152192446
"Sands, Cole",CU,opposite,86,0.2506150344802864,1.699728823941485,0.9860263732769207,0.9856435045867907
"Sands, Cole",CU,same,127,0.8526121124016688,1.6536739113708745,0.9978888655971022,0.8731936607796303
"Sands, Cole",FC,opposite,141,0.3121679715273844,2.7128323240421786,0.8012680164594762,0.8209651319970361
"Sands, Cole",FC,same,131,0.3449355250306331,2.5749019349562587,0.6938277967073534,0.7303384653093857
"Sands, Cole",FF,opposite,179,-0.2621097850987385,2.7325435214350677,0.712232082318509,0.78935356770188
"Sands, Cole",FF,same,125,0.034921566772835616,2.8017909098315377,0.6724020029073977,0.7885379011776565
"Sands, Cole",FS,opposite,164,-0.29174525440812393,1.7829706814369346,0.6807341505932274,0.792319030938493
"Sands, Cole",FS,same,83,-0.27518249438722403,1.5927249209548677,0.6482389839287602,0.8422804997934995
"Sands, Cole",SI,opposite,4,0.03791271524445487,1.9402832781331996,0.34177033804791146,1.0692437879738148
"Sands, Cole",SI,same,99,-0.38671491313169487,2.333156549548875,0.675597575235408,0.727885952158939
"Sanoja, Javier",FA,opposite,70,-0.46901237694182185,2.8940296027664605,0.8957978875974333,0.8134137882655901
"Sanoja, Javier",FA,same,98,0.22760277388004926,2.445263940854478,1.0348817955250538,0.8102261927259353
"Santana, Dennis",CH,opposite,59,-0.06365706117811896,1.567940891239035,0.7637067748570502,1.098922252427332
"Santana, Dennis",CH,same,2,-0.5457886638433443,2.364724743764945,0.71957629081262,1.1288508801089334
"Santana, Dennis",FC,opposite,21,0.28853668953352674,2.528272469453621,0.6718235874037677,0.898657360836853
"Santana, Dennis",FC,same,82,0.2803448394052674,2.304052838998747,0.74775728317969,0.7620855779650254
"Santana, Dennis",FF,opposite,158,-0.03092323464983011,2.7569111582976396,0.646431756728049,0.7282662578926877
"Santana, Dennis",FF,same,129,0.11142737582144713,2.747966101246726,0.7114196214355749,0.8575224134591068
"Santana, Dennis",SI,opposite,7,-0.5618340175833522,2.244709954787356,0.5974945914537778,0.9307150447831134
"Santana, Dennis",SI,same,78,-0.21284117230661145,2.358788131794129,0.7494608584166397,0.7561994582646802
"Santana, Dennis",SL,opposite,181,0.22516902713544376,1.8422863941783307,0.6885385195297343,0.7468525263688064
"Santana, Dennis",SL,same,285,0.4609266718277689,1.8984444553244386,0.7511911330044735,0.7769465087268719
"Santillan, Tony",FF,opposite,446,-0.2749799016440899,3.045280861517387,0.6921423021118718,0.7922162630045626
"Santillan, Tony",FF,same,366,-0.003042523344702487,2.935673088540999,0.6593618621379417,0.7844944439138656
"Santillan, Tony",SL,opposite,89,0.21837449597664782,1.8502771959191529,0.7798265187133799,1.0468977363645777
"Santillan, Tony",SL,same,76,0.7262384953274376,1.7459588747810517,0.9309577435295107,1.0047710132243262
"Santillan, Tony",SV,opposite,122,0.11686667474585438,1.7245826273819411,0.7796119450965276,0.9279541970669741
"Santillan, Tony",SV,same,158,0.6198294977878118,1.6722070582396968,0.8205870222678987,0.9308915834697019
"Santos, Gregory",SI,opposite,19,-0.043466846850952916,2.4202224374397496,0.7015502093372625,0.7431613990889667
"Santos, Gregory",SI,same,32,0.16839752721073076,2.3133058247101386,1.0767593711964045,0.9375747187004526
"Santos, Gregory",SL,opposite,26,-0.05498057120146561,2.2812881633420194,0.9074865074758179,0.6680664319893554
"Santos, Gregory",SL,same,55,0.1338484692962545,2.133327019101772,0.889028846500221,0.7434515055713564
"Sasaki, Roki",FF,opposite,189,-0.35351803870166665,2.551555994703783,0.7121190353006596,0.7582132229216038
"Sasaki, Roki",FF,same,168,-0.016081690301001213,2.5312943107431445,0.6848616802218004,0.7362461862503564
"Sasaki, Roki",FO,opposite,171,-0.6360949848416303,1.759429556305187,0.952228448418186,1.0590396938454198
"Sasaki, Roki",FO,same,100,-0.6256298265423166,1.8658073250731027,0.8461254742807005,0.9460971623931431
"Sasaki, Roki",ST,opposite,40,-0.40370308547017036,1.7253553039463108,0.7448199573645684,0.7268675757374801
"Sasaki, Roki",ST,same,57,0.01823894465448951,1.9392307573600889,0.859571334365111,0.9480154485050833
"Saucedo, Tayler",SI,opposite,42,0.4155246018622956,2.1682613252634035,0.6071243339961662,0.6716815046481663
"Saucedo, Tayler",SI,same,73,0.008211303682352731,2.160589720616978,0.839938524816021,0.6163982625977741
"Sauer, Matt",FC,opposite,76,0.18594876496128623,2.369485672318476,0.877912640355165,0.8538404424076141
"Sauer, Matt",FC,same,87,0.36068361372183433,2.4635078656643747,0.6756119693230869,0.8510056916070304
"Sauer, Matt",FF,opposite,72,-0.06554642309909751,2.9244974570869946,0.6611756184866971,0.9500182153967704
"Sauer, Matt",FF,same,40,0.04342977893291731,3.121598510957333,0.7365480640125035,0.7647383345910987
"Sauer, Matt",SI,opposite,15,-0.5106755618184413,2.530102182436299,0.6665139027448076,0.8737084485263533
"Sauer, Matt",SI,same,75,-0.5176253302666212,2.3184632821502063,0.7627662427405926,0.903008658056654
"Sauer, Matt",SL,opposite,36,0.20285396691151783,1.6075425123207692,0.7718370733745752,0.8676070543886064
"Sauer, Matt",SL,same,60,0.18772676565893318,1.773078369149333,0.7827924191492067,1.148890556000403
"Scherzer, Max",CH,opposite,154,-0.4964119072517055,1.8506678700133874,0.8106753060724518,0.8102125873854881
"Scherzer, Max",CH,same,61,-0.23466843774222707,1.7279384418597734,0.7679657791918005,0.9112390950838793
"Scherzer, Max",CU,opposite,125,-0.184214785370528,2.090768972862935,0.7408972803361638,0.9218589356190998
"Scherzer, Max",CU,same,62,0.39903381824659223,1.7373650469136108,0.7432618571548604,0.9344130753822177
"Scherzer, Max",FF,opposite,414,0.03364826121160749,2.946606708149556,0.7193631863490615,0.7288820444907632
"Scherzer, Max",FF,same,342,0.06012994440387175,2.5920718883906013,0.7825924577045305,0.6767179804114941
"Scherzer, Max",SL,opposite,120,0.3004054713208354,2.405624880759861,0.6679691599442262,0.8912538053304305
"Scherzer, Max",SL,same,246,0.43987186996200756,1.7392626128125772,0.7233433281455978,0.7183196372871706
"Schlittler, Cam",CU,opposite,169,0.01798097013860787,1.821908974818506,0.7014473306175535,1.0220010189768174
"Schlittler, Cam",CU,same,39,0.32058109472712015,1.8231546524246915,0.746326791836388,1.089112051713467
"Schlittler, Cam",FC,opposite,156,0.09485701331916513,2.495420628862191,0.7172148969149409,0.9751400082366675
"Schlittler, Cam",FC,same,138,0.7018606731878086,2.498737955536512,0.7430473675071048,0.8922301303054142
"Schlittler, Cam",FF,opposite,496,-0.2668695277452862,3.022327152359624,0.7091040790174791,0.8200467928374507
"Schlittler, Cam",FF,same,288,-0.07164844159910716,2.98468392807172,0.6512387218438389,0.7903863053341119
"Schlittler, Cam",SI,opposite,14,-0.3308767459126634,2.413454913565841,0.8314692346549135,0.5923745898743586
"Schlittler, Cam",SI,same,104,-0.12763811285585477,2.560806534244652,0.6665787590561928,0.8443353929389105
"Schmidt, Clarke",FC,opposite,287,-0.04484764642553226,2.9250008926224904,0.7614388118268859,0.7381958941811394
"Schmidt, Clarke",FC,same,214,0.49315081916257,2.6166289441410324,0.6803007438845212,0.7183749184497398
"Schmidt, Clarke",FF,opposite,62,-0.2629082019137183,2.889005494889194,0.6695377899896324,0.8122328832185458
"Schmidt, Clarke",FF,same,31,0.42255068331690165,2.8565903469922267,0.67972040452853,0.8085647919841494
"Schmidt, Clarke",KC,opposite,189,0.210795084844891,1.8187251697129205,0.859320818981643,1.0056713683899718
"Schmidt, Clarke",KC,same,34,0.8844024146430228,1.4712285573434691,0.6868016121384455,0.986227620620559
"Schmidt, Clarke",SI,opposite,37,-0.18184074284775398,2.3661877590614253,0.7367364799627735,0.7309589695135589
"Schmidt, Clarke",SI,same,65,-0.15591446173395762,2.2046230413519083,0.8162909996164845,0.7990842748063585
"Schmidt, Clarke",SL,opposite,49,-0.06537232207994581,2.3300179449024667,0.8477617095540053,0.6803296750889575
"Schmidt, Clarke",SL,same,109,0.47499812677587944,2.3736305551837487,0.8591347821697668,0.6523118292216386
"Schmidt, Clarke",ST,opposite,21,-0.03993786134444265,1.4086740818948624,1.040724528143596,0.7939413272890601
"Schmidt, Clarke",ST,same,128,0.8044863018975439,1.6383717169246719,0.9991385945969294,0.724612347761771
"Scholtens, Jesse",FF,opposite,21,-0.1433083834634789,2.6798468682995558,0.778101893977923,0.7235034841724545
"Scholtens, Jesse",FF,same,38,0.3297080894644802,2.808581408206072,0.763411820455321,0.7841512598151775
"Scholtens, Jesse",SL,opposite,21,0.21137238097374206,2.099012302753582,0.8856514355561883,0.7977034666835761
"Scholtens, Jesse",SL,same,30,0.45949300713211777,2.373581992113087,0.5635927396825651,0.6834137248847985
"Schreiber, John",FC,opposite,118,0.2390836845689661,2.7335582816582837,0.775142545007117,0.599244700618409
"Schreiber, John",FC,same,78,0.6031602908762056,2.6108274636961206,0.8043950558803757,0.5461923320343931
"Schreiber, John",FF,opposite,176,-0.16884438065001386,3.045525733408529,0.6926690279960699,0.747741748499588
"Schreiber, John",FF,same,155,0.2925341559123067,3.0162317882643412,0.7268875552345125,0.6679993872213544
"Schreiber, John",SI,opposite,43,-0.21138128575419135,2.2464999298859754,0.9883120900356342,0.5725485516969242
"Schreiber, John",SI,same,160,-0.18454745447736423,2.080902077820949,0.728255873935026,0.583623588799333
"Schreiber, John",ST,opposite,93,-0.09456145999085086,1.8837839832040466,0.8064176050877003,0.6001050648851035
"Schreiber, John",ST,same,203,0.6296685644056705,2.006178133850795,1.020140315937488,0.6362118833934044
"Schultz, Paxton",CH,opposite,64,-0.4601805672429713,1.5717525238182357,0.7255715732775497,0.8816247030023482
"Schultz, Paxton",CH,same,23,0.00741206535659637,0.9863677769738889,0.703625605313963,1.0715479539493191
"Schultz, Paxton",FC,opposite,77,-0.460129826560777,3.089810818982457,0.7457293591157412,0.6818753443175963
"Schultz, Paxton",FC,same,52,0.3090065858772491,2.8578622643022316,0.7311221180772229,0.9207292526588655
"Schultz, Paxton",FF,opposite,97,-0.3512062319396785,2.88957143143696,0.6528781212688014,0.748969878277365
"Schultz, Paxton",FF,same,69,0.18811513827872403,3.0340051649260036,0.6645511084601641,0.7090033040604602
"Schultz, Paxton",SL,opposite,18,-0.5488789367527608,2.5579652803863016,0.7874925969585741,1.166790209317192
"Schultz, Paxton",SL,same,48,0.43227950568298934,2.0433976112459686,0.6394182661731485,1.052046041571133
"Schwellenbach, Spencer",CU,opposite,146,-0.258690211156867,1.7994646896257926,0.6852115736655111,0.8302138917502344
"Schwellenbach, Spencer",CU,same,34,0.3141513389887178,1.6984212761045385,0.6757106601223332,0.7667583389157581
"Schwellenbach, Spencer",FC,opposite,112,0.2986203654486418,2.653353237370919,0.7537070907503669,0.7301077601955108
"Schwellenbach, Spencer",FC,same,65,0.29372738920979113,2.795174169114499,0.6466929786975802,0.533800484902285
"Schwellenbach, Spencer",FF,opposite,342,-0.2715808280891127,2.6174494510065918,0.6741135635798752,0.6882964832472954
"Schwellenbach, Spencer",FF,same,213,0.18019301640161683,2.516457202569531,0.5353334522465373,0.6769758192691063
"Schwellenbach, Spencer",FS,opposite,170,-0.3287962853874552,1.3831898001214395,0.7015863398438015,0.8221677703518784
"Schwellenbach, Spencer",FS,same,48,-0.23665151158892705,1.0346665236074684,0.7745741050402059,0.7846082645871144
"Schwellenbach, Spencer",SI,opposite,20,-0.3452125804646462,2.204679650207388,0.7231909153589625,0.5869248470653738
"Schwellenbach, Spencer",SI,same,138,-0.5385239227134718,2.241645211001963,0.5948587568775942,0.6661691158498856
"Schwellenbach, Spencer",SL,opposite,96,0.2837225638485919,1.5257172717824574,0.7349593763078702,0.8550777962622952
"Schwellenbach, Spencer",SL,same,189,0.44338796818194093,1.7268788985049726,0.7165413205061225,0.7706436717627566
"Scott, Tanner",FF,opposite,350,-0.15063366651023402,2.679431112206807,0.6662246854102327,0.8076962156164743
"Scott, Tanner",FF,same,120,0.00825148753971278,2.64914265365211,0.7220617457871787,0.8055999999169765
"Scott, Tanner",SL,opposite,305,-0.49871900466749913,1.7198135416357296,0.6861979235217924,0.8481218754755596
"Scott, Tanner",SL,same,124,-0.4421594846248354,1.8206405573096796,0.7265138553637778,0.8159295000576016
"Scott, Tayler",FF,opposite,85,-0.5131581687151862,3.2671876726241824,0.779670864607552,0.5980964278129874
"Scott, Tayler",FF,same,171,0.1491607047062737,3.1753348701859707,0.7330096265643403,0.6445058263965932
"Scott, Tayler",FS,opposite,81,-0.38483783587147324,1.7018217649870293,0.8119755044425883,0.6821917484553518
"Scott, Tayler",FS,same,74,0.11660657825409267,1.4621501909123011,0.6821424313653706,0.5931761103341914
"Scott, Tayler",ST,opposite,26,-0.2556399451554693,2.5018019555893334,0.8752179925548148,0.5714760020615204
"Scott, Tayler",ST,same,49,0.36950329561108713,1.9772036914240647,1.020717088002626,0.6263569458406637
"Seabold, Connor",FF,opposite,55,-0.2830344586231134,2.984084712592948,0.7429320872441445,0.6487824671598897
"Seabold, Connor",FF,same,39,-0.046425753789795805,2.8121179670928074,0.7134534894363155,0.6815575073927381
"Sears, JP",CH,opposite,353,0.6991551196624924,2.066437512846452,0.8252393081792155,0.6925758431919564
"Sears, JP",CH,same,1,0.3756503026753797,2.238295724048717,0.0,0.0
"Sears, JP",CU,opposite,86,-0.6170037765481979,1.1482610610858364,0.8475001941584221,0.8038158225896683
"Sears, JP",FF,opposite,829,-0.005221726356877665,2.8939655343201154,0.7881447624466402,0.737154042676109
"Sears, JP",FF,same,120,-0.42524912398247194,2.771886072264374,0.7162976067956366,0.6373818968300012
"Sears, JP",SI,opposite,123,0.1403367827891798,2.0552692414790017,0.6433330522407145,0.6060467644650369
"Sears, JP",SI,same,37,0.34641866610742117,2.1891341328951106,0.8276968980674599,0.4800456364231872
"Sears, JP",SL,opposite,112,0.13340186732573012,2.623684982429697,0.751571837760666,0.6114084185820583
"Sears, JP",SL,same,49,-0.6111463053379835,2.6984067234029108,0.9037461282502642,0.6081145675432524
"Sears, JP",ST,opposite,480,0.07012977542729924,2.5732699600141102,0.8125150025573017,0.6731566430520982
"Sears, JP",ST,same,160,-0.7603526255123199,2.5571710145244007,0.812027179763951,0.6433234417938857
"Selby, Colin",KC,opposite,39,0.08571731166428322,1.5437723938391235,0.8048590439005834,0.9584089314629675
"Selby, Colin",KC,same,17,0.4169232731231522,1.3857936008850165,0.5983690744544299,0.9654333050013192
"Selby, Colin",SI,opposite,49,-0.14612471001704752,2.2794605196772415,0.8296673634935053,0.9291604538464916
"Selby, Colin",SI,same,41,-0.0854473538239438,2.578225498854819,0.7912503112765207,0.8157787165348823
"Senga, Kodai",FC,opposite,230,-0.04093412099122255,2.1907526607117997,0.6853195464599123,0.8951230259575808
"Senga, Kodai",FC,same,159,0.3977822589290202,2.0607058362471022,0.6406464112086117,0.8974642501801974
"Senga, Kodai",FF,opposite,316,-0.37102768822829296,2.5685892446378804,0.697681096108007,0.9177390713642564
"Senga, Kodai",FF,same,281,-0.08361722455211505,2.649827941159909,0.6242797874695156,0.9518431716707748
"Senga, Kodai",FO,opposite,320,-0.33978124813750027,1.376995525656798,0.6837418088684426,1.0002949775285044
"Senga, Kodai",FO,same,222,-0.09384897117543135,1.23405174617665,0.7294658068160588,1.0478653301426502
"Senga, Kodai",SI,opposite,72,-0.6471267701744099,1.8220653169601684,0.697552377060575,0.9802680280414712
"Senga, Kodai",SI,same,42,-0.40336471022511844,1.6574067987335857,0.7325971255449336,0.9996797593651018
"Senga, Kodai",SL,opposite,12,0.4072512228568059,1.4413844647813159,1.0656846061784913,1.041757169216892
"Senga, Kodai",SL,same,66,0.7364928538680279,1.5691571639341713,0.6945374397612087,1.068543474460307
"Senga, Kodai",ST,opposite,91,-0.07981161503079542,2.049148217820211,0.7161335977930519,1.095580516652129
"Senga, Kodai",ST,same,57,0.46850580828040733,1.9676243310401869,0.6579305842660435,0.8313435299380197
"Senzatela, Antonio",CH,opposite,166,-0.675400303290323,1.9814883695961099,0.7131949522313034,0.739428389750533
"Senzatela, Antonio",CH,same,14,-0.2796628650657442,1.7854505456185872,0.8617759606152325,1.0389860139406164
"Senzatela, Antonio",CU,opposite,207,-0.1864064627799959,1.7163994066075476,0.8031447025102041,0.9654321576074075
"Senzatela, Antonio",CU,same,132,0.6994092965317176,1.891548346527514,0.7937419215766852,1.1194377100880124
"Senzatela, Antonio",FF,opposite,709,-0.14228846635222742,2.8314070106339795,0.7137694456379142,0.7385700333579114
"Senzatela, Antonio",FF,same,590,0.15541958129479272,2.706491613681727,0.766702234097424,0.7778959643767207
"Senzatela, Antonio",SL,opposite,95,-0.311277726899553,1.7517553507057286,0.7535398604832804,0.908201916830087
"Senzatela, Antonio",SL,same,317,0.6179754021010198,1.7880018456587772,0.7305278469764322,0.8311331687339492
"Severino, Luis",CH,opposite,105,-0.2822298983096251,1.903763235658887,0.7813272049737311,0.8226902052022407
"Severino, Luis",CH,same,42,0.3356674210880167,1.8343546950607772,0.8425135096067999,1.043864900520644
"Severino, Luis",FC,opposite,291,0.6078747278236166,2.8218538654256293,0.6590734508359718,0.6956459474761035
"Severino, Luis",FC,same,190,0.6944388739985851,2.5374931087250747,0.6548456324129629,0.6980349061141101
"Severino, Luis",FF,opposite,393,-0.16667687662531439,3.127244711447016,0.6533353511192667,0.8453671743151003
"Severino, Luis",FF,same,373,0.3852369743140451,2.868537390046317,0.6625525657369533,0.6954792275186112
"Severino, Luis",SI,opposite,190,0.2733257540472758,2.7076828006178792,0.7712947669446368,0.8086163018311503
"Severino, Luis",SI,same,361,-0.45928800038712453,2.7616071531552167,0.6148600706904769,0.7095330535327422
"Severino, Luis",SL,opposite,38,0.33285173088139147,1.907930743970224,0.8256802138305815,1.142968164697368
"Severino, Luis",SL,same,71,0.8807184208049738,1.7859254399752558,0.794994862351699,0.8036157852812303
"Severino, Luis",ST,opposite,331,0.06984780545965248,2.1776623601253076,0.8502440686966137,0.8438204799062263
"Severino, Luis",ST,same,346,0.7177520779748343,2.104353862020351,0.8457682781326208,0.733400236224498
"Sewald, Paul",FF,opposite,108,-0.22527881116191903,3.2078867223133027,0.8571099114866954,0.5766135128145278
"Sewald, Paul",FF,same,78,0.0005513104826434864,2.9916167849474613,0.7176625748629023,0.5294190369293851
"Sewald, Paul",ST,opposite,64,0.13840882226416412,1.937879123459256,0.7624180275728617,0.7522927057900114
"Sewald, Paul",ST,same,67,0.30993765082319874,1.9828762900587638,0.7960001409130827,0.7116012849316634
"Seymour, Carson",FC,opposite,39,0.5849641282719277,2.7062851805929786,0.6292012429588656,0.8287132169843257
"Seymour, Carson",FC,same,23,0.7770157663800566,2.5702751085819697,0.7910537502142276,1.0553515199466468
"Seymour, Carson",FF,opposite,58,-0.017757511073423313,2.849552842947442,0.6318048628680453,0.9095521544474572
"Seymour, Carson",FF,same,78,0.5360272016328396,2.768411892763243,0.602408985379838,0.8766842424975486
"Seymour, Carson",SI,opposite,104,-0.010767328588246302,2.5313094752024337,0.7129573525465802,0.7339405567765106
"Seymour, Carson",SI,same,159,0.20840082813473945,2.062210989528297,0.6839608243405251,0.7497084840970814
"Seymour, Carson",SL,opposite,75,-0.31470221460386016,2.007421254842548,0.8605032877958972,1.1340870065868458
"Seymour, Carson",SL,same,56,0.43518676989585614,1.8970173187310408,0.9560639432443189,1.1859463967956563
"Seymour, Ian",CH,opposite,234,0.4041620254567528,1.9382572992339089,0.7052091015972064,0.9577386631023855
"Seymour, Ian",CH,same,80,0.089533539682435,2.078509032003001,0.6913664555732583,0.8257072042384541
"Seymour, Ian",FC,opposite,180,-0.15702666618718314,2.6036793936002174,0.7103331866653322,0.887726385739433
"Seymour, Ian",FC,same,34,-0.1836977063925542,2.3603460916661687,0.42567597633882315,0.9137188509668555
"Seymour, Ian",FF,opposite,219,0.07912103961217772,3.0009521251227858,0.733587974032435,0.7851405120442572
"Seymour, Ian",FF,same,98,-0.026701177338467497,3.0176370658718783,0.6258357863393669,0.8788536611851681
"Seymour, Ian",SI,opposite,5,0.4396067362965484,2.46515215679025,0.9498484681514444,0.8331262440463602
"Seymour, Ian",SI,same,49,0.15109834430468075,2.8829723917800454,0.7347446048377512,0.94951263156562
"Seymour, Ian",ST,opposite,4,0.2460998885115288,1.3401564337782619,0.749149170592373,0.433490748669726
"Seymour, Ian",ST,same,50,-0.44255158320984106,2.366662755898263,0.822480578001657,0.8914651940307943
"Sheehan, Emmet",CH,opposite,135,-0.277990097473496,1.9145757696912773,0.7283237652610209,1.0327820759090864
"Sheehan, Emmet",CH,same,70,0.11761390934488118,1.4924556710048809,0.7323189151330669,1.0100014769043932
"Sheehan, Emmet",CU,opposite,53,-0.08852050986002276,2.6377021141272077,0.8306641784152324,1.002373255410888
"Sheehan, Emmet",CU,same,22,-0.0933002954218599,2.6579271849797603,0.8425720265896507,1.4248379969517149
"Sheehan, Emmet",FF,opposite,260,-0.004716474503341031,3.1577219147463076,0.7082321826433333,0.7762149061233884
"Sheehan, Emmet",FF,same,346,0.1171674511780849,3.177726541903723,0.6141621318558348,0.7493313837476023
"Sheehan, Emmet",SL,opposite,81,0.7109736398613715,1.752454733231474,0.7609593706579497,0.836267771113743
"Sheehan, Emmet",SL,same,312,0.7813337285844867,2.079334843049069,0.6787600917921109,0.8669791748003369
"Shugart, Chase",FC,opposite,70,0.29474022493978896,2.4914386226027148,0.8577139378804775,0.8874309218138637
"Shugart, Chase",FC,same,106,0.33418487234953964,2.539318967929631,0.6891879830383377,0.6964746759164591
"Shugart, Chase",FF,opposite,65,0.05319511204502181,2.8624528282965547,0.6817843855263928,0.8938956061958728
"Shugart, Chase",FF,same,63,0.32083211917137205,2.969373831086822,0.7182966172302521,0.9813714211481235
"Shugart, Chase",SI,opposite,8,-0.513621548996946,2.676498600959896,0.6349088560058902,0.8368676225395705
"Shugart, Chase",SI,same,132,-0.26589289613157563,2.683155183112316,0.7419067576309443,0.7607778791945105
"Shugart, Chase",ST,opposite,66,-0.2543296270590459,1.8102385786377106,0.8136485062383271,0.6832427759211477
"Shugart, Chase",ST,same,133,0.59414923425163,1.7348484360988976,0.9330564753017847,0.7468689126619374
"Shuster, Jared",CH,opposite,89,0.44356300474953586,1.7680364075908488,0.761517074277279,0.7710792003078689
"Shuster, Jared",CH,same,13,0.22783497492644106,1.6510025528560621,0.6038269183271575,1.1207012436824244
"Shuster, Jared",FF,opposite,68,0.16200628472754774,2.654086805967369,0.6915945106223915,0.8545383240146712
"Shuster, Jared",FF,same,23,0.0340825846107501,2.832447906583245,0.7041046280905836,0.6169551555343823
"Shuster, Jared",SL,opposite,31,-0.024727738990005126,2.228752664108842,0.8065761984289822,0.7531957557397001
"Shuster, Jared",SL,same,43,-0.568690869118473,2.1948109954435724,0.6085524166239158,0.7032766010382226
"Silseth, Chase",FF,opposite,42,-0.4214631221035703,2.908759623569233,0.5698513290703179,0.7129771320921424
"Silseth, Chase",FF,same,33,0.528455066196337,2.7052999299487523,0.7189275177515663,0.6916004841808989
"Silseth, Chase",ST,opposite,9,0.8358969786564318,1.8304639246280776,0.6390614339030057,0.7095222184210269
"Silseth, Chase",ST,same,60,0.8591204424036415,1.983092031445383,0.7559185869657817,0.8712327906717808
"Simpson, Josh",CH,opposite,66,0.26107674894497124,1.8150946533469452,0.7634743166959633,0.827362164013914
"Simpson, Josh",CH,same,1,0.4128386977573585,2.8147028743306217,0.0,0.0
"Simpson, Josh",CU,opposite,108,-0.24590681312606985,2.113018797446596,0.8918030356209531,0.8789047643904621
"Simpson, Josh",CU,same,37,-0.4877657888660954,2.1499969497101823,0.9219512290997859,0.7730621814875497
"Simpson, Josh",FF,opposite,51,0.019213244788083235,2.5765033024297486,0.8954327662503195,0.7742413465482428
"Simpson, Josh",FF,same,21,-0.025297573800073327,2.5922453445120563,0.7285139593628879,0.9573855855994845
"Simpson, Josh",SI,opposite,28,0.09760809198117888,2.201324459117188,0.858293092061674,0.9273673202749833
"Simpson, Josh",SI,same,108,0.05162008015790799,2.249720409027786,0.656115707840721,0.8073798589591004
"Simpson, Josh",ST,opposite,36,-0.07269263329206149,2.043154090510738,0.9749176455600036,0.7855857002625287
"Simpson, Josh",ST,same,122,-0.5319755982251859,2.057039791443654,0.9464786971707148,0.8076325453107638
"Sims, Lucas",FF,opposite,48,0.22660840869625856,2.751437590763121,0.9087097688491342,1.059334170045792
"Sims, Lucas",FF,same,77,0.04878591811056162,2.8480350463932833,0.6682939068628069,1.023412534570785
"Sims, Lucas",ST,opposite,41,0.668182412977912,1.9831704918775974,0.8655496038317795,1.0733866199201145
"Sims, Lucas",ST,same,82,0.65135755057899,2.0150946945078783,0.8498757426932901,0.9609928146131581
"Singer, Brady",FC,opposite,178,0.46941745681031155,2.754373999498364,0.7553131323709219,0.9280788328404493
"Singer, Brady",FC,same,86,0.5556696035146526,2.5837484273584495,0.8840455981896255,0.8388252391082494
"Singer, Brady",FF,opposite,189,0.08259121570339392,3.219437896071973,0.847776609093039,0.8339861751318959
"Singer, Brady",FF,same,115,0.414481718543332,3.3081125102498414,0.7430881454974682,0.7193837186476503
"Singer, Brady",SI,opposite,685,0.05893283823019134,2.6183444561876437,0.7720847446674006,0.7451307117250544
"Singer, Brady",SI,same,472,0.1527427159998024,2.3416475780159844,0.8076291361572764,0.6215626857904221
"Singer, Brady",SL,opposite,459,0.13708745346636306,1.6710110457561034,0.7633162572535831,0.6530191850236475
"Singer, Brady",SL,same,350,0.8349364881931334,1.6829646705088614,0.6729668001259034,0.6700614426562274
"Singer, Brady",ST,opposite,130,0.18448961137246225,1.73277591656241,0.7904768094689683,0.7158634580385206
"Singer, Brady",ST,same,186,0.9651496620273077,1.7856667852081503,0.8204955153639489,0.7523626524603441
"Sisk, Evan",FF,opposite,64,0.12127927276971859,2.8069738749226123,0.8283777102969637,0.7921700255591062
"Sisk, Evan",FF,same,2,1.4402830411295116,3.1364144316677995,0.9312743385885845,1.043543934721801
"Sisk, Evan",SI,opposite,22,0.06187574278773669,1.8273372216745003,0.9610123255637816,0.5857501744925273
"Sisk, Evan",SI,same,81,0.23903416925520377,2.084860562182098,1.0625866340863,0.781779016759791
"Sisk, Evan",ST,opposite,16,-0.2802335379129015,1.8408609240163774,0.7099954995824396,0.4777175714496463
"Sisk, Evan",ST,same,72,-0.4735980703952809,2.0828476546441976,1.071331459560604,0.627157661596748
"Skenes, Paul",CH,opposite,246,-0.6579905161534444,1.5477754174690495,0.8600961680568489,0.669530540015702
"Skenes, Paul",CH,same,80,-0.6945776712321969,1.455957459148466,0.8244882367811599,0.6062828229850356
"Skenes, Paul",CU,opposite,126,0.17165203361215836,1.5990974602084687,0.8110515694838987,0.8756214210492765
"Skenes, Paul",CU,same,18,0.63601849813374,1.677013051886576,0.8929526852067274,0.7627704880189369
"Skenes, Paul",FF,opposite,740,-0.23163874858706157,2.815311370798989,0.7438667923812553,0.7108669674772323
"Skenes, Paul",FF,same,427,0.23703185226839985,2.8497026592865478,0.6791570930950366,0.7153999951553118
"Skenes, Paul",FS,opposite,276,-0.5156672913170763,1.8872784814009211,0.7318528649551621,0.5565498950384503
"Skenes, Paul",FS,same,129,-0.3479105910501616,1.8098843051473406,0.7334802673933971,0.6364700659378837
"Skenes, Paul",SI,opposite,26,0.22038429400380824,2.2693673062023896,0.5354982860288148,0.5323490486550583
"Skenes, Paul",SI,same,286,-0.4191400574091588,1.897920273110812,0.7544150928795257,0.5271454436439946
"Skenes, Paul",SL,opposite,65,-0.16250357296123036,2.2307685221262044,0.9560673232832899,0.7910669507728914
"Skenes, Paul",SL,same,103,0.6367615334027935,2.202934891642739,0.8111939124103973,0.7542310379053401
"Skenes, Paul",ST,opposite,137,-0.1365871909084671,2.163841182515504,0.9213217650490413,0.7153275952616963
"Skenes, Paul",ST,same,338,0.4960614179967162,2.172238649298585,0.8685531218150494,0.6947405490612423
"Skubal, Tarik",CH,opposite,844,0.4270303606184517,1.7783796098896814,0.6676213761389129,0.8674810520632658
"Skubal, Tarik",CH,same,105,-0.0470108452985219,1.6723448709459523,0.6610149876276749,0.8426284258116143
"Skubal, Tarik",CU,opposite,79,0.21128073189960536,1.7992975662433768,0.7300639285914026,1.066771287711051
"Skubal, Tarik",CU,same,1,0.314679705735805,0.2642170957403813,0.0,0.0
"Skubal, Tarik",FF,opposite,804,0.013832397600734065,2.9583451409320496,0.681760679686662,0.8065635818407968
"Skubal, Tarik",FF,same,112,-0.322482984877389,2.778457674577303,0.6867656840298215,0.786274507929088
"Skubal, Tarik",SI,opposite,474,-0.3028697340782317,2.685293640420724,0.6322372985955784,0.6927754806274022
"Skubal, Tarik",SI,same,243,0.024081735988047002,2.540724829287336,0.6842382663936989,0.681478183235595
"Skubal, Tarik",SL,opposite,285,0.07591301231157031,2.2475952506055923,0.7089082237465033,0.8923318539759454
"Skubal, Tarik",SL,same,95,-0.4267691615326875,2.2253670076023986,0.6493274040800759,0.7671382781871505
"Slaten, Justin",CU,opposite,68,0.2648933500175444,1.7788466439549833,0.7004982915977714,1.2928287604036557
"Slaten, Justin",CU,same,28,0.11660466532122628,1.9838025811115345,0.6877217259967716,1.4558211820251368
"Slaten, Justin",FC,opposite,76,-4.19505664597954e-05,2.228716385910234,0.659266109308347,0.7525782218902063
"Slaten, Justin",FC,same,99,0.12323226763245014,2.125047190437876,0.5774736807848478,0.8536703261212044
"Slaten, Justin",FF,opposite,101,0.20156220728092925,2.650333764581702,0.6388894628983409,1.0831142568183638
"Slaten, Justin",FF,same,93,0.06882615252317703,2.9054032762777267,0.6605620353191607,0.8674610201355467
"Slaten, Justin",ST,opposite,3,-0.029324266050952952,2.116556601003223,0.6541377171765349,0.7350014545933478
"Slaten, Justin",ST,same,60,0.6245079027238444,1.6354918508465255,0.8400394198628762,0.9639361644985155
"Smith, Cade",FF,opposite,398,-0.349300682711376,3.118100194512146,0.6761401059671379,0.7418695937850215
"Smith, Cade",FF,same,460,0.025384582348511955,2.9890147973016012,0.6846766119493535,0.7608639679495073
"Smith, Cade",FS,opposite,175,-0.2640790827947056,1.5735642283290718,0.7512443205809224,0.7939181347155542
"Smith, Cade",FS,same,83,0.08401267013287238,1.6827493381415606,0.764925957439225,0.790051168159627
"Smith, Cade",ST,opposite,10,-0.1215732023810983,2.411170418979806,0.7670513246105264,0.6170772028223603
"Smith, Cade",ST,same,95,0.827574384352983,1.9845932722775383,0.8742604597698439,0.9526234468055121
"Smith, Dylan",FF,opposite,34,-0.15705027211016298,2.846460916469602,0.6615787258002389,0.7293277767086671
"Smith, Dylan",FF,same,48,0.2281699092281253,2.4972654787326793,0.6341712560049395,0.8494553795181558
"Smith, Dylan",ST,opposite,18,0.28248547345913516,1.8118881810685334,0.7475087772374795,0.9341800671067103
"Smith, Dylan",ST,same,38,0.6270337786475261,1.5229955617136135,0.886713525310376,1.142295468486949
"Smith, Shane",CH,opposite,300,-0.20647415971549252,1.6539420551519224,0.7453855841093096,0.8353739294861688
"Smith, Shane",CH,same,106,0.09269974670821685,1.5821569461209375,0.8305077338262091,0.8683003733928213
"Smith, Shane",CU,opposite,239,0.18751224134741584,1.5127584211460214,0.9651793160482117,1.0958036226240535
"Smith, Shane",CU,same,114,0.5832575806507524,1.3860524470980056,1.0103041456606563,1.0584888667421724
"Smith, Shane",FF,opposite,661,-0.20634560510851113,2.7841584190680164,0.7397778655198991,0.7181746883197914
"Smith, Shane",FF,same,428,0.19079673696123153,2.7692911993300204,0.6559856996256063,0.6849120927881487
"Smith, Shane",SI,opposite,94,-0.24558571141575994,2.3474489243774843,0.7737659421881198,0.6808613173729284
"Smith, Shane",SI,same,206,-0.13652659915500698,2.41042811627031,0.7857032450153915,0.6790607476264271
"Smith, Shane",SL,opposite,53,0.16148018441306516,2.0984214354854314,0.67096753759014,0.8108655724212539
"Smith, Shane",SL,same,215,0.5603234712797396,2.0138593422017137,0.7391373688446453,0.819264448879436
"Smith-Shawver, AJ",CU,opposite,69,-0.19351028477191665,1.9697276732352402,0.8928699501812524,0.9753829276177298
"Smith-Shawver, AJ",CU,same,39,0.2751912439475146,1.6876501571261189,0.7780804329228244,0.9438705950841241
"Smith-Shawver, AJ",FF,opposite,181,-0.0888725608869232,2.3798907809936045,0.7089430589328204,0.6653339587524102
"Smith-Shawver, AJ",FF,same,151,0.16521817510722792,2.3204532491976835,0.693394775613606,0.8171705446852257
"Smith-Shawver, AJ",FS,opposite,142,-0.5196328245156071,1.7670933138481693,0.8026937953572502,1.045914354450527
"Smith-Shawver, AJ",FS,same,99,-0.4548459783862353,1.8602946288432738,0.7904219889142099,1.0746642119174659
"Snell, Blake",CH,opposite,350,0.5872342503271878,1.8518884448472617,0.48385911910455665,0.7302168719189617
"Snell, Blake",CH,same,12,1.1496946392248688,1.404652502659095,0.5144959532290418,0.6844430360897021
"Snell, Blake",CU,opposite,225,-0.2571765046814273,1.122558970343847,0.5738710625459273,1.003189617515157
"Snell, Blake",CU,same,89,-0.3083978218134002,1.5341336669247152,0.5951179000465872,1.1206140419827406
"Snell, Blake",FF,opposite,427,-0.047135147071600644,3.025676258575102,0.6766650399820031,0.8602482335922749
"Snell, Blake",FF,same,146,-0.043471394831423905,2.827774149423248,0.7902773259653024,0.7954768368993737
"Snell, Blake",SL,opposite,59,-0.6655148990551003,1.4115261604314024,0.5719832317022072,0.9123322859796491
"Snell, Blake",SL,same,138,-0.7098573868954193,1.655562515359937,0.4964169671657342,0.855801524034891
"Snider, Collin",FC,opposite,49,0.25503029942867256,2.5491587593760814,0.8151697676582232,0.6982189950368479
"Snider, Collin",FC,same,56,0.5289740433196545,2.1020529833336448,0.7913902152028917,0.741769189719292
"Snider, Collin",FF,opposite,50,0.07309817119325437,2.9453667807130532,0.9245973016453005,0.6448401917114237
"Snider, Collin",FF,same,68,0.1733037418149675,2.970290659951593,0.7528116280677487,0.657318069500542
"Snider, Collin",SI,opposite,26,-0.04226842947300377,3.0795219648310614,0.7997959500893613,0.6763483252372844
"Snider, Collin",SI,same,28,-0.41963225034274,2.719982693127675,0.8709087422996742,0.7016422022784653
"Snider, Collin",ST,opposite,51,0.14587988434320062,2.0306748983972334,0.9359266659996056,0.7136690951852075
"Snider, Collin",ST,same,98,0.504669508596986,2.104619725280539,0.8829717121048406,0.6456979425311855
"Snider, Collin",SV,opposite,30,0.004037904907195156,1.8907693780173618,0.8295032288123394,0.6993302409865751
"Snider, Collin",SV,same,21,0.11881519297086272,2.0128342186398123,0.8497144538242141,0.6073890279777279
"Soriano, George",CH,opposite,149,-0.2735173367978067,2.060992227162446,0.8593372777444063,0.8263807497893165
"Soriano, George",CH,same,64,-0.006896043333806163,2.182340706289378,0.7657283986418848,0.8407532032858749
"Soriano, George",FF,opposite,86,-0.176942453512292,2.8937104047393025,0.7519462519170725,0.8221464524452363
"Soriano, George",FF,same,37,0.00960967411196022,3.131473589210634,0.7709834754547005,0.8494166795077397
"Soriano, George",SI,opposite,41,-0.3803163983380229,2.375879026795739,0.6652150602927357,0.6341190150612244
"Soriano, George",SI,same,93,-0.31510164307975924,2.519463743754556,0.9051514740724234,0.7534974848462156
"Soriano, George",SL,opposite,49,0.5262072945240911,1.6714630629985572,0.8888470085445431,0.7524989452337042
"Soriano, George",SL,same,62,0.5765828106519006,1.8261765703905413,0.8894065739489633,0.7948096458097494
"Soriano, George",ST,opposite,42,0.20308110661631512,1.9127730274845536,0.7045695156267451,0.6642925910709433
"Soriano, George",ST,same,69,0.4025711701594591,2.0551669641355823,0.7407504838354599,0.793692147215311
"Soriano, José",FF,opposite,184,-0.34052698735641096,2.660643626437178,0.8346069265060791,0.8205576259815702
"Soriano, José",FF,same,55,0.6488865223834488,2.579197397822264,0.7916745730646583,0.8629521231703087
"Soriano, José",FS,opposite,232,-0.4649827046489771,1.7074099025870997,0.9089502238034658,0.9639863927312191
"Soriano, José",FS,same,24,-0.14064614287953311,1.5606744231424114,0.9648195112519355,0.9604105043974858
"Soriano, José",KC,opposite,367,-0.10737767111707071,1.8774368452393697,0.837230963128947,0.9166862890317535
"Soriano, José",KC,same,376,0.3724917253519125,1.882142159112745,0.8368364114628596,0.9700629269086941
"Soriano, José",SI,opposite,756,-0.22180263455295168,2.2306266790197458,0.7438946196125523,0.7500895021966778
"Soriano, José",SI,same,612,-0.0895451132009449,2.001537445184012,0.7079780680750524,0.7446410350197805
"Soriano, José",SL,opposite,30,0.26437320689622257,1.6499962573188223,0.9248612652094851,1.1582878229309095
"Soriano, José",SL,same,138,0.632583588803372,1.6596352621588242,0.9129768938233724,1.0882273960895104
"Soroka, Michael",CH,opposite,146,-0.5701602625632374,2.3825404388257456,0.9871544230773627,1.1107451004206679
"Soroka, Michael",CH,same,11,-0.2819072032518339,2.2476556931090745,1.0500433140011558,1.5210736298157597
"Soroka, Michael",FF,opposite,416,-0.1782307068299832,2.8238784349646453,0.6785082458076955,0.7959729790776175
"Soroka, Michael",FF,same,296,0.1937352355837485,2.828036732350225,0.7056160932191131,0.7908190409890515
"Soroka, Michael",SI,opposite,8,-0.6407824480306188,2.6643229944022444,0.6928525796645532,0.6800306769285256
"Soroka, Michael",SI,same,150,-0.5206194727565627,2.37013271182234,0.6676657021426825,0.7616007557023093
"Soroka, Michael",SV,opposite,288,0.1724303408567066,1.883798339303567,0.9303448166895683,0.9459669962378504
"Soroka, Michael",SV,same,256,0.5365976839622039,2.0211254907412233,0.8889741958490925,0.9894895759564382
"Soto, Gregory",FF,opposite,54,-0.054021234152796985,2.961554821001309,0.7587630423751627,0.7800380166704267
"Soto, Gregory",FF,same,18,0.36318019393505985,2.839050159745293,0.8233764231574804,1.1279666178206766
"Soto, Gregory",SI,opposite,291,0.09293093920293045,2.311335946443335,0.8335397708871416,0.7717774292236866
"Soto, Gregory",SI,same,251,0.03363435620756316,2.3812189938472015,0.810248899949499,0.8539093013098655
"Soto, Gregory",SL,opposite,206,-0.1898353650554782,1.642572775851961,0.8486402717797336,1.0656695532855007
"Soto, Gregory",SL,same,129,-0.5774423202508543,1.8146402602765581,0.8273302450519036,0.9371573340869453
"Soto, Gregory",ST,opposite,50,-0.5200264631230594,1.7193784759159088,1.000342419231714,0.9042785479577343
"Soto, Gregory",ST,same,28,-0.416682888239919,2.002564509769275,1.0868348128462695,0.9971420565459789
"Sousa, Bennett",FF,opposite,205,0.18501258305034535,2.646094404560789,0.658480569314725,0.9118191575429814
"Sousa, Bennett",FF,same,90,-0.11904084334577192,2.5436123694038275,0.6531337007320486,0.8202694984833468
"Sousa, Bennett",SL,opposite,264,0.09690962898326709,1.8000918700651294,0.647106438824366,0.98822010413741
"Sousa, Bennett",SL,same,154,-0.08962317731356496,1.891056546136709,0.6284364179203931,0.9541931789627083
"Speier, Gabe",FF,opposite,303,-0.01692121480312233,2.923451490838513,0.681970571470666,0.7856176805968453
"Speier, Gabe",FF,same,155,-0.10501802634361532,2.942095162981042,0.7125788128392113,0.7640069803350581
"Speier, Gabe",SI,opposite,92,0.30559946777368874,2.4019924545790095,0.6636671794050593,0.6492079792989638
"Speier, Gabe",SI,same,206,0.26960317711989656,2.560337864356576,0.7332577172228195,0.7107490168604294
"Speier, Gabe",SL,opposite,155,-0.17750122072524135,1.3808679289470889,0.8035530357712152,0.8252314944404036
"Speier, Gabe",SL,same,109,-0.5023935054955763,1.5644956800483503,0.8946104501815111,0.708760869554544
"Spence, Mitch",CU,opposite,157,-0.006675116699666317,1.4622944683217303,0.7656484538289026,0.8586839066960472
"Spence, Mitch",CU,same,81,0.4894610148242115,1.4269369482388359,0.6583822108949263,0.7857496987473622
"Spence, Mitch",FC,opposite,299,-0.009732079603679448,2.5914954305996436,0.8056205143738339,0.7580989158022375
"Spence, Mitch",FC,same,311,0.324846795678586,2.462270781530902,0.6988180046583174,0.83107307642344
"Spence, Mitch",SI,opposite,34,-0.5924822841953393,2.2468408241347264,0.7929554934767765,0.897446210423958
"Spence, Mitch",SI,same,92,-0.5199175420863028,2.267482145144918,0.8003759197883104,0.8156977103327255
"Spence, Mitch",SL,opposite,103,-0.01696044104910058,1.8641910048084362,0.7540778616463909,0.6305297474282343
"Spence, Mitch",SL,same,259,0.7457775068118131,1.8673477371202285,0.7049658650396795,0.6543121010571706
"Spiers, Carson",CH,opposite,39,-0.475153745110005,1.7478172915796517,0.9266764456335869,0.8941486674406812
"Spiers, Carson",CH,same,16,0.16141063348103024,1.7531164515460294,0.796315821317414,0.8234251537316474
"Spiers, Carson",SI,opposite,13,0.4450051890930987,2.201958123984944,0.7656532475773608,0.5942378816683143
"Spiers, Carson",SI,same,40,0.10326285772857594,2.269719253328399,0.933992712870689,0.5427511870757575
"Spiers, Carson",ST,opposite,25,-0.11452355202092983,1.8862173542187102,0.844928455786214,0.8945543029114276
"Spiers, Carson",ST,same,31,0.8018399154230711,1.6700076196607676,0.9207205159645825,0.7442038781770557
"Springs, Jeffrey",CH,opposite,711,0.7815960786127977,1.8728061248250332,0.6574131427534993,0.7170745737251984
"Springs, Jeffrey",CH,same,9,0.5449997659444534,2.2258268481463928,0.6305570290953949,0.7894742740815635
"Springs, Jeffrey",FC,opposite,152,0.009580236311719751,3.1838543177180294,0.8445733905112518,0.8762082480819576
"Springs, Jeffrey",FC,same,15,-0.7501614442688552,2.170836305319916,0.6428392147675168,0.7516950860036101
"Springs, Jeffrey",FF,opposite,969,0.3363108417326126,2.9630952067055665,0.727829098002991,0.8619938755465238
"Springs, Jeffrey",FF,same,242,-0.2574656184337327,2.875442327914754,0.6579573933891496,0.8400895705200332
"Springs, Jeffrey",SL,opposite,344,0.35536347495524023,2.5311838805675335,0.6691388063123498,0.7672701890797006
"Springs, Jeffrey",SL,same,231,-0.6238004011384418,2.3232387890013553,0.6475747540028781,0.7227153187195328
"Springs, Jeffrey",ST,opposite,94,0.07034251178251015,2.1434651800513995,0.8405810867923112,0.7457807516519719
"Springs, Jeffrey",ST,same,80,-0.2311952289417393,2.0834174679667745,0.793943077940032,0.8506778201800307
"Sproat, Brandon",SI,opposite,24,-0.3677745278747551,2.3749470308939435,0.71297674658302,0.6700340439378677
"Sproat, Brandon",SI,same,77,-0.2759140924904949,2.497414231333364,0.7897700789695781,0.6124364284584669
"Sproat, Brandon",ST,opposite,23,0.6958853180288282,2.1060674055587625,0.8993757793747594,0.8416063236566793
"Sproat, Brandon",ST,same,32,0.6988871677033425,2.0211730807941386,0.9115219511680868,0.7285079730027737
"Stanek, Ryne",FF,opposite,285,-0.004644257830912569,2.815224655771813,0.697199599985457,0.8699268222783394
"Stanek, Ryne",FF,same,322,0.10048948149429494,2.864774005476155,0.6653350701754186,0.8494525421695646
"Stanek, Ryne",FS,opposite,87,-0.3937226843221831,1.9329762701179445,0.714075491331588,1.2053068576969115
"Stanek, Ryne",FS,same,40,-0.3091893038478625,1.5582307751341216,0.7192682822679914,1.314196474603432
"Stanek, Ryne",SL,opposite,69,0.4892859852701892,1.611715130032679,0.5583872752544959,1.1208551372734499
"Stanek, Ryne",SL,same,162,0.5536781367566966,1.8486461298499506,0.628208228551894,1.2312637081850417
"Stanek, Ryne",ST,opposite,27,-0.22967626444245529,2.494800235115986,0.8182759590495327,1.186239657873119
"Stanek, Ryne",ST,same,71,0.2011374852659175,2.5049786409319887,0.7086596189606761,0.9365505390709702
"Steele, Justin",FF,opposite,117,-0.07276640005625908,2.7880016153800256,0.6335810380940622,0.7236733489326588
"Steele, Justin",FF,same,26,0.1302056492747329,2.9519455152249585,0.7391375455368785,0.7859133819259944
"Steele, Justin",SL,opposite,40,-0.2625512045793797,1.919469892870395,0.9089257664412781,1.0161824472354257
"Steele, Justin",SL,same,27,-0.5167576813599773,2.1489420119822964,0.6873302503319054,0.7038317451016634
"Stephenson, Robert",FC,opposite,38,0.27140498363383214,1.8436533246709534,0.572876718283434,0.9716189148112323
"Stephenson, Robert",FC,same,71,0.2331097922393241,1.8632038370991668,0.6598691305289495,1.0717183368412775
"Sterner, Justin",FC,opposite,142,0.5208590071419053,2.32694282924345,0.7824697548927273,0.7445365713012696
"Sterner, Justin",FC,same,209,0.7512781279581352,2.1164053433878687,0.7263865325402301,0.7968243237852105
"Sterner, Justin",FF,opposite,262,-0.315551298534547,3.0580164524825735,0.7341544720266704,0.6741619254964879
"Sterner, Justin",FF,same,308,0.1946208010968427,3.0039016901249775,0.7281558192973774,0.7147653441383909
"Sterner, Justin",ST,opposite,64,0.3241985094016626,1.5728975028820473,0.8154214181839,0.9774546574370951
"Sterner, Justin",ST,same,107,1.2688616910643449,1.7646193681159104,0.787930695372402,0.7885048538645788
"Stewart, Brock",CH,opposite,64,-0.39205010190460005,1.4197441355753544,0.7480061968706175,0.822980247769877
"Stewart, Brock",CH,same,2,0.3674190115106102,1.1626377945467712,0.6557720118464793,0.8270230486413636
"Stewart, Brock",FC,opposite,39,0.15013848338852442,2.8165081949439568,0.7929220713880103,1.0562445918508994
"Stewart, Brock",FC,same,19,0.5981625024050801,2.745795085667127,0.7121066138505447,0.8979359543235348
"Stewart, Brock",FF,opposite,178,-0.0021914884328876833,2.849290729617456,0.7096239810424355,0.7284744268862184
"Stewart, Brock",FF,same,154,0.21291998238437124,2.6603581876604725,0.5603254515236892,0.7505244956577128
"Stewart, Brock",SI,opposite,3,-0.06921889582285272,1.7741807699206553,1.1829872847289973,0.4221532465609887
"Stewart, Brock",SI,same,64,-0.4381087900621046,2.3342650337066955,0.9237113006110147,0.7752235332127114
"Stewart, Brock",ST,opposite,8,0.8278358086936444,1.7714416578071603,0.8591582409901265,0.997804011368568
"Stewart, Brock",ST,same,79,1.2553796108414228,1.6648509804878717,0.8001289920110106,0.8645916326329695
"Strahm, Matt",FC,opposite,122,-0.22219882853893028,2.801612147282352,0.7926215733320048,0.8163277123335668
"Strahm, Matt",FC,same,24,-0.1978974826027635,2.8027344249494015,0.7286302367556904,0.9236914568302983
"Strahm, Matt",FF,opposite,324,-0.037263200540274106,2.9111745181146396,0.7521422722685684,0.8372922479233171
"Strahm, Matt",FF,same,63,-0.09772135527706208,2.8761648643341373,0.6387256681576786,0.8105281633299128
"Strahm, Matt",SI,opposite,60,0.14694660120387698,2.536213872612416,0.6526403619042275,0.756843232480545
"Strahm, Matt",SI,same,95,0.3761475728825379,2.520084157340034,0.7593520481280045,0.7098258005021123
"Strahm, Matt",SL,opposite,204,-0.15844563339136897,2.1351907888517756,0.7137159098097433,0.9859777741888546
"Strahm, Matt",SL,same,126,-0.3618917945176143,2.2312455288771704,0.7623668651576095,1.0169365643983803
"Stratton, Chris",CH,opposite,54,-0.3143543579993541,1.4599177532113248,0.7216290294188501,0.8225909781975688
"Stratton, Chris",CH,same,21,0.08526599248468869,1.3302495457571801,0.7502254768212323,0.6741063096592109
"Stratton, Chris",CU,opposite,52,-0.15643815505733505,2.094664023414491,0.6974893446758865,1.013286007791848
"Stratton, Chris",CU,same,34,0.3904909244369823,1.571401666085885,0.8324693400139723,0.9170498896789634
"Stratton, Chris",FF,opposite,91,-0.20762456562187825,2.6896225685254334,0.6877219955828051,0.8346444086222853
"Stratton, Chris",FF,same,75,0.20787906208478085,2.84430408797408,0.647730161392755,0.9608877619727318
"Stratton, Chris",SL,opposite,3,-0.8431386861931554,1.912970141660676,0.2454283439525594,0.22774339581764202
"Stratton, Chris",SL,same,65,0.23113231345663635,1.933392062809854,0.8027049876000302,0.866148611948233
"Stratton, Hunter",FC,opposite,34,0.37385053672909524,2.3389308495877628,0.7172483619727966,0.7409471491069555
"Stratton, Hunter",FC,same,39,0.5014116058451412,2.299404075434607,0.7306842151582107,0.6872104159396055
"Stratton, Hunter",FF,opposite,68,-0.27535746231107167,2.768025623110963,0.7656262438974227,0.776094206180375
"Stratton, Hunter",FF,same,92,0.13595100838798332,2.7118435168224666,0.779326168009146,0.8232722610779853
"Stratton, Hunter",SL,opposite,43,0.04221788420797955,1.807969137695919,0.730650820573677,0.7484908720133
"Stratton, Hunter",SL,same,56,0.5140154434010978,1.852245338306555,0.8415484643893952,0.9903660548436031
"Strickland, Hunter",FF,opposite,67,-0.5400928813180123,2.705428216360753,0.7247803170741458,0.5995143089973822
"Strickland, Hunter",FF,same,47,0.39690972287091597,2.707411060768319,0.7210003082381372,0.5658182217955233
"Strickland, Hunter",SL,opposite,38,-0.3457022995372869,2.0760217193329176,0.7458242937416593,0.6633497663381291
"Strickland, Hunter",SL,same,70,0.6216686335315101,1.9957045019840987,0.7205614831637956,0.7152130559204919
"Strider, Spencer",CH,opposite,95,-0.5949963349393663,1.6501441941067274,0.8339348740370153,1.1904672136877408
"Strider, Spencer",CH,same,2,0.19352994929148315,1.2413867085931163,1.2234709394980883,1.2699656016517897
"Strider, Spencer",CU,opposite,136,0.12381254070593682,1.2338610665351606,0.8049345856674759,1.1887627363377673
"Strider, Spencer",CU,same,52,0.5066233767372107,1.3955260590478948,0.8855060358076995,1.140538930485815
"Strider, Spencer",FF,opposite,580,-0.13436513696850463,2.842664169130563,0.6861686415039805,0.7639202335207163
"Strider, Spencer",FF,same,501,0.21128648002197872,2.876475374013933,0.6982642932160537,0.7429838328452463
"Strider, Spencer",SL,opposite,333,0.31318732428392804,1.5635464459521748,0.7073739246897371,0.7897270638710568
"Strider, Spencer",SL,same,411,0.6701863610587206,1.3532272148545381,0.6991680484089656,0.769107292958481
"Stroman, Marcus",FC,opposite,90,0.2660282813970868,2.938867195915426,0.78837335372116,0.7623664056659766
"Stroman, Marcus",FC,same,28,0.8764177164835217,2.594153958504618,0.45768004550206887,0.6207630585330285
"Stroman, Marcus",FS,opposite,72,-0.47585083008587564,1.766721242302741,0.804138162966916,0.958266586366281
"Stroman, Marcus",FS,same,3,0.32596210377639245,1.5463583289583582,0.8730052567470701,1.1021615641443703
"Stroman, Marcus",SI,opposite,109,-0.4476887300924781,2.2025622325195924,0.630585117271299,0.6664883547660002
"Stroman, Marcus",SI,same,157,0.2279231992325709,2.175585337020198,0.8445661626631373,0.6510925033071678
"Stroman, Marcus",SV,opposite,71,-0.15265432447118735,2.04980357192415,0.7321271400372109,0.4912380124330208
"Stroman, Marcus",SV,same,68,1.3054616823527878,1.675670104960972,0.7625241432968407,0.6859781433390354
"Strowd, Kade",CU,opposite,44,-0.35158409807375884,2.127834991334202,0.8180813608314421,0.9750979599743537
"Strowd, Kade",CU,same,6,1.0656196826542623,1.5744689413049944,0.5138216695705118,0.40293816484138867
"Strowd, Kade",FC,opposite,63,0.12984630366599575,2.435923766170283,0.7142730635555801,0.8521922524063497
"Strowd, Kade",FC,same,104,0.5237490910795587,2.14128944287671,0.6584151992983565,0.8069698535798193
"Strowd, Kade",FF,opposite,38,-0.20077675510646764,3.080159041758853,0.7178517983444708,0.9526032507636318
"Strowd, Kade",FF,same,36,0.177062606849362,2.551540450260558,0.8212200970523686,0.704345106893451
"Strowd, Kade",SI,opposite,10,-1.01528189658976,3.241455406779072,0.6591529989120652,0.9118612434574607
"Strowd, Kade",SI,same,52,-0.34475493603608776,2.706632127118538,0.718084169302798,0.9718793961020086
"Strowd, Kade",ST,opposite,1,-0.5074680913545131,3.310789423920294,0.0,0.0
"Strowd, Kade",ST,same,52,0.5530386205125195,2.142152454755526,0.8798667531394618,0.8148853320632954
"Suarez, José",CH,opposite,67,0.28545527133864174,1.422573822674214,0.6556865184456008,0.8972493247088295
"Suarez, José",CH,same,17,-0.2218311434313371,1.354855155596556,0.5823822361648738,0.7817601520223315
"Suarez, José",FF,opposite,65,0.08805814660778083,2.8140716684768035,0.8128884810057918,0.8879501029269351
"Suarez, José",FF,same,58,-0.6806079438665402,2.3364426099764026,0.6358891321946615,0.6418607523321195
"Suarez, José",SL,opposite,22,-0.2919822343972059,1.7601272871673046,0.6885768501089831,0.6338782147756318
"Suarez, José",SL,same,40,-0.7794897140048509,1.7208772596376438,0.7634639841349595,0.7610531522627997
"Suarez, Ranger",CH,opposite,430,0.6219698196493735,1.7860025515006979,0.8217249696268087,0.7921234388695401
"Suarez, Ranger",CH,same,40,-0.052099150896490885,1.602613335757092,0.7740230436178971,0.8644656226317251
"Suarez, Ranger",CU,opposite,352,0.1925812217598656,1.805560598199561,0.7684001078806354,0.7206485263405067
"Suarez, Ranger",CU,same,52,-0.09268378120778312,1.6224275760896703,0.7946595091502878,0.7249755792818
"Suarez, Ranger",FC,opposite,415,-0.3716961351732029,2.8035082050796123,0.6478433897336869,0.6182792705345321
"Suarez, Ranger",FC,same,21,-0.6136293326301955,2.169315110294432,0.5772008740431632,0.4989346388601719
"Suarez, Ranger",FF,opposite,302,0.02683082369358823,2.941057669811974,0.7058819925812049,0.735953761245641
"Suarez, Ranger",FF,same,61,-0.2869075977578582,2.4251481724152897,0.6576496304709984,0.6532987096068239
"Suarez, Ranger",SI,opposite,481,0.2005190106318741,2.2666756080643196,0.7406293326795774,0.606111538001444
"Suarez, Ranger",SI,same,236,0.5324157637050163,2.491802018330377,0.7408384747328776,0.6265898103296805
"Suarez, Ranger",SL,opposite,5,-0.5811932861578177,1.07203729414542,0.9046756825904515,0.7995246357011521
"Suarez, Ranger",SL,same,107,-0.794552644480804,1.8985257833413187,0.7380801630619295,0.5783048588445494
"Suarez, Robert",CH,opposite,191,-0.5414603446685555,1.7222848454522024,0.6191644535780326,0.7795726049270588
"Suarez, Robert",CH,same,78,0.1422398805605661,1.4273991826573833,0.6245701743050001,0.8879219444460298
"Suarez, Robert",FF,opposite,382,-0.23818774785353766,2.868495081464188,0.6576561391524255,0.8358799580213641
"Suarez, Robert",FF,same,329,0.2287658227869419,2.7749676028732666,0.6548212750293997,0.7420818816788605
"Suarez, Robert",SI,opposite,18,-0.14463005782213545,2.6986877250081256,0.6916571972468992,0.5832974053666862
"Suarez, Robert",SI,same,125,-0.43244235627537214,2.2477301962257408,0.5586673660029434,0.6887713864643834
"Suero, Wander",FC,opposite,31,-0.38188641301081305,2.9080917304039735,0.8467976406510924,0.8157972532801728
"Suero, Wander",FC,same,77,-0.12109269703458042,3.102850654105301,0.7724868347914865,0.8380427597157176
"Sugano, Tomoyuki",CU,opposite,214,-0.4536402640576144,1.930646300054153,0.6027176675756061,0.8080961864560484
"Sugano, Tomoyuki",CU,same,35,0.4469426366611955,1.4136388420472512,0.7308537589478089,0.9748124554754758
"Sugano, Tomoyuki",FC,opposite,172,0.17288872705393207,2.519938420319821,0.822967212997488,0.7531538445954434
"Sugano, Tomoyuki",FC,same,136,0.7383600181710503,2.077121989500276,0.573529053473992,0.6985126071500125
"Sugano, Tomoyuki",FF,opposite,311,0.023529315285205684,3.0015686461119806,0.7336843006195095,0.7551466722165883
"Sugano, Tomoyuki",FF,same,174,0.3016552647315551,2.934424167138118,0.6834203788735936,0.865833104789037
"Sugano, Tomoyuki",FS,opposite,466,-0.465228688810283,1.6756996694399175,0.6644311034574223,0.8053402214772966
"Sugano, Tomoyuki",FS,same,136,0.00516276363026099,1.338698814791539,0.6936327366860096,0.8913808080243465
"Sugano, Tomoyuki",SI,opposite,135,-0.3095309877444806,2.24207060061449,0.742360345700849,0.6890704464599391
"Sugano, Tomoyuki",SI,same,277,-0.2457812956751393,2.277352236958887,0.7629659957468792,0.5970958207500732
"Sugano, Tomoyuki",ST,opposite,102,-0.09271876732504647,2.1116892941340035,0.8713199673842175,0.8450693740364265
"Sugano, Tomoyuki",ST,same,407,0.7268411047400565,2.0900904822923705,0.66689120635994,0.6804913979148669
"Sulser, Cole",CH,opposite,72,-0.43159314636508456,1.325543573802003,0.6228372598966778,0.8762007811779952
"Sulser, Cole",CH,same,79,-0.21424307724906075,1.380561648445813,0.5656424594824053,0.8744405027284347
"Sulser, Cole",FC,opposite,33,0.7478475583101432,2.6222895985631545,0.6409780179004333,0.6773600500191317
"Sulser, Cole",FC,same,48,0.9333737255160933,2.4197346151865875,0.697867197571423,0.6775954810448289
"Sulser, Cole",FF,opposite,87,0.001443710106782617,3.1845924772977696,0.5044040757903572,0.7318127581461182
"Sulser, Cole",FF,same,66,0.25716937400585227,3.1634872016181985,0.5562761241518629,0.6733178218948765
"Suter, Brent",CH,opposite,226,0.6984256382433001,2.0530120022255156,0.7527614079996666,1.0916378047546473
"Suter, Brent",CH,same,25,0.1378711456336006,1.7546359655835821,0.7115310077752522,1.1493090266349952
"Suter, Brent",FF,opposite,329,-0.09214731107568032,3.0232329033676004,0.571109416937926,0.8644716465491017
"Suter, Brent",FF,same,142,-0.1816549248633769,2.701654846347791,0.6053216218416839,0.7906408916963032
"Suter, Brent",SI,opposite,84,0.30242888231487053,2.4490217230446483,0.6114281399242274,0.7606335805494371
"Suter, Brent",SI,same,174,0.204333232524929,2.189248870181692,0.6989316655938622,0.7859242816361812
"Suter, Brent",SL,opposite,13,0.25212016718849084,1.5484778653544127,0.6545086280713024,0.9686890545989811
"Suter, Brent",SL,same,123,-0.5174636204999852,1.8878336161783147,0.6361613847877254,0.9822135872223511
"Suárez, Albert",FF,opposite,45,0.004115312122856161,3.2323805152582845,0.6637602978983205,0.7515520559772506
"Suárez, Albert",FF,same,30,0.25936394600025653,2.9885117050905157,0.6772113979162665,0.795103996102454
"Svanson, Matt",FC,opposite,127,0.12028207077121915,2.9647316340171015,0.7777172740938113,0.9622978313203245
"Svanson, Matt",FC,same,31,0.5169721390701904,2.6295028632372377,0.8229495820851975,1.3290460911245257
"Svanson, Matt",SI,opposite,142,-0.3062748757217411,2.917887426521609,0.8544836895873352,0.8363000011906598
"Svanson, Matt",SI,same,315,-0.05231327859346256,2.5869506350014575,0.7185731464833108,0.7597085713447546
"Svanson, Matt",ST,opposite,118,0.23054632317149226,1.904463577701701,0.8477564153034692,0.9511421088054515
"Svanson, Matt",ST,same,218,0.6620266635300392,2.05768148732924,0.8670339486851948,0.8465649733641727
"Swanson, Erik",FF,opposite,37,-0.14018450974976907,2.952336511997385,0.6157582219223834,0.8381393614475894
"Swanson, Erik",FF,same,22,0.024716979832119138,2.914577960906412,0.77523328403433,0.7038619356859063
"Swanson, Erik",FS,opposite,29,-0.521058002011631,1.8783226693342654,0.6087758968303209,1.1029096943941954
"Swanson, Erik",FS,same,27,-0.29314253615457014,1.335049476305733,0.6467566362203628,0.9202553328769734
"Sánchez, Cristopher",CH,opposite,1065,0.30058309569015984,1.6789262265002738,0.839886767252402,0.7288286759120267
"Sánchez, Cristopher",CH,same,98,-0.023778118004988254,1.6369115346271434,0.9963859118921463,0.881472807715442
"Sánchez, Cristopher",SI,opposite,1056,-0.133712287610586,2.3262410796947584,0.7442702700146832,0.6202024675097518
"Sánchez, Cristopher",SI,same,360,0.08784916959436219,2.2947370228200037,0.732661652064916,0.612571448601505
"Sánchez, Cristopher",SL,opposite,316,-0.1830183620987406,1.8923120922867127,0.7789016342743587,0.7389412991947065
"Sánchez, Cristopher",SL,same,189,-0.6426815310772158,1.778748953024019,0.7531180485537482,0.739148007015161
"Taillon, Jameson",CH,opposite,236,-0.4945610228285181,1.9950659017095367,0.606021602705131,0.8806075604570188
"Taillon, Jameson",CH,same,2,-0.7018746303414772,2.687856609289943,1.1719463506175618,3.2121263788806313
"Taillon, Jameson",CU,opposite,265,-0.20191508730183735,2.019120629984871,0.6839783718356351,0.9350518016278425
"Taillon, Jameson",CU,same,8,-0.23308845103408302,1.9438249682140731,0.8983423044513408,0.8407519129158147
"Taillon, Jameson",FC,opposite,90,-0.46009830493272236,2.3792181639152816,0.6832714933314384,0.7022630869186092
"Taillon, Jameson",FC,same,223,0.46425843974759856,2.018411490056543,0.5369837689102093,0.6851221391677236
"Taillon, Jameson",FF,opposite,505,-0.28394596625929075,2.981595743725529,0.6764592080490321,0.7940193684902463
"Taillon, Jameson",FF,same,303,0.16541594022754624,2.9238479853519292,0.5421724416308081,0.8043287121931658
"Taillon, Jameson",SI,opposite,26,0.30104686677797693,2.799125394179588,0.6671506358922453,0.5677342634518088
"Taillon, Jameson",SI,same,126,-0.25831915395717553,2.3816097800517397,0.7990084912561011,0.75053506635584
"Taillon, Jameson",ST,opposite,18,0.07592715622332129,1.904827979986294,0.6346390975352805,1.0078629338973808
"Taillon, Jameson",ST,same,312,0.5641990077181945,1.713914740951122,0.6070035231644263,0.8610523099405507
"Tate, Dillon",ST,opposite,17,-0.6262559186097673,2.513924520890543,0.932812449615054,0.7672470787927644
"Tate, Dillon",ST,same,43,0.5644122873346066,2.3288023594430554,1.0894030073207879,0.7611086704043369
"Taylor, Grant",CU,opposite,88,-0.006274124979844239,1.9247185513401164,0.5982316066835215,1.0645070076075256
"Taylor, Grant",CU,same,44,0.1538922110406928,1.72401256570011,0.539552867712272,1.2352689326685558
"Taylor, Grant",FC,opposite,67,0.19022570666233435,2.3469530488805224,0.6000750092696743,0.855775274186981
"Taylor, Grant",FC,same,35,0.3484699342007043,2.1565993459923862,0.699978281144126,1.0001275281037407
"Taylor, Grant",FF,opposite,190,-0.2594604217460195,2.7082613390517514,0.5681139922932285,1.0511807679777943
"Taylor, Grant",FF,same,148,-0.06841424119566296,2.8423751866224367,0.5514835821804496,0.9531257075753663
"Taylor, Troy",FF,opposite,32,-0.42769241861720264,2.870852877405038,0.8605998919525514,0.5615361141838809
"Taylor, Troy",FF,same,32,0.16847032930865835,2.638932469831532,0.8850540413865459,0.7756334842098339
"Taylor, Troy",ST,opposite,22,0.1361324214576474,2.204153016822165,0.7877297204719975,0.9270783715872368
"Taylor, Troy",ST,same,29,0.82634943758494,1.8499990161405122,0.7349326196135728,0.7136912872341311
"Teng, Kai-Wei",CH,opposite,50,-0.2754896069582565,1.646486713520601,0.8868688536314965,0.9567586185476447
"Teng, Kai-Wei",CH,same,9,0.2231191202511602,1.5144884811479422,1.0021081771426374,1.5051946542882062
"Teng, Kai-Wei",CU,opposite,60,-0.06440044046671188,2.444990492230023,0.9699356619405824,0.9377330106162988
"Teng, Kai-Wei",CU,same,19,0.7042026640330357,1.6567623922794428,1.0062656662719245,0.8106878318996446
"Teng, Kai-Wei",FF,opposite,66,-0.27625394167146633,3.089262903863503,0.748357542559282,0.7746283261415423
"Teng, Kai-Wei",FF,same,77,0.18910086414306182,2.8992901552559074,0.8245271378121072,0.8604986843291691
"Teng, Kai-Wei",SI,opposite,24,0.45010639939993524,2.5131576503790436,0.6557489101659207,0.8602456346256847
"Teng, Kai-Wei",SI,same,47,0.462672002659135,2.508077386155099,0.8163371116237903,0.7068680508438283
"Teng, Kai-Wei",ST,opposite,91,0.38445201238154575,2.233212153366575,0.7892220195597118,0.6830834864694504
"Teng, Kai-Wei",ST,same,130,0.7671950171888916,2.023827635123233,0.9187940290365125,0.7997682047798544
"Thielbar, Caleb",CU,opposite,199,-0.11102493770719801,1.7469272845644461,0.6829141201873904,0.9791637936772309
"Thielbar, Caleb",CU,same,46,-0.12429023273941656,1.564248289503022,0.6894850026855073,1.104922924546417
"Thielbar, Caleb",FF,opposite,214,0.07294755130483879,2.872949208216231,0.6546819060476178,0.7761413960335958
"Thielbar, Caleb",FF,same,159,0.05331195809406726,2.539235084567592,0.6099020629340217,0.8472530927998356
"Thielbar, Caleb",SL,opposite,56,-0.7223962695791181,2.0643437480854385,0.7318637112858994,0.8270502094916418
"Thielbar, Caleb",SL,same,75,-0.6594645747683816,2.0930650900742434,0.6857319895112838,0.7365204995652803
"Thielbar, Caleb",ST,opposite,4,-0.6656973320879679,2.2353449965247285,0.9783329142330323,1.1278807767528143
"Thielbar, Caleb",ST,same,127,-0.2880742092230487,2.242892936123024,0.7884500342555162,0.9452825740695739
"Thompson, Mason",SI,opposite,38,0.04266462702754394,1.9908884078509541,0.708509417172325,0.812321106746861
"Thompson, Mason",SI,same,58,0.05351911448508269,2.3172181188165237,0.807185256582405,0.9098051367757538
"Thompson, Mason",SL,opposite,34,0.1199501373569463,1.7505251563062298,0.8658696926358296,0.7266813723680442
"Thompson, Mason",SL,same,46,0.19762206350601041,1.890839607110617,0.9010894816502828,0.7817683413123994
"Thompson, Ryan",FF,opposite,35,-0.33557405203103735,3.5351081203877723,0.900853303414025,0.6112166535715341
"Thompson, Ryan",FF,same,15,-0.3738608457116826,3.6326220857079283,1.0227453645629372,0.6999764439756732
"Thompson, Ryan",SI,opposite,155,-0.24218889749657507,1.6732651325733836,0.7690225620007926,0.6026899023615706
"Thompson, Ryan",SI,same,179,-0.1157231815980299,1.914408885877654,0.7349526393786642,0.551152486103237
"Thompson, Ryan",SL,opposite,90,0.1858183022342725,2.1707601485874535,1.034926405627299,0.5651468276470686
"Thompson, Ryan",SL,same,174,0.9055916517073628,2.428820580593553,0.9628960329149765,0.5524313036760067
"Thornton, Trent",CU,opposite,110,0.018455731849101153,2.0263859037723764,0.6740658633444693,0.9558941153066667
"Thornton, Trent",CU,same,12,0.3936198258934014,1.8249364938033876,0.8730896246565932,1.348823588790631
"Thornton, Trent",FC,opposite,66,0.43840950251879457,2.3818147602781417,0.6725524274310254,0.7723228167722932
"Thornton, Trent",FC,same,83,0.5812197524798851,2.215498122701196,0.5602165083861355,0.7360740407383968
"Thornton, Trent",FF,opposite,114,-0.18240523993800015,2.767740483319123,0.6954316019139352,0.9061034861903366
"Thornton, Trent",FF,same,103,0.24571264181395497,2.8754410189454847,0.6530760103261649,0.9034926315603882
"Thornton, Trent",ST,opposite,32,-0.12173235955854142,2.400380465288006,0.6977826658969142,0.6632787978877948
"Thornton, Trent",ST,same,90,0.4215273583613046,2.436023679624296,0.906702202552101,0.7394851011567127
"Tidwell, Blade",FF,opposite,54,0.10236328717958297,2.464244272715832,0.6294149965010998,0.8782152568996366
"Tidwell, Blade",FF,same,66,0.4036616501459246,2.664600076088,0.6270464631417331,0.8913458822932372
"Tidwell, Blade",SI,opposite,6,-0.4689401259454038,2.461693228536744,0.598976371687359,0.5900896021927668
"Tidwell, Blade",SI,same,52,-0.10887502088904889,2.4847264515824437,0.6663375638085279,0.8720836613749939
"Tidwell, Blade",SL,opposite,20,-0.2829955243407872,2.000537885445062,1.085097503513091,1.0646956144873307
"Tidwell, Blade",SL,same,33,0.35585319739095517,1.9630552702989097,0.7586268561758701,0.8352599284497156
"Tidwell, Blade",ST,opposite,25,-0.027505027905471966,2.4165029920870387,0.9038798972679598,0.79892259502455
"Tidwell, Blade",ST,same,42,0.6654320444500207,2.4870418436290045,0.8819389608249871,0.9766521362915864
"Tinoco, Jesus",SI,opposite,34,-0.526283993360749,2.2060792397612854,0.6794544234204434,0.5278294260124463
"Tinoco, Jesus",SI,same,63,-0.2786008381078959,2.091174286563534,0.5534065801792534,0.5838859397397416
"Tinoco, Jesus",SL,opposite,55,-0.260204716684786,1.8131687253812305,0.8621854351847595,0.7340429496688048
"Tinoco, Jesus",SL,same,75,0.4292534122584963,1.6809068565632481,0.7536869879605279,0.7278382375407455
"Tolle, Payton",FF,opposite,157,0.14510449438476428,2.816306226231632,0.7694860443538314,0.673557626196479
"Tolle, Payton",FF,same,45,0.11089494651888913,2.328524910874601,0.8134969428344131,0.6305443953680664
"Tong, Jonah",CH,opposite,51,0.16215426707556177,1.6726967987481567,0.6173314235863357,0.932977020052151
"Tong, Jonah",CH,same,51,0.28201630371679776,1.7437206119452764,0.5950007821238473,1.0236706642939655
"Tong, Jonah",FF,opposite,104,0.2409465451665271,2.429071981861215,0.7222944963020527,0.8198369368121272
"Tong, Jonah",FF,same,109,0.2756204646632901,2.5199382142795104,0.635251666634742,0.9382441941470981
"Tonkin, Michael",FF,opposite,141,-0.3967912475617091,2.560650785816683,0.8252771403212432,0.6400816677478429
"Tonkin, Michael",FF,same,85,-0.1536132903241798,2.5919743313444394,0.7929452544328246,0.7715089639103261
"Tonkin, Michael",SL,opposite,57,-0.17509079407353462,1.7755644440146776,1.1259158090967922,0.7727011163215809
"Tonkin, Michael",SL,same,46,0.34024827853172296,1.8351533405979117,0.948649698577449,0.7946666769363079
"Topa, Justin",CH,opposite,112,-0.5024420910849776,1.8675230506724605,0.9582571825808012,0.7126554021628065
"Topa, Justin",CH,same,35,-0.13096834175788488,1.7324317416187232,0.724508296426657,0.5925441294473389
"Topa, Justin",FC,opposite,157,0.2732859860163738,2.9201884351358407,0.7364376382513002,0.6075992251871476
"Topa, Justin",FC,same,39,0.49706368689415836,3.0133125196638773,0.6458349955205572,0.6231087327532399
"Topa, Justin",SI,opposite,84,-0.10784481911795354,2.3444502553582653,0.7508290557019781,0.600358369604741
"Topa, Justin",SI,same,265,-0.14201492438812,2.354463234418102,0.8515144147980445,0.5591239107573642
"Topa, Justin",ST,opposite,99,0.12296446303614657,2.0705116218680795,0.8517135114446429,0.663312657248362
"Topa, Justin",ST,same,188,0.8164260451137815,2.1562050080281567,1.1559125663688228,0.6255683036726556
"Treinen, Blake",FC,opposite,48,0.19011954531143502,3.277250169269012,0.5959203185301201,0.7969250425254664
"Treinen, Blake",FC,same,14,0.4127829271880575,2.994251086359502,0.7298803525067514,0.8136878705274114
"Treinen, Blake",FF,opposite,45,-0.17122498892554017,3.36072564419857,0.7780357082529268,0.8186173750594903
"Treinen, Blake",FF,same,32,0.10087593097360954,3.1767650665269165,0.7184867716688985,0.8189090496862833
"Treinen, Blake",SI,opposite,32,0.12620398132440286,2.595817155313834,0.791144600042254,0.6586033166902298
"Treinen, Blake",SI,same,143,-0.20449153956159638,2.306262631795653,0.7444591211066727,0.6827101161922394
"Treinen, Blake",ST,opposite,102,0.20248702752319292,2.0945733618962223,0.8313677644420845,0.8549740580687739
"Treinen, Blake",ST,same,169,0.852473468086525,1.879157652653274,0.7215195358365394,0.738322733159763
"Trivino III, Lou",CH,opposite,105,-0.5805299586117326,2.0930697218248002,0.8154249387605759,0.8057954827371655
"Trivino III, Lou",CH,same,35,-0.08991147105016813,1.9577003350851365,0.7503403855404367,0.8379939167741554
"Trivino III, Lou",FC,opposite,103,0.2417023943837485,2.776993381262951,0.729566821322768,0.730332295201576
"Trivino III, Lou",FC,same,100,0.48911453834321167,2.745768558702029,0.7710332028099233,0.760995456190611
"Trivino III, Lou",FF,opposite,76,-0.2703487135912022,2.8745619984488826,0.7887245092856938,0.8662080481867623
"Trivino III, Lou",FF,same,56,0.14970884425677453,2.875941344402006,0.6769150241717431,0.7553076871866772
"Trivino III, Lou",SI,opposite,48,-0.492803707856428,2.459790890902928,0.8308537741130816,0.7445638080610615
"Trivino III, Lou",SI,same,138,-0.3383007060779937,2.5509268632608704,0.8054528917558197,0.7895404556482896
"Trivino III, Lou",ST,opposite,32,0.28805515344207566,2.2422347778243386,1.0476869468651342,0.8629610332864609
"Trivino III, Lou",ST,same,138,0.6905589974435209,2.102685461431485,0.8030011939888266,0.890541996022179
"Uceta, Edwin",CH,opposite,232,-0.31139409929927686,1.759771481281208,0.8070414953928097,0.6167485994330494
"Uceta, Edwin",CH,same,240,-0.004583594788305726,1.7628547649351776,0.8489003782704895,0.7031474531584674
"Uceta, Edwin",FC,opposite,69,0.3368771007111033,2.5440377686119797,0.7691053868873331,0.5986028548520066
"Uceta, Edwin",FC,same,124,0.5998417775548617,2.406626998471677,0.8325250544940052,0.6070869282815292
"Uceta, Edwin",FF,opposite,237,-0.24687192622326626,2.95533251351449,0.8762495217565605,0.6059851647840738
"Uceta, Edwin",FF,same,256,0.25966970271006784,2.9707750530054544,0.8685659729110383,0.6690591980658284
"Ureña, José",CH,opposite,163,-0.4213884909561235,1.686040223587361,0.756435158216416,0.7012804663469835
"Ureña, José",CH,same,67,0.20996686925288385,1.6542836844232458,0.6984262080507214,0.6430663620750113
"Ureña, José",FF,opposite,59,0.3111646618326774,2.8083525737819595,0.8023008308819738,0.7442999136154623
"Ureña, José",FF,same,35,0.4224581799051963,2.582995662483988,0.7258217431150918,0.8681407014466961
"Ureña, José",SI,opposite,167,-0.23175132907706134,2.3434505192163875,0.7561237010068953,0.725299617523222
"Ureña, José",SI,same,172,-0.3251660835424804,2.388783369372269,0.836389887085644,0.5722225718950886
"Ureña, José",SL,opposite,86,0.12895512305687887,1.8834747336745175,0.8628694241355811,0.7657619110044406
"Ureña, José",SL,same,153,0.7456627108381692,2.256029246132464,0.7637656430342022,0.7250062040830937
"Uribe, Abner",SI,opposite,303,-0.006636665104927198,2.2121243996492868,0.8742613461314849,0.8227769330409467
"Uribe, Abner",SI,same,343,0.13240579168980868,2.4764526871532833,0.7254148012764128,0.8009933400847004
"Uribe, Abner",SL,opposite,230,0.02257878298680535,1.9319232717370827,0.8312689752337323,0.9058643569572633
"Uribe, Abner",SL,same,349,0.4472110638689928,2.0145769512214886,0.7695904814329175,0.8999947318782026
"Valdez, Framber",CH,opposite,498,0.2583808317856149,1.7808515639298939,0.7207549834072023,0.7874002610451095
"Valdez, Framber",CH,same,19,0.5827576709795891,2.213069836591124,0.6291059179767567,0.90539621516286
"Valdez, Framber",CU,opposite,803,-0.1959613332541965,1.5903144110580725,0.9023736293058483,0.8879939622838764
"Valdez, Framber",CU,same,154,-0.24821555833973788,1.4049499435060555,0.9082518229123414,0.8263279072592863
"Valdez, Framber",SI,opposite,1019,0.006430376028485342,2.276592030673872,0.6741082746841618,0.7410566792616355
"Valdez, Framber",SI,same,302,0.10495370857756718,2.37042550386349,0.6789101542272918,0.7180994840530935
"Valdez, Framber",SL,opposite,46,-0.30852208572564926,1.636594632236252,1.0410035901258659,1.132313237456318
"Valdez, Framber",SL,same,45,-0.3421872976130848,1.6198389376229505,0.7685068959836817,0.9158569001368664
"Van Belle, Brian",CH,opposite,29,-0.25379514503130046,1.7598862748748756,0.6731289243383292,0.721859994378689
"Van Belle, Brian",CH,same,27,-0.1400835270829741,1.6332789998480788,0.7919891688649823,0.5875284928823696
"VanWey, Logan",FF,opposite,50,-0.1878467346362456,2.906000811270942,0.6535394612693441,0.6808652229809119
"VanWey, Logan",FF,same,46,0.5121828899716664,2.9325989832944255,0.631340132872501,0.6531796284234935
"Vargas, Carlos",FC,opposite,83,0.005525606685037751,2.71922637921069,0.7679136586907185,0.8836928930956436
"Vargas, Carlos",FC,same,84,0.2410534231291877,2.6076211064926595,0.9311703075549274,0.8008012200352824
"Vargas, Carlos",SI,opposite,311,-0.2412297449405412,2.34729567302089,0.8022791321846305,0.7541664427704928
"Vargas, Carlos",SI,same,464,-0.3827535763760687,2.5239634781891995,0.7419776307644652,0.8081413276526278
"Vargas, Carlos",SL,opposite,93,0.08786905707262044,2.219785235687553,0.8543144007174751,0.8657882618379358
"Vargas, Carlos",SL,same,124,0.4426383682703444,1.9252210875430424,0.9013954597119244,0.9372447670777077
"Varland, Louis",CH,opposite,88,-0.2761311301333746,1.5283877549044382,0.6653727372300506,0.8685467600500529
"Varland, Louis",FF,opposite,271,-0.21603967084433362,2.6354891717522055,0.6802089680963607,0.7285603718578805
"Varland, Louis",FF,same,307,0.2201919899978065,2.7018481059374646,0.6208430825633695,0.8138189802068526
"Varland, Louis",KC,opposite,186,0.16865952575564624,1.6109331256117365,0.6227856762546481,0.943038729322564
"Varland, Louis",KC,same,299,0.4823389890148185,1.6324969462645362,0.7093984388960609,0.9549439011548375
"Varland, Louis",SI,opposite,5,-0.5730455684801052,2.5620998186831745,0.38477306418515284,0.9573448691596977
"Varland, Louis",SI,same,61,-0.3978255083395906,2.1322833881165644,0.8025280064935345,0.6801580378450112
"Varland, Louis",SL,opposite,6,0.5432124899395548,1.3287925130136793,0.5297226269205905,1.317092742780304
"Varland, Louis",SL,same,84,0.4210434494354222,2.1968522269660475,0.625885345505493,1.0063496526232483
"Vasil, Mike",CH,opposite,180,-0.4501058292915122,1.922772434097866,0.7360852974422194,0.7351251725692289
"Vasil, Mike",CH,same,20,0.37029825483735823,1.5420329512670914,0.9440782753398557,0.6221534034390545
"Vasil, Mike",CU,opposite,155,-0.1306404063304281,2.2538624305035198,1.0070644125909776,1.0711683559230738
"Vasil, Mike",CU,same,48,0.19535356566873827,2.1553916737597874,0.9076802887717018,1.0263044230313598
"Vasil, Mike",FC,opposite,32,0.6787434744335025,1.8294098517074802,0.6166136102338245,0.8192860672750625
"Vasil, Mike",FC,same,58,0.8217983501491475,2.0901216165464573,0.6758703351919877,0.7888055218636678
"Vasil, Mike",FF,opposite,130,0.032004087134156964,3.2593257122210053,0.7590313181432377,0.7829829118638514
"Vasil, Mike",FF,same,101,0.2893957171574578,3.3153143638484432,0.7260304089344556,0.7844889462166038
"Vasil, Mike",SI,opposite,268,-0.19753034709952272,2.4018149291137845,0.8078440238112515,0.7414332071449572
"Vasil, Mike",SI,same,389,-0.00048039306196912646,2.4605455440955204,0.8104476975522278,0.7453402199167253
"Vasil, Mike",ST,opposite,21,-0.1406874733413443,2.8348276716500975,0.8587704427776305,0.7351350257985931
"Vasil, Mike",ST,same,244,0.6002267523458613,2.240727113341285,1.0013276892325824,0.9110728550445096
"Veneziano, Anthony",FF,opposite,65,0.18168484165773624,2.724410951001562,0.6103058286508868,0.6560023646633107
"Veneziano, Anthony",FF,same,81,0.17385733408178777,2.728480895844538,0.6649332388365307,0.7298187352656057
"Veneziano, Anthony",SI,opposite,13,0.20711167142364123,2.0640988005712937,0.5188589639982127,0.8465973625697724
"Veneziano, Anthony",SI,same,43,0.553738025353607,2.5426823351979904,0.6429086901517721,0.8306727792384015
"Veneziano, Anthony",SL,opposite,54,-0.18316016906001945,1.7127077287453,0.7955809446296834,0.906930865545243
"Veneziano, Anthony",SL,same,61,-0.14528159944153807,1.870228647850856,0.8333685117930202,0.9446883717425073
"Veneziano, Anthony",ST,opposite,40,-0.28148503062682423,2.19422374189081,0.5996309138066483,0.8737518504292238
"Veneziano, Anthony",ST,same,90,-0.43652310073729605,2.005655319634727,0.8429697813057876,0.9032809001144582
"Verlander, Justin",CH,opposite,185,-0.5432783466437247,2.1761170029897645,0.6574120075738874,1.0928472026157439
"Verlander, Justin",CH,same,37,-0.37571986535969376,2.19834799967505,0.7163356751235225,1.0409021080891985
"Verlander, Justin",CU,opposite,200,-0.07859036545527864,2.1370543002478954,0.7606831197892742,0.936883569986053
"Verlander, Justin",CU,same,181,0.12804498223817748,2.020303971141153,0.7473111323650536,0.9383031552118415
"Verlander, Justin",FF,opposite,557,-0.14804189977510315,3.046717630805173,0.7436781392970354,0.7946328250089166
"Verlander, Justin",FF,same,625,0.16020367390014714,2.94557094865329,0.771905946303753,0.7750755993197498
"Verlander, Justin",SL,opposite,325,0.3590181757847923,1.9230642488730474,0.5644174592921448,0.8306775707473596
"Verlander, Justin",SL,same,282,0.4837112900695719,1.820272319451479,0.5777528372293471,0.8719017143173433
"Verlander, Justin",ST,opposite,40,0.12936651306350327,2.2509023354617237,0.880187563180121,0.8889169998967004
"Verlander, Justin",ST,same,166,0.7471971140354227,2.22383296736834,0.6949902000155591,0.8994069538905145
"Vesia, Alex",CH,opposite,67,0.149353675664018,2.385497367559329,0.6245250002809551,1.1036301151797954
"Vesia, Alex",FF,opposite,419,0.20921197752711437,3.1893502746310407,0.6868365872925645,0.83247657939152
"Vesia, Alex",FF,same,191,-0.07368029928755154,3.0749972158804626,0.6835650225414314,0.7481517626348078
"Vesia, Alex",SL,opposite,219,-0.23466360958226545,1.931481138378467,0.7275131804272245,0.9684488458857483
"Vesia, Alex",SL,same,168,-0.4151000973881743,2.2162763076917527,0.7032417552271775,0.9025924911622079
"Vest, Will",CH,opposite,88,-0.8543139732281401,1.4963467107729749,0.5572153160409369,0.7583268797711594
"Vest, Will",CH,same,1,-0.3781786059862322,-0.1477570614573893,0.0,0.0
"Vest, Will",FF,opposite,366,-0.20653718656452252,2.6787959726026753,0.6206622668274957,0.8212326927002304
"Vest, Will",FF,same,276,0.3964672722083323,2.755140851457,0.5228471267212758,0.8740884734861967
"Vest, Will",SI,opposite,1,-1.236506836372628,5.430132550918174,0.0,0.0
"Vest, Will",SI,same,202,-0.6284897290557048,2.3190656407060044,0.5406491593185935,0.7186576767190761
"Vest, Will",SL,opposite,138,0.5229561019657853,1.5499374193605022,0.6479945803513278,0.8679855352561213
"Vest, Will",SL,same,152,0.8891368264026149,1.4376132217418445,0.6306330629081192,0.9093677887362431
"Vodnik, Victor",CH,opposite,195,-0.2785068179936208,1.540475327390147,0.7404274754562312,0.7727026150740111
"Vodnik, Victor",CH,same,45,-0.13593180991893114,1.578343529252504,0.6816673372870163,0.9553870631329195
"Vodnik, Victor",FF,opposite,276,-0.29614680817599026,2.7289175612977523,0.7361340818913819,0.9504760609653287
"Vodnik, Victor",FF,same,235,0.20472686125110362,2.7215754063151953,0.6924344589655095,0.9162515128730716
"Vodnik, Victor",SL,opposite,4,-0.1430727797270348,1.0034846790685443,0.5561028446845935,0.6573644008381395
"Vodnik, Victor",SL,same,114,0.5225043954548467,1.8255822499356498,0.7729536738398838,0.8967396256403839
"Vásquez, Randy",CH,opposite,136,-0.5013478677080271,1.913985896853375,0.7606903990810742,1.0130955863350042
"Vásquez, Randy",CH,same,13,-0.017047577074466223,1.8326319444100903,0.48596861418499604,0.883391365457889
"Vásquez, Randy",CU,opposite,225,0.0015408290142406,1.8169668030131325,0.7498454650895565,0.8368976762884013
"Vásquez, Randy",CU,same,51,0.575726112858593,1.7371678760279623,0.7801934911208253,0.7144668083931286
"Vásquez, Randy",FC,opposite,279,0.2059128993108505,2.642416890049006,0.7922113311554384,0.7099511753989709
"Vásquez, Randy",FC,same,256,0.6933780296844516,2.372587225112256,0.698221867971338,0.7101740598417908
"Vásquez, Randy",FF,opposite,313,-0.3953212279045987,2.5899032072409187,0.7025378952324719,0.7859617386575443
"Vásquez, Randy",FF,same,139,0.21908912163115998,2.7372456596742185,0.6353488238840201,0.6566840060219284
"Vásquez, Randy",SI,opposite,46,0.01773685624315881,2.1437998655645583,0.8442819196748964,0.79003318636657
"Vásquez, Randy",SI,same,363,-0.19271328746255814,2.3685765377551022,0.6942813450895732,0.6894684861293886
"Vásquez, Randy",ST,opposite,81,-0.03250601393549277,1.9939612413014307,0.7610115231312513,0.7632040588717339
"Vásquez, Randy",ST,same,200,0.747619433360542,2.092326910148781,0.8388383121618914,0.6985712193455383
"Wacha, Michael",CH,opposite,456,-0.3928008557161727,2.028562404665954,0.5832564708744751,0.8902698781118246
"Wacha, Michael",CH,same,221,-0.23447069682861352,2.0504869968870376,0.5364811620243344,0.9351941509053259
"Wacha, Michael",CU,opposite,135,0.06868525541603088,2.239071998965344,0.8318894511291642,1.257258495659001
"Wacha, Michael",CU,same,71,0.5850451308005528,1.8507043709648965,0.8430389962395298,1.400437603719273
"Wacha, Michael",FC,opposite,208,0.30806992181694215,2.8295773534301216,0.6091144546269055,0.8080708551869967
"Wacha, Michael",FC,same,193,0.42091424898998353,2.4937499705288975,0.6066862830767634,0.7968568963229747
"Wacha, Michael",FF,opposite,464,0.04896753324559448,2.7821426033463577,0.6735820419291518,0.8330660720758744
"Wacha, Michael",FF,same,255,0.39742934785543316,2.715608491158615,0.6619760089654542,0.9591374859107228
"Wacha, Michael",SI,opposite,59,0.5889381479322546,2.668363902794856,0.5470600532898355,0.7959901800104618
"Wacha, Michael",SI,same,279,-0.13337428354993483,2.5566291505242122,0.7644819036555834,0.7397766912778486
"Wacha, Michael",SL,opposite,65,0.48546802499037667,2.024451685339907,0.6159794457968594,0.9191112110362225
"Wacha, Michael",SL,same,259,0.7597530783541993,2.1431648887268353,0.6234561116638258,0.8599428811158746
"Waddell, Brandon",CH,opposite,74,0.6765752644636367,1.844936073352766,0.712615487494792,0.8766869972367732
"Waddell, Brandon",CH,same,1,0.5432175736969838,2.579089952770097,0.0,0.0
"Waddell, Brandon",FF,opposite,102,0.0312390189535206,3.15620736064467,0.8410378059953666,0.8664258306963725
"Waddell, Brandon",FF,same,14,0.034594665943921694,3.0256309689999514,0.5683175899790321,0.8818093338940992
"Waddell, Brandon",SI,opposite,44,0.5647938225836473,2.355463770946599,0.6949890985315905,0.80199871239658
"Waddell, Brandon",SI,same,67,0.4570116627644281,2.292062774696869,0.695848927554599,0.638271236629307
"Waddell, Brandon",SL,opposite,54,-0.4554599744270946,1.7647343282058188,0.6175054132945057,0.7881093736747986
"Waddell, Brandon",SL,same,35,-0.7024359081038533,2.023616056838162,0.64261622495469,0.7529292128223969
"Waddell, Brandon",ST,opposite,64,0.17762506783671542,2.0107003890416877,0.7786253642922255,0.7307412992825351
"Waddell, Brandon",ST,same,57,-0.3634899760335603,1.8759776207107466,0.9022267982869706,0.944249612221306
"Waldrep, Hurston",CU,opposite,78,-0.46183672751955146,2.2371299869537276,0.8545736682117288,0.9644594712907939
"Waldrep, Hurston",CU,same,35,-0.05858264516814702,2.1322787297724823,0.7869021923470166,1.018010948547847
"Waldrep, Hurston",FC,opposite,105,0.15750964240609408,2.53759321669485,0.6598596426881012,0.7876846894333517
"Waldrep, Hurston",FC,same,80,0.3212705370692795,2.4628605852600285,0.7903082100799589,0.786525789680164
"Waldrep, Hurston",FS,opposite,186,-0.12185869413037159,1.859015619037645,0.9072191662817064,0.9748724846561401
"Waldrep, Hurston",FS,same,93,-0.004814907705898805,1.5738426800800116,0.7836454332185127,0.9668097359675484
"Waldrep, Hurston",SI,opposite,102,-0.27410896914622246,2.368288836358592,0.712255954512359,0.7667161057650044
"Waldrep, Hurston",SI,same,60,-0.31022826935834313,2.590536442732187,0.797711249453053,0.8222805045694142
"Waldrep, Hurston",SL,opposite,34,-0.026257711549559005,1.8960823773857958,0.6546919636770341,0.7303043415311791
"Waldrep, Hurston",SL,same,66,0.17264328886697095,1.9414293040349182,0.8156020937635747,0.8341031440855909
"Waldron, Matt",KN,opposite,43,0.04467808846442231,2.223105019254317,0.8171518894953052,0.9298714828767218
"Waldron, Matt",KN,same,34,0.46046067220563147,2.136431960619269,1.0782035855679477,1.1158177182409696
"Walker, Ryan",SI,opposite,301,-0.19811725632492813,2.551588965117084,0.8322833543848116,0.6253744353237645
"Walker, Ryan",SI,same,329,0.15037976390529054,2.373897343884093,0.8861812470606407,0.6153923999995461
"Walker, Ryan",SL,opposite,173,-0.05736229824356886,1.8375099762782494,0.9642959249057971,0.6876594661563745
"Walker, Ryan",SL,same,209,0.6869376676882396,1.823753958411775,0.9750005886772671,0.7169728327069004
"Walker, Taijuan",CU,opposite,122,-0.4012865369000326,2.111537772820978,0.7694528967569476,0.9854161462419828
"Walker, Taijuan",CU,same,12,0.5903189856937783,1.6443495935561832,0.7274169369546786,0.7976864299545698
"Walker, Taijuan",FC,opposite,361,-0.10406375708048363,2.9368021658613315,0.7015638355345573,0.7306485632776584
"Walker, Taijuan",FC,same,268,0.5681594446311019,2.3898011889143302,0.6288260286778403,0.8107186291023506
"Walker, Taijuan",FF,opposite,150,-0.22682311725645646,2.967449215483453,0.7514995539482575,0.7895355687092195
"Walker, Taijuan",FF,same,48,0.19174639358143553,2.9751951845428266,0.6644903699008013,0.7783663702568925
"Walker, Taijuan",FS,opposite,341,-0.622691194786459,1.883165427169987,0.6792910613984021,0.7609685869225118
"Walker, Taijuan",FS,same,125,-0.27882645902736664,1.6777658346214452,0.6514863160879854,0.8297622400261446
"Walker, Taijuan",SI,opposite,116,0.1777182597350597,2.796901865048928,0.7117828358873938,0.7411528431407022
"Walker, Taijuan",SI,same,304,-0.19131478349831818,2.4116836665435164,0.7839028240060255,0.706355423558165
"Walker, Taijuan",SL,opposite,57,0.30083796072042684,1.9677780798469944,0.7174939961236206,1.0565038433477958
"Walker, Taijuan",SL,same,175,0.7957675318404424,1.9218223027462993,0.659953662021421,0.8082750557818579
"Walter, Brandon",CH,opposite,148,0.5711372550114514,1.7438824688551604,0.8770048056692261,0.7351957890220404
"Walter, Brandon",CH,same,1,-0.1225701755604673,1.5758393842632472,0.0,0.0
"Walter, Brandon",FC,opposite,202,-0.39424240103637076,2.350360977886214,0.6406705366113098,0.6375290302717381
"Walter, Brandon",FC,same,21,-0.3732996087017135,2.259906088786966,0.6528885487245304,0.7916905992828328
"Walter, Brandon",FF,opposite,134,0.6264307139579742,3.202627762154602,0.7755250650736683,0.7227908610543866
"Walter, Brandon",FF,same,23,0.015014184729636478,2.6347320161067596,0.5795530624630819,0.7728011374633318
"Walter, Brandon",SI,opposite,46,0.12992893526709237,2.408146711720668,0.7175544528412183,0.5458460400005722
"Walter, Brandon",SI,same,56,0.20656173094646643,2.323058279147066,0.646076263132832,0.6993363601068754
"Walter, Brandon",ST,opposite,137,-0.12531038972318198,2.2041464470362913,0.981596763075538,0.7111188294524436
"Walter, Brandon",ST,same,46,-0.5131006748224886,2.1304612409828123,1.1236770941094665,0.6766644508695497
"Warren, Austin",SI,opposite,28,-0.3652228586418942,2.2945873846966345,0.675066994563674,0.6508696532155895
"Warren, Austin",SI,same,24,-0.19541572233780138,2.369659728783897,0.7955251070510276,0.6034644210622533
"Warren, Will",CH,opposite,268,-0.6492818883460163,1.51018661737454,0.6929757740390898,0.8101572633537584
"Warren, Will",CH,same,10,0.0573670400985665,1.184205913363884,0.7121324869365812,0.7218165779752946
"Warren, Will",CU,opposite,188,-0.2884023297255792,1.191919239341564,0.7912187724628402,0.9151118742079818
"Warren, Will",CU,same,14,0.47517037922278654,1.0171972181206352,0.4403354674902588,0.958396500211139
"Warren, Will",FF,opposite,761,-0.17771489064722054,2.7259497555624677,0.741722527010065,0.7654776573624509
"Warren, Will",FF,same,437,0.43605784287353605,2.719643452963323,0.6861756675174593,0.7409443054690503
"Warren, Will",SI,opposite,112,-0.530509949458975,2.152812572006123,0.6930027479990124,0.6811498318876018
"Warren, Will",SI,same,502,0.17808063794001822,2.249820130322686,0.7944169862579119,0.6588879482919254
"Warren, Will",ST,opposite,263,-0.2273492982615712,2.140887924321746,0.7939982089218981,0.7708680041979862
"Warren, Will",ST,same,331,0.8612750822944675,1.7277067882144632,0.8342465341462414,0.7687176835615817
"Weathers, Ryan",CH,opposite,165,0.32442934659938966,1.7874870644743013,0.7127554564669378,0.9603609889556998
"Weathers, Ryan",CH,same,23,-0.0006987763129298487,1.8153549640277347,0.7210560107865895,0.8269929420133046
"Weathers, Ryan",FF,opposite,234,-0.13345062982398745,2.531106731875186,0.642592547183016,0.7901804378117897
"Weathers, Ryan",FF,same,57,-0.32905278722218667,2.5688649163941357,0.630169626377149,0.7649510125718954
"Weathers, Ryan",ST,opposite,85,-0.21748542443694752,1.9301617722400666,0.8130042241399204,0.8739132232416275
"Weathers, Ryan",ST,same,35,-0.7747602369046954,1.8252573195451613,0.7533635401113618,0.8549418724534993
"Weaver, Luke",CH,opposite,213,-0.5490807921188952,1.6774491653232844,0.590120158833401,0.7683922886685465
"Weaver, Luke",CH,same,103,0.013463112600810893,1.5390550557152753,0.5989164102942803,0.8032690648303575
"Weaver, Luke",FC,opposite,20,-0.04493821756733957,2.0191439669758253,0.725011670698098,0.8030810254678341
"Weaver, Luke",FC,same,79,0.6808117373642918,1.9768066427897395,0.5775849677268989,0.7481742882904326
"Weaver, Luke",FF,opposite,324,-0.21558340095437292,2.7053739292501597,0.6821497033165407,0.7876241530296326
"Weaver, Luke",FF,same,305,0.43895024548081657,2.784390466836962,0.7496410176371464,0.73734813472586
"Webb, Jacob",CH,opposite,208,-0.4938958763351252,1.9910730911549381,0.6671744838088798,0.7452334869555118
"Webb, Jacob",CH,same,131,0.0746761448318922,1.7253054211715482,0.7303761359645028,0.8146796182072589
"Webb, Jacob",FF,opposite,186,-0.1655956479816617,2.900087165096535,0.6700301610687758,0.7434254382544807
"Webb, Jacob",FF,same,249,0.18633147757008348,2.759362980309298,0.6832132074264186,0.7666913901622402
"Webb, Jacob",ST,opposite,53,-0.12767386257635416,1.8608582418091606,0.8321167846353822,0.9450061543750072
"Webb, Jacob",ST,same,151,0.5506448462630628,1.852575574873186,0.7137636637706698,0.822078958122943
"Webb, Logan",CH,opposite,487,-0.26376014014605104,1.4885832001774846,0.7273596991997925,0.5915158213128017
"Webb, Logan",CH,same,305,-0.09709693051083744,1.5933332151999013,0.7154792128484682,0.6288055888426008
"Webb, Logan",FC,opposite,186,0.07762672317494418,3.2586872288092668,0.6319859409961827,0.6361397853420521
"Webb, Logan",FC,same,69,0.7245597088478161,2.9585601544170657,0.7086791055790139,0.7297906639306287
"Webb, Logan",FF,opposite,144,-0.38450293514987516,3.4670227350951643,0.6417243366744652,0.5576087063347528
"Webb, Logan",FF,same,114,0.3274367944835762,3.5994766142967043,0.6658815935424922,0.5821767923911344
"Webb, Logan",SI,opposite,393,0.033471487251637476,2.7225472152108177,0.673395864925897,0.6794892632466375
"Webb, Logan",SI,same,711,0.1515282626560015,2.5244792931489366,0.8312159202684324,0.619280099825145
"Webb, Logan",ST,opposite,402,-0.021535581383078,2.0283972323724364,0.7533301936416034,0.6512924631820862
"Webb, Logan",ST,same,471,0.9352849574275129,1.8901212691624396,0.8282627527634797,0.690075028695706
"Weems, Jordan",FF,opposite,29,-0.23003875307797433,2.971273788579447,0.8113268358705514,0.89176746394696
"Weems, Jordan",FF,same,28,0.34545926257462173,2.6383374159973094,0.6385342558571596,0.7031597736730402
"Weissert, Greg",CH,opposite,90,-0.1701037345650785,1.4547197133096228,0.9337478103363611,0.6553462990508274
"Weissert, Greg",CH,same,16,0.09422234930916397,1.7339018276566847,1.0668459888040709,0.708560619915933
"Weissert, Greg",FF,opposite,174,-0.10651509991560208,2.7840330005702825,0.7759486675916476,0.6704774930157895
"Weissert, Greg",FF,same,186,0.07867786996062147,2.8547826713762685,0.7383875970209446,0.6103587786241563
"Weissert, Greg",SI,opposite,64,-0.09614072476729639,1.9953290163797852,0.7909303982243635,0.5754185933450442
"Weissert, Greg",SI,same,237,-0.2550634818866923,2.112044201579081,0.8317545522710801,0.594963825162029
"Weissert, Greg",SL,opposite,73,-0.028940375542690702,1.748703006584495,0.8313995220337689,0.5948907588362465
"Weissert, Greg",SL,same,100,0.3628498891087667,1.9158372372926804,0.7852954994834742,0.6360212824699031
"Weissert, Greg",ST,opposite,31,-0.5992398226957802,2.1367861674081876,1.184342807177491,0.6960956698245517
"Weissert, Greg",ST,same,65,0.6226464599284515,1.9423933426947355,1.08401576021258,0.5650249875750214
"Wells, Tyler",CH,opposite,64,-0.46843189543291414,1.9356919418991614,0.5239438344063244,0.6628821567750858
"Wells, Tyler",CH,same,15,-0.06057874137055309,2.315665488771247,0.5240839230182646,0.7673009300017304
"Wells, Tyler",FF,opposite,74,-0.10442008880443888,3.274902150713408,0.6367383986195647,0.8513581847710955
"Wells, Tyler",FF,same,51,0.1320615632562809,3.132951606860291,0.6631846995055579,0.7786629352404003
"Wells, Tyler",SL,opposite,7,0.521116634950956,2.1477503477987168,0.5979596020154598,0.6765237341690575
"Wells, Tyler",SL,same,56,0.6064046850718104,2.120104464697488,0.5628653547283751,0.8142393905924267
"Wentz, Joey",CH,opposite,62,0.2703804693133127,1.7459273016214127,0.6009869316427413,1.0387760310980527
"Wentz, Joey",CH,same,1,0.6474258966383442,1.2025990066399304,0.0,0.0
"Wentz, Joey",CU,opposite,269,-0.018567176002647512,1.4909140170847501,0.715758371173205,0.9814992729114373
"Wentz, Joey",CU,same,54,-0.10838234992498098,1.2665059196157362,0.6992983664414577,1.050088814312833
"Wentz, Joey",FC,opposite,80,-0.33332895501479026,2.0260067568464573,0.651095802955802,0.8800746212956613
"Wentz, Joey",FC,same,87,-0.4106484837299109,1.948247609751838,0.6300429734017584,0.8679308340430125
"Wentz, Joey",FF,opposite,582,-0.043158620321214994,2.901502964171664,0.736527072551357,0.8344021696742667
"Wentz, Joey",FF,same,218,-0.3894882324208781,2.652489112960094,0.6468638447416151,0.805065469715623
"Wentz, Joey",SL,opposite,312,-0.38595228709277896,1.5835841384193106,0.6412864358353024,0.7504573900963266
"Wentz, Joey",SL,same,150,-0.19880067228525816,1.5352576652574024,0.6393540866181362,0.742482418540119
"Wesneski, Hayden",FC,opposite,46,0.10327412460610663,2.531890222405511,0.6808262502833322,0.7554795946048731
"Wesneski, Hayden",FC,same,12,0.4758498939232709,2.351525791299251,0.8539715650403156,0.7310621304499159
"Wesneski, Hayden",FF,opposite,89,-0.4099359869807131,2.8145068625555973,0.6391661229485107,0.6491826953698625
"Wesneski, Hayden",FF,same,97,-0.07428735144762447,2.795278957716154,0.6616712171619396,0.7277435346315064
"Wesneski, Hayden",SI,same,56,-0.44056719698393404,2.120870676031753,0.6696703030555498,0.6676412594269641
"Wesneski, Hayden",ST,opposite,13,0.5869382023978127,1.9040601143753446,0.5649162847518363,1.12134136287223
"Wesneski, Hayden",ST,same,112,0.6788369120543102,1.8939189141476223,0.7259542134739293,0.8624348754422851
"Wheeler, Zack",CU,opposite,221,0.04643079608753849,1.2873504998681087,0.8439526252605867,0.7228784129924638
"Wheeler, Zack",CU,same,11,0.38076344120560746,1.2968081646241734,0.8287219556813212,0.9182099873286154
"Wheeler, Zack",FC,opposite,206,0.3117358348927514,2.7052203795848784,0.8483284406056097,0.6925334136407109
"Wheeler, Zack",FF,opposite,651,0.06647878310909579,2.9845177466117634,0.7074265148023426,0.6751548253681755
"Wheeler, Zack",FF,same,328,0.20924635892123003,3.0466841817117962,0.612728582377046,0.6631858068116672
"Wheeler, Zack",FS,opposite,157,-0.25525704089098555,1.6127207504561205,0.7133652445291154,0.6408193688163403
"Wheeler, Zack",FS,same,55,-0.458906712322788,1.5515365240434202,0.6147249941598801,0.7015182906932466
"Wheeler, Zack",SI,opposite,49,0.0758095168516611,2.291802865465689,0.8660753781714939,0.7850534734196029
"Wheeler, Zack",SI,same,360,-0.6064921984016893,2.2545534364491475,0.7855666754937963,0.6225257259640019
"Wheeler, Zack",ST,opposite,88,0.09370898089662759,1.8930927770217336,0.8454943007152463,0.7596562022502826
"Wheeler, Zack",ST,same,268,0.7604671406722249,2.0859564107803865,0.8483244996779885,0.773677967048298
"Whisenhunt, Carson",CH,opposite,114,0.23098905633326228,1.6431003798866006,0.7272617606047449,0.8741895685588285
"Whisenhunt, Carson",CH,same,38,0.1138742223617419,1.5439498790734831,0.4589174141978472,0.7887751896086436
"Whisenhunt, Carson",FF,opposite,146,0.05635052180982723,2.732653397244985,0.8326390195257661,0.9171947616316865
"Whisenhunt, Carson",FF,same,49,0.02436124348827519,2.8541795713906324,0.6663947018912995,0.7667193887595417
"Whisenhunt, Carson",SL,opposite,25,-0.25874459827243096,1.8705837024977825,0.9871683769415236,1.5825107631603137
"Whisenhunt, Carson",SL,same,32,-0.7079513870614412,1.4889130791290393,0.726796379839067,1.0929431387951951
"Whitley, Forrest",FC,opposite,50,0.0021318257867831035,2.4793874861405385,0.6501214791906135,0.9911083599141886
"Whitley, Forrest",FC,same,18,0.4341398413639281,2.4859501694781425,0.6070254836147861,0.9658524052884033
"Whitley, Forrest",FF,opposite,73,-0.1512794981478362,3.046488038892712,0.7110651729010319,0.8022085628300676
"Whitley, Forrest",FF,same,13,0.21091387826507532,3.2268991887182925,0.5043909704385472,0.7457876994086128
"Whitlock, Garrett",CH,opposite,189,-0.26656038679873695,1.6984904671270058,0.6680599326411266,0.6605216347563392
"Whitlock, Garrett",CH,same,72,0.11471148992842843,1.4202338093464386,0.6981905646087153,0.8231116280196356
"Whitlock, Garrett",SI,opposite,250,0.28436438953280047,2.7861286793623545,0.714801131715987,0.7106940170265018
"Whitlock, Garrett",SI,same,327,0.10517163282185418,2.848767174545723,0.6829490132243012,0.7640920283092847
"Whitlock, Garrett",SL,opposite,154,0.4109474145689994,1.8183657896704817,0.6997495786010622,0.9142406589649066
"Whitlock, Garrett",SL,same,222,0.6704472896691908,1.8627672811803235,0.7843258689322918,0.8736852867784004
"Wicks, Jordan",CH,opposite,48,0.5072706273481609,1.8824120370743955,0.6816874157890067,0.897104638886546
"Wicks, Jordan",CH,same,5,0.19988565095514096,0.9984653561272951,0.47722407703758657,1.0544351800471001
"Wicks, Jordan",FF,opposite,69,0.09506128196019413,2.8037884967540747,0.5804641127516413,0.7093845053443237
"Wicks, Jordan",FF,same,17,0.1854921616952552,2.879771357606524,0.6024735511203895,0.7186892749194268
"Williams, Devin",CH,opposite,245,-0.22224752879350163,1.5943457134369305,0.7251991683084437,0.6422709585955554
"Williams, Devin",CH,same,372,0.09702323350804093,1.6221316742423806,0.7432268580561507,0.6130628108606042
"Williams, Devin",FF,opposite,296,-0.11426387019647498,3.2208426273941675,0.7666915682946784,0.7121329834845187
"Williams, Devin",FF,same,267,0.4299344793627388,3.070295336188638,0.7252822672813464,0.6898665279581785
"Williams, Gavin",CU,opposite,509,-0.23162528276193745,1.6518889929331502,0.8350677077670117,1.0283381524592077
"Williams, Gavin",CU,same,135,0.1503305973882204,1.5670219399640044,0.8585871259564521,1.0648754687258137
"Williams, Gavin",FC,opposite,217,-0.10336353258327415,2.508336446957903,0.8516505534018928,0.7156157517226494
"Williams, Gavin",FC,same,193,0.33817503192530457,2.4811880435813554,0.7178488617142172,0.7111650103952988
"Williams, Gavin",FF,opposite,670,-0.14640298750162098,2.944193389132447,0.6850512435680278,0.7253643631575653
"Williams, Gavin",FF,same,424,0.3522952168740278,2.947117719567184,0.6782468413216173,0.7636992100305748
"Williams, Gavin",SI,opposite,27,-0.5017179640039813,2.664114512070949,0.8649277748189106,0.6467918813147908
"Williams, Gavin",SI,same,165,-0.09343673692290846,2.345656139596202,0.7969389399182125,0.6961512532161221
"Williams, Gavin",ST,opposite,130,-0.24678748374672926,1.5904684703439878,0.7685914921603048,1.0605457935705849
"Williams, Gavin",ST,same,453,0.5388679322674523,1.6515702044672231,0.907832922358369,0.9387647925853762
"Williams, Luke",EP,opposite,29,-0.9061622396116629,3.006454124264945,0.7589542098522309,0.7057824932262076
"Williams, Luke",EP,same,23,0.08832908063310425,2.88930020524642,0.8492282684063822,0.5645662546645894
"Williams, Trevor",CH,opposite,158,-0.7164780605544537,1.2083693880684012,0.6782616354501607,0.5047253850586971
"Williams, Trevor",CH,same,28,-0.6477284078125723,1.2657495017936005,0.6488185321862339,0.4807881360515268
"Williams, Trevor",FF,opposite,350,-0.17370512106178193,2.6813378841020694,0.6558784170600296,0.6582845822123288
"Williams, Trevor",FF,same,263,0.156152041739602,2.520354855837338,0.6299906859103184,0.6322311579061158
"Williams, Trevor",SI,opposite,35,-0.7770696247809686,1.949914060703227,0.7345082186105821,0.4790163585272057
"Williams, Trevor",SI,same,89,-0.7010943187523226,1.8799064449282898,0.6671510238066929,0.51946492931588
"Williams, Trevor",SL,opposite,63,-0.38596689930428874,1.8125760029233355,0.649473369122536,0.4296609254909079
"Williams, Trevor",SL,same,64,0.33121303968693666,1.5433355341717636,0.7263102108007169,0.5212370700282376
"Williams, Trevor",ST,opposite,203,-0.21008524448027494,1.6343864935434471,0.5811831293458912,0.5429121366357447
"Williams, Trevor",ST,same,195,0.6228932939326548,1.465208376814483,0.7105999133275727,0.6170738740175958
"Wilson, Bryse",CH,opposite,104,-0.4809103649569679,1.6131531267146477,0.6473597617126126,0.7155337559580397
"Wilson, Bryse",CH,same,48,-0.09615317849271798,1.373297178616923,0.8048222676927054,0.7349299468248588
"Wilson, Bryse",CU,opposite,16,0.060032123539106134,1.6611586070600781,0.8420555839047134,0.5968682902701994
"Wilson, Bryse",CU,same,127,0.6709629023477452,1.6818584134708965,0.6824788862096111,0.8099581592611971
"Wilson, Bryse",FC,opposite,126,-0.01018132348333475,3.00606079004793,0.7971016708714642,0.8291937284743556
"Wilson, Bryse",FC,same,79,0.34816564393123456,2.608207875065817,0.647633732963853,0.6956685266609917
"Wilson, Bryse",FF,opposite,86,-0.534644254086909,3.32208163498135,0.6886980170690136,0.8842143829762247
"Wilson, Bryse",FF,same,65,-0.019475754350636382,3.300379006936416,0.5782201206743216,0.718598183422742
"Wilson, Bryse",SI,opposite,43,-0.20432721976877824,2.4630130836499022,0.7262427079237505,0.7480806384640818
"Wilson, Bryse",SI,same,160,-0.25372255955343315,2.370696075959528,0.6897359580322394,0.7014268020893274
"Wilson, Justin",FC,opposite,61,-0.37501508529479005,2.371809403915594,0.5781518204595855,0.8856310168667125
"Wilson, Justin",FC,same,66,-0.42479453616677115,2.235175847787212,0.7131835925081608,0.8376124884305137
"Wilson, Justin",FF,opposite,181,-0.171258970409237,2.696012985186792,0.7599724312508507,0.8479301761968435
"Wilson, Justin",FF,same,208,-0.06728054873269135,2.5468309607704893,0.6928693672833467,0.847287639821637
"Wilson, Justin",SL,opposite,149,-0.2532218138901065,1.6578693527200252,0.6736445061634277,0.9293094087470875
"Wilson, Justin",SL,same,132,-0.4555584091245832,1.6949652422610604,0.7565405583423376,0.771257526776778
"Wilson, Steven",CH,opposite,70,-0.41699306025987554,1.7304188640125495,0.8336468686497465,1.190785594332352
"Wilson, Steven",CH,same,1,1.1978275145087722,0.5873884345981204,0.0,0.0
"Wilson, Steven",FF,opposite,160,-0.4090226748727062,2.909621020398478,0.7259218664330547,0.8962130687590462
"Wilson, Steven",FF,same,165,0.2530541953134233,3.039497532547827,0.6657721272183964,0.866521883718329
"Wilson, Steven",ST,opposite,132,-0.36566294675355276,2.0224212723057953,0.6702972609348186,0.837058005383578
"Wilson, Steven",ST,same,436,0.5764582191557766,1.9236425168544609,0.6450654064724423,0.7704348458295884
"Winans, Allan",CH,opposite,38,-0.14734062517891103,1.6264178595059566,0.798708930859247,0.7876499247037022
"Winans, Allan",CH,same,18,0.3575327144936783,1.7008877227131647,0.744053675995684,0.6256290452752846
"Winans, Allan",SI,opposite,15,0.003030586327807211,2.4201174426865384,0.5566688689854954,0.6468199444235987
"Winans, Allan",SI,same,38,0.0597533856327286,2.452525428750342,0.7657159099169595,0.5703885742077393
"Winckowski, Josh",FC,opposite,22,0.6806824888903293,2.163111512242888,0.5959996489416228,0.782617472099127
"Winckowski, Josh",FC,same,33,0.7065534482510455,2.296518252525932,0.6526458625540884,0.7330735798481892
"Winckowski, Josh",FF,opposite,33,-0.22645388408804606,3.4630044866573337,0.6436741882004178,0.7905945019734326
"Winckowski, Josh",FF,same,28,-0.25162159770565606,3.405742402753771,0.5431703290743136,0.8355114471594094
"Winn, Cole",FC,opposite,46,-0.17756915399951656,2.852419805691228,0.7594831760127704,0.789249667955227
"Winn, Cole",FC,same,72,0.16367262827833307,2.5690830927128254,0.7360418946697694,0.7200503934962552
"Winn, Cole",FF,opposite,85,-0.01263662019154459,2.5560134748500167,0.8169807679950637,0.9552241012953364
"Winn, Cole",FF,same,86,0.09207100057533696,2.831922249393732,0.7503271158128862,0.8398545772148338
"Winn, Cole",FS,opposite,45,-0.5284451612196631,2.0119119343378378,1.0058148051018747,1.0292302976991996
"Winn, Cole",FS,same,30,0.17537866753186113,1.4864304872614043,0.9436606104514254,1.0434286320780606
"Winn, Cole",SI,opposite,21,0.09047871483453204,2.7116897294411175,0.7767817443764342,0.8630767625919131
"Winn, Cole",SI,same,109,-0.04745687151919276,2.368345501582242,0.8575999729012923,0.8446197933356343
"Winn, Cole",SL,opposite,44,0.10028260378089836,1.8279433878036386,0.798902758443168,0.853515292428024
"Winn, Cole",SL,same,75,0.5117371988714223,1.4658660592163562,0.7808653926463067,1.0850133228518848
"Winn, Keaton",FS,opposite,32,-0.2698874207182766,1.776900359008558,0.6204001035766562,0.8548674599067869
"Winn, Keaton",FS,same,40,0.1317013947488471,1.7763469102012266,0.706621818744271,0.7803204624361373
"Wolfram, Grant",CU,opposite,65,-0.026856876784218053,1.8705610399572539,0.8504144882799902,1.1951075694554079
"Wolfram, Grant",CU,same,8,-0.7284246899586296,1.6971168941288053,0.519504659207064,0.8654356396714881
"Wolfram, Grant",FF,opposite,65,-0.1383390139914477,3.264966427689614,0.6102196167061285,0.7490466037283744
"Wolfram, Grant",FF,same,14,0.23023864565993613,3.2991012330426774,0.5854003776533804,0.792311231357388
"Wolfram, Grant",SI,opposite,110,0.2597223133217256,2.875673633844245,0.8288537814124344,0.9091683702584799
"Wolfram, Grant",SI,same,101,0.22690174194414842,2.862636256193033,0.7187035617916814,0.8211803178527821
"Wolfram, Grant",SL,opposite,38,-0.33642284350436075,2.0303710952311604,0.7204670127438054,0.9215136236184807
"Wolfram, Grant",SL,same,90,-0.38523025663927507,2.32835496511877,0.8918404116381009,0.990112029942238
"Woo, Bryan",CH,opposite,177,-0.27181936745158936,1.7037790472463266,0.8417824378482013,0.6969221447113326
"Woo, Bryan",CH,same,16,-0.3443579511058728,1.8676469050964999,0.7825678715477984,0.7641337976066567
"Woo, Bryan",FF,opposite,846,-0.07698552356422272,3.011412737895947,0.6514504392531885,0.7886752391703384
"Woo, Bryan",FF,same,476,0.1242120431414,3.0377336289083336,0.671170483627183,0.7376282311906359
"Woo, Bryan",SI,opposite,206,0.13420018103672898,2.595147382090491,0.8208284208685568,0.7215338804362675
"Woo, Bryan",SI,same,506,-0.2955615390736981,2.388225953829414,0.748704795513533,0.6278292895016184
"Woo, Bryan",SL,opposite,171,0.24998816801758575,1.8029802465739904,0.7285205821457795,0.8234185419752728
"Woo, Bryan",SL,same,128,0.736284718691824,1.8853020780046958,0.8688169113468833,0.8445551764028261
"Woo, Bryan",ST,opposite,59,0.01515595506452633,1.7949757794392547,1.0564906976405932,1.0030246166340337
"Woo, Bryan",ST,same,195,0.8175925358906377,1.9808885624424473,0.9774818029835155,0.9642849098077351
"Woodford, Jake",CH,opposite,78,-0.29110489172076737,1.946152061538067,0.7079574596191129,0.8093727907705558
"Woodford, Jake",CH,same,38,0.18937014088295764,1.4943470951087816,0.7052507228945004,0.8600014203046057
"Woodford, Jake",FC,opposite,34,0.6447914692619027,3.1735977100737296,0.6784043297813723,0.7488165310360836
"Woodford, Jake",FC,same,28,0.5906024193756126,2.4814067998588842,0.6743031104692269,0.6176487299421011
"Woodford, Jake",FF,opposite,74,-0.28888186312620306,3.376058002529843,0.6663561009221511,0.8353776825617456
"Woodford, Jake",FF,same,34,0.2980246539763814,3.835535017296751,0.5344541932363881,0.8653807122076191
"Woodford, Jake",SI,opposite,17,-0.22196374018261644,2.414691831708707,0.5931721614686576,0.9568561589098857
"Woodford, Jake",SI,same,179,-0.2816117125734524,2.2715180875837406,0.764545860963033,0.5978324617326535
"Woodford, Jake",ST,opposite,12,-0.49201929659937454,2.2352828898217676,1.0820183675333899,0.7427976173653289
"Woodford, Jake",ST,same,131,0.7972185528341461,2.000847815225808,1.01435001501558,0.7314696353118653
"Woodruff, Brandon",CH,opposite,131,-0.394861571299249,2.0330520770943488,0.6473252744944632,0.8839941221134516
"Woodruff, Brandon",CH,same,39,-0.1155447200099956,1.41094585114772,0.5743779835417597,0.9404552811155146
"Woodruff, Brandon",FC,opposite,61,0.25632805286217486,2.561511657768368,0.6671115314941437,0.7576459905719614
"Woodruff, Brandon",FC,same,90,0.5328280440613375,2.3461436061571206,0.5921728660286193,0.7965928538690854
"Woodruff, Brandon",FF,opposite,167,-0.21576882553445373,2.6845932213540666,0.6159889482609086,0.8072419985343119
"Woodruff, Brandon",FF,same,129,0.15458946946142588,2.6596996692209136,0.5807893928854119,0.795893707142042
"Woodruff, Brandon",SI,opposite,126,-0.3122509232084479,2.5334291693951725,0.7190033498856926,0.8757513890834127
"Woodruff, Brandon",SI,same,173,-0.0007915150688369585,2.357967520036797,0.6336673405747288,0.7639162860093979
"Woods Richardson, Simeon",CH,opposite,57,-0.34952424689181877,1.7122501976071882,0.6226015568725916,0.9497109870235408
"Woods Richardson, Simeon",CH,same,23,0.03187770171774774,1.2665876544093384,0.5599422613873384,1.014806043599069
"Woods Richardson, Simeon",CU,opposite,115,0.008217251746778927,2.090797469339259,0.560608887862214,1.201016924252763
"Woods Richardson, Simeon",CU,same,130,-0.0195762240417416,2.0590000475583423,0.5728756508510385,1.1106851502441148
"Woods Richardson, Simeon",FF,opposite,436,-0.16983249111817106,2.7238601284926593,0.6709474122436134,0.8315821414275936
"Woods Richardson, Simeon",FF,same,420,0.06705308354552472,2.8928555032260412,0.6579924764374258,0.8898742516613818
"Woods Richardson, Simeon",FS,opposite,124,-0.2756458315449292,1.9293433551524666,0.6486031579656965,0.8684774531539999
"Woods Richardson, Simeon",FS,same,63,-0.22970000362174467,1.6178641121129984,0.5347457625248326,1.0496344189348294
"Woods Richardson, Simeon",SL,opposite,168,0.38702132196166594,2.005488930639756,0.6185417191965261,0.8111704717173399
"Woods Richardson, Simeon",SL,same,342,0.5564580701592782,1.7516665370902014,0.625235526434579,0.8675886536005238
"Wrobleski, Justin",CU,opposite,77,0.13529249850615302,2.376969665098888,0.7493153406445512,0.978262387698319
"Wrobleski, Justin",CU,same,18,-0.028448786566514,2.924023450119624,0.6605851854570943,0.930549775463461
"Wrobleski, Justin",FC,opposite,145,-0.14474255657618276,2.6424601109981083,0.6490654128526244,0.7651994623229026
"Wrobleski, Justin",FC,same,9,0.07247015019218796,3.0597073221654028,0.6800948125681135,0.9440283072181
"Wrobleski, Justin",FF,opposite,277,0.06823686256325912,3.0308194157666715,0.6886526883558577,0.8161835810688634
"Wrobleski, Justin",FF,same,65,-0.002069620295345396,3.1463871755041635,0.6391300308533654,0.7373961392938034
"Wrobleski, Justin",SI,opposite,119,0.33684751376580474,2.6302268130863276,0.5657251703348377,0.7056462699337412
"Wrobleski, Justin",SI,same,124,0.4595501340322217,2.739891654011749,0.6218563436573488,0.7223335172475677
"Wrobleski, Justin",SL,opposite,169,-0.10290505281983796,1.9773377962119325,0.7070319441498851,0.8609678614432558
"Wrobleski, Justin",SL,same,111,-0.5298724544499659,2.1629892281714342,0.6345092190484264,0.806060774973288
"Yamamoto, Yoshinobu",CU,opposite,315,-0.11353039535201973,1.921955841441849,0.6924374365267241,0.8086224227501749
"Yamamoto, Yoshinobu",CU,same,280,0.2838508339011349,1.7277276089076619,0.7003033536237397,0.7488891381277337
"Yamamoto, Yoshinobu",FC,opposite,170,0.5004530163701143,2.53621449000017,0.5630908548831766,0.6452002487284951
"Yamamoto, Yoshinobu",FC,same,198,0.6717239872820887,1.9962317532059304,0.5759941929577972,0.635895033129854
"Yamamoto, Yoshinobu",FF,opposite,582,-0.3660609227694901,2.612961450121425,0.6369916357211296,0.7658370341211413
"Yamamoto, Yoshinobu",FF,same,513,0.22724132857531326,2.549170144497654,0.674379321524305,0.8004318590484528
"Yamamoto, Yoshinobu",FS,opposite,470,-0.4897987008780209,1.5259779948895067,0.5698159988612198,0.7859932615238655
"Yamamoto, Yoshinobu",FS,same,341,-0.2405649070453028,1.4573900396869692,0.5980000309248962,0.858274086364285
"Yamamoto, Yoshinobu",SI,opposite,9,-0.9354805304814937,2.660770035738437,0.4541008640133971,1.0882994731525741
"Yamamoto, Yoshinobu",SI,same,240,-0.7488474492493584,2.178931064459076,0.5467885976468899,0.6527278865009982
"Yamamoto, Yoshinobu",SL,opposite,5,0.3143326106851158,1.7705942832059,0.5348656689669037,0.5700282986528136
"Yamamoto, Yoshinobu",SL,same,85,0.514915523920605,1.6935735249122659,0.6122325377163595,0.7061456039170795
"Yarbrough, Ryan",CH,opposite,207,0.6770399586010679,1.572075108498361,0.8669124796008576,0.5784090201093858
"Yarbrough, Ryan",CH,same,2,-0.2366970934899241,1.1902197164337123,0.5590641658521637,0.5072431872432536
"Yarbrough, Ryan",FC,opposite,234,0.1916871624241631,3.029629469485112,0.799722753015296,0.6363714151579324
"Yarbrough, Ryan",FC,same,29,-0.37704312919159283,2.4810617440655895,0.6879222430057561,0.5282361086298929
"Yarbrough, Ryan",FF,opposite,107,-0.019804392333609037,3.2316535443196166,0.6106398468650548,0.7026572067438939
"Yarbrough, Ryan",FF,same,34,-0.21411836672786722,2.7958370280367824,0.6862654204608043,0.6017266771366736
"Yarbrough, Ryan",SI,opposite,85,0.6229801706963018,2.1751760386457484,0.6583312845820756,0.5546611962316874
"Yarbrough, Ryan",SI,same,122,0.39530094463118765,2.3338295126780584,0.7925675427295008,0.5992483728388573
"Yarbrough, Ryan",ST,opposite,81,0.4383598292034475,2.040393152426677,0.8974463564606274,0.6061564497906741
"Yarbrough, Ryan",ST,same,116,-0.5807426387410514,1.979699467277957,0.8642697094778191,0.49982435840816536
"Yates, Kirby",FF,opposite,151,0.1145983117503945,2.5501219266867845,0.7494669813284311,0.8224252873590403
"Yates, Kirby",FF,same,275,0.08634017269468613,2.655222180570959,0.7187807809516077,0.7218610854150028
"Yates, Kirby",FS,opposite,112,-0.185459288507235,1.5396373405830153,0.961011862840469,0.6710373031129888
"Yates, Kirby",FS,same,203,-0.19542866732246103,1.3789754400088556,0.8427004822646532,0.758414303315917
"Yesavage, Trey",FF,opposite,154,-0.25957163970662084,2.720180357146688,0.7008692765018416,1.0323472671262648
"Yesavage, Trey",FF,same,116,0.02616655326709153,2.8097729307033683,0.6735364351359909,0.8744813696729087
"Yesavage, Trey",FS,opposite,133,-0.4385973828132558,1.9488097046262487,0.5720604115477639,1.1474896730661304
"Yesavage, Trey",FS,same,46,-0.12541399382490878,1.854370511357182,0.7141807416113505,1.6054029383920028
"Yesavage, Trey",SL,opposite,56,0.22251378591873058,1.801676784844027,0.6614589191781903,1.2157416069712659
"Yesavage, Trey",SL,same,153,0.3137946883449408,1.840533774019821,0.6523718102366741,0.870477516676285
"Yoho, Craig",CH,opposite,44,-0.44800445898928276,1.9644638001478498,0.9788092027659344,0.6346777799530244
"Yoho, Craig",CH,same,37,0.00914038093068597,1.952216832549656,0.807788436936734,0.5015202837930388
"Yoho, Craig",FF,opposite,20,-0.20749372524706938,2.9205508055928,0.9766204359942667,0.7881055571176249
"Yoho, Craig",FF,same,47,0.10191528028662902,2.688049849142639,1.0028030165726889,0.7598507548609524
"Young, Brandon",CU,opposite,86,-0.08490225756730237,1.795406244528802,0.7318737378732578,1.0224073711145079
"Young, Brandon",CU,same,62,0.5392341526095601,1.5917551478867722,0.6915294428746663,0.894196359434713
"Young, Brandon",FC,opposite,34,0.0893428576257817,2.279564099422384,0.7025497368082544,0.8184330965259782
"Young, Brandon",FC,same,52,0.6998559478958326,2.230484900058161,0.5839639534116153,0.9172984503209776
"Young, Brandon",FF,opposite,262,-0.01500332053807431,2.9327199863436157,0.714261237421506,0.757319688047111
"Young, Brandon",FF,same,149,0.31170719821190773,2.7685984923538864,0.6463357227213917,0.6469195783580822
"Young, Brandon",FS,opposite,116,-0.10933831257598342,1.709203761198349,0.47273383139085917,0.9070366610754633
"Young, Brandon",FS,same,51,0.29330188755421327,1.8140654244053462,0.5459257526375662,0.9880747904776565
"Young, Brandon",SL,opposite,1,-0.7329589669482426,2.9430800867763693,0.0,0.0
"Young, Brandon",SL,same,83,0.8873139756563346,2.2327048297844256,0.5671795346509435,0.7481374634630421
"Young, Danny",SI,opposite,40,0.4189177203078329,2.247392109171253,0.858122575012764,0.6888819353248962
"Young, Danny",SI,same,47,-0.3051580074511808,2.1964351872528147,0.7681924794832742,0.516707953582351
"Young, Danny",ST,opposite,43,0.08993358829216623,1.6803742135230006,1.1727176769707581,0.8731299114280556
"Young, Danny",ST,same,23,-0.6318817997472805,1.395330466970242,1.5217292408843368,0.7164871728636366
"Zastryzny, Rob",FC,opposite,50,0.015694405875568255,2.081969193432592,0.7695866983988656,0.7484502338351579
"Zastryzny, Rob",FC,same,65,-0.30869922745511014,1.818100753603412,0.6923816790980485,0.8651946474212889
"Zastryzny, Rob",FF,opposite,65,-0.20637317212847756,2.6604020401927206,0.7453200382286143,0.8795575509895008
"Zastryzny, Rob",FF,same,89,-0.370966918485537,2.5718414350889933,0.731608467611855,0.7384528302482499
"Zastryzny, Rob",ST,same,50,-0.574580048283674,1.8945705820943926,0.838894000742948,1.0300346373118043
"Zeferjahn, Ryan",FC,opposite,107,-0.14462977601519633,2.5370792401309985,0.7248573165633474,0.7576215181481014
"Zeferjahn, Ryan",FC,same,119,0.27933868610735874,2.3123810990508353,0.8089491657505168,0.8494757620456801
"Zeferjahn, Ryan",FF,opposite,152,-0.2794632780556614,2.941450569914789,0.8522632859026286,0.7346962206161473
"Zeferjahn, Ryan",FF,same,172,0.09903849045821485,2.7033987618779602,0.8273499237276597,0.8014329824704063
"Zeferjahn, Ryan",SL,opposite,58,0.022316374247892314,2.109298459310996,0.9498163994195856,0.9343425490606493
"Zeferjahn, Ryan",SL,same,114,0.41471927764161354,1.9878192242036556,0.8886109826582248,0.811782131489323
"Zeferjahn, Ryan",ST,opposite,108,-0.018279653615826282,2.0538848806653083,0.8800204000974986,0.9176477329445517
"Zeferjahn, Ryan",ST,same,168,0.6238099233092006,1.912618017590905,0.9506317939642528,0.9692266733691054
"Zerpa, Angel",FF,opposite,188,-0.20432142871015674,3.058735096661245,0.7176828058908841,0.8022177970851655
"Zerpa, Angel",FF,same,37,-0.31386128728346374,3.4263598590630293,0.6429577282157877,0.7684010675887731
"Zerpa, Angel",SI,opposite,201,-0.11055812992788017,2.544318863306642,0.7334673050753712,0.6626004565434631
"Zerpa, Angel",SI,same,282,0.003417962626630101,2.5521283163351427,0.7672152320404969,0.6380679205317853
"Zerpa, Angel",SL,opposite,223,-0.16973778382675098,1.7761070006927395,0.801837760107175,0.8541067886648175
"Zerpa, Angel",SL,same,128,-0.44637702884398267,2.05998312036462,0.9520833675211912,0.9485486323973723
"Zuber, Tyler",FF,opposite,24,0.01085025639321841,2.6892389148376457,0.763519132300976,0.7989595685539657
"Zuber, Tyler",FF,same,44,0.4976709396989929,2.9388370157781627,0.7199851873548063,0.8290387861433823
"Zuber, Tyler",ST,opposite,19,0.002830435144787845,2.299803178658563,1.1142070867616238,0.7132289395461873
"Zuber, Tyler",ST,same,65,0.37084374078040766,2.277158348031581,0.8641302220642237,0.622584258863971
"Zulueta, Yosver",SI,opposite,19,-0.17884642295482267,2.4279097622343597,0.7818692729215582,0.9467159504284408
"Zulueta, Yosver",SI,same,38,-0.030277957707078477,2.2450641585496363,0.8718066014655198,0.9394072874945355
"deGrom, Jacob",CH,opposite,259,-0.40814131198628123,1.7235182350889688,0.8798863369036855,1.0051878428632461
"deGrom, Jacob",CH,same,36,-0.030860604060788173,1.5265939688119634,0.7763767881340742,0.8142638842647065
"deGrom, Jacob",CU,opposite,109,-0.08784837171365695,1.9321781397943525,0.6507673497228279,0.7023621764019081
"deGrom, Jacob",CU,same,24,0.37480406889480505,2.021264778509495,0.619963341614092,0.798770692112837
"deGrom, Jacob",FF,opposite,567,-0.16688952752462732,2.8376008972634565,0.6624925383885776,0.6733419442079759
"deGrom, Jacob",FF,same,636,0.4714818546613732,2.6241442962504484,0.603479842826511,0.6836514654569961
"deGrom, Jacob",SL,opposite,406,0.06446909651002863,1.5371158766238282,0.6568899998802117,0.6384302311344635
"deGrom, Jacob",SL,same,577,0.8456921590891856,1.5520613267608618,0.5589221537999826,0.5935531362661302
