player_name,season,pitcher_effectiveness,pitcher_command,trusted_velocity_score,trusted_movement_score,trusted_tunneling_score,raw_tunneling_score,pitcher_effectiveness_contribution,pitcher_command_contribution,trusted_velocity_score_contribution,trusted_movement_score_contribution,paom_score,paom_confidence,effectiveness_confidence,movement_confidence,command_confidence,velocity_confidence
"Yamamoto, Yoshinobu",2025,94.33551198257081,100.0,98.47494553376906,94.33551198257081,,,65.02557446155532,15.980621954696025,12.474755023583542,2.284162253709461,95.76511369354435,42.14345781036448,42.14345781036448,100.0,96.71664588528678,100.0
"Wheeler, Zack",2025,93.24618736383442,90.6318082788671,90.19607843137256,77.99564270152506,,,64.27470177724176,14.483526651750646,11.425992433105282,1.8885221404803394,92.07274300257802,36.96964806691546,36.96964806691546,100.0,92.50960735171262,100.0
"Smith, Cade",2025,97.82135076252723,92.81045751633987,55.33769063180828,84.9673202614379,,,67.42836705135876,14.831688350110037,7.010149946881018,2.0573285887914308,91.32753393714125,40.87747547906032,40.87747547906032,75.0,91.45208845208846,75.0
"Bowlan, Jonathan",2025,94.98910675381264,76.25272331154684,90.84967320261438,55.119825708061,,,65.47609807214347,12.18565944257867,11.508789479721987,1.3346259819595694,90.5051729764037,23.66412213740458,23.66412213740458,100.0,62.040806969280155,100.0
"Detmers, Reid",2025,93.4640522875817,76.03485838779956,86.9281045751634,88.88888888888889,,,64.42487631410447,12.150843272742728,11.012007200021756,2.15228221596642,89.74000900283538,32.253767671098025,32.253767671098025,75.0,94.88227887944602,75.0
"Sale, Chris",2025,97.1677559912854,67.53812636165577,76.25272331154684,62.96296296296296,,,66.97784344077061,10.793012649141106,9.659655438615577,1.5245332363095476,88.95504476483684,48.757296849021294,48.757296849021294,75.0,93.64139176103726,75.0
"Wrobleski, Justin",2025,92.15686274509804,82.13507625272331,89.76034858387798,33.98692810457516,,,63.52382909292818,13.125696028149022,11.370794402027476,0.8229314355165724,88.84325095862124,26.388434658132045,26.388434658132045,100.0,81.62477558348294,100.0
"Williams, Devin",2025,98.25708061002179,96.51416122004358,31.154684095860567,63.834422657952075,,,67.72871612508419,15.423563237321002,3.9466592220629355,1.5456340423484343,88.64457262681657,36.46006756822541,36.46006756822541,50.0,100.0,50.0
"Eovaldi, Nathan",2025,86.27450980392157,94.98910675381264,95.42483660130719,59.912854030501094,,,59.4691165976349,15.179850048469428,12.08836880603892,1.4506804151734451,88.1880158673167,35.36475496533548,35.36475496533548,100.0,96.5381504922644,100.0
"Brown, Hunter",2025,96.73202614379085,58.16993464052288,81.26361655773421,74.94553376906318,,,66.67749436704518,9.295917346195727,10.294432796010314,1.8146693193442365,88.08251382859545,39.30363874825027,39.30363874825027,100.0,98.61917808219177,100.0
"Jax, Griffin",2025,99.56427015250546,71.45969498910677,46.187363834422655,82.78867102396515,,,68.62976334626048,11.419703706188011,5.850991294247148,2.004576573694215,87.90503492038985,30.466216237679117,30.466216237679117,100.0,82.09360076408787,100.0
"Skubal, Tarik",2025,99.34640522875817,74.94553376906318,57.29847494553377,6.971677559912854,,,68.47958880939775,11.976762423563033,7.258541086731133,0.1688064483110918,87.883698768003,48.99828394687346,48.99828394687346,100.0,98.07144422529039,100.0
"Ragans, Cole",2025,91.72113289760348,72.1132897603486,87.7995642701525,81.48148148148148,,,63.22348001920275,11.524152215695828,11.122403262177363,1.972925364635885,87.84296086171183,28.702240735420855,28.702240735420855,100.0,76.27278344145815,100.0
"Maton, Phil",2025,98.47494553376906,79.520697167756,35.07625272331155,99.78213507625271,,,67.8788906619469,12.707901990117755,4.443441501763165,2.416042291452501,87.4462764452803,30.47422026192098,30.47422026192098,100.0,85.42592592592592,100.0
"Kittredge, Andrew",2025,99.78213507625271,97.82135076252723,8.49673202614379,56.644880174291934,,,68.77993788312318,15.632460256336635,1.0763616060171641,1.3715523925276205,86.86031213800459,38.83792048929664,38.83792048929664,75.0,92.3913043478261,75.0
"Treinen, Blake",2025,94.77124183006535,70.58823529411765,58.16993464052288,73.20261437908496,,,65.32592353528075,11.280439026844254,7.36893714888674,1.7724677072664636,85.7477674182782,23.66412213740458,23.66412213740458,100.0,64.86552706552706,100.0
"Duran, Jhoan",2025,82.13507625272331,89.32461873638344,98.25708061002179,91.93899782135077,,,56.61580039724332,14.274629632735012,12.447156008044642,2.226135037102523,85.5637210751255,31.142946179947327,31.142946179947327,100.0,90.06994439566873,100.0
"Snell, Blake",2025,91.06753812636165,65.359477124183,82.78867102396515,72.33115468409585,,,62.77295640861461,10.444850950781715,10.487625904782627,1.751366901227577,85.45680016540655,30.723023019365435,30.723023019365435,100.0,95.32249884739511,100.0
"Suarez, Ranger",2025,85.40305010893246,96.29629629629629,76.03485838779956,35.5119825708061,,,58.86841845018404,15.38874706748506,9.632056423076673,0.8598578460846237,84.74907978683039,36.55564860071124,36.55564860071124,100.0,97.19477751132426,100.0
"Crochet, Garrett",2025,95.20697167755992,41.394335511982575,84.31372549019608,66.88453159041394,,,65.6262726090062,6.6150722688284205,10.680819013554936,1.6194868634845367,84.5416507548741,47.03511530580677,47.03511530580677,100.0,97.645390070922,100.0
"Morejon, Adrian",2025,89.32461873638344,93.02832244008714,57.73420479302832,30.28322440087146,,,61.5715601137129,14.866504519945975,7.313739117808936,0.7332530098513049,84.48505676131911,38.96570413037724,38.96570413037724,75.0,90.43642611683849,75.0
"Orze, Eric",2025,98.0392156862745,78.43137254901961,22.875816993464053,58.605664488017425,,,67.57854158822147,12.53382114093806,2.897896631584673,1.419029206115115,84.42928856685931,30.313588850174217,30.313588850174217,75.0,78.61233480176212,75.0
"Estrada, Jeremiah",2025,92.37472766884531,57.29847494553377,81.04575163398692,33.551198257080614,,,63.674003629790896,9.15665266685197,10.266833780471412,0.8123810324971292,83.90987110961142,37.33574204905238,37.33574204905238,75.0,96.86914165350184,75.0
"Bazardo, Eduard",2025,89.10675381263616,74.7276688453159,65.359477124183,88.01742919389977,,,61.42138557685018,11.941946253727096,8.279704661670493,2.1311814099275335,83.7742179021753,36.99279284919899,36.99279284919899,75.0,94.67571533382245,75.0
"Skenes, Paul",2025,83.2244008714597,89.54248366013073,93.24618736383442,3.485838779956427,,,57.36667308155689,14.309445802570952,11.812378650649904,0.0844032241555459,83.5729007589333,41.14771811943062,41.14771811943062,100.0,95.03503503503504,100.0
"deGrom, Jacob",2025,76.90631808278867,98.0392156862745,98.69281045751634,76.68845315904139,,,53.011611512538174,15.667276426172572,12.502354039122446,1.8568709314220093,83.0381129092552,56.40743016154097,56.40743016154097,100.0,96.97959704157104,100.0
"Waldrep, Hurston",2025,98.91067538126362,21.78649237472767,77.34204793028321,32.46187363834422,,,68.17923973567233,3.4816169835939053,9.797650516310084,0.786005024948521,82.24451226052484,27.27272727272727,27.27272727272727,100.0,63.99642431466031,100.0
"Cease, Dylan",2025,95.86056644880175,25.49019607843137,80.61002178649237,67.97385620915033,,,66.07679621959433,4.073491870804869,10.211635749393608,1.6458628710331449,82.00778671082595,57.39109581494229,57.39109581494229,75.0,94.26365409622886,75.0
"Megill, Trevor",2025,88.45315904139433,68.1917211328976,64.70588235294117,76.90631808278867,,,60.970861966262035,10.897461158648923,8.196907615053789,1.8621461329317313,81.92737687289647,31.7047467274826,31.7047467274826,50.0,100.0,50.0
"Herrin, Tim",2025,97.38562091503267,32.24400871459695,68.1917211328976,41.61220043572985,,,67.12801797763332,5.15279313571898,8.638491863676215,1.007563488356829,81.92686646538533,26.47058823529412,26.47058823529412,100.0,72.54021505376343,100.0
"Crismatt, Nabil",2025,96.94989106753813,59.912854030501094,25.70806100217865,76.03485838779956,,,66.8276689039079,9.57444670488324,3.2566838335903943,1.8410453268928446,81.49984476927439,26.199261992619927,26.199261992619927,100.0,48.42063492063492,100.0
"Englert, Mason",2025,88.67102396514161,41.830065359477125,90.41394335511983,90.6318082788671,,,61.121036503124756,6.684704608500298,11.453591448644183,2.194483828044193,81.45381638831343,22.779922779922774,22.779922779922774,100.0,56.168528864059596,100.0
"Kerkering, Orion",2025,91.50326797385621,54.90196078431373,61.6557734204793,64.05228758169935,,,63.07330548234004,8.773674798656643,7.810521397509165,1.5509092438581558,81.20841092236401,31.680387191446865,31.680387191446865,75.0,94.43270665472994,75.0
"Bender, Anthony",2025,89.76034858387798,52.505446623093675,69.28104575163398,79.520697167756,,,61.87190918743832,8.39069693046131,8.776486941370722,1.9254485510483907,80.96454161031873,28.825622775800717,28.825622775800717,75.0,81.75615212527966,75.0
"Miller, Shelby",2025,84.74945533769062,88.01742919389977,49.89106753812636,87.7995642701525,,,58.41789483959589,14.065732613719376,6.3201745584084765,2.125906208417812,80.92970822014156,28.093351858951422,28.093351858951422,75.0,83.80611270296083,75.0
"Baz, Shane",2025,91.28540305010894,37.03703703703704,74.94553376906318,95.42483660130719,,,62.92313094547733,5.9187488721096395,9.494061345382166,2.3105382612580687,80.64647942422721,44.7627119572474,44.7627119572474,100.0,97.80770174147658,100.0
"Iglesias, Raisel",2025,86.49237472766885,93.4640522875817,43.57298474945534,23.311546840958606,,,59.61929113449761,14.936136859617854,5.519803107780329,0.5644465615402131,80.639677663436,28.432166911429587,28.432166911429587,100.0,83.90006915629324,100.0
"Lee, Dylan",2025,92.81045751633987,88.23529411764706,13.507625272331156,11.328976034858387,,,63.974352703516324,14.100548783555316,1.711138963411902,0.27431047850552415,80.06035092898907,34.41682028375678,34.41682028375678,75.0,93.1990320629159,75.0
"Chafin, Andrew",2025,96.51416122004358,75.59912854030502,4.57516339869281,27.233115468409586,,,66.52731983018248,12.081210933070853,0.5795793263169345,0.6594001887152022,79.84751027828545,21.875,21.875,75.0,73.1136612021858,75.0
"Blanco, Ronel",2025,95.64270152505446,38.77995642701525,47.712418300653596,61.22004357298475,,,65.92662168273161,6.197278230797151,6.04418440301946,1.4823316242317748,79.65041594078,24.24242424242424,24.24242424242424,100.0,74.95208070617907,100.0
"Adam, Jason",2025,87.36383442265794,31.372549019607842,93.02832244008714,99.12854030501089,,,60.219989281948465,5.013528456375224,11.784779635111,2.400216686923336,79.418514060358,27.346339937003876,27.346339937003876,100.0,90.09009840098402,100.0
"Ohtani, Shohei",2025,79.30283224400871,64.27015250544662,100.0,68.1917211328976,,,54.663531418028036,10.27077010160202,12.667948132355855,1.6511380725428664,79.25338772452878,25.50177095631641,25.50177095631641,100.0,66.87278582930757,100.0
"Muñoz, Andrés",2025,97.60348583877996,6.1002178649237475,76.68845315904139,44.44444444444444,,,67.27819251449604,0.9748527554062936,9.714853469693379,1.07614110798321,79.04403984757892,34.64628142005701,34.64628142005701,75.0,93.34792969913613,75.0
"Cruz, Fernando",2025,100.0,8.714596949891067,60.348583877995644,40.08714596949891,,,68.9301124199859,1.3926467934375621,7.644927304275756,0.9706370777887777,78.938323595488,37.69470404984423,37.69470404984423,100.0,77.95204122076892,100.0
"Henriquez, Ronny",2025,87.7995642701525,49.45533769063181,66.23093681917211,86.27450980392157,,,60.52033835567389,7.903270552758165,8.3901007238261,2.088979797849761,78.90268943010791,26.18624374155064,26.18624374155064,100.0,91.51632833186231,100.0
"Fisher, Braydon",2025,93.02832244008714,31.590413943355124,61.00217864923747,71.0239651416122,,,64.12452724037904,5.048344626211163,7.72772435089246,1.7197156921692474,78.6203119096519,25.461321405255227,25.461321405255227,75.0,92.86006458557588,75.0
"Matthews, Zebby",2025,77.5599128540305,87.58169934640523,81.69934640522875,27.886710239651418,,,53.462135123126316,13.9961002740475,10.349630827088117,0.6752257932443672,78.4830920175063,34.32924826362011,34.32924826362011,100.0,81.35550628233555,100.0
"Brash, Matt",2025,99.12854030501089,11.546840958605664,47.49455337690632,85.83877995642702,,,68.32941427253503,1.8452570013047698,6.016585387480559,2.0784293948303176,78.26968605615069,35.8974358974359,35.8974358974359,75.0,85.04528985507247,75.0
"Greene, Hunter",2025,80.17429193899783,79.95642701525054,73.63834422657952,30.718954248366014,,,55.26422956547889,12.777534329789631,9.328467252148757,0.7438034128707481,78.11403456028803,45.50190494075109,45.50190494075109,75.0,95.98014509354715,75.0
"Varland, Louis",2025,78.64923747276688,89.97821350762527,69.06318082788671,29.411764705882355,,,54.213007807439894,14.379078142242829,8.748887925831822,0.7121522038124185,78.05312607932697,38.09889949393454,38.09889949393454,100.0,86.48304004080592,100.0
"Miller, Mason",2025,96.29629629629629,3.2679738562091507,69.71677559912854,79.30283224400871,,,66.37714529331976,0.5222425475390858,8.831684972448526,1.920173349538669,77.65124616284604,30.8255639054283,30.8255639054283,50.0,100.0,50.0
"Luzardo, Jesús",2025,85.62091503267973,73.63834422657952,53.15904139433552,4.793028322440087,,,59.018592987046745,11.7678654045474,6.734159791492002,0.11605443321387558,77.63667261630003,43.82631845167529,43.82631845167529,100.0,97.88842666666667,100.0
"Gaddis, Hunter",2025,76.68845315904139,87.36383442265794,75.59912854030502,44.008714596949886,,,52.86143697567546,13.96128410421156,9.576858391998872,1.0655907049637667,77.46517017684965,36.03565339279351,36.03565339279351,75.0,93.05406240346001,75.0
"King, Michael",2025,86.9281045751634,73.42047930283225,32.46187363834422,69.93464052287581,,,59.91964020822304,11.733049234711462,4.1122533152963445,1.6933396846206392,77.45828244285148,27.853998151399495,27.853998151399495,100.0,89.05492730210015,100.0
"Rodríguez, Randy",2025,94.55337690631809,20.697167755991288,54.68409586056645,76.47058823529412,,,65.17574899841804,3.3075361344142102,6.927352900264313,1.8515957299122878,77.26223376300885,29.5197383814918,29.5197383814918,50.0,100.0,50.0
"Uceta, Edwin",2025,96.07843137254902,60.78431372549019,5.010893246187364,25.272331154684096,,,66.22697075645704,9.713711384226995,0.6347773573947378,0.6119233751277077,77.18738287320647,36.644051647356335,36.644051647356335,75.0,94.05555555555554,75.0
"Speier, Gabe",2025,85.83877995642702,61.6557734204793,48.5838779956427,51.19825708061002,,,59.168767523909466,9.852976063570752,6.154580465175067,1.2396723547845803,76.41599640743986,29.73879409562841,29.73879409562841,75.0,96.69934640522877,75.0
"Enns, Dietrich",2025,89.97821350762527,67.97385620915033,20.697167755991288,35.294117647058826,,,62.02208372430104,10.862644988812985,2.6219064761956568,0.8545826445749022,76.3612178338846,25.666041614225943,25.666041614225943,75.0,80.6891495601173,75.0
"Whitlock, Garrett",2025,85.18518518518519,54.68409586056645,53.812636165577345,77.34204793028321,,,58.718243913321324,8.738858628820703,6.816956838108707,1.8726965359511742,76.14675591620191,30.43704786948161,30.43704786948161,75.0,97.20510708401976,75.0
"Schwellenbach, Spencer",2025,69.28104575163398,97.1677559912854,97.1677559912854,20.915032679738562,,,47.75550272234317,15.528011746828819,12.309160930350133,0.5064193449332753,76.0990947444554,33.524891651631265,33.524891651631265,100.0,81.36088154269973,100.0
"Okert, Steven",2025,94.11764705882352,41.17647058823529,24.40087145969499,57.73420479302832,,,64.8753999246926,6.58025609899248,3.0910897403569844,1.3979284000762286,75.94467416411828,38.13650763277629,38.13650763277629,50.0,100.0,50.0
"Stewart, Brock",2025,77.77777777777779,84.53159041394336,63.834422657952075,21.78649237472767,,,53.61230965998904,13.508673896344353,8.086511552898182,0.5275201509721618,75.73501526020374,26.199261992619927,26.199261992619927,100.0,65.23387978142077,100.0
"Misiorowski, Jacob",2025,73.8562091503268,68.40958605664488,92.15686274509804,85.62091503267973,,,50.90916799646018,10.932277328484863,11.674383572955396,2.0731541933205957,75.58898309122102,30.05633975562805,30.05633975562805,100.0,91.24752720079128,100.0
"Lopez, Jacob",2025,93.89978213507625,51.19825708061002,18.082788671023962,5.010893246187364,,,64.7252253878299,8.181799911445678,2.290718289728836,0.12132963472359722,75.319073223728,32.14940255211815,32.14940255211815,100.0,89.76270508203281,100.0
"Anderson, Grant",2025,76.03485838779956,91.93899782135077,48.148148148148145,83.87799564270153,,,52.41091336508732,14.692423670766281,6.099382434097263,2.0309525812428233,75.2336720511937,28.71238681144598,28.71238681144598,75.0,99.82588372772422,75.0
"Brogdon, Connor",2025,83.00653594771242,68.62745098039215,50.98039215686274,24.40087145969499,,,57.21649854469418,10.967093498320802,6.458169636102984,0.5908225690888212,75.23258424820678,26.634601417111863,26.634601417111863,75.0,91.14920634920635,75.0
"Abreu, Bryan",2025,95.42483660130719,5.446623093681917,52.28758169934641,79.95642701525054,,,65.7764471458689,0.8704042458984763,6.623763729336396,1.9359989540678337,75.20661407517159,37.2875962596222,37.2875962596222,50.0,100.0,50.0
"Bednar, David",2025,77.34204793028321,57.73420479302832,86.05664488017429,66.66666666666666,,,53.311960586263595,9.226285006523849,10.90161113786615,1.6142116619748148,75.05406839262842,28.723065347440066,28.723065347440066,75.0,94.52719538134306,75.0
"Manaea, Sean",2025,78.86710239651417,83.44226579520696,41.394335511982575,52.505446623093675,,,54.363182344302615,13.334593047164656,5.2438129523913135,1.27132356384291,74.2129119077015,35.97581875545027,35.97581875545027,75.0,95.56194824961949,75.0
"King, Bryan",2025,79.95642701525054,90.84967320261438,23.74727668845316,60.130718954248366,,,55.11405502861617,14.518342821586586,3.0082926937402794,1.4559556166831666,74.0966461606262,36.899778379709424,36.899778379709424,75.0,95.63067444876782,75.0
"Díaz, Edwin",2025,98.69281045751634,1.3071895424836601,34.64052287581699,49.45533769063181,,,68.02906519880962,0.20889701901563432,4.388243470685361,1.1974707427068072,73.82367643121744,33.94565393436884,33.94565393436884,50.0,100.0,50.0
"Santana, Dennis",2025,86.71023965141612,81.26361655773421,7.4074074074074066,1.7429193899782136,,,59.76946567136032,12.986431348805267,0.9383665283226559,0.04220161207777295,73.73646516056603,33.76376709710043,33.76376709710043,100.0,81.07917498336661,100.0
"Kirby, George",2025,70.58823529411765,86.71023965141612,70.58823529411765,92.37472766884531,,,48.656549943519465,13.856835594703742,8.942081034604133,2.236685440121966,73.6921520129493,40.15862320193127,40.15862320193127,100.0,96.24982186119425,100.0
"Hader, Josh",2025,88.01742919389977,28.75816993464052,50.76252723311547,74.50980392156863,,,60.6705128925366,4.595734418343954,6.430570620564084,1.8041189163247935,73.50093684776944,30.189641477979066,30.189641477979066,50.0,100.0,50.0
"Chapman, Aroldis",2025,84.0958605664488,19.389978213507625,93.68191721132898,23.093681917211327,,,57.96737122900775,3.0986391153985755,11.867576681727709,0.5591713600304915,73.49275838616452,26.470927865942848,26.470927865942848,100.0,84.6691675598428,100.0
"Koenig, Jared",2025,79.520697167756,37.254901960784316,84.9673202614379,73.63834422657952,,,54.81370595489075,5.953565041945579,10.76361606017164,1.7830181102859068,73.31390516729388,36.507936507936506,36.507936507936506,100.0,81.93720238095239,100.0
"Gray, Sonny",2025,79.73856209150327,88.67102396514161,24.18300653594771,44.88017429193899,,,54.963880491753464,14.170181123227195,3.0634907248180827,1.0866915110026532,73.28424385080139,39.29793014454118,39.29793014454118,100.0,97.97092225134156,100.0
"Eisert, Brandon",2025,90.41394335511983,61.43790849673203,3.485838779956427,28.75816993464052,,,62.32243279802647,9.818159893734814,0.44158424862242635,0.6963265992832535,73.27850353966696,33.828069848499446,33.828069848499446,75.0,100.0,75.0
"Lodolo, Nick",2025,76.47058823529412,93.68191721132898,42.48366013071895,8.278867102396514,,,52.711262438812746,14.970953029453794,5.38180803008582,0.2004576573694215,73.26448115572178,41.267552316894125,41.267552316894125,100.0,100.0,100.0
"Doval, Camilo",2025,91.93899782135077,15.904139433551197,52.94117647058824,12.418300653594772,,,63.373654556065475,2.5415803980235507,6.7065607759531005,0.30068648605413223,72.92248221609626,35.89027975030551,35.89027975030551,75.0,93.49738219895288,75.0
"Zeferjahn, Ryan",2025,87.14596949891067,5.664488017429194,89.54248366013073,22.22222222222222,,,60.06981474508575,0.9052204157344154,11.343195386488578,0.538070553991605,72.85630110130035,22.56083889550025,22.56083889550025,100.0,84.84836339345358,100.0
"Webb, Logan",2025,81.04575163398692,95.42483660130719,3.0501089324618738,50.98039215686274,,,55.86492771292975,15.249482388141306,0.38638621754462305,1.2343971532748585,72.73519347189054,49.00614328288772,49.00614328288772,100.0,97.73400365630712,100.0
"Montero, Rafael",2025,74.50980392156863,97.60348583877996,32.89760348583878,52.94117647058824,,,51.35969160704832,15.597644086500697,4.167451346374149,1.2818739668623533,72.40666100678551,31.612838111712993,31.612838111712993,75.0,90.5403764420158,75.0
"Ohl, Pierson",2025,83.44226579520696,74.29193899782135,17.647058823529413,26.361655773420477,,,57.516847618419604,11.872313914055217,2.235520258651033,0.6382993826763157,72.26298117380217,22.779922779922774,22.779922779922774,75.0,67.56410256410255,75.0
"Ryan, Joe",2025,72.76688453159042,90.19607843137256,51.633986928104584,40.52287581699346,,,50.158295312146606,14.413894312078769,6.540966682719691,0.9811874808082209,72.09434378775327,46.30539785545773,46.30539785545773,100.0,96.22345502266764,100.0
"Barlow, Scott",2025,80.3921568627451,53.15904139433552,51.4161220043573,58.387799564270146,,,55.41440410234161,8.49514543996913,6.5133676671807885,1.4137540046053936,71.83667121409692,22.678930727220465,22.678930727220465,100.0,83.72803566745344,100.0
"Fried, Max",2025,72.33115468409585,44.008714596949886,99.34640522875817,92.81045751633987,,,49.857946238421164,7.032866306859688,12.58515108573915,2.247235843141409,71.72319947416142,39.350087195670355,39.350087195670355,100.0,98.6396624472574,100.0
"Ashcraft, Braxton",2025,73.63834422657952,52.069716775599126,80.3921568627451,86.49237472766885,,,50.75899345959746,8.321064590789433,10.184036733854708,2.0942549993594826,71.35834978360108,29.234794284971933,29.234794284971933,100.0,88.08411507191994,100.0
"Taylor, Grant",2025,83.66013071895425,15.032679738562091,80.82788671023965,41.830065359477125,,,57.667022155282325,2.4023157186797945,10.23923476493251,1.0128386898665507,71.32141132876119,23.07692307692308,23.07692307692308,75.0,75.30769230769232,75.0
"Coulombe, Danny",2025,92.5925925925926,39.21568627450981,1.7429193899782136,26.797385620915033,,,63.82417816665362,6.26691057046903,0.22079212431121317,0.648849785695759,70.96073064712962,25.925925925925924,25.925925925925924,100.0,65.95319961795607,100.0
"Legumina, Casey",2025,69.93464052287581,87.14596949891067,62.091503267973856,33.769063180827885,,,48.20602633293131,13.926467934375621,7.865719428586969,0.8176562340068507,70.81586992990074,31.03448275862069,31.03448275862069,100.0,75.98954703832752,100.0
"Cabrera, Edward",2025,72.54901960784314,52.723311546840954,83.2244008714597,61.87363834422658,,,50.008120775283885,8.42551310029725,10.542823935860428,1.4981572287609395,70.47461504020251,34.021363390438815,34.021363390438815,100.0,99.65423327412672,100.0
"Castillo, José",2025,80.82788671023965,69.93464052287581,16.122004357298476,44.66230936819172,,,55.714753176067035,11.175990517336436,2.0423271498787217,1.0814163094929317,70.01448715277512,25.650557620817843,25.650557620817843,75.0,67.58097038437303,75.0
"Meyer, Max",2025,83.87799564270153,56.42701525054466,14.596949891067537,37.690631808278866,,,57.817196692145046,9.017387987508215,1.84913404110641,0.9126098611818398,69.5963285819415,29.69789011850275,29.69789011850275,100.0,73.84857234520372,100.0
"Bubic, Kris",2025,88.23529411764706,40.305010893246184,3.9215686274509802,74.7276688453159,,,60.82068742939932,6.440991419648724,0.4967822797002296,1.809394117834515,69.56785524658278,34.62209421518552,34.62209421518552,100.0,93.45181058495822,100.0
"Casparius, Ben",2025,74.94553376906318,25.925925925925924,92.37472766884531,84.53159041394336,,,51.66004068077374,4.143124210476747,11.701982588494296,2.046778185771988,69.55192566551676,30.768200243504992,30.768200243504992,100.0,92.24095083738518,100.0
"Harrison, Kyle",2025,70.37037037037037,81.91721132897604,46.84095860566449,81.26361655773421,,,48.506375406656744,13.090879858313084,5.933788340863854,1.9676501631261636,69.49869376895985,28.31541218637993,28.31541218637993,50.0,85.25757575757575,50.0
"Sánchez, Cristopher",2025,75.38126361655773,81.04575163398692,31.590413943355124,14.37908496732026,,,51.960389754499175,12.951615178969327,4.001857253140739,0.34816329964162673,69.26202548625086,58.113149887610696,58.113149887610696,75.0,100.0,75.0
"Alvarado, Elvis",2025,86.05664488017429,10.457516339869281,63.18082788671025,9.803921568627452,,,59.31894206077218,1.6711761521250745,8.003714506281478,0.23738406793747283,69.23121678711621,25.0936329588015,25.0936329588015,75.0,84.15712988192553,75.0
"Banks, Tanner",2025,75.16339869281046,94.33551198257081,15.468409586056644,10.893246187363834,,,51.81021521763646,15.07540153896161,1.9595301032620167,0.2637600754860809,69.10890693534616,26.679632941299325,26.679632941299325,100.0,80.80969807868253,100.0
"Vesia, Alex",2025,90.19607843137256,27.66884531590414,10.893246187363834,43.57298474945534,,,62.172258261163755,4.42165356916426,1.3799507769450823,1.0550403019443235,69.02890290921741,32.24938966205247,32.24938966205247,75.0,95.109335839599,75.0
"Fernandez, Ryan",2025,81.69934640522875,47.05882352941176,25.925925925925924,67.10239651416123,,,56.31545132351789,7.520292684562835,3.2842828491292955,1.6247620649942585,68.74478892220428,23.07692307692308,23.07692307692308,50.0,75.06591760299625,50.0
"Nola, Aaron",2025,66.23093681917211,99.78213507625271,39.651416122004356,84.31372549019608,,,45.65305920626517,15.945805784860084,5.023020828080099,2.0415029842622663,68.66338880346761,29.636608587886137,29.636608587886137,100.0,91.67729831144466,100.0
"Sheehan, Emmet",2025,59.694989106753816,77.5599128540305,98.0392156862745,99.34640522875817,,,41.14782310038374,12.394556461594302,12.41955699250574,2.405491888433058,68.36742844291683,37.139257620909355,37.139257620909355,100.0,90.52645295804012,100.0
"Clarke, Taylor",2025,93.68191721132898,14.161220043572984,5.664488017429194,28.540305010893245,,,64.57505085096719,2.2630510393360384,0.7175744040114428,0.691051397773532,68.2467276920882,25.925925925925924,25.925925925925924,100.0,74.8489402697495,100.0
"Mejia, Juan",2025,84.53159041394336,0.8714596949891068,62.309368191721134,70.37037037037037,,,58.26772030273318,0.13926467934375622,7.893318444125871,1.7038900876400827,68.00419351384288,36.320347546484754,36.320347546484754,50.0,100.0,50.0
"McLean, Nolan",2025,66.4488017429194,49.23747276688453,92.81045751633987,98.47494553376906,,,45.80323374312789,7.868454382922225,11.7571806195721,2.3843910823941714,67.81325982801638,19.02834008097166,19.02834008097166,100.0,49.63595302619691,100.0
"Seymour, Ian",2025,89.54248366013073,27.233115468409586,7.18954248366013,25.49019607843137,,,61.72173465057562,4.352021229492382,0.9107675127837542,0.6171985766374293,67.60172196948919,25.65756408108561,25.65756408108561,100.0,84.27002448408535,100.0
"Harris, Hogan",2025,61.22004357298475,77.12418300653596,84.53159041394336,93.89978213507625,,,42.19904485842274,12.324924121922427,10.708418029093838,2.2736118506900174,67.50599886012903,33.661340910998646,33.661340910998646,75.0,89.21061041866412,75.0
"Sousa, Bennett",2025,87.58169934640523,12.418300653594772,29.629629629629626,53.15904139433552,,,60.37016381881118,1.9845216806485262,3.7534661132906235,1.287149168372075,67.39530078112242,30.353054584889744,30.353054584889744,50.0,99.31042543244507,50.0
"Burns, Chase",2025,67.97385620915033,86.49237472766885,42.0479302832244,57.08061002178649,,,46.85445550116689,13.822019424867804,5.326609999008018,1.382102795547064,67.38518772058978,27.300022839147413,27.300022839147413,50.0,95.55680224403926,50.0
"Leiter Jr., Mark",2025,71.67755991285402,32.46187363834422,84.74945533769062,77.77777777777779,,,49.40742262783303,5.187609305554918,10.736017044632739,1.883246938970618,67.21429591699129,27.57423910852046,27.57423910852046,75.0,87.14951291825497,75.0
"Vest, Will",2025,71.45969498910677,89.10675381263616,23.52941176470588,28.9760348583878,,,49.25724809097032,14.239813462899072,2.9806936782013773,0.7016018007929752,67.17935703286375,33.083507253969195,33.083507253969195,100.0,88.73366013071896,100.0
"Schreiber, John",2025,68.62745098039215,89.76034858387798,32.02614379084967,60.348583877995644,,,47.30497911175503,14.344261972406889,4.057055284218542,1.4612308181928881,67.16752718657335,25.026518195037724,25.026518195037724,100.0,86.5955165692008,100.0
"Walker, Ryan",2025,81.26361655773421,16.122004357298476,51.85185185185185,79.08496732026144,,,56.01510224979247,2.57639656785949,6.568565698258591,1.9148981480289475,67.0749626639395,35.37930595637804,35.37930595637804,50.0,100.0,50.0
"Rogers, Tyler",2025,69.71677559912854,97.38562091503267,10.239651416122005,81.04575163398692,,,48.0558517960686,15.562827916664755,1.2971537303283773,1.9623749616164419,66.87820840467818,44.46682659732269,44.46682659732269,50.0,95.6717791411043,50.0
"Wilson, Justin",2025,90.84967320261438,17.647058823529413,8.278867102396514,13.943355119825709,,,62.6227818717519,2.8201097567110636,1.0487625904782625,0.3376128966221836,66.82926711556341,27.036002086712024,27.036002086712024,75.0,88.5780008364701,75.0
"Burnes, Corbin",2025,64.4880174291939,58.82352941176471,91.06753812636165,53.812636165577345,,,44.45166291136346,9.400365855703544,11.536388495260887,1.3029747729012398,66.69139203522913,29.534618942574543,29.534618942574543,100.0,74.98315163528247,100.0
"Schlittler, Cam",2025,67.3202614379085,35.5119825708061,96.51416122004358,83.66013071895425,,,46.40393189057875,5.6750356832580655,12.226363883733429,2.0256773797331014,66.33100883730334,37.88374928110293,37.88374928110293,100.0,89.9392212725546,100.0
"Fluharty, Mason",2025,90.6318082788671,6.318082788671024,14.161220043572984,42.26579520697168,,,62.472607334889176,1.0096689252422326,1.7939360100286068,1.023389092885994,66.29960136304601,34.012510178399594,34.012510178399594,50.0,100.0,50.0
"Garcia, Robert",2025,74.29193899782135,78.21350762527233,12.200435729847495,39.869281045751634,,,51.209517070185605,12.499004971102119,1.5455448701784922,0.9653618762790561,66.21942878774527,27.093764452755824,27.093764452755824,75.0,94.15157750342937,75.0
"Junis, Jakob",2025,77.12418300653596,76.47058823529412,1.3071895424836601,27.66884531590414,,,53.161786049400895,12.220475612414607,0.16559409323340987,0.6699505917346454,66.21780634678356,28.200902712633184,28.200902712633184,100.0,86.15717900063251,100.0
"Rodríguez, Manuel",2025,84.31372549019608,20.47930283224401,29.847494553376908,40.74074074074074,,,58.11754576587047,3.272719964578271,3.7810651288295256,0.9864626823179425,66.15779354159622,22.17898832684825,22.17898832684825,75.0,55.92034029389018,75.0
"Darvish, Yu",2025,64.92374727668845,40.95860566448802,99.78213507625271,82.13507625272331,,,44.75201198508888,6.545439929156542,12.640349116816953,1.98875096916505,65.92655200022743,19.02834008097166,19.02834008097166,100.0,58.20912767186598,100.0
"Erceg, Lucas",2025,63.61655773420479,69.06318082788671,85.40305010893246,3.9215686274509802,,,43.8509647639126,11.03672583799268,10.818814091249445,0.09495362717498912,65.80145832032971,22.984307364966824,22.984307364966824,100.0,83.91519556940118,100.0
"Oviedo, Johan",2025,71.89542483660131,18.954248366013072,97.60348583877996,29.193899782135073,,,49.55759716469574,3.029006775726698,12.364358961427937,0.7068770023026968,65.65783990415306,20.0,20.0,100.0,64.46112886048988,100.0
"Glasnow, Tyler",2025,73.20261437908496,13.943355119825709,87.36383442265794,71.45969498910677,,,50.45864438587203,2.2282348695000995,11.067205231099559,1.730266095188691,65.48435058166038,31.013847191701334,31.013847191701334,100.0,100.0,100.0
"Holmes, Grant",2025,74.07407407407408,60.56644880174292,35.947712418300654,5.446623093681917,,,51.05934253332289,9.678895214391057,4.553837563918772,0.13188003774304044,65.42395534937576,35.81431248945508,35.81431248945508,100.0,99.79542719614922,100.0
"Kremer, Dean",2025,65.359477124183,62.091503267973856,71.24183006535948,57.9520697167756,,,45.05236105881431,9.92260840324263,9.02487808122084,1.4032036015859504,65.40305114486374,38.783813878882874,38.783813878882874,100.0,99.99999999999997,100.0
"Roupp, Landen",2025,57.9520697167756,84.9673202614379,75.81699346405229,92.5925925925926,,,39.94642680548203,13.57830623601623,9.604457407537772,2.241960641631688,65.37115109066772,39.83714857529173,39.83714857529173,100.0,96.04207471889735,100.0
"Kinley, Tyler",2025,70.80610021786492,63.18082788671025,47.276688453159046,18.954248366013072,,,48.80672448038217,10.096689252422326,5.988986371941658,0.4589425313457808,65.35134263609194,38.976790550520946,38.976790550520946,75.0,92.28473366282262,75.0
"Newcomb, Sean",2025,71.24183006535948,35.294117647058826,63.39869281045751,96.29629629629629,,,49.10707355410761,5.640219513422127,8.031313521820378,2.331639067296955,65.11024565664707,27.52687163315305,27.52687163315305,100.0,87.64165588615784,100.0
"Gómez, Yoendrys",2025,75.81699346405229,23.74727668845316,55.119825708061,85.18518518518519,,,52.2607388282246,3.794962512117357,6.982550931342116,2.0626037903011527,65.10085606198523,28.57142857142857,28.57142857142857,100.0,70.09778597785977,100.0
"Romano, Jordan",2025,82.57080610021787,13.725490196078432,33.769063180827885,66.4488017429194,,,56.91614947096875,2.1934186996641607,4.277847408529754,1.6089364604650938,64.99635203962775,36.70886075949368,36.70886075949368,50.0,94.84736091298146,50.0
"Hoffman, Jeff",2025,84.9673202614379,5.228758169934641,39.433551198257085,16.55773420479303,,,58.5680693764586,0.8355880760625373,4.995421812541198,0.400915314738843,64.79999457980118,29.667880274910736,29.667880274910736,100.0,94.82113821138212,100.0
"Svanson, Matt",2025,82.78867102396515,6.535947712418301,45.969498910675384,34.85838779956427,,,57.06632400783147,1.0444850950781717,5.823392278708248,0.8440322415554589,64.77823362317335,27.986756384641982,27.986756384641982,75.0,92.1359971959341,75.0
"Olson, Reese",2025,57.08061002178649,86.9281045751634,78.21350762527233,66.01307189542483,,,39.34572865803116,13.891651764539683,9.90804657846569,1.59838605744565,64.74381305848219,23.490934458695914,23.490934458695914,100.0,87.15222414789139,100.0
"Abbott, Andrew",2025,69.49891067538127,70.1525054466231,30.718954248366014,61.00217864923747,,,47.90567725920589,11.210806687172376,3.891461190985132,1.477056422722053,64.48500156008545,48.78720945879228,48.78720945879228,100.0,97.35089030008717,100.0
"Kriske, Brooks",2025,81.91721132897604,20.043572984749456,30.501089324618736,37.47276688453159,,,56.46562586038061,3.203087624906393,3.86386217544623,0.9073346596721182,64.43991032040536,19.02834008097166,19.02834008097166,50.0,58.6597428288823,50.0
"Uribe, Abner",2025,79.08496732026144,1.9607843137254901,61.43790849673203,69.28104575163398,,,54.51335688116532,0.3133455285234515,7.782922381970264,1.6775140800914745,64.28713887175051,38.58580021214355,38.58580021214355,50.0,100.0,50.0
"Young, Brandon",2025,53.812636165577345,83.66013071895425,92.5925925925926,78.64923747276688,,,37.09311060509045,13.369409217000596,11.7295816040332,1.904347745009504,64.09644917113376,29.412652876340026,29.412652876340026,100.0,69.77120535714286,100.0
"Strahm, Matt",2025,88.88888888888889,11.328976034858387,6.753812636165578,5.664488017429194,,,61.27121103998746,1.8104408314688307,0.855569481705951,0.13715523925276207,64.074376592415,26.987193285535827,26.987193285535827,100.0,85.27865094957434,100.0
"Romero, JoJo",2025,66.01307189542483,77.77777777777779,37.03703703703704,52.28758169934641,,,45.502884669402455,12.429372631430244,4.69183264161328,1.2660483623331884,63.89013830477917,26.919145474007202,26.919145474007202,100.0,89.27937158469943,100.0
"Hodge, Porter",2025,78.21350762527233,9.368191721132897,60.56644880174292,19.389978213507625,,,53.91265873371446,1.497095302945379,7.672526319814658,0.469492934365224,63.55177329083972,20.948616600790515,20.948616600790515,75.0,77.42629262926292,75.0
"Johnson, Pierce",2025,64.27015250544662,83.00653594771242,31.372549019607842,80.61002178649237,,,44.301488374500735,13.26496070749278,3.9742582376018367,1.9518245585969984,63.492531878192345,44.90358126721763,44.90358126721763,50.0,93.78537821208832,50.0
"Domínguez, Seranthony",2025,76.25272331154684,2.3965141612200433,77.5599128540305,29.629629629629626,,,52.56108790195004,0.38297786819532953,9.825249531848986,0.71742740532214,63.486742707316495,28.79697542909979,28.79697542909979,100.0,83.82770358732654,100.0
"Matz, Steven",2025,54.46623093681917,91.06753812636165,70.1525054466231,86.05664488017429,,,37.543634215678594,14.553158991422524,8.88688300352633,2.083704596340039,63.067380806967485,35.22354871744715,35.22354871744715,75.0,91.99547255234863,75.0
"Webb, Jacob",2025,62.309368191721134,88.88888888888889,28.9760348583878,91.72113289760348,,,42.949917542736316,14.204997293063133,3.6706690666739186,2.220859835592801,63.04644373806616,31.114226122758545,31.114226122758545,75.0,93.32515337423312,75.0
"López, Pablo",2025,57.29847494553377,95.64270152505446,47.05882352941176,87.14596949891067,,,39.495903194893884,15.284298557977245,5.961387356402755,2.110080603888647,62.85166971316253,29.515334517832038,29.515334517832038,100.0,84.81134075251721,100.0
"Ferguson, Caleb",2025,69.06318082788671,34.20479302832244,60.78431372549019,77.12418300653596,,,47.60532818548046,5.466138664242432,7.700125335353559,1.867421334441453,62.6390135195179,24.89840007985133,24.89840007985133,100.0,89.5052505250525,100.0
"Festa, Matt",2025,77.99564270152506,42.26579520697168,15.032679738562091,5.88235294117647,,,53.76248419685175,6.754336948172177,1.9043320721842134,0.14243044076248368,62.56358365797062,27.81204705565106,27.81204705565106,100.0,85.20833333333334,100.0
"Leasure, Jordan",2025,80.61002178649237,7.18954248366013,33.98692810457516,60.78431372549019,,,55.56457863920431,1.1489336045859886,4.3054464240686565,1.4717812212123313,62.49073988907129,35.427138271630426,35.427138271630426,50.0,100.0,50.0
"Wacha, Michael",2025,61.43790849673203,46.62309368191721,91.28540305010894,43.790849673202615,,,42.34921939528546,7.450660344890958,11.563987510799791,1.0603155034540452,62.42418275443025,39.40690295191746,39.40690295191746,100.0,97.57798624140088,100.0
"Yates, Kirby",2025,70.1525054466231,71.89542483660131,15.250544662309368,24.836601307189543,,,48.35620086979403,11.489336045859888,1.931931087723115,0.6013729721082645,62.378840975485296,27.00729927007299,27.00729927007299,50.0,100.0,50.0
"Beck, Tristan",2025,64.70588235294117,35.947712418300654,74.29193899782135,100.0,,,44.60183744822617,5.744668022929944,9.411264298765461,2.4213174929622228,62.1790872628838,23.186360773774013,23.186360773774013,100.0,72.16687066503468,100.0
"Morton, Charlie",2025,67.10239651416123,38.99782135076253,56.86274509803921,89.97821350762527,,,46.25375735371603,6.23209440063309,7.203343055653329,2.1786582235150282,61.86785303351748,41.85983243582764,41.85983243582764,100.0,96.3805599162742,100.0
"Megill, Tylor",2025,59.04139433551199,47.276688453159046,88.01742919389977,95.86056644880175,,,40.697299489795604,7.555108854398775,11.150002277716263,2.321088664277512,61.72349928618815,26.256718957927678,26.256718957927678,100.0,84.65383565383566,100.0
"Buttó, José",2025,71.0239651416122,28.322440087145967,53.37690631808278,45.31590413943355,,,48.956899017244886,4.526102078672077,6.761758807030902,1.0972419140220966,61.34200181696996,27.37867461964678,27.37867461964678,100.0,81.61522070015221,100.0
"Sabrowski, Erik",2025,74.7276688453159,2.6143790849673203,56.644880174291934,87.36383442265794,,,51.50986614391103,0.41779403803126863,7.175744040114427,2.1153558053983685,61.21876002745509,21.875,21.875,75.0,77.31316950220543,75.0
"Hendricks, Kyle",2025,62.745098039215684,99.34640522875817,3.2679738562091507,67.3202614379085,,,43.25026661646174,15.87617344518821,0.41398523308352475,1.63003726650398,61.17046256123745,52.011150888522515,52.011150888522515,100.0,97.58122650071307,100.0
"Bivens, Spencer",2025,61.6557734204793,40.08714596949891,88.23529411764706,40.305010893246184,,,42.499393932148166,6.406175249812786,11.177601293255167,0.9759122792984992,61.05908275451461,30.11798315721328,30.11798315721328,100.0,80.7805255023184,100.0
"Brazobán, Huascar",2025,82.35294117647058,20.26143790849673,5.446623093681917,2.3965141612200433,,,56.76597493410603,3.2379037947423317,0.6899753884725411,0.05802721660693779,60.75188133392784,30.604455894279848,30.604455894279848,100.0,86.06728142076504,100.0
"Allard, Kolby",2025,56.42701525054466,62.309368191721134,79.73856209150327,70.58823529411765,,,38.89520504744303,9.957424573078569,10.101239687238003,1.7091652891498044,60.663034596909405,30.79584775086505,30.79584775086505,100.0,72.923,100.0
"Helsley, Ryan",2025,68.40958605664488,6.971677559912854,86.71023965141612,55.33769063180828,,,47.15480457489232,1.1141174347500498,10.984408184482854,1.3399011834692909,60.59323137759451,32.74024107416346,32.74024107416346,75.0,95.22049689440993,75.0
"Dreyer, Jack",2025,75.59912854030502,2.178649237472767,46.62309368191721,89.54248366013073,,,52.1105642913619,0.34816169835939054,5.906189325324952,2.1681078204955853,60.533023135541825,39.51614282759576,39.51614282759576,75.0,94.3223163841808,75.0
"Bummer, Aaron",2025,72.98474945533769,43.13725490196079,6.318082788671024,89.76034858387798,,,50.30846984900932,6.893601627515933,0.8003714506281477,2.1733830220053063,60.17582594915871,27.948260429180507,27.948260429180507,100.0,84.37235947010383,100.0
"Peralta, Freddy",2025,64.05228758169935,19.607843137254903,86.27450980392157,75.38126361655773,,,44.15131383763803,3.133455285234515,10.929210153405052,1.8252197223636797,60.039198998641275,50.32700984230518,50.32700984230518,100.0,98.23770902172825,100.0
"Flaherty, Jack",2025,50.326797385620914,99.56427015250546,61.22004357298475,62.745098039215684,,,34.69031801528702,15.91098961502415,7.755323366431362,1.519258034799826,59.87588903154236,50.397407919504474,50.397407919504474,75.0,98.01243697478992,75.0
"Woo, Bryan",2025,63.18082788671025,60.130718954248366,49.673202614379086,7.18954248366013,,,43.55061569018718,9.609262874719178,6.292575542869575,0.17408164982081337,59.62653575759675,47.834560816574395,47.834560816574395,100.0,96.08705035971225,100.0
"Montgomery, Mason",2025,73.42047930283225,7.625272331154684,49.23747276688453,49.89106753812636,,,50.60881892273475,1.218565944257867,6.237377511791771,1.2080211457262504,59.272783524510636,29.771261255311188,29.771261255311188,50.0,98.87466045789678,50.0
"Rodón, Carlos",2025,81.48148148148148,3.7037037037037033,14.37908496732026,26.57952069716776,,,56.16527678665518,0.5918748872109638,1.8215350255675085,0.6435745841860375,59.22226128361969,49.16768557100412,49.16768557100412,100.0,97.84338781575038,100.0
"Herget, Jimmy",2025,57.51633986928104,62.745098039215684,70.37037037037037,15.250544662309368,,,39.64607773175659,10.027056912750448,8.91448201906523,0.36926410568051327,58.956880769252784,30.886599141548643,30.886599141548643,100.0,90.66588541666667,100.0
"Ashcraft, Graham",2025,78.43137254901961,0.6535947712418301,28.104575163398692,36.38344226579521,,,54.06283327057718,0.10444850950781716,3.560273004518312,0.8809586521235103,58.608513436726824,37.943111792381885,37.943111792381885,50.0,100.0,50.0
"Clase, Emmanuel",2025,67.75599128540306,22.440087145969496,58.387799564270146,27.450980392156865,,,46.704280964304175,3.586065493101722,7.39653616442564,0.664675390224924,58.35155801205646,32.18560809537852,32.18560809537852,50.0,92.38836265223274,50.0
"Bassitt, Chris",2025,49.45533769063181,55.33769063180828,94.33551198257081,97.82135076252723,,,34.08961986783616,8.84330713832852,11.950373728344413,2.3685654778650065,57.2518662123741,45.23600770732677,45.23600770732677,100.0,90.39396011396012,100.0
"Baker, Bryan",2025,61.87363834422658,33.33333333333333,63.61655773420479,45.969498910675384,,,42.64956846901088,5.326873984898675,8.05891253735928,1.1130675185512615,57.148422509820094,29.67549246619014,29.67549246619014,75.0,97.92044767090141,75.0
"Kelly, Merrill",2025,59.47712418300654,83.2244008714597,12.418300653594772,40.95860566448802,,,40.997648563521025,13.299776877328718,1.5731438857173938,0.9917378838276643,56.8623072103948,39.5770900313529,39.5770900313529,100.0,96.785504176962,100.0
"Armstrong, Shawn",2025,60.78431372549019,81.48148148148148,13.943355119825709,6.535947712418301,,,41.89869578469731,13.021247518641205,1.7663369944897054,0.15825604529164855,56.84453634311987,23.287836770010312,23.287836770010312,100.0,91.63772008355716,100.0
"Sugano, Tomoyuki",2025,46.84095860566449,91.28540305010894,64.92374727668845,69.49891067538127,,,32.287525425483594,14.587975161258464,8.224506630592689,1.6827892816011962,56.782796498935944,36.78769354785809,36.78769354785809,100.0,98.34970760233918,100.0
"Cruz, Steven",2025,66.66666666666666,25.70806100217865,50.54466230936819,13.071895424836603,,,45.95340827999059,4.108308040640808,6.402971605025182,0.3165120905832971,56.78120001623987,22.88004621052211,22.88004621052211,75.0,76.75597092419521,75.0
"Mahle, Tyler",2025,58.387799564270146,98.25708061002179,2.178649237472767,12.636165577342048,,,40.24677587920745,15.702092596008514,0.27599015538901644,0.30596168756385383,56.53082031816883,36.70934859914061,36.70934859914061,100.0,89.27057687665942,100.0
"Gilbert, Logan",2025,55.33769063180828,42.91938997821351,78.64923747276688,52.069716775599126,,,38.14433236312945,6.858785457679994,9.963244609543494,1.2607731608234667,56.227135591176406,45.98019487211519,45.98019487211519,100.0,96.95747943677681,100.0
"Cano, Yennier",2025,58.82352941176471,79.30283224400871,21.350762527233115,11.76470588235294,,,40.54712495293288,12.673085820281814,2.7047035228123613,0.28486088152496736,56.209775177552025,31.27147766323024,31.27147766323024,100.0,71.54294803817605,100.0
"Ort, Kaleb",2025,63.39869281045751,8.278867102396514,74.7276688453159,70.80610021786492,,,43.70079022704988,1.323014453765684,9.466462329843264,1.7144404906595259,56.20470750131835,28.05755395683453,28.05755395683453,100.0,75.57445008460236,100.0
"Williams, Gavin",2025,52.723311546840954,40.74074074074074,90.6318082788671,71.89542483660131,,,36.342237920776874,6.510623759320603,11.481190464183085,1.740816498208134,56.074868642488696,41.44667157435419,41.44667157435419,100.0,97.63530619226822,100.0
"Headrick, Brent",2025,51.633986928104584,84.74945533769062,41.61220043572985,63.18082788671025,,,35.59136523646331,13.54349006618029,5.271411967930214,1.5298084378192693,55.93607570839308,22.17898832684825,22.17898832684825,50.0,64.63302752293579,50.0
"Scott, Tanner",2025,59.25925925925925,62.527233115468405,27.01525054466231,65.14161220043573,,,40.847474026658304,9.992240742914507,3.422277926823804,1.577285251406764,55.839277947803375,32.927886664541475,32.927886664541475,50.0,100.0,50.0
"Senga, Kodai",2025,62.96296296296296,10.239651416122005,79.520697167756,29.847494553376908,,,43.40044115332446,1.6363599822891355,10.073640671699101,0.7227026068318617,55.833144414144556,37.41475116719268,37.41475116719268,100.0,89.11206281227695,100.0
"Weaver, Luke",2025,61.00217864923747,72.54901960784314,13.071895424836603,14.814814814814813,,,42.048870321560024,11.593784555367705,1.655940932334099,0.35871370266107,55.6573095119229,36.69979653632011,36.69979653632011,75.0,93.64655172413794,75.0
"Suarez, Robert",2025,52.069716775599126,85.18518518518519,46.40522875816993,7.8431372549019605,,,35.89171431018873,13.61312240585217,5.87859030978605,0.18990725434997824,55.57333428017692,37.76592082840653,37.76592082840653,75.0,90.86078955179579,75.0
"Pivetta, Nick",2025,49.01960784313725,61.00217864923747,73.20261437908496,94.55337690631809,,,33.789270794110735,9.748527554062935,9.273269221070953,2.2894374552191823,55.1005050244638,49.814693148125315,49.814693148125315,100.0,96.73081450094162,100.0
"Zerpa, Angel",2025,56.86274509803921,41.61220043572985,59.47712418300654,58.82352941176471,,,39.19555412116845,6.649888438664359,7.534531242120149,1.424304407624837,54.804278209577795,29.601618905523832,29.601618905523832,75.0,94.68838526912182,75.0
"Weissert, Greg",2025,47.930283224400874,78.86710239651417,55.55555555555556,75.81699346405229,,,33.038398109797164,12.60345348060994,7.037748962419919,1.8357701253831231,54.51537067821014,28.73017622739536,28.73017622739536,100.0,80.01319176319176,100.0
"Lorenzen, Michael",2025,65.57734204793029,16.775599128540307,40.52287581699346,48.36601307189542,,,45.202535595677034,2.6808450773673074,5.133416890235706,1.1710947351581993,54.18789229843825,31.299577783418407,31.299577783418407,100.0,92.9611734253667,100.0
"Mize, Casey",2025,52.94117647058824,74.07407407407408,43.35511982570806,12.200435729847495,,,36.492412457639595,11.837497744219279,5.492204092241427,0.2954112845444106,54.11752557864471,39.32780619147606,39.32780619147606,100.0,100.0,100.0
"Hernández, Daysbel",2025,67.53812636165577,1.7429193899782136,45.53376906318083,62.527233115468405,,,46.554106427441454,0.27852935868751244,5.7681942476304435,1.5139828332901042,54.114812867049515,24.544035378789733,24.544035378789733,50.0,100.0,50.0
"Borucki, Ryan",2025,60.348583877995644,25.272331154684096,52.069716775599126,48.80174291938998,,,41.59834671097188,4.0386757009689305,6.596164713797493,1.1816451381776425,53.41483226391595,19.35483870967742,19.35483870967742,100.0,57.66666666666667,100.0
"Rodríguez, Yariel",2025,68.84531590413944,2.832244008714597,38.77995642701525,20.697167755991288,,,47.455153648617745,0.4526102078672077,4.912624765924493,0.5011441434235537,53.321532765833,33.30466433892683,33.30466433892683,100.0,89.34566885964912,100.0
"Little, Brendon",2025,72.1132897603486,11.11111111111111,5.88235294117647,38.99782135076253,,,49.707771701558464,1.7756246616328917,0.7451734195503443,0.9442610702401697,53.17283085298187,36.212263113980526,36.212263113980526,75.0,94.49625748502994,75.0
"Burrows, Mike",2025,44.44444444444444,51.633986928104584,96.73202614379085,79.73856209150327,,,30.63560551999373,8.251432251117556,12.25396289927233,1.9307237525581122,53.07172442294173,34.666870756477834,34.666870756477834,100.0,91.33767078724789,100.0
"Milner, Hoby",2025,52.28758169934641,98.69281045751634,0.4357298474945534,46.62309368191721,,,36.04188884705145,15.771724935680393,0.05519803107780329,1.1288931230804262,52.997704936890074,29.35398158834107,29.35398158834107,100.0,87.841256122155,100.0
"Alexander, Tyler",2025,54.248366013071895,88.45315904139433,4.357298474945534,25.925925925925924,,,37.39345967881588,14.135364953391255,0.5519803107780329,0.6277489796568725,52.70855392264204,27.965896226732987,27.965896226732987,100.0,95.33922187171397,100.0
"Rogers, Taylor",2025,48.148148148148145,71.24183006535948,48.36601307189542,81.91721132897604,,,33.18857264665988,11.384887536352071,6.126981449636165,1.9834757676553285,52.683917400303436,31.08108108108108,31.08108108108108,50.0,100.0,50.0
"Smith-Shawver, AJ",2025,46.62309368191721,49.89106753812636,85.18518518518519,67.53812636165577,,,32.13735088862088,7.972902892430042,10.791215075710545,1.6353124680137014,52.53678132477517,26.25382202149791,26.25382202149791,75.0,82.8903573176701,75.0
"Cavalli, Cade",2025,49.23747276688453,54.03050108932462,67.3202614379085,59.04139433551199,,,33.93944533097345,8.634410119312886,8.528095801520609,1.4295796091345587,52.531530860941494,21.568627450980397,21.568627450980397,100.0,62.672588832487314,100.0
"Woodruff, Brandon",2025,60.56644880174292,60.348583877995644,8.714596949891067,0.8714596949891068,,,41.7485212478346,9.644079044555118,1.1039606215560658,0.021100806038886474,52.51766171998467,25.21543966630672,25.21543966630672,100.0,83.2307132459971,100.0
"Kahnle, Tommy",2025,62.527233115468405,39.651416122004356,16.33986928104575,37.908496732026144,,,43.10009207959902,6.336542910140907,2.0699261654176233,0.9178850626915616,52.424446217849116,50.0,51.1002444987775,50.0,93.07332101047442,50.0
"Smith, Shane",2025,44.226579520697165,64.70588235294117,77.99564270152506,57.51633986928104,,,30.485430983131018,10.340402441273898,9.88044756292679,1.392653198566507,52.098934185898216,39.29614637351414,39.29614637351414,100.0,98.8167770419426,100.0
"Wilson, Steven",2025,45.969498910675384,82.35294117647058,39.21568627450981,88.67102396514161,,,31.686827278032737,13.16051219798496,4.967822797002296,2.1470070144566984,51.96216928747669,33.17834367659492,33.17834367659492,75.0,94.37793914246197,75.0
"Cleavinger, Garrett",2025,51.85185185185185,10.893246187363834,96.94989106753813,84.74945533769062,,,35.74153977332602,1.7408084917969526,12.281561914811233,2.0520533872817093,51.81596356721592,25.256800274279367,25.256800274279367,100.0,84.72060535506402,100.0
"Fermin, José",2025,65.79520697167756,10.675381263616558,26.797385620915033,51.633986928104584,,,45.35271013253974,1.7059923219610136,3.3946789112849025,1.2502227578040237,51.703604123589685,22.556891512056765,22.556891512056765,50.0,100.0,50.0
"Lucchesi, Joey",2025,55.55555555555556,30.501089324618736,58.605664488017425,45.751633986928105,,,38.29450689999217,4.874263777031468,7.424135179964542,1.1077923170415398,51.700698174029725,25.37313432835821,25.37313432835821,75.0,76.4527205493925,75.0
"Lauer, Eric",2025,45.31590413943355,66.23093681917211,72.1132897603486,28.322440087145967,,,31.236303667444588,10.584115630125472,9.135274143376446,0.6857761962638103,51.641469637210314,36.10174788560205,36.10174788560205,100.0,90.4588148963493,100.0
"Jacob, Alek",2025,57.73420479302832,64.4880174291939,1.0893246187363834,56.86274509803921,,,39.796252268619305,10.30558627143796,0.13799507769450822,1.3768275940373422,51.616661211789115,19.67871485943775,19.67871485943775,100.0,61.55972696245734,100.0
"Sands, Cole",2025,44.88017429193899,59.04139433551199,70.80610021786492,73.42047930283225,,,30.93595459371916,9.435182025539484,8.969680050143035,1.7777429087761853,51.11855957817786,25.558527672079265,25.558527672079265,100.0,82.57857769973663,100.0
"Soroka, Michael",2025,50.76252723311547,46.187363834422655,55.99128540305011,65.359477124183,,,34.990667089012454,7.381028005219079,7.092946993497723,1.5825604529164854,51.04720254064574,37.745286648711044,37.745286648711044,100.0,90.47591767451729,100.0
"Cantillo, Joey",2025,59.912854030501094,9.15032679738562,47.930283224400874,86.9281045751634,,,41.29799763724646,1.4622791331094402,6.071783418558362,2.1048054023789255,50.936865591293184,35.38934046260331,35.38934046260331,100.0,95.54015466983938,100.0
"Lord, Brad",2025,54.03050108932462,68.84531590413944,20.043572984749456,1.0893246187363834,,,37.24328514195317,11.001909668156742,2.5391094295789514,0.02637600754860809,50.81068024723747,39.62444138218124,39.62444138218124,100.0,99.04017576898934,100.0
"Pepiot, Ryan",2025,63.834422657952075,23.965141612200437,16.99346405228758,32.02614379084967,,,44.001139300775314,3.829778681953296,2.1527232120343283,0.7754546219290779,50.75909581669202,47.94137953250184,47.94137953250184,100.0,92.96540647393131,100.0
"Ginn, J.T.",2025,68.1917211328976,18.736383442265794,2.832244008714597,3.7037037037037033,,,47.004630038029596,2.994190605890758,0.3587872020057214,0.0896784256652675,50.447286271591345,40.93926781259125,40.93926781259125,100.0,91.2389417989418,100.0
"Latz, Jacob",2025,38.99782135076253,63.61655773420479,87.14596949891067,93.24618736383442,,,26.881242098425876,10.166321592094203,11.039606215560658,2.2577862461608524,50.34495615224159,34.216570213294865,34.216570213294865,100.0,94.7937079731028,100.0
"Banda, Anthony",2025,60.130718954248366,15.686274509803921,40.95860566448802,38.344226579520694,,,41.44817217410917,2.506764228187612,5.188614921313509,0.9284354657110047,50.07198678932129,28.373230708085785,28.373230708085785,75.0,94.0137614678899,75.0
"Boyd, Matthew",2025,35.72984749455338,73.20261437908496,97.38562091503267,54.90196078431373,,,24.62862404548516,11.698233064875522,12.336759945889035,1.329350780449848,49.99296783669957,52.01757645253454,52.01757645253454,100.0,97.77007855551649,100.0
"Gage, Matt",2025,58.16993464052288,50.76252723311547,6.971677559912854,26.143790849673206,,,40.09660134234474,8.1121675717738,0.8831684972448527,0.6330241811665942,49.724961592529986,23.371647509578544,23.371647509578544,75.0,69.18168812589414,75.0
"Mears, Nick",2025,43.35511982570806,92.5925925925926,28.322440087145967,59.47712418300654,,,29.88473283568016,14.796872180274098,3.5878720200572136,1.4401300121540017,49.70960704816547,32.359494872489535,32.359494872489535,50.0,100.0,50.0
"Montero, Keider",2025,42.26579520697168,55.773420479302835,75.16339869281046,80.17429193899783,,,29.13386015136659,8.912939478000398,9.521660360921068,1.9412741555775554,49.50973414586561,29.389757060550195,29.389757060550195,100.0,92.13876319758673,100.0
"Burke, Sean",2025,47.05882352941176,29.629629629629626,78.43137254901961,98.69281045751634,,,32.4376999623463,4.7349990976877105,9.935645594004592,2.389666283903893,49.498010937942496,43.714047007468956,43.714047007468956,100.0,93.86223344556679,100.0
"Halvorsen, Seth",2025,55.119825708061,10.021786492374728,74.07407407407408,20.47930283224401,,,37.994157826266736,1.6015438124531964,9.38366528322656,0.49586894191383213,49.47523586386033,22.21343479252166,22.21343479252166,75.0,76.81970649895177,75.0
"Gilbert, Tyler",2025,66.88453159041394,16.55773420479303,1.9607843137254901,8.061002178649238,,,46.10358281685331,2.646028907531368,0.2483911398501148,0.19518245585969987,49.19318532009449,20.14576441340495,20.14576441340495,100.0,68.39928486293208,100.0
"Walker, Taijuan",2025,38.344226579520694,67.10239651416123,82.35294117647058,55.773420479302835,,,26.43071848783773,10.72338030946923,10.432427873704821,1.3504515864887343,48.93697825750051,34.110985618519116,34.110985618519116,100.0,90.66602533269203,100.0
"Bachar, Lake",2025,47.276688453159046,63.834422657952075,38.12636165577342,53.59477124183007,,,32.58787449920902,10.201137761930143,4.829827719307788,1.297699571391518,48.91653955183847,26.80662587268788,26.80662587268788,100.0,90.83610382035579,100.0
"Morillo, Juan",2025,53.15904139433552,16.99346405228758,71.67755991285402,18.736383442265794,,,36.64258699450231,2.715661247203246,9.08007611229864,0.4536673298360591,48.89199168384025,22.48062015503876,22.48062015503876,100.0,64.42409508373852,100.0
"Bibee, Tanner",2025,53.37690631808278,8.061002178649238,76.90631808278867,42.70152505446623,,,36.79276153136502,1.288198283929745,9.742452485232281,1.033939495905437,48.857351796432475,38.125813458742826,38.125813458742826,100.0,97.5642452006981,100.0
"Civale, Aaron",2025,45.751633986928105,51.4161220043573,54.248366013071895,88.23529411764706,,,31.53665274117002,8.216616081281616,6.8721548691865095,2.1364566114372554,48.7618803030754,30.995719195742435,30.995719195742435,100.0,91.20527097253157,100.0
"Rasmussen, Drew",2025,46.40522875816993,93.24618736383442,9.368191721132897,27.01525054466231,,,31.987176351758162,14.901320689781915,1.1867576681727707,0.6541249872054807,48.72937969691833,43.56480070160125,43.56480070160125,75.0,94.05489852533216,75.0
"Rodriguez, Eduardo",2025,65.14161220043573,23.311546840958606,0.6535947712418301,0.6535947712418301,,,44.9021865219516,3.725330172445479,0.08279704661670494,0.015825604529164854,48.72613934554295,45.111148342557506,45.111148342557506,100.0,92.51300875837197,100.0
"Woodford, Jake",2025,49.673202614379086,54.248366013071895,36.60130718954248,35.07625272331155,,,34.23979440469888,8.669226289148824,4.636634610535476,0.8493074430651806,48.39496274744835,20.0,20.0,100.0,46.842133333333344,100.0
"Ferguson, Tyler",2025,52.505446623093675,38.12636165577342,41.830065359477125,33.11546840958606,,,36.19206338391416,6.092829721289335,5.299010983469116,0.801830629477686,48.385734718150296,28.282962765721386,28.282962765721386,100.0,84.74736842105264,100.0
"Finnegan, Kyle",2025,45.53376906318083,74.50980392156863,33.33333333333333,23.965141612200437,,,31.386478204307306,11.907130083891158,4.222649377451951,0.580272166069378,48.09652983171979,34.61042205421313,34.61042205421313,50.0,100.0,50.0
"Eflin, Zach",2025,38.56209150326798,91.72113289760348,45.31590413943355,39.651416122004356,,,26.580893024700448,14.657607500930341,5.740595232091542,0.9600866747693345,47.93918243249167,23.2960363412954,23.2960363412954,100.0,64.35403726708076,100.0
"Cameron, Noah",2025,55.99128540305011,37.47276688453159,19.607843137254903,23.52941176470588,,,38.59485597371759,5.988381211781516,2.483911398501148,0.5697217630499347,47.63687034705019,33.517317202695644,33.517317202695644,100.0,100.00000000000001,100.0
"Bieber, Shane",2025,55.773420479302835,36.165577342047925,8.932461873638346,88.45315904139433,,,38.444681436854886,5.7794841927658815,1.1315596370949677,2.141731812946977,47.497457079662716,23.724302735458217,23.724302735458217,100.0,69.7002830856334,100.0
"Singer, Brady",2025,53.59477124183007,53.37690631808278,11.328976034858387,22.657952069716774,,,36.94293606822774,8.529961609805067,1.4351488080228856,0.5486209570110483,47.45666744306674,47.953034914487155,47.953034914487155,100.0,98.88842105263159,100.0
"Peralta, Wandy",2025,56.644880174291934,36.60130718954248,16.775599128540307,9.586056644880173,,,39.045379584305735,5.849116532437761,2.125124196495427,0.23210886642775116,47.251729179666675,36.17206747996202,36.17206747996202,75.0,93.80645161290322,75.0
"Kelly, Michael",2025,41.61220043572985,55.99128540305011,66.4488017429194,47.930283224400874,,,28.683336540778445,8.947755647836336,8.417699739365004,1.160544332138756,47.20933626011854,32.20338983050847,32.20338983050847,75.0,78.37108953613809,75.0
"Kikuchi, Yusei",2025,47.49455337690632,18.082788671023962,82.57080610021787,38.56209150326798,,,32.738049036071736,2.8897420963829408,10.460026889243723,0.9337106672207265,47.021528688919126,47.07395875448123,47.07395875448123,100.0,100.00000000000001,100.0
"Rogers, Trevor",2025,32.6797385620915,96.07843137254902,66.66666666666666,19.172113289760347,,,22.526180529407156,15.353930897649123,8.445298754903902,0.46421773285550233,46.78962791481568,34.1868482954745,34.1868482954745,100.0,88.4099569760295,100.0
"Soto, Gregory",2025,50.98039215686274,1.0893246187363834,84.0958605664488,31.808278867102395,,,35.14084162587516,0.17408084917969527,10.653219998016036,0.7701794204193562,46.738321893490244,32.46539101404747,32.46539101404747,100.0,89.05160662122688,100.0
"Brown, Ben",2025,49.89106753812636,42.70152505446623,29.411764705882355,71.67755991285402,,,34.38996894156159,6.823969287844054,3.7258670977517223,1.735541296698412,46.67534662385578,49.704328937190326,49.704328937190326,50.0,96.59585492227978,50.0
"Ray, Robbie",2025,42.48366013071895,70.80610021786492,44.66230936819172,15.904139433551197,,,29.2840346882293,11.315255196680193,5.657798185474837,0.3850897102096781,46.64217778059401,50.593532841632,50.593532841632,100.0,100.0,100.0
"Peterson, David",2025,42.91938997821351,69.49891067538127,43.13725490196079,16.122004357298476,,,29.584383761954733,11.106358177664559,5.464605076702526,0.39036491171939974,46.54571192804122,39.18189934873601,39.18189934873601,100.0,100.0,100.0
"Taillon, Jameson",2025,37.254901960784316,92.37472766884531,30.93681917211329,89.32461873638344,,,25.67984580352416,14.762056010438158,3.9190602065240334,2.1628326189858633,46.523794639472214,32.998794778048236,32.998794778048236,100.0,92.96389151687166,100.0
"Jobe, Jackson",2025,37.690631808278866,43.57298474945534,91.72113289760348,75.59912854030502,,,25.980194877249588,6.9632339671878105,11.619185541877592,1.8304949238734016,46.39310931018839,22.88971355165072,22.88971355165072,100.0,70.99236349751813,100.0
"Hamilton, Ian",2025,62.091503267973856,5.010893246187364,18.51851851851852,17.21132897603486,,,42.7997430058736,0.8007719062265982,2.34591632080664,0.4167409192680079,46.36317215217485,21.99893386768399,21.99893386768399,75.0,83.52834113364534,75.0
"De Los Santos, Enyel",2025,38.77995642701525,98.91067538126362,27.886710239651418,11.982570806100219,,,26.731067561563158,15.80654110551633,3.5326739889794108,0.290136083034689,46.36041873909359,33.692676452715226,33.692676452715226,75.0,93.310407239819,75.0
"Matsui, Yuki",2025,58.605664488017425,15.468409586056644,10.675381263616558,65.79520697167756,,,40.39695041607016,2.4719480583516726,1.3523517614061806,1.5931108559359286,45.81436109176394,30.261995427899116,30.261995427899116,100.0,86.17448165869219,100.0
"Henry, Cole",2025,51.4161220043573,3.485838779956427,62.527233115468405,73.8562091503268,,,35.4411906996006,0.5570587173750249,7.920917459664771,1.7882933117956288,45.70746018843602,33.33333333333333,33.33333333333333,75.0,92.70865561694292,75.0
"Liberatore, Matthew",2025,41.830065359477125,25.054466230936818,88.67102396514161,65.57734204793029,,,28.833511077641163,4.003859531132991,11.23279932433297,1.587835654426207,45.65800558753333,35.12276007945641,35.12276007945641,100.0,97.08661637328862,100.0
"Alcala, Jorge",2025,48.80174291938998,6.753812636165578,79.08496732026144,34.64052287581699,,,33.63909625724802,1.0793012649141107,10.018442640621297,0.8387570400457373,45.57559720282916,26.83773197444478,26.83773197444478,100.0,81.38375080282594,100.0
"Ortiz, Luis",2025,44.66230936819172,44.66230936819172,57.9520697167756,4.139433551198257,,,30.78578005685645,7.137314816367506,7.341338133347837,0.10022882868471075,45.364661835256506,28.344396337153533,28.344396337153533,100.0,90.23784143904064,100.0
"Gausman, Kevin",2025,35.07625272331155,96.73202614379085,37.47276688453159,38.77995642701525,,,24.178100434897015,15.45837940715694,4.747030672691083,0.938985868730448,45.32249638347549,64.90916727478925,64.90916727478925,75.0,100.0,75.0
"Patrick, Chad",2025,54.68409586056645,26.57952069716776,23.093681917211327,12.854030501089325,,,37.69380875254131,4.247572719984565,2.925495647123574,0.31123688907357544,45.17811400872303,40.08198770280599,40.08198770280599,100.0,91.21141253507952,100.0
"Fairbanks, Pete",2025,51.19825708061002,3.9215686274509802,59.04139433551199,69.71677559912854,,,35.291016162737876,0.626691057046903,7.479333211042347,1.6880644831109177,45.085104913938046,31.940700808625337,31.940700808625337,50.0,100.0,50.0
"Canning, Griffin",2025,48.36601307189542,14.596949891067537,54.46623093681917,94.77124183006535,,,33.33874718352259,2.3326833790079164,6.899753884725412,2.294712656728904,44.86589710398483,29.89939236056442,29.89939236056442,100.0,92.24880862804113,100.0
"Gusto, Ryan",2025,29.411764705882355,86.27450980392157,66.88453159041394,93.68191721132898,,,20.27356247646644,13.787203255031866,8.472897770442804,2.268336649180296,44.80200015112141,38.08450704225352,38.08450704225352,100.0,81.95549242424244,100.0
"Ferrer, José A.",2025,39.21568627450981,59.25925925925925,65.14161220043573,0.4357298474945534,,,27.03141663528859,9.469998195375421,8.252105646131591,0.010550403019443237,44.764070879815044,40.764319558019125,40.764319558019125,100.0,86.55104856512142,100.0
"Scherzer, Max",2025,27.01525054466231,79.08496732026144,89.10675381263616,78.43137254901961,,,18.621642570976586,12.638269650445876,11.287997355410772,1.8990725434997826,44.44698212033302,39.523637890709395,39.523637890709395,100.0,91.38101487314086,100.0
"Festa, David",2025,56.209150326797385,32.02614379084967,2.3965141612200433,6.753812636165578,,,38.74503051058031,5.117976965883041,0.3035891709279181,0.16353124680137018,44.330127894192636,23.059116842506835,23.059116842506835,100.0,79.76568405139834,100.0
"Mey, Luis",2025,50.108932461873636,0.2178649237472767,66.01307189542483,50.108932461873636,,,34.540143478424305,0.034816169835939055,8.362501708287198,1.2132963472359721,44.15075770378342,21.568627450980397,21.568627450980397,50.0,83.26436781609195,50.0
"Burke, Brock",2025,54.90196078431373,21.13289760348584,22.22222222222222,2.178649237472767,,,37.84398328940403,3.3771684740860883,2.815099584967968,0.05275201509721618,44.08900336355531,27.973783331662577,27.973783331662577,100.0,86.68310322156475,100.0
"Stanek, Ryne",2025,41.394335511982575,13.071895424836603,95.64270152505446,43.35511982570806,,,28.533162003915734,2.0889701901563433,12.115967821577822,1.049765100434602,43.787865116084504,32.435560893352026,32.435560893352026,100.0,81.9046723110693,100.0
"Leahy, Kyle",2025,44.008714596949886,24.40087145969499,57.51633986928104,90.84967320261438,,,30.3352564462683,3.8994110216251743,7.286140102270034,2.1997590295539147,43.72056659971742,25.39680982589941,25.39680982589941,100.0,79.74716049382717,100.0
"Akin, Keegan",2025,43.57298474945534,69.28104575163398,11.982570806100219,36.60130718954248,,,30.034907372542875,11.071542007828619,1.5179458546395905,0.8862338536332318,43.510629088644315,27.62277651068068,27.62277651068068,75.0,94.08349086326402,75.0
"Priester, Quinn",2025,45.09803921568628,27.01525054466231,54.03050108932462,49.23747276688453,,,31.086129130581877,4.317205059656443,6.844555853647608,1.1921955411970857,43.44008558508301,47.88931052627771,47.88931052627771,100.0,97.96360759493672,100.0
"Bird, Jake",2025,32.24400871459695,67.75599128540306,62.745098039215684,92.15686274509804,,,22.22583145568173,10.827828818977046,7.948516475203673,2.2314102386122445,43.23358698847469,26.878248411803373,26.878248411803373,75.0,93.56520185780637,75.0
"Thielbar, Caleb",2025,27.66884531590414,70.37037037037037,83.66013071895425,95.64270152505446,,,19.072166181564725,11.245622857008314,10.598021966938232,2.31581346276779,43.231624468279065,31.506849315068493,31.506849315068493,100.0,78.12386363636364,100.0
"Povich, Cade",2025,43.790849673202615,34.42265795206972,40.305010893246184,95.20697167755992,,,30.18508190940559,5.500954834078371,5.105817874696804,2.305263059748347,43.09711767792911,33.00734954377463,33.00734954377463,100.0,93.88813025210085,100.0
"Blackburn, Paul",2025,42.70152505446623,48.148148148148145,28.540305010893245,89.10675381263616,,,29.43420922509202,7.69437353374253,3.6154710355961153,2.1575574174761414,42.901611211906804,19.35483870967742,19.35483870967742,100.0,53.4655770183259,100.0
"Verlander, Justin",2025,33.33333333333333,46.40522875816993,79.95642701525054,91.06753812636165,,,22.976704139995295,7.415844175055018,10.128838702776903,2.205034231063636,42.72642124889085,44.05285723158842,44.05285723158842,100.0,95.29381575570952,100.0
"Richardson, Lyon",2025,30.718954248366014,49.673202614379086,94.11764705882352,56.209150326797385,,,21.17460969764273,7.938086722594105,11.92277471280551,1.3610019895081775,42.39647312255052,24.81203007518797,24.81203007518797,100.0,67.56646825396825,100.0
"O'Brien, Riley",2025,40.95860566448802,11.76470588235294,83.00653594771242,72.76688453159042,,,28.232812930190306,1.8800731711407088,10.515224920321527,1.7619173042470206,42.390028325899564,29.577464788732392,29.577464788732392,75.0,83.05636283575518,75.0
"Valdez, Framber",2025,31.590413943355124,62.96296296296296,67.97385620915033,67.75599128540306,,,21.77530784509359,10.061873082586386,8.610892848137313,1.6405876695234234,42.088661445340705,54.90511590744899,54.90511590744899,75.0,97.80330330330331,75.0
"Martinez, Nick",2025,34.42265795206972,65.14161220043573,53.59477124183007,46.40522875816993,,,23.727576824308873,10.410034780945777,6.789357822569805,1.1236179215707045,42.05058734939516,36.61917828807881,36.61917828807881,100.0,98.27974813672577,100.0
"Schmidt, Clarke",2025,39.869281045751634,48.36601307189542,35.5119825708061,94.11764705882352,,,27.481940245876732,7.72918970357847,4.498639532840968,2.278887052199739,41.9886565344959,28.599034142113396,28.599034142113396,100.0,72.38907014681894,100.0
"Warren, Will",2025,33.769063180827885,61.87363834422658,49.01960784313725,99.56427015250546,,,23.277053213720727,9.88779223340669,6.20977849625287,2.4107670899427798,41.785391033323066,43.71517251696256,43.71517251696256,100.0,97.00716100716102,100.0
"Pomeranz, Drew",2025,34.64052287581699,82.57080610021787,20.47930283224401,78.86710239651417,,,23.877751361171583,13.1953283678209,2.5943074606567547,1.909622946519226,41.57701013616847,41.86046511627907,41.86046511627907,50.0,92.45866666666666,50.0
"Lynch IV, Daniel",2025,47.712418300653596,22.004357298474943,38.99782135076253,9.15032679738562,,,32.88822357293445,3.516433153429844,4.940223781463395,0.22155846340830795,41.566438971235996,22.195038815369433,22.195038815369433,100.0,77.9375,100.0
"Phillips, Tyler",2025,27.233115468409586,92.15686274509804,52.723311546840954,50.76252723311547,,,18.771817107839297,14.72723984060222,6.6789617604141975,1.229121951765137,41.407140660620854,28.73606359380038,28.73606359380038,100.0,80.23895401262398,100.0
"Pérez, Martín",2025,50.54466230936819,29.847494553376908,11.76470588235294,10.021786492374728,,,34.84049255214973,4.769815267523651,1.4903468391006887,0.24265926944719443,41.343313928221264,22.284887503362846,22.284887503362846,100.0,83.00766283524904,100.0
"Boyle, Joe",2025,48.5838779956427,8.49673202614379,42.26579520697168,39.21568627450981,,,33.48892172038531,1.357830623601623,5.354209014546919,0.9495362717498913,41.15049763028374,27.38839249065623,27.38839249065623,75.0,91.96284387281172,75.0
"McGreevy, Michael",2025,25.272331154684096,98.47494553376906,49.45533769063181,61.43790849673203,,,17.420246276074867,15.73690876584445,6.264976527330673,1.4876068257414963,40.909738394991486,29.55666653561653,29.55666653561653,100.0,84.51664386684907,100.0
"Ashby, Aaron",2025,37.908496732026144,5.88235294117647,96.29629629629629,59.25925925925925,,,26.1303694141123,0.9400365855703544,12.198764868194527,1.43485481064428,40.70402567852146,30.977552563162163,30.977552563162163,100.0,84.54854096520765,100.0
"Blewett, Scott",2025,36.60130718954248,80.17429193899783,17.21132897603486,15.468409586056644,,,25.229322192936014,12.812350499625571,2.1803222275732304,0.37453930719023487,40.596534227325044,26.168470517390627,26.168470517390627,75.0,84.14231678486999,75.0
"Jackson, Luke",2025,41.17647058823529,44.88017429193899,24.836601307189543,68.40958605664488,,,28.382987467053017,7.172130986203444,3.1462877714347877,1.656413274052588,40.35781949874384,28.9680313840151,28.9680313840151,75.0,87.60737976782752,75.0
"Vasil, Mike",2025,40.52287581699346,14.37908496732026,61.87363834422658,86.71023965141612,,,27.932463856464874,2.297867209171977,7.838120413048067,2.099530200869204,40.167981679554124,32.86652409967971,32.86652409967971,100.0,83.02855407047387,100.0
"Ober, Bailey",2025,33.551198257080614,91.50326797385621,6.535947712418301,62.309368191721134,,,23.126878676858016,14.622791331094403,0.8279704661670495,1.5087076317803827,40.08634810589985,46.26458053691833,46.26458053691833,100.0,93.38186191284663,100.0
"Gore, MacKenzie",2025,35.947712418300654,22.22222222222222,76.47058823529412,77.5599128540305,,,24.77879858234787,3.5512493232657834,9.687254454154477,1.877971737460896,39.89527409722903,45.27311983875146,45.27311983875146,100.0,97.01975396262124,100.0
"Walter, Brandon",2025,37.03703703703704,64.05228758169935,21.568627450980394,55.99128540305011,,,25.529671266661445,10.235953931766081,2.732302538351263,1.3557267879984558,39.85365452477725,22.779922779922774,22.779922779922774,100.0,57.523341523341514,100.0
"Strider, Spencer",2025,21.568627450980394,80.3921568627451,83.44226579520696,62.091503267973856,,,14.867279149408725,12.84716666946151,10.57042295139933,1.5034324302706612,39.78830120054023,50.676764209415666,50.676764209415666,75.0,93.56287519747235,75.0
"Woods Richardson, Simeon",2025,28.9760348583878,53.59477124183007,72.33115468409585,83.44226579520696,,,19.973213402741013,8.564777779641007,9.162873158915344,2.0204021782233794,39.721266519520746,43.02742787535805,43.02742787535805,100.0,90.73375931842385,100.0
"Leiter, Jack",2025,36.81917211328976,4.139433551198257,95.86056644880175,56.42701525054466,,,25.37949672979873,0.661507226882842,12.143566837116724,1.366277191017899,39.5508479848162,40.90167828802461,40.90167828802461,100.0,98.23667570009033,100.0
"Littell, Zack",2025,28.322440087145967,94.77124183006535,27.66884531590414,49.673202614379086,,,19.522689792152867,15.145033878633486,3.505074973440509,1.202745944216529,39.37554458844339,46.29411226426817,46.29411226426817,100.0,97.36021126760562,100.0
"May, Dustin",2025,40.08714596949891,30.93681917211329,37.690631808278866,82.35294117647058,,,27.632114782739446,4.943896116703345,4.774629688229984,1.9940261706747715,39.34466675834755,43.74242952216948,43.74242952216948,100.0,97.07112970711297,100.0
"Javier, Cristian",2025,30.93681917211329,33.98692810457516,80.17429193899783,98.25708061002179,,,21.32478423450544,5.431322494406492,10.156437718315805,2.37911588088445,39.29166032811219,20.948616600790515,20.948616600790515,100.0,52.850891410048625,100.0
"Mlodzinski, Carmen",2025,31.154684095860567,51.85185185185185,67.75599128540306,38.12636165577342,,,21.474958771368158,8.286248420953495,8.583293832598413,0.9231602642012832,39.26766128912135,32.29084568630884,32.29084568630884,100.0,82.6994734710409,100.0
"Loáisiga, Jonathan",2025,40.305010893246184,24.618736383442265,56.42701525054466,15.686274509803921,,,27.782289319602157,3.9342271914611127,7.148145024575526,0.3798145086999565,39.244476044338754,24.81203007518797,24.81203007518797,75.0,66.33946360153257,75.0
"Springs, Jeffrey",2025,36.165577342047925,57.51633986928104,34.42265795206972,25.054466230936818,,,24.928973119210582,9.191468836687909,4.360644455146461,0.6066481736179861,39.08773458466294,49.56635205950442,49.56635205950442,100.0,94.83257229832574,100.0
"Bello, Brayan",2025,42.0479302832244,37.690631808278866,27.233115468409586,14.596949891067537,,,28.983685614503877,6.023197381617456,3.449876942362706,0.3534385011513484,38.810198439635386,40.415401644196855,40.415401644196855,100.0,99.99999999999999,100.0
"Allen, Logan",2025,46.187363834422655,21.350762527233115,23.965141612200437,19.607843137254903,,,31.837001814895448,3.411984643922027,3.035891709279181,0.47476813587494565,38.75964630397161,40.50051391697264,40.50051391697264,100.0,100.00000000000001,100.0
"Alcantara, Sandy",2025,25.70806100217865,59.47712418300654,85.83877995642702,3.2679738562091507,,,17.7205953498003,9.504814365211361,10.87401212232725,0.07912802264582428,38.178549859984734,39.94412737411447,39.94412737411447,100.0,100.0,100.0
"Suter, Brent",2025,40.74074074074074,55.119825708061,4.793028322440087,16.33986928104575,,,28.08263839332759,8.80849096849258,0.6071783418558362,0.39564011322912135,37.893947816905126,30.45371536915493,30.45371536915493,100.0,86.42801672640383,100.0
"Gordon, Colton",2025,23.093681917211327,80.82788671023965,64.05228758169935,36.81917211328976,,,15.918500907447724,12.916799009133388,8.114110568437084,0.8915090551429534,37.84091954016115,35.71765009955908,35.71765009955908,100.0,84.36146572104019,100.0
"Lively, Ben",2025,34.85838779956427,69.71677559912854,19.389978213507625,6.1002178649237475,,,24.0279258980343,11.141174347500497,2.4563123829622464,0.1477056422722053,37.77311827076925,18.69918699186992,18.69918699186992,100.0,49.33843300880853,100.0
"Faucher, Calvin",2025,39.651416122004356,18.51851851851852,40.08714596949891,98.0392156862745,,,27.331765709014018,2.9593744360548198,5.078218859157903,2.373840679374728,37.74319968360147,30.55555555555556,30.55555555555556,100.0,72.50617283950618,100.0
"Alexander, Jason",2025,29.847494553376908,71.0239651416122,36.81917211328976,46.84095860566449,,,20.57391155019187,11.350071366516131,4.664233626074378,1.134168324590148,37.722384867372526,37.56156452785667,37.56156452785667,100.0,88.69011048234977,100.0
"Keller, Brad",2025,34.20479302832244,28.540305010893245,67.10239651416123,42.0479302832244,,,23.57740228744616,4.560918248508016,8.500496785981708,1.0181138913762724,37.656931213312156,32.20338983050847,32.20338983050847,100.0,76.10495382031905,100.0
"Rocker, Kumar",2025,30.501089324618736,23.093681917211327,98.91067538126362,14.161220043572984,,,21.024435160780012,3.6905140026095395,12.529953054661346,0.34288809813190513,37.587790316182804,24.40828090894416,24.40828090894416,100.0,77.44188110026622,100.0
"Keller, Mitch",2025,17.86492374727669,71.67755991285402,89.97821350762527,97.60348583877996,,,12.31431202274258,11.454519876023948,11.398393417566378,2.363290276355285,37.53051559268819,42.723491797151006,42.723491797151006,100.0,95.47727008487384,100.0
"Kranick, Max",2025,19.172113289760347,78.64923747276688,81.48148148148148,47.05882352941176,,,13.215359243918865,12.568637310773997,10.322031811549214,1.1394435260998694,37.245471892341946,22.025758438518235,22.025758438518235,75.0,64.40300546448088,75.0
"Melton, Troy",2025,28.104575163398692,48.5838779956427,75.38126361655773,13.507625272331156,,,19.372515255290153,7.764005873414409,9.549259376459968,0.32706249360274037,37.01284299876727,29.07801418439716,29.07801418439716,100.0,67.74319963116643,100.0
"Ross, Joe",2025,32.46187363834422,86.05664488017429,5.228758169934641,2.6143790849673203,,,22.37600599254444,13.752387085195926,0.6623763729336395,0.06330241811665942,36.854071868790655,20.161892114083354,20.161892114083354,100.0,79.30470347648262,100.0
"Sterner, Justin",2025,29.193899782135073,65.79520697167756,37.254901960784316,61.6557734204793,,,20.123387939603724,10.514483290453594,4.719431657152182,1.4928820272512178,36.85018491446072,32.49691351460862,32.49691351460862,75.0,93.26648351648353,75.0
"Assad, Javier",2025,39.433551198257085,40.52287581699346,17.86492374727669,33.33333333333333,,,27.181591172151307,6.475807589484663,2.2631192741899353,0.8071058309874074,36.72762386681332,21.25984251968504,21.25984251968504,100.0,52.631262525050104,100.0
"Bergert, Ryan",2025,26.797385620915033,87.7995642701525,22.440087145969496,48.5838779956427,,,18.47146803411387,14.030916443883438,2.842698600506869,1.1763699366679208,36.5214530151721,31.651002955571872,31.651002955571872,100.0,86.23988735279056,100.0
"Mattson, Isaac",2025,38.12636165577342,47.49455337690632,15.686274509803921,20.043572984749456,,,26.28054395097502,7.589925024234714,1.9871291188009184,0.48531853889438886,36.34291663290504,35.8974358974359,35.8974358974359,75.0,84.94965277777779,75.0
"Nelson, Ryne",2025,22.440087145969496,53.812636165577345,91.50326797385621,16.775599128540307,,,15.46797729685958,8.599593949476947,11.591586526338691,0.4061905162485646,36.06534828892378,53.27856480431097,53.27856480431097,100.0,94.95336577453367,100.0
"Gallen, Zac",2025,22.875816993464053,77.34204793028321,45.751633986928105,87.58169934640523,,,15.76832637058501,12.359740291758362,5.795793263169346,2.1206310069080905,36.04449093242081,48.138671052072304,48.138671052072304,100.0,98.14186888037463,100.0
"Morgan, David",2025,25.49019607843137,22.657952069716774,95.20697167755992,90.19607843137256,,,17.57042081293758,3.6208816629376614,12.06076979050002,2.18393342502475,35.43600569140001,21.25984251968504,21.25984251968504,100.0,69.70704467353953,100.0
"Houck, Tanner",2025,35.5119825708061,35.07625272331155,35.294117647058826,35.947712418300654,,,24.478449508622443,5.605403343586188,4.471040517302066,0.870408249104067,35.42530161861476,24.24636947982383,24.24636947982383,75.0,84.72482269503544,75.0
"Sears, JP",2025,29.629629629629626,66.01307189542483,32.6797385620915,8.932461873638346,,,20.423737013329152,10.549299460289532,4.139852330835247,0.21628326189858638,35.32917206635252,43.98156421448045,43.98156421448045,100.0,91.03787234042554,100.0
"Quantrill, Cal",2025,32.02614379084967,33.11546840958606,59.25925925925925,11.546840958605664,,,22.075656918819014,5.292057815062736,7.506932226581247,0.27958568001524575,35.15423264047824,31.951917839249447,31.951917839249447,100.0,93.68638262322473,100.0
"Rolison, Ryan",2025,37.47276688453159,17.429193899782135,44.44444444444444,28.104575163398692,,,25.83002034038687,2.7852935868751243,5.630199169935936,0.6805009947540888,34.92601409195202,25.344693608040796,25.344693608040796,75.0,80.71465033180195,75.0
"Mikolas, Miles",2025,14.37908496732026,79.73856209150327,83.87799564270153,66.23093681917211,,,9.911519432939148,12.742718159953693,10.625620982477134,1.603661258955372,34.88351983432534,37.24169737153472,37.24169737153472,100.0,97.23336028024792,100.0
"Abel, Mick",2025,16.122004357298476,72.76688453159042,86.49237472766885,47.49455337690632,,,11.112915727840864,11.628600725203645,10.956809168943954,1.1499939291193126,34.84831955110778,21.875,21.875,100.0,64.23065902578797,100.0
"Dollander, Chase",2025,22.22222222222222,37.908496732026144,99.56427015250546,34.20479302832244,,,15.317802759996866,6.058013551453396,12.612750101278053,0.828206637026294,34.81677304975461,39.520355164776234,39.520355164776234,100.0,88.38207724034496,100.0
"Boushley, Caleb",2025,23.311546840958606,52.28758169934641,72.76688453159042,42.48366013071895,,,16.06867544431044,8.355880760625373,9.21807118999315,1.0286642943957154,34.67129168932468,20.634920634920636,20.634920634920636,100.0,47.39712488769092,100.0
"Severino, Luis",2025,19.825708061002178,75.81699346405229,62.96296296296296,18.30065359477124,,,13.665882854507009,12.116027102906791,7.9761154907425755,0.4431169268166159,34.20114237497299,40.65131752128812,40.65131752128812,100.0,94.71378005614547,100.0
"Bautista, Félix",2025,35.294117647058826,0.4357298474945534,67.53812636165577,37.254901960784316,,,24.328274971759733,0.06963233967187811,8.555694817059509,0.9020594581623967,33.85566158665352,21.568627450980397,21.568627450980397,75.0,81.00053504547887,75.0
"Fitts, Richard",2025,13.507625272331156,83.87799564270153,73.8562091503268,70.1525054466231,,,9.310821285488293,13.404225386836536,9.356066267687659,1.6986148861303612,33.769727826142855,20.634920634920636,20.634920634920636,100.0,65.48510242085662,100.0
"Junk, Janson",2025,20.697167755991288,77.99564270152506,34.85838779956427,97.38562091503267,,,14.266581001957867,12.46418880126618,4.415842486224263,2.358015074845563,33.504627364293874,38.23874698002589,38.23874698002589,100.0,88.49938347718866,100.0
"Palencia, Daniel",2025,30.28322440087146,17.21132897603486,64.27015250544662,68.84531590413944,,,20.8742606239173,2.7504774170391855,8.141709583975985,1.6669636770720315,33.4334113020045,35.44491210322955,35.44491210322955,50.0,93.40342857142858,50.0
"Paddack, Chris",2025,9.15032679738562,95.20697167755992,79.30283224400871,72.54901960784314,,,6.307330548234003,15.214666218305368,10.046041656160199,1.7566421027372987,33.32468052543687,44.70738784712372,44.70738784712372,100.0,95.28953866146847,100.0
"Pfaadt, Brandon",2025,18.51851851851852,94.55337690631809,32.24400871459695,53.37690631808278,,,12.764835633330723,15.11021770879755,4.084654299757443,1.2924243698817963,33.252132011767515,39.607319043843525,39.607319043843525,100.0,98.50514050719671,100.0
"Santillan, Tony",2025,23.74727668845316,59.694989106753816,45.09803921568628,64.27015250544662,,,16.369024518035868,9.539630535047301,5.712996216552641,1.5561844453678773,33.17783571500369,39.607488299579536,39.607488299579536,75.0,92.60806152214266,75.0
"Wentz, Joey",2025,21.78649237472767,58.387799564270146,64.4880174291939,11.11111111111111,,,15.017453686271438,9.330733516031666,8.169308599514887,0.2690352769958025,32.78653107881379,37.8180607566868,37.8180607566868,100.0,93.17869605142333,100.0
"Cannon, Jonathan",2025,23.52941176470588,63.39869281045751,44.008714596949886,31.372549019607842,,,16.21884998117315,10.131505422258265,5.5750011388581315,0.759629017399913,32.68498555968946,30.89250278882532,30.89250278882532,100.0,98.44537658463832,100.0
"Cecconi, Slade",2025,13.943355119825709,55.55555555555556,97.82135076252723,74.29193899782135,,,9.611170359213721,8.878123308164458,12.391957976966838,1.7988437148150718,32.680095359160084,38.124069176151885,38.124069176151885,100.0,91.30766793409379,100.0
"Backhus, Kyle",2025,24.618736383442265,65.57734204793029,26.143790849673206,78.21350762527233,,,16.969722665486724,10.479667120617655,3.311881864668198,1.893797341990061,32.65506899276264,22.779922779922774,22.779922779922774,50.0,75.39417309340189,50.0
"Williams, Trevor",2025,23.965141612200437,99.12854030501089,0.8714596949891068,3.0501089324618738,,,16.519199054898582,15.841357275352268,0.11039606215560659,0.07385282113610266,32.54480521354256,40.44510873416455,40.44510873416455,100.0,85.03706261510129,100.0
"Vásquez, Randy",2025,17.647058823529413,84.0958605664488,41.17647058823529,69.06318082788671,,,12.164137485879866,13.439041556672475,5.2162139368524105,1.672238878581753,32.491631857986505,32.0533272086438,32.0533272086438,100.0,94.53504598794797,100.0
"Hurter, Brant",2025,43.13725490196079,7.4074074074074066,7.8431372549019605,16.99346405228758,,,29.73455829881745,1.1837497744219276,0.9935645594004592,0.4114657177582862,32.32333835039812,33.28597369279063,33.28597369279063,100.0,89.26011029411765,100.0
"Gordon, Tanner",2025,22.657952069716774,94.11764705882352,10.021786492374728,13.725490196078432,,,15.618151833722294,15.04058536912567,1.2695547147894757,0.332337695112462,32.2606296127499,34.74244862614225,34.74244862614225,75.0,97.38202851762173,75.0
"Lucas, Easton",2025,32.89760348583878,45.09803921568628,9.15032679738562,37.03703703703704,,,22.67635506626987,7.2069471560393845,1.159158652633869,0.8967842566526751,31.9392451315958,20.0,20.0,75.0,53.99173553719008,75.0
"Evans, Logan",2025,33.11546840958606,26.797385620915033,22.657952069716774,63.61655773420479,,,22.826529603132585,4.282388889820504,2.870297616045771,1.5403588408387123,31.519574949837573,25.169257534276355,25.169257534276355,100.0,79.15171898355754,100.0
"Berríos, José",2025,31.808278867102395,36.81917211328976,16.55773420479303,54.03050108932462,,,21.9254823819563,5.8839327022737,2.097525180956525,1.3082499744109615,31.215190239597487,42.15355319508758,42.15355319508758,100.0,97.09652858433347,100.0
"Flexen, Chris",2025,14.814814814814813,42.48366013071895,94.55337690631809,84.0958605664488,,,10.211868506664576,6.789153118008115,11.977972743883315,2.036227782752545,31.015222151308553,23.954372623574145,23.954372623574145,100.0,67.31775700934578,100.0
"Miller, Bryce",2025,16.55773420479303,72.33115468409585,48.80174291938998,72.1132897603486,,,11.413264801566292,11.558968385531763,6.182179480713969,1.7460916997178557,30.90050436752988,35.44226829804672,35.44226829804672,100.0,87.35816841288319,100.0
"Elder, Bryce",2025,36.38344226579521,31.808278867102395,3.7037037037037033,4.57516339869281,,,25.079147656073303,5.0831607960471015,0.46918326416132794,0.11077923170415398,30.742270947985887,46.47184994600405,46.47184994600405,100.0,98.70975868469901,100.0
"Bradley, Taj",2025,25.054466230936818,4.357298474945534,88.45315904139433,60.56644880174292,,,17.270071739212153,0.6963233967187811,11.205200308794067,1.4665060197026099,30.63810146442761,36.72254302211877,36.72254302211877,100.0,97.09565727699531,100.0
"Spence, Mitch",2025,24.18300653594771,64.92374727668845,18.736383442265794,32.6797385620915,,,16.669373591761296,10.375218611109837,2.3735153363455415,0.7912802264582427,30.209387765674915,35.10127436834396,35.10127436834396,100.0,90.84830339321357,100.0
"Dodd, Dylan",2025,28.75816993464052,45.53376906318083,17.429193899782135,34.42265795206972,,,19.823038865878296,7.276579495711262,2.2079212431121316,0.8334818385360158,30.141021443237705,25.650557620817843,25.650557620817843,50.0,83.1534170153417,50.0
"Buehler, Walker",2025,16.775599128540307,30.28322440087146,88.88888888888889,96.07843137254902,,,11.563439338429008,4.839447607195528,11.260398339871871,2.3263638657872336,29.98964915128364,27.52844356742687,27.52844356742687,100.0,92.37475255063195,100.0
"McCullers Jr., Lance",2025,33.98692810457516,22.875816993464053,4.139433551198257,96.73202614379085,,,23.427227750583445,3.6556978327736007,0.5243812952391312,2.3421894703163986,29.949496348912575,23.495620498373658,23.495620498373658,100.0,78.49636733507703,100.0
"Imanaga, Shota",2025,18.954248366013072,85.40305010893246,10.457516339869281,71.24183006535948,,,13.06518470705615,13.647938575688109,1.324752745867279,1.724990893678969,29.762866922290506,49.04229689798739,49.04229689798739,75.0,100.00000000000001,75.0
"Dobbins, Hunter",2025,10.021786492374728,52.94117647058824,94.98910675381264,94.98910675381264,,,6.9080286956848616,8.46032927013319,12.033170774961118,2.2999878582386253,29.701516599017797,27.66521816532269,27.66521816532269,100.0,74.40994916485113,100.0
"Thompson, Ryan",2025,15.468409586056644,84.31372549019608,26.361655773420477,83.2244008714597,,,10.66239211725272,13.473857726508413,3.3394808802070988,2.015126976713658,29.490857700681893,30.55555555555556,30.55555555555556,75.0,88.68106995884773,75.0
"Castillo, Luis",2025,13.28976034858388,95.86056644880175,35.72984749455338,10.239651416122005,,,9.160646748625577,15.319114727813185,4.526238548379871,0.24793447095691606,29.25393449577555,50.058019607883026,50.058019607883026,100.0,100.00000000000001,100.0
"Rea, Colin",2025,14.161220043572984,66.66666666666666,60.130718954248366,43.13725490196079,,,9.761344896076434,10.65374796979735,7.617328288736854,1.0444898989248805,29.076911053535515,40.20375269118498,40.20375269118498,100.0,92.58000502386336,100.0
"Topa, Justin",2025,22.004357298474943,50.326797385620914,36.38344226579521,51.4161220043573,,,15.16762822313415,8.04253523210192,4.609035594996575,1.2449475562943018,29.06414660652695,27.90432213841168,27.90432213841168,100.0,84.13142662580864,100.0
"Ogasawara, Shinnosuke",2025,5.88235294117647,72.98474945533769,85.62091503267973,98.91067538126362,,,4.054712495293288,11.663416895039584,10.846413106788345,2.3949414854136144,28.95948398253483,21.568627450980397,21.568627450980397,100.0,61.59749373433584,100.0
"Pagán, Emilio",2025,20.26143790849673,44.44444444444444,55.773420479302835,32.24400871459695,,,13.966231928232437,7.102498646531567,7.0653479779588215,0.7807298234387995,28.914808376161627,40.82840236686391,40.82840236686391,75.0,88.02309612983771,75.0
"Chandler, Bubba",2025,20.915032679738562,30.718954248366014,65.79520697167756,47.712418300653596,,,14.416755538820581,4.909079946867407,8.334902692748297,1.1552691306290344,28.81600730906532,23.66412213740458,23.66412213740458,75.0,60.98306389530408,75.0
"Beeks, Jalen",2025,31.372549019607842,17.86492374727669,27.450980392156865,30.501089324618736,,,21.62513330823087,2.854925926547003,3.4774759579016075,0.7385282113610265,28.696063404040505,31.94211927840957,31.94211927840957,75.0,93.07896652110625,75.0
"Sasaki, Roki",2025,14.596949891067537,43.35511982570806,77.77777777777779,75.16339869281046,,,10.061693969801862,6.928417797351871,9.852848547387888,1.8199445208539584,28.66290483539558,27.576791808873722,27.576791808873722,75.0,87.33333333333334,75.0
"Weathers, Ryan",2025,10.457516339869281,66.4488017429194,71.89542483660131,63.39869281045751,,,7.208377769410291,10.618931799961413,9.107675127837544,1.5350836393289908,28.470068336538237,25.925925925925924,25.925925925925924,75.0,74.80523094045633,75.0
"Garrett, Reed",2025,19.389978213507625,42.0479302832244,59.694989106753816,30.93681917211329,,,13.365533780781579,6.719520778336237,7.562130257659051,0.7490786143804697,28.396263431157333,20.496894409937887,20.496894409937887,100.0,79.30141843971633,100.0
"Holmes, Clay",2025,25.925925925925924,28.104575163398692,38.344226579520694,41.394335511982575,,,17.87076988666301,4.491285908836137,4.8574267348466895,1.0022882868471075,28.221770817192944,43.803662242046066,43.803662242046066,100.0,95.18656536420647,100.0
"Blubaugh, AJ",2025,16.99346405228758,45.31590413943355,54.90196078431373,90.41394335511983,,,11.713613875291722,7.241763325875323,6.954951915803215,2.1892086265344717,28.099537743504733,19.67871485943775,19.67871485943775,75.0,67.87327823691459,75.0
"Lugo, Seth",2025,26.361655773420477,29.193899782135073,25.49019607843137,80.82788671023965,,,18.171118960388437,4.665366758015833,3.229084818051492,1.9570997601067204,28.022670296562485,29.199333432009073,29.199333432009073,100.0,88.97067701595515,100.0
"Corbin, Patrick",2025,21.350762527233115,73.8562091503268,11.546840958605664,1.3071895424836601,,,14.71710461254601,11.80268157438334,1.462747823561787,0.03165120905832971,28.014185219549468,46.297510395568565,46.297510395568565,100.0,96.06956859696852,100.0
"Pérez, Eury",2025,11.546840958605664,32.89760348583878,99.12854030501089,85.40305010893246,,,7.959250453723862,5.257241645226797,12.557552070200249,2.067878991810874,27.841923160961784,41.85481146043293,41.85481146043293,100.0,86.43841463414635,100.0
"Perkins, Jack",2025,26.57952069716776,20.915032679738562,38.56209150326798,50.326797385620914,,,18.321293497251155,3.342352304250149,4.885025750385592,1.2185715487456938,27.767243100632587,21.875,21.875,100.0,67.207805907173,100.0
"De los Santos, Yerry",2025,24.40087145969499,32.6797385620915,42.70152505446623,8.49673202614379,,,16.81954812862401,5.222425475390858,5.4094070456247225,0.2057328588791431,27.65711350851873,25.37313432835821,25.37313432835821,100.0,71.03389830508476,100.0
"Francis, Bowden",2025,2.832244008714597,75.16339869281046,91.93899782135077,82.57080610021787,,,1.9522689792152867,12.011578593398974,11.646784557416495,1.9993013721844932,27.609933502215252,36.732720947616585,36.732720947616585,100.0,85.39756170086233,100.0
"Brzykcy, Zach",2025,16.33986928104575,50.108932461873636,43.790849673202615,93.02832244008714,,,11.263090264703578,8.007719062265982,5.547402123319231,2.2525110446511305,27.070722494939922,20.634920634920636,20.634920634920636,75.0,60.2563543936093,75.0
"Freeland, Kyle",2025,18.736383442265794,82.78867102396515,2.6143790849673203,13.28976034858388,,,12.915010170193435,13.230144537656841,0.33118818646681975,0.32178729209301876,26.798130186410113,43.0091876018233,43.0091876018233,100.0,93.95823260811174,100.0
"Garcia, Rico",2025,17.429193899782135,50.98039215686274,39.869281045751634,51.85185185185185,,,12.01396294901715,8.146983741609738,5.0506198436190015,1.255497959313745,26.467064493559633,20.948616600790515,20.948616600790515,100.0,54.34698521046644,100.0
"Houser, Adrian",2025,5.010893246187364,75.38126361655773,74.50980392156863,57.29847494553377,,,3.4540143478424308,12.046394763234913,9.438863314304363,1.3873779970567857,26.326650422438494,42.207561658516916,42.207561658516916,100.0,92.90169133192389,100.0
"Heaney, Andrew",2025,8.061002178649238,81.69934640522875,56.209150326797385,24.18300653594771,,,5.556457863920432,13.056063688477144,7.120546009036624,0.5855473675790996,26.318614929013297,38.51898149539516,38.51898149539516,100.0,90.69804674991994,100.0
"Irvin, Jake",2025,6.535947712418301,80.61002178649237,57.08061002178649,68.62745098039215,,,4.505236105881432,12.881982839297448,7.2309420711922305,1.6616884755623096,26.279849491933422,46.26801708896041,46.26801708896041,100.0,93.18489583333333,100.0
"Martin, Davis",2025,28.540305010893245,38.344226579520694,1.5250544662309369,7.625272331154684,,,19.67286432901558,6.1276458911252725,0.19319310877231152,0.18463205284025663,26.178335381753424,39.06861786737746,39.06861786737746,100.0,91.93718740806119,100.0
"Quintana, Jose",2025,11.76470588235294,93.89978213507625,12.636165577342048,55.55555555555556,,,8.109424990586575,15.005769199289732,1.6007429012562955,1.3451763849790126,26.061113476111615,39.206656574244505,39.206656574244505,100.0,95.837441314554,100.0
"Estévez, Carlos",2025,30.065359477124183,9.803921568627452,25.054466230936818,21.350762527233115,,,20.724086087054584,1.5667276426172576,3.173886786973689,0.5169697479527186,25.98167026459825,33.25341512197092,33.25341512197092,75.0,92.8632150846916,75.0
"Bernardino, Brennan",2025,26.143790849673206,39.433551198257085,8.061002178649238,24.618736383442265,,,18.020944423525727,6.30172674030497,1.0211635749393608,0.5960977705985429,25.939932509368603,27.00729927007299,27.00729927007299,100.0,75.56921790046006,100.0
"Horton, Cade",2025,5.228758169934641,76.90631808278867,68.62745098039215,46.187363834422655,,,3.6041888847051453,12.290107952086487,8.693689894754018,1.118342720060983,25.70632945160663,45.36937023266821,45.36937023266821,100.0,89.14968271743189,100.0
"Kershaw, Clayton",2025,15.686274509803921,46.84095860566449,44.226579520697165,64.4880174291939,,,10.812566654115434,7.485476514726897,5.602600154397034,1.561459646877599,25.462102970116963,41.61929574739538,41.61929574739538,100.0,96.34343991179713,100.0
"Hill, Tim",2025,11.982570806100219,96.94989106753813,9.586056644880173,20.26143790849673,,,8.259599527449291,15.49319557699288,1.2143566837116724,0.49059374040411047,25.457745528557954,50.0,51.1002444987775,50.0,91.82626488095238,50.0
"Enright, Nic",2025,15.904139433551197,66.88453159041394,19.172113289760347,47.276688453159046,,,10.96274119097815,10.68856413963329,2.4287133674233448,1.1447187276095911,25.224737425644374,26.199261992619927,26.199261992619927,50.0,84.78483606557377,50.0
"Ramírez, Yohan",2025,12.418300653594772,33.551198257080614,69.93464052287581,93.4640522875817,,,8.55994860117472,5.361690154734615,8.859283987987427,2.263061447670574,25.043984191567333,20.318725099601597,20.318725099601597,75.0,67.52032520325203,75.0
"Pallante, Andre",2025,11.328976034858387,26.143790849673206,93.4640522875817,48.148148148148145,,,7.809075916861147,4.177940380312687,11.839977666188805,1.1658195336484776,24.992813497011117,48.49304982103895,48.49304982103895,100.0,99.99999999999999,100.0
"Tonkin, Michael",2025,20.47930283224401,43.790849673202615,18.30065359477124,54.248366013071895,,,14.116406465095153,6.99805013702375,2.318317305267738,1.313525175920683,24.746299083307324,21.25984251968504,21.25984251968504,50.0,62.49746707193516,50.0
"Anderson, Tyler",2025,27.886710239651418,27.886710239651418,6.1002178649237475,10.457516339869281,,,19.222340718427443,4.456469739000199,0.7727724350892461,0.25320967246663767,24.704792564983524,46.040176393166156,46.040176393166156,75.0,94.85440777253893,75.0
"Pressly, Ryan",2025,7.625272331154684,76.68845315904139,36.165577342047925,96.51416122004358,,,5.256108790195003,12.255291782250545,4.581436579457672,2.336914268806677,24.4297514207099,23.371647509578544,23.371647509578544,100.0,58.17569786535304,100.0
"Holton, Tyler",2025,21.13289760348584,47.930283224400874,9.803921568627452,39.433551198257085,,,14.566930075683295,7.659557363906592,1.241955699250574,0.954811473259613,24.423254612100077,28.503472380485213,28.503472380485213,100.0,81.05555555555554,100.0
"Birdsong, Hayden",2025,15.250544662309368,1.5250544662309369,89.32461873638344,91.50326797385621,,,10.512217580390006,0.2437131888515734,11.315596370949674,2.2155846340830796,24.287111774274333,30.000741125027794,30.000741125027794,100.0,87.225156161272,100.0
"Curtiss, John",2025,19.607843137254903,49.01960784313725,13.725490196078432,31.590413943355124,,,13.515708317644295,7.833638213086286,1.7387379789508037,0.7649042189096347,23.852988728591022,24.52830188679245,24.52830188679245,50.0,81.99346405228758,50.0
"Vargas, Carlos",2025,27.450980392156865,4.793028322440087,28.75816993464052,19.825708061002178,,,18.921991644702015,0.7659557363906591,3.643070051135017,0.48004333738466726,23.811060769612357,41.661463825176156,41.661463825176156,75.0,88.43198159332758,75.0
"Yarbrough, Ryan",2025,8.278867102396514,85.83877995642702,30.065359477124183,22.875816993464053,,,5.706632400783146,13.717570915359987,3.808664144368427,0.5538961585207699,23.786763619032335,20.634920634920636,20.634920634920636,100.0,70.2684365781711,100.0
"Kolek, Stephen",2025,13.071895424836603,56.644880174291934,37.908496732026144,17.429193899782135,,,9.010472211762863,9.052204157344153,4.802228703768886,0.42201612077772943,23.286921193653633,30.02908081635588,30.02908081635588,100.0,88.36532385466035,100.0
"Barnett, Mason",2025,10.675381263616558,27.450980392156865,73.42047930283225,91.28540305010894,,,7.358552306273005,4.386837399328321,9.300868236609855,2.210309432573358,23.256567374784538,20.318725099601597,20.318725099601597,75.0,56.49354005167959,75.0
"Green, Chad",2025,7.8431372549019605,85.62091503267973,21.13289760348584,54.68409586056645,,,5.406283327057717,13.682754745524047,2.6771045072734596,1.3240755789401262,23.09021815879535,28.982582043806538,28.982582043806538,50.0,100.0,50.0
"Hernández, Carlos",2025,4.793028322440087,44.226579520697165,96.07843137254902,21.13289760348584,,,3.3038398109797162,7.067682476695627,12.171165852655626,0.511694546442997,23.054382686773966,31.27147766323024,31.27147766323024,100.0,74.06541218637994,100.0
"Pilkington, Konnor",2025,24.836601307189543,8.932461873638346,21.78649237472767,42.91938997821351,,,17.11989720234944,1.4274629632735014,2.7599015538901646,1.0392146974151588,22.34647641692826,23.371647509578544,23.371647509578544,75.0,72.06533333333331,75.0
"García, Luis",2025,3.7037037037037033,57.9520697167756,77.12418300653596,31.154684095860567,,,2.552967126666144,9.261101176359787,9.770051500771183,0.7543538158901913,22.338473619687306,31.97278911564626,31.97278911564626,75.0,90.92241715399611,75.0
"Kelly, Kevin",2025,1.0893246187363834,90.41394335511983,40.74074074074074,76.25272331154684,,,0.7508726843135719,14.448710481914707,5.161015905774607,1.8463205284025663,22.206919600405453,31.97278911564626,31.97278911564626,100.0,71.24773242630386,100.0
"Graceffo, Gordon",2025,5.664488017429194,56.86274509803921,59.912854030501094,64.92374727668845,,,3.9045379584305735,9.087020327180092,7.589729273197953,1.572010049897042,22.15329760870566,28.57142857142857,28.57142857142857,75.0,81.43724137931035,75.0
"Reynolds, Sean",2025,12.636165577342048,12.636165577342048,68.40958605664488,83.00653594771242,,,8.710123138037433,2.0193378504844652,8.666090879215117,2.0098517752039364,21.405403642940954,18.367346938775512,18.367346938775512,75.0,66.66952789699572,75.0
"Booser, Cam",2025,12.200435729847495,14.814814814814813,71.45969498910677,59.694989106753816,,,8.409774064312005,2.3674995488438553,9.052477096759741,1.4454052136637234,21.275155923579323,21.568627450980397,21.568627450980397,75.0,68.53237410071942,75.0
"Hancock, Emerson",2025,6.318082788671024,48.80174291938998,68.84531590413944,15.032679738562091,,,4.355061569018717,7.798822043250349,8.721288910292921,0.36398890417079166,21.23916142673278,34.55390200204234,34.55390200204234,100.0,91.8468047205522,100.0
"Long, Sam",2025,9.803921568627452,15.250544662309368,82.13507625272331,52.723311546840954,,,6.7578541588221475,2.437131888515734,10.40482885816592,1.2765987653526314,20.876413670856433,20.318725099601597,20.318725099601597,100.0,64.25364181662381,100.0
"Gonsolin, Tony",2025,12.854030501089325,33.769063180827885,33.551198257080614,96.94989106753813,,,8.86029767490015,5.396506324570553,4.250248392990854,2.34746467182612,20.854517064287677,21.25984251968504,21.25984251968504,100.0,58.46031746031746,100.0
"Nicolas, Kyle",2025,11.11111111111111,7.8431372549019605,78.86710239651417,74.07407407407408,,,7.658901379998433,1.253382114093806,9.990843625082396,1.7935685133053503,20.696695632479983,28.825622775800717,28.825622775800717,75.0,77.19619928094504,75.0
"Brown, McCade",2025,9.368191721132897,19.172113289760347,72.54901960784314,81.69934640522875,,,6.4575050850967175,3.0638229455626362,9.190472174454248,1.9782005661456066,20.69000077125921,19.35483870967742,19.35483870967742,75.0,69.98238195912614,75.0
"Morales, Luis",2025,7.18954248366013,12.200435729847495,93.89978213507625,72.98474945533769,,,4.955759716469574,1.9497055108125871,11.895175697266609,1.7671925057567421,20.567833430305512,31.03448275862069,31.03448275862069,100.0,78.15110565110565,100.0
"Knack, Landon",2025,10.893246187363834,29.411764705882355,44.88017429193899,97.1677559912854,,,7.508726843135719,4.700182927851772,5.685397201013738,2.3527398733358416,20.24704684533707,23.954372623574145,23.954372623574145,100.0,73.40780619111709,100.0
"Seymour, Carson",2025,10.239651416122005,38.56209150326798,50.326797385620914,23.74727668845316,,,7.0582032325475765,6.1624620609612135,6.37537258948628,0.5749969645596563,20.171034847554726,23.371647509578544,23.371647509578544,100.0,61.18806306306307,100.0
"Rutledge, Jackson",2025,18.082788671023962,11.982570806100219,42.91938997821351,5.228758169934641,,,12.464486559605291,1.914889340976648,5.437006061163625,0.12660483623331883,19.942986797978882,28.01634174771776,28.01634174771776,100.0,85.98481453821262,100.0
"Alvarado, José",2025,7.4074074074074066,54.46623093681917,31.808278867102395,45.09803921568628,,,5.105934253332288,8.704042458984764,4.02945626867964,1.091966712512375,18.931399693509064,22.17898832684825,22.17898832684825,50.0,79.56964006259781,50.0
"Bido, Osvaldo",2025,17.21132897603486,26.361655773420477,22.004357298474943,1.9607843137254901,,,11.863788412154436,4.212756550148625,2.7875005694290658,0.04747681358749456,18.91152234531962,33.24745351345335,33.24745351345335,100.0,85.13981615868408,100.0
"Dana, Caden",2025,18.30065359477124,13.507625272331156,24.618736383442265,41.17647058823529,,,12.614661096468007,2.1586025298282214,3.1186887558958856,0.9970130853373858,18.8889654675295,16.666666666666664,16.666666666666664,75.0,64.41972920696325,75.0
"Giolito, Lucas",2025,20.043572984749456,4.57516339869281,30.28322440087146,17.647058823529413,,,13.816057391369723,0.7311395665547201,3.836263159907329,0.4272913222874511,18.810751440119226,47.35373225038191,47.35373225038191,75.0,97.48260808336853,75.0
"Gomber, Austin",2025,15.032679738562091,36.38344226579521,13.28976034858388,36.165577342047925,,,10.362043043527292,5.814300362601823,1.6835399478730004,0.8756834506137885,18.735566804615903,25.97661978519253,25.97661978519253,100.0,78.75101289134439,100.0
"Senzatela, Antonio",2025,0.2178649237472767,50.54466230936819,81.91721132897604,4.357298474945534,,,0.1501745368627144,8.077351401937861,10.377229842627019,0.10550403019443236,18.710259811622024,50.623159830361736,50.623159830361736,100.0,96.7713004484305,100.0
"Hicks, Jordan",2025,2.3965141612200433,24.836601307189543,94.77124183006535,30.065359477124183,,,1.6519199054898581,3.9690433612970524,12.005571759422214,0.7279778083415833,18.35451283455071,40.65281899109792,40.65281899109792,100.0,82.1665276619405,100.0
"Cortes, Nestor",2025,9.586056644880173,58.605664488017425,7.625272331154684,54.46623093681917,,,6.6076796219594325,9.365549685867604,0.9659655438615575,1.3188003774304045,18.257995229118997,20.634920634920636,20.634920634920636,100.0,60.26867335562987,100.0
"Carrasco, Carlos",2025,8.49673202614379,47.712418300653596,33.11546840958606,10.675381263616558,,,5.856806937645861,7.624741194070653,4.19505036191305,0.2584848739763593,17.935083367605927,20.318725099601597,20.318725099601597,100.0,55.27627627627627,100.0
"Fedde, Erick",2025,8.714596949891067,56.209150326797385,19.825708061002178,9.368191721132897,,,6.006981474508575,8.982571817672275,2.5115104140400497,0.22683366491802956,17.72789737113893,40.98263401869563,40.98263401869563,100.0,99.24204997160705,100.0
"Soriano, José",2025,1.3071895424836601,28.9760348583878,87.58169934640523,32.89760348583878,,,0.9010472211762863,4.630550588179894,11.094804246638462,0.7965554279679643,17.422957483962605,56.58825920656332,56.58825920656332,100.0,94.22987262677242,100.0
"Chivilli, Angel",2025,13.725490196078432,21.568627450980394,34.20479302832244,7.4074074074074066,,,9.460995822351007,3.4468008137579664,4.333045439607559,0.179356851330535,17.420198927047068,33.861647399907696,33.861647399907696,75.0,92.93574690150032,75.0
"Peralta, Luis",2025,8.932461873638346,18.30065359477124,50.108932461873636,80.3921568627451,,,6.15715601137129,2.9245582662188805,6.347773573947378,1.946549357087277,17.376037208624826,23.954372623574145,23.954372623574145,50.0,83.19561815336463,50.0
"Molina, Anthony",2025,3.2679738562091507,34.85838779956427,65.57734204793029,17.86492374727669,,,2.252618052940716,5.570587173750249,8.307303677209395,0.43256652379717275,16.563075427697534,28.31541218637993,28.31541218637993,100.0,60.24492234169654,100.0
"King, John",2025,4.139433551198257,67.3202614379085,11.11111111111111,8.714596949891067,,,2.853316200391573,10.758196479305168,1.407549792483984,0.21100806038886472,15.23007053256959,37.88819875776397,37.88819875776397,75.0,80.03117835855112,75.0
"Alexander, Scott",2025,6.971677559912854,45.969498910675384,14.814814814814813,45.53376906318083,,,4.805585179606861,7.346211835383141,1.8767330566453118,1.102517115531818,15.131047187167132,20.634920634920636,20.634920634920636,50.0,56.80421313506815,50.0
"Lazar, Max",2025,1.9607843137254901,24.18300653594771,58.82352941176471,58.16993464052288,,,1.3515708317644293,3.864594851789235,7.451734195503445,1.408478803095672,14.076378682152782,29.82456140350877,29.82456140350877,75.0,77.57973333333334,75.0
"Hanifee, Brenan",2025,4.357298474945534,45.751633986928105,25.272331154684096,18.51851851851852,,,3.0034907372542876,7.311395665547201,3.201485802512591,0.44839212832633757,13.964764333640419,43.66197183098591,43.66197183098591,75.0,84.97522768670311,75.0
"Ureña, José",2025,1.5250544662309369,57.08061002178649,29.193899782135073,0.2178649237472767,,,1.0512217580390006,9.121836497016032,3.69826808221282,0.005275201509721618,13.876601538777575,29.82456140350877,29.82456140350877,100.0,81.50665188470067,100.0
"Vodnik, Victor",2025,2.178649237472767,12.854030501089325,71.0239651416122,49.01960784313725,,,1.5017453686271438,2.054154020320404,8.997279065681935,1.186920339687364,13.740098794316847,34.21052631578947,34.21052631578947,75.0,86.2385884158036,75.0
"Blalock, Bradley",2025,0.4357298474945534,23.52941176470588,69.49891067538127,21.568627450980394,,,0.3003490737254288,3.7601463422814176,8.804085956909626,0.5222449494624403,13.386826322378912,38.2716049382716,38.2716049382716,100.0,71.82252339464344,100.0
"Stroman, Marcus",2025,3.9215686274509802,61.22004357298475,0.2178649237472767,18.082788671023962,,,2.7031416635288585,9.783343723898874,0.027599015538901647,0.43784172530689425,12.951926128273529,25.0936329588015,25.0936329588015,100.0,61.10702341137124,100.0
"Falter, Bailey",2025,0.8714596949891068,35.72984749455338,51.19825708061002,1.5250544662309369,,,0.6006981474508576,5.709851853094006,6.485768651641886,0.03692641056805133,12.8332450627548,47.33049459547985,47.33049459547985,100.0,90.24439848328163,100.0
"Salazar, Eduardo",2025,6.1002178649237475,31.154684095860567,18.954248366013072,35.72984749455338,,,4.204887032156003,4.9787122865392845,2.401114351884443,0.8651330475943455,12.449846718174076,22.17898832684825,22.17898832684825,75.0,64.62756052141526,75.0
"Palmquist, Carson",2025,2.6143790849673203,19.825708061002178,52.505446623093675,22.004357298474943,,,1.8020944423525727,3.1682714550704536,6.651362744875295,0.5327953524818834,12.154523994780206,30.069930069930063,30.069930069930063,75.0,82.36666666666666,75.0
"Bellozo, Valente",2025,3.0501089324618738,39.869281045751634,12.854030501089325,64.70588235294117,,,2.1024435160780013,6.3713590799768465,1.6283419167951971,1.5667348483873205,11.668879361237364,32.790994584149175,32.790994584149175,100.0,86.00077041602465,100.0
"Kochanowicz, Jack",2025,1.7429193899782136,3.0501089324618738,72.98474945533769,25.70806100217865,,,1.2013962949017152,0.4874263777031468,9.24567020553205,0.6224737781471509,11.556966656284064,42.94371596324167,42.94371596324167,100.0,93.21115895227844,100.0
"Jansen, Kenley",2025,3.485838779956427,34.64052287581699,15.904139433551197,50.54466230936819,,,2.4027925898034304,5.535771003914309,2.01472813433982,1.2238467502554153,11.177138478312976,43.66197183098591,43.66197183098591,75.0,87.82103174603175,75.0
"Myers, Tobias",2025,4.57516339869281,30.065359477124183,20.26143790849673,6.318082788671024,,,3.1536652741170017,4.804631437359589,2.566708445117853,0.15298084378192692,10.67798600037637,31.74061433447099,31.74061433447099,100.0,73.22034579815038,100.0
"Gil, Luis",2025,6.753812636165578,9.586056644880173,23.311546840958606,44.226579520697165,,,4.655410642744147,1.5319114727813181,2.953094662662476,1.0708659064734884,10.211282684661429,31.474396400815984,31.474396400815984,75.0,91.72134905042567,75.0
"Márquez, Germán",2025,5.446623093681917,13.28976034858388,20.915032679738562,2.832244008714597,,,3.7543634215678594,2.1237863599922826,2.649505491734558,0.06857761962638104,8.596232892921082,44.34306724846014,44.34306724846014,100.0,97.11853307138179,100.0
"Parker, Mitchell",2025,0.6535947712418301,16.33986928104575,26.57952069716776,22.440087145969496,,,0.45052361058814316,2.611212737695429,3.367079895746001,0.5433457555013266,6.9721619995309,50.98230677441762,50.98230677441762,100.0,99.44004929143563,100.0
