player_name,season,pitcher_effectiveness,pitcher_command,trusted_velocity_score,trusted_movement_score,trusted_tunneling_score,raw_tunneling_score,pitcher_effectiveness_contribution,pitcher_command_contribution,trusted_velocity_score_contribution,trusted_movement_score_contribution,paom_score,paom_confidence,effectiveness_confidence,movement_confidence,command_confidence,velocity_confidence
"deGrom, Jacob",2022,98.73417721518987,99.15611814345992,99.36708860759494,39.87341772151899,,,71.9236963302658,3.3610936419752813,20.76852032996386,1.1418560225025922,97.19516632470754,32.761473076065364,32.761473076065364,100.0,89.55389718076285,100.0
"Crismatt, Nabil",2022,99.15611814345992,60.970464135021096,77.63713080168776,96.41350210970464,,,72.23106255389942,2.066715026661396,16.226784461627812,2.7609957792787543,93.28555782146739,43.342776203966,43.342776203966,100.0,85.30618686868686,100.0
"Cole, Gerrit",2022,94.72573839662446,53.79746835443038,96.62447257383965,78.05907172995781,,,69.00371720574645,1.8235720823482906,20.19529153104766,2.2353795149521645,93.25796033409458,52.22160612653143,52.22160612653143,100.0,98.36141966946629,100.0
"McClanahan, Shane",2022,94.9367088607595,41.139240506329116,95.14767932489451,90.084388185654,,,69.15740031756327,1.39449629826634,19.88662987009278,2.5797487915799304,93.01827527750233,43.61475944024397,43.61475944024397,100.0,100.0,100.0
"Cease, Dylan",2022,98.94514767932489,14.978902953586498,86.28691983122363,80.37974683544303,,,72.0773794420826,0.5077396778303084,18.03465990436352,2.301836743775066,92.92161576805151,52.470335044985625,52.470335044985625,75.0,98.1659125188537,75.0
"Ohtani, Shohei",2022,93.45991561181435,45.358649789029535,100.0,73.52320675105484,,,68.08161853484563,1.5375215596269902,20.90080389894452,2.1054858404346737,92.62542983385181,44.7315627795089,44.7315627795089,100.0,92.75057054638208,100.0
"Leiter Jr., Mark",2022,96.83544303797468,30.37974683544304,86.49789029535864,91.77215189873418,,,70.54054832391454,1.029781881796682,18.078754427357072,2.62808132163295,92.27716595470123,26.32551110364804,26.32551110364804,100.0,71.03806015960713,100.0
"Rodón, Carlos",2022,95.35864978902954,73.62869198312237,83.75527426160338,81.22362869198312,,,69.4647665411969,2.495790810743347,17.505525628440875,2.3260030088015764,91.7920859891827,59.07307830972033,59.07307830972033,75.0,95.764631043257,75.0
"Burnes, Corbin",2022,94.30379746835443,67.72151898734177,93.67088607594937,37.447257383966246,,,68.69635098211285,2.2955554448384365,19.577968209137904,1.0723780105513763,91.64225264664057,52.09086883982975,52.09086883982975,100.0,97.39280818306442,100.0
"Pressly, Ryan",2022,99.36708860759494,86.07594936708861,65.82278481012658,78.37552742616035,,,72.38474566571622,2.917715331757265,13.757491173988797,2.244441864337106,91.30439403579939,27.27272727272727,27.27272727272727,75.0,88.33084267330842,75.0
"Duran, Jhoan",2022,93.88185654008439,79.53586497890295,89.45147679324894,45.9915611814346,,,68.38898475847924,2.696026176648257,18.696077749266827,1.3170614439447887,91.09815012833911,27.944048892343474,27.944048892343474,75.0,92.63963963963964,75.0
"Thielbar, Caleb",2022,92.19409282700421,80.59071729957806,87.13080168776372,96.20253164556962,,,67.15951986394477,2.7317824919884197,18.211037996337737,2.754954213022127,90.85729456529306,29.951751275740758,29.951751275740758,75.0,91.53153153153153,75.0
"Muñoz, Andrés",2022,99.57805907172997,56.75105485232067,69.62025316455697,53.69198312236287,,,72.53842877753304,1.9236897653007456,14.55119258787277,1.5375786123116915,90.55088974301826,38.73190965134375,38.73190965134375,50.0,99.99999999999999,50.0
"Ottavino, Adam",2022,97.67932489451476,32.06751054852321,80.0632911392405,53.37552742616034,,,71.15528077118176,1.086991986340942,16.733871476053682,1.5285162629267504,90.50466049650313,31.95619171546302,31.95619171546302,100.0,83.9008607895518,100.0
"Nola, Aaron",2022,97.46835443037975,99.57805907172997,64.55696202531645,88.60759493670885,,,71.00159765936496,3.3753961681113465,13.492924036027475,2.5374578277835376,90.40737569128733,47.87388137578857,47.87388137578857,100.0,98.53833049403748,100.0
"Sandlin, Nick",2022,98.31223628691983,21.518987341772153,80.59071729957806,40.822784810126585,,,71.61633010663219,0.7294288329393163,16.844107783537567,1.1690430706574158,90.35890979376649,24.24242424242424,24.24242424242424,100.0,76.35357450473731,100.0
"Ashby, Aaron",2022,92.40506329113924,12.447257383966246,96.20253164556962,87.55274261603375,,,67.31320297576158,0.4219245210139183,20.10710248506055,2.5072499965004007,90.34947997833646,36.89775739060543,36.89775739060543,100.0,94.79321973730919,100.0
"Abreu, Bryan",2022,97.8902953586498,8.649789029535865,80.0632911392405,60.12658227848101,,,71.30896388299858,0.29320178578933304,16.733871476053682,1.7218463831388293,90.05788352798042,35.90541441034321,35.90541441034321,75.0,94.00359911406423,75.0
"Helsley, Ryan",2022,93.67088607594937,3.79746835443038,91.35021097046413,56.75105485232067,,,68.23530164666244,0.12872273522458524,19.092928456208814,1.6251813230327896,89.08213416112862,34.19405017499854,34.19405017499854,75.0,93.14070351758794,75.0
"Almonte, Yency",2022,97.0464135021097,77.21518987341773,66.45569620253164,51.68776371308017,,,70.69423143573134,2.6173622828999,13.88977474296946,1.4801837328737306,88.68155219447443,22.17898832684825,22.17898832684825,75.0,65.62064156206415,75.0
"Castro, Miguel",2022,95.56962025316456,36.49789029535865,79.11392405063292,28.270042194092827,,,69.6184496530137,1.2371685107696246,16.53544612258269,0.8095698783880811,88.20063416475408,21.25984251968504,21.25984251968504,75.0,66.35064935064935,75.0
"Strider, Spencer",2022,96.62447257383965,54.641350210970465,66.03375527426161,62.236286919831215,,,70.38686521209772,1.8521771346204208,13.801585696982352,1.7822620457051037,87.8228900894056,50.0,54.037545530961054,50.0,97.06915339480301,50.0
"Javier, Cristian",2022,89.66244725738397,59.49367088607595,83.54430379746836,94.51476793248945,,,65.31532252214309,2.0166561851851683,17.46143110544732,2.706621682969107,87.50003149574468,55.50337423937627,55.50337423937627,75.0,95.19436164927968,75.0
"Adam, Jason",2022,95.14767932489451,12.869198312236287,68.9873417721519,95.35864978902954,,,69.31108342938008,0.4362270471499833,14.418909018892105,2.7307879479956174,86.89700744341779,25.968432912675585,25.968432912675585,75.0,100.0,75.0
"Phillips, Evan",2022,96.41350210970464,74.89451476793249,62.236286919831215,32.48945147679325,,,70.23318210028091,2.5386983891515422,13.007884283098381,0.9304012035206306,86.71016597605147,28.648140454700297,28.648140454700297,100.0,82.23848515864893,100.0
"Maton, Phil",2022,90.71729957805907,89.45147679324894,70.46413502109705,99.57805907172997,,,66.08373808122712,3.0321355408457853,14.727570679846982,2.8516192731281667,86.69506357504805,30.2374763641108,30.2374763641108,100.0,88.80974549968964,100.0
"Díaz, Edwin",2022,100.0,18.143459915611814,54.74683544303798,50.84388185654009,,,72.84579500116665,0.615008623850796,11.442528716827223,1.4560174678472206,86.35934980969189,35.910046397938316,35.910046397938316,50.0,100.0,50.0
"Cabrera, Edward",2022,92.61603375527426,44.936708860759495,78.05907172995781,29.535864978902953,,,67.46688608757839,1.5232190334909252,16.314973507614923,0.845819275927846,86.1508979046121,27.907646356492126,27.907646356492126,100.0,81.02249657064472,100.0
"Peralta, Freddy",2022,87.55274261603375,29.11392405063291,90.71729957805907,69.40928270042194,,,63.77849140397502,0.9868743033884867,18.96064488722815,1.987675298430438,85.71368589302209,38.83792048929664,38.83792048929664,100.0,80.21396235406243,100.0
"Kershaw, Clayton",2022,91.77215189873418,67.51054852320675,70.25316455696202,59.07172995780591,,,66.85215364031116,2.288404181770404,14.683476156853427,1.691638551855692,85.51567253079068,44.29200886845069,44.29200886845069,75.0,100.0,75.0
"García, Yimi",2022,91.35021097046413,89.66244725738397,69.19831223628692,39.24050632911392,,,66.54478741667755,3.039286803913818,14.46300354188566,1.1237313237327096,85.17080908620973,36.30573248407643,36.30573248407643,100.0,75.15935405240705,100.0
"Williams, Devin",2022,99.78902953586498,88.18565400843882,36.49789029535865,60.970464135021096,,,72.69211188934985,2.98922796243759,7.628352477884815,1.7460126481653393,85.05570497783759,32.63164440914963,32.63164440914963,50.0,100.0,50.0
"Barlow, Scott",2022,90.29535864978902,76.16033755274262,72.78481012658227,49.68354430379747,,,65.7763718575935,2.581605967559737,15.212610432776072,1.4227888534357696,84.99337711136509,30.60638889702222,30.60638889702222,75.0,98.95840312674484,75.0
"Clase, Emmanuel",2022,98.10126582278481,58.438818565400844,51.26582278481012,25.949367088607595,,,71.46264699481539,1.980899869845006,10.714969087433582,0.743112649565179,84.90162860165916,38.948921155806715,38.948921155806715,50.0,100.0,50.0
"Schmidt, Clarke",2022,91.56118143459916,77.63713080168776,55.16877637130801,94.72573839662446,,,66.69847052849435,2.6316648090359647,11.530717762814328,2.7126632492257343,83.57351634957038,26.199261992619927,26.199261992619927,100.0,83.02065182316876,100.0
"Fried, Max",2022,80.16877637130801,61.60337552742617,98.94514767932489,60.337552742616026,,,58.39958249038676,2.088168815865494,20.68033128397675,1.7278879493954566,82.89597053962446,41.477445328717295,41.477445328717295,100.0,100.0,100.0
"Wheeler, Zack",2022,79.53586497890295,94.72573839662446,93.45991561181435,76.58227848101265,,,57.93853315493634,3.210917117546598,19.533873686144354,2.193088551155772,82.87641250978305,45.739238371585344,45.739238371585344,100.0,100.0,100.0
"Gallen, Zac",2022,89.24050632911393,70.042194092827,60.86497890295358,94.9367088607595,,,65.00795629850948,2.3742193385867942,12.721269883640282,2.7187048154823623,82.82215033621893,45.07960550251748,45.07960550251748,100.0,100.0,100.0
"Sandoval, Patrick",2022,85.86497890295358,29.324894514767934,81.43459915611815,63.81856540084389,,,62.54902650944056,0.9940255664565193,17.020485875511785,1.8275737926298103,82.39111174403867,41.35961687216717,41.35961687216717,100.0,97.74911708774789,100.0
"Doval, Camilo",2022,86.91983122362869,10.337552742616033,83.33333333333334,29.746835443037973,,,63.31744206852459,0.3504118903335931,17.417336582453768,0.8518608421844734,81.93705138349644,30.188113003286382,30.188113003286382,75.0,98.8836026331538,75.0
"Stephan, Trevor",2022,90.50632911392405,48.10126582278481,61.39240506329114,44.51476793248945,,,65.93005496941032,1.6304879795114129,12.831506191124168,1.2747704801483963,81.66681962019429,29.54635133131295,29.54635133131295,75.0,98.14834998486225,75.0
"Castillo, Luis",2022,88.39662447257383,42.616033755274266,74.26160337552743,9.282700421940929,,,64.39322385124224,1.4445551397425678,15.521272093730952,0.26582891529160874,81.62488000000737,42.526930416307074,42.526930416307074,100.0,100.0,100.0
"Lange, Alex",2022,93.0379746835443,24.261603375527425,57.80590717299579,23.20675105485232,,,67.77425231121201,0.8223952528237389,12.081899300233754,0.6645722882290218,81.34311915249853,31.909875589817283,31.909875589817283,75.0,94.06615776081426,75.0
"Hentges, Sam",2022,79.74683544303798,22.151898734177212,92.82700421940928,75.0,,,58.092216266753155,0.7508826221434137,19.40159011716369,2.147776804231066,80.39246581029133,24.548270767184654,24.548270767184654,100.0,88.71701063164478,100.0
"Scott, Tanner",2022,95.78059071729957,22.78481012658228,36.708860759493675,65.40084388185655,,,69.7721327648305,0.7723364113475114,7.6724470008783685,1.8728855395545163,80.08980171661089,38.079103360957646,38.079103360957646,50.0,100.0,50.0
"Bush, Matt",2022,78.27004219409282,62.65822784810127,88.81856540084388,65.82278481012658,,,57.01643448403549,2.1239251312056564,18.563794180286166,1.884968672067771,79.58912246759509,29.809470802201577,29.809470802201577,75.0,91.73428886438809,75.0
"Bass, Anthony",2022,96.20253164556962,57.383966244725734,30.590717299578056,36.91983122362869,,,70.07949898846411,1.9451435545048432,6.393705834065306,1.0572740949098074,79.47562247194405,35.00812305859641,35.00812305859641,75.0,93.19830795262267,75.0
"Nance, Tommy",2022,97.25738396624473,44.303797468354425,19.62025316455696,87.76371308016878,,,70.84791454754816,1.5017652442868274,4.100790638400507,2.5132915627570283,78.96376199299253,22.779922779922774,22.779922779922774,100.0,71.95558546433378,100.0
"Kirby, George",2022,74.47257383966245,96.83544303797468,91.9831223628692,66.45569620253164,,,54.25013847133297,3.282429748226923,19.225212025189474,1.9030933708376534,78.66087361558702,39.524238975501774,39.524238975501774,100.0,91.18506928922665,100.0
"Swanson, Erik",2022,94.51476793248945,73.83966244725738,28.270042194092827,46.20253164556962,,,68.85003409392965,2.5029420738113792,5.908666081136214,1.3231030102014163,78.58474525907867,26.613920421969958,26.613920421969958,75.0,85.2618501529052,75.0
"Marinaccio, Ron",2022,82.27848101265823,3.375527426160337,75.84388185654008,93.0379746835443,,,59.93641360855484,0.11442020908852019,15.851981016182604,2.664330719172715,78.56714555299867,21.618962050228895,21.618962050228895,75.0,88.77088830255057,75.0
"Brogdon, Connor",2022,88.60759493670885,64.55696202531645,52.320675105485236,24.47257383966245,,,64.54690696305904,2.188286498817949,10.935441702401354,0.7008216857687867,78.37145685004712,27.912628466020557,27.912628466020557,75.0,89.26585858585858,75.0
"Quijada, José",2022,95.9915611814346,62.869198312236286,24.47257383966245,35.44303797468354,,,69.9258158766473,2.1310763942736886,5.114964667252246,1.0149831311134152,78.18684006928666,36.90851735015773,36.90851735015773,50.0,91.61698956780924,50.0
"Hader, Josh",2022,84.81012658227847,3.1645569620253164,67.40506329113924,70.46413502109705,,,61.78061095035652,0.10726894602048768,14.088200096440453,2.0178831297135753,77.99396312253104,34.14963679800988,34.14963679800988,50.0,98.3012048192771,50.0
"McCullers Jr., Lance",2022,94.09282700421942,52.742616033755276,23.523206751054854,87.34177215189874,,,68.54266787029604,1.7878157670081283,4.916539313781254,2.501208430243773,77.7482313813292,24.24242424242424,24.24242424242424,100.0,70.49786324786325,100.0
"Woodruff, Brandon",2022,76.16033755274262,99.36708860759494,82.27848101265823,38.39662447257383,,,55.479603365867426,3.3682449050433134,17.196863967486,1.0995650587061996,77.14427729710295,44.087949888659885,44.087949888659885,100.0,99.47412660887838,100.0
"Jax, Griffin",2022,90.084388185654,68.77637130801688,33.12236286919831,77.21518987341773,,,65.6226887457767,2.331311760178599,6.922840109987953,2.2112132499256547,77.0880538658689,34.841095192478434,34.841095192478434,75.0,93.14303141201587,75.0
"Greene, Hunter",2022,81.22362869198312,32.48945147679325,78.48101265822784,13.080168776371309,,,59.1679980494708,1.101294512477007,16.403162553602026,0.37457710791090326,77.04703222346075,52.13777600766249,52.13777600766249,75.0,96.78727272727272,75.0
"Okert, Steven",2022,89.0295358649789,35.0210970464135,41.35021097046413,74.0506329113924,,,64.85427318669267,1.1871096692933971,8.642526506736552,2.1205897560762423,76.80449911879884,32.752339223522235,32.752339223522235,50.0,100.0,50.0
"Stripling, Ross",2022,77.42616033755274,92.82700421940928,73.94514767932489,50.210970464135016,,,56.40170203676827,3.146555749934305,15.45513030924062,1.437892769077338,76.44128086502053,41.773232880193056,41.773232880193056,100.0,93.0371819960861,100.0
"Graterol, Brusdar",2022,76.58227848101265,74.47257383966245,84.38818565400844,15.400843881856542,,,55.786969589501034,2.524395863015477,17.637809197421536,0.44103433673380543,76.39020898667185,27.536231884057973,27.536231884057973,100.0,68.99122807017544,100.0
"Musgrove, Joe",2022,88.81856540084388,78.48101265822784,35.44303797468354,55.06329113924051,,,64.70059007487586,2.6602698613080946,7.407879862917045,1.57684879297977,76.34558859208077,41.021417416655176,41.021417416655176,100.0,95.74155982905982,100.0
"Iglesias, Raisel",2022,85.44303797468355,76.79324894514767,49.57805907172996,28.059071729957807,,,62.24166028580695,2.6030597567638343,10.362212903485153,0.8035283121314537,76.01046125818739,28.069149442132964,28.069149442132964,100.0,84.52508250825082,100.0
"Raley, Brooks",2022,98.52320675105484,67.29957805907173,1.89873417721519,43.24894514767932,,,71.770013218449,2.281252918702372,0.3968507069419846,1.2385210826086315,75.68663792670199,31.506849315068493,31.506849315068493,100.0,74.72989851678376,100.0
"Bickford, Phil",2022,86.07594936708861,93.0379746835443,39.029535864978904,54.85232067510548,,,62.70270962125737,3.153707013002338,8.157486753807461,1.5708072267231425,75.58471061479031,35.33114869174855,35.33114869174855,50.0,100.0,50.0
"Diekman, Jake",2022,78.05907172995781,1.0548523206751055,80.80168776371308,62.65822784810127,,,56.86275137221869,0.03575631534016256,16.88820230653112,1.794345178218359,75.58105517230834,28.817509372783462,28.817509372783462,75.0,97.6701983156751,75.0
"Urías, Julio",2022,84.59915611814345,79.32489451476793,41.561181434599156,89.0295358649789,,,61.626927838539714,2.6888749135802246,8.686621029730107,2.5495409602967927,75.55196474214684,52.17875646928111,52.17875646928111,75.0,100.0,75.0
"Festa, Matt",2022,90.92827004219409,54.008438818565395,25.105485232067508,77.42616033755274,,,66.23742119304393,1.830723345416323,5.247248236232906,2.217254816182282,75.53264759087543,31.959054420018287,31.959054420018287,50.0,100.0,50.0
"Lugo, Seth",2022,73.62869198312237,30.801687763713083,85.86497890295358,97.8902953586498,,,53.63540602406574,1.044084407932747,17.94647085837641,2.8032867430751467,75.42924803345005,24.852890668065115,24.852890668065115,100.0,89.30270591733571,100.0
"Vesia, Alex",2022,89.45147679324894,48.9451476793249,29.746835443037973,68.9873417721519,,,65.16163941032629,1.659093031783543,6.217327742091091,1.975592165917183,75.0136523501181,33.25699745547074,33.25699745547074,50.0,100.0,50.0
"Minter, A.J.",2022,84.17721518987342,75.9493670886076,45.14767932489451,57.80590717299579,,,61.31956161490611,2.5744547044917048,9.43622792062052,1.6553891543159274,74.98563339433426,32.50590549625919,32.50590549625919,75.0,94.23830538393646,75.0
"Manoah, Alek",2022,83.33333333333334,24.050632911392405,57.383966244725734,43.88185654008439,,,60.70482916763888,0.8152439897557064,11.993710254246643,1.2566457813785141,74.77042919301974,47.66444577875722,47.66444577875722,100.0,100.0,100.0
"Luzardo, Jesús",2022,75.31645569620254,57.17299578059072,85.44303797468355,3.5864978902953584,,,54.864870918600204,1.9379922914368108,17.858281812389304,0.102706626362667,74.76385164878899,29.435644660489867,29.435644660489867,100.0,100.00000000000001,100.0
"Schreiber, John",2022,80.37974683544303,61.81434599156118,62.0253164556962,34.59915611814346,,,58.55326560220357,2.0953200789335265,12.963789760104827,0.9908168660869053,74.60319230732883,25.40249322190234,25.40249322190234,100.0,90.82516339869281,100.0
"Morton, Charlie",2022,73.41772151898735,46.62447257383967,82.70042194092827,75.9493670886076,,,53.481722912248934,1.5804291380351854,17.285053013473103,2.17496385238589,74.52216891614312,50.042372298782226,50.042372298782226,100.0,97.65161801312513,100.0
"Cobb, Alex",2022,82.91139240506328,88.60759493670885,45.78059071729958,50.42194092827004,,,60.39746294400525,3.003530488573655,9.568511489601184,1.4439343353339655,74.41343925751404,52.72547887392898,52.72547887392898,75.0,100.0,75.0
"Suarez, Robert",2022,82.70042194092827,47.04641350210971,59.70464135021098,1.6877637130801686,,,60.243779832188444,1.5947316641712503,12.478750007175737,0.04833253005301977,74.36559403358845,23.763594448306876,23.763594448306876,100.0,78.1616395978345,100.0
"Snell, Blake",2022,74.68354430379746,26.371308016877638,81.64556962025317,68.35443037974683,,,54.40382158314977,0.8939078835040641,17.06458039850534,1.9574674671473005,74.31977733230647,48.444887146311245,48.444887146311245,75.0,97.22209695603156,75.0
"Bellatti, Andrew",2022,92.82700421940928,29.746835443037973,21.308016877637133,37.447257383966246,,,67.62056919939519,1.0083280925925842,4.4535468223489385,1.0723780105513763,74.15482212488808,32.988684172634905,32.988684172634905,75.0,94.79003115264797,75.0
"López, Pablo",2022,79.957805907173,86.91983122362869,54.008438818565395,56.540084388185655,,,58.24589937856996,2.946320384029395,11.288197886349781,1.6191397567761623,74.09955740572529,48.08615467223146,48.08615467223146,100.0,96.7642677182605,100.0
"Alvarado, José",2022,87.76371308016878,5.274261603375527,40.92827004219409,49.15611814345991,,,63.93217451579183,0.17878157670081282,8.554337460749444,1.4076849377942007,74.0729784910363,33.893368859913465,33.893368859913465,50.0,100.0,50.0
"Leclerc, José",2022,75.52742616033755,32.70042194092827,77.84810126582279,54.219409282700425,,,55.01855403041701,1.1084457755450396,16.27087898462137,1.5526825279532603,73.95056131853669,24.18300653594772,24.18300653594772,75.0,82.35021097046413,75.0
"Stephens, Jackson",2022,67.08860759493672,66.87763713080169,95.9915611814346,94.30379746835443,,,48.87122955774472,2.2669503925663066,20.063007962066997,2.7005801167124797,73.9017680290905,22.532754168144702,22.532754168144702,100.0,84.90191897654586,100.0
"Verlander, Justin",2022,69.62025316455697,97.8902953586498,82.91139240506328,86.28691983122363,,,50.71542689954641,3.318186063567086,17.329147536466657,2.471000598960636,73.83376109854078,52.79011559735171,52.79011559735171,75.0,98.25185185185184,75.0
"Jiménez, Dany",2022,86.28691983122363,4.641350210970464,44.83122362869199,48.9451476793249,,,62.85639273307417,0.15732778749671528,9.370086136130192,1.4016433715375733,73.78545002823866,25.0936329588015,25.0936329588015,50.0,87.82089552238806,50.0
"Jansen, Kenley",2022,83.54430379746836,20.464135021097047,48.9451476793249,68.0379746835443,,,60.85851227945568,0.6936725175991537,10.229929334504492,1.9484051177623596,73.73051924932169,35.28113786620777,35.28113786620777,75.0,86.71736249171637,75.0
"Holmes, Clay",2022,76.79324894514767,1.6877637130801686,74.47257383966245,74.47257383966245,,,55.94065270131784,0.05721010454426009,15.565366616724505,2.1326728885894974,73.6959023111761,47.91666666666667,47.91666666666667,75.0,87.80847819457152,75.0
"Eflin, Zach",2022,74.0506329113924,86.28691983122363,74.68354430379746,40.29535864978903,,,53.942772247699345,2.9248665948252976,15.609461139718057,1.153939155015847,73.63103913725854,34.3157399028765,34.3157399028765,100.0,81.95207743153918,100.0
"Castillo, Diego",2022,91.9831223628692,16.244725738396625,23.839662447257385,34.38818565400844,,,67.00583675212796,0.5506472562385035,4.982681098271584,0.9847752998302778,73.52394040646833,33.84721583064887,33.84721583064887,50.0,97.41646390916463,50.0
"Bard, Daniel",2022,81.43459915611815,10.970464135021098,56.9620253164557,64.55696202531645,,,59.321681161287614,0.3718656795376907,11.905521208259538,1.848719274528006,73.44778732361286,31.50101234357979,31.50101234357979,50.0,100.0,50.0
"Loáisiga, Jonathan",2022,73.83966244725738,93.24894514767934,76.58227848101265,15.822784810126583,,,53.78908913588254,3.1608582760703707,16.006311846660044,0.45311746924706037,73.40937672786002,40.82840236686391,40.82840236686391,75.0,84.39226127085553,75.0
"Springs, Jeffrey",2022,91.13924050632912,80.37974683544303,16.244725738396625,30.485232067510548,,,66.39110430486075,2.724631228920387,3.3952782705036455,0.8730063240826696,73.38402012836744,44.59187757105867,44.59187757105867,75.0,100.0,75.0
"Montero, Rafael",2022,83.75527426160338,98.73417721518987,40.71729957805908,17.932489451476794,,,61.012195391272485,3.346791115839216,8.510242937755892,0.513533131813335,73.38276257668092,28.229204408688467,28.229204408688467,100.0,87.97628671517111,100.0
"Martin, Chris",2022,93.24894514767934,87.55274261603375,10.548523206751055,3.1645569620253164,,,67.92793542302883,2.967774173233493,2.204726149677692,0.09062349384941207,73.19105923978942,27.085164996190137,27.085164996190137,100.0,83.51626016260164,100.0
"López, Jorge",2022,68.14345991561181,43.24894514767932,94.72573839662446,79.53586497890295,,,49.639645116828746,1.466008928946665,19.798440824105672,2.2776704787485564,73.18176534862964,37.69470404984423,37.69470404984423,100.0,77.93548387096774,100.0
"Rogers, Taylor",2022,79.11392405063292,8.227848101265822,57.17299578059072,83.12236286919831,,,57.63116693130273,0.27889925965326795,11.94961573125309,2.380377105111224,72.24005902732031,35.069206108547924,35.069206108547924,50.0,100.0,50.0
"Morán, Jovani",2022,88.18565400843882,6.751054852320674,29.957805907172997,35.12658227848101,,,64.23954073942544,0.22884041817704037,6.261422265084645,1.0059207817284739,71.7357242044156,24.511476426799007,24.511476426799007,50.0,100.0,50.0
"Peralta, Wandy",2022,87.13080168776372,66.45569620253164,25.52742616033755,12.236286919831224,,,63.47112518034141,2.2526478664302414,5.335437282220014,0.35041084288439334,71.40962117187605,32.74425089756015,32.74425089756015,75.0,92.23686030428769,75.0
"Gray, Jon",2022,77.63713080168776,52.109704641350206,57.59493670886076,20.253164556962027,,,56.555385148585074,1.7663619778040305,12.037804777240197,0.5799903606362373,70.93954226426553,48.06661624294474,48.06661624294474,75.0,93.31354327998622,75.0
"McHugh, Collin",2022,87.9746835443038,76.58227848101265,13.080168776371309,51.47679324894515,,,64.08585762760863,2.5959084936958017,2.7338604256003385,1.474142166617103,70.88976871352187,37.02570496704595,37.02570496704595,50.0,100.0,50.0
"Wick, Rowan",2022,64.13502109704642,31.0126582278481,97.8902953586498,85.65400843881856,,,46.719665992309416,1.0512356710007793,20.459858669008984,2.452875900190753,70.68363623250993,40.65281899109792,40.65281899109792,100.0,85.36475164572111,100.0
"Montas, Frankie",2022,79.32489451476793,71.51898734177216,48.52320675105485,10.337552742616033,,,57.78485004311953,2.424278180063022,10.141740288517383,0.2960367465747461,70.64690525827467,40.17572295923025,40.17572295923025,100.0,97.14977910788086,100.0
"Garrett, Braxton",2022,81.64556962025317,89.0295358649789,29.11392405063291,70.25316455696202,,,59.47536427310442,3.01783301470972,6.08504417311043,2.0118415634569478,70.59008302438153,30.46136173271569,30.46136173271569,100.0,89.05318627450981,100.0
"Sewald, Paul",2022,81.85654008438819,98.10126582278481,25.31645569620253,71.72995780590718,,,59.62904738492122,3.3253373266351183,5.291342759226461,2.05413252725334,70.29985999803615,34.86470834668178,34.86470834668178,50.0,100.0,50.0
"Brash, Matt",2022,70.67510548523207,8.438818565400844,75.10548523206751,91.56118143459916,,,51.483842458630434,0.2860505227213005,15.697650185705166,2.622039755376323,70.08958292243322,25.515414382023025,25.515414382023025,75.0,96.53313744694744,75.0
"Alcantara, Sandy",2022,77.84810126582279,83.12236286919831,49.36708860759494,3.79746835443038,,,56.709068260401885,2.81759764880481,10.3181183804916,0.10874819261929448,69.95353248231758,48.488650538520915,48.488650538520915,100.0,100.0,100.0
"Lodolo, Nick",2022,71.51898734177216,85.0210970464135,65.61181434599156,33.016877637130804,,,52.09857490589767,2.8819590164171025,13.713396650995245,0.9455051191621994,69.63943569247223,32.87773240394673,32.87773240394673,100.0,95.94761904761904,100.0
"Fulmer, Michael",2022,89.87341772151899,40.29535864978903,12.236286919831224,8.438818565400844,,,65.4690056339599,1.3658912459942099,2.557482333626123,0.24166265026509884,69.63404186384533,43.50282485875706,43.50282485875706,100.0,81.11986084756482,100.0
"Wright, Kyle",2022,77.21518987341773,81.64556962025317,43.67088607594937,45.14767932489451,,,56.24801892495147,2.7675388073285827,9.127566259665645,1.2928951789182788,69.43601917086397,45.286191561992496,45.286191561992496,100.0,97.56702637889688,100.0
"Heaney, Andrew",2022,84.38818565400844,78.27004219409282,20.464135021097047,29.957805907172997,,,61.47324472672291,2.653118598240062,4.277168730374722,0.857902408441101,69.2614344637788,38.21483052424006,38.21483052424006,75.0,95.97490452809602,75.0
"Beeks, Jalen",2022,86.70886075949366,41.77215189873418,16.877637130801688,37.130801687763714,,,63.16375895670778,1.4159500874704376,3.5275618394843073,1.063315661166435,69.17058654482896,34.2475843840721,34.2475843840721,50.0,100.0,50.0
"Fleming, Josh",2022,83.96624472573839,89.24050632911393,17.51054852320675,43.459915611814345,,,61.16587850308929,3.024984277777753,3.6598454084649688,1.244562648865259,69.09527083819727,30.313588850174217,30.313588850174217,100.0,70.57452165156093,100.0
"Ferguson, Caleb",2022,67.51054852320675,76.37130801687763,68.67088607594937,86.91983122362869,,,49.17859578137833,2.5887572306277695,14.352767234401774,2.489125297730518,68.6092455441384,25.925925925925924,25.925925925925924,50.0,87.53333333333333,50.0
"Morgan, Eli",2022,67.9324894514768,87.9746835443038,71.51898734177216,40.822784810126585,,,49.48596200501194,2.982076699369558,14.948043294814754,1.1690430706574158,68.58512506985366,33.90145923013567,33.90145923013567,75.0,92.73685867170286,75.0
"Garrett, Amir",2022,85.65400843881856,3.5864978902953584,27.21518987341772,9.071729957805907,,,62.395343397623755,0.1215714721565527,5.688193466168445,0.25978734903498124,68.46489568498373,32.88590604026846,32.88590604026846,75.0,90.49178255372945,75.0
"Pérez, Cionel",2022,66.66666666666666,15.400843881856542,79.74683544303798,83.54430379746836,,,48.56386333411109,0.5220422039663735,16.667729691563352,2.3924602376244786,68.1460954672653,28.186782124003244,28.186782124003244,75.0,91.73098125689086,75.0
"Gibaut, Ian",2022,66.87763713080169,54.85232067510548,75.31645569620254,63.50210970464135,,,48.71754644592791,1.8593283976884531,15.741744708698722,1.8185114432448688,68.13713099555996,16.666666666666664,16.666666666666664,100.0,69.06358974358974,100.0
"Murfee, Penn",2022,86.49789029535864,91.56118143459916,5.274261603375527,31.223628691983123,,,63.01007584489098,3.103648171526111,1.102363074838846,0.8941518059808657,68.11023889723681,35.15897793759618,35.15897793759618,75.0,93.86593843098312,75.0
"Arano, Víctor",2022,80.80168776371308,74.68354430379746,28.059071729957807,28.902953586497894,,,58.86063182583718,2.531547126083509,5.864571558142661,0.8276945771579637,68.08444508722133,27.538604582199415,27.538604582199415,75.0,90.66953610712578,75.0
"Díaz, Alexis",2022,80.59071729957806,5.485232067510549,36.075949367088604,55.907172995780584,,,58.70694871402038,0.18593283976884534,7.540163431897706,1.6010150580062796,68.03406004369322,34.77052017982558,34.77052017982558,50.0,100.0,50.0
"Gott, Trevor",2022,66.24472573839662,69.40928270042194,72.15189873417721,81.75105485232066,,,48.25649711047748,2.3527655493826964,15.080326863795412,2.3411069244431446,68.03069644809872,21.875,21.875,100.0,73.15364583333334,100.0
"Romano, Jordan",2022,75.73839662447257,22.573839662447256,47.04641350210971,68.56540084388185,,,55.17223714223381,0.7651851482794788,9.833078627562507,1.9635090334039278,67.73400995147972,36.23721881390593,36.23721881390593,50.0,100.0,50.0
"Poche, Colin",2022,71.72995780590718,4.430379746835443,58.22784810126582,85.86497890295358,,,52.252258017714475,0.15017652442868276,12.17008834622086,2.4589174664473807,67.0314403548114,44.59833795013851,44.59833795013851,50.0,92.98014184397162,50.0
"Edwards Jr., Carl",2022,64.76793248945147,43.67088607594937,74.89451476793249,89.87341772151899,,,47.18071532775983,1.48031145508273,15.653555662711614,2.573707225323303,66.88828967087747,40.11976047904192,40.11976047904192,75.0,88.35614206581948,75.0
"Rodríguez, Joely",2022,87.34177215189874,58.86075949367089,4.641350210970464,6.751054852320674,,,63.624808292158214,1.9952023959810712,0.9700795058581845,0.19333012021207907,66.78342031420955,27.00588641393297,27.00588641393297,75.0,94.42317380352645,75.0
"Quintana, Jose",2022,75.10548523206751,98.52320675105484,34.177215189873415,51.89873417721519,,,54.711187806783386,3.339639852771183,7.143312724955721,1.486225299130358,66.68036568364064,44.08197491748263,44.08197491748263,100.0,97.5398138572906,100.0
"Skubal, Tarik",2022,60.12658227848101,41.561181434599156,97.67932489451476,36.60337552742617,,,43.79968686779007,1.408798824402405,20.415764146015427,1.0482117455248665,66.67246158373277,33.57385491845964,33.57385491845964,100.0,96.41350210970465,100.0
"Suarez, José",2022,66.03375527426161,71.72995780590718,69.83122362869199,52.109704641350206,,,48.10281399866068,2.4314294431310546,14.595287110866321,1.4922668653869853,66.62179741804503,37.04356308123796,37.04356308123796,100.0,94.37986955755332,100.0
"Floro, Dylan",2022,85.0210970464135,93.45991561181435,5.9071729957805905,8.649789029535865,,,61.93429406217333,3.1680095391384033,1.2346466438195074,0.24770421652172633,66.58465446165296,25.0936329588015,25.0936329588015,100.0,76.05146476642913,100.0
"Karinchak, James",2022,71.94092827004219,1.2658227848101267,56.75105485232067,74.26160337552743,,,52.40594112953128,0.04290757840819508,11.861426685265982,2.12663132233287,66.43690671553833,32.20338983050847,32.20338983050847,50.0,100.0,50.0
"Armstrong, Shawn",2022,73.20675105485233,78.90295358649789,41.139240506329116,56.9620253164557,,,53.32803980043213,2.6745723874441594,8.598431983743,1.6312228892894174,66.23226706090871,25.73852332699666,25.73852332699666,100.0,94.542739116619,100.0
"Richards, Garrett",2022,85.23206751054853,50.0,8.438818565400844,19.831223628691983,,,62.08797717399015,1.6948493471237054,1.7637809197421537,0.5679072281229823,66.11451466897898,23.843119688429333,23.843119688429333,75.0,78.80869565217391,75.0
"Gallegos, Giovanny",2022,78.69198312236287,2.5316455696202533,28.48101265822785,57.59493670886076,,,57.323800707669115,0.08581515681639015,5.952760604129769,1.6493475880592996,65.01172405667458,33.20062893205837,33.20062893205837,50.0,100.0,50.0
"Keller, Mitch",2022,54.85232067510548,58.22784810126582,97.0464135021097,97.25738396624473,,,39.95760907236989,1.9737486067769734,20.283480577034766,2.7851620443052645,65.00000030048689,38.777603271668696,38.777603271668696,100.0,95.07231355730283,100.0
"Lambert, Jimmy",2022,56.75105485232067,15.611814345991561,96.41350210970464,99.36708860759494,,,41.340757078721154,0.529193467034406,20.151197008054105,2.845577706871539,64.8667252606812,24.288548852671283,24.288548852671283,100.0,79.32860824742268,100.0
"Milner, Hoby",2022,82.0675105485232,85.23206751054853,5.69620253164557,30.801687763713083,,,59.782730496738026,2.8891102794851355,1.1905521208259537,0.8820686734676109,64.74446157051673,28.856141458520725,28.856141458520725,75.0,90.91280653950955,75.0
"Sanmartin, Reiver",2022,83.12236286919831,96.62447257383965,1.6877637130801686,18.565400843881857,,,60.551146055822066,3.2752784851588905,0.35275618394843067,0.5316578305832175,64.71083855551261,25.81280705225624,25.81280705225624,100.0,85.83963789201422,100.0
"Gausman, Kevin",2022,70.25316455696202,98.31223628691983,43.459915611814345,35.654008438818565,,,51.17647623499682,3.332488589703151,9.083471736672092,1.0210246973700425,64.6134612587421,57.00057122687268,57.00057122687268,75.0,100.00000000000001,75.0
"Gray, Josiah",2022,70.88607594936708,38.18565400843882,49.15611814345991,45.78059071729958,,,51.63752557044724,1.2943786153138848,10.274023857498044,1.3110198776881614,64.51694792094733,45.978210408063156,45.978210408063156,75.0,95.11007871983482,75.0
"Mayza, Tim",2022,82.48945147679325,2.320675105485232,14.345991561181433,42.82700421940928,,,60.09009672037164,0.07866389374835764,2.998427563561661,1.2264379500953766,64.39362612777704,41.690962099125365,41.690962099125365,50.0,90.4839255499154,50.0
"Domínguez, Seranthony",2022,71.30801687763713,4.219409282700422,55.16877637130801,26.371308016877638,,,51.94489179408086,0.14302526136065025,11.530717762814328,0.755195782078434,64.37383060033427,24.594417123092285,24.594417123092285,75.0,96.7948717948718,75.0
"Pagán, Emilio",2022,72.15189873417721,46.835443037974684,42.616033755274266,40.50632911392405,,,52.55962424134808,1.5875804011032177,8.907093644697877,1.1599807212724746,64.21427900842166,29.668090883219367,29.668090883219367,75.0,93.0759414877062,75.0
"Jiménez, Joe",2022,67.72151898734177,55.907172995780584,55.48523206751055,45.56962025316456,,,49.33227889319513,1.8950847130286157,11.59685954730466,1.3049783114315339,64.12920146495995,33.313015209566935,33.313015209566935,75.0,95.27219343696026,75.0
"Puk, A.J.",2022,69.83122362869199,37.76371308016878,53.79746835443038,25.21097046413502,,,50.86911001136321,1.2800760891778198,11.24410336335623,0.7219671676669828,64.11525663156425,31.022643217522823,31.022643217522823,75.0,92.7876689746126,75.0
"López, Reynaldo",2022,55.907172995780584,82.70042194092827,89.0295358649789,66.66666666666666,,,40.726024631453924,2.803295122668745,18.60788870327972,1.9091349370942807,64.04634339449667,34.179157385705295,34.179157385705295,75.0,93.82560230133046,75.0
"Moll, Sam",2022,72.57383966244726,15.18987341772152,39.345991561181435,82.70042194092827,,,52.8669904649817,0.514890940898341,8.223628538297792,2.368293972597969,63.97380391677579,27.514433279578196,27.514433279578196,50.0,100.0,50.0
"Bassitt, Chris",2022,52.742616033755276,59.28270042194092,99.57805907172997,93.45991561181435,,,38.42077795420182,2.0095049221171357,20.812614852957413,2.67641385168597,63.91931158096234,39.80564384094983,39.80564384094983,100.0,95.12674393646707,100.0
"Cortes, Nestor",2022,69.19831223628692,28.902953586497894,53.16455696202531,39.029535864978904,,,50.408060675912786,0.9797230403204543,11.111819794375567,1.1176897574760822,63.61729326808489,50.11038479970244,50.11038479970244,75.0,97.40326773115484,75.0
"Crowe, Wil",2022,74.89451476793249,70.88607594936708,27.848101265822784,22.362869198312236,,,54.55750469496658,2.402824390858924,5.820477035149107,0.6404060232025119,63.421212144177126,27.85081333856849,27.85081333856849,100.0,95.9354917831739,100.0
"Hand, Brad",2022,70.042194092827,10.759493670886076,46.20253164556962,82.91139240506328,,,51.022793123180016,0.36471441646965813,9.656700535588291,2.374335538854596,63.41854361409256,26.2958733189016,26.2958733189016,75.0,88.76140350877193,75.0
"Ray, Robbie",2022,81.0126582278481,69.19831223628692,7.172995780590717,15.611814345991561,,,59.014314937654,2.3456142863146643,1.4992137817808304,0.44707590299043287,63.30621890873993,53.9529764519623,53.9529764519623,75.0,98.48684777921518,75.0
"Peterson, David",2022,78.90295358649789,47.46835443037975,18.143459915611814,6.329113924050633,,,57.47748381948592,1.6090341903073153,3.79212897744563,0.18124698769882414,63.05989397493769,36.58472946992585,36.58472946992585,100.0,93.604537521815,100.0
"Matz, Steven",2022,55.48523206751055,82.0675105485232,82.48945147679325,90.92827004219409,,,40.41865840782032,2.7818413334646475,17.240958490479553,2.6039150566064397,63.04537328837095,25.14506509417451,25.14506509417451,75.0,88.45315416200074,75.0
"Bautista, Félix",2022,59.49367088607595,4.008438818565401,87.65822784810126,41.35021097046413,,,43.338637532339646,0.13587399829261776,18.32127430382162,1.1841469862989844,62.979932820752865,31.948375056981412,31.948375056981412,75.0,89.4045439131909,75.0
"Walker, Taijuan",2022,52.53164556962025,72.36286919831224,97.25738396624473,59.28270042194092,,,38.26709484238501,2.452883232335152,20.327575100028323,1.6976801181123193,62.7452332928608,40.80185765149681,40.80185765149681,100.0,94.40559257807396,100.0
"Nelson, Kyle",2022,75.9493670886076,71.09704641350211,16.666666666666664,53.16455696202531,,,55.32592025405062,2.409975653926957,3.483467316490753,1.5224746966701226,62.741837921138455,31.97278911564626,31.97278911564626,50.0,89.83529411764705,50.0
"Moore, Matt",2022,70.46413502109705,63.0801687763713,31.856540084388186,89.66244725738397,,,51.33015934681363,2.138227657341721,6.65827297202663,2.5676656590666753,62.69432563524866,34.27236462260956,34.27236462260956,75.0,94.88736559139787,75.0
"Montgomery, Jordan",2022,66.45569620253164,82.27848101265823,50.0,17.29957805907173,,,48.41018022229429,2.78899259653268,10.45040194947226,0.49540843304345267,62.144983201342676,45.479538419443344,45.479538419443344,100.0,97.57938487115544,100.0
"Oviedo, Johan",2022,56.540084388185655,39.66244725738397,88.60759493670885,33.755274261603375,,,41.18707396690435,1.3444374567901123,18.51969965729261,0.9666506010603954,62.01786168204747,28.64936111009409,28.64936111009409,75.0,92.2139123441898,75.0
"Anderson, Tyler",2022,78.48101265822784,55.06329113924051,13.502109704641349,5.274261603375527,,,57.1701175958523,1.866479660756486,2.8220494715874453,0.15103915641568677,62.00968588461192,50.466291075013764,50.466291075013764,100.0,97.15531887916825,100.0
"Eovaldi, Nathan",2022,49.36708860759494,95.78059071729957,98.73417721518987,75.52742616033755,,,35.9618481651329,3.2466734328867606,20.6362367609832,2.1628807198726347,62.007639078875485,35.273252912616606,35.273252912616606,100.0,91.6814903846154,100.0
"Singer, Brady",2022,77.0042194092827,52.53164556962025,17.932489451476794,11.60337552742616,,,56.09433581313465,1.7806645039400957,3.7480344544520765,0.3322861441145109,61.95532091564133,53.49282296650718,53.49282296650718,75.0,96.81256421547042,75.0
"Mikolas, Miles",2022,50.84388185654009,85.65400843881856,94.09282700421942,81.43459915611815,,,37.037629947850554,2.9034128056212003,19.666157255125015,2.3320445750582044,61.939244583654975,46.16812184795599,46.16812184795599,100.0,97.75420977885982,100.0
"Smith, Will",2022,59.91561181434599,91.9831223628692,62.65822784810127,64.34599156118144,,,43.64600375597327,3.1179506976621756,13.096073329085492,1.8426777082713788,61.702705490992315,34.802532775818236,34.802532775818236,75.0,93.51184346035016,75.0
"Kelley, Trevor",2022,71.09704641350211,90.50632911392405,21.09704641350211,79.957805907173,,,51.791208682264056,3.067891856185948,4.409452299355384,2.2897536112618115,61.558306449067196,23.66412213740458,23.66412213740458,50.0,81.24897624897625,50.0
"Marte, Yunior",2022,58.438818565400844,50.210970464135016,77.21518987341773,36.075949367088604,,,42.57022197325561,1.7020006101917378,16.138595415640708,1.0331078298832974,61.44392582897136,22.49891648554529,22.49891648554529,75.0,92.73937226857369,75.0
"Gonsolin, Tony",2022,64.55696202531645,66.03375527426161,45.46413502109704,91.35021097046413,,,47.027032215943024,2.2383453402941766,9.502369705110851,2.615998189119695,61.38374545046774,41.904298123059064,41.904298123059064,100.0,98.09000473709142,100.0
"Martinez, Nick",2022,59.70464135021098,45.56962025316456,64.76793248945147,83.33333333333334,,,43.492320644156464,1.5446728226950228,13.537018559021027,2.3864186713678515,60.96043069724036,31.81064040667377,31.81064040667377,100.0,99.7358051226939,100.0
"Smyly, Drew",2022,63.50210970464135,92.19409282700421,53.58649789029536,9.49367088607595,,,46.25861665685899,3.1251019607302077,11.200008840362676,0.27187048154823623,60.85559793950011,40.744094812901594,40.744094812901594,75.0,100.0,75.0
"Luetge, Lucas",2022,76.37130801687763,10.548523206751055,15.611814345991561,52.742616033755276,,,55.63328647768423,0.35756315340162564,3.262994701522984,1.510391564156868,60.76423589676571,35.051225902986786,35.051225902986786,75.0,92.61730832510693,75.0
"Herget, Jimmy",2022,62.0253164556962,66.24472573839662,55.907172995780584,56.32911392405063,,,45.182834874141335,2.245496603362209,11.685048593291766,1.6130981905195347,60.726478261314845,25.429390615745536,25.429390615745536,100.0,89.69349845201238,100.0
"Santana, Dennis",2022,57.17299578059072,12.658227848101266,88.39662447257383,4.430379746835443,,,41.64812330235477,0.42907578408195074,18.47560513429906,0.1268728913891769,60.679677112124956,27.921763804477692,27.921763804477692,100.0,87.01917255297678,100.0
"Scherzer, Max",2022,48.10126582278481,72.78481012658227,98.31223628691983,89.45147679324894,,,35.039749494232055,2.4671857584712167,20.548047714996088,2.5616240928100478,60.61660706050941,43.66142662651904,43.66142662651904,100.0,94.66224504350308,100.0
"Hill, Rich",2022,53.16455696202531,81.22362869198312,76.79324894514767,100.0,,,38.728144177835425,2.7532362811925175,16.050406369653594,2.8637024056414213,60.39548923432296,41.529377369872236,41.529377369872236,100.0,92.29671968190856,100.0
"Rasmussen, Drew",2022,63.0801687763713,64.76793248945147,52.109704641350206,36.28691983122363,,,45.95125043322537,2.195437761885981,10.891347179407797,1.039149396139925,60.07718477065907,43.5544821219042,43.5544821219042,75.0,94.60850616170725,75.0
"Akin, Keegan",2022,69.40928270042194,96.41350210970464,22.78481012658228,48.52320675105485,,,50.56174378772959,3.268127222090858,4.762208483303815,1.3895602390243182,59.98163973214859,33.65002542869837,33.65002542869837,75.0,95.78754578754578,75.0
"Payamps, Joel",2022,57.383966244725734,60.12658227848101,68.67088607594937,61.18143459915611,,,41.80180641417157,2.038109974389266,14.352767234401774,1.7520542144219666,59.94473783738458,26.54405784621273,26.54405784621273,100.0,82.937675070028,100.0
"Steele, Justin",2022,74.26160337552743,11.814345991561181,19.831223628691983,39.45147679324894,,,54.09645535951616,0.4004707318098207,4.144885161394061,1.1297728899893371,59.771584142709386,48.59712722456865,48.59712722456865,75.0,94.06666666666666,75.0
"Severino, Luis",2022,55.27426160337553,78.69198312236287,71.94092827004219,44.83122362869199,,,40.264975296003506,2.667421124376127,15.03623234080186,1.2838328295333377,59.25246159071483,38.97105669876608,38.97105669876608,100.0,95.99209344115006,100.0
"Bello, Brayan",2022,54.641350210970465,36.91983122362869,84.59915611814345,9.70464135021097,,,39.80392596055309,1.2514710369056896,17.68190372041509,0.27791204780486367,59.015212765678726,27.54437612962802,27.54437612962802,100.0,81.83904569892474,100.0
"Hendriks, Liam",2022,53.58649789029536,69.83122362869199,76.16033755274262,58.438818565400844,,,39.03551040146905,2.3670680755187616,15.918122800672936,1.6735138530858096,58.994215130746554,39.39393939393939,39.39393939393939,75.0,89.62809315866083,75.0
"Wacha, Michael",2022,48.9451476793249,57.80590717299579,95.35864978902954,43.037974683544306,,,35.65448194149929,1.9594460806409086,19.930724393086336,1.2324795163520041,58.77713193157854,37.232469115281916,37.232469115281916,100.0,94.22376305427153,100.0
"De Los Santos, Enyel",2022,58.016877637130804,71.94092827004219,63.50210970464135,19.198312236286917,,,42.262855749622,2.4385807061990867,13.272451421059705,0.5497825293530998,58.52367040623389,31.746233193025496,31.746233193025496,75.0,88.22297551789079,75.0
"Lee, Dylan",2022,72.36286919831224,87.76371308016878,9.49367088607595,23.628691983122362,,,52.71330735316489,2.9749254363015254,1.984253534709923,0.6766554207422768,58.34914174491862,30.159361105590328,30.159361105590328,75.0,94.54483925549916,75.0
"Ramirez, Noé",2022,68.35443037974683,84.17721518987342,14.978902953586498,77.84810126582279,,,49.79332822864555,2.8533539641449726,3.1307111325423227,2.229337948695537,58.00673127402838,23.478630728272343,23.478630728272343,75.0,95.14895238095238,75.0
"Carrasco, Carlos",2022,72.78481012658227,88.39662447257383,8.016877637130802,10.126582278481013,,,53.0206735767985,2.9963792255056227,1.6755918737550461,0.28999518031811866,57.98263985637728,42.95006789714275,42.95006789714275,100.0,96.62191483590995,100.0
"Cotton, Jharel",2022,61.81434599156118,13.291139240506327,46.62447257383967,90.71729957805907,,,45.02915176232453,0.4505295732860482,9.7448895815754,2.5978734903498126,57.82244440753579,25.188502492190967,25.188502492190967,75.0,89.27497527200791,75.0
"Bieber, Shane",2022,72.9957805907173,64.13502109704642,4.430379746835443,48.10126582278481,,,53.17435668861532,2.173983972681884,0.9259849828646306,1.3774771065110636,57.6518027506729,49.24981584184062,49.24981584184062,100.0,98.28986449864499,100.0
"Hughes, Brandon",2022,63.71308016877637,83.54430379746836,30.90717299578059,67.29957805907173,,,46.412299768675794,2.831900174940875,6.459847618555638,1.9272596358641634,57.63130719803647,30.89711106143031,30.89711106143031,50.0,100.0,50.0
"Underwood Jr., Duane",2022,50.42194092827004,34.59915611814346,86.70886075949366,42.19409282700422,,,36.73026372421693,1.1728071431573321,18.122848950350626,1.2083132513254942,57.23423306905039,23.121683728820244,23.121683728820244,100.0,74.33070088845014,100.0
"Effross, Scott",2022,68.77637130801688,97.0464135021097,9.915611814345992,54.43037974683544,,,50.10069445227917,3.2895810112949557,2.0724425806970306,1.5587240942098877,57.02144213848104,25.857520684726403,25.857520684726403,100.0,81.28667507356032,100.0
"Giolito, Lucas",2022,65.61181434599156,30.168776371308013,32.70042194092827,27.21518987341772,,,47.795447775027064,1.0226306187286491,6.8346510640008455,0.7793620471049438,56.4320915048615,49.12117730301562,49.12117730301562,75.0,97.6769462203836,75.0
"Givens, Mychal",2022,62.236286919831215,62.447257383966246,37.34177215189873,38.81856540084388,,,45.33651798595814,2.116773868137624,7.804730569859029,1.1116481912194547,56.369670615174236,32.189041854469366,32.189041854469366,75.0,93.5640535372849,75.0
"Lauer, Eric",2022,51.47679324894515,26.582278481012654,81.85654008438819,28.48101265822785,,,37.49867928330097,0.9010591465720964,17.10867492149889,0.8156114446447087,56.324024796016666,41.98768744126172,41.98768744126172,100.0,97.74098318572712,100.0
"Jackson, Zach",2022,65.40084388185655,0.21097046413502107,31.54008438818565,66.03375527426161,,,47.64176466321026,0.007151263068032512,6.592131187536299,1.8910102383243987,56.132057352138986,26.330772161263027,26.330772161263027,50.0,100.0,50.0
"Mantiply, Joe",2022,68.9873417721519,94.51476793248945,7.59493670886076,22.9957805907173,,,50.254377564095975,3.2037658544785654,1.5874028277679384,0.6585307219723944,55.70407696831488,26.995753082398412,26.995753082398412,75.0,91.43555054490793,75.0
"Mahle, Tyler",2022,67.29957805907173,93.67088607594937,13.71308016877637,18.354430379746837,,,49.02491266956152,3.1751608022064355,2.8661439945809994,0.52561626432659,55.591833730675546,47.92694954910354,47.92694954910354,100.0,96.49872773536896,100.0
"Junis, Jakob",2022,68.56540084388185,73.41772151898735,10.759493670886076,26.79324894514768,,,49.94701134046235,2.4886395476753145,2.248820672671246,0.767278914591689,55.4517504754006,44.47052476754307,44.47052476754307,75.0,99.45692883895131,75.0
"Megill, Tylor",2022,56.32911392405063,60.337552742616026,50.63291139240506,52.320675105485236,,,41.03339085508754,2.0452612374572983,10.582685518452921,1.498308431643613,55.15964604264137,30.069930069930063,30.069930069930063,75.0,79.6983265490728,75.0
"Finnegan, Kyle",2022,60.54852320675106,46.41350210970464,42.19409282700422,21.518987341772153,,,44.10705309142369,1.5732778749671525,8.818904598710768,0.6162397581760021,55.11547532327761,46.236559139784944,46.236559139784944,75.0,86.87484157160964,75.0
"Houck, Tanner",2022,60.970464135021096,47.257383966244724,40.29535864978903,21.202531645569618,,,44.4144193150573,1.6018829272392827,8.422053891768783,0.6071774087910607,55.045533542856425,24.35030293421628,24.35030293421628,100.0,89.811,100.0
"Boxberger, Brad",2022,63.29113924050633,34.810126582278485,32.48945147679325,33.33333333333333,,,46.104933545042186,1.1799584062253647,6.790556541007291,0.9545674685471404,55.030015960821984,30.94349824276831,30.94349824276831,75.0,92.41222523336344,75.0
"Brasier, Ryan",2022,53.79746835443038,79.11392405063292,56.118143459915615,49.36708860759494,,,39.18919351328585,2.6817236505121924,11.729143116285321,1.4137265040508282,55.01378678413419,32.77094136160771,32.77094136160771,75.0,92.6803840877915,75.0
"Lawrence, Justin",2022,52.109704641350206,63.92405063291139,59.07172995780591,81.0126582278481,,,37.95972861875139,2.166832709613851,12.346466438195074,2.3199614425449493,54.792989209105265,28.335375589469386,28.335375589469386,50.0,100.0,50.0
"White, Mitch",2022,47.04641350210971,53.58649789029536,76.37130801687763,92.61603375527426,,,34.27133393514802,1.8164208192802582,15.96221732366649,2.6522475866594597,54.702219664754224,38.3474771351113,38.3474771351113,100.0,92.37769994162291,100.0
"King, Michael",2022,43.24894514767932,40.50632911392405,92.61603375527426,77.0042194092827,,,31.50503792244549,1.3730425090622425,19.357495594170135,2.205171683669027,54.4407477093469,21.568627450980397,21.568627450980397,100.0,78.64277035236937,100.0
"Martin, Brett",2022,61.18143459915611,56.540084388185655,31.54008438818565,38.18565400843882,,,44.568102426874106,1.9165385022327135,6.592131187536299,1.0935234924495723,54.17029560909268,22.96724666668145,22.96724666668145,100.0,74.96444444444444,100.0
"Webb, Logan",2022,64.9789029535865,97.25738396624473,12.869198312236287,27.848101265822784,,,47.33439843957664,3.2967322743629883,2.6897659026067844,0.7974867458748262,54.11838336242124,52.491880412952355,52.491880412952355,75.0,97.61854069638501,75.0
"Norris, Daniel",2022,65.82278481012658,17.29957805907173,13.924050632911392,93.24894514767934,,,47.94913088684387,0.5864035715786661,2.9102385175745535,2.670372285429343,54.11614526142643,23.334549577589954,23.334549577589954,100.0,91.5259847732539,100.0
"Bednar, David",2022,41.77215189873418,79.74683544303798,90.92827004219409,66.9831223628692,,,30.42925613972784,2.7031774397162898,19.004739410221703,1.918197286479222,54.055370276145055,33.77483443708609,33.77483443708609,75.0,88.00599925009375,75.0
"Lorenzen, Michael",2022,55.69620253164557,20.042194092827003,58.86075949367089,14.135021097046414,,,40.57234151963712,0.6793699914630886,12.302371915201523,0.40478493919404057,53.95886836549577,30.084756881803287,30.084756881803287,100.0,91.98467884502064,100.0
"Cuas, Jose",2022,60.75949367088608,30.590717299578056,33.755274261603375,48.734177215189874,,,44.2607362032405,1.0369331448647143,7.055123678968615,1.3956018052809458,53.74839483235477,26.037092231125254,26.037092231125254,50.0,94.1016865079365,50.0
"Richards, Trevor",2022,62.869198312236286,42.405063291139236,22.362869198312236,62.0253164556962,,,45.797567321408565,1.437403876674535,4.674019437316707,1.7762204794484764,53.685211114848286,33.61089785231992,33.61089785231992,75.0,95.14532019704434,75.0
"Detmers, Reid",2022,40.08438818565401,32.91139240506329,98.52320675105484,92.40506329113924,,,29.19979124519338,1.1155970386130718,20.59214223798964,2.6462060204028326,53.55373654219892,37.93939887750489,37.93939887750489,100.0,97.48683777558406,100.0
"Ober, Bailey",2022,48.31223628691983,95.35864978902954,59.28270042194092,94.09282700421942,,,35.19343260604886,3.232370906750696,12.390560961188628,2.6945385504558526,53.51090302444403,28.704646026038247,28.704646026038247,100.0,78.21611721611721,100.0
"Sánchez, Aníbal",2022,63.92405063291139,11.181434599156118,30.37974683544304,4.641350210970464,,,46.5659828804926,0.37901694260572316,6.349611311071754,0.13291445764580437,53.42752559181588,27.830973057628675,27.830973057628675,100.0,81.90340909090908,100.0
"Chapman, Aroldis",2022,49.15611814345991,4.852320675105485,75.52742616033755,52.95358649789029,,,35.808165053316095,0.1644790505647478,15.785839231692275,1.5164331304134953,53.274916465986614,19.35483870967742,19.35483870967742,75.0,78.69137670196672,75.0
"Coleman, Dylan",2022,46.20253164556962,7.59493670886076,87.34177215189874,33.9662447257384,,,33.65660148788079,0.2574454704491705,18.25513251933129,0.9726921673170229,53.14187164497827,34.51300719402311,34.51300719402311,75.0,93.77842646649987,75.0
"Thompson, Ryan",2022,58.22784810126582,66.66666666666666,27.637130801687764,91.13924050632912,,,42.4165388614388,2.2597991294982736,5.776382512155553,2.6099566228630677,53.0626771259557,24.765413753554828,24.765413753554828,75.0,87.6438492063492,75.0
"Neris, Héctor",2022,61.39240506329114,55.48523206751055,26.582278481012654,27.42616033755274,,,44.721785538690916,1.880782186892551,5.555909897187783,0.7854036133615713,52.943881236132825,27.354259341507955,27.354259341507955,100.0,89.51157627656201,100.0
"Cishek, Steve",2022,61.60337552742617,9.49367088607595,24.78902953586498,86.07594936708861,,,44.87546865050773,0.3218068380614631,5.1811064517425764,2.4649590327040083,52.84334097301578,27.236971748839018,27.236971748839018,75.0,100.0,75.0
"Krehbiel, Joey",2022,57.80590717299579,58.64978902953587,34.49367088607595,51.26582278481012,,,42.109172637805194,1.9880511329130386,7.2094545094460525,1.4681006003604753,52.77477888052476,25.10253016375096,25.10253016375096,75.0,97.55163817663818,75.0
"Pérez, Martín",2022,65.18987341772153,100.0,7.383966244725738,0.21097046413502107,,,47.488081551393456,3.3896986942474108,1.5433083047743843,0.006041566256627471,52.427130116671876,49.916181182649446,49.916181182649446,100.0,95.40540233798662,100.0
"Chafin, Andrew",2022,64.34599156118144,86.70886075949366,9.282700421940929,17.72151898734177,,,46.87334910412622,2.9391691209613624,1.940159011716369,0.5074915655567076,52.26016880236065,25.73477820601778,25.73477820601778,75.0,92.44990476190475,75.0
"Hearn, Taylor",2022,60.337552742616026,22.362869198312236,35.232067510548525,5.485232067510549,,,43.953369979606876,0.7580338852114463,7.363785339923491,0.15708072267231427,52.23226992741412,38.41598279608377,38.41598279608377,100.0,93.29239425688785,100.0
"Leone, Dominic",2022,53.37552742616034,82.48945147679325,47.257383966244724,22.78481012658228,,,38.88182728965224,2.796143859600712,9.87717315055606,0.6524891557157669,52.207633455524785,23.8328858450017,23.8328858450017,75.0,92.49837793998378,75.0
"Civale, Aaron",2022,47.46835443037975,48.734177215189874,61.60337552742617,98.73417721518987,,,34.578700158781636,1.6519417687155105,12.875600714117722,2.8274530081016565,51.933695649716526,33.001552419797754,33.001552419797754,100.0,92.00566448801746,100.0
"Lamet, Dinelson",2022,59.28270042194092,0.6329113924050633,35.86497890295359,25.52742616033755,,,43.18495442052284,0.02145378920409754,7.496068908904153,0.731029517051924,51.43350663568302,22.481178928637995,22.481178928637995,50.0,94.95360824742268,50.0
"Foley, Jason",2022,40.92827004219409,77.42616033755274,87.65822784810126,20.675105485232066,,,29.81452369246061,2.624513545967932,18.32127430382162,0.5920734931494922,51.35238503539966,39.93993993993994,39.93993993993994,100.0,75.31623071763917,100.0
"Taillon, Jameson",2022,45.56962025316456,97.46835443037975,65.18987341772153,41.561181434599156,,,33.19555215243037,3.303883537431021,13.62520760500814,1.190188552555612,51.31483184742514,38.90516078110555,38.90516078110555,100.0,98.26104280510017,100.0
"Garcia, Luis",2022,37.552742616033754,41.35021097046413,94.30379746835443,99.15611814345992,,,27.355593903391693,1.4016475613343724,19.710251778118568,2.8395361406149116,51.30702938345954,48.10846804943007,48.10846804943007,100.0,94.20440620518838,100.0
"Brubaker, JT",2022,50.0,68.35443037974683,56.32911392405063,26.160337552742618,,,36.422897500583325,2.317009234042534,11.773237639278875,0.7491542158218065,51.26229858972654,47.31108428377972,47.31108428377972,100.0,93.91461074561403,100.0
"Hicks, Jordan",2022,45.78059071729958,0.42194092827004215,73.52320675105484,82.17299578059072,,,33.34923526424718,0.014302526136065023,15.366941263253512,2.3531900569564,51.083669110593156,35.44210988920675,35.44210988920675,50.0,100.0,50.0
"Staumont, Josh",2022,42.405063291139236,5.9071729957805905,85.23206751054853,65.18987341772153,,,30.89030547517826,0.20023536590491034,17.814187289395754,1.866843973297889,50.77157210377681,22.127002399686432,22.127002399686432,75.0,85.05022831050229,75.0
"Smith, Drew",2022,36.708860759493675,70.67510548523207,90.29535864978902,84.59915611814345,,,26.740861456124467,2.3956731277908916,18.87245584124104,2.422668068907616,50.43165849406402,27.0249130714247,27.0249130714247,75.0,92.99739921976594,75.0
"Voth, Austin",2022,36.28691983122363,62.0253164556962,90.084388185654,88.81856540084388,,,26.43349523249085,2.1024713420015586,18.828361318247488,2.5434993940401656,49.90782728678006,38.874858948503835,38.874858948503835,100.0,96.395881006865,100.0
"Wantz, Andrew",2022,51.68776371308017,22.9957805907173,50.210970464135016,31.645569620253166,,,37.652362395117784,0.7794876744155439,10.494496472465812,0.9062349384941207,49.83258148049326,28.825622775800717,28.825622775800717,75.0,83.33159722222223,75.0
"Warren, Art",2022,58.64978902953587,16.033755274261605,22.046413502109704,67.61603375527426,,,42.723905085072424,0.543495993170471,4.607877652826376,1.9363219852491045,49.811600716318374,25.873499806426636,25.873499806426636,50.0,95.85889570552146,50.0
"Germán, Domingo",2022,54.008438818565395,85.44303797468355,33.33333333333333,16.244725738396625,,,39.342876625102654,2.8962615425531677,6.966934632981506,0.4652006017603153,49.671273402397645,27.28451684715033,27.28451684715033,100.0,86.14800389483935,100.0
"Pruitt, Austin",2022,56.9620253164557,90.084388185654,17.29957805907173,44.83122362869199,,,41.494440190537965,3.0535893300498826,3.615750885471415,1.2838328295333377,49.4476132355926,26.276288547455597,26.276288547455597,75.0,87.26048565121411,75.0
"Suarez, Ranger",2022,36.075949367088604,87.13080168776372,91.77215189873418,23.417721518987342,,,26.27981212067404,2.953471647097428,19.18111750219592,0.6706138544856494,49.08501512445304,45.01090109017105,45.01090109017105,100.0,93.34625901068853,100.0
"Thornton, Trent",2022,42.19409282700422,49.15611814345991,66.24472573839662,95.78059071729957,,,30.736622363361455,1.6662442948515754,13.845680219975906,2.742871080508872,48.9914179586978,24.54244501536688,24.54244501536688,75.0,85.47746409113421,75.0
"Danish, Tyler",2022,58.86075949367089,83.96624472573839,11.60337552742616,24.894514767932492,,,42.877588196889235,2.84620270107694,2.425198764645461,0.7129048182820417,48.861894480893675,20.646718869740084,20.646718869740084,75.0,72.80127094165222,75.0
"Kluber, Corey",2022,62.65822784810127,65.82278481012658,0.21097046413502107,32.278481012658226,,,45.64388420959176,2.2311940772261436,0.044094522993553834,0.924359637264003,48.84353244707546,45.644401739509334,45.644401739509334,100.0,98.34618539786709,100.0
"Stephenson, Robert",2022,43.88185654008439,24.68354430379747,64.9789029535865,80.16877637130801,,,31.966087257895914,0.836697778959804,13.581113082014582,2.295795177518439,48.679693296388734,35.15878040740295,35.15878040740295,50.0,100.0,50.0
"Wilson, Steven",2022,39.87341772151899,21.729957805907173,81.0126582278481,67.61603375527426,,,29.046108133376578,0.7365800960073488,16.932296829524674,1.9363219852491045,48.6513070441577,28.21141557063227,28.21141557063227,100.0,84.81267806267806,100.0
"Stratton, Chris",2022,50.210970464135016,51.47679324894515,37.552742616033754,84.915611814346,,,36.57658061240013,1.7449081885999331,7.848825092852583,2.4317304182925574,48.60204431214521,29.319424957807193,29.319424957807193,100.0,89.58947057083702,100.0
"Tepera, Ryan",2022,62.447257383966246,56.32911392405063,2.109704641350211,16.666666666666664,,,45.49020109777495,1.909387239164681,0.4409452299355384,0.4772837342735702,48.317817301148736,24.471819003069,24.471819003069,100.0,83.4618660472319,100.0
"Yarbrough, Ryan",2022,57.59493670886076,84.81012658227847,11.814345991561181,33.54430379746836,,,41.95548952598838,2.87480775334907,2.469293287639015,0.960609034803768,48.26019960178023,31.83586284154276,31.83586284154276,100.0,97.6764565425024,100.0
"Davidson, Tucker",2022,42.82700421940928,37.552742616033754,68.14345991561181,46.835443037974684,,,31.197671698811877,1.2729248261097872,14.24253092691789,1.3412277089712987,48.05435516081085,29.801808169155105,29.801808169155105,75.0,93.50920485703095,75.0
"Stammen, Craig",2022,54.43037974683544,54.43037974683544,20.042194092827003,82.17299578059072,,,39.650242848736276,1.8450258715523882,4.188979684387615,2.3531900569564,48.03743846163268,26.73992673992674,26.73992673992674,100.0,71.97283176593521,100.0
"Littell, Zack",2022,52.95358649789029,94.09282700421942,25.949367088607595,16.455696202531644,,,38.57446106601862,3.1894633283425007,5.423626328207122,0.47124216801694274,47.65879289058518,26.97005561224868,26.97005561224868,75.0,89.1721708498459,75.0
"Darvish, Yu",2022,41.35021097046413,48.52320675105485,68.35443037974683,51.0548523206751,,,30.121889916094222,1.6447905056474779,14.286625449911442,1.462059034103848,47.51536490575699,41.17976639351606,41.17976639351606,100.0,91.67425407566901,100.0
"Thompson, Zack",2022,38.18565400843882,51.68776371308017,73.94514767932489,86.70886075949366,,,27.816643238842115,1.7520594516679657,15.45513030924062,2.4830837314738905,47.506916731224585,21.568627450980397,21.568627450980397,50.0,85.33604887983707,50.0
"Graveman, Kendall",2022,54.219409282700425,26.160337552742618,32.278481012658226,11.181434599156118,,,39.49655973691947,0.8867566204360317,6.746462018013737,0.32020301160125597,47.4499813869705,27.897630544373527,27.897630544373527,100.0,82.78812974465148,100.0
"Clarke, Taylor",2022,55.06329113924051,39.24050632911392,21.729957805907173,44.09282700421941,,,40.1112921841867,1.3301349306540473,4.541735868336046,1.2626873476351415,47.24585033081194,26.900355960081342,26.900355960081342,75.0,91.60272904483432,75.0
"Ruiz, José",2022,42.616033755274266,36.708860759493675,62.447257383966246,59.91561181434599,,,31.043988586995074,1.2443197738376572,13.051978806091936,1.715804816882202,47.05609198380687,26.852609964798948,26.852609964798948,75.0,96.79787234042553,75.0
"Kuhnel, Joel",2022,47.257383966244724,72.9957805907173,45.9915611814346,4.852320675105485,,,34.425017046964825,2.4743370215392493,9.612606012594737,0.13895602390243184,46.650916105001244,24.094033098772435,24.094033098772435,100.0,81.51403887688984,100.0
"Ashcraft, Graham",2022,41.139240506329116,7.805907172995781,73.20675105485233,34.810126582278485,,,29.96820680427742,0.264596733517203,15.300799478763185,0.9968584323435329,46.530461448901335,41.44548427265006,41.44548427265006,75.0,100.00000000000001,75.0
"Davies, Zach",2022,46.62447257383967,99.78902953586498,36.91983122362869,43.67088607594937,,,33.963967711514414,3.3825474311793786,7.716541523871921,1.2506042151218866,46.3136608816876,43.14416258848705,43.14416258848705,100.0,93.59243336199484,100.0
"Acevedo, Domingo",2022,59.07172995780591,45.14767932489451,6.962025316455696,8.227848101265822,,,43.03127130870604,1.5303702965589576,1.4551192587872768,0.23562108400847137,46.252381948060744,28.387546779878562,28.387546779878562,75.0,94.02123356926188,75.0
"Syndergaard, Noah",2022,32.278481012658226,85.86497890295358,93.24894514767934,8.016877637130802,,,23.513516107971512,2.9105640686892325,19.4897791631508,0.22957951775184393,46.14343885756339,36.672322942289426,36.672322942289426,100.0,100.00000000000001,100.0
"Valdez, Framber",2022,35.0210970464135,38.81856540084388,84.17721518987342,58.64978902953587,,,25.511396561590008,1.3158324045179823,17.593714674427982,1.6795554193424371,46.10049905987841,53.72880324481473,53.72880324481473,100.0,97.78690036900369,100.0
"Banks, Tanner",2022,56.118143459915615,55.27426160337553,10.970464135021098,20.042194092827003,,,40.879707743270735,1.8736309238245183,2.2929151956647997,0.5739487943796098,45.620202657139664,23.828094814656218,23.828094814656218,75.0,87.96859049862583,75.0
"Kelly, Merrill",2022,49.789029535864984,94.9367088607595,19.40928270042194,68.0379746835443,,,36.26921438876652,3.2180683806146306,4.056696115406953,1.9484051177623596,45.492384002550466,41.099505597212264,41.099505597212264,100.0,100.0,100.0
"De los Santos, Yerry",2022,44.72573839662447,15.822784810126583,48.734177215189874,72.15189873417721,,,32.580819705163144,0.5363447301024384,10.185834811510937,2.066215659766595,45.36921490654311,19.02834008097166,19.02834008097166,50.0,76.5515425131678,50.0
"Lynn, Lance",2022,51.89873417721519,40.71729957805908,26.79324894514768,12.447257383966246,,,37.80604550693459,1.380193772130275,5.600004420181338,0.35645240914102083,45.14269610838722,40.3572492383695,40.3572492383695,100.0,91.37061716642867,100.0
"Long, Sam",2022,33.12236286919831,35.654008438818565,85.65400843881856,62.447257383966246,,,24.12824855523874,1.2085634584974947,17.902376335382858,1.7883036119617315,45.02749196108082,23.781479313382885,23.781479313382885,75.0,82.56480218281037,75.0
"Megill, Trevor",2022,31.223628691983123,50.84388185654009,86.91983122362869,79.11392405063292,,,22.745100548887475,1.7234543993958356,18.166943473344183,2.265587346235302,44.90108576786279,31.74061433447099,31.74061433447099,75.0,84.12918871252204,75.0
"Gray, Sonny",2022,41.983122362869196,51.26582278481012,44.303797468354425,97.46835443037975,,,30.582939251544644,1.7377569255319003,9.259849828646304,2.7912036105618916,44.37174961628474,34.97608510068919,34.97608510068919,100.0,92.78440689897923,100.0
"Davis, Austin",2022,39.45147679324894,6.329113924050633,63.71308016877637,72.78481012658227,,,28.73874190974296,0.21453789204097537,13.31654594405326,2.0843403585364775,44.354166104373675,29.07801418439716,29.07801418439716,75.0,93.37037037037037,75.0
"McCarty, Kirk",2022,37.34177215189873,31.434599156118143,66.87763713080169,64.13502109704642,,,27.201910791574885,1.0655381971368443,13.977963788956567,1.8366361420147514,44.082048919683054,23.954372623574145,23.954372623574145,75.0,68.99738562091503,75.0
"Martin, Davis",2022,32.91139240506329,34.38818565400844,78.27004219409282,87.13080168776372,,,23.974565443421934,1.1656558800892995,16.359068030608473,2.495166863987146,43.994456218106855,30.276312630971145,30.276312630971145,100.0,84.60454384096556,100.0
"Wood, Alex",2022,52.320675105485236,80.16877637130801,9.071729957805907,32.70042194092827,,,38.11341173056821,2.7174799658523545,1.896064488722815,0.9364427697772582,43.66339895492064,44.577056590055925,44.577056590055925,75.0,100.0,75.0
"Whitlock, Garrett",2022,35.232067510548525,68.56540084388185,73.52320675105484,7.805907172995781,,,25.665079673406815,2.324160497110566,15.366941263253512,0.22353795149521644,43.57971938526611,34.518322869313714,34.518322869313714,100.0,84.21953255425711,100.0
"Tate, Dillon",2022,39.24050632911392,33.9662447257384,64.13502109704642,15.18987341772152,,,28.58505879792615,1.1513533539532346,13.40473499004037,0.43499277047717794,43.57613991239693,36.68356143889591,36.68356143889591,75.0,92.88445710667933,75.0
"Ryan, Joe",2022,28.059071729957807,79.957805907173,87.9746835443038,70.67510548523207,,,20.439853871635368,2.7103287027843224,18.38741608831195,2.023924695970203,43.56152335870184,48.51435558334106,48.51435558334106,100.0,96.14797170492277,100.0
"Swarmer, Matt",2022,50.63291139240506,63.50210970464135,14.767932489451477,46.62447257383967,,,36.88394683603374,2.1525301834777864,3.0866166095487686,1.3351861427146714,43.45827977177497,24.55018630478593,24.55018630478593,50.0,94.28888888888889,50.0
"Robertson, David",2022,51.26582278481012,27.848101265822784,18.9873417721519,38.607594936708864,,,37.34499617148416,0.9439667249802917,3.968507069419846,1.1056066249628274,43.36307659084712,30.719492785619273,30.719492785619273,75.0,96.17222222222222,75.0
"Espinoza, Anderson",2022,41.561181434599156,2.9535864978902953,51.0548523206751,79.32489451476793,,,30.275573027911033,0.10011768295245517,10.670874564440028,2.2716289124919293,43.31819418779544,19.35483870967742,19.35483870967742,50.0,78.44967682363803,50.0
"Phelps, David",2022,43.459915611814345,60.54852320675106,37.76371308016878,53.69198312236287,,,31.658721034262296,2.0524125005253313,7.892919615846138,1.5375786123116915,43.14163176294546,20.98222079793413,20.98222079793413,100.0,87.63079096045198,100.0
"Castillo, Max",2022,49.57805907172996,59.91561181434599,20.675105485232066,21.940928270042196,,,36.11553127694971,2.0309587113212335,4.321263253368276,0.6283228906892571,43.09607613232847,22.95795623782793,22.95795623782793,75.0,80.96696252465485,75.0
"Flaherty, Jack",2022,31.0126582278481,53.37552742616034,81.22362869198312,55.27426160337553,,,22.591417437070668,1.8092695562122256,16.976391352518228,1.5828903592363974,42.95996870503752,20.634920634920636,20.634920634920636,75.0,67.804318488529,75.0
"Buehler, Walker",2022,25.31645569620253,47.89029535864979,94.51476793248945,95.9915611814346,,,18.44197341801687,1.6233367164433803,19.75434630111212,2.7489126467654996,42.568569082337866,25.66161799061273,25.66161799061273,100.0,75.74152667256116,100.0
"Kremer, Dean",2022,25.949367088607595,35.86497890295359,93.0379746835443,98.10126582278481,,,18.903022753467294,1.2157147215655273,19.445684640157243,2.8093283093317742,42.37375042452184,39.37497957371489,39.37497957371489,100.0,93.89782573156776,100.0
"Manning, Matt",2022,34.810126582278485,57.59493670886076,63.0801687763713,64.76793248945147,,,25.357713449773204,1.9522948175728758,13.184262375072597,1.8547608407846334,42.34903148320331,37.69470404984423,37.69470404984423,100.0,75.83715947352312,100.0
"Crawford, Kutter",2022,26.160337552742618,43.037974683544306,90.50632911392405,89.24050632911393,,,19.056705865284105,1.4588576658786325,18.9165503642346,2.5555825265534207,41.98769642195076,33.66253900645242,33.66253900645242,100.0,87.54666666666668,100.0
"Cessa, Luis",2022,43.67088607594937,72.15189873417721,32.91139240506329,19.62025316455696,,,31.812404146079107,2.445731969267119,6.878745586994398,0.5618656618663548,41.69874736420698,28.4190198711778,28.4190198711778,100.0,90.23427800269906,100.0
"Vest, Will",2022,43.037974683544306,63.29113924050633,28.691983122362867,73.83966244725738,,,31.351354810628685,2.1453789204097538,5.996855127123322,2.114548189819615,41.60813704798137,32.59276954929129,32.59276954929129,75.0,93.58620689655173,75.0
"Pallante, Andre",2022,24.68354430379747,31.645569620253166,99.15611814345992,59.49367088607595,,,17.98092408256645,1.0726894602048769,20.724425806970306,1.7037216843689469,41.481761034110576,42.75110622214746,42.75110622214746,100.0,95.90449438202248,100.0
"Burke, Brock",2022,47.67932489451477,35.44303797468354,23.20675105485232,22.573839662447256,,,34.73238327059845,1.201412195429462,4.850397529290922,0.6464475894591394,41.43064058477797,43.977591036414566,43.977591036414566,75.0,87.58256172839505,75.0
"Woodford, Jake",2022,25.105485232067508,46.20253164556962,89.66244725738397,97.67932489451476,,,18.288290306200064,1.5661266118991204,18.740172272260384,2.797245176818519,41.39183436717809,31.97278911564626,31.97278911564626,100.0,73.76164383561643,100.0
"Howard, Spencer",2022,24.261603375527425,58.016877637130804,89.87341772151899,90.29535864978902,,,17.673557858932835,1.966597343708941,18.784266795253938,2.5857903578365575,41.01021235573227,25.14004413512137,25.14004413512137,75.0,84.85528942115768,75.0
"Nelson, Nick",2022,44.51476793248945,5.69620253164557,35.654008438818565,32.06751054852321,,,32.42713659334633,0.19308410283687785,7.4519743859105985,0.9183180710073757,40.99051315310118,30.47349503434247,30.47349503434247,75.0,99.51243781094527,75.0
"Kimbrel, Craig",2022,34.38818565400844,88.81856540084388,46.835443037974684,87.9746835443038,,,25.050347226139586,3.010681751641688,9.788984104568952,2.519333129013656,40.369346211363876,33.95589321515248,33.95589321515248,75.0,94.67965367965368,75.0
"Barnes, Matt",2022,39.029535864978904,5.063291139240507,43.88185654008439,84.915611814346,,,28.431375686109345,0.1716303136327803,9.171660782659199,2.4317304182925574,40.206397200693885,25.77826414885119,25.77826414885119,50.0,100.0,50.0
"Smith, Caleb",2022,51.0548523206751,25.31645569620253,8.649789029535865,11.814345991561181,,,37.19131305966736,0.8581515681639015,1.8078754427357075,0.3383277103711384,40.19566778093811,28.37001371736063,28.37001371736063,75.0,98.26071526071526,75.0
"Wisler, Matt",2022,46.41350210970464,17.51054852320675,16.455696202531644,80.80168776371308,,,33.810284599697596,0.5935548346466986,3.439372793497199,2.3139198762883213,40.157132104129815,42.693409742120345,42.693409742120345,50.0,94.15908105765064,50.0
"Beede, Tyler",2022,23.839662447257385,33.12236286919831,96.83544303797468,47.67932489451477,,,17.366191635299224,1.1227483016811044,20.239386054041212,1.3653939739978087,40.093719965019346,24.90385710245325,24.90385710245325,100.0,77.16044776119404,100.0
"Irvin, Cole",2022,33.33333333333333,89.87341772151899,55.69620253164557,35.86497890295359,,,24.281931667055545,3.0464380669818505,11.640954070298214,1.02706626362667,39.99639006796228,44.335310525403415,44.335310525403415,100.0,95.57428609027505,100.0
"Wainwright, Adam",2022,38.607594936708864,77.84810126582279,30.90717299578059,95.14767932489451,,,28.124009462475733,2.6388160721039973,6.459847618555638,2.7247463817389894,39.947419534874356,46.92362652863329,46.92362652863329,100.0,97.7661077718022,100.0
"Contreras, Roansy",2022,26.371308016877638,12.236286919831224,86.07594936708861,74.68354430379746,,,19.21038897710091,0.41477325794588576,17.99056538136997,2.1387144548461245,39.754442071262886,44.34853332965581,44.34853332965581,75.0,96.31754272117672,75.0
"Anderson, Ian",2022,37.130801687763714,38.607594936708864,51.47679324894515,21.202531645569618,,,27.04822767975808,1.30868114144995,10.759063610427138,0.6071774087910607,39.72314984042623,44.22934347447981,44.22934347447981,75.0,100.0,75.0
"Gomber, Austin",2022,33.54430379746836,51.89873417721519,54.74683544303798,71.09704641350211,,,24.43561477887236,1.759210714735998,11.442528716827223,2.036007828483458,39.67336203891904,37.89876157731244,37.89876157731244,100.0,100.0,100.0
"Winder, Josh",2022,32.70042194092827,40.08438818565401,63.92405063291139,37.76371308016878,,,23.82088233160513,1.3587399829261773,13.360640467046812,1.0814403599363174,39.62170314151444,31.506849315068493,31.506849315068493,100.0,87.14894842984731,100.0
"Rogers, Tyler",2022,46.835443037974684,16.455696202531644,11.39240506329114,85.33755274261603,,,34.11765082333122,0.5577985193065359,2.3811042416519075,2.443813550805812,39.50036713509547,40.713165468865796,40.713165468865796,50.0,100.0,50.0
"Chavez, Jesse",2022,48.52320675105485,91.13924050632912,3.5864978902953584,10.759493670886076,,,35.34711571786567,3.0893456453900456,0.7496068908904152,0.30811987908800104,39.49418813323413,35.71887383097491,35.71887383097491,75.0,93.8658469945355,75.0
"Cimber, Adam",2022,47.89029535864979,74.26160337552743,2.9535864978902953,47.89029535864979,,,34.88606638241525,2.5172445999474444,0.6173233219097537,1.371435540254436,39.39206984452689,30.82812073833088,30.82812073833088,75.0,100.0,75.0
"Harvey, Hunter",2022,34.177215189873415,83.33333333333334,51.89873417721519,24.261603375527425,,,24.896664114322775,2.8247489118728426,10.847252656414245,0.6947801195121591,39.26344580212202,33.11036789297659,33.11036789297659,50.0,89.1970684039088,50.0
"Hendricks, Kyle",2022,44.936708860759495,81.85654008438819,6.5400843881856545,75.31645569620254,,,32.73450281697995,2.774690070396615,1.3669302128001692,2.1568391536160076,39.03296225379274,33.244134128600685,33.244134128600685,100.0,94.82828282828282,100.0
"Snead, Kirby",2022,37.76371308016878,43.459915611814345,40.08438818565401,44.303797468354425,,,27.509277015208504,1.4731601920146975,8.37795936877523,1.2687289138917688,38.6291254898902,26.33713786620479,26.33713786620479,100.0,84.27777777777777,100.0
"Liberatore, Matthew",2022,20.042194092827003,29.535864978902953,98.10126582278481,75.73839662447257,,,14.59989562259669,1.0011768295245518,20.503953192002534,2.1689222861292623,38.27394793025304,21.25984251968504,21.25984251968504,100.0,57.78198198198198,100.0
"Wells, Tyler",2022,18.565400843881857,67.9324894514768,93.88185654008439,98.31223628691983,,,13.52411383987904,2.302706707906469,19.622062732131457,2.8153698755884013,38.26425315550537,37.7449400016852,37.7449400016852,100.0,92.11282343987823,100.0
"Snider, Collin",2022,35.86497890295359,36.28691983122363,43.24894514767932,61.60337552742617,,,26.126129008857237,1.230017247701592,9.039377213678536,1.7641373469352217,38.159660817172586,24.439104856164843,24.439104856164843,50.0,95.33799533799535,50.0
"Trivino III, Lou",2022,22.151898734177212,37.130801687763714,91.56118143459916,56.118143459915615,,,16.13672674076476,1.2586222999737222,19.137022979202367,1.6070566242629074,38.13942864420376,23.129718599862734,23.129718599862734,100.0,71.7116182572614,100.0
"Gibson, Kyle",2022,36.49789029535865,75.73839662447257,38.607594936708864,24.050632911392405,,,26.58717834430766,2.5673034414236717,8.069297707820354,0.6887385532555318,37.91251804680722,38.595547518280874,38.595547518280874,100.0,95.3525088988403,100.0
"Odorizzi, Jake",2022,45.358649789029535,90.29535864978902,7.805907172995781,4.008438818565401,,,33.04186904061356,3.0607405931179152,1.631497350761492,0.11478975887592197,37.84889674336889,33.77401783421764,33.77401783421764,100.0,90.43207207207207,100.0
"García, Jarlín",2022,37.9746835443038,28.48101265822785,39.345991561181435,20.464135021097047,,,27.66296012702531,0.9654205141843892,8.223628538297792,0.5860319268928648,37.438041106400355,27.599124385101636,27.599124385101636,75.0,98.03333333333333,75.0
"Rodriguez, Eduardo",2022,48.734177215189874,44.51476793248945,0.42194092827004215,0.8438818565400843,,,35.50079882968248,1.50891650735486,0.08818904598710767,0.024166265026509884,37.12207064805096,26.666917036656123,26.666917036656123,100.0,92.48170063554679,100.0
"Kuhl, Chad",2022,33.9662447257384,10.126582278481013,50.84388185654009,48.31223628691983,,,24.74298100250597,0.3432606272655606,10.626780041446477,1.383518672767691,37.0965403439857,46.677026440453545,46.677026440453545,100.0,93.07948270851497,100.0
"Martinez, Adrián",2022,34.59915611814346,38.39662447257383,44.51476793248945,41.139240506329116,,,25.204030337956393,1.3015298783819171,9.30394435163986,1.178105420042357,36.98760998802052,33.804113713348556,33.804113713348556,75.0,92.57011494252873,75.0
"Espino, Paolo",2022,29.11392405063291,90.71729957805907,46.41350210970464,96.62447257383965,,,21.2082694307194,3.0750431192539804,9.700795058581845,2.767037345535382,36.751144954090606,42.920723158658305,42.920723158658305,75.0,96.67628719045075,75.0
"Brebbia, John",2022,32.06751054852321,91.77215189873418,38.39662447257383,73.52320675105484,,,23.359832996154708,3.110799434594143,8.025203184826797,2.1054858404346737,36.60132145601032,39.61846420447455,39.61846420447455,50.0,100.0,50.0
"Ginkel, Kevin",2022,30.590717299578056,16.666666666666664,54.43037974683544,75.0,,,22.284051213437053,0.5649497823745684,11.37638693233689,2.147776804231066,36.37316473237958,23.954372623574145,23.954372623574145,50.0,86.09285237140948,50.0
"Pop, Zach",2022,29.324894514767934,54.219409282700425,52.742616033755276,72.46835443037975,,,21.361952542536212,1.8378746084843558,11.02363074838846,2.0752780091515364,36.298735908560566,38.080495356037154,38.080495356037154,50.0,87.98765432098766,50.0
"Stanek, Ryne",2022,24.050632911392405,31.856540084388186,77.42616033755274,47.257383966244724,,,17.519874747116027,1.0798407232729095,16.182689938634258,1.3533108414845536,36.135716250507755,36.507936507936506,36.507936507936506,75.0,85.308908045977,75.0
"Dunning, Dane",2022,45.9915611814346,42.19409282700422,2.7426160337552745,21.729957805907173,,,33.50291837606398,1.4302526136065026,0.5732287989161999,0.6222813244326295,36.12868111301931,44.05896472501303,44.05896472501303,100.0,100.0,100.0
"Thompson, Zach",2022,23.628691983122362,68.14345991561181,77.0042194092827,14.556962025316455,,,17.212508523482413,2.3098579709745017,16.09450089264715,0.4168680717072955,36.033735458811364,36.0775589799415,36.0775589799415,100.0,96.80993357487924,100.0
"Gonzales, Marco",2022,40.71729957805908,98.94514767932489,5.063291139240507,62.869198312236286,,,29.660840580643807,3.3539423789072482,1.0582685518452921,1.8003867444749864,35.873438255871335,43.333647007539,43.333647007539,100.0,100.0,100.0
"Colomé, Alex",2022,44.09282700421941,8.860759493670885,13.291139240506327,18.776371308016877,,,32.11977036971272,0.3003530488573655,2.7779549485938917,0.5376993968398449,35.73577776400383,45.50408719346049,45.50408719346049,50.0,91.15954077593032,50.0
"Cueto, Johnny",2022,44.303797468354425,78.05907172995781,3.1645569620253164,1.89873417721519,,,32.27345348152952,2.64596733517203,0.6614178449033076,0.05437409630964724,35.6352127579145,37.49552547273539,37.49552547273539,100.0,100.0,100.0
"Cabrera, Génesis",2022,16.033755274261605,40.92827004219409,97.46835443037975,71.51898734177216,,,11.679916498077354,1.3873450351983074,20.371669623021873,2.048090960996713,35.487022117294245,22.17898832684825,22.17898832684825,100.0,70.2041884816754,100.0
"Kaprielian, James",2022,18.354430379746837,49.57805907172996,91.13924050632912,47.04641350210971,,,13.370430728062233,1.6805468209876406,19.04883393321526,1.3472692752279263,35.447080757493055,44.274987804088724,44.274987804088724,100.0,93.29531507259392,100.0
"Foster, Matt",2022,20.675105485232066,74.0506329113924,75.84388185654008,69.62025316455697,,,15.060944958047111,2.510093336879412,15.851981016182604,1.9937168646870658,35.416736175796196,29.82456140350877,29.82456140350877,100.0,80.28714596949891,100.0
"Falter, Bailey",2022,27.21518987341772,64.9789029535865,59.91561181434599,27.637130801687764,,,19.825121424368138,2.202589024954014,12.52284453016929,0.7914451796181987,35.342000159109645,32.770563999799876,32.770563999799876,100.0,86.6023571611581,100.0
"McKenzie, Triston",2022,31.645569620253166,33.54430379746836,44.83122362869199,55.48523206751055,,,23.052466772521093,1.1370508278171696,9.370086136130192,1.588931925493025,35.148535661961475,55.77762026946216,55.77762026946216,75.0,100.0,75.0
"Kikuchi, Yusei",2022,40.50632911392405,17.932489451476794,22.9957805907173,5.9071729957805905,,,29.507157468827,0.6078573607827636,4.806303006297369,0.1691638551855692,35.0904816910927,37.67181452685194,37.67181452685194,100.0,94.30263614290669,100.0
"Rogers, Trevor",2022,21.729957805907173,77.0042194092827,71.72995780590718,52.53164556962025,,,15.829360517131148,2.610211019831867,14.992137817808306,1.5043499979002404,34.93605935267156,42.09708932678992,42.09708932678992,75.0,100.0,75.0
"Bradish, Kyle",2022,27.848101265822784,23.20675105485232,54.219409282700425,85.33755274261603,,,20.28617075981856,0.7866389374835763,11.332292409343337,2.443813550805812,34.848915657451286,40.86060475084535,40.86060475084535,100.0,91.21401792991034,100.0
"Abreu, Albert",2022,22.362869198312236,18.565400843881857,84.81012658227847,2.109704641350211,,,16.290409852581572,0.6293111499868611,17.725998243408643,0.06041566256627471,34.706134908543355,27.27272727272727,27.27272727272727,100.0,77.2289156626506,100.0
"Sawamura, Hirokazu",2022,30.168776371308013,53.16455696202531,48.10126582278481,29.11392405063291,,,21.976684989803438,1.8021182931441928,10.053551242530276,0.833736143414591,34.6660906688925,29.497475020462375,29.497475020462375,75.0,91.69679633867277,75.0
"Greinke, Zack",2022,23.20675105485232,91.35021097046413,58.438818565400844,78.37552742616035,,,16.905142299848798,3.096496908458078,12.214182869214413,2.244441864337106,34.46026394185839,38.151422146905695,38.151422146905695,100.0,94.79753521126761,100.0
"Head, Louis",2022,32.48945147679325,13.924050632911392,37.9746835443038,82.48945147679325,,,23.66719921978832,0.47198336249014583,7.937014138839692,2.3622524063413413,34.4384491274595,21.468610790784986,21.468610790784986,50.0,89.54460966542752,50.0
"Ramírez, Erasmo",2022,30.37974683544304,28.059071729957807,45.46413502109704,63.29113924050633,,,22.13036810162025,0.9511179880483243,9.502369705110851,1.8124698769882415,34.39632567176766,39.564894062639965,39.564894062639965,75.0,91.03757062146893,75.0
"Alexander, Tyler",2022,36.91983122362869,95.14767932489451,16.033755274261605,31.856540084388186,,,26.89454456794127,3.2252196436826632,3.3511837475100923,0.9122765047507482,34.38322446388478,28.924640414966163,28.924640414966163,100.0,94.20164609053498,100.0
"Gustave, Jandel",2022,29.957805907172997,39.87341772151899,42.405063291139236,76.37130801687763,,,21.823001877986634,1.3515887198581449,8.862999121704322,2.1870469848991445,34.22463670444825,23.371647509578544,23.371647509578544,50.0,78.7315634218289,50.0
"Hill, Garrett",2022,25.738396624472575,16.877637130801688,62.869198312236286,58.86075949367089,,,18.749339641650486,0.572101045442601,13.140167852079044,1.6855969855990647,34.147205524771195,31.97278911564626,31.97278911564626,100.0,71.9600915930651,100.0
"Kopech, Michael",2022,20.464135021097047,7.383966244725738,82.0675105485232,60.54852320675106,,,14.907261846230305,0.25029420738113795,17.152769444492442,1.7339295156520844,34.04425501375597,47.89549674582111,47.89549674582111,75.0,97.23775870772337,75.0
"Elder, Bryce",2022,45.14767932489451,14.556962025316455,0.6329113924050633,14.345991561181433,,,32.88818592879675,0.49343715169424335,0.13228356898066151,0.410826505450668,33.92473315492232,29.577464788732392,29.577464788732392,100.0,77.79686903398243,100.0
"Soto, Gregory",2022,26.582278481012654,0.8438818565400843,67.08860759493672,12.658227848101266,,,19.364072088917712,0.028605052272130047,14.022058311950122,0.36249397539764827,33.777229428537616,28.295412677875188,28.295412677875188,75.0,95.78877887788778,75.0
"Otto Jr., Glenn",2022,35.654008438818565,17.088607594936708,22.046413502109704,90.50632911392405,,,25.97244589704043,0.5792523085106335,4.607877652826376,2.591831924093185,33.75140778247062,35.363288527130614,35.363288527130614,100.0,96.53196133458063,100.0
"Bundy, Dylan",2022,19.198312236286917,86.49789029535864,71.09704641350211,66.9831223628692,,,13.98516317532946,2.93201785789333,14.859854248827645,1.918197286479222,33.695232568529654,44.20621693463093,44.20621693463093,100.0,94.12996941896026,100.0
"Blackburn, Paul",2022,28.902953586497894,82.91139240506328,36.28691983122363,77.63713080168776,,,21.054586318902597,2.810446385736777,7.58425795489126,2.2232963824389094,33.67258704196954,33.60188314191036,33.60188314191036,100.0,89.68558456299662,100.0
"Gilbreath, Lucas",2022,31.856540084388186,1.4767932489451476,39.66244725738397,49.68354430379747,,,23.206149884337897,0.050058841476227585,8.289770322788122,1.4227888534357696,32.96876790203802,33.11036789297659,33.11036789297659,50.0,92.71399676375404,50.0
"Loup, Aaron",2022,35.44303797468354,84.38818565400844,18.565400843881857,13.502109704641349,,,25.81876278522362,2.860505227213005,3.880318023432738,0.38666024042415814,32.946246276293515,29.93178207644145,29.93178207644145,75.0,92.28432432432433,75.0
"Manaea, Sean",2022,39.66244725738397,67.08860759493672,6.751054852320674,2.7426160337552745,,,28.892425021559767,2.274101655634339,1.4110247357937227,0.07854036133615713,32.65609177432399,45.733418378269846,45.733418378269846,100.0,100.0,100.0
"Thompson, Mason",2022,25.52742616033755,9.282700421940929,53.37552742616034,78.69198312236287,,,18.59565652983368,0.31465557499343055,11.155914317369122,2.2535042137220467,32.319730635918276,25.0936329588015,25.0936329588015,50.0,74.50187265917602,50.0
"Feltner, Ryan",2022,14.978902953586498,25.738396624472575,94.9367088607595,23.839662447257385,,,10.911500938993317,0.8724540942999666,19.84253534709923,0.6826969869989044,32.30918736739142,33.290391644101014,33.290391644101014,100.0,91.01332473672902,100.0
"Berríos, José",2022,26.79324894514768,70.25316455696202,39.87341772151899,72.46835443037975,,,19.517755200734523,2.3813706016548264,8.333864845781676,2.0752780091515364,32.308268657322564,45.57820468933832,45.57820468933832,100.0,100.00000000000001,100.0
"May, Trevor",2022,22.573839662447256,59.07172995780591,60.54852320675106,40.08438818565401,,,16.444092964398376,2.0023536590491036,12.655128099149952,1.1478975887592195,32.24947231135665,20.634920634920636,20.634920634920636,75.0,63.49122807017544,75.0
"Baker, Bryan",2022,20.253164556962027,34.177215189873415,70.042194092827,50.63291139240506,,,14.7535787344135,1.158504617021267,14.639381633859875,1.449975901590593,32.001440886885234,35.596086327963654,35.596086327963654,75.0,94.60763018657755,75.0
"Suter, Brent",2022,40.29535864978903,43.88185654008439,4.219409282700422,7.383966244725738,,,29.35347435701019,1.4874627181507627,0.8818904598710768,0.2114548189819615,31.93428235401399,38.80743515292793,38.80743515292793,75.0,92.39993533785969,75.0
"De Jong, Chase",2022,21.518987341772153,7.172995780590717,67.72151898734177,61.39240506329114,,,15.675677405314342,0.2431429443131054,14.154341880930781,1.7580957806785942,31.831258011236823,32.86168019265804,32.86168019265804,75.0,98.13827993254637,75.0
"Urquidy, José",2022,10.970464135021098,92.40506329113924,85.0210970464135,99.78902953586498,,,7.991521814473979,3.132253223798241,17.770092766402197,2.857660839384794,31.75152864405921,47.00574253097935,47.00574253097935,100.0,97.22429906542055,100.0
"Ramírez, Yohan",2022,19.62025316455696,6.118143459915612,72.9957805907173,69.19831223628692,,,14.292529398963074,0.20738662897294288,15.25670495576963,1.9816337321738107,31.738254715879457,25.650557620817843,25.650557620817843,75.0,79.77869302581,75.0
"Lyles, Jordan",2022,27.637130801687764,44.72573839662447,34.49367088607595,98.94514767932489,,,20.132487648001753,1.5160677704228926,7.2094545094460525,2.833494574358284,31.69150450222898,41.92908807097826,41.92908807097826,100.0,98.06569511913023,100.0
"Quantrill, Cal",2022,38.39662447257383,18.776371308016877,14.135021097046414,1.2658227848101267,,,27.97032635065892,0.6364624130548936,2.954333040568107,0.03624939753976483,31.597371201821684,52.59090733946577,52.59090733946577,100.0,97.37020896189519,100.0
"Hernández, Carlos",2022,13.71308016877637,27.21518987341772,95.78059071729957,13.291139240506327,,,9.989402268092473,0.9225129357761941,20.018913439073444,0.38061867416753065,31.31144731710964,28.473750406579686,28.473750406579686,100.0,80.71746968207145,100.0
"Strickland, Hunter",2022,28.270042194092827,26.79324894514768,41.77215189873418,34.177215189873415,,,20.593536983452175,0.9082104096401291,8.73071555272366,0.9787337335736502,31.21119667938962,34.135577064475385,34.135577064475385,75.0,95.27798861480076,75.0
"Rucker, Michael",2022,12.025316455696203,61.39240506329114,83.96624472573839,97.0464135021097,,,8.759937373558014,2.0810175527974613,17.54962015143443,2.7791204780486365,31.16969555583854,28.57142857142857,28.57142857142857,100.0,77.41656757827982,100.0
"Adon, Joan",2022,13.502109704641349,18.354430379746837,92.19409282700421,50.0,,,9.835719156275664,0.6221598869188286,19.269306548183028,1.4318512028207107,31.15903679419823,38.40495894741184,38.40495894741184,100.0,89.16035455278,100.0
"Keuchel, Dallas",2022,38.81856540084388,73.20675105485233,0.8438818565400843,6.5400843881856545,,,28.277692574292537,2.4814882846072823,0.17637809197421533,0.18728855395545163,31.122847504829483,31.528522096881908,31.528522096881908,100.0,83.5370529327611,100.0
"Pivetta, Nick",2022,14.767932489451477,20.88607594936709,79.32489451476793,93.67088607594937,,,10.75781782717651,0.7079750437352188,16.579540645576245,2.6824554179425975,30.72778893443057,50.860781085639886,50.860781085639886,75.0,94.93577581506925,75.0
"Newcomb, Sean",2022,14.135021097046414,32.278481012658226,80.37974683544303,78.90295358649789,,,10.296768491726088,1.0941432494089744,16.80001326054401,2.2595457799786742,30.450470781657742,23.07692307692308,23.07692307692308,75.0,77.94587945879458,75.0
"Brieske, Beau",2022,20.88607594936709,65.18987341772153,60.337552742616026,1.0548523206751055,,,15.21462806986392,2.2097402880220467,12.611033576156396,0.030207831283137355,30.0656097653255,32.18665389944167,32.18665389944167,100.0,91.03877221324717,100.0
"Thompson, Keegan",2022,22.78481012658228,27.637130801687764,47.89029535864979,84.38818565400844,,,16.597776076215187,0.9368154619122592,10.009456719536722,2.4166265026509883,29.960674760315158,37.46581311944528,37.46581311944528,100.0,89.69016393442625,100.0
"Barlow, Joe",2022,30.801687763713083,39.45147679324894,23.523206751054854,41.983122362869196,,,22.437734325253864,1.3372861937220797,4.916539313781254,1.2022716850688666,29.89383151782606,30.069930069930063,30.069930069930063,50.0,85.19266666666667,50.0
"Farmer, Buck",2022,23.417721518987342,25.52742616033755,47.67932489451477,66.24472573839662,,,17.05882541166561,0.865302831231934,9.965362196543168,1.897051804581026,29.786542244021735,24.81203007518797,24.81203007518797,75.0,88.6426603699331,75.0
"Gilbert, Logan",2022,6.751054852320674,65.61181434599156,95.56962025316456,88.18565400843882,,,4.917859578137832,2.2240428141581114,19.97481891607989,2.525374695270283,29.642096003646117,54.75124576480753,54.75124576480753,100.0,96.88970424727596,100.0
"Smeltzer, Devin",2022,28.48101265822785,24.894514767932492,24.78902953586498,98.52320675105484,,,20.747220095268982,0.8438490420278366,5.1811064517425764,2.821411441845029,29.593587030884425,32.432432432432435,32.432432432432435,100.0,82.96141572381781,100.0
"Hernández, Elieser",2022,29.535864978902953,75.31645569620254,24.261603375527425,7.172995780590717,,,21.51563565435302,2.5530009152876074,5.070870144258691,0.205413252725334,29.34491996662465,32.3437250112345,32.3437250112345,100.0,88.33605318827439,100.0
"Morejon, Adrian",2022,9.071729957805907,62.236286919831215,88.18565400843882,57.383966244725734,,,6.608373808122712,2.1096226050695908,18.431510611305505,1.643306021802672,28.79281304630048,31.506849315068493,31.506849315068493,75.0,80.04301075268816,75.0
"Duffey, Tyler",2022,27.004219409282697,92.61603375527426,15.18987341772152,96.83544303797468,,,19.671438312551327,3.139404486866273,3.174805655535877,2.7730789117920094,28.758727366745486,22.779922779922774,22.779922779922774,100.0,72.86091794158554,100.0
"Velasquez, Vince",2022,24.47257383966245,20.253164556962027,38.18565400843882,57.17299578059072,,,17.827240970749646,0.6865212545311212,7.981108661833245,1.6372644555460447,28.132135342660057,35.00639855473673,35.00639855473673,100.0,83.95075168481078,100.0
"Clevinger, Mike",2022,16.244725738396625,25.949367088607595,69.40928270042194,29.324894514767934,,,11.83359960989416,0.879605357367999,14.507098064879212,0.8397777096712186,28.06008074181259,34.343784112759735,34.343784112759735,100.0,92.05433333333333,100.0
"Strzelecki, Peter",2022,21.940928270042196,83.75527426160338,30.168776371308013,92.82700421940928,,,15.983043628947957,2.8390514380089074,6.305516788078198,2.6582891529160873,27.78590100795115,21.25984251968504,21.25984251968504,75.0,77.82961692395655,75.0
"Poppen, Sean",2022,19.40928270042194,60.75949367088608,43.037974683544306,84.17721518987342,,,14.138846287146269,2.059563763593364,8.995282690684984,2.410584936394361,27.604277677818978,19.35483870967742,19.35483870967742,50.0,81.15900802334063,50.0
"Keller, Brad",2022,33.755274261603375,6.5400843881856545,11.181434599156118,7.59493670886076,,,24.589297890689163,0.2216891551090079,2.3370097186583534,0.21749638523858897,27.365493149695116,45.94453699868193,45.94453699868193,100.0,96.7130084935181,100.0
"Wentz, Joey",2022,8.227848101265822,21.09704641350211,89.24050632911393,65.61181434599156,,,5.9936413608554835,0.7151263068032513,18.651983226273273,1.8789271058111436,27.23967799974315,24.52830188679245,24.52830188679245,100.0,69.07687687687688,100.0
"Wilson, Bryse",2022,10.126582278481013,72.57383966244726,78.90295358649789,25.738396624472575,,,7.37678936720675,2.460034495403184,16.491351599589134,0.7370710833085515,27.065246545507623,35.95266501444991,35.95266501444991,100.0,84.94093722369584,100.0
"Weaver, Luke",2022,13.291139240506327,75.10548523206751,60.86497890295358,70.88607594936708,,,9.682036044458856,2.5458496522195744,12.721269883640282,2.0299662622268304,26.979121842545545,28.05755395683453,28.05755395683453,75.0,82.10794103661435,75.0
"Archer, Chris",2022,24.894514767932492,11.39240506329114,32.06751054852321,55.69620253164557,,,18.13460719438326,0.3861682056737557,6.702367495020185,1.5949734917496523,26.81811638682685,41.2019342937489,41.2019342937489,100.0,94.72055888223554,100.0
"Sanchez, Aaron",2022,17.932489451476794,59.70464135021098,47.46835443037975,60.75949367088608,,,13.063064504428619,2.0238074482532014,9.921267673549615,1.7399710819087117,26.748110708140146,30.41779894358788,30.41779894358788,100.0,85.42379058979456,100.0
"Smith, Joe",2022,29.746835443037973,50.42194092827004,2.5316455696202533,93.88185654008439,,,21.669318766169823,1.7091518732597704,0.5291342759226461,2.6884969841992246,26.596101899551467,22.17898832684825,22.17898832684825,75.0,56.006160164271044,75.0
"Knebel, Corey",2022,12.447257383966246,2.109704641350211,71.30801687763713,86.49789029535864,,,9.06730359719163,0.07151263068032512,14.903948771821197,2.477042165217263,26.519807164910418,36.102236421725244,36.102236421725244,50.0,93.93788063337394,50.0
"Weems, Jordan",2022,17.088607594936708,48.31223628691983,52.95358649789029,33.016877637130804,,,12.448332057161387,1.6376392425794453,11.067725271382013,0.9455051191621994,26.099201690285042,27.536231884057973,27.536231884057973,75.0,81.90571428571428,75.0
"Pepiot, Ryan",2022,27.42616033755274,37.9746835443038,12.552742616033754,63.0801687763713,,,19.978804536184946,1.2872273522458524,2.623624118116453,1.8064283107316137,25.696084317278867,25.37313432835821,25.37313432835821,75.0,80.42436594202897,75.0
"Estévez, Carlos",2022,15.611814345991561,11.60337552742616,63.29113924050633,20.88607594936709,,,11.372550274443737,0.39331946874178814,13.228356898066153,0.5981150594061196,25.592341700657798,41.86046511627907,41.86046511627907,75.0,85.96219931271477,75.0
"Watkins, Spenser",2022,16.455696202531644,17.72151898734177,51.68776371308017,73.20675105485233,,,11.987282721710967,0.600706097714731,10.803158133420691,2.096423491049733,25.487570443896125,38.45527174166009,38.45527174166009,100.0,91.4072689511942,100.0
"Zimmermann, Bruce",2022,31.434599156118143,51.0548523206751,2.320675105485232,12.869198312236287,,,22.898783660704282,1.730605662463868,0.48503975292909224,0.36853554165427577,25.48296461775152,23.122821311884675,23.122821311884675,100.0,70.5958756540474,100.0
"Senzatela, Antonio",2022,3.5864978902953584,96.20253164556962,92.40506329113924,2.5316455696202533,,,2.6126129008857233,3.2609759590228258,19.313401071176582,0.07249879507952967,25.25948872616466,43.39275436652584,43.39275436652584,100.0,87.33354390397979,100.0
"Sands, Cole",2022,18.143459915611814,45.78059071729958,37.130801687763714,91.9831223628692,,,13.216747616245424,1.5518240857630554,7.760636046865476,2.6341228878895775,25.163330636763533,19.02834008097166,19.02834008097166,75.0,72.32959501557633,75.0
"Hernández, Jonathan",2022,11.181434599156118,36.075949367088604,72.57383966244726,14.767932489451477,,,8.145204926290786,1.2228659846335594,15.16851590978252,0.422909637963923,24.959496458670788,19.35483870967742,19.35483870967742,75.0,59.59274193548387,75.0
"García, Luis",2022,3.1645569620253164,23.628691983122362,99.78902953586498,25.21097046413502,,,2.305246677252109,0.8009414636196414,20.856709375950967,0.7219671676669828,24.6848646844897,42.028985507246375,42.028985507246375,100.0,85.53472914589564,100.0
"Lynch IV, Daniel",2022,15.400843881856542,28.691983122362867,58.016877637130804,10.548523206751055,,,11.218867162626932,0.9725717772524216,12.125993823227306,0.30207831283137354,24.619511075938032,45.915572326375184,45.915572326375184,100.0,94.63175906913074,100.0
"Grove, Michael",2022,4.219409282700422,84.59915611814345,78.69198312236287,76.79324894514767,,,3.0736622363361454,2.8676564902810373,16.447257076595584,2.199130117412399,24.587705920625165,25.37313432835821,25.37313432835821,75.0,60.45338983050847,75.0
"Sears, JP",2022,10.337552742616033,64.34599156118144,60.12658227848101,70.042194092827,,,7.5304724790235555,2.1811352357499163,12.566939053162844,2.0057999972003207,24.284346765136636,36.16100246819821,36.16100246819821,75.0,94.1004880849842,75.0
"Stroman, Marcus",2022,28.691983122362867,61.18143459915611,4.008438818565401,16.033755274261605,,,20.900903207085786,2.0738662897294287,0.8377959368775231,0.45915903550368786,24.271724469196425,43.75983713671625,43.75983713671625,100.0,89.44276325844415,100.0
"Ort, Kaleb",2022,14.345991561181433,25.105485232067508,48.31223628691983,81.75105485232066,,,10.450451603542893,0.8510003050958689,10.09764576552383,2.3411069244431446,23.740204598605736,25.925925925925924,25.925925925925924,50.0,84.83817427385891,50.0
"Moronta, Reyes",2022,6.329113924050633,44.09282700421941,72.36286919831224,83.75527426160338,,,4.610493354504218,1.494613981218795,15.124421386788967,2.398501803881106,23.628030526393086,28.05755395683453,28.05755395683453,75.0,84.56214248569943,75.0
"Heasley, Jonathan",2022,4.852320675105485,14.767932489451477,79.53586497890295,95.56962025316456,,,3.534711571786567,0.5005884147622759,16.6236351685698,2.7368295142522445,23.395764669370884,35.825563000849385,35.825563000849385,100.0,95.93780369290573,100.0
"Williams, Trevor",2022,19.831223628691983,97.67932489451476,25.738396624472575,5.69620253164557,,,14.446212510779883,3.311034800499053,5.379531805213569,0.16312228892894173,23.299901405421448,49.87468671679198,49.87468671679198,100.0,80.7548752834467,100.0
"Waldichuk, Ken",2022,8.649789029535865,52.320675105485236,59.49367088607595,92.19409282700421,,,6.301007584489098,1.7735132408720633,12.434655484182182,2.6401644541462046,23.149340763689548,23.07692307692308,23.07692307692308,75.0,67.7157738095238,75.0
"Pilkington, Konnor",2022,9.49367088607595,12.025316455696203,67.40506329113924,59.70464135021098,,,6.915740031756328,0.4076219948778532,14.088200096440453,1.7097632506255747,23.121325373700206,35.47138760346738,35.47138760346738,100.0,84.27589367552704,100.0
"Machado, Andrés",2022,18.776371308016877,81.0126582278481,29.535864978902953,14.978902953586498,,,13.677796951695846,2.746085018124485,6.173233219097537,0.4289512042205505,23.026066393138418,26.295926295926293,26.295926295926293,100.0,86.17598953222114,100.0
"Fedde, Erick",2022,11.814345991561181,41.983122362869196,56.540084388185655,35.12658227848101,,,8.606254261741206,1.42310135053847,11.817332162272429,1.0059207817284739,22.85260855628058,42.98448323769696,42.98448323769696,75.0,97.29434954007885,75.0
"Castano, Daniel",2022,22.9957805907173,56.9620253164557,18.776371308016877,4.219409282700422,,,16.75145918803199,1.9308410283687785,3.9244125464262916,0.12083132513254942,22.72754408795961,21.875,21.875,100.0,58.543543543543535,100.0
"Melancon, Mark",2022,21.308016877637133,49.789029535864984,17.72151898734177,58.22784810126582,,,15.521994293497537,1.6876980840556732,3.7039399314585224,1.667472286829182,22.581104595840912,35.69821100418335,35.69821100418335,50.0,98.28269085411944,50.0
"Baumann, Mike",2022,8.438818565400844,27.004219409282697,65.40084388185655,63.81856540084389,,,6.147324472672291,0.9153616727081615,13.669302128001691,1.8275737926298103,22.559562066011953,22.17898832684825,22.17898832684825,75.0,66.01532567049809,75.0
"Gose, Anthony",2022,10.759493670886076,9.071729957805907,58.64978902953587,72.9957805907173,,,7.837838702657171,0.307504311925398,12.258277392207967,2.090381924793105,22.494002331583644,19.67871485943775,19.67871485943775,50.0,73.47359735973598,50.0
"Hoffman, Jeff",2022,9.282700421940929,9.70464135021097,61.81434599156118,76.16033755274262,,,6.76205691993952,0.3289581011294956,12.919695237111275,2.1810054186425174,22.19171567682281,30.55555555555556,30.55555555555556,75.0,84.81169871794873,75.0
"Minor, Mike",2022,21.09704641350211,81.43459915611815,8.227848101265822,79.74683544303798,,,15.368311181680728,2.76038754426055,1.7196863967485996,2.2837120450051844,22.13209716769506,37.7722500812248,37.7722500812248,100.0,95.89761222540591,100.0
"Bummer, Aaron",2022,12.236286919831224,8.016877637130802,50.42194092827004,83.96624472573839,,,8.913620485374823,0.2717479965852355,10.538590995459368,2.4045433701377332,22.12850284755716,21.568627450980397,21.568627450980397,50.0,78.1859131859132,50.0
"Ureña, José",2022,16.666666666666664,31.223628691983123,41.983122362869196,0.42194092827004215,,,12.140965833527773,1.058386934068812,8.774810075717214,0.012083132513254942,21.986245975827053,42.06324624984728,42.06324624984728,100.0,93.56761200164405,100.0
"Houser, Adrian",2022,4.008438818565401,71.30801687763713,70.67510548523207,61.81434599156118,,,2.9199791245193385,2.4171269169949894,14.771665202840536,1.770178913191849,21.87895015754671,45.40975262139875,45.40975262139875,100.0,90.43542568542568,100.0
"Plesac, Zach",2022,16.877637130801688,33.33333333333333,33.9662447257384,42.405063291139236,,,12.294648945344582,1.1298995647491368,7.099218201962168,1.2143548175821215,21.73812152963801,44.47093997310214,44.47093997310214,100.0,97.37040469570591,100.0
"Márquez, Germán",2022,17.29957805907173,39.029535864978904,35.0210970464135,3.375527426160337,,,12.602015168978197,1.322983667586015,7.3196908169299375,0.09666506010603954,21.34135471360019,45.8168252062661,45.8168252062661,100.0,97.79224128265501,100.0
"King, John",2022,4.641350210970464,69.62025316455697,67.9324894514768,30.168776371308013,,,3.38102845996976,2.3599168124507295,14.198436403924337,0.8639439746977283,20.803325651042556,33.993399339933994,33.993399339933994,100.0,75.11986628462272,100.0
"Gore, MacKenzie",2022,1.6877637130801686,19.198312236286917,83.12236286919831,54.008438818565395,,,1.229464894534458,0.6507649391909586,17.373242059460214,1.5466409616966326,20.80011285488226,44.1340782122905,44.1340782122905,100.0,86.1213566507684,100.0
"Hjelle, Sean",2022,15.18987341772152,63.71308016877637,24.050632911392405,45.358649789029535,,,11.065184050810124,2.159681446545819,5.026775621265138,1.2989367451749063,19.550577863795986,21.25984251968504,21.25984251968504,50.0,75.30220197418375,50.0
"Ortega, Oliver",2022,5.063291139240507,6.962025316455696,64.34599156118144,71.30801687763713,,,3.688394683603375,0.23599168124507292,13.448829513033921,2.042049394740085,19.415265272622456,30.313588850174217,30.313588850174217,50.0,87.87385740402193,50.0
"Castellanos, Humberto",2022,14.556962025316455,50.63291139240506,29.324894514767934,30.485232067510548,,,10.6041347153597,1.716303136327803,6.1291386961039835,0.8730063240826696,19.322582871874157,20.0,20.0,100.0,63.62222222222222,100.0
"Borucki, Ryan",2022,12.658227848101266,9.915611814345992,42.82700421940928,11.39240506329114,,,9.220986709008436,0.33610936419752807,8.951188167691429,0.32624457785788347,18.834528818755278,20.318725099601597,20.318725099601597,75.0,59.55325670498084,75.0
"Moreta, Dauri",2022,8.860759493670885,49.36708860759494,49.789029535864984,8.860759493670885,,,6.454690696305905,1.673395557919608,10.406307426478707,0.2537457827783538,18.788139463482572,28.31541218637993,28.31541218637993,75.0,75.82272974442633,75.0
"Gutierrez, Vladimir",2022,2.5316455696202533,35.232067510548525,66.66666666666666,58.016877637130804,,,1.8441973418016875,1.1942609323614297,13.933869265963011,1.6614307205725547,18.633758260698684,26.73992673992674,26.73992673992674,100.0,69.90545808966861,100.0
"Bird, Jake",2022,1.2658227848101267,13.502109704641349,70.88607594936708,71.94092827004219,,,0.9220986709008437,0.45768083635408074,14.81575972583409,2.0601740935099677,18.255713326598983,32.20338983050847,32.20338983050847,75.0,80.05995203836932,75.0
"Chacín, Jhoulys",2022,6.118143459915612,37.34177215189873,52.53164556962025,31.0126582278481,,,4.456810242687411,1.2657735630417546,10.979536225394906,0.8881102397242382,17.59023027084831,25.42805432701128,25.42805432701128,100.0,79.2098456403838,100.0
"Dunn, Justin",2022,9.915611814345992,21.308016877637133,34.810126582278485,69.83122362869199,,,7.223106255389942,0.7222775698712839,7.275596293936385,1.999758430943693,17.220738550141302,20.318725099601597,20.318725099601597,75.0,66.2254710851202,75.0
"Oller, Adam",2022,3.375527426160337,28.270042194092827,61.18143459915611,16.877637130801688,,,2.458929789068916,0.9582692511163567,12.787411668130613,0.4833253005301977,16.687936008846084,30.54844699330492,30.54844699330492,100.0,78.58980392156863,100.0
"Freeland, Kyle",2022,18.9873417721519,65.40084388185655,1.4767932489451476,5.063291139240507,,,13.831480063512656,2.2168915510900793,0.30866166095487685,0.14499759015905933,16.50203086571667,40.36138020015397,40.36138020015397,100.0,100.0,100.0
"Faedo, Alex",2022,17.72151898734177,19.62025316455696,9.70464135021097,27.004219409282697,,,12.90938139261181,0.6650674653270237,2.0283480577034765,0.7733204808483163,16.376117396490628,30.4657164218701,30.4657164218701,75.0,92.42694300518134,75.0
"Bubic, Kris",2022,7.383966244725738,23.417721518987342,33.54430379746836,88.39662447257383,,,5.378908913588255,0.7937902005516089,7.011029155975061,2.5314162615269105,15.715144531641835,47.127367781134964,47.127367781134964,75.0,100.0,75.0
"Matzek, Tyler",2022,6.962025316455696,1.89873417721519,38.81856540084388,80.59071729957806,,,5.07154268995464,0.06436136761229262,8.113392230813906,2.307878310031694,15.557174598412534,37.10691823899371,37.10691823899371,50.0,89.55696202531644,50.0
"Barria, Jaime",2022,17.51054852320675,68.9873417721519,1.2658227848101267,2.9535864978902953,,,12.755698280795004,2.3384630232466312,0.26456713796132303,0.0845819275927846,15.443310369595743,34.58616980906596,34.58616980906596,100.0,84.87814879906269,100.0
"Mayers, Mike",2022,11.60337552742616,87.34177215189874,14.556962025316455,26.582278481012654,,,8.452571149924399,2.96062291016546,3.042522086555215,0.7612373483350613,15.216953494980135,28.1030796174272,28.1030796174272,100.0,87.71595184349134,100.0
"Sánchez, Cristopher",2022,13.924050632911392,24.47257383966245,15.400843881856542,18.143459915611814,,,10.14308537990928,0.8295465158917715,3.2189001785294304,0.5195746980699625,14.711106772400445,29.82456140350877,29.82456140350877,75.0,79.05023474178404,75.0
"Rainey, Tanner",2022,3.79746835443038,29.957805907172997,40.50632911392405,68.77637130801688,,,2.766296012702531,1.0154793556606168,8.466148414762337,1.9695505996605556,14.21747438278604,25.925925925925924,25.925925925925924,50.0,86.39951426836673,50.0
"Miley, Wade",2022,12.869198312236287,90.92827004219409,3.375527426160337,28.691983122362867,,,9.374669820825243,3.0821943823220126,0.7055123678968613,0.821653010901336,13.984029581945453,21.568627450980397,21.568627450980397,75.0,64.08933333333333,75.0
"Hutchison, Drew",2022,15.822784810126583,27.42616033755274,1.0548523206751055,13.71308016877637,,,11.526233386260547,0.9296641988442266,0.2204726149677692,0.39270180668078564,13.069072006753329,39.66984358258596,39.66984358258596,100.0,92.57755406413125,100.0
"García, Rony",2022,2.320675105485232,52.95358649789029,44.09282700421941,10.970464135021098,,,1.69051422998488,1.7949670300761607,9.215755305652753,0.31416144534462853,13.015398011058423,28.57142857142857,28.57142857142857,100.0,85.3360853113175,100.0
"Tetreault, Jackson",2022,8.016877637130802,13.080168776371309,26.371308016877638,36.60337552742617,,,5.839958249038677,0.4433783102180158,5.51181537419423,1.0482117455248665,12.84336367897579,20.318725099601597,20.318725099601597,50.0,59.09989806320082,50.0
"Blach, Ty",2022,7.805907172995781,70.46413502109705,19.198312236286917,19.40928270042194,,,5.686275137221869,2.3885218647228594,4.012601592413398,0.5558240956097273,12.643222689967853,26.73992673992674,26.73992673992674,100.0,71.65249266862169,100.0
"Hill, Tim",2022,11.39240506329114,95.56962025316456,3.79746835443038,2.320675105485232,,,8.298888038107593,3.2395221698187284,0.7937014138839692,0.06645722882290218,12.398568850633193,35.064935064935064,35.064935064935064,100.0,82.0373635600336,100.0
"Corbin, Patrick",2022,6.5400843881856545,55.69620253164557,27.004219409282697,1.4767932489451476,,,4.764176466321026,1.8879334499605833,5.644098943174891,0.0422909637963923,12.338499823252892,52.51751792915333,52.51751792915333,100.0,97.70939844842935,100.0
"Rodríguez, Elvin",2022,5.9071729957805905,21.940928270042196,28.902953586497894,42.616033755274266,,,4.303127130870603,0.7437313590753813,6.040949650116877,1.2203963838387493,12.308204523901612,21.875,21.875,75.0,73.40400000000001,75.0
"Winckowski, Josh",2022,7.172995780590717,56.118143459915615,21.518987341772153,22.151898734177212,,,5.225225801771447,1.9022359760966485,4.497641345342492,0.6343644569458844,12.259467580156471,31.716405068233378,31.716405068233378,100.0,81.25767727526521,100.0
"Abbott, Cory",2022,13.080168776371309,13.71308016877637,5.485232067510549,37.9746835443038,,,9.528352932642052,0.4648320994221133,1.1464575978323999,1.087481926192945,12.22712455608951,28.176795580110493,28.176795580110493,75.0,85.15700197238658,75.0
"Ragans, Cole",2022,9.70464135021097,23.839662447257385,18.354430379746837,12.025316455696203,,,7.069423143573134,0.808092726687674,3.8362235004391843,0.3443692766277659,12.058108647327758,24.24242424242424,24.24242424242424,75.0,81.5614300100705,75.0
"Sampson, Adrian",2022,10.548523206751055,47.67932489451477,10.337552742616033,13.924050632911392,,,7.684155590840364,1.616185453375348,2.160631626684138,0.3987433729374131,11.859716043837263,38.140033341271725,38.140033341271725,100.0,89.63076601962011,100.0
"Sulser, Cole",2022,5.485232067510549,80.80168776371308,10.126582278481013,46.41350210970464,,,3.9957609072369893,2.7389337550564523,2.1165371036905842,1.3291445764580436,10.180376342442068,23.371647509578544,23.371647509578544,75.0,84.83782356048602,75.0
"Shaw, Bryan",2022,5.274261603375527,2.7426160337552745,20.88607594936709,64.9789029535865,,,3.842077795420182,0.09296641988442267,4.36535777636183,1.8608024070412612,10.161204398707696,45.94594594594595,45.94594594594595,100.0,83.91675874769797,100.0
"Flexen, Chris",2022,7.59493670886076,14.135021097046414,12.552742616033754,47.46835443037975,,,5.532592025405062,0.4791346255581784,2.623624118116453,1.3593524077411812,9.994703176820874,44.23557539067096,44.23557539067096,100.0,93.81668222844695,100.0
"McGee, Jake",2022,1.0548523206751055,42.82700421940928,31.223628691983123,39.66244725738397,,,0.7684155590840364,1.4517064028106001,6.525989403045968,1.1358144562459647,9.88192582118657,37.88819875776397,37.88819875776397,50.0,88.88745980707395,50.0
"Bumgarner, Madison",2022,2.9535864978902953,19.831223628691983,26.160337552742618,31.434599156118143,,,2.1515635654353016,0.6722187283950561,5.467720851200677,0.9001933722374932,9.191696517268529,45.78005259191927,45.78005259191927,100.0,100.0,100.0
"Kennedy, Ian",2022,0.6329113924050633,93.88185654008439,20.253164556962027,17.51054852320675,,,0.46104933545042187,3.182312065274468,4.2330742073811685,0.5014499993000802,8.377885607406139,43.342776203966,43.342776203966,50.0,92.73927392739274,50.0
"Alexander, Jason",2022,0.42194092827004215,45.9915611814346,27.42616033755274,17.088607594936708,,,0.3073662236336145,1.5589753488310878,5.732287989161999,0.4893668667868251,8.087996428413527,47.08994708994709,47.08994708994709,75.0,87.61522988505747,75.0
"Hudson, Dakota",2022,2.7426160337552745,14.345991561181433,22.573839662447256,6.962025316455696,,,1.9978804536184946,0.4862858886262108,4.71811396031026,0.19937168646870654,7.401651989023673,43.231734851110694,43.231734851110694,100.0,97.16297262059973,100.0
"Familia, Jeurys",2022,5.69620253164557,19.40928270042194,12.025316455696203,0.6329113924050633,,,4.149444019053797,0.6579162022589912,2.513387810632569,0.018124698769882416,7.338872730715239,27.79783393501805,27.79783393501805,100.0,76.17934165720771,100.0
"Bleier, Richard",2022,1.89873417721519,94.30379746835443,8.860759493670885,6.118143459915612,,,1.3831480063512656,3.1966145914105333,1.8519699657292612,0.17520542144219667,6.606937984933257,35.275080906148865,35.275080906148865,100.0,76.11440860215053,100.0
"Logue, Zach",2022,1.4767932489451476,18.9873417721519,17.088607594936708,41.77215189873418,,,1.0757817827176508,0.6436136761229262,3.5716563624778606,1.1962301188122393,6.487281940130677,34.85342019543974,34.85342019543974,100.0,79.25630940675188,100.0
"Koenig, Jared",2022,4.430379746835443,33.755274261603375,6.118143459915612,24.68354430379747,,,3.2273453481529524,1.144202090885202,1.2787411668130615,0.7068632520254141,6.35715185787663,23.07692307692308,23.07692307692308,100.0,57.91679428279735,100.0
"Henry, Tommy",2022,0.8438818565400843,20.675105485232066,15.822784810126583,54.641350210970465,,,0.614732447267229,0.7008237806671862,3.307089224516538,1.564765660466515,6.187411112917468,32.432432432432435,32.432432432432435,100.0,74.6839293053843,100.0
"McFarland, T.J.",2022,2.109704641350211,75.52742616033755,4.852320675105485,9.915611814345992,,,1.5368311181680727,2.5601521783556396,1.0141740288517382,0.28395361406149117,5.395110939436941,29.328621908127207,29.328621908127207,75.0,74.31193926846102,75.0
"Pineda, Michael",2022,0.21097046413502107,95.9915611814346,6.329113924050633,18.9873417721519,,,0.15368311181680724,3.2538246959547936,1.3228356898066151,0.5437409630964725,5.274084460674689,36.102236421725244,36.102236421725244,75.0,79.53944368445052,75.0
