player_name,pitcher,pitch_type,pitch_name,pitches,xwoba,swings,whiffs,called_strikes,hard_hits,chase_swings,outside_zone,balls_in_play,ground_balls,whiff_rate,csw_rate,chase_rate,hard_hit_rate,gb_rate,predicted_xwoba,raw_effectiveness_index,effectiveness_score,confidence_score,trusted_effectiveness,usage,effectiveness_residual
"Abbott, Andrew",671096,CH,Changeup,154,0.30703193542269713,146,23,3,28,67,72,123,51,0.15753424657534246,0.16883116883116883,0.9305555555555556,0.18181818181818182,0.4146341463414634,0.27071468991081254,-0.27071468991081254,75.23277467411546,42.19653179190752,60.67426615429328,0.25496688741721857,0.03631724551188459
"Abbott, Andrew",671096,FF,4-Seam Fastball,326,0.30247436148196,263,38,30,90,61,98,217,66,0.1444866920152091,0.2085889570552147,0.6224489795918368,0.27607361963190186,0.30414746543778803,0.32845566669572474,-0.32845566669572474,40.78212290502793,56.803455723542115,44.78403738874074,0.5397350993377483,-0.025981305213764738
"Abbott, Andrew",671096,ST,Sweeper,124,0.24791336671219355,112,28,7,25,36,42,83,23,0.25,0.28225806451612906,0.8571428571428571,0.20161290322580644,0.27710843373493976,0.268720284481792,-0.268720284481792,75.97765363128491,35.8974358974359,59.355154466886304,0.2052980132450331,-0.020806917769598476
"Abel, Mick",690953,FF,4-Seam Fastball,73,0.41837422101306737,56,9,3,19,10,24,44,9,0.16071428571428573,0.1643835616438356,0.4166666666666667,0.2602739726027397,0.20454545454545456,0.3617564722355343,-0.3617564722355343,18.34264432029795,21.875,43.111324487895715,1.0,0.05661774877753306
"Abreu, Bryan",650556,FF,4-Seam Fastball,129,0.29498886410758196,102,29,10,34,30,46,69,23,0.28431372549019607,0.3023255813953488,0.6521739130434783,0.26356589147286824,0.3333333333333333,0.2982410987061874,-0.2982410987061874,60.98696461824954,33.77483443708609,53.741660192139314,0.4463667820069204,-0.0032522345986054635
"Abreu, Bryan",650556,SL,Slider,160,0.27870937587719297,134,49,10,36,56,73,83,35,0.3656716417910448,0.36875,0.7671232876712328,0.225,0.42168674698795183,0.2535370916532242,-0.2535370916532242,83.70577281191807,40.119760479041915,63.55055252623246,0.5536332179930796,0.025172284223968777
"Adam, Jason",592094,CH,Changeup,101,0.2387251667796185,83,19,7,24,23,34,61,35,0.2289156626506024,0.25742574257425743,0.6764705882352942,0.2376237623762376,0.5737704918032787,0.2796156671972862,-0.2796156671972862,70.7635009310987,29.328621908127207,56.122549696981665,0.5611111111111111,-0.0408905004176677
"Adam, Jason",592094,SL,Slider,79,0.28538964379017157,66,14,9,18,12,17,51,19,0.21212121212121213,0.2911392405063291,0.7058823529411765,0.22784810126582278,0.37254901960784315,0.2818640644115907,-0.2818640644115907,69.27374301675978,24.81203007518797,54.81721062432618,0.4388888888888889,0.0035255793785808898
"Akin, Keegan",669211,CH,Changeup,75,0.2008053582905983,64,12,5,13,18,26,51,24,0.1875,0.22666666666666666,0.6923076923076923,0.17333333333333334,0.47058823529411764,0.2740311625190192,-0.2740311625190192,74.11545623836126,24.242424242424242,55.881440099317196,0.2819548872180451,-0.0732258042284209
"Akin, Keegan",669211,FF,4-Seam Fastball,119,0.4196850431581928,94,15,5,41,21,37,76,23,0.1595744680851064,0.16806722689075632,0.5675675675675675,0.3445378151260504,0.3026315789473684,0.363480029574951,-0.363480029574951,17.13221601489758,31.97278911564626,39.52292276314623,0.4473684210526316,0.056205013583241814
"Akin, Keegan",669211,SL,Slider,72,0.3273693365894268,63,11,3,19,19,25,48,21,0.1746031746031746,0.19444444444444445,0.76,0.2638888888888889,0.4375,0.3041732312550187,-0.3041732312550187,57.262569832402235,23.954372623574145,51.775106031961826,0.2706766917293233,0.02319610533440808
"Alcala, Jorge",660896,CU,Curveball,65,0.2752279884615385,56,11,5,12,16,21,44,20,0.19642857142857142,0.24615384615384617,0.7619047619047619,0.18461538461538463,0.45454545454545453,0.26737835810617905,-0.26737835810617905,77.1880819366853,21.875,55.983763966480446,0.37572254335260113,0.00784963035535946
"Alcala, Jorge",660896,FF,4-Seam Fastball,108,0.3265427652853776,85,18,6,30,20,36,67,10,0.21176470588235294,0.2222222222222222,0.5555555555555556,0.2777777777777778,0.14925373134328357,0.34450033878895703,-0.34450033878895703,28.957169459962756,29.82456140350877,43.75673821425071,0.6242774566473989,-0.017957573503579405
"Alcantara, Sandy",645261,CH,Changeup,174,0.280090202202918,154,28,5,38,54,70,126,73,0.18181818181818182,0.1896551724137931,0.7714285714285715,0.21839080459770116,0.5793650793650794,0.27957582942283615,-0.27957582942283615,70.94972067039106,43.50282485875706,59.14002251470294,0.23450134770889489,0.0005143727800818731
"Alcantara, Sandy",645261,FC,Cutter,101,0.3485223703837073,88,20,4,31,21,31,66,24,0.22727272727272727,0.2376237623762376,0.6774193548387096,0.3069306930693069,0.36363636363636365,0.32098134549158236,-0.32098134549158236,46.83426443202979,30.555555555555557,49.06502172563624,0.13611859838274934,0.027541024892124955
"Alcantara, Sandy",645261,FF,4-Seam Fastball,145,0.32079269723923787,114,24,15,52,22,38,86,34,0.21052631578947367,0.2689655172413793,0.5789473684210527,0.3586206896551724,0.3953488372093023,0.33636857864678943,-0.33636857864678943,35.567970204841714,36.30573248407643,44.78999869527571,0.1954177897574124,-0.015575881407551562
"Alcantara, Sandy",645261,SI,Sinker,215,0.3641883649865389,183,6,9,88,16,35,177,103,0.03278688524590164,0.06976744186046512,0.45714285714285713,0.40930232558139534,0.5819209039548022,0.39408225604049874,-0.39408225604049874,3.6312849162011176,47.78067885117493,27.869023829319637,0.28975741239892183,-0.029893891053959842
"Alcantara, Sandy",645261,SL,Slider,107,0.3492094525962324,95,16,9,32,29,34,79,28,0.16842105263157894,0.2336448598130841,0.8529411764705882,0.29906542056074764,0.35443037974683544,0.30306861508134614,-0.30306861508134614,57.91433891992551,32.20338983050847,52.580248082567934,0.14420485175202155,0.046140837514886235
"Alexander, Jason",669920,CH,Changeup,123,0.24893083957491657,115,42,0,25,51,59,70,23,0.3652173913043478,0.34146341463414637,0.864406779661017,0.2032520325203252,0.32857142857142857,0.25101825469662453,-0.25101825469662453,85.28864059590316,36.507936507936506,62.9127131920428,0.4606741573033708,-0.0020874151217079584
"Alexander, Jason",669920,SI,Sinker,144,0.3994153306476119,125,1,4,65,10,26,124,74,0.008,0.034722222222222224,0.38461538461538464,0.4513888888888889,0.5967741935483871,0.42048741431349357,-0.42048741431349357,0.4655493482309125,38.46153846153847,30.976937401518406,0.5393258426966292,-0.021072083665881647
"Alexander, Scott",518397,SI,Sinker,62,0.4707172548076586,52,3,1,27,5,14,49,26,0.057692307692307696,0.06451612903225806,0.35714285714285715,0.43548387096774194,0.5306122448979592,0.4168474912107346,-0.4168474912107346,0.6517690875232774,20.634920634920633,39.85398007744377,1.0,0.05386976359692397
"Alexander, Tyler",641302,CH,Changeup,74,0.3357153906882591,70,10,0,27,32,36,60,36,0.14285714285714285,0.13513513513513514,0.8888888888888888,0.36486486486486486,0.6,0.3223109445344735,-0.3223109445344735,45.2513966480447,25.925925925925924,48.80336574936203,0.20903954802259886,0.01340444615378561
"Alexander, Tyler",641302,FF,4-Seam Fastball,104,0.3296583352188542,85,13,11,35,17,23,68,15,0.15294117647058825,0.23076923076923078,0.7391304347826086,0.33653846153846156,0.22058823529411764,0.3364357909993969,-0.3364357909993969,35.47486033519553,29.82456140350877,45.7006109314254,0.2937853107344633,-0.006777455780542729
"Alexander, Tyler",641302,SI,Sinker,83,0.26431492958299363,68,6,10,18,10,16,61,20,0.08823529411764706,0.1927710843373494,0.625,0.21686746987951808,0.32786885245901637,0.3123849178665818,-0.3123849178665818,52.42085661080075,25.37313432835821,50.64898968842936,0.2344632768361582,-0.04806998828358816
"Alexander, Tyler",641302,ST,Sweeper,93,0.3292606618503172,85,9,5,23,20,22,75,20,0.10588235294117647,0.15053763440860216,0.9090909090909091,0.24731182795698925,0.26666666666666666,0.3079530224369992,-0.3079530224369992,55.121042830540034,29.82456140350877,51.559998693194814,0.2627118644067797,0.021307639413318036
"Allard, Kolby",663465,FF,4-Seam Fastball,103,0.25897022742090703,89,18,10,32,18,25,70,19,0.20224719101123595,0.27184466019417475,0.72,0.3106796116504854,0.2714285714285714,0.31733257477119015,-0.31733257477119015,49.25512104283054,30.79584775086505,49.802826158396314,1.0,-0.05836234735028312
"Allen, Logan",671106,CH,Changeup,155,0.3100440982718218,151,17,1,49,52,55,131,66,0.11258278145695365,0.11612903225806452,0.9454545454545454,0.3161290322580645,0.5038167938931297,0.3141316819205664,-0.3141316819205664,51.48975791433892,43.01994301994302,50.66742003427292,0.2528548123980424,-0.004087583648744619
"Allen, Logan",671106,FF,4-Seam Fastball,202,0.3449980070776803,167,23,9,60,27,52,139,51,0.1377245508982036,0.15841584158415842,0.5192307692307693,0.297029702970297,0.3669064748201439,0.3513017534021115,-0.3513017534021115,24.67411545623836,45.50408719346049,38.501057951379906,0.3295269168026101,-0.006303746324431203
"Allen, Logan",671106,SI,Sinker,95,0.33510095394447587,74,4,6,30,18,32,69,50,0.05405405405405406,0.10526315789473684,0.5625,0.3157894736842105,0.7246376811594203,0.3368068277728943,-0.3368068277728943,34.63687150837989,27.00729927007299,45.884815615272736,0.15497553017944535,-0.0017058738284184138
"Allen, Logan",671106,ST,Sweeper,161,0.2759969649380303,132,32,12,31,42,63,97,37,0.24242424242424243,0.2732919254658385,0.6666666666666666,0.19254658385093168,0.38144329896907214,0.27859739776777237,-0.27859739776777237,71.88081936685289,39.75903614457831,58.72764802225663,0.2626427406199021,-0.0026004328297420942
"Alvarado, Elvis",665660,FF,4-Seam Fastball,91,0.29884527897812296,67,23,6,16,22,41,42,14,0.34328358208955223,0.31868131868131866,0.5365853658536586,0.17582417582417584,0.3333333333333333,0.27981679673312554,-0.27981679673312554,70.57728119180634,25.0936329588015,55.19846002552676,1.0,0.019028482244997424
"Alvarado, José",621237,SI,Sinker,67,0.3859251656095469,57,4,6,29,4,8,53,24,0.07017543859649122,0.14925373134328357,0.5,0.43283582089552236,0.4528301886792453,0.38886151166834304,-0.38886151166834304,4.8417132216014895,22.17898832684825,40.020578368077445,1.0,-0.002936346058796113
"Anderson, Grant",681982,FF,4-Seam Fastball,90,0.2176986167869498,71,29,7,11,22,35,36,9,0.4084507042253521,0.4,0.6285714285714286,0.12222222222222222,0.25,0.24290846077725448,-0.24290846077725448,89.19925512104282,26.199261992619927,60.304273433795785,0.3225806451612903,-0.02520984399030468
"Anderson, Grant",681982,SI,Sinker,84,0.4196123870235456,72,1,2,33,7,16,69,38,0.013888888888888888,0.03571428571428571,0.4375,0.39285714285714285,0.5507246376811594,0.4013044148553569,-0.4013044148553569,2.60707635009311,26.47058823529412,37.48904589768868,0.3010752688172043,0.01830797216818869
"Anderson, Grant",681982,ST,Sweeper,105,0.2479447855086413,97,23,3,20,32,37,73,29,0.23711340206185566,0.24761904761904763,0.8648648648648649,0.19047619047619047,0.3972602739726027,0.2631623545066827,-0.2631623545066827,79.60893854748603,32.659932659932664,59.70160951538978,0.3763440860215054,-0.015217568998041386
"Anderson, Tyler",542881,CH,Changeup,213,0.30062225971602063,183,43,10,36,70,91,137,56,0.23497267759562843,0.24882629107981222,0.7692307692307693,0.16901408450704225,0.40875912408759124,0.2649954486877316,-0.2649954486877316,78.2122905027933,47.78067885117493,63.50433459262608,0.3817204301075269,0.03562681102828902
"Anderson, Tyler",542881,FC,Cutter,106,0.3280861340311547,100,7,1,29,23,28,92,26,0.07,0.07547169811320754,0.8214285714285714,0.27358490566037735,0.2826086956521739,0.3401643345206471,-0.3401643345206471,31.65735567970205,33.33333333333333,43.91682184978275,0.18996415770609318,-0.012078200489492374
"Anderson, Tyler",542881,FF,4-Seam Fastball,239,0.3823509401110123,201,16,12,80,37,63,183,40,0.07960199004975124,0.11715481171548117,0.5873015873015873,0.33472803347280333,0.2185792349726776,0.3767684906169618,-0.3767684906169618,9.683426443202979,50.12468827930174,29.814662598624484,0.4283154121863799,0.0055824494940504565
"Armstrong, Shawn",542888,FC,Cutter,70,0.3242699620270188,59,3,5,21,11,17,55,12,0.05084745762711865,0.11428571428571428,0.6470588235294118,0.3,0.21818181818181817,0.3612913396774799,-0.3612913396774799,18.6219739292365,22.779922779922778,42.88805964783618,0.3056768558951965,-0.037021377650461096
"Armstrong, Shawn",542888,FF,4-Seam Fastball,76,0.2708026072702944,62,24,5,16,17,27,34,11,0.3870967741935484,0.3815789473684211,0.6296296296296297,0.21052631578947367,0.3235294117647059,0.2674577628367988,-0.2674577628367988,77.09497206703911,23.66412213740458,56.447325401225356,0.3318777292576419,0.0033448444334956418
"Armstrong, Shawn",542888,SI,Sinker,83,0.29522754272149326,61,3,14,20,11,22,57,33,0.04918032786885246,0.20481927710843373,0.5,0.24096385542168675,0.5789473684210527,0.30945922062363107,-0.30945922062363107,54.18994413407822,23.371647509578544,51.01493325342295,0.3624454148471616,-0.014231677902137807
"Ashby, Aaron",676879,CU,Curveball,63,0.231232894993895,43,18,11,7,19,29,24,14,0.4186046511627907,0.4603174603174603,0.6551724137931034,0.1111111111111111,0.5833333333333334,0.19728699708502823,-0.19728699708502823,98.4171322160149,17.695473251028808,58.60595749898461,0.3014354066985646,0.03394589790886676
"Ashby, Aaron",676879,SI,Sinker,146,0.32139479715545216,116,9,12,52,25,42,106,65,0.07758620689655173,0.14383561643835616,0.5952380952380952,0.3561643835616438,0.6132075471698113,0.3454999238462736,-0.3454999238462736,27.467411545623836,36.708860759493675,41.75800862739552,0.6985645933014354,-0.024105126690821432
"Ashcraft, Braxton",677952,FF,4-Seam Fastball,72,0.3736567906999134,63,10,1,25,9,16,52,21,0.15873015873015872,0.1527777777777778,0.5625,0.3472222222222222,0.40384615384615385,0.3603539909860592,-0.3603539909860592,19.366852886405958,23.954372623574145,42.69742478634295,0.39344262295081966,0.01330279971385423
"Ashcraft, Braxton",677952,SL,Slider,111,0.25638672854997857,97,24,5,22,28,37,72,36,0.24742268041237114,0.26126126126126126,0.7567567567567568,0.1981981981981982,0.5,0.2649320737018583,-0.2649320737018583,78.30540037243948,32.659932659932664,59.275874825223056,0.6065573770491803,-0.008545345151879713
"Ashcraft, Graham",668933,FC,Cutter,159,0.37762606406966487,133,13,3,43,29,51,119,66,0.09774436090225563,0.10062893081761007,0.5686274509803921,0.27044025157232704,0.5546218487394958,0.3370673272027321,-0.3370673272027321,34.357541899441344,39.93993993993994,43.78037255132227,0.5719424460431655,0.04055873686693279
"Ashcraft, Graham",668933,SL,Slider,119,0.17323285628097393,109,36,8,20,46,48,70,41,0.3302752293577982,0.3697478991596639,0.9583333333333334,0.16806722689075632,0.5857142857142857,0.20488283371470972,-0.20488283371470972,97.11359404096834,35.275080906148865,66.64949105964456,0.42805755395683454,-0.03164997743373579
"Assad, Javier",665871,SI,Sinker,67,0.30560980597014925,54,6,4,17,7,16,47,25,0.1111111111111111,0.14925373134328357,0.4375,0.2537313432835821,0.5319148936170213,0.3356759449791189,-0.3356759449791189,35.754189944134076,21.25984251968504,47.00802064546401,1.0,-0.03006613900896965
"Bachar, Lake",669199,FF,4-Seam Fastball,117,0.38869782989939233,91,18,7,38,18,36,70,16,0.1978021978021978,0.21367521367521367,0.5,0.3247863247863248,0.22857142857142856,0.3596486990162083,-0.3596486990162083,19.646182495344505,31.27147766323024,40.53990925787274,0.45348837209302323,0.02904913088318406
"Bachar, Lake",669199,SL,Slider,67,0.28832184093656016,58,12,4,16,20,27,46,27,0.20689655172413793,0.23880597014925373,0.7407407407407407,0.23880597014925373,0.5869565217391305,0.27687275369536113,-0.27687275369536113,72.90502793296089,22.48062015503876,55.185281422776555,0.2596899224806202,0.01144908724119903
"Bachar, Lake",669199,ST,Sweeper,74,0.3291246020386399,62,12,7,19,23,28,50,18,0.1935483870967742,0.25675675675675674,0.8214285714285714,0.25675675675675674,0.36,0.2879141321142502,-0.2879141321142502,66.29422718808193,23.66412213740458,53.89142394131946,0.2868217054263566,0.0412104699243897
"Backhus, Kyle",679775,SI,Sinker,74,0.31119680343980344,59,4,7,22,8,16,52,25,0.06779661016949153,0.14864864864864866,0.5,0.2972972972972973,0.4807692307692308,0.3466043845575483,-0.3466043845575483,26.722532588454378,22.779922779922778,44.73336065514836,1.0,-0.035407581117744835
"Baker, Bryan",641329,CH,Changeup,79,0.19713362171183627,75,27,4,11,22,23,46,16,0.36,0.3924050632911392,0.9565217391304348,0.13924050632911392,0.34782608695652173,0.20991295370928612,-0.20991295370928612,96.36871508379889,27.27272727272727,62.67987133908922,0.2893772893772894,-0.01277933199744985
"Baker, Bryan",641329,FF,4-Seam Fastball,126,0.35750364858055955,108,28,6,47,30,42,75,25,0.25925925925925924,0.2698412698412698,0.7142857142857143,0.373015873015873,0.3333333333333333,0.33201460809684674,-0.33201460809684674,38.64059590316574,35.064935064935064,46.04706280683935,0.46153846153846156,0.02548904048371281
"Baker, Bryan",641329,SL,Slider,68,0.3565173817081831,58,5,5,26,15,21,52,26,0.08620689655172414,0.14705882352941177,0.7142857142857143,0.38235294117647056,0.5,0.3497013649270548,-0.3497013649270548,25.605214152700185,22.48062015503876,44.551989952795466,0.2490842490842491,0.006816016781128309
"Banda, Anthony",607455,FF,4-Seam Fastball,76,0.38805800608424745,62,12,4,26,8,16,50,14,0.1935483870967742,0.21052631578947367,0.5,0.34210526315789475,0.28,0.3614914526465474,-0.3614914526465474,18.528864059590315,23.66412213740458,42.588170071218386,0.2814814814814815,0.026566553437700036
"Banda, Anthony",607455,SI,Sinker,70,0.3141967581453634,54,0,6,18,6,16,53,27,0.0,0.08571428571428572,0.375,0.2571428571428571,0.5094339622641509,0.3590145287208677,-0.3590145287208677,20.11173184357542,21.25984251968504,43.68245868707752,0.25925925925925924,-0.04481777057550429
"Banda, Anthony",607455,SL,Slider,124,0.25593955619447534,109,33,4,28,40,51,74,27,0.30275229357798167,0.29838709677419356,0.7843137254901961,0.22580645161290322,0.36486486486486486,0.27252311421434416,-0.27252311421434416,74.76722532588454,35.275080906148865,58.766791415812406,0.45925925925925926,-0.016583558019868827
"Banks, Tanner",621383,FF,4-Seam Fastball,74,0.2802847502453199,60,12,6,16,11,19,46,21,0.2,0.24324324324324326,0.5789473684210527,0.21621621621621623,0.45652173913043476,0.2951928038366644,-0.2951928038366644,62.10428305400373,23.076923076923077,52.82910757771093,0.4457831325301205,-0.014908053591344506
"Banks, Tanner",621383,SL,Slider,92,0.30158507732477136,84,15,5,23,15,19,69,25,0.17857142857142858,0.21739130434782608,0.7894736842105263,0.25,0.36231884057971014,0.2978109653613251,-0.2978109653613251,61.1731843575419,29.577464788732392,53.33752983450049,0.5542168674698795,0.003774111963446236
"Barlow, Scott",605130,FF,4-Seam Fastball,61,0.3988478243457003,45,8,1,16,8,22,35,13,0.17777777777777778,0.14754098360655737,0.36363636363636365,0.26229508196721313,0.37142857142857144,0.35836460796685315,-0.35836460796685315,20.391061452513966,18.367346938775512,44.59962756052142,0.4295774647887324,0.040483216378847164
"Barlow, Scott",605130,ST,Sweeper,81,0.2391803670024235,70,23,4,9,30,37,47,18,0.32857142857142857,0.3333333333333333,0.8108108108108109,0.1111111111111111,0.3829787234042553,0.22653638769254297,-0.22653638769254297,92.73743016759776,25.925925925925924,61.114559624801714,0.5704225352112676,0.012643979309880538
"Barnett, Mason",686930,FF,4-Seam Fastball,63,0.3537040398826197,51,4,3,24,8,15,46,17,0.0784313725490196,0.1111111111111111,0.5333333333333333,0.38095238095238093,0.3695652173913043,0.38536866097645595,-0.38536866097645595,6.145251396648044,20.318725099601593,41.12636975375964,1.0,-0.03166462109383622
"Bassitt, Chris",605135,CU,Curveball,115,0.2363281747344951,100,24,4,13,33,44,74,30,0.24,0.24347826086956523,0.75,0.11304347826086956,0.40540540540540543,0.25175091828799223,-0.25175091828799223,84.91620111731844,33.33333333333333,61.66977032898821,0.17829457364341086,-0.015422743553497126
"Bassitt, Chris",605135,FC,Cutter,136,0.28164090371152956,122,40,5,25,32,42,78,31,0.32786885245901637,0.33088235294117646,0.7619047619047619,0.18382352941176472,0.3974358974358974,0.25233318087605433,-0.25233318087605433,84.35754189944134,37.88819875776397,63.046369871728146,0.21085271317829457,0.029307722835475225
"Bassitt, Chris",605135,FF,4-Seam Fastball,65,0.22176784467265725,57,17,3,10,16,21,38,11,0.2982456140350877,0.3076923076923077,0.7619047619047619,0.15384615384615385,0.2894736842105263,0.2571335606210678,-0.2571335606210678,82.02979515828677,22.17898832684825,57.14011405053293,0.10077519379844961,-0.03536571594841054
"Bassitt, Chris",605135,SI,Sinker,329,0.35220315714549466,265,13,31,110,39,75,248,148,0.04905660377358491,0.1337386018237082,0.52,0.3343465045592705,0.5967741935483871,0.349977841171207,-0.349977841171207,25.512104283054004,56.98924731182796,36.06455617628802,0.5100775193798449,0.002225315974287656
"Bautista, Félix",642585,SI,Sinker,83,0.3219038107220862,55,12,7,22,12,33,39,16,0.21818181818181817,0.2289156626506024,0.36363636363636365,0.26506024096385544,0.41025641025641024,0.3376534428202451,-0.3376534428202451,33.798882681564244,21.568627450980394,46.54215503706138,1.0,-0.01574963209815894
"Baz, Shane",669358,CH,Changeup,86,0.25806139091915836,79,10,1,16,24,28,69,38,0.12658227848101267,0.12790697674418605,0.8571428571428571,0.18604651162790697,0.5507246376811594,0.2778529771141122,-0.2778529771141122,72.43947858472998,28.31541218637993,56.38720356687558,0.12481857764876633,-0.01979158619495386
"Baz, Shane",669358,FC,Cutter,99,0.3424018072868661,89,12,4,25,24,31,77,29,0.1348314606741573,0.16161616161616163,0.7741935483870968,0.25252525252525254,0.37662337662337664,0.3116238256017872,-0.3116238256017872,53.072625698324025,30.79584775086505,50.978459079984276,0.14368650217706821,0.030777981685078892
"Baz, Shane",669358,FF,4-Seam Fastball,261,0.33795686829490684,203,39,15,67,54,95,156,61,0.1921182266009852,0.20689655172413793,0.5684210526315789,0.2567049808429119,0.391025641025641,0.3216113824770936,-0.3216113824770936,45.99627560521415,50.37220843672456,48.006339788642904,0.3788098693759071,0.016345485817813254
"Baz, Shane",669358,KC,Knuckle Curve,243,0.2483445677013619,202,61,23,61,64,83,139,86,0.30198019801980197,0.345679012345679,0.7710843373493976,0.25102880658436216,0.6187050359712231,0.2507484612692353,-0.2507484612692353,85.38175046554935,50.24875621890548,67.80205119653131,0.35268505079825835,-0.0024038935678733775
"Bazardo, Eduard",660825,SI,Sinker,160,0.23801902887793164,113,15,36,36,17,30,96,48,0.13274336283185842,0.31875,0.5666666666666667,0.225,0.5,0.2784424229534687,-0.2784424229534687,71.97392923649907,36.102236421725244,57.96282744629078,0.5498281786941581,-0.04042339407553708
"Bazardo, Eduard",660825,ST,Sweeper,131,0.29110255646199745,123,19,3,31,32,38,101,36,0.15447154471544716,0.16793893129770993,0.8421052631578947,0.2366412213740458,0.3564356435643564,0.30039244957301603,-0.30039244957301603,59.12476722532588,38.080495356037154,53.503583144519204,0.45017182130584193,-0.009289893111018577
"Beck, Tristan",663941,FF,4-Seam Fastball,74,0.28205944257330334,58,6,8,23,10,20,51,23,0.10344827586206896,0.1891891891891892,0.5,0.3108108108108108,0.45098039215686275,0.34371976044484437,-0.34371976044484437,29.329608938547487,22.48062015503876,45.389256997675865,0.5211267605633803,-0.061660317871541026
"Beck, Tristan",663941,ST,Sweeper,68,0.25702062717456975,63,16,2,14,21,24,47,18,0.25396825396825395,0.2647058823529412,0.875,0.20588235294117646,0.3829787234042553,0.2639691228369766,-0.2639691228369766,78.95716945996276,23.954372623574145,56.97191126594021,0.4788732394366197,-0.006948495662406851
"Bednar, David",670280,CU,Curveball,68,0.19407326470588235,53,21,9,4,26,32,32,15,0.39622641509433965,0.4411764705882353,0.8125,0.058823529411764705,0.46875,0.17964483779160387,-0.17964483779160387,99.34823091247672,20.948616600790515,60.37457401314579,0.2556390977443609,0.01442842691427848
"Bednar, David",670280,FF,4-Seam Fastball,129,0.34067696059475555,108,24,9,43,27,42,82,23,0.2222222222222222,0.2558139534883721,0.6428571428571429,0.3333333333333333,0.2804878048780488,0.3345527352525366,-0.3345527352525366,36.6852886405959,35.064935064935064,45.361435584899276,0.4849624060150376,0.0061242253422189585
"Bednar, David",670280,FS,Split-Finger,69,0.17467024637681158,65,25,3,18,22,23,39,34,0.38461538461538464,0.4057971014492754,0.9565217391304348,0.2608695652173913,0.8717948717948718,0.2020819292317781,-0.2020819292317781,97.48603351955308,24.528301886792452,61.68265345560592,0.2593984962406015,-0.027411682854966507
"Beeks, Jalen",656222,CH,Changeup,81,0.2133211385158052,74,20,1,11,32,39,54,35,0.2702702702702703,0.25925925925925924,0.8205128205128205,0.13580246913580246,0.6481481481481481,0.2290688060847026,-0.2290688060847026,92.27188081936686,27.00729927007299,61.45047506422542,0.3875598086124402,-0.015747667568897394
"Beeks, Jalen",656222,FF,4-Seam Fastball,128,0.3656056445345201,108,12,6,46,13,29,93,40,0.1111111111111111,0.140625,0.4482758620689655,0.359375,0.43010752688172044,0.37586890825088115,-0.37586890825088115,10.42830540037244,35.064935064935064,36.15444146170403,0.6124401913875598,-0.010263263716361049
"Bello, Brayan",678394,CH,Changeup,111,0.3064509993179993,105,16,2,24,42,47,85,49,0.1523809523809524,0.16216216216216217,0.8936170212765957,0.21621621621621623,0.5764705882352941,0.2734326730033788,-0.2734326730033788,74.39478584729981,34.42622950819672,58.428732789938024,0.15655853314527504,0.03301832631462048
"Bello, Brayan",678394,FC,Cutter,98,0.36814570279270603,88,14,1,37,18,27,74,33,0.1590909090909091,0.15306122448979592,0.6666666666666666,0.37755102040816324,0.44594594594594594,0.3557953630759047,-0.3557953630759047,21.69459962756052,30.555555555555557,41.38345747982619,0.1382228490832158,0.012350339716801328
"Bello, Brayan",678394,FF,4-Seam Fastball,98,0.2906073682394019,81,7,6,31,12,23,74,24,0.08641975308641975,0.1326530612244898,0.5217391304347826,0.3163265306122449,0.32432432432432434,0.36596105968988013,-0.36596105968988013,15.549348230912477,28.825622775800714,40.102520262165584,0.1382228490832158,-0.07535369145047821
"Bello, Brayan",678394,SI,Sinker,284,0.33453447185182145,220,15,24,81,42,85,204,127,0.06818181818181818,0.13732394366197184,0.49411764705882355,0.2852112676056338,0.6225490196078431,0.3351097744787776,-0.3351097744787776,36.49906890130354,52.38095238095239,42.950252726789046,0.4005641748942172,-0.0005753026269561534
"Bello, Brayan",678394,ST,Sweeper,118,0.33325868019615085,108,31,1,29,48,57,75,32,0.28703703703703703,0.2711864406779661,0.8421052631578947,0.2457627118644068,0.4266666666666667,0.27414415867518005,-0.27414415867518005,74.02234636871509,35.064935064935064,58.453650632421585,0.16643159379407615,0.0591145215209708
"Bellozo, Valente",678368,FC,Cutter,123,0.3728068235638531,109,8,3,46,18,30,98,30,0.07339449541284404,0.08943089430894309,0.6,0.37398373983739835,0.30612244897959184,0.3866460586844669,-0.3866460586844669,5.400372439478584,35.275080906148865,34.29757793808345,0.5442477876106194,-0.013839235120613802
"Bellozo, Valente",678368,FF,4-Seam Fastball,103,0.42186791111346944,85,10,6,35,20,33,74,20,0.11764705882352941,0.1553398058252427,0.6060606060606061,0.33980582524271846,0.2702702702702703,0.3637219130119474,-0.3637219130119474,16.945996275605214,29.82456140350877,40.174458492600216,0.4557522123893805,0.058145998101522045
"Bender, Anthony",669622,ST,Sweeper,90,0.19338885580070692,81,19,5,24,20,24,60,28,0.2345679012345679,0.26666666666666666,0.8333333333333334,0.26666666666666666,0.4666666666666667,0.2791135331386575,-0.2791135331386575,71.41527001862198,28.825622775800714,56.20622013691459,1.0,-0.08572467733795058
"Bergert, Ryan",686701,FF,4-Seam Fastball,135,0.35388917973596484,103,12,9,43,22,45,84,19,0.11650485436893204,0.15555555555555556,0.4888888888888889,0.31851851851851853,0.2261904761904762,0.37227871784720346,-0.37227871784720346,11.54562383612663,33.993399339933994,36.95877967685036,0.6053811659192825,-0.018389538111238612
"Bergert, Ryan",686701,SL,Slider,88,0.29829816630608846,78,20,3,16,25,33,57,24,0.2564102564102564,0.26136363636363635,0.7575757575757576,0.18181818181818182,0.42105263157894735,0.2661270550438576,-0.2661270550438576,77.74674115456239,28.05755395683453,57.818549629570086,0.39461883408071746,0.03217111126223088
"Bernardino, Brennan",657514,SI,Sinker,104,0.3299131220476006,74,4,13,32,15,30,70,39,0.05405405405405406,0.16346153846153846,0.5,0.3076923076923077,0.5571428571428572,0.34036273783239157,-0.34036273783239157,31.471135940409685,27.00729927007299,45.02983593633188,1.0,-0.010449615784790978
"Berríos, José",621244,CH,Changeup,142,0.2868631926990972,123,31,9,29,48,60,91,40,0.25203252032520324,0.28169014084507044,0.8,0.20422535211267606,0.43956043956043955,0.26255211383103366,-0.26255211383103366,79.88826815642457,38.080495356037154,61.41042715233697,0.2161339421613394,0.02431107886806355
"Berríos, José",621244,FF,4-Seam Fastball,106,0.3574371510400703,90,11,3,36,22,34,78,24,0.12222222222222222,0.1320754716981132,0.6470588235294118,0.33962264150943394,0.3076923076923077,0.36202007260793206,-0.36202007260793206,18.063314711359403,31.03448275862069,40.12072176202402,0.1613394216133942,-0.004582921567861775
"Berríos, José",621244,SI,Sinker,245,0.37677208116082145,198,8,24,98,32,61,186,85,0.04040404040404041,0.1306122448979592,0.5245901639344263,0.4,0.45698924731182794,0.3806231465632708,-0.3806231465632708,7.82122905027933,49.74874371859296,29.039985776180714,0.3729071537290715,-0.0038510654024493385
"Berríos, José",621244,SV,Slurve,164,0.31227040943199974,142,36,8,37,60,73,105,54,0.2535211267605634,0.2682926829268293,0.821917808219178,0.22560975609756098,0.5142857142857142,0.2639660127032962,-0.2639660127032962,79.05027932960894,41.52046783625731,62.08903699347687,0.2496194824961948,0.048304396728703514
"Bibee, Tanner",676440,CH,Changeup,134,0.2558146726538844,106,29,17,18,34,48,75,31,0.27358490566037735,0.34328358208955223,0.7083333333333334,0.13432835820895522,0.41333333333333333,0.23883796696405396,-0.23883796696405396,90.22346368715084,34.64052287581699,63.96404620196931,0.1830601092896175,0.01697670568983045
"Bibee, Tanner",676440,FC,Cutter,137,0.2957894334051769,122,21,2,37,26,39,100,37,0.1721311475409836,0.1678832116788321,0.6666666666666666,0.27007299270072993,0.37,0.32646016776580183,-0.32646016776580183,42.923649906890134,37.88819875776397,47.34781452051309,0.1871584699453552,-0.03067073436062495
"Bibee, Tanner",676440,FF,4-Seam Fastball,189,0.37338283871009287,164,9,11,73,23,37,152,75,0.054878048780487805,0.10582010582010581,0.6216216216216216,0.3862433862433862,0.4934210526315789,0.3698271066856612,-0.3698271066856612,12.66294227188082,45.05494505494506,33.20338878998097,0.2581967213114754,0.003555732024431657
"Bibee, Tanner",676440,SI,Sinker,145,0.26286347562398765,107,3,25,37,14,30,103,63,0.028037383177570093,0.19310344827586207,0.4666666666666667,0.25517241379310346,0.6116504854368932,0.31705458482733784,-0.31705458482733784,49.534450651769085,34.85342019543974,49.86806907721143,0.19808743169398907,-0.054191109203350185
"Bibee, Tanner",676440,ST,Sweeper,127,0.27325986282672754,110,27,4,25,33,46,80,29,0.24545454545454545,0.2440944881889764,0.717391304347826,0.1968503937007874,0.3625,0.2830196880653796,-0.2830196880653796,68.99441340782123,35.483870967741936,56.76998858653211,0.17349726775956284,-0.009759825238652042
"Bido, Osvaldo",674370,FF,4-Seam Fastball,127,0.42924451292719296,102,12,4,45,21,41,86,15,0.11764705882352941,0.12598425196850394,0.5121951219512195,0.3543307086614173,0.1744186046511628,0.39138281195761004,-0.39138281195761004,4.003724394785848,33.77483443708609,34.4956651497774,0.5269709543568465,0.03786170096958291
"Bido, Osvaldo",674370,SL,Slider,114,0.3342341122436991,97,27,8,32,27,39,70,22,0.27835051546391754,0.30701754385964913,0.6923076923076923,0.2807017543859649,0.3142857142857143,0.29981118134530044,-0.29981118134530044,59.68342644320298,32.659932659932664,53.1939506799842,0.4730290456431535,0.03442293089839865
"Bieber, Shane",669456,FF,4-Seam Fastball,74,0.38757935968872875,65,8,4,29,6,9,55,19,0.12307692307692308,0.16216216216216217,0.6666666666666666,0.3918918918918919,0.34545454545454546,0.365820271860943,-0.365820271860943,15.64245810055866,24.528301886792452,41.607814201890314,0.5401459854014599,0.02175908782778574
"Bieber, Shane",669456,SL,Slider,63,0.28771954190254195,59,21,1,13,21,24,37,16,0.3559322033898305,0.3492063492063492,0.875,0.20634920634920634,0.43243243243243246,0.24103639235189456,-0.24103639235189456,89.57169459962756,22.779922779922778,59.05035122912218,0.45985401459854014,0.046683149550647396
"Bird, Jake",656234,SI,Sinker,101,0.4179202295992437,83,6,2,38,13,27,76,49,0.07228915662650602,0.07920792079207921,0.48148148148148145,0.37623762376237624,0.6447368421052632,0.3748396994814544,-0.3748396994814544,10.986964618249534,29.328621908127207,38.590915372011764,0.5674157303370787,0.043080530117789284
"Bird, Jake",656234,ST,Sweeper,77,0.258378554128363,62,17,8,15,22,31,45,13,0.27419354838709675,0.3246753246753247,0.7096774193548387,0.19480519480519481,0.28888888888888886,0.2705889788567215,-0.2705889788567215,75.32588454376163,23.66412213740458,56.02868636899939,0.43258426966292135,-0.012210424728358482
"Birdsong, Hayden",806185,FF,4-Seam Fastball,135,0.35682883822623396,100,15,6,37,24,52,83,17,0.15,0.15555555555555556,0.46153846153846156,0.2740740740740741,0.20481927710843373,0.3634393466421855,-0.3634393466421855,17.225325884543764,33.33333333333333,39.106145251396654,0.6553398058252428,-0.006610508415951566
"Birdsong, Hayden",806185,SL,Slider,71,0.3235285308015434,62,9,3,21,19,25,53,23,0.14516129032258066,0.16901408450704225,0.76,0.29577464788732394,0.4339622641509434,0.3196921986950405,-0.3196921986950405,48.04469273743017,23.66412213740458,49.5728318194095,0.3446601941747573,0.0038363321065029155
"Bivens, Spencer",702352,FC,Cutter,94,0.336803289444598,79,12,4,19,21,32,66,29,0.1518987341772152,0.1702127659574468,0.65625,0.20212765957446807,0.4393939393939394,0.3013781727400499,-0.3013781727400499,58.84543761638734,28.31541218637993,52.53799483390401,0.4351851851851852,0.035425116704548065
"Bivens, Spencer",702352,SI,Sinker,122,0.31628875978660376,92,3,17,34,18,34,89,58,0.03260869565217391,0.16393442622950818,0.5294117647058824,0.2786885245901639,0.651685393258427,0.32139196037577195,-0.32139196037577195,46.2756052141527,31.506849315068493,48.85844748858448,0.5648148148148148,-0.005103200589168189
"Blackburn, Paul",621112,SI,Sinker,60,0.31093867536382536,48,2,9,19,6,12,45,27,0.041666666666666664,0.18333333333333332,0.5,0.31666666666666665,0.6,0.33516387801703496,-0.33516387801703496,36.40595903165735,19.35483870967742,47.40643959872649,1.0,-0.0242252026532096
"Blalock, Bradley",687134,FF,4-Seam Fastball,140,0.468864214825623,124,6,1,61,29,44,116,43,0.04838709677419355,0.05,0.6590909090909091,0.4357142857142857,0.3706896551724138,0.403099622219006,-0.403099622219006,1.9553072625698324,38.2716049382716,31.64126261581259,1.0,0.06576459260661699
"Blanco, Ronel",669854,SL,Slider,71,0.23178053274030144,64,20,3,12,21,25,42,18,0.3125,0.323943661971831,0.84,0.16901408450704225,0.42857142857142855,0.23943429152679463,-0.23943429152679463,90.13035381750466,24.242424242424242,59.76383951244287,1.0,-0.007653758786493187
"Blewett, Scott",656240,FF,4-Seam Fastball,60,0.4174226418935386,51,7,0,27,7,16,44,22,0.13725490196078433,0.11666666666666667,0.4375,0.45,0.5,0.40380939027082935,-0.40380939027082935,1.7690875232774672,20.318725099601593,40.23718904642139,0.38461538461538464,0.013613251622709266
"Blewett, Scott",656240,SL,Slider,96,0.308506838513896,85,15,2,29,25,35,68,39,0.17647058823529413,0.17708333333333334,0.7142857142857143,0.3020833333333333,0.5735294117647058,0.31332200664442394,-0.31332200664442394,51.86219739292365,29.82456140350877,50.58806233460747,0.6153846153846154,-0.004815168130527958
"Blubaugh, AJ",805123,FF,4-Seam Fastball,60,0.37598155955804236,49,9,2,21,11,19,38,9,0.1836734693877551,0.18333333333333332,0.5789473684210527,0.35,0.23684210526315788,0.3656464300871727,-0.3656464300871727,15.828677839851025,19.67871485943775,43.31291647035068,1.0,0.010335129470869675
"Booser, Cam",592155,FF,4-Seam Fastball,63,0.3549388407065432,55,9,0,22,7,15,42,15,0.16363636363636364,0.14285714285714285,0.4666666666666667,0.3492063492063492,0.35714285714285715,0.37623376873370684,-0.37623376873370684,10.242085661080075,21.568627450980394,41.4612772483295,1.0,-0.02129492802716365
"Borucki, Ryan",621366,SL,Slider,64,0.3290986427748006,48,10,5,14,10,22,37,15,0.20833333333333334,0.234375,0.45454545454545453,0.21875,0.40540540540540543,0.31414048094609814,-0.31414048094609814,51.39664804469274,19.35483870967742,50.307863278668826,1.0,0.014958161828702465
"Boushley, Caleb",676961,SI,Sinker,72,0.3497957929693763,52,2,15,27,7,14,50,22,0.038461538461538464,0.2361111111111111,0.5,0.375,0.44,0.3529527592345175,-0.3529527592345175,23.463687150837988,20.634920634920633,44.56120126511188,1.0,-0.0031569662651412256
"Bowlan, Jonathan",680742,SL,Slider,67,0.28243468484134354,62,22,3,18,32,35,40,18,0.3548387096774194,0.373134328358209,0.9142857142857143,0.26865671641791045,0.45,0.24886220364136877,-0.24886220364136877,86.21973929236499,23.66412213740458,58.60662146218033,1.0,0.033572481199974774
"Boyd, Matthew",571510,CH,Changeup,207,0.27264762476011867,188,41,3,46,59,75,145,55,0.21808510638297873,0.21256038647342995,0.7866666666666666,0.2222222222222222,0.3793103448275862,0.2896171572188663,-0.2896171572188663,65.17690875232775,48.45360824742268,57.377757300005754,0.3155487804878049,-0.016969532458747605
"Boyd, Matthew",571510,FF,4-Seam Fastball,338,0.329406850573343,309,40,10,121,53,73,262,96,0.12944983818770225,0.14792899408284024,0.726027397260274,0.35798816568047337,0.366412213740458,0.35154459669660243,-0.35154459669660243,24.39478584729981,60.70726915520629,34.47406643178833,0.5152439024390244,-0.022137746123259416
"Boyd, Matthew",571510,SL,Slider,111,0.2546728387861546,95,34,5,19,38,49,60,29,0.35789473684210527,0.35135135135135137,0.7755102040816326,0.17117117117117117,0.48333333333333334,0.23589082017722524,-0.23589082017722524,90.78212290502793,32.20338983050847,63.164788687939904,0.16920731707317074,0.018782018608929363
"Boyle, Joe",671212,FF,4-Seam Fastball,94,0.3776419391028687,78,12,1,32,11,25,65,26,0.15384615384615385,0.13829787234042554,0.44,0.3404255319148936,0.4,0.37393532673827523,-0.37393532673827523,11.359404096834265,28.05755395683453,39.19188671409241,0.49214659685863876,0.0037066123645934645
"Boyle, Joe",671212,SL,Slider,97,0.2909558107110302,73,23,9,19,19,34,50,25,0.3150684931506849,0.32989690721649484,0.5588235294117647,0.1958762886597938,0.5,0.26803533269675106,-0.26803533269675106,76.6294227188082,26.73992673992674,57.154794305632294,0.5078534031413613,0.022920478014279155
"Bradley, Taj",671737,CU,Curveball,75,0.11799058408768535,60,31,13,8,29,32,28,16,0.5166666666666667,0.5866666666666667,0.90625,0.10666666666666667,0.5714285714285714,0.14356142661744084,-0.14356142661744084,99.90689013035382,23.076923076923077,61.55278613379172,0.1271186440677966,-0.025570842529755486
"Bradley, Taj",671737,FC,Cutter,132,0.319886027689509,121,22,1,36,26,37,97,45,0.18181818181818182,0.17424242424242425,0.7027027027027027,0.2727272727272727,0.4639175257731959,0.3149436931712057,-0.3149436931712057,50.65176908752328,37.69470404984423,50.2746886185512,0.22372881355932203,0.004942334518303337
"Bradley, Taj",671737,FF,4-Seam Fastball,226,0.38379598830603917,181,19,5,75,38,77,156,52,0.10497237569060773,0.10619469026548672,0.4935064935064935,0.33185840707964603,0.3333333333333333,0.37864962815461123,-0.37864962815461123,8.938547486033519,47.506561679790025,30.51755402083119,0.38305084745762713,0.005146360151427942
"Bradley, Taj",671737,FS,Split-Finger,93,0.26884617621685364,83,10,5,24,19,24,71,46,0.12048192771084337,0.16129032258064516,0.7916666666666666,0.25806451612903225,0.647887323943662,0.29046803650730013,-0.29046803650730013,64.71135940409684,29.328621908127207,54.34753999118253,0.1576271186440678,-0.021621860290446493
"Bradley, Taj",671737,SI,Sinker,64,0.34814397470898006,61,6,1,19,18,20,53,28,0.09836065573770492,0.109375,0.9,0.296875,0.5283018867924528,0.3124992777004999,-0.3124992777004999,52.327746741154556,23.371647509578544,50.579707042816274,0.10847457627118644,0.035644697008480164
"Brash, Matt",666374,SL,Slider,133,0.25797667938888397,112,29,9,22,39,50,80,42,0.25892857142857145,0.2857142857142857,0.78,0.16541353383458646,0.525,0.24541643314493133,-0.24541643314493133,88.08193668528864,35.8974358974359,63.70028171704149,1.0,0.012560246243952633
"Brazobán, Huascar",623211,CH,Changeup,116,0.2978004474752112,100,30,2,25,40,54,67,37,0.3,0.27586206896551724,0.7407407407407407,0.21551724137931033,0.5522388059701493,0.26424542576031373,-0.26424542576031373,78.67783985102422,33.33333333333333,59.590316573556805,0.5686274509803921,0.03355502171489749
"Brazobán, Huascar",623211,SI,Sinker,88,0.32912564565142954,74,5,4,26,19,29,69,43,0.06756756756756757,0.10227272727272728,0.6551724137931034,0.29545454545454547,0.6231884057971014,0.3302849011509751,-0.3302849011509751,39.94413407821229,27.00729927007299,47.31816390055594,0.43137254901960786,-0.0011592554995455417
"Brogdon, Connor",641401,CH,Changeup,87,0.28298146962754134,80,17,2,22,38,44,62,25,0.2125,0.21839080459770116,0.8636363636363636,0.25287356321839083,0.4032258064516129,0.2879769384386411,-0.2879769384386411,66.20111731843575,28.57142857142857,54.66214418728385,0.5209580838323353,-0.004995468811099746
"Brogdon, Connor",641401,FF,4-Seam Fastball,80,0.2965056494039102,65,19,8,19,20,27,44,8,0.2923076923076923,0.3375,0.7407407407407407,0.2375,0.18181818181818182,0.2856489076839482,-0.2856489076839482,67.50465549348232,24.528301886792452,54.32873054355083,0.47904191616766467,0.010856741719962038
"Brown, Ben",676962,FF,4-Seam Fastball,236,0.39348369092614427,201,19,13,95,35,56,180,70,0.0945273631840796,0.13559322033898305,0.625,0.4025423728813559,0.3888888888888889,0.3757167526468504,-0.3757167526468504,10.614525139664805,50.12468827930174,30.281372917798617,0.5256124721603563,0.017766938279293876
"Brown, Ben",676962,KC,Knuckle Curve,213,0.2647113705745547,194,71,7,50,71,85,120,58,0.36597938144329895,0.36619718309859156,0.8352941176470589,0.2347417840375587,0.48333333333333334,0.24551798171103734,-0.24551798171103734,87.89571694599627,49.23857868020304,68.68294435149213,0.47438752783964366,0.019193388863517347
"Brown, Hunter",686613,CH,Changeup,94,0.2771268741799298,79,13,6,15,30,39,65,28,0.16455696202531644,0.20212765957446807,0.7692307692307693,0.1595744680851064,0.4307692307692308,0.271095841247302,-0.271095841247302,75.13966480446928,28.31541218637993,57.151772424794586,0.13146853146853146,0.0060310329326278
"Brown, Hunter",686613,FF,4-Seam Fastball,221,0.25475765006941187,175,54,23,49,54,74,116,38,0.30857142857142855,0.34841628959276016,0.7297297297297297,0.22171945701357465,0.3275862068965517,0.268192542673217,-0.268192542673217,76.44320297951583,46.666666666666664,62.36499068901304,0.3090909090909091,-0.013434892603805149
"Brown, Hunter",686613,KC,Knuckle Curve,140,0.23704924896076146,123,46,11,33,51,58,75,48,0.37398373983739835,0.40714285714285714,0.8793103448275862,0.2357142857142857,0.64,0.21996128303374604,-0.21996128303374604,94.6927374301676,38.080495356037154,67.04804238661063,0.1958041958041958,0.01708796592701542
"Brown, Hunter",686613,SI,Sinker,179,0.30997857223515923,145,8,12,27,49,70,134,75,0.05517241379310345,0.11173184357541899,0.7,0.15083798882681565,0.5597014925373134,0.28578462475941135,-0.28578462475941135,67.41154562383612,42.028985507246375,57.34488435484306,0.25034965034965034,0.02419394747574788
"Brown, Hunter",686613,SL,Slider,81,0.2923184607236675,78,17,2,20,23,25,59,28,0.21794871794871795,0.2345679012345679,0.92,0.24691358024691357,0.4745762711864407,0.2714404311740027,-0.2714404311740027,74.95344506517691,28.05755395683453,57.034819072116605,0.11328671328671329,0.020878029549664834
"Brown, McCade",685326,FF,4-Seam Fastball,69,0.44675066780434625,48,6,4,25,5,20,42,13,0.125,0.14492753623188406,0.25,0.36231884057971014,0.30952380952380953,0.4046025624716288,-0.4046025624716288,1.48975791433892,19.35483870967742,40.64846518892293,1.0,0.042148105332717456
"Brzykcy, Zach",694350,FF,4-Seam Fastball,63,0.41176480543935057,52,8,1,21,14,24,43,13,0.15384615384615385,0.14285714285714285,0.5833333333333334,0.3333333333333333,0.3023255813953488,0.36436652081365306,-0.36436652081365306,16.666666666666664,20.634920634920633,43.15864148266383,1.0,0.04739828462569751
"Bubic, Kris",663460,CH,Changeup,103,0.25262341056700605,90,23,1,25,34,44,65,45,0.25555555555555554,0.23300970873786409,0.7727272727272727,0.24271844660194175,0.6923076923076923,0.2679984087608336,-0.2679984087608336,76.72253258845437,31.03448275862069,58.3253066204328,0.2330316742081448,-0.015374998193827538
"Bubic, Kris",663460,FF,4-Seam Fastball,178,0.28700610651886177,153,36,9,42,32,46,117,35,0.23529411764705882,0.25280898876404495,0.6956521739130435,0.23595505617977527,0.29914529914529914,0.2997135925145244,-0.2997135925145244,59.77653631284916,43.342776203966004,54.2637989881885,0.40271493212669685,-0.012707485995662626
"Bubic, Kris",663460,SL,Slider,60,0.3390006912504034,53,11,2,23,13,17,42,19,0.20754716981132076,0.21666666666666667,0.7647058823529411,0.38333333333333336,0.4523809523809524,0.3329383698883731,-0.3329383698883731,38.17504655493482,20.948616600790515,47.55963815958958,0.13574660633484162,0.006062321362030276
"Bubic, Kris",663460,ST,Sweeper,101,0.21456265796579657,90,22,8,22,26,29,67,32,0.24444444444444444,0.297029702970297,0.896551724137931,0.21782178217821782,0.47761194029850745,0.25066756888781977,-0.25066756888781977,85.56797020484171,31.03448275862069,61.07044243241508,0.22850678733031674,-0.0361049109220232
"Buehler, Walker",621111,FC,Cutter,96,0.4209300824553068,83,4,1,28,13,26,77,29,0.04819277108433735,0.052083333333333336,0.5,0.2916666666666667,0.37662337662337664,0.3750147184953367,-0.3750147184953367,10.800744878957168,29.328621908127207,38.53629968875641,0.20382165605095542,0.04591536395997009
"Buehler, Walker",621111,FF,4-Seam Fastball,114,0.4352441216664708,88,5,8,44,13,30,82,31,0.056818181818181816,0.11403508771929824,0.43333333333333335,0.38596491228070173,0.3780487804878049,0.3953297149923945,-0.3953297149923945,3.2588454376163876,30.555555555555557,35.75031036623215,0.24203821656050956,0.03991440667407631
"Buehler, Walker",621111,KC,Knuckle Curve,65,0.2845380728310642,60,12,1,13,26,30,46,23,0.2,0.2,0.8666666666666667,0.2,0.5,0.26862440319754655,-0.26862440319754655,76.16387337057728,23.076923076923077,56.073628419997135,0.13800424628450106,0.015913669633517646
"Buehler, Walker",621111,SI,Sinker,110,0.3523678363636364,69,3,19,31,12,37,65,37,0.043478260869565216,0.2,0.32432432432432434,0.2818181818181818,0.5692307692307692,0.3406517375923892,-0.3406517375923892,31.28491620111732,25.650557620817843,45.23408998082421,0.23354564755838642,0.011716098771247185
"Buehler, Walker",621111,SL,Slider,86,0.35794388164286195,75,8,1,22,20,31,66,27,0.10666666666666667,0.10465116279069768,0.6451612903225806,0.2558139534883721,0.4090909090909091,0.3356650839089356,-0.3356650839089356,35.84729981378026,27.27272727272727,46.174030810902316,0.18259023354564755,0.022278797733926325
"Bummer, Aaron",607481,CU,Curveball,101,0.3124764515987313,88,24,3,23,40,50,62,37,0.2727272727272727,0.26732673267326734,0.8,0.22772277227722773,0.5967741935483871,0.26052580808303744,-0.26052580808303744,80.8193668528864,30.555555555555557,59.44935857645355,0.5674157303370787,0.05195064351569384
"Bummer, Aaron",607481,SI,Sinker,77,0.32977554743561527,65,3,4,27,11,19,61,42,0.046153846153846156,0.09090909090909091,0.5789473684210527,0.35064935064935066,0.6885245901639344,0.3516189973290398,-0.3516189973290398,24.20856610800745,24.528301886792452,43.70893503390605,0.43258426966292135,-0.021843449893424516
"Burke, Brock",656271,CH,Changeup,65,0.26811904585543067,61,12,2,20,20,23,48,26,0.19672131147540983,0.2153846153846154,0.8695652173913043,0.3076923076923077,0.5416666666666666,0.29354491819425066,-0.29354491819425066,63.03538175046555,23.371647509578544,53.08225775380467,0.38011695906432746,-0.025425872338819988
"Burke, Brock",656271,FF,4-Seam Fastball,106,0.3409354819253998,89,16,7,34,15,25,71,32,0.1797752808988764,0.2169811320754717,0.6,0.32075471698113206,0.4507042253521127,0.33057205591232114,-0.33057205591232114,39.757914338919925,30.79584775086505,46.87808084127505,0.6198830409356725,0.010363426013078658
"Burke, Sean",680732,FF,4-Seam Fastball,263,0.30975138960790904,205,49,21,65,50,90,149,44,0.23902439024390243,0.2661596958174905,0.5555555555555556,0.24714828897338403,0.2953020134228188,0.3140289560091885,-0.3140289560091885,51.5828677839851,50.617283950617285,50.82419477205325,0.4962264150943396,-0.0042775664012794645
"Burke, Sean",680732,KC,Knuckle Curve,115,0.32798695606743433,94,20,11,33,23,32,72,32,0.2127659574468085,0.26956521739130435,0.71875,0.28695652173913044,0.4444444444444444,0.29743780778418105,-0.29743780778418105,61.35940409683427,31.97278911564626,53.663588340364086,0.2169811320754717,0.03054914828325328
"Burke, Sean",680732,SL,Slider,152,0.37533006264366103,137,15,4,52,26,36,119,44,0.10948905109489052,0.125,0.7222222222222222,0.34210526315789475,0.3697478991596639,0.35215825629552777,-0.35215825629552777,23.9292364990689,40.652818991097924,39.4291287458073,0.28679245283018867,0.02317180634813326
"Burnes, Corbin",669203,CU,Curveball,67,0.19064351497414886,60,28,1,11,35,41,32,16,0.4666666666666667,0.43283582089552236,0.8536585365853658,0.16417910447761194,0.5,0.20632954264904668,-0.20632954264904668,96.92737430167597,23.076923076923077,60.865205557942986,0.35638297872340424,-0.015686027674897823
"Burnes, Corbin",669203,FC,Cutter,121,0.3405271144827317,99,13,3,36,25,42,85,47,0.13131313131313133,0.1322314049586777,0.5952380952380952,0.2975206611570248,0.5529411764705883,0.3354397580775775,-0.3354397580775775,36.03351955307262,33.11036789297659,45.406787366952535,0.6436170212765957,0.005087356405154231
"Burns, Chase",695505,FF,4-Seam Fastball,104,0.3152500812156193,83,19,8,32,10,22,60,21,0.2289156626506024,0.25961538461538464,0.45454545454545453,0.3076923076923077,0.35,0.3391133161648311,-0.3391133161648311,32.30912476722533,29.328621908127207,44.84441110475025,0.6011560693641619,-0.023863234949211776
"Burns, Chase",695505,SL,Slider,69,0.22242546312760964,64,28,4,13,30,31,36,17,0.4375,0.463768115942029,0.967741935483871,0.18840579710144928,0.4722222222222222,0.19747072999103482,-0.19747072999103482,98.32402234636871,24.242424242424242,61.75018339822809,0.3988439306358382,0.024954733136574814
"Burrows, Mike",681347,CH,Changeup,118,0.21851969209039548,99,39,10,20,39,48,59,30,0.3939393939393939,0.4152542372881356,0.8125,0.1694915254237288,0.5084745762711864,0.21527603980212418,-0.21527603980212418,95.7169459962756,33.11036789297659,65.16818943343111,0.3323943661971831,0.0032436522882713092
"Burrows, Mike",681347,FF,4-Seam Fastball,158,0.38737252646918036,136,13,6,60,21,40,122,48,0.09558823529411764,0.12025316455696203,0.525,0.379746835443038,0.39344262295081966,0.38188633421680185,-0.38188633421680185,7.5418994413407825,40.476190476190474,32.84228961603263,0.4450704225352113,0.005486192252378508
"Burrows, Mike",681347,SL,Slider,79,0.2973437898639122,68,8,6,21,18,25,55,25,0.11764705882352941,0.17721518987341772,0.72,0.26582278481012656,0.45454545454545453,0.3112550397725605,-0.3112550397725605,53.351955307262564,25.37313432835821,50.885238611412206,0.22253521126760564,-0.013911249908648338
"Buttó, José",676130,FF,4-Seam Fastball,72,0.3928880895178718,54,9,4,23,7,21,45,14,0.16666666666666666,0.18055555555555555,0.3333333333333333,0.3194444444444444,0.3111111111111111,0.3754896014551158,-0.3754896014551158,10.707635009310987,21.25984251968504,41.68316250971422,0.4161849710982659,0.017398488062756012
"Buttó, José",676130,SL,Slider,101,0.2796005747785305,93,24,2,23,32,38,66,36,0.25806451612903225,0.25742574257425743,0.8421052631578947,0.22772277227722773,0.5454545454545454,0.2626539448755589,-0.2626539448755589,79.70204841713222,31.74061433447099,59.45939075002701,0.5838150289017341,0.016946629902971633
"Cabrera, Edward",665795,CH,Changeup,166,0.2603698196935023,150,38,8,49,62,70,110,72,0.25333333333333335,0.27710843373493976,0.8857142857142857,0.29518072289156627,0.6545454545454545,0.26540987795978577,-0.26540987795978577,77.93296089385476,42.857142857142854,61.99787177440809,0.2867012089810017,-0.005040058266283454
"Cabrera, Edward",665795,CU,Curveball,122,0.20263165388988696,93,37,15,22,41,56,54,29,0.3978494623655914,0.4262295081967213,0.7321428571428571,0.18032786885245902,0.5370370370370371,0.2216429670997388,-0.2216429670997388,94.04096834264432,31.74061433447099,64.01065202331242,0.21070811744386875,-0.019011313209851832
"Cabrera, Edward",665795,FF,4-Seam Fastball,73,0.4511576108260739,58,14,2,29,15,29,43,10,0.2413793103448276,0.2191780821917808,0.5172413793103449,0.3972602739726027,0.23255813953488372,0.3779002688101374,-0.3779002688101374,9.217877094972067,22.48062015503876,40.8680149553217,0.12607944732297063,0.07325734201593653
"Cabrera, Edward",665795,SI,Sinker,123,0.4435413782299699,106,2,1,49,18,31,104,47,0.018867924528301886,0.024390243902439025,0.5806451612903226,0.3983739837398374,0.4519230769230769,0.399194659694624,-0.399194659694624,2.8864059590316575,34.64052287581699,33.71003274059469,0.21243523316062177,0.04434671853534594
"Cabrera, Edward",665795,SL,Slider,95,0.265950681589824,84,23,4,24,23,31,60,21,0.27380952380952384,0.28421052631578947,0.7419354838709677,0.25263157894736843,0.35,0.2890185781056145,-0.2890185781056145,65.92178770949721,29.577464788732392,54.742046318881634,0.16407599309153714,-0.023067896515790498
"Cameron, Noah",702070,CH,Changeup,105,0.29662437967821653,99,30,0,24,31,37,69,28,0.30303030303030304,0.2857142857142857,0.8378378378378378,0.22857142857142856,0.4057971014492754,0.2677863305663735,-0.2677863305663735,76.81564245810057,33.11036789297659,58.909898295373154,0.189873417721519,0.02883804911184301
"Cameron, Noah",702070,CU,Curveball,114,0.20279087600150758,101,31,9,23,37,41,68,34,0.3069306930693069,0.3508771929824561,0.9024390243902439,0.20175438596491227,0.5,0.23133315783097813,-0.23133315783097813,91.89944134078212,33.5548172757475,64.09021449296881,0.20614828209764918,-0.02854228182947055
"Cameron, Noah",702070,FC,Cutter,108,0.38763198501991536,91,5,1,26,20,33,86,40,0.054945054945054944,0.05555555555555555,0.6060606060606061,0.24074074074074073,0.46511627906976744,0.3418175140492978,-0.3418175140492978,30.446927374301673,31.27147766323024,43.91746178015832,0.19529837251356238,0.04581447097061758
"Cameron, Noah",702070,FF,4-Seam Fastball,145,0.38917611909749655,126,9,3,52,16,31,116,43,0.07142857142857142,0.08275862068965517,0.5161290322580645,0.3586206896551724,0.3706896551724138,0.3867877659694819,-0.3867877659694819,5.21415270018622,38.65030674846626,32.718693948429696,0.26220614828209765,0.002388353128014664
"Cameron, Noah",702070,SL,Slider,81,0.25661718106995884,77,19,1,23,25,28,56,26,0.24675324675324675,0.24691358024691357,0.8928571428571429,0.2839506172839506,0.4642857142857143,0.2830853310587947,-0.2830853310587947,68.90130353817506,27.79783393501805,55.28776664044801,0.14647377938517178,-0.026468149988835843
"Canning, Griffin",656288,CH,Changeup,100,0.2997652063854764,88,14,3,32,16,24,74,45,0.1590909090909091,0.17,0.6666666666666666,0.32,0.6081081081081081,0.322218022197889,-0.322218022197889,45.43761638733706,30.555555555555557,48.63826815642458,0.3367003367003367,-0.022452815812412596
"Canning, Griffin",656288,FF,4-Seam Fastball,82,0.37290345571135386,62,10,10,29,13,25,50,17,0.16129032258064516,0.24390243902439024,0.52,0.35365853658536583,0.34,0.3506898258476131,-0.3506898258476131,25.139664804469277,23.66412213740458,44.152558033747,0.2760942760942761,0.022213629863740758
"Canning, Griffin",656288,SL,Slider,115,0.3459725331412035,102,22,2,37,23,34,79,49,0.21568627450980393,0.20869565217391303,0.6764705882352942,0.3217391304347826,0.620253164556962,0.3120273017767368,-0.3120273017767368,52.7001862197393,33.77483443708609,50.94281450787427,0.3872053872053872,0.0339452313644667
"Cannon, Jonathan",686563,CH,Changeup,102,0.28379654026617906,90,16,6,24,29,35,72,35,0.17777777777777778,0.21568627450980393,0.8285714285714286,0.23529411764705882,0.4861111111111111,0.2803466765337847,-0.2803466765337847,70.39106145251397,31.03448275862069,56.36036730238233,0.2469733656174334,0.003449863732394365
"Cannon, Jonathan",686563,FC,Cutter,88,0.3938220413851482,73,9,3,28,12,23,60,17,0.1232876712328767,0.13636363636363635,0.5217391304347826,0.3181818181818182,0.2833333333333333,0.36886549628097093,-0.36886549628097093,13.221601489757914,26.73992673992674,40.19958936160054,0.21307506053268765,0.024956545104177275
"Cannon, Jonathan",686563,FF,4-Seam Fastball,90,0.28752157412618246,79,20,1,22,24,34,55,15,0.25316455696202533,0.23333333333333334,0.7058823529411765,0.24444444444444444,0.2727272727272727,0.3077189962195058,-0.3077189962195058,55.3072625698324,28.31541218637993,51.536145985596335,0.2179176755447942,-0.02019742209332337
"Cannon, Jonathan",686563,SI,Sinker,133,0.40694200475449965,109,5,10,58,15,31,104,56,0.045871559633027525,0.11278195488721804,0.4838709677419355,0.43609022556390975,0.5384615384615384,0.3930206604200629,-0.3930206604200629,3.8175046554934826,35.275080906148865,33.739220046645336,0.3220338983050847,0.013921344334436758
"Cano, Yennier",666974,SI,Sinker,109,0.2990716986674937,91,13,4,33,24,37,78,54,0.14285714285714285,0.1559633027522936,0.6486486486486487,0.30275229357798167,0.6923076923076923,0.315489660898605,-0.315489660898605,50.27932960893855,31.27147766323024,50.11934701504477,1.0,-0.01641796223111125
"Cantillo, Joey",676282,CH,Changeup,131,0.2199111811242193,115,42,5,16,39,51,72,33,0.3652173913043478,0.35877862595419846,0.7647058823529411,0.12213740458015267,0.4583333333333333,0.2226624648638253,-0.2226624648638253,93.85474860335195,36.507936507936506,66.04002246460347,0.34933333333333333,-0.002751283739605981
"Cantillo, Joey",676282,CU,Curveball,66,0.20554187373737376,56,15,9,12,17,18,40,23,0.26785714285714285,0.36363636363636365,0.9444444444444444,0.18181818181818182,0.575,0.2125494374498986,-0.2125494374498986,96.2756052141527,21.875,60.15915968342644,0.176,-0.007007563712524839
"Cantillo, Joey",676282,FF,4-Seam Fastball,178,0.38915427093686233,131,14,20,64,15,40,115,51,0.10687022900763359,0.19101123595505617,0.375,0.3595505617977528,0.4434782608695652,0.3706026702087043,-0.3706026702087043,12.104283054003725,39.577039274924466,35.03012709075259,0.4746666666666667,0.018551600728158035
"Carrasco, Carlos",471911,SI,Sinker,61,0.3852340105563835,51,2,3,26,7,14,49,24,0.0392156862745098,0.08196721311475409,0.5,0.4262295081967213,0.4897959183673469,0.39931709769310497,-0.39931709769310497,2.793296089385475,20.318725099601593,40.44529516941545,1.0,-0.014083087136721462
"Casparius, Ben",676508,FC,Cutter,80,0.292874775,73,4,1,15,15,21,69,35,0.0547945205479452,0.0625,0.7142857142857143,0.1875,0.5072463768115942,0.31054856184788765,-0.31054856184788765,53.63128491620112,26.73992673992674,51.00510910566776,0.27491408934707906,-0.017673786847887674
"Casparius, Ben",676508,FF,4-Seam Fastball,91,0.3657138923676015,74,14,5,24,21,31,58,12,0.1891891891891892,0.2087912087912088,0.6774193548387096,0.26373626373626374,0.20689655172413793,0.3269481896207514,-0.3269481896207514,42.17877094972067,27.00729927007299,47.92167896804361,0.3127147766323024,0.038765702746850095
"Casparius, Ben",676508,ST,Sweeper,120,0.2623467185459936,114,26,3,25,39,43,85,22,0.22807017543859648,0.24166666666666667,0.9069767441860465,0.20833333333333334,0.25882352941176473,0.2764862591133986,-0.2764862591133986,73.09124767225326,36.30573248407643,58.413099431851876,0.41237113402061853,-0.014139540567404962
"Castillo, José",620454,SL,Slider,77,0.30764898420838543,69,15,1,21,25,31,53,30,0.21739130434782608,0.2077922077922078,0.8064516129032258,0.2727272727272727,0.5660377358490566,0.2891811375576511,-0.2891811375576511,65.73556797020484,25.650557620817843,54.07087426360131,1.0,0.01846784665073431
"Castillo, Luis",622491,CH,Changeup,74,0.3628965685760591,68,7,2,17,36,40,61,34,0.10294117647058823,0.12162162162162163,0.9,0.22972972972972974,0.5573770491803278,0.2875240984701171,-0.2875240984701171,66.4804469273743,25.37313432835821,54.216348425470414,0.09487179487179487,0.075372470105942
"Castillo, Luis",622491,FF,4-Seam Fastball,359,0.2833801448292549,318,69,12,117,59,90,236,56,0.2169811320754717,0.22562674094707522,0.6555555555555556,0.32590529247910865,0.23728813559322035,0.3413381025480424,-0.3413381025480424,30.63314711359404,61.38996138996139,38.12867136889483,0.46025641025641023,-0.057957957718787534
"Castillo, Luis",622491,SI,Sinker,210,0.3682320815104529,177,4,13,87,30,53,172,113,0.022598870056497175,0.08095238095238096,0.5660377358490566,0.4142857142857143,0.6569767441860465,0.376490478995249,-0.376490478995249,9.962756052141527,46.94960212201592,31.227370844015038,0.2692307692307692,-0.00825839748479612
"Castillo, Luis",622491,SL,Slider,137,0.2669297374290686,125,36,7,36,50,56,86,39,0.288,0.31386861313868614,0.8928571428571429,0.26277372262773724,0.45348837209302323,0.26242028284786445,-0.26242028284786445,80.07448789571696,38.46153846153847,61.595759919782274,0.17564102564102563,0.004509454581204164
"Cavalli, Cade",676917,FF,4-Seam Fastball,71,0.33477982727877315,55,10,5,18,10,20,44,17,0.18181818181818182,0.2112676056338028,0.5,0.2535211267605634,0.38636363636363635,0.3267420756397353,-0.3267420756397353,42.5512104283054,21.568627450980394,48.429912002044766,1.0,0.00803775163903786
"Cease, Dylan",656302,FF,4-Seam Fastball,320,0.31334463416493696,265,56,11,81,66,109,200,63,0.21132075471698114,0.209375,0.6055045871559633,0.253125,0.315,0.32228195620181865,-0.32228195620181865,45.344506517690874,56.98924731182796,47.36689293366172,0.5079365079365079,-0.00893732203688169
"Cease, Dylan",656302,SL,Slider,310,0.25721471046736777,274,103,13,60,103,129,168,69,0.3759124087591241,0.3741935483870968,0.7984496124031008,0.1935483870967742,0.4107142857142857,0.24075327677854613,-0.24075327677854613,89.75791433891993,57.80590717299579,73.00206648909004,0.49206349206349204,0.016461433688821636
"Cecconi, Slade",677944,CU,Curveball,95,0.22806806140233113,85,19,7,22,34,38,65,32,0.2235294117647059,0.2736842105263158,0.8947368421052632,0.23157894736842105,0.49230769230769234,0.25908910112515954,-0.25908910112515954,81.09869646182494,29.82456140350877,59.30771995164821,0.1892430278884462,-0.03102103972282841
"Cecconi, Slade",677944,FF,4-Seam Fastball,217,0.38491054239316963,190,23,12,97,28,44,163,58,0.12105263157894737,0.16129032258064516,0.6363636363636364,0.4470046082949309,0.3558282208588957,0.38453142369898163,-0.38453142369898163,6.610800744878957,48.717948717948715,28.885546483311842,0.43227091633466136,0.0003791186941879965
"Cecconi, Slade",677944,SI,Sinker,74,0.39979238826746916,57,2,6,23,4,17,54,32,0.03508771929824561,0.10810810810810811,0.23529411764705882,0.3108108108108108,0.5925925925925926,0.3770510351123755,-0.3770510351123755,9.497206703910614,22.17898832684825,41.05311972407597,0.14741035856573706,0.02274135315509368
"Cecconi, Slade",677944,SL,Slider,116,0.2997350957916903,109,29,2,36,32,37,80,32,0.26605504587155965,0.2672413793103448,0.8648648648648649,0.3103448275862069,0.4,0.2940528276599244,-0.2940528276599244,62.662942271880816,35.275080906148865,54.49699577540333,0.23107569721115537,0.005682268131765866
"Chafin, Andrew",605177,SL,Slider,62,0.2099684353827485,56,23,1,6,31,36,30,16,0.4107142857142857,0.3870967741935484,0.8611111111111112,0.0967741935483871,0.5333333333333333,0.19339934801048442,-0.19339934801048442,98.69646182495345,21.875,60.68872206703911,1.0,0.01656908737226409
"Chandler, Bubba",696149,FF,4-Seam Fastball,70,0.4048251129503696,62,14,2,27,13,20,46,16,0.22580645161290322,0.22857142857142856,0.65,0.38571428571428573,0.34782608695652173,0.3503358283643391,-0.3503358283643391,25.32588454376164,23.66412213740458,44.1966253002971,1.0,0.05448928458603053
"Chapman, Aroldis",547973,FF,4-Seam Fastball,79,0.30912004411610544,67,9,3,18,12,20,56,16,0.13432835820895522,0.1518987341772152,0.6,0.22784810126582278,0.2857142857142857,0.33067489756265633,-0.33067489756265633,39.66480446927375,25.0936329588015,47.441396578299475,0.4906832298136646,-0.021554853446550892
"Chapman, Aroldis",547973,SI,Sinker,82,0.19009454761904762,77,32,2,16,23,26,41,16,0.4155844155844156,0.4146341463414634,0.8846153846153846,0.1951219512195122,0.3902439024390244,0.22517716753815817,-0.22517716753815817,93.1098696461825,27.79783393501805,62.017223645200986,0.5093167701863354,-0.03508261991911055
"Chivilli, Angel",683409,CH,Changeup,86,0.27411842029992134,78,20,2,16,29,36,58,34,0.2564102564102564,0.2558139534883721,0.8055555555555556,0.18604651162790697,0.5862068965517241,0.25105778256777084,-0.25105778256777084,85.19553072625699,28.05755395683453,59.908497782779364,0.3722943722943723,0.023060637732150502
"Chivilli, Angel",683409,FF,4-Seam Fastball,145,0.43404377605818595,119,3,4,65,18,39,114,64,0.025210084033613446,0.04827586206896552,0.46153846153846156,0.4482758620689655,0.5614035087719298,0.41170240410996445,-0.41170240410996445,1.0242085661080074,37.30407523510972,31.75922196342154,0.6277056277056277,0.0223413719482215
"Civale, Aaron",650644,CU,Curveball,88,0.27770742950084004,79,20,5,28,20,24,59,27,0.25316455696202533,0.2840909090909091,0.8333333333333334,0.3181818181818182,0.4576271186440678,0.2911417350685699,-0.2911417350685699,64.24581005586593,28.31541218637993,54.06713254974203,0.2268041237113402,-0.013434305567729843
"Civale, Aaron",650644,FC,Cutter,155,0.3330077884760579,132,22,6,43,31,47,104,39,0.16666666666666666,0.18064516129032257,0.6595744680851063,0.27741935483870966,0.375,0.32604313864376105,-0.32604313864376105,43.20297951582867,39.75903614457831,47.32561531040363,0.39948453608247425,0.006964649832296832
"Civale, Aaron",650644,FF,4-Seam Fastball,62,0.3262495803323678,49,9,4,13,17,26,39,7,0.1836734693877551,0.20967741935483872,0.6538461538461539,0.20967741935483872,0.1794871794871795,0.31515550181390856,-0.31515550181390856,50.46554934823091,19.67871485943775,50.12900765071459,0.15979381443298968,0.011094078518459227
"Civale, Aaron",650644,SI,Sinker,83,0.3217024493793138,70,5,5,28,14,23,64,18,0.07142857142857142,0.12048192771084337,0.6086956521739131,0.3373493975903614,0.28125,0.3698041766344399,-0.3698041766344399,12.756052141527002,25.925925925925924,40.37864680322781,0.21391752577319587,-0.04810172725512607
"Clarke, Taylor",664199,SL,Slider,75,0.22798332605475038,70,16,2,14,23,26,51,21,0.22857142857142856,0.24,0.8846153846153846,0.18666666666666668,0.4117647058823529,0.26069732465445944,-0.26069732465445944,80.63314711359403,25.925925925925924,57.9764121663563,1.0,-0.032713998599709054
"Clase, Emmanuel",661403,FC,Cutter,137,0.29087436980990244,118,19,9,41,19,29,97,46,0.16101694915254236,0.20437956204379562,0.6551724137931034,0.29927007299270075,0.4742268041237113,0.31982060903409837,-0.31982060903409837,47.95158286778399,37.10691823899371,49.26917536277714,0.6954314720812182,-0.028946239224195924
"Clase, Emmanuel",661403,SL,Slider,60,0.23312627988505746,53,13,3,11,15,18,39,17,0.24528301886792453,0.26666666666666666,0.8333333333333334,0.18333333333333332,0.4358974358974359,0.25678822707591964,-0.25678822707591964,82.12290502793296,20.948616600790515,56.76610653535599,0.30456852791878175,-0.023661947190862176
"Cleavinger, Garrett",664076,SI,Sinker,78,0.40366306865281965,61,7,2,28,8,22,53,33,0.11475409836065574,0.11538461538461539,0.36363636363636365,0.358974358974359,0.6226415094339622,0.37476480459201283,-0.37476480459201283,11.1731843575419,23.371647509578544,40.961207788408714,0.48148148148148145,0.02889826406080681
"Cleavinger, Garrett",664076,SL,Slider,84,0.2916237531432532,74,22,2,20,23,31,50,21,0.2972972972972973,0.2857142857142857,0.7419354838709677,0.23809523809523808,0.42,0.2789030100698308,-0.2789030100698308,71.50837988826815,27.00729927007299,55.8428142288192,0.5185185185185185,0.012720743073422358
"Corbin, Patrick",571578,FC,Cutter,166,0.33934019291472384,142,19,6,45,30,49,122,54,0.13380281690140844,0.15060240963855423,0.6122448979591837,0.2710843373493976,0.4426229508196721,0.330357832667113,-0.330357832667113,39.85102420856611,41.52046783625731,45.813322878891825,0.27712854757929883,0.008982360247610843
"Corbin, Patrick",571578,SI,Sinker,244,0.3732642284090011,190,16,27,87,21,48,170,68,0.08421052631578947,0.1762295081967213,0.4375,0.35655737704918034,0.4,0.37034200309227133,-0.37034200309227133,12.476722532588454,48.717948717948715,31.743303251683137,0.4073455759599332,0.002922225316729754
"Corbin, Patrick",571578,SL,Slider,189,0.29483625875852487,180,43,2,50,79,87,133,55,0.2388888888888889,0.23809523809523808,0.9080459770114943,0.26455026455026454,0.41353383458646614,0.28180471708093074,-0.28180471708093074,69.36685288640597,47.368421052631575,59.19827501715182,0.31552587646076796,0.013031541677594127
"Cortes, Nestor",641482,FF,4-Seam Fastball,70,0.46395831848149294,52,2,6,24,8,19,47,14,0.038461538461538464,0.11428571428571428,0.42105263157894735,0.34285714285714286,0.2978723404255319,0.38994038472382575,-0.38994038472382575,4.562383612662942,20.634920634920633,40.66093228104402,1.0,0.07401793375766719
"Coulombe, Danny",543056,FC,Cutter,83,0.2905910545736955,70,22,4,17,24,34,47,21,0.3142857142857143,0.3132530120481928,0.7058823529411765,0.20481927710843373,0.44680851063829785,0.26421020652043986,-0.26421020652043986,78.77094972067039,25.925925925925924,57.49362024967239,1.0,0.026380848053255634
"Crismatt, Nabil",622503,CH,Changeup,74,0.27986913408518077,71,17,1,10,30,32,53,27,0.23943661971830985,0.24324324324324326,0.9375,0.13513513513513514,0.5094339622641509,0.2318681407401849,-0.2318681407401849,91.80633147113593,26.199261992619927,60.98730819710431,1.0,0.04800099334499586
"Crochet, Garrett",676979,FC,Cutter,229,0.2956822952609297,207,26,10,65,38,49,177,91,0.12560386473429952,0.1572052401746725,0.7755102040816326,0.2838427947598253,0.5141242937853108,0.3110635786270234,-0.3110635786270234,53.53817504655494,50.859950859950864,51.82239120786607,0.2906091370558376,-0.015381283366093679
"Crochet, Garrett",676979,FF,4-Seam Fastball,259,0.30356346124946537,209,66,24,68,54,82,134,48,0.3157894736842105,0.3474903474903475,0.6585365853658537,0.2625482625482625,0.3582089552238806,0.2851056653173686,-0.2851056653173686,67.87709497206704,51.1002444987775,59.15800448930716,0.3286802030456853,0.018457795932096788
"Crochet, Garrett",676979,SI,Sinker,123,0.3066335563761602,106,7,10,33,29,36,97,56,0.0660377358490566,0.13821138211382114,0.8055555555555556,0.2682926829268293,0.5773195876288659,0.30289414636500966,-0.30289414636500966,58.00744878957169,34.64052287581699,52.804250191696795,0.15609137055837563,0.0037394100111505235
"Crochet, Garrett",676979,ST,Sweeper,177,0.15169588168980438,162,75,12,22,74,79,85,41,0.46296296296296297,0.4915254237288136,0.9367088607594937,0.12429378531073447,0.4823529411764706,0.17438798342919234,-0.17438798342919234,99.62756052141528,44.751381215469614,72.23473975534225,0.22461928934010153,-0.02269210173938796
"Cruz, Fernando",518585,FS,Split-Finger,133,0.21499917740931707,121,63,1,21,57,68,57,24,0.5206611570247934,0.48120300751879697,0.8382352941176471,0.15789473684210525,0.42105263157894735,0.2011374972015199,-0.2011374972015199,97.8584729981378,37.69470404984423,68.0691159493436,1.0,0.013861680207797156
"Cruz, Steven",674444,FF,4-Seam Fastball,80,0.3388353026935717,58,7,9,23,9,22,49,21,0.1206896551724138,0.2,0.4090909090909091,0.2875,0.42857142857142855,0.3450027415309197,-0.3450027415309197,28.11918063314711,22.48062015503876,45.11714520808973,0.5517241379310345,-0.006167438837347994
"Cruz, Steven",674444,SL,Slider,65,0.2003562753024753,61,13,3,10,12,13,48,21,0.21311475409836064,0.24615384615384617,0.9230769230769231,0.15384615384615385,0.4375,0.24378303279672803,-0.24378303279672803,89.01303538175046,23.371647509578544,59.15366339176781,0.4482758620689655,-0.04342675749425273
"Curtiss, John",595928,FF,4-Seam Fastball,72,0.3065705988262063,65,10,4,28,11,14,55,15,0.15384615384615385,0.19444444444444445,0.7857142857142857,0.3888888888888889,0.2727272727272727,0.35159520519545495,-0.35159520519545495,24.30167597765363,24.528301886792452,43.73177330381927,1.0,-0.045024606369248654
"Dana, Caden",702674,FF,4-Seam Fastball,61,0.3964127965446576,40,2,8,18,6,20,37,13,0.05,0.16393442622950818,0.3,0.29508196721311475,0.35135135135135137,0.3721680609505333,-0.3721680609505333,11.638733705772813,16.666666666666664,43.64525139664804,1.0,0.024244735594124323
"Darvish, Yu",506433,SI,Sinker,66,0.27700142385392384,47,4,8,14,12,24,43,24,0.0851063829787234,0.18181818181818182,0.5,0.21212121212121213,0.5581395348837209,0.30775451254966835,-0.30775451254966835,55.21415270018621,19.02834008097166,51.029863011633076,1.0,-0.0307530886957445
"De Los Santos, Enyel",660853,FF,4-Seam Fastball,133,0.3672352107336244,111,21,9,44,21,35,87,23,0.1891891891891892,0.22556390977443608,0.6,0.3308270676691729,0.26436781609195403,0.34614494796975587,-0.34614494796975587,27.09497206703911,35.69131832797427,41.85483243217351,0.5708154506437768,0.02109026276386855
"De Los Santos, Enyel",660853,SL,Slider,100,0.2671609910301527,90,18,3,24,28,37,71,30,0.2,0.21,0.7567567567567568,0.24,0.4225352112676056,0.29503350113677695,-0.29503350113677695,62.19739292364991,31.03448275862069,53.81750465549348,0.4291845493562232,-0.027872510106624282
"De los Santos, Yerry",660787,SI,Sinker,82,0.3219924071294559,68,6,4,28,15,25,62,39,0.08823529411764706,0.12195121951219512,0.6,0.34146341463414637,0.6290322580645161,0.34441288931508096,-0.34441288931508096,29.05027932960894,25.37313432835821,44.719141721559794,1.0,-0.022420482185625035
"Detmers, Reid",672282,FF,4-Seam Fastball,124,0.2995674634900916,101,29,9,30,27,39,68,23,0.2871287128712871,0.3064516129032258,0.6923076923076923,0.24193548387096775,0.3382352941176471,0.2865693622686901,-0.2865693622686901,67.13221601489758,33.5548172757475,55.779617290595596,0.5662100456621004,0.012998101221401492
"Detmers, Reid",672282,SL,Slider,95,0.2940375516227813,88,28,2,28,29,32,57,39,0.3181818181818182,0.3157894736842105,0.90625,0.29473684210526313,0.6842105263157895,0.25215628759639425,-0.25215628759639425,84.5437616387337,30.555555555555557,60.58736809435133,0.4337899543378995,0.04188126402638703
"Dobbins, Hunter",690928,FF,4-Seam Fastball,107,0.36532207420390184,87,4,7,38,15,28,81,38,0.04597701149425287,0.102803738317757,0.5357142857142857,0.35514018691588783,0.4691358024691358,0.37159818131671996,-0.37159818131671996,11.824953445065177,30.313588850174217,38.46021580726582,0.6184971098265896,-0.006276107112818119
"Dobbins, Hunter",690928,SL,Slider,66,0.3592822420999271,61,7,3,28,14,16,53,27,0.11475409836065574,0.15151515151515152,0.875,0.42424242424242425,0.5094339622641509,0.34463036471874253,-0.34463036471874253,28.677839851024206,23.371647509578544,45.05233416811148,0.3815028901734104,0.014651877381184564
"Dodd, Dylan",689266,FC,Cutter,75,0.33507858703222704,69,10,1,30,17,22,59,37,0.14492753623188406,0.14666666666666667,0.7727272727272727,0.4,0.6271186440677966,0.33938263627485693,-0.33938263627485693,32.122905027932966,25.650557620817843,45.44903878770258,1.0,-0.004304049242629893
"Dollander, Chase",801403,CU,Curveball,95,0.24276876775914144,82,23,5,14,28,36,58,27,0.2804878048780488,0.29473684210526313,0.7777777777777778,0.14736842105263157,0.46551724137931033,0.24286877123098902,-0.24286877123098902,89.29236499068901,29.078014184397162,61.45845714964935,0.31353135313531355,-0.00010000347184757619
"Dollander, Chase",801403,FF,4-Seam Fastball,208,0.3888134048572302,159,21,11,62,30,68,133,50,0.1320754716981132,0.15384615384615385,0.4411764705882353,0.2980769230769231,0.37593984962406013,0.35959649081951367,-0.35959649081951367,19.73929236499069,44.28969359331476,36.62356120612295,0.6864686468646864,0.029216914037716535
"Domínguez, Seranthony",622554,FF,4-Seam Fastball,131,0.3369635832392816,97,24,8,27,18,46,72,29,0.24742268041237114,0.24427480916030533,0.391304347826087,0.20610687022900764,0.4027777777777778,0.3145410755826422,-0.3145410755826422,50.93109869646183,32.659932659932664,50.33544633172194,0.6787564766839378,0.02242250765663939
"Domínguez, Seranthony",622554,ST,Sweeper,62,0.16549087342810279,52,20,5,7,23,28,32,10,0.38461538461538464,0.4032258064516129,0.8214285714285714,0.11290322580645161,0.3125,0.21563358395117693,-0.21563358395117693,95.62383612662943,20.634920634920633,59.45139073630695,0.32124352331606215,-0.05014271052307415
"Doval, Camilo",666808,FC,Cutter,97,0.3854808018653807,74,5,5,33,13,31,69,27,0.06756756756756757,0.10309278350515463,0.41935483870967744,0.3402061855670103,0.391304347826087,0.3845767104126994,-0.3845767104126994,6.517690875232775,27.00729927007299,38.290584349386286,0.3730769230769231,0.0009040914526812771
"Doval, Camilo",666808,SL,Slider,163,0.24855773879822934,140,53,7,30,63,80,87,55,0.37857142857142856,0.36809815950920244,0.7875,0.18404907975460122,0.632183908045977,0.22311724713353037,-0.22311724713353037,93.76163873370578,41.17647058823529,68.04688355789243,0.6269230769230769,0.025440491664698972
"Dreyer, Jack",676263,FF,4-Seam Fastball,139,0.2964853503485576,115,19,9,37,23,39,93,25,0.16521739130434782,0.2014388489208633,0.5897435897435898,0.26618705035971224,0.26881720430107525,0.3331093624540456,-0.3331093624540456,37.89571694599628,36.507936507936506,45.610534716679965,0.4711864406779661,-0.03662401210548799
"Dreyer, Jack",676263,SL,Slider,156,0.21974373699261499,146,35,4,41,34,40,108,56,0.23972602739726026,0.25,0.85,0.26282051282051283,0.5185185185185185,0.27608365529665113,-0.27608365529665113,73.27746741154563,42.19653179190752,59.84919430361353,0.5288135593220339,-0.056339918304036146
"Duran, Jhoan",661395,FF,4-Seam Fastball,97,0.27522494513991164,84,28,2,24,21,32,53,23,0.3333333333333333,0.30927835051546393,0.65625,0.24742268041237114,0.4339622641509434,0.2836209838343894,-0.2836209838343894,68.6219739292365,29.577464788732392,55.54069294725522,0.3333333333333333,-0.008396038694477748
"Duran, Jhoan",661395,FS,Split-Finger,127,0.2659451305780462,117,13,3,46,23,29,104,82,0.1111111111111111,0.12598425196850394,0.7931034482758621,0.36220472440944884,0.7884615384615384,0.31828809390961543,-0.31828809390961543,48.882681564245814,36.90851735015773,49.61698652990971,0.436426116838488,-0.05234296333156924
"Duran, Jhoan",661395,KC,Knuckle Curve,67,0.1739693666450357,58,27,7,10,32,34,30,21,0.46551724137931033,0.5074626865671642,0.9411764705882353,0.14925373134328357,0.7,0.16075378259822368,-0.16075378259822368,99.72067039106145,22.48062015503876,61.21360414591544,0.23024054982817868,0.013215584046812029
"Díaz, Edwin",621242,FF,4-Seam Fastball,108,0.2831643930292191,78,24,14,25,22,39,53,23,0.3076923076923077,0.35185185185185186,0.5641025641025641,0.23148148148148148,0.4339622641509434,0.278241755664213,-0.278241755664213,72.16014897579144,28.05755395683453,56.251088514663124,0.4235294117647059,0.004922637365006088
"Díaz, Edwin",621242,SL,Slider,147,0.21605690782576967,124,45,10,26,50,64,75,42,0.3629032258064516,0.3741496598639456,0.78125,0.17687074829931973,0.56,0.22585492409196742,-0.22585492409196742,92.92364990689012,38.2716049382716,66.4563073315401,0.5764705882352941,-0.009798016266197751
"Eflin, Zach",621107,CH,Changeup,61,0.33924723285792024,57,2,2,21,17,20,53,32,0.03508771929824561,0.06557377049180328,0.85,0.3442622950819672,0.6037735849056604,0.33553155138186247,-0.33553155138186247,35.940409683426445,22.17898832684825,46.91795462614757,0.45864661654135336,0.003715681476057775
"Eflin, Zach",621107,SI,Sinker,72,0.3042796312711127,64,4,5,26,13,16,58,33,0.0625,0.125,0.8125,0.3611111111111111,0.5689655172413793,0.33340907979428436,-0.33340907979428436,37.43016759776536,24.242424242424242,46.988036792506065,0.5413533834586466,-0.029129448523171675
"Eisert, Brandon",685126,CH,Changeup,96,0.24027822166390067,89,26,3,21,45,51,62,31,0.29213483146067415,0.3020833333333333,0.8823529411764706,0.21875,0.5,0.2494389778244024,-0.2494389778244024,86.03351955307262,30.79584775086505,61.12904576881689,0.42857142857142855,-0.009160756160501743
"Eisert, Brandon",685126,SL,Slider,128,0.3213670054350817,113,20,7,36,32,39,91,35,0.17699115044247787,0.2109375,0.8205128205128205,0.28125,0.38461538461538464,0.3037692027382578,-0.3037692027382578,57.63500931098696,36.102236421725244,52.78615667446053,0.5714285714285714,0.017597802696823872
"Elder, Bryce",693821,CH,Changeup,75,0.3584380317143381,70,8,1,27,23,27,62,29,0.11428571428571428,0.12,0.8518518518518519,0.36,0.46774193548387094,0.33825596396502666,-0.33825596396502666,33.33333333333333,25.925925925925924,45.713497482585005,0.11094674556213018,0.020182067749311416
"Elder, Bryce",693821,FF,4-Seam Fastball,73,0.33831468819712457,61,9,5,18,13,20,49,19,0.14754098360655737,0.1917808219178082,0.65,0.2465753424657534,0.3877551020408163,0.31430284826269905,-0.31430284826269905,51.30353817504656,23.371647509578544,50.3403326269826,0.10798816568047337,0.024011839934425516
"Elder, Bryce",693821,SI,Sinker,271,0.3437739734550611,210,12,33,96,39,70,194,111,0.05714285714285714,0.16605166051660517,0.5571428571428572,0.35424354243542433,0.5721649484536082,0.34681377303089433,-0.34681377303089433,26.536312849162012,51.21951219512195,38.00472362265522,0.40088757396449703,-0.003039799575833224
"Elder, Bryce",693821,SL,Slider,257,0.3174376494429533,235,48,5,74,72,88,184,86,0.20425531914893616,0.20622568093385213,0.8181818181818182,0.28793774319066145,0.4673913043478261,0.30059605846027404,-0.30059605846027404,58.93854748603352,54.02298850574713,54.850275048695394,0.3801775147928994,0.016841590982679233
"Englert, Mason",669438,CH,Changeup,61,0.2512148083173657,59,19,0,17,21,23,40,16,0.3220338983050847,0.3114754098360656,0.9130434782608695,0.2786885245901639,0.4,0.26988068717306163,-0.26988068717306163,75.69832402234637,22.779922779922778,55.89000812464499,1.0,-0.018665878855695928
"Enns, Dietrich",608650,CH,Changeup,65,0.29940714139194136,59,8,2,15,21,25,51,28,0.13559322033898305,0.15384615384615385,0.84,0.23076923076923078,0.5490196078431373,0.2870376389492561,-0.2870376389492561,66.57355679702049,22.779922779922778,53.81139319686805,0.42483660130718953,0.012369502442685254
"Enns, Dietrich",608650,FF,4-Seam Fastball,88,0.2592026012032369,77,26,5,18,19,25,50,13,0.33766233766233766,0.3522727272727273,0.76,0.20454545454545456,0.26,0.2645257332769615,-0.2645257332769615,78.58472998137802,27.79783393501805,57.979549442349196,0.5751633986928104,-0.00532313207372459
"Enright, Nic",663671,FF,4-Seam Fastball,86,0.3475454906321069,71,9,4,27,19,30,61,17,0.1267605633802817,0.1511627906976744,0.6333333333333333,0.313953488372093,0.2786885245901639,0.35367155663332556,-0.35367155663332556,22.905027932960895,26.199261992619927,42.935675166807535,1.0,-0.006126066001218677
"Eovaldi, Nathan",543135,CU,Curveball,78,0.19590385183256462,70,25,3,10,30,37,42,21,0.35714285714285715,0.358974358974359,0.8108108108108109,0.1282051282051282,0.5,0.21664944427198934,-0.21664944427198934,95.25139664804469,25.925925925925924,61.766328712324984,0.17410714285714285,-0.020745592439424726
"Eovaldi, Nathan",543135,FC,Cutter,89,0.2727292248441374,79,12,7,25,7,11,65,28,0.1518987341772152,0.21348314606741572,0.6363636363636364,0.2808988764044944,0.4307692307692308,0.317533221639574,-0.317533221639574,49.068901303538176,28.31541218637993,49.76972827936966,0.19866071428571427,-0.04480399679543656
"Eovaldi, Nathan",543135,FF,4-Seam Fastball,101,0.32191826144079805,89,10,6,38,10,15,76,29,0.11235955056179775,0.15841584158415842,0.6666666666666666,0.37623762376237624,0.3815789473684211,0.35920934667176907,-0.35920934667176907,19.832402234636874,30.79584775086505,40.74185047005986,0.22544642857142858,-0.03729108523097102
"Eovaldi, Nathan",543135,FS,Split-Finger,180,0.2630808281713805,167,48,2,46,46,57,113,72,0.2874251497005988,0.2777777777777778,0.8070175438596491,0.25555555555555554,0.6371681415929203,0.26256883171781253,-0.26256883171781253,79.7951582867784,45.50408719346049,63.58338534293355,0.4017857142857143,0.0005119964535679755
"Erceg, Lucas",668674,SI,Sinker,77,0.3015280389438895,62,2,7,17,8,15,60,37,0.03225806451612903,0.11688311688311688,0.5333333333333333,0.22077922077922077,0.6166666666666667,0.3172556715350938,-0.3172556715350938,49.34823091247672,23.66412213740458,49.88130268526021,0.5422535211267606,-0.0157276325912043
"Erceg, Lucas",668674,SL,Slider,65,0.32123907081254516,57,12,2,15,15,21,45,15,0.21052631578947367,0.2153846153846154,0.7142857142857143,0.23076923076923078,0.3333333333333333,0.30219121153818373,-0.30219121153818373,58.37988826815642,22.17898832684825,51.89480396206044,0.45774647887323944,0.019047859274361423
"Estrada, Jeremiah",669093,FF,4-Seam Fastball,178,0.2974602720888904,151,42,8,47,51,71,103,36,0.2781456953642384,0.2808988764044944,0.7183098591549296,0.2640449438202247,0.34951456310679613,0.2955112769186844,-0.2955112769186844,61.91806331471136,43.01994301994302,55.15367107545879,0.6926070038910506,0.0019489951702060249
"Estrada, Jeremiah",669093,FS,Split-Finger,79,0.14125667088607594,65,32,9,7,25,29,32,11,0.49230769230769234,0.5189873417721519,0.8620689655172413,0.08860759493670886,0.34375,0.1756827319432933,-0.1756827319432933,99.53445065176909,24.528301886792452,62.18509539369664,0.30739299610894943,-0.03442606105721738
"Estévez, Carlos",608032,FF,4-Seam Fastball,146,0.32301592687911174,118,21,12,42,23,38,94,23,0.17796610169491525,0.22602739726027396,0.6052631578947368,0.2876712328767123,0.24468085106382978,0.33425487086419603,-0.33425487086419603,36.96461824953445,37.10691823899371,45.192251384936114,0.6636363636363637,-0.011238943985084293
"Estévez, Carlos",608032,SL,Slider,74,0.3140564693864694,69,9,1,22,13,17,60,21,0.13043478260869565,0.13513513513513514,0.7647058823529411,0.2972972972972973,0.35,0.33393585588284774,-0.33393585588284774,37.150837988826815,25.650557620817843,46.738731628972744,0.33636363636363636,-0.019879386496378326
"Evans, Logan",688138,FC,Cutter,97,0.34383048144719996,78,13,3,26,15,32,64,36,0.16666666666666666,0.16494845360824742,0.46875,0.26804123711340205,0.5625,0.3309046336719413,-0.3309046336719413,39.29236499068901,28.05755395683453,47.02919228862719,0.40585774058577406,0.012925847775258681
"Evans, Logan",688138,SI,Sinker,65,0.3575421592590261,53,1,6,24,9,17,50,21,0.018867924528301886,0.1076923076923077,0.5294117647058824,0.36923076923076925,0.42,0.37911810779323185,-0.37911810779323185,8.659217877094973,20.948616600790515,41.376480373322735,0.2719665271966527,-0.021575948534205747
"Evans, Logan",688138,ST,Sweeper,77,0.35088469744288897,67,13,3,23,24,31,53,16,0.19402985074626866,0.2077922077922078,0.7741935483870968,0.2987012987012987,0.3018867924528302,0.32065533844779165,-0.32065533844779165,47.299813780260706,25.0936329588015,49.35729779116886,0.32217573221757323,0.030229358995097322
"Fairbanks, Pete",664126,FF,4-Seam Fastball,127,0.31219501432842967,108,17,4,44,18,31,89,41,0.1574074074074074,0.16535433070866143,0.5806451612903226,0.3464566929133858,0.4606741573033708,0.3510558507325042,-0.3510558507325042,24.767225325884542,35.064935064935064,41.18237442259789,0.5990566037735849,-0.03886083640407456
"Fairbanks, Pete",664126,SL,Slider,85,0.2518834135660006,75,20,6,16,20,24,55,23,0.26666666666666666,0.3058823529411765,0.8333333333333334,0.18823529411764706,0.41818181818181815,0.2507079190934447,-0.2507079190934447,85.47486033519553,27.27272727272727,59.70882004401557,0.4009433962264151,0.0011754944725558825
"Falter, Bailey",663559,FF,4-Seam Fastball,271,0.3400924335476141,230,21,13,93,46,76,206,66,0.09130434782608696,0.12546125461254612,0.6052631578947368,0.34317343173431736,0.32038834951456313,0.36768328973133313,-0.36768328973133313,14.152700186219738,53.48837209302325,30.847516348360834,0.7424657534246575,-0.027590856183719037
"Falter, Bailey",663559,SL,Slider,94,0.34444348212425874,84,12,4,30,18,25,69,30,0.14285714285714285,0.1702127659574468,0.72,0.3191489361702128,0.43478260869565216,0.3302111406286621,-0.3302111406286621,40.03724394785848,29.577464788732392,47.08605450205891,0.25753424657534246,0.014232341495596657
"Faucher, Calvin",676534,FC,Cutter,104,0.34413269124974766,88,11,6,28,11,21,77,40,0.125,0.16346153846153846,0.5238095238095238,0.2692307692307692,0.5194805194805194,0.32955548923020145,-0.32955548923020145,40.22346368715084,30.555555555555557,47.04505483136768,1.0,0.01457720201954621
"Fedde, Erick",607200,CH,Changeup,75,0.3539090619744483,66,3,0,24,23,30,62,35,0.045454545454545456,0.04,0.7666666666666667,0.32,0.5645161290322581,0.3453770943789157,-0.3453770943789157,27.746741154562383,24.81203007518797,44.513518432953894,0.12295081967213115,0.008531967595532597
"Fedde, Erick",607200,FC,Cutter,179,0.3481649025840618,163,21,3,60,28,40,140,45,0.12883435582822086,0.1340782122905028,0.7,0.33519553072625696,0.32142857142857145,0.3539911256730332,-0.3539911256730332,22.71880819366853,44.90358126721763,37.775417968409336,0.2934426229508197,-0.005826223088971405
"Fedde, Erick",607200,SI,Sinker,208,0.3890299501329658,167,10,13,77,34,58,157,79,0.059880239520958084,0.11057692307692307,0.5862068965517241,0.3701923076923077,0.5031847133757962,0.3666921985191852,-0.3666921985191852,14.8975791433892,45.50408719346049,34.0523343430807,0.34098360655737703,0.0223377516137806
"Fedde, Erick",607200,ST,Sweeper,148,0.3206546299860884,123,19,8,38,45,63,103,40,0.15447154471544716,0.18243243243243243,0.7142857142857143,0.25675675675675674,0.3883495145631068,0.3131026982480824,-0.3131026982480824,52.04841713221602,38.080495356037154,50.80887397593557,0.24262295081967214,0.007551931738006001
"Ferguson, Caleb",657571,FC,Cutter,70,0.2989232971595656,63,11,2,19,13,18,51,24,0.1746031746031746,0.18571428571428572,0.7222222222222222,0.2714285714285714,0.47058823529411764,0.3095165548648394,-0.3095165548648394,54.096834264432026,23.954372623574145,51.01677393773322,0.31390134529147984,-0.010593257705273806
"Ferguson, Caleb",657571,FF,4-Seam Fastball,90,0.29314627751196176,76,13,4,20,16,25,59,23,0.17105263157894737,0.18888888888888888,0.64,0.2222222222222222,0.3898305084745763,0.30855281054929645,-0.30855281054929645,54.93482309124767,27.536231884057973,51.39259978949073,0.40358744394618834,-0.015406533037334691
"Ferguson, Caleb",657571,SI,Sinker,63,0.29335030158730163,57,3,1,10,14,18,53,30,0.05263157894736842,0.06349206349206349,0.7777777777777778,0.15873015873015872,0.5660377358490566,0.2909780359358489,-0.2909780359358489,64.3389199255121,22.17898832684825,53.21645689773855,0.2825112107623318,0.0023722656514527096
"Ferguson, Tyler",621053,FF,4-Seam Fastball,122,0.33129735419343437,90,12,9,25,15,38,73,20,0.13333333333333333,0.1721311475409836,0.39473684210526316,0.20491803278688525,0.273972602739726,0.3403036532234783,-0.3403036532234783,31.564245810055862,31.03448275862069,44.31066589610223,0.6666666666666666,-0.009006299030043907
"Ferguson, Tyler",621053,ST,Sweeper,61,0.24740928700943862,59,13,1,10,22,23,45,16,0.22033898305084745,0.22950819672131148,0.9565217391304348,0.16393442622950818,0.35555555555555557,0.2536757723078663,-0.2536757723078663,83.61266294227188,22.779922779922778,57.692888419145405,0.3333333333333333,-0.0062664852984276875
"Fermin, José",820862,FF,4-Seam Fastball,61,0.3948677442490857,51,9,2,21,10,17,41,9,0.17647058823529413,0.18032786885245902,0.5882352941176471,0.3442622950819672,0.21951219512195122,0.3650690135076316,-0.3650690135076316,16.294227188081937,20.318725099601593,43.1885122452462,0.4295774647887324,0.029798730741454116
"Fermin, José",820862,SL,Slider,81,0.26073928007654296,64,23,3,16,25,39,40,20,0.359375,0.32098765432098764,0.6410256410256411,0.19753086419753085,0.5,0.26249584533527254,-0.26249584533527254,79.98137802607076,24.242424242424242,57.30348174482253,0.5704225352112676,-0.001756565258729581
"Fernandez, Ryan",681676,SL,Slider,69,0.25244383769129425,60,15,5,18,19,24,45,16,0.25,0.2898550724637681,0.7916666666666666,0.2608695652173913,0.35555555555555557,0.284872152495649,-0.284872152495649,68.15642458100558,23.076923076923077,54.22575562240367,1.0,-0.03242831480435476
"Ferrer, José A.",678606,CH,Changeup,74,0.24528930566280566,66,26,3,10,32,37,40,16,0.3939393939393939,0.3918918918918919,0.8648648648648649,0.13513513513513514,0.4,0.21372429554740757,-0.21372429554740757,96.08938547486034,24.81203007518797,61.470715895884965,0.27007299270072993,0.031565010115398084
"Ferrer, José A.",678606,SI,Sinker,200,0.31850800404847207,175,15,9,73,33,49,158,110,0.08571428571428572,0.12,0.673469387755102,0.365,0.6962025316455697,0.33939982521820317,-0.33939982521820317,32.02979515828678,46.666666666666664,41.63873370577282,0.7299270072992701,-0.020891821169731095
"Festa, David",701581,CH,Changeup,67,0.22046024751354737,61,24,1,10,27,31,36,14,0.39344262295081966,0.373134328358209,0.8709677419354839,0.14925373134328357,0.3888888888888889,0.2224470666043154,-0.2224470666043154,93.94785847299813,23.371647509578544,60.3070128498755,0.47183098591549294,-0.0019868190907680328
"Festa, David",701581,FF,4-Seam Fastball,75,0.41754675028356153,59,4,5,26,10,20,55,16,0.06779661016949153,0.12,0.5,0.3466666666666667,0.2909090909090909,0.382577409367584,-0.382577409367584,7.169459962756052,22.779922779922778,40.279185809912065,0.528169014084507,0.03496934091597753
"Festa, Matt",670036,FF,4-Seam Fastball,90,0.34564850761757976,79,14,1,26,17,26,62,28,0.17721518987341772,0.16666666666666666,0.6538461538461539,0.28888888888888886,0.45161290322580644,0.3272095304664298,-0.3272095304664298,41.71322160148976,28.31541218637993,47.68693725262476,0.5172413793103449,0.01843897715114995
"Festa, Matt",670036,ST,Sweeper,84,0.22509128107040097,75,19,4,13,23,28,56,23,0.25333333333333335,0.27380952380952384,0.8214285714285714,0.15476190476190477,0.4107142857142857,0.2498179941768805,-0.2498179941768805,85.94040968342644,27.27272727272727,59.83578804807855,0.4827586206896552,-0.02472671310647953
"Finnegan, Kyle",640448,FF,4-Seam Fastball,137,0.32629809922673103,115,10,9,47,19,32,101,45,0.08695652173913043,0.1386861313868613,0.59375,0.34306569343065696,0.44554455445544555,0.3560093515136476,-0.3560093515136476,21.508379888268156,36.507936507936506,39.627856108303035,0.5591836734693878,-0.029711252286916567
"Finnegan, Kyle",640448,FS,Split-Finger,108,0.26719680610976787,95,23,7,29,38,45,68,36,0.24210526315789474,0.2777777777777778,0.8444444444444444,0.26851851851851855,0.5294117647058824,0.2711529773859121,-0.2711529773859121,75.04655493482309,32.20338983050847,58.097402392450206,0.44081632653061226,-0.003956171276144227
"Fisher, Braydon",680755,CU,Curveball,80,0.2991562272233202,62,18,11,16,19,27,43,23,0.2903225806451613,0.3625,0.7037037037037037,0.2,0.5348837209302325,0.2449255595609168,-0.2449255595609168,88.45437616387338,23.66412213740458,59.13542866078156,0.4624277456647399,0.05423066766240339
"Fisher, Braydon",680755,SL,Slider,93,0.24950830759999446,74,20,9,18,25,39,54,21,0.2702702702702703,0.3118279569892473,0.6410256410256411,0.1935483870967742,0.3888888888888889,0.2720645608802973,-0.2720645608802973,74.86033519553072,27.00729927007299,56.748086830050696,0.5375722543352601,-0.022556253280302835
"Fitts, Richard",690916,SL,Slider,60,0.4119196165633489,52,7,1,25,8,13,44,23,0.1346153846153846,0.13333333333333333,0.6153846153846154,0.4166666666666667,0.5227272727272727,0.37092315267795917,-0.37092315267795917,12.011173184357542,20.634920634920633,42.19798409742545,1.0,0.040996463885389745
"Flaherty, Jack",656427,FF,4-Seam Fastball,335,0.35709604709721443,258,31,40,107,37,81,222,65,0.12015503875968993,0.21194029850746268,0.4567901234567901,0.3194029850746269,0.2927927927927928,0.35767082977211606,-0.35767082977211606,20.763500931098697,56.33187772925764,33.55086075805258,0.4738330975954738,-0.0005747826749016305
"Flaherty, Jack",656427,KC,Knuckle Curve,193,0.2309274887857594,178,68,3,37,98,110,101,52,0.38202247191011235,0.36787564766839376,0.8909090909090909,0.19170984455958548,0.5148514851485149,0.22445926034205066,-0.22445926034205066,93.29608938547486,47.08994708994709,70.41273782428345,0.272984441301273,0.006468228443708729
"Flaherty, Jack",656427,SL,Slider,179,0.30777717485931677,150,35,9,52,55,76,115,50,0.23333333333333334,0.24581005586592178,0.7236842105263158,0.2905027932960894,0.43478260869565216,0.3041615117878076,-0.3041615117878076,57.35567970204841,42.857142857142854,53.17903697791966,0.2531824611032532,0.0036156630715091786
"Flexen, Chris",623167,FF,4-Seam Fastball,69,0.3571271369725916,63,5,1,25,15,19,57,20,0.07936507936507936,0.08695652173913043,0.7894736842105263,0.36231884057971014,0.3508771929824561,0.36168710306597784,-0.36168710306597784,18.435754189944134,23.954372623574145,42.47438593509924,1.0,-0.00455996609338627
"Fluharty, Mason",689254,FC,Cutter,146,0.29537306120627754,116,26,10,32,29,48,88,40,0.22413793103448276,0.2465753424657534,0.6041666666666666,0.2191780821917808,0.45454545454545453,0.2929965347310202,-0.2929965347310202,63.221601489757916,36.708860759493675,54.88296442967258,0.6083333333333333,0.0023765264752573234
"Fluharty, Mason",689254,ST,Sweeper,94,0.27788776629323547,85,21,5,20,27,30,63,22,0.24705882352941178,0.2765957446808511,0.9,0.2127659574468085,0.3492063492063492,0.26349249275493486,-0.26349249275493486,79.3296089385475,29.82456140350877,58.78009735698651,0.39166666666666666,0.014395273538300613
"Francis, Bowden",670102,FF,4-Seam Fastball,174,0.3527106151284404,152,13,7,73,27,42,134,47,0.08552631578947369,0.11494252873563218,0.6428571428571429,0.41954022988505746,0.35074626865671643,0.3866809991590708,-0.3866809991590708,5.307262569832402,43.18181818181818,30.72731504994075,0.7016129032258065,-0.03397038403063041
"Francis, Bowden",670102,FS,Split-Finger,74,0.3770203891472104,55,14,8,19,18,32,40,14,0.2545454545454545,0.2972972972972973,0.5625,0.25675675675675674,0.35,0.3048523845147171,-0.3048523845147171,56.98324022346368,21.568627450980394,51.54270274217694,0.29838709677419356,0.07216800463249334
"Freeland, Kyle",607536,FC,Cutter,94,0.4162891898842848,90,4,2,42,7,10,86,31,0.044444444444444446,0.06382978723404255,0.7,0.44680851063829785,0.36046511627906974,0.4000351201889554,-0.4000351201889554,2.700186219739292,31.03448275862069,35.35285429910743,0.14992025518341306,0.016254069695329443
"Freeland, Kyle",607536,FF,4-Seam Fastball,245,0.39606900200705214,212,7,16,100,21,40,202,65,0.0330188679245283,0.09387755102040816,0.525,0.40816326530612246,0.3217821782178218,0.4019050264827257,-0.4019050264827257,2.2346368715083798,51.45631067961165,25.444305834282513,0.39074960127591707,-0.005836024475673551
"Freeland, Kyle",607536,KC,Knuckle Curve,184,0.2429653518987722,164,48,6,50,79,94,113,72,0.2926829268292683,0.29347826086956524,0.8404255319148937,0.2717391304347826,0.6371681415929203,0.2605265596197205,-0.2605265596197205,80.72625698324022,45.05494505494506,63.86927783575828,0.2934609250398724,-0.017561207720948296
"Freeland, Kyle",607536,ST,Sweeper,104,0.25605135790598293,87,20,12,28,26,32,65,35,0.22988505747126436,0.3076923076923077,0.8125,0.2692307692307692,0.5384615384615384,0.2669871777638269,-0.2669871777638269,77.46741154562383,30.313588850174217,58.35880066701705,0.16586921850079744,-0.010935819857843976
"Fried, Max",608331,CH,Changeup,87,0.27347353284097153,79,11,3,19,29,34,66,37,0.13924050632911392,0.16091954022988506,0.8529411764705882,0.21839080459770116,0.5606060606060606,0.2795844149235384,-0.2795844149235384,70.85661080074487,28.31541218637993,55.93900802947478,0.10875,-0.006110882082566882
"Fried, Max",608331,CU,Curveball,122,0.2361848837168737,102,29,17,24,32,40,70,35,0.28431372549019607,0.3770491803278688,0.8,0.19672131147540983,0.5,0.23392838609541647,-0.23392838609541647,91.15456238361266,33.77483443708609,63.93071639103679,0.1525,0.002256497621457243
"Fried, Max",608331,FC,Cutter,256,0.3256471308238006,223,25,6,64,47,74,195,98,0.11210762331838565,0.12109375,0.6351351351351351,0.25,0.5025641025641026,0.32389226095587537,-0.32389226095587537,44.22718808193669,52.71867612293144,46.97866177124468,0.32,0.001754869867925224
"Fried, Max",608331,FF,4-Seam Fastball,118,0.26387439615252517,102,30,8,30,30,36,69,27,0.29411764705882354,0.3220338983050847,0.8333333333333334,0.2542372881355932,0.391304347826087,0.2687153636915605,-0.2687153636915605,76.0707635009311,33.77483443708609,58.83618829158805,0.1475,-0.004840967539035346
"Fried, Max",608331,SI,Sinker,148,0.28343855946619745,132,21,2,55,22,36,107,83,0.1590909090909091,0.1554054054054054,0.6111111111111112,0.3716216216216216,0.7757009345794392,0.3332239565960822,-0.3332239565960822,37.61638733705773,39.75903614457831,45.104440106795906,0.185,-0.04978539712988478
"Fried, Max",608331,ST,Sweeper,69,0.31443456720413243,57,13,6,13,10,17,43,13,0.22807017543859648,0.2753623188405797,0.5882352941176471,0.18840579710144928,0.3023255813953488,0.29075653407978724,-0.29075653407978724,64.61824953445065,22.17898832684825,53.27840937909846,0.08625,0.023678033124345188
"Gaddis, Hunter",683769,FF,4-Seam Fastball,98,0.32659553338074265,89,10,3,33,23,30,77,22,0.11235955056179775,0.1326530612244898,0.7666666666666667,0.336734693877551,0.2857142857142857,0.35102425526220904,-0.35102425526220904,24.860335195530723,30.79584775086505,42.29024504971229,0.40329218106995884,-0.024428721881466386
"Gaddis, Hunter",683769,SL,Slider,145,0.2826292810862865,131,36,6,36,53,62,93,42,0.2748091603053435,0.2896551724137931,0.8548387096774194,0.2482758620689655,0.45161290322580644,0.26749651187803486,-0.26749651187803486,77.00186219739292,39.577039274924466,60.71466747680692,0.5967078189300411,0.015132769208251629
"Gage, Matt",657424,SL,Slider,66,0.26327633333333333,61,10,1,21,16,20,50,26,0.16393442622950818,0.16666666666666666,0.8,0.3181818181818182,0.52,0.3162424340266283,-0.3162424340266283,50.09310986964618,23.371647509578544,50.05743559008826,1.0,-0.05296610069329499
"Gallen, Zac",668678,CH,Changeup,139,0.28045024143198444,119,17,5,31,41,57,101,61,0.14285714285714285,0.15827338129496402,0.7192982456140351,0.22302158273381295,0.6039603960396039,0.29127564592106836,-0.29127564592106836,64.05959031657356,37.30407523510972,55.27398819635383,0.1755050505050505,-0.010825404489083923
"Gallen, Zac",668678,FF,4-Seam Fastball,353,0.3564035949052374,280,19,39,135,42,78,256,101,0.06785714285714285,0.1643059490084986,0.5384615384615384,0.38243626062322944,0.39453125,0.3712635227952857,-0.3712635227952857,11.91806331471136,58.333333333333336,27.804934823091244,0.4457070707070707,-0.014859927890048308
"Gallen, Zac",668678,KC,Knuckle Curve,192,0.2552348835373945,170,64,8,45,89,103,100,57,0.3764705882352941,0.375,0.8640776699029126,0.234375,0.57,0.2338259240782691,-0.2338259240782691,91.34078212290503,45.94594594594595,69.01957823745533,0.24242424242424243,0.021408959459125382
"Gallen, Zac",668678,SL,Slider,108,0.3707512875721066,97,3,5,30,12,18,92,33,0.030927835051546393,0.07407407407407407,0.6666666666666666,0.2777777777777778,0.358695652173913,0.35095806779939387,-0.35095806779939387,24.953445065176908,32.659932659932664,41.851162149113726,0.13636363636363635,0.019793219772712756
"Garcia, Rico",670329,FF,4-Seam Fastball,60,0.3445557907141041,53,12,0,24,11,18,39,15,0.22641509433962265,0.2,0.6111111111111112,0.4,0.38461538461538464,0.36201236418220256,-0.36201236418220256,18.156424581005588,20.948616600790515,43.366013793509545,1.0,-0.01745657346809848
"Garcia, Robert",676395,CH,Changeup,77,0.2449234656137809,74,15,1,18,36,39,57,38,0.20270270270270271,0.2077922077922078,0.9230769230769231,0.23376623376623376,0.6666666666666666,0.25834139563838837,-0.25834139563838837,81.65735567970205,27.00729927007299,58.58377849365901,0.2916666666666667,-0.013417930024607477
"Garcia, Robert",676395,FF,4-Seam Fastball,101,0.2978042304340591,74,17,14,24,13,28,54,19,0.22972972972972974,0.3069306930693069,0.4642857142857143,0.2376237623762376,0.35185185185185186,0.306466053347308,-0.306466053347308,55.679702048417134,27.00729927007299,51.56791583411491,0.38257575757575757,-0.008661822913248851
"Garcia, Robert",676395,SL,Slider,86,0.3627521762338273,75,10,5,19,13,20,64,17,0.13333333333333333,0.1744186046511628,0.65,0.22093023255813954,0.265625,0.32016874966199627,-0.32016874966199627,47.67225325884544,27.27272727272727,49.39901811410191,0.32575757575757575,0.04258342657183101
"García, Luis",472610,SI,Sinker,109,0.35932507924814355,94,7,4,46,16,24,86,45,0.07446808510638298,0.10091743119266056,0.6666666666666666,0.42201834862385323,0.5232558139534884,0.3748145536128067,-0.3748145536128067,11.080074487895716,31.97278911564626,37.58788431573747,1.0,-0.015489474364663136
"Garrett, Reed",657585,FC,Cutter,66,0.3706018522487914,53,4,5,26,5,14,47,15,0.07547169811320754,0.13636363636363635,0.35714285714285715,0.3939393939393939,0.3191489361702128,0.404680516197863,-0.404680516197863,1.3966480446927374,20.948616600790515,39.85507246376812,0.5238095238095238,-0.03407866394907161
"Garrett, Reed",657585,SI,Sinker,60,0.3423045166666666,50,4,3,17,16,23,44,21,0.08,0.11666666666666667,0.6956521739130435,0.2833333333333333,0.4772727272727273,0.33083112162708195,-0.33083112162708195,39.385474860335194,20.0,47.91433891992552,0.47619047619047616,0.011473395039584666
"Gausman, Kevin",592332,FF,4-Seam Fastball,492,0.34790100084861514,408,40,39,171,56,104,361,110,0.09803921568627451,0.16056910569105692,0.5384615384615384,0.3475609756097561,0.3047091412742382,0.3687723692407867,-0.3687723692407867,13.314711359404097,67.10526315789474,25.397554640791924,0.5892215568862276,-0.020871368392171574
"Gausman, Kevin",592332,FS,Split-Finger,343,0.22485825884456145,323,112,6,62,160,175,207,105,0.34674922600619196,0.34402332361516036,0.9142857142857143,0.18075801749271136,0.5072463768115942,0.22493549067529894,-0.22493549067529894,93.20297951582867,61.75908221797323,76.69956667414394,0.41077844311377243,-7.723183073748974e-05
"Gil, Luis",661563,FF,4-Seam Fastball,137,0.35924005225982236,118,14,4,51,19,34,102,32,0.11864406779661017,0.13138686131386862,0.5588235294117647,0.3722627737226277,0.3137254901960784,0.3800380031338832,-0.3800380031338832,8.100558659217876,37.10691823899371,34.48168839230292,0.6884422110552764,-0.020797950874060833
"Gil, Luis",661563,SL,Slider,62,0.3157446146953405,47,15,0,9,18,32,31,4,0.3191489361702128,0.24193548387096775,0.5625,0.14516129032258066,0.12903225806451613,0.30156664261914157,-0.30156664261914157,58.659217877094974,19.02834008097166,51.6854017295064,0.31155778894472363,0.01417797207619892
"Gilbert, Logan",669302,FF,4-Seam Fastball,214,0.32343032031190627,186,18,9,82,22,42,162,60,0.0967741935483871,0.1261682242990654,0.5238095238095238,0.38317757009345793,0.37037037037037035,0.38347582146912035,-0.38347582146912035,6.70391061452514,48.18652849740933,29.16123927789196,0.38010657193605685,-0.060045501157214076
"Gilbert, Logan",669302,FS,Split-Finger,158,0.13776626915478177,150,93,2,13,91,97,54,25,0.62,0.6012658227848101,0.9381443298969072,0.08227848101265822,0.46296296296296297,0.13834126466733251,-0.13834126466733251,100.0,42.857142857142854,71.45517424847034,0.28063943161634103,-0.0005749955125507467
"Gilbert, Logan",669302,SL,Slider,191,0.3422386777593966,171,36,6,53,40,53,134,63,0.21052631578947367,0.2198952879581152,0.7547169811320755,0.2774869109947644,0.4701492537313433,0.3003917634984485,-0.3003917634984485,59.217877094972074,46.091644204851754,54.27376811375969,0.3392539964476021,0.04184691426094811
"Gilbert, Tyler",656457,SI,Sinker,60,0.4054421377066422,46,4,3,21,10,20,41,23,0.08695652173913043,0.11666666666666667,0.5,0.35,0.5609756097560976,0.36325679117954146,-0.36325679117954146,17.411545623836126,18.69918699186992,43.94407351894748,0.49586776859504134,0.042185346527100764
"Gilbert, Tyler",656457,ST,Sweeper,61,0.21565219265021265,55,19,2,7,17,21,35,8,0.34545454545454546,0.3442622950819672,0.8095238095238095,0.11475409836065574,0.22857142857142856,0.23730355597304303,-0.23730355597304303,90.5027932960894,21.568627450980394,58.77241026764524,0.5041322314049587,-0.02165136332283038
"Ginn, J.T.",669372,SI,Sinker,225,0.3117392676441249,168,23,29,69,29,57,143,84,0.13690476190476192,0.2311111111111111,0.5087719298245614,0.30666666666666664,0.5874125874125874,0.32145550370207276,-0.32145550370207276,46.18249534450652,45.65217391304348,48.28252773054813,0.7281553398058253,-0.009716236057947858
"Ginn, J.T.",669372,SL,Slider,84,0.26643660607821634,79,28,2,20,29,33,50,22,0.35443037974683544,0.35714285714285715,0.8787878787878788,0.23809523809523808,0.44,0.2476895183001201,-0.2476895183001201,86.77839851024208,28.31541218637993,60.447327846859295,0.27184466019417475,0.01874708777809625
"Giolito, Lucas",608337,CH,Changeup,140,0.29881642313479034,124,24,6,29,29,40,98,32,0.1935483870967742,0.21428571428571427,0.725,0.20714285714285716,0.32653061224489793,0.2949115925318279,-0.2949115925318279,62.38361266294227,38.2716049382716,54.768144929535374,0.23648648648648649,0.003904830602962428
"Giolito, Lucas",608337,FF,4-Seam Fastball,300,0.38733324170128297,247,26,17,107,45,80,218,88,0.10526315789473684,0.14333333333333334,0.5625,0.3566666666666667,0.4036697247706422,0.3653174312552198,-0.3653174312552198,16.10800744878957,55.257270693512304,31.293039881019332,0.5067567567567568,0.022015810446063155
"Giolito, Lucas",608337,SL,Slider,152,0.3096795303516552,134,27,9,37,45,54,104,49,0.20149253731343283,0.23684210526315788,0.8333333333333334,0.24342105263157895,0.47115384615384615,0.2786477651591036,-0.2786477651591036,71.69459962756052,40.119760479041915,58.7316986139453,0.25675675675675674,0.031031765192551575
"Glasnow, Tyler",607192,CU,Curveball,104,0.1878313920921116,95,44,6,12,37,41,50,22,0.4631578947368421,0.4807692307692308,0.9024390243902439,0.11538461538461539,0.44,0.18085277287398951,-0.18085277287398951,99.25512104283054,32.20338983050847,65.8933813085882,0.23476297968397292,0.006978619218122095
"Glasnow, Tyler",607192,FF,4-Seam Fastball,157,0.3050127796591481,115,16,14,36,15,42,97,41,0.1391304347826087,0.1910828025477707,0.35714285714285715,0.22929936305732485,0.422680412371134,0.3353124589122439,-0.3353124589122439,36.312849162011176,36.507936507936506,45.032662351098104,0.3544018058690745,-0.030299679253095846
"Glasnow, Tyler",607192,SI,Sinker,97,0.3595903960911272,62,6,15,29,11,30,55,25,0.0967741935483871,0.21649484536082475,0.36666666666666664,0.29896907216494845,0.45454545454545453,0.3467867124663819,-0.3467867124663819,26.629422718808193,23.66412213740458,44.50509616614781,0.21896162528216703,0.012803683624745321
"Glasnow, Tyler",607192,SL,Slider,85,0.2893607888065533,77,22,2,18,27,34,55,35,0.2857142857142857,0.2823529411764706,0.7941176470588235,0.21176470588235294,0.6363636363636364,0.24986250353768946,-0.24986250353768946,85.84729981378027,27.79783393501805,59.998386543775084,0.19187358916478556,0.03949828526886384
"Gomber, Austin",596295,FF,4-Seam Fastball,93,0.43771621480772893,83,1,3,37,8,15,81,23,0.012048192771084338,0.043010752688172046,0.5333333333333333,0.3978494623655914,0.2839506172839506,0.4125452583839131,-0.4125452583839131,0.8379888268156425,29.328621908127207,35.61436063459475,0.6,0.025170956423815838
"Gomber, Austin",596295,KC,Knuckle Curve,62,0.32001650341121296,53,6,7,14,13,16,46,17,0.11320754716981132,0.20967741935483872,0.8125,0.22580645161290322,0.3695652173913043,0.28956456794046476,-0.28956456794046476,65.27001862197392,20.948616600790515,53.23565997600488,0.4,0.030451935470748204
"Gonsolin, Tony",664062,FF,4-Seam Fastball,66,0.3915803325210285,54,6,1,23,12,22,47,17,0.1111111111111111,0.10606060606060606,0.5454545454545454,0.3484848484848485,0.3617021276595745,0.37630914419151024,-0.37630914419151024,10.148975791433893,21.25984251968504,41.564392439771844,1.0,0.015271188329518237
"Gordon, Colton",676467,FF,4-Seam Fastball,157,0.3929984217630719,130,15,14,54,28,42,112,23,0.11538461538461539,0.18471337579617833,0.6666666666666666,0.34394904458598724,0.20535714285714285,0.35739650932960987,-0.35739650932960987,20.85661080074488,39.39393939393939,38.547486033519554,0.6254980079681275,0.03560191243346206
"Gordon, Colton",676467,ST,Sweeper,94,0.27295620370567597,84,20,6,22,22,27,64,13,0.23809523809523808,0.2765957446808511,0.8148148148148148,0.23404255319148937,0.203125,0.2895495564857544,-0.2895495564857544,65.36312849162012,29.577464788732392,54.576809085425026,0.3745019920318725,-0.016593352780078452
"Gordon, Tanner",685299,CH,Changeup,78,0.3561427070171208,75,13,1,23,27,29,62,25,0.17333333333333334,0.1794871794871795,0.9310344827586207,0.2948717948717949,0.4032258064516129,0.30267856603298904,-0.30267856603298904,58.10055865921788,27.27272727272727,52.243101405112576,0.23493975903614459,0.05346414098413177
"Gordon, Tanner",685299,FF,4-Seam Fastball,171,0.3819403896383002,142,20,14,62,24,41,118,35,0.14084507042253522,0.19883040935672514,0.5853658536585366,0.36257309941520466,0.2966101694915254,0.36056180976223046,-0.36056180976223046,19.08752327746741,41.52046783625731,37.19222015311401,0.5150602409638554,0.021378579876069725
"Gordon, Tanner",685299,SL,Slider,83,0.35055314164687135,77,6,3,19,15,17,70,29,0.07792207792207792,0.10843373493975904,0.8823529411764706,0.2289156626506024,0.4142857142857143,0.3031730466311069,-0.3031730466311069,57.821229050279335,27.79783393501805,52.207745934426455,0.25,0.047380095015764456
"Gore, MacKenzie",669022,CH,Changeup,66,0.2846108102575575,59,16,1,12,30,36,43,20,0.2711864406779661,0.25757575757575757,0.8333333333333334,0.18181818181818182,0.46511627906976744,0.25612640403967923,-0.25612640403967923,82.49534450651768,22.779922779922778,57.43836414227475,0.10328638497652583,0.02848440621787829
"Gore, MacKenzie",669022,CU,Curveball,179,0.2930711267362958,146,55,11,41,60,80,88,42,0.3767123287671233,0.3687150837988827,0.75,0.22905027932960895,0.4772727272727273,0.25208873857572517,-0.25208873857572517,84.63687150837988,42.19653179190752,64.64246886470544,0.28012519561815336,0.04098238816057065
"Gore, MacKenzie",669022,FF,4-Seam Fastball,308,0.3785303071227104,261,31,13,107,48,86,223,76,0.11877394636015326,0.14285714285714285,0.5581395348837209,0.3474025974025974,0.34080717488789236,0.36800816863900343,-0.36800816863900343,13.966480446927374,56.61605206073753,29.61944117920317,0.48200312989045385,0.010522138483706978
"Gore, MacKenzie",669022,SL,Slider,86,0.23476497189443435,79,24,5,17,21,24,52,23,0.3037974683544304,0.3372093023255814,0.875,0.19767441860465115,0.4423076923076923,0.2404200128840166,-0.2404200128840166,89.85102420856612,28.31541218637993,61.31735447828437,0.13458528951486698,-0.0056550409895822495
"Graceffo, Gordon",700669,FF,4-Seam Fastball,95,0.3464912569250702,80,10,7,41,13,23,66,34,0.125,0.17894736842105263,0.5652173913043478,0.43157894736842106,0.5151515151515151,0.37048375058133753,-0.37048375058133753,12.383612662942271,28.57142857142857,39.285714285714285,1.0,-0.023992493656267322
"Gray, Sonny",543243,CU,Curveball,99,0.3046263893496529,81,15,13,29,25,31,65,34,0.18518518518518517,0.2828282828282828,0.8064516129032258,0.29292929292929293,0.5230769230769231,0.281465093692276,-0.281465093692276,69.55307262569832,28.825622775800714,55.66943014108962,0.14183381088825214,0.0231612956573769
"Gray, Sonny",543243,FC,Cutter,66,0.3681411219098027,62,2,0,26,12,15,59,23,0.03225806451612903,0.030303030303030304,0.8,0.3939393939393939,0.3898305084745763,0.3798804895887631,-0.3798804895887631,8.286778398510242,23.66412213740458,40.1644704109628,0.09455587392550144,-0.011739367678960388
"Gray, Sonny",543243,FF,4-Seam Fastball,150,0.4280807718193644,131,2,3,52,8,20,127,59,0.015267175572519083,0.03333333333333333,0.4,0.3466666666666667,0.4645669291338583,0.39853697661548704,-0.39853697661548704,2.97951582867784,39.577039274924466,31.41881438223993,0.2148997134670487,0.029543795203877343
"Gray, Sonny",543243,SI,Sinker,167,0.3030798047636782,123,12,32,48,23,40,110,50,0.0975609756097561,0.2634730538922156,0.575,0.2874251497005988,0.45454545454545453,0.31226222943110127,-0.31226222943110127,52.60707635009311,38.080495356037154,51.02161417345533,0.23925501432664756,-0.009182424667423084
"Gray, Sonny",543243,ST,Sweeper,216,0.18313558441559993,197,93,16,38,111,119,102,47,0.4720812182741117,0.5046296296296297,0.9327731092436975,0.17592592592592593,0.46078431372549017,0.188796271082537,-0.188796271082537,99.06890130353817,49.622166246851386,74.3725051480142,0.30945558739255014,-0.005660686666937059
"Green, Chad",643338,FF,4-Seam Fastball,106,0.3854033265339252,94,13,5,48,19,28,77,20,0.13829787234042554,0.16981132075471697,0.6785714285714286,0.4528301886792453,0.2597402597402597,0.38768159604259705,-0.38768159604259705,5.027932960893855,31.97278911564626,35.65284586832871,0.5824175824175825,-0.002278269508671882
"Green, Chad",643338,SL,Slider,76,0.3372184195534284,66,8,4,24,17,26,57,26,0.12121212121212122,0.15789473684210525,0.6538461538461539,0.3157894736842105,0.45614035087719296,0.3368324705604603,-0.3368324705604603,34.543761638733706,24.81203007518797,46.19999719970317,0.4175824175824176,0.00038594899296812146
"Greene, Hunter",668881,FF,4-Seam Fastball,243,0.27935451409000917,195,37,30,77,33,52,151,52,0.18974358974358974,0.2757201646090535,0.6346153846153846,0.3168724279835391,0.3443708609271523,0.3209667533326505,-0.3209667533326505,46.927374301675975,49.36708860759494,48.50670626782642,0.6262886597938144,-0.04161223924264135
"Greene, Hunter",668881,SL,Slider,145,0.2507166421085046,128,43,7,27,45,56,81,23,0.3359375,0.3448275862068966,0.8035714285714286,0.18620689655172415,0.2839506172839506,0.2546388573735665,-0.2546388573735665,82.9608938547486,39.02439024390244,62.89117500113548,0.37371134020618557,-0.0039222152650619235
"Gusto, Ryan",687473,FC,Cutter,64,0.3784526845627849,56,11,3,26,10,16,45,20,0.19642857142857142,0.21875,0.625,0.40625,0.4444444444444444,0.35357510742817644,-0.35357510742817644,22.998137802607076,21.875,44.12971368715084,0.256,0.024877577134608475
"Gusto, Ryan",687473,FF,4-Seam Fastball,186,0.3046728379819697,155,43,7,53,25,48,109,32,0.27741935483870966,0.26881720430107525,0.5208333333333334,0.2849462365591398,0.29357798165137616,0.3281770328064638,-0.3281770328064638,40.87523277467412,43.66197183098591,46.042174836729885,0.744,-0.023504194824494118
"Gómez, Yoendrys",672782,FF,4-Seam Fastball,95,0.35989290071206637,80,24,3,19,22,34,52,8,0.3,0.28421052631578947,0.6470588235294118,0.2,0.15384615384615385,0.29800247701734406,-0.29800247701734406,61.08007448789572,28.57142857142857,53.198989092843846,1.0,0.06189042369472231
"Hader, Josh",623352,SI,Sinker,112,0.2564817662341851,95,23,4,24,24,38,65,9,0.24210526315789474,0.24107142857142858,0.631578947368421,0.21428571428571427,0.13846153846153847,0.31476719755622873,-0.31476719755622873,50.83798882681564,32.20338983050847,50.30142347631221,0.5685279187817259,-0.05828543132204361
"Hader, Josh",623352,SL,Slider,85,0.17393400177103102,76,36,5,12,36,42,40,13,0.47368421052631576,0.4823529411764706,0.8571428571428571,0.1411764705882353,0.325,0.20155552990073716,-0.20155552990073716,97.67225325884544,27.536231884057973,63.1608776617278,0.43147208121827413,-0.02762152812970614
"Halvorsen, Seth",678020,FF,4-Seam Fastball,76,0.34547781110994275,58,12,4,25,11,25,46,28,0.20689655172413793,0.21052631578947367,0.44,0.32894736842105265,0.6086956521739131,0.33782652574073574,-0.33782652574073574,33.61266294227188,22.48062015503876,46.35211409928833,0.5588235294117647,0.007651285369207006
"Halvorsen, Seth",678020,FS,Split-Finger,60,0.2994948235449736,56,7,1,14,12,15,47,28,0.125,0.13333333333333333,0.8,0.23333333333333334,0.5957446808510638,0.29273776884192293,-0.29273776884192293,63.3147113594041,21.875,52.948964152700185,0.4411764705882353,0.006757054703050658
"Hamilton, Ian",641656,SI,Sinker,75,0.40390060842958464,55,0,5,20,11,25,54,28,0.0,0.06666666666666667,0.44,0.26666666666666666,0.5185185185185185,0.35909233122997913,-0.35909233122997913,19.925512104283055,21.568627450980394,43.54985942235368,0.528169014084507,0.044808277199605506
"Hamilton, Ian",641656,SL,Slider,67,0.20827550269432496,58,25,3,12,22,28,30,5,0.43103448275862066,0.417910447761194,0.7857142857142857,0.1791044776119403,0.16666666666666666,0.24681344882555822,-0.24681344882555822,87.15083798882681,22.48062015503876,58.38782786944408,0.47183098591549294,-0.038537946131233264
"Hancock, Emerson",676106,CH,Changeup,75,0.3764138586691328,68,11,1,19,27,33,56,27,0.16176470588235295,0.16,0.8181818181818182,0.25333333333333335,0.48214285714285715,0.2996885758391666,-0.2996885758391666,59.86964618249534,25.37313432835821,52.53898107229217,0.22255192878338279,0.07672528282996621
"Hancock, Emerson",676106,FF,4-Seam Fastball,85,0.33706764881260814,73,14,4,23,14,23,58,18,0.1917808219178082,0.21176470588235294,0.6086956521739131,0.27058823529411763,0.3103448275862069,0.32697046190449597,-0.32697046190449597,42.08566108007449,26.73992673992674,47.91781775021998,0.2522255192878338,0.010097186908112177
"Hancock, Emerson",676106,SI,Sinker,177,0.3781558291148997,146,5,7,68,19,44,139,74,0.03424657534246575,0.06779661016949153,0.4318181818181818,0.384180790960452,0.5323741007194245,0.3934236591036257,-0.3934236591036257,3.7243947858473,42.19653179190752,30.500209900862206,0.5252225519287834,-0.015267829988726
"Hanifee, Brenan",669724,SI,Sinker,176,0.3375499187725055,155,8,10,68,23,34,146,92,0.05161290322580645,0.10227272727272728,0.6764705882352942,0.38636363636363635,0.6301369863013698,0.3546288927943701,-0.3546288927943701,22.439478584729983,43.66197183098591,37.992761035486666,1.0,-0.01707897402186459
"Harris, Hogan",663687,CU,Curveball,62,0.2773679184060721,58,15,1,9,21,24,40,20,0.25862068965517243,0.25806451612903225,0.875,0.14516129032258066,0.5,0.2383341658631567,-0.2383341658631567,90.31657355679702,22.48062015503876,59.09950485759243,0.2743362831858407,0.03903375254291541
"Harris, Hogan",663687,FF,4-Seam Fastball,164,0.34632269063880816,122,21,17,40,17,41,101,40,0.1721311475409836,0.23170731707317074,0.4146341463414634,0.24390243902439024,0.39603960396039606,0.326852049885201,-0.326852049885201,42.36499068901304,37.88819875776397,47.13614860566525,0.7256637168141593,0.01947064075360716
"Harrison, Kyle",690986,FF,4-Seam Fastball,96,0.2814844233424672,79,21,8,25,11,22,57,24,0.26582278481012656,0.3020833333333333,0.5,0.2604166666666667,0.42105263157894735,0.3054326161705049,-0.3054326161705049,56.61080074487895,28.31541218637993,51.90524819286758,1.0,-0.023948192828037673
"Headrick, Brent",687396,FF,4-Seam Fastball,68,0.2847969367488931,57,12,4,20,11,18,40,14,0.21052631578947367,0.23529411764705882,0.6111111111111112,0.29411764705882354,0.35,0.32527158694176267,-0.32527158694176267,43.85474860335196,22.17898832684825,48.673274931345055,1.0,-0.040474650192869555
"Heaney, Andrew",571760,CH,Changeup,110,0.3139575730060386,102,10,2,32,41,47,90,46,0.09803921568627451,0.10909090909090909,0.8723404255319149,0.2909090909090909,0.5111111111111111,0.31484553777920954,-0.31484553777920954,50.74487895716946,33.77483443708609,50.282412717204984,0.2240325865580448,-0.000887964773170935
"Heaney, Andrew",571760,FF,4-Seam Fastball,234,0.3958113827923281,192,26,10,87,33,63,164,44,0.13541666666666666,0.15384615384615385,0.5238095238095238,0.3717948717948718,0.2682926829268293,0.3817681410403162,-0.3817681410403162,7.635009310986965,48.97959183673469,29.273552996617642,0.47657841140529533,0.014043241752011881
"Heaney, Andrew",571760,SI,Sinker,65,0.38344802339181283,60,4,1,26,13,16,55,36,0.06666666666666667,0.07692307692307693,0.8125,0.4,0.6545454545454545,0.3492032597250029,-0.3492032597250029,25.69832402234637,23.076923076923077,44.42773241655923,0.13238289205702647,0.03424476366680995
"Heaney, Andrew",571760,SL,Slider,82,0.30165195334233585,75,17,2,21,25,30,56,26,0.22666666666666666,0.23170731707317074,0.8333333333333334,0.25609756097560976,0.4642857142857143,0.2841122780182791,-0.2841122780182791,68.43575418994413,27.27272727272727,55.061791095310646,0.1670061099796334,0.017539675324056758
"Helsley, Ryan",664854,FF,4-Seam Fastball,121,0.4096998538529098,94,8,9,45,18,34,85,42,0.0851063829787234,0.14049586776859505,0.5294117647058824,0.371900826446281,0.49411764705882355,0.3666697436186711,-0.3666697436186711,14.990689013035382,31.97278911564626,38.83821685098621,0.5148936170212766,0.043030110234238694
"Helsley, Ryan",664854,SL,Slider,114,0.1909908421974413,101,35,8,18,39,44,66,30,0.3465346534653465,0.37719298245614036,0.8863636363636364,0.15789473684210525,0.45454545454545453,0.2174574155030849,-0.2174574155030849,95.06517690875232,33.5548172757475,65.15247127823456,0.4851063829787234,-0.026466573305643587
"Hendricks, Kyle",543294,CH,Changeup,297,0.26938135831651916,276,40,10,62,131,143,233,90,0.14492753623188406,0.16835016835016836,0.916083916083916,0.20875420875420875,0.38626609442060084,0.28244740518246947,-0.28244740518246947,69.1806331471136,57.98319327731093,61.141104486487336,0.45,-0.01306604686595031
"Hendricks, Kyle",543294,FF,4-Seam Fastball,87,0.3190881608062396,64,10,11,19,22,36,52,13,0.15625,0.2413793103448276,0.6111111111111112,0.21839080459770116,0.25,0.30922015793456287,-0.30922015793456287,54.37616387337057,24.242424242424242,51.09615710174369,0.1318181818181818,0.009868002871676718
"Hendricks, Kyle",543294,SI,Sinker,276,0.3284893159650585,238,14,16,88,55,77,221,101,0.058823529411764705,0.10869565217391304,0.7142857142857143,0.3188405797101449,0.45701357466063347,0.342933012675653,-0.342933012675653,29.981378026070765,54.337899543378995,39.14355926294397,0.41818181818181815,-0.014443696710594534
"Henriquez, Ronny",678692,FF,4-Seam Fastball,81,0.31435124300859063,65,12,8,27,13,20,50,19,0.18461538461538463,0.24691358024691357,0.65,0.3333333333333333,0.38,0.3281136139931331,-0.3281136139931331,40.9683426443203,24.528301886792452,47.81982361828468,0.3253012048192771,-0.013762370984542471
"Henriquez, Ronny",678692,SL,Slider,82,0.2423566057580121,65,24,5,15,21,34,40,20,0.36923076923076925,0.35365853658536583,0.6176470588235294,0.18292682926829268,0.5,0.25302533783327064,-0.25302533783327064,83.79888268156425,24.528301886792452,58.325427778363384,0.3293172690763052,-0.010668732075258536
"Henriquez, Ronny",678692,ST,Sweeper,86,0.2152485501200423,83,30,2,21,35,36,52,17,0.3614457831325301,0.37209302325581395,0.9722222222222222,0.2441860465116279,0.3269230769230769,0.24576140584509742,-0.24576140584509742,87.52327746741155,29.328621908127207,61.037961189963866,0.3453815261044177,-0.030512855725055132
"Henry, Cole",669371,FF,4-Seam Fastball,137,0.3102130647347309,100,24,10,29,22,51,74,20,0.24,0.24817518248175183,0.43137254901960786,0.2116788321167883,0.2702702702702703,0.32171735344812896,-0.32171735344812896,45.81005586592179,33.33333333333333,48.63438857852266,1.0,-0.011504288713398036
"Herget, Jimmy",623474,SI,Sinker,77,0.3854000030068078,64,2,2,25,7,18,61,37,0.03125,0.05194805194805195,0.3888888888888889,0.3246753246753247,0.6065573770491803,0.3777918767834789,-0.3777918767834789,9.31098696461825,24.242424242424242,40.17126572992495,0.2619047619047619,0.007608126223328904
"Herget, Jimmy",623474,SL,Slider,94,0.29957084134821255,87,16,2,29,17,22,70,25,0.1839080459770115,0.19148936170212766,0.7727272727272727,0.30851063829787234,0.35714285714285715,0.3231059648788172,-0.3231059648788172,44.59962756052141,30.313588850174217,48.39539576560969,0.3197278911564626,-0.023535123530604662
"Herget, Jimmy",623474,ST,Sweeper,123,0.22106561672993896,110,30,3,24,37,48,77,20,0.2727272727272727,0.2682926829268293,0.7708333333333334,0.1951219512195122,0.2597402597402597,0.2797833557008137,-0.2797833557008137,70.6703910614525,35.483870967741936,57.36469033459482,0.41836734693877553,-0.05871773897087473
"Hernández, Carlos",672578,FF,4-Seam Fastball,110,0.3790186929323952,91,10,2,34,14,29,78,29,0.10989010989010989,0.10909090909090909,0.4827586206896552,0.3090909090909091,0.3717948717948718,0.36928882208725905,-0.36928882208725905,12.942271880819368,31.27147766323024,38.443497347488595,1.0,0.009729870845136157
"Hernández, Daysbel",678226,FF,4-Seam Fastball,65,0.31519473684210525,48,13,3,15,11,24,34,16,0.2708333333333333,0.24615384615384617,0.4583333333333333,0.23076923076923078,0.47058823529411764,0.3095723738665165,-0.3095723738665165,54.00372439478585,19.35483870967742,50.812458701267495,0.40372670807453415,0.005622362975588768
"Hernández, Daysbel",678226,SL,Slider,96,0.3204121674695037,78,14,2,22,27,40,64,31,0.1794871794871795,0.16666666666666666,0.675,0.22916666666666666,0.484375,0.30486063280168846,-0.30486063280168846,56.890130353817504,28.05755395683453,51.96669480058411,0.5962732919254659,0.015551534667815226
"Herrin, Tim",682120,CU,Curveball,91,0.22657196054465903,72,31,4,9,39,55,41,12,0.4305555555555556,0.38461538461538464,0.7090909090909091,0.0989010989010989,0.2926829268292683,0.22826611797571572,-0.22826611797571572,92.36499068901304,26.47058823529412,61.2484938109322,1.0,-0.001694157431056692
"Hicks, Jordan",663855,SI,Sinker,181,0.3385347384831575,137,2,19,65,19,46,133,89,0.014598540145985401,0.11602209944751381,0.41304347826086957,0.35911602209944754,0.6691729323308271,0.36618991456276306,-0.36618991456276306,15.363128491620111,40.652818991097924,35.9467643629572,1.0,-0.027655176079605548
"Hill, Tim",657612,SI,Sinker,228,0.2883061924727113,209,15,7,89,48,61,191,140,0.07177033492822966,0.09649122807017543,0.7868852459016393,0.39035087719298245,0.7329842931937173,0.3382823983078934,-0.3382823983078934,33.24022346368715,51.1002444987775,41.45847846179764,1.0,-0.04997620583518214
"Hodge, Porter",687863,ST,Sweeper,65,0.3214419533577534,53,12,3,12,22,31,41,13,0.22641509433962265,0.23076923076923078,0.7096774193548387,0.18461538461538463,0.3170731707317073,0.28671901391792737,-0.28671901391792737,66.85288640595903,20.948616600790515,53.56724887936935,1.0,0.03472293943982602
"Hoffman, Jeff",656546,FF,4-Seam Fastball,114,0.38724649164255637,89,19,6,31,21,40,65,16,0.21348314606741572,0.21929824561403508,0.525,0.2719298245614035,0.24615384615384617,0.3388655714908863,-0.3388655714908863,32.588454376163874,30.79584775086505,44.67018486658547,0.38127090301003347,0.04838092015167006
"Hoffman, Jeff",656546,FS,Split-Finger,101,0.21362342288514566,92,25,3,18,39,45,66,31,0.2717391304347826,0.27722772277227725,0.8666666666666667,0.1782178217821782,0.4696969696969697,0.24696560951959295,-0.24696560951959295,87.05772811918064,31.506849315068493,61.707609499757666,0.3377926421404682,-0.033342186634447296
"Hoffman, Jeff",656546,SL,Slider,84,0.2380275753968254,70,28,8,17,35,41,41,17,0.4,0.42857142857142855,0.8536585365853658,0.20238095238095238,0.4146341463414634,0.22529320527159025,-0.22529320527159025,93.01675977653632,25.925925925925924,61.1869784123043,0.2809364548494983,0.01273437012523515
"Holmes, Clay",605280,CH,Changeup,109,0.2530210745897666,102,25,2,22,56,61,73,49,0.24509803921568626,0.24770642201834864,0.9180327868852459,0.2018348623853211,0.6712328767123288,0.239929723194803,-0.239929723194803,89.94413407821229,33.77483443708609,63.52189623490818,0.1775244299674267,0.01309135139496359
"Holmes, Clay",605280,SI,Sinker,312,0.35973409009220314,249,20,12,117,49,96,227,158,0.08032128514056225,0.10256410256410256,0.5104166666666666,0.375,0.6960352422907489,0.3623243387998382,-0.3623243387998382,17.783985102420857,55.45657015590201,32.15484026162007,0.50814332247557,-0.002590248707635079
"Holmes, Clay",605280,SL,Slider,74,0.37448093642371266,70,12,1,24,10,13,57,25,0.17142857142857143,0.17567567567567569,0.7692307692307693,0.32432432432432434,0.43859649122807015,0.32538222936088884,-0.32538222936088884,43.66852886405959,25.925925925925924,48.3929926201807,0.12052117263843648,0.04909870706282382
"Holmes, Clay",605280,ST,Sweeper,119,0.2618595138209217,101,22,9,24,39,48,79,36,0.21782178217821782,0.2605042016806723,0.8125,0.20168067226890757,0.45569620253164556,0.2641304894782781,-0.2641304894782781,78.86405959031657,33.5548172757475,59.71621596540396,0.19381107491856678,-0.0022709756573564
"Holmes, Grant",656550,CU,Curveball,79,0.276576317062781,65,22,3,11,28,40,40,22,0.3384615384615385,0.31645569620253167,0.7,0.13924050632911392,0.55,0.23655096900026518,-0.23655096900026518,90.59590316573556,24.528301886792452,59.99262148202804,0.162217659137577,0.04002534806251584
"Holmes, Grant",656550,FC,Cutter,74,0.3654004905184905,66,1,0,24,7,15,63,29,0.015151515151515152,0.013513513513513514,0.4666666666666667,0.32432432432432434,0.4603174603174603,0.3902122822977818,-0.3902122822977818,4.376163873370578,24.81203007518797,38.714803769199534,0.15195071868583163,-0.024811791779291326
"Holmes, Grant",656550,FF,4-Seam Fastball,137,0.43822083308051535,97,9,14,42,12,36,88,35,0.09278350515463918,0.1678832116788321,0.3333333333333333,0.30656934306569344,0.3977272727272727,0.36779404147269223,-0.36779404147269223,14.059590316573555,32.659932659932664,38.293236524148995,0.2813141683778234,0.07042679160782311
"Holmes, Grant",656550,SL,Slider,197,0.25700383107623676,175,59,7,50,72,87,113,61,0.33714285714285713,0.3350253807106599,0.8275862068965517,0.25380710659898476,0.5398230088495575,0.2546112494371039,-0.2546112494371039,83.14711359404097,46.666666666666664,65.49348230912477,0.40451745379876797,0.0023925816391328625
"Holton, Tyler",663947,FC,Cutter,94,0.33362276552488274,85,9,3,35,17,23,75,39,0.10588235294117647,0.1276595744680851,0.7391304347826086,0.3723404255319149,0.52,0.3471464494948937,-0.3471464494948937,26.35009310986965,29.82456140350877,42.979189127380835,0.5310734463276836,-0.013523683970010969
"Holton, Tyler",663947,SI,Sinker,83,0.27565176275184555,74,5,6,29,7,10,69,41,0.06756756756756757,0.13253012048192772,0.7,0.3493975903614458,0.5942028985507246,0.33727817886192674,-0.33727817886192674,34.171322160148975,27.00729927007299,45.75908330954614,0.4689265536723164,-0.061626416110081184
"Horton, Cade",690990,FF,4-Seam Fastball,241,0.3561012955163197,207,20,12,92,28,49,181,85,0.0966183574879227,0.13278008298755187,0.5714285714285714,0.3817427385892116,0.4696132596685083,0.3691380223904661,-0.3691380223904661,13.03538175046555,50.859950859950864,31.222690440567533,0.6827195467422096,-0.01303672687414642
"Horton, Cade",690990,ST,Sweeper,112,0.23701530936932017,101,24,4,27,33,40,76,26,0.2376237623762376,0.25,0.825,0.24107142857142858,0.34210526315789475,0.28584244597080616,-0.28584244597080616,67.31843575418995,33.5548172757475,55.84210298384653,0.31728045325779036,-0.04882713660148599
"Houck, Tanner",656557,SI,Sinker,85,0.37216394311926027,71,5,5,31,16,25,66,36,0.07042253521126761,0.11764705882352941,0.64,0.36470588235294116,0.5454545454545454,0.35488737698598544,-0.35488737698598544,21.973929236499067,26.199261992619927,42.69173417991163,0.5483870967741935,0.01727656613327483
"Houck, Tanner",656557,ST,Sweeper,70,0.3697049908549655,56,11,4,17,18,28,44,18,0.19642857142857142,0.21428571428571427,0.6428571428571429,0.24285714285714285,0.4090909090909091,0.3071181985333663,-0.3071181985333663,55.40037243947859,21.875,51.21770251396648,0.45161290322580644,0.0625867923215992
"Houser, Adrian",605288,CH,Changeup,87,0.3305791445491954,79,24,0,17,34,42,55,19,0.3037974683544304,0.27586206896551724,0.8095238095238095,0.19540229885057472,0.34545454545454546,0.2676671319683631,-0.2676671319683631,76.90875232774674,28.31541218637993,57.65269684894842,0.20813397129186603,0.06291201258083229
"Houser, Adrian",605288,SI,Sinker,254,0.3313976370777321,213,11,18,106,32,59,200,112,0.051643192488262914,0.1141732283464567,0.5423728813559322,0.41732283464566927,0.56,0.3797222698327064,-0.3797222698327064,8.379888268156424,51.57384987893463,28.55745081860033,0.6076555023923444,-0.048324632754974284
"Houser, Adrian",605288,SL,Slider,77,0.26697938526324955,74,12,1,26,21,23,61,31,0.16216216216216217,0.16883116883116883,0.9130434782608695,0.33766233766233766,0.5081967213114754,0.3113722859582407,-0.3113722859582407,53.25884543761639,27.00729927007299,50.914107844336606,0.18421052631578946,-0.04439290069499113
"Hurter, Brant",676428,SI,Sinker,160,0.3521971496328874,121,8,13,50,23,47,113,66,0.06611570247933884,0.13125,0.48936170212765956,0.3125,0.584070796460177,0.3480553457268791,-0.3480553457268791,26.0707635009311,37.69470404984423,41.0089513102096,0.6722689075630253,0.004141803906008323
"Hurter, Brant",676428,ST,Sweeper,78,0.2065613252933507,64,25,5,9,26,34,38,13,0.390625,0.38461538461538464,0.7647058823529411,0.11538461538461539,0.34210526315789475,0.2238510038674208,-0.2238510038674208,93.57541899441341,24.242424242424242,60.599006828057114,0.3277310924369748,-0.0172896785740701
"Iglesias, Raisel",628452,CH,Changeup,83,0.24005149077696064,80,23,1,16,39,41,56,20,0.2875,0.2891566265060241,0.9512195121951219,0.1927710843373494,0.35714285714285715,0.24906497182722054,-0.24906497182722054,86.1266294227188,28.57142857142857,60.35514764565043,0.45604395604395603,-0.009013481050259897
"Iglesias, Raisel",628452,FF,4-Seam Fastball,99,0.24447207106750926,79,16,11,23,16,26,58,12,0.20253164556962025,0.2727272727272727,0.6153846153846154,0.23232323232323232,0.20689655172413793,0.30916983982240326,-0.30916983982240326,54.46927374301676,28.31541218637993,51.29886599520768,0.5439560439560439,-0.064697768754894
"Imanaga, Shota",684007,FF,4-Seam Fastball,269,0.37026294931729353,239,20,12,112,37,53,216,45,0.08368200836820083,0.11895910780669144,0.6981132075471698,0.4163568773234201,0.20833333333333334,0.3905173255754948,-0.3905173255754948,4.0968342644320295,54.441913439635535,25.03064778169447,0.481216457960644,-0.020254376258201257
"Imanaga, Shota",684007,FS,Split-Finger,215,0.2678179704768188,206,45,5,59,79,83,156,74,0.21844660194174756,0.23255813953488372,0.9518072289156626,0.2744186046511628,0.47435897435897434,0.27695803838426175,-0.27695803838426175,72.71880819366852,50.73891625615764,61.55021052921265,0.38461538461538464,-0.009140067907442928
"Imanaga, Shota",684007,ST,Sweeper,75,0.2583747507790983,66,22,6,11,20,24,42,5,0.3333333333333333,0.37333333333333335,0.8333333333333334,0.14666666666666667,0.11904761904761904,0.2463725459497213,-0.2463725459497213,87.243947858473,24.81203007518797,59.27598325422495,0.13416815742397137,0.012002204829376972
"Irvin, Jake",663623,CH,Changeup,77,0.3621661710866449,74,4,0,33,14,16,68,34,0.05405405405405406,0.05194805194805195,0.875,0.42857142857142855,0.5,0.3692899662769443,-0.3692899662769443,12.849162011173185,27.00729927007299,40.00054370726801,0.10606060606060606,-0.007123795190299431
"Irvin, Jake",663623,CU,Curveball,210,0.33835266610188464,189,40,6,62,54,68,147,73,0.21164021164021163,0.21904761904761905,0.7941176470588235,0.29523809523809524,0.4965986394557823,0.29992668042572124,-0.29992668042572124,59.49720670391061,48.58611825192802,54.63825977892988,0.2892561983471074,0.0384259856761634
"Irvin, Jake",663623,FF,4-Seam Fastball,248,0.4103701581212494,210,25,9,100,49,78,178,51,0.11904761904761904,0.13709677419354838,0.6282051282051282,0.4032258064516129,0.28651685393258425,0.3832494614932347,-0.3832494614932347,6.7970204841713215,51.21951219512195,27.89435436253804,0.3415977961432507,0.027120696628014695
"Irvin, Jake",663623,SI,Sinker,191,0.34241256292321887,164,9,10,64,25,40,154,87,0.054878048780487805,0.09947643979057591,0.625,0.33507853403141363,0.564935064935065,0.3501787243042107,-0.3501787243042107,25.41899441340782,45.05494505494506,38.95062107352611,0.2630853994490358,-0.007766161380991843
"Jackson, Luke",592426,FF,4-Seam Fastball,66,0.3728446827280907,49,3,7,18,12,21,45,18,0.061224489795918366,0.15151515151515152,0.5714285714285714,0.2727272727272727,0.4,0.3379629103793562,-0.3379629103793562,33.5195530726257,19.67871485943775,46.7942533635473,0.35106382978723405,0.03488177234873446
"Jackson, Luke",592426,SL,Slider,122,0.30838841451990634,103,18,5,41,24,38,85,51,0.17475728155339806,0.1885245901639344,0.631578947368421,0.3360655737704918,0.6,0.32684398535370285,-0.32684398535370285,42.45810055865922,33.993399339933994,47.46698133500501,0.648936170212766,-0.01845557083379651
"Jacob, Alek",689690,FF,4-Seam Fastball,61,0.31337490453518213,49,12,2,13,13,23,35,8,0.24489795918367346,0.22950819672131148,0.5652173913043478,0.21311475409836064,0.22857142857142856,0.31652333248219816,-0.31652333248219816,49.906890130353815,19.67871485943775,50.01907069619259,1.0,-0.0031484279470160303
"Jansen, Kenley",445276,FC,Cutter,175,0.31515000217757416,155,25,5,58,25,40,123,31,0.16129032258064516,0.17142857142857143,0.625,0.3314285714285714,0.25203252032520324,0.3571446771404779,-0.3571446771404779,20.949720670391063,43.66197183098591,37.34230335457812,1.0,-0.04199467496290371
"Javier, Cristian",664299,FF,4-Seam Fastball,64,0.26913959735576926,53,6,2,15,12,22,44,13,0.11320754716981132,0.125,0.5454545454545454,0.234375,0.29545454545454547,0.34331348236275705,-0.34331348236275705,29.608938547486037,20.948616600790515,45.76515703549952,1.0,-0.0741738850069878
"Jax, Griffin",643377,CH,Changeup,69,0.1990091863354037,63,26,3,15,27,30,37,21,0.4126984126984127,0.42028985507246375,0.9,0.21739130434782608,0.5675675675675675,0.21515809847293796,-0.21515809847293796,95.81005586592178,23.954372623574145,61.0089144734513,0.36507936507936506,-0.01614891213753425
"Jax, Griffin",643377,ST,Sweeper,120,0.24065210231657988,104,47,9,22,49,57,54,29,0.4519230769230769,0.4666666666666667,0.8596491228070176,0.18333333333333332,0.5370370370370371,0.20084407554002942,-0.20084407554002942,97.95158286778398,34.21052631578947,66.43511712241498,0.6349206349206349,0.03980802677655046
"Jobe, Jackson",695549,FF,4-Seam Fastball,65,0.38429016879914246,53,4,2,23,12,22,49,20,0.07547169811320754,0.09230769230769231,0.5454545454545454,0.35384615384615387,0.40816326530612246,0.3774025934703156,-0.3774025934703156,9.404096834264433,20.948616600790515,41.53252221020013,0.45774647887323944,0.006887575328826889
"Jobe, Jackson",695549,SL,Slider,77,0.3005926618785255,65,8,4,21,19,27,54,32,0.12307692307692308,0.15584415584415584,0.7037037037037037,0.2727272727272727,0.5925925925925926,0.30899113894466484,-0.30899113894466484,54.56238361266295,24.528301886792452,51.154211025614,0.5422535211267606,-0.008398477066139332
"Johnson, Pierce",572955,CU,Curveball,179,0.29236707408755347,163,33,8,59,43,51,128,47,0.20245398773006135,0.22905027932960895,0.8431372549019608,0.329608938547486,0.3671875,0.31314144774516023,-0.31314144774516023,51.955307262569825,44.90358126721763,50.903653087502754,1.0,-0.02077437365760676
"Junis, Jakob",596001,CH,Changeup,63,0.2006396349206349,62,15,0,15,26,27,47,26,0.24193548387096775,0.23809523809523808,0.9629629629629629,0.23809523809523808,0.5531914893617021,0.257678697731799,-0.257678697731799,81.9366852886406,23.66412213740458,57.593074331528,0.24705882352941178,-0.05703906281116411
"Junis, Jakob",596001,SI,Sinker,80,0.4348551983701673,62,1,6,27,9,19,60,35,0.016129032258064516,0.0875,0.47368421052631576,0.3375,0.5833333333333334,0.3670147343353035,-0.3670147343353035,14.52513966480447,23.66412213740458,41.6407238403912,0.3137254901960784,0.06784046403486377
"Junis, Jakob",596001,ST,Sweeper,112,0.26647479384952494,103,25,5,26,36,39,77,30,0.24271844660194175,0.26785714285714285,0.9230769230769231,0.23214285714285715,0.38961038961038963,0.2658151962966569,-0.2658151962966569,77.83985102420856,33.993399339933994,59.49444106421815,0.4392156862745098,0.0006595975528680409
"Junk, Janson",676083,FF,4-Seam Fastball,169,0.32817504625510807,151,20,9,70,38,47,130,48,0.13245033112582782,0.17159763313609466,0.8085106382978723,0.41420118343195267,0.36923076923076925,0.3545381038070921,-0.3545381038070921,22.532588454376164,43.01994301994302,38.2100622324086,0.45799457994579945,-0.026363057551984037
"Junk, Janson",676083,SL,Slider,139,0.3530410418873258,129,18,3,43,30,36,108,43,0.13953488372093023,0.1510791366906475,0.8333333333333334,0.30935251798561153,0.39814814814814814,0.32340566176921903,-0.32340566176921903,44.320297951582866,39.209726443769,47.80130523622738,0.37669376693766937,0.02963538011810679
"Junk, Janson",676083,ST,Sweeper,61,0.23543486386109336,59,9,2,19,15,16,50,22,0.15254237288135594,0.18032786885245902,0.9375,0.3114754098360656,0.44,0.30391146100586275,-0.30391146100586275,57.54189944134078,22.779922779922778,51.753988625497,0.16531165311653118,-0.06847659714476939
"Kahnle, Tommy",592454,CH,Changeup,237,0.32724408375613623,209,35,4,67,66,91,171,87,0.1674641148325359,0.16455696202531644,0.7252747252747253,0.28270042194092826,0.5087719298245614,0.3143938476940135,-0.3143938476940135,51.117318435754186,51.1002444987775,50.59371770180255,1.0,0.01285023606212271
"Keller, Brad",641745,FF,4-Seam Fastball,123,0.3168716375920388,95,13,8,28,14,32,77,32,0.1368421052631579,0.17073170731707318,0.4375,0.22764227642276422,0.4155844155844156,0.33212635030707366,-0.33212635030707366,38.547486033519554,32.20338983050847,46.343464949657545,1.0,-0.015254712715034868
"Keller, Mitch",656605,FF,4-Seam Fastball,242,0.3584806771224085,202,24,12,71,29,57,169,60,0.1188118811881188,0.1487603305785124,0.5087719298245614,0.29338842975206614,0.35502958579881655,0.354368313061354,-0.354368313061354,22.62569832402235,50.24875621890548,36.2679155433262,0.36227544910179643,0.004112364061054474
"Keller, Mitch",656605,SI,Sinker,135,0.3102009517129212,107,5,15,50,8,27,101,52,0.04672897196261682,0.14814814814814814,0.2962962962962963,0.37037037037037035,0.5148514851485149,0.3857046117394614,-0.3857046117394614,5.95903165735568,34.85342019543974,34.68054519316507,0.20209580838323354,-0.07550366002654019
"Keller, Mitch",656605,SL,Slider,126,0.3249214539422594,113,20,2,40,30,42,92,55,0.17699115044247787,0.1746031746031746,0.7142857142857143,0.31746031746031744,0.5978260869565217,0.31655303987922884,-0.31655303987922884,49.62756052141527,36.102236421725244,49.89528858110078,0.18862275449101795,0.008368414063030571
"Keller, Mitch",656605,ST,Sweeper,165,0.27822418175990044,152,39,8,51,54,59,111,38,0.2565789473684211,0.28484848484848485,0.9152542372881356,0.3090909090909091,0.34234234234234234,0.28923676368080087,-0.28923676368080087,65.64245810055866,43.18181818181818,56.78114948366345,0.2470059880239521,-0.011012581920900433
"Kelly, Kevin",687330,SI,Sinker,106,0.425585111482783,94,7,4,49,11,19,87,46,0.07446808510638298,0.10377358490566038,0.5789473684210527,0.46226415094339623,0.5287356321839081,0.3942757402651882,-0.3942757402651882,3.35195530726257,31.97278911564626,35.116989067507824,1.0,0.031309371217594806
"Kelly, Merrill",518876,CH,Changeup,235,0.271737337437594,216,58,2,54,109,125,150,91,0.26851851851851855,0.2553191489361702,0.872,0.2297872340425532,0.6066666666666667,0.25604057628197924,-0.25604057628197924,82.58845437616388,51.92307692307693,66.94331041398081,0.34008683068017365,0.015696761155614747
"Kelly, Merrill",518876,CU,Curveball,68,0.33806320099731,64,8,1,31,14,18,56,29,0.125,0.1323529411764706,0.7777777777777778,0.45588235294117646,0.5178571428571429,0.36724630885186715,-0.36724630885186715,14.338919925512103,24.242424242424242,41.39015856892952,0.09840810419681621,-0.029183107854557133
"Kelly, Merrill",518876,FC,Cutter,118,0.3267349245251389,98,11,15,39,20,25,86,24,0.11224489795918367,0.22033898305084745,0.8,0.3305084745762712,0.27906976744186046,0.3264906884954925,-0.3264906884954925,42.83054003724395,32.88590604026846,47.673503055753436,0.170767004341534,0.00024423602964640523
"Kelly, Merrill",518876,FF,4-Seam Fastball,143,0.3382154240806026,126,22,7,53,23,34,98,23,0.1746031746031746,0.20279720279720279,0.6764705882352942,0.3706293706293706,0.23469387755102042,0.35795155793992733,-0.35795155793992733,20.577281191806332,38.65030674846626,38.656590236601886,0.20694645441389292,-0.01973613385932471
"Kelly, Merrill",518876,SI,Sinker,127,0.37087219118570425,95,2,17,43,12,29,93,47,0.021052631578947368,0.14960629921259844,0.41379310344827586,0.33858267716535434,0.5053763440860215,0.3651653769843123,-0.3651653769843123,16.201117318435752,32.20338983050847,39.14717671937632,0.1837916063675832,0.005706814201391963
"Kelly, Michael",547184,ST,Sweeper,105,0.36938340231149974,95,14,0,27,22,32,78,30,0.14736842105263157,0.13333333333333333,0.6875,0.2571428571428571,0.38461538461538464,0.3272976530369177,-0.3272976530369177,41.527001862197395,32.20338983050847,47.30297004702837,1.0,0.04208574927458203
"Kerkering, Orion",689147,FF,4-Seam Fastball,90,0.28417806697925546,63,16,12,15,14,29,47,20,0.25396825396825395,0.3111111111111111,0.4827586206896552,0.16666666666666666,0.425531914893617,0.27690394460646856,-0.27690394460646856,72.8119180633147,23.954372623574145,55.49985484773174,0.40358744394618834,0.007274122372786906
"Kerkering, Orion",689147,ST,Sweeper,133,0.2876270578671703,117,21,8,25,26,34,95,37,0.1794871794871795,0.21804511278195488,0.7647058823529411,0.18796992481203006,0.3894736842105263,0.2795665885179886,-0.2795665885179886,71.04283054003724,36.90851735015773,57.795968959460495,0.5964125560538116,0.008060469349181698
"Kershaw, Clayton",477132,CU,Curveball,90,0.24718899658489657,84,25,4,18,32,34,57,28,0.2976190476190476,0.32222222222222224,0.9411764705882353,0.2,0.49122807017543857,0.23421593632957952,-0.23421593632957952,91.06145251396647,29.577464788732392,62.17772182442887,0.1986754966887417,0.012973060255317054
"Kershaw, Clayton",477132,FF,4-Seam Fastball,141,0.3372871232796071,118,3,7,48,7,24,115,49,0.025423728813559324,0.07092198581560284,0.2916666666666667,0.3404255319148936,0.4260869565217391,0.401757327336284,-0.401757327336284,2.4208566108007448,37.10691823899371,32.37412599697833,0.31125827814569534,-0.06447020405667692
"Kershaw, Clayton",477132,SL,Slider,222,0.3302127458965132,195,31,6,78,50,72,162,81,0.15897435897435896,0.16666666666666666,0.6944444444444444,0.35135135135135137,0.5,0.33798914616387987,-0.33798914616387987,33.42644320297951,49.36708860759494,41.841689649482596,0.4900662251655629,-0.0077764002673666455
"Kikuchi, Yusei",579328,CH,Changeup,100,0.2533489960393631,94,24,5,25,37,38,70,32,0.2553191489361702,0.29,0.9736842105263158,0.25,0.45714285714285713,0.25585090572810365,-0.25585090572810365,82.68156424581005,31.97278911564626,60.48087763969647,0.13157894736842105,-0.0025019096887405334
"Kikuchi, Yusei",579328,CU,Curveball,135,0.2556263266540744,123,22,5,30,34,42,100,44,0.17886178861788618,0.2,0.8095238095238095,0.2222222222222222,0.44,0.28549866787529965,-0.28549866787529965,67.59776536312849,38.080495356037154,56.730142806902236,0.17763157894736842,-0.02987234122122523
"Kikuchi, Yusei",579328,FF,4-Seam Fastball,231,0.3413705575154315,197,31,18,80,39,55,159,66,0.15736040609137056,0.21212121212121213,0.7090909090909091,0.3463203463203463,0.41509433962264153,0.3313490846877253,-0.3313490846877253,39.10614525139665,49.622166246851386,44.61768665362659,0.30394736842105263,0.010021472827706213
"Kikuchi, Yusei",579328,SL,Slider,294,0.3771320121417272,238,50,7,83,55,104,186,77,0.21008403361344538,0.19387755102040816,0.5288461538461539,0.282312925170068,0.41397849462365593,0.33425764110062345,-0.33425764110062345,36.87150837988827,54.337899543378995,42.88751137300919,0.3868421052631579,0.042874371041103754
"King, Bryan",687911,FF,4-Seam Fastball,174,0.28222544014781314,148,21,18,42,31,44,122,50,0.14189189189189189,0.22413793103448276,0.7045454545454546,0.2413793103448276,0.4098360655737705,0.298335699098424,-0.298335699098424,60.893854748603346,42.5287356321839,54.659774395856076,0.7016129032258065,-0.016110258950610856
"King, Bryan",687911,ST,Sweeper,74,0.29090428231566773,62,13,5,19,20,29,48,16,0.20967741935483872,0.24324324324324326,0.6896551724137931,0.25675675675675674,0.3333333333333333,0.30598139237589395,-0.30598139237589395,56.33147113594041,23.66412213740458,51.533825180889025,0.29838709677419356,-0.015077110060226218
"King, John",667463,SI,Sinker,137,0.34462457898001053,122,7,5,57,18,27,114,80,0.05737704918032787,0.08759124087591241,0.6666666666666666,0.41605839416058393,0.7017543859649122,0.3621517990080777,-0.3621517990080777,17.970204841713223,37.88819875776397,37.89340365730941,1.0,-0.01752722002806717
"King, Michael",650633,CH,Changeup,91,0.24927284762121388,83,16,2,18,39,45,65,25,0.1927710843373494,0.1978021978021978,0.8666666666666667,0.1978021978021978,0.38461538461538464,0.2774730433178498,-0.2774730433178498,72.53258845437617,29.328621908127207,56.641398687907554,0.48404255319148937,-0.0282001956966359
"King, Michael",650633,SI,Sinker,97,0.2928206808655311,72,10,19,25,10,16,62,31,0.1388888888888889,0.29896907216494845,0.625,0.25773195876288657,0.5,0.28693501891952594,-0.28693501891952594,66.66666666666666,26.47058823529412,54.44599627560521,0.5159574468085106,0.00588566194600515
"Kinley, Tyler",641755,FF,4-Seam Fastball,70,0.3893905057586092,54,5,2,23,11,25,49,13,0.09259259259259259,0.1,0.44,0.32857142857142857,0.2653061224489796,0.389633477280389,-0.389633477280389,4.748603351955307,21.25984251968504,40.41628176366223,0.2692307692307692,-0.00024297152177982229
"Kinley, Tyler",641755,SL,Slider,190,0.2854348226778659,167,32,8,34,37,55,134,45,0.19161676646706588,0.21052631578947367,0.6727272727272727,0.17894736842105263,0.3358208955223881,0.29179882720884537,-0.29179882720884537,63.687150837988824,45.50408719346049,56.25358358830723,0.7307692307692307,-0.006364004530979461
"Kirby, George",669923,FF,4-Seam Fastball,172,0.2928149081448971,146,38,10,43,43,59,99,37,0.2602739726027397,0.27906976744186046,0.7288135593220338,0.25,0.37373737373737376,0.2888409406115121,-0.2888409406115121,66.0148975791434,42.19653179190752,56.784641715374434,0.296551724137931,0.00397396753338497
"Kirby, George",669923,KC,Knuckle Curve,67,0.2805607699125126,63,18,2,22,22,24,44,27,0.2857142857142857,0.29850746268656714,0.9166666666666666,0.3283582089552239,0.6136363636363636,0.2705460302093394,-0.2705460302093394,75.41899441340783,23.954372623574145,56.12436363121412,0.11551724137931034,0.010014739703173181
"Kirby, George",669923,SI,Sinker,181,0.37177943731244745,143,11,20,55,22,44,130,66,0.07692307692307693,0.1712707182320442,0.5,0.30386740331491713,0.5076923076923077,0.341309815514337,-0.341309815514337,30.726256983240223,41.690962099125365,41.99173683839058,0.3120689655172414,0.03046962179811047
"Kirby, George",669923,ST,Sweeper,160,0.2943419325069804,151,34,5,51,44,49,115,57,0.2251655629139073,0.24375,0.8979591836734694,0.31875,0.4956521739130435,0.29118299070235104,-0.29118299070235104,64.15270018621973,43.01994301994302,56.11501058428433,0.27586206896551724,0.003158941804629334
"Kittredge, Andrew",552640,SL,Slider,143,0.21956234226629484,127,50,9,33,66,74,76,33,0.3937007874015748,0.4125874125874126,0.8918918918918919,0.23076923076923078,0.4342105263157895,0.23207642850331472,-0.23207642850331472,91.71322160148976,38.837920489296636,66.22902180536336,1.0,-0.012514086237019884
"Knack, Landon",689017,FF,4-Seam Fastball,87,0.41127669013623275,63,6,10,30,16,30,57,13,0.09523809523809523,0.1839080459770115,0.5333333333333333,0.3448275862068966,0.22807017543859648,0.36913572561355446,-0.36913572561355446,13.128491620111731,23.954372623574145,41.20306448301011,1.0,0.04214096452267829
"Kochanowicz, Jack",686799,CH,Changeup,75,0.3577803605233252,67,14,2,26,22,28,49,25,0.208955223880597,0.21333333333333335,0.7857142857142857,0.3466666666666667,0.5102040816326531,0.3162474100740503,-0.3162474100740503,50.0,25.0936329588015,50.034872610354384,0.17482517482517482,0.04153295044927491
"Kochanowicz, Jack",686799,FF,4-Seam Fastball,86,0.3814366512124939,69,10,5,28,14,26,54,10,0.14492753623188406,0.1744186046511628,0.5384615384615384,0.32558139534883723,0.18518518518518517,0.36842574386291954,-0.36842574386291954,13.594040968342643,25.650557620817843,40.69628183561435,0.20046620046620048,0.013010907349574385
"Kochanowicz, Jack",686799,SI,Sinker,268,0.3654496717479712,230,17,5,115,57,89,212,144,0.07391304347826087,0.08208955223880597,0.6404494382022472,0.4291044776119403,0.6792452830188679,0.371598928287007,-0.371598928287007,11.731843575418994,53.48837209302325,29.55263955653718,0.6247086247086248,-0.006149256539035808
"Koenig, Jared",657649,SI,Sinker,156,0.2595090956015289,115,14,25,38,20,35,99,49,0.12173913043478261,0.25,0.5714285714285714,0.24358974358974358,0.494949494949495,0.2995175629075728,-0.2995175629075728,59.96275605214153,36.507936507936506,53.666755342733,1.0,-0.040008467306043904
"Kolek, Stephen",663568,FC,Cutter,66,0.32918284240759244,56,5,3,22,5,12,50,12,0.08928571428571429,0.12121212121212122,0.4166666666666667,0.3333333333333333,0.24,0.3904840971618724,-0.3904840971618724,4.189944134078212,21.875,40.015421322160144,0.16966580976863754,-0.061301254754279944
"Kolek, Stephen",663568,FF,4-Seam Fastball,110,0.3500703889481881,86,12,11,37,16,33,72,35,0.13953488372093023,0.20909090909090908,0.48484848484848486,0.33636363636363636,0.4861111111111111,0.34552068590277496,-0.34552068590277496,27.37430167597765,30.069930069930066,43.22902423461083,0.2827763496143959,0.004549703045413134
"Kolek, Stephen",663568,SI,Sinker,130,0.32724640617283035,108,6,6,53,18,35,101,69,0.05555555555555555,0.09230769230769231,0.5142857142857142,0.4076923076923077,0.6831683168316832,0.37498098964980225,-0.37498098964980225,10.893854748603351,35.064935064935064,36.317686038356435,0.3341902313624679,-0.047734583476971904
"Kolek, Stephen",663568,SL,Slider,83,0.311643812175776,80,13,2,33,21,22,67,35,0.1625,0.18072289156626506,0.9545454545454546,0.39759036144578314,0.5223880597014925,0.32127502190173013,-0.32127502190173013,46.36871508379888,28.57142857142857,48.99574354881617,0.2133676092544987,-0.009631209725954104
"Kranick, Max",668820,FF,4-Seam Fastball,62,0.31226356610276695,56,6,1,20,18,23,47,16,0.10714285714285714,0.11290322580645161,0.782608695652174,0.3225806451612903,0.3404255319148936,0.34548495373756255,-0.34548495373756255,27.560521415270017,21.875,45.12773510242086,0.5040650406504065,-0.033221387634795596
"Kranick, Max",668820,SL,Slider,61,0.3576406136140726,57,3,2,24,7,9,53,23,0.05263157894736842,0.08196721311475409,0.7777777777777778,0.39344262295081966,0.4339622641509434,0.36672108035876005,-0.36672108035876005,14.804469273743019,22.17898832684825,42.23021686991428,0.4959349593495935,-0.009080466744687432
"Kremer, Dean",665152,CU,Curveball,86,0.36983940966850726,83,10,0,24,28,30,72,21,0.12048192771084337,0.11627906976744186,0.9333333333333333,0.27906976744186046,0.2916666666666667,0.32083933374338663,-0.32083933374338663,47.113594040968344,29.328621908127207,49.1863579235512,0.1246376811594203,0.04900007592512062
"Kremer, Dean",665152,FC,Cutter,147,0.28611693927526083,132,23,5,33,50,60,108,54,0.17424242424242425,0.19047619047619047,0.8333333333333334,0.22448979591836735,0.5,0.2813229986011518,-0.2813229986011518,69.6461824953445,39.75903614457831,57.83917794081353,0.21304347826086956,0.004793940674109043
"Kremer, Dean",665152,FF,4-Seam Fastball,162,0.3586731298214631,143,17,2,63,27,43,123,36,0.11888111888111888,0.11728395061728394,0.627906976744186,0.3888888888888889,0.2926829268292683,0.3830487826498091,-0.3830487826498091,6.983240223463687,41.690962099125365,32.09304471988316,0.23478260869565218,-0.02437565282834603
"Kremer, Dean",665152,FS,Split-Finger,160,0.21751116497810324,153,48,2,25,61,67,104,43,0.3137254901960784,0.3125,0.9104477611940298,0.15625,0.41346153846153844,0.23252363522160452,-0.23252363522160452,91.62011173184358,43.342776203966004,68.06568861738438,0.2318840579710145,-0.015012470243501275
"Kremer, Dean",665152,SI,Sinker,135,0.331828986384003,107,5,16,37,16,26,99,48,0.04672897196261682,0.15555555555555556,0.6153846153846154,0.2740740740740741,0.48484848484848486,0.3265170100110608,-0.3265170100110608,42.737430167597765,34.85342019543974,47.499074967093094,0.1956521739130435,0.005311976372942173
"Kriske, Brooks",621139,FS,Split-Finger,63,0.31481688888888887,47,11,4,10,18,29,36,15,0.23404255319148937,0.23809523809523808,0.6206896551724138,0.15873015873015872,0.4166666666666667,0.27832494784039646,-0.27832494784039646,72.06703910614524,19.02834008097166,54.2366875504188,1.0,0.036491941048492404
"Latz, Jacob",656641,CH,Changeup,92,0.3423841523159989,83,20,1,24,35,43,63,28,0.24096385542168675,0.22826086956521738,0.813953488372093,0.2608695652173913,0.4444444444444444,0.2897589091601598,-0.2897589091601598,64.99068901303538,29.328621908127207,54.42946351606556,0.2713864306784661,0.05262524315583911
"Latz, Jacob",656641,FF,4-Seam Fastball,169,0.3305035472286645,141,22,10,60,33,49,114,36,0.15602836879432624,0.1893491124260355,0.673469387755102,0.35502958579881655,0.3157894736842105,0.350348735516124,-0.350348735516124,25.232774674115454,41.348973607038126,39.78631148391465,0.49852507374631266,-0.019845188287459514
"Latz, Jacob",656641,SL,Slider,78,0.25984081211317417,65,11,4,16,19,27,52,25,0.16923076923076924,0.19230769230769232,0.7037037037037037,0.20512820512820512,0.4807692307692308,0.28936628003155246,-0.28936628003155246,65.4562383612663,24.528301886792452,53.82628860546011,0.23008849557522124,-0.02952546791837829
"Lauer, Eric",641778,CU,Curveball,60,0.29380747634271104,52,9,3,14,12,16,42,21,0.17307692307692307,0.2,0.75,0.23333333333333334,0.5,0.2899484776248076,-0.2899484776248076,64.8975791433892,20.634920634920633,53.11105199373356,0.1388888888888889,0.0038589987179034613
"Lauer, Eric",641778,FC,Cutter,91,0.37728672985595935,75,11,8,26,17,25,60,16,0.14666666666666667,0.2087912087912088,0.68,0.2857142857142857,0.26666666666666666,0.3285537117877887,-0.3285537117877887,40.68901303538175,27.27272727272727,47.49449805315727,0.21064814814814814,0.04873301806817065
"Lauer, Eric",641778,FF,4-Seam Fastball,220,0.29546152065116255,184,21,23,67,37,50,155,38,0.11413043478260869,0.2,0.74,0.30454545454545456,0.24516129032258063,0.33193731057017795,-0.33193731057017795,38.733705772811916,47.91666666666667,44.625814711359396,0.5092592592592593,-0.0364757899190154
"Lauer, Eric",641778,SL,Slider,61,0.1796779367681499,56,14,4,19,17,18,39,13,0.25,0.29508196721311475,0.9444444444444444,0.3114754098360656,0.3333333333333333,0.285459421493147,-0.285459421493147,67.69087523277467,21.875,53.90625,0.1412037037037037,-0.10578148472499713
"Lazar, Max",676661,FF,4-Seam Fastball,105,0.39795239396823523,85,4,8,47,10,21,81,29,0.047058823529411764,0.11428571428571428,0.47619047619047616,0.44761904761904764,0.35802469135802467,0.4109278044530492,-0.4109278044530492,1.1173184357541899,29.82456140350877,35.45362475089026,1.0,-0.012975410484813987
"Leahy, Kyle",681517,CU,Curveball,68,0.24303797983599942,63,23,1,19,24,28,39,26,0.36507936507936506,0.35294117647058826,0.8571428571428571,0.27941176470588236,0.6666666666666666,0.24534309509964075,-0.24534309509964075,88.17504655493482,23.954372623574145,59.17999589325291,0.288135593220339,-0.0023051152636413275
"Leahy, Kyle",681517,FF,4-Seam Fastball,93,0.34287736883127273,72,14,9,30,12,24,57,18,0.19444444444444445,0.24731182795698925,0.5,0.3225806451612903,0.3157894736842105,0.3445423067527561,-0.3445423067527561,28.86405959031657,26.47058823529412,44.43942381421843,0.3940677966101695,-0.001664937921483367
"Leahy, Kyle",681517,SL,Slider,75,0.40140444640412726,68,2,2,25,8,13,66,31,0.029411764705882353,0.05333333333333334,0.6153846153846154,0.3333333333333333,0.4696969696969697,0.3685245303251479,-0.3685245303251479,13.500931098696462,25.37313432835821,40.77378470774618,0.3177966101694915,0.03287991607897933
"Leasure, Jordan",673929,FF,4-Seam Fastball,152,0.3065746090219357,125,32,8,40,38,59,88,21,0.256,0.2631578947368421,0.6440677966101694,0.2631578947368421,0.23863636363636365,0.31520748804162363,-0.31520748804162363,50.37243947858473,38.46153846153847,50.17189514396219,0.5914396887159533,-0.008632879019687956
"Leasure, Jordan",673929,SL,Slider,105,0.23459281278774136,90,23,5,16,30,40,61,24,0.25555555555555554,0.26666666666666666,0.75,0.1523809523809524,0.39344262295081966,0.25908332145699176,-0.25908332145699176,81.19180633147114,31.03448275862069,59.7123226096449,0.4085603112840467,-0.0244905086692504
"Lee, Dylan",669276,FF,4-Seam Fastball,73,0.33064760126990095,67,10,3,25,11,14,52,13,0.14925373134328357,0.1780821917808219,0.7857142857142857,0.3424657534246575,0.25,0.34331445942518385,-0.34331445942518385,29.51582867783985,25.0936329588015,44.894649844119435,0.3395348837209302,-0.0126668581552829
"Lee, Dylan",669276,SL,Slider,142,0.24246925464609617,129,40,5,27,45,53,88,36,0.31007751937984496,0.31690140845070425,0.8490566037735849,0.19014084507042253,0.4090909090909091,0.2479360559200332,-0.2479360559200332,86.6852886405959,39.209726443769,64.41250219331761,0.6604651162790698,-0.005466801273937033
"Legumina, Casey",668984,FF,4-Seam Fastball,111,0.2894792324609047,90,26,5,25,19,35,59,17,0.28888888888888886,0.27927927927927926,0.5428571428571428,0.22522522522522523,0.288135593220339,0.306344689414393,-0.306344689414393,55.95903165735569,31.03448275862069,51.881461503884935,1.0,-0.016865456953488345
"Leiter Jr., Mark",643410,FS,Split-Finger,89,0.24085165907287343,81,35,1,16,39,45,46,25,0.43209876543209874,0.4044943820224719,0.8666666666666667,0.1797752808988764,0.5434782608695652,0.21273467451654304,-0.21273467451654304,96.18249534450652,28.825622775800714,63.34552708138665,0.5235294117647059,0.028116984556330382
"Leiter Jr., Mark",643410,SI,Sinker,81,0.36529867636684304,71,2,4,26,9,16,68,28,0.028169014084507043,0.07407407407407407,0.5625,0.32098765432098764,0.4117647058823529,0.3698476734321473,-0.3698476734321473,12.569832402234638,26.199261992619927,40.22793021226302,0.4764705882352941,-0.004548997065304261
"Leiter, Jack",683004,CH,Changeup,106,0.29748737680949117,87,25,10,27,21,30,62,35,0.28735632183908044,0.330188679245283,0.7,0.25471698113207547,0.5645161290322581,0.2665586940271089,-0.2665586940271089,77.6536312849162,30.313588850174217,58.415250553144006,0.1760797342192691,0.030928682782382255
"Leiter, Jack",683004,FF,4-Seam Fastball,263,0.32965822767636077,200,39,22,76,42,83,154,50,0.195,0.23193916349809887,0.5060240963855421,0.2889733840304182,0.3246753246753247,0.3367826209985715,-0.3367826209985715,34.72998137802607,50.0,42.38826815642458,0.4368770764119601,-0.007124393322210709
"Leiter, Jack",683004,SI,Sinker,83,0.41812188229807296,74,5,2,31,14,21,69,25,0.06756756756756757,0.08433734939759036,0.6666666666666666,0.37349397590361444,0.36231884057971014,0.3767414573418571,-0.3767414573418571,9.776536312849162,27.00729927007299,39.17071048947247,0.1378737541528239,0.041380424956215855
"Leiter, Jack",683004,SL,Slider,150,0.29834253773180736,134,19,4,40,30,41,112,49,0.1417910447761194,0.15333333333333332,0.7317073170731707,0.26666666666666666,0.4375,0.3171179266419148,-0.3171179266419148,49.44134078212291,40.119760479041915,49.80374446637452,0.24916943521594684,-0.018775388910107438
"Liberatore, Matthew",669461,CH,Changeup,71,0.3435171644978229,67,2,2,25,15,17,65,25,0.029850746268656716,0.056338028169014086,0.8823529411764706,0.352112676056338,0.38461538461538464,0.35388634184024853,-0.35388634184024853,22.811918063314714,25.0936329588015,43.212395120624365,0.11007751937984496,-0.01036917734242565
"Liberatore, Matthew",669461,CU,Curveball,66,0.19394617443340975,53,19,10,10,25,29,33,15,0.3584905660377358,0.4393939393939394,0.8620689655172413,0.15151515151515152,0.45454545454545453,0.20380249317588717,-0.20380249317588717,97.2998137802607,20.948616600790515,59.945458961732946,0.10232558139534884,-0.009856318742477416
"Liberatore, Matthew",669461,FC,Cutter,67,0.40082616524520254,58,1,0,19,7,15,57,25,0.017241379310344827,0.014925373134328358,0.4666666666666667,0.2835820895522388,0.43859649122807015,0.379497182133349,-0.379497182133349,8.472998137802607,22.48062015503876,40.70056154634562,0.10387596899224806,0.02132898311185355
"Liberatore, Matthew",669461,FF,4-Seam Fastball,188,0.3695079315790366,170,16,7,67,37,48,153,57,0.09411764705882353,0.12234042553191489,0.7708333333333334,0.35638297872340424,0.37254901960784315,0.3520166645729557,-0.3520166645729557,24.022346368715084,45.94594594594595,38.08948613417887,0.29147286821705426,0.01749126700608089
"Liberatore, Matthew",669461,SI,Sinker,87,0.41754338742989777,69,2,8,39,7,17,66,35,0.028985507246376812,0.11494252873563218,0.4117647058823529,0.4482758620689655,0.5303030303030303,0.4038481237705824,-0.4038481237705824,1.675977653631285,25.650557620817843,37.63923213778876,0.13488372093023257,0.013695263659315393
"Liberatore, Matthew",669461,SL,Slider,166,0.29553530270308287,150,44,7,38,52,62,105,40,0.29333333333333333,0.3072289156626506,0.8387096774193549,0.2289156626506024,0.38095238095238093,0.26484920733547457,-0.26484920733547457,78.49162011173185,42.857142857142854,62.23729715349827,0.25736434108527134,0.0306860953676083
"Littell, Zack",641793,FF,4-Seam Fastball,160,0.31733116328143934,144,28,8,54,39,48,110,31,0.19444444444444445,0.225,0.8125,0.3375,0.2818181818181818,0.32606586131360343,-0.32606586131360343,43.109869646182496,41.86046511627907,47.14282620934563,0.21739130434782608,-0.00873469803216409
"Littell, Zack",641793,FS,Split-Finger,228,0.2690256943265919,218,34,8,66,65,68,182,93,0.1559633027522936,0.18421052631578946,0.9558823529411765,0.2894736842105263,0.510989010989011,0.28916125343808236,-0.28916125343808236,65.82867783985103,52.15311004784689,58.27742286136876,0.30978260869565216,-0.020135559111490453
"Littell, Zack",641793,SI,Sinker,132,0.34464772155964596,113,7,5,39,12,24,106,46,0.061946902654867256,0.09090909090909091,0.5,0.29545454545454547,0.4339622641509434,0.3628376039746316,-0.3628376039746316,17.59776536312849,36.102236421725244,38.33181620766178,0.1793478260869565,-0.018189882414985648
"Littell, Zack",641793,SL,Slider,216,0.39159262262081324,197,18,4,81,46,61,175,74,0.09137055837563451,0.10185185185185185,0.7540983606557377,0.375,0.4228571428571429,0.35991470946894255,-0.35991470946894255,19.553072625698324,49.622166246851386,34.91502844893498,0.29347826086956524,0.031677913151870685
"Little, Brendon",663893,KC,Knuckle Curve,146,0.2096372341451754,122,62,9,26,68,84,53,31,0.5081967213114754,0.4863013698630137,0.8095238095238095,0.1780821917808219,0.5849056603773585,0.19599988084790881,-0.19599988084790881,98.51024208566108,37.88819875776397,68.4085730478735,0.5159010600706714,0.013637353297266591
"Little, Brendon",663893,SI,Sinker,137,0.38996902738951633,105,7,4,50,19,45,97,56,0.06666666666666667,0.08029197080291971,0.4222222222222222,0.36496350364963503,0.5773195876288659,0.382314907795351,-0.382314907795351,7.355679702048418,34.42622950819672,35.34969624813017,0.4840989399293286,0.007654119594165343
"Lively, Ben",594902,SI,Sinker,62,0.29326210368663597,46,4,9,17,5,14,41,19,0.08695652173913043,0.20967741935483872,0.35714285714285715,0.27419354838709675,0.4634146341463415,0.3412272669751511,-0.3412272669751511,30.819366852886404,18.69918699186992,46.45122708210322,1.0,-0.047965163288515134
"Lodolo, Nick",666157,CH,Changeup,154,0.3002323945639755,143,13,3,42,58,65,127,79,0.09090909090909091,0.1038961038961039,0.8923076923076924,0.2727272727272727,0.6220472440944882,0.30002117011013113,-0.30002117011013113,59.40409683426443,41.690962099125365,53.94780418152895,0.24100156494522693,0.00021122445384436084
"Lodolo, Nick",666157,CU,Curveball,171,0.21586312591318918,148,54,8,31,64,81,91,33,0.36486486486486486,0.36257309941520466,0.7901234567901234,0.18128654970760233,0.3626373626373626,0.24432374483558789,-0.24432374483558789,88.8268156424581,42.5287356321839,66.53930948864488,0.2676056338028169,-0.028460618922398706
"Lodolo, Nick",666157,FF,4-Seam Fastball,155,0.2691089703298,139,34,15,49,32,36,99,28,0.2446043165467626,0.3161290322580645,0.8888888888888888,0.3161290322580645,0.2828282828282828,0.2914390998734315,-0.2914390998734315,63.87337057728119,41.00294985250738,55.715957218898836,0.24256651017214398,-0.02233012954363145
"Lodolo, Nick",666157,SI,Sinker,159,0.3872877468154778,132,8,7,58,30,47,123,57,0.06060606060606061,0.09433962264150944,0.6382978723404256,0.36477987421383645,0.4634146341463415,0.36677554580689636,-0.36677554580689636,14.711359404096836,39.75903614457831,35.99762177200422,0.24882629107981222,0.02051220100858142
"Long, Sam",669674,FF,4-Seam Fastball,67,0.3995937736132659,51,4,2,23,9,22,45,19,0.0784313725490196,0.08955223880597014,0.4090909090909091,0.34328358208955223,0.4222222222222222,0.3871626416042938,-0.3871626416042938,5.121042830540038,20.318725099601593,40.91826363076558,1.0,0.012431132008972112
"Lopez, Jacob",682052,FC,Cutter,61,0.33198948582007876,48,7,5,14,6,15,41,11,0.14583333333333334,0.19672131147540983,0.4,0.22950819672131148,0.2682926829268293,0.34193576945281146,-0.34193576945281146,30.353817504655495,19.35483870967742,46.23505736769388,0.1918238993710692,-0.0099462836327327
"Lopez, Jacob",682052,FF,4-Seam Fastball,105,0.3044529332345478,75,26,11,16,28,48,45,16,0.3466666666666667,0.3523809523809524,0.5833333333333334,0.1523809523809524,0.35555555555555557,0.2588834894608101,-0.2588834894608101,81.3780260707635,27.27272727272727,58.59150160826138,0.330188679245283,0.04556944377373773
"Lopez, Jacob",682052,SL,Slider,152,0.25343680295391263,137,42,2,26,53,67,92,32,0.30656934306569344,0.2894736842105263,0.7910447761194029,0.17105263157894737,0.34782608695652173,0.25897348006942345,-0.25897348006942345,81.28491620111731,40.652818991097924,62.745829396194935,0.4779874213836478,-0.005536677115510813
"Lord, Brad",695418,CH,Changeup,90,0.3133084564945359,81,10,4,24,22,27,69,30,0.12345679012345678,0.15555555555555556,0.8148148148148148,0.26666666666666666,0.43478260869565216,0.3086797274275107,-0.3086797274275107,54.7486033519553,28.825622775800714,51.401949674281134,0.16635859519408502,0.004628729067025217
"Lord, Brad",695418,FF,4-Seam Fastball,238,0.34839342028176873,197,44,10,64,37,67,146,60,0.2233502538071066,0.226890756302521,0.5522388059701493,0.2689075630252101,0.410958904109589,0.3207167208885844,-0.3207167208885844,47.20670391061452,49.622166246851386,48.6373593384274,0.4399260628465804,0.027676699393184345
"Lord, Brad",695418,SI,Sinker,110,0.31497015297593156,104,7,3,43,28,31,97,68,0.0673076923076923,0.09090909090909091,0.9032258064516129,0.39090909090909093,0.7010309278350515,0.33080803079162185,-0.33080803079162185,39.47858472998138,34.21052631578947,46.43119670685093,0.2033271719038817,-0.015837877815690293
"Lord, Brad",695418,SL,Slider,103,0.33718496262634257,93,15,5,33,28,34,77,35,0.16129032258064516,0.1941747572815534,0.8235294117647058,0.32038834951456313,0.45454545454545453,0.3134424770542219,-0.3134424770542219,51.675977653631286,31.74061433447099,50.563743715878246,0.19038817005545286,0.023742485572120664
"Lorenzen, Michael",547179,CH,Changeup,115,0.2407323974865714,97,30,5,14,37,49,67,22,0.30927835051546393,0.30434782608695654,0.7551020408163265,0.12173913043478261,0.3283582089552239,0.2460010029177353,-0.2460010029177353,87.33705772811918,32.659932659932664,62.225608035663896,0.2680652680652681,-0.005268605431163892
"Lorenzen, Michael",547179,FF,4-Seam Fastball,121,0.3666441522170004,99,14,12,45,16,27,84,29,0.1414141414141414,0.21487603305785125,0.5925925925925926,0.371900826446281,0.34523809523809523,0.3551793544699162,-0.3551793544699162,21.880819366852887,33.11036789297659,40.7207762685052,0.28205128205128205,0.011464797747084199
"Lorenzen, Michael",547179,SI,Sinker,114,0.33613821328141197,89,4,17,36,21,30,83,46,0.0449438202247191,0.18421052631578946,0.7,0.3157894736842105,0.5542168674698795,0.3186747675116266,-0.3186747675116266,48.60335195530726,30.79584775086505,49.60210834251544,0.26573426573426573,0.01746344576978537
"Lorenzen, Michael",547179,SL,Slider,79,0.32284387796121783,75,17,2,23,15,17,58,19,0.22666666666666666,0.24050632911392406,0.8823529411764706,0.2911392405063291,0.3275862068965517,0.2983683252595554,-0.2983683252595554,60.80074487895717,27.27272727272727,52.97951582867783,0.18414918414918416,0.024475552701662406
"Loáisiga, Jonathan",642528,SI,Sinker,78,0.304622942047157,66,8,4,27,22,31,55,31,0.12121212121212122,0.15384615384615385,0.7096774193548387,0.34615384615384615,0.5636363636363636,0.33290500034435205,-0.33290500034435205,38.26815642458101,24.81203007518797,47.12409515408633,1.0,-0.028282058297195045
"Lucas, Easton",687922,FF,4-Seam Fastball,61,0.3551675881666955,50,12,2,19,9,15,37,9,0.24,0.22950819672131148,0.6,0.3114754098360656,0.24324324324324326,0.3411542412412041,-0.3411542412412041,30.91247672253259,20.0,46.219739292365,1.0,0.014013346925491443
"Lucchesi, Joey",664192,SI,Sinker,79,0.3318205522905365,68,5,2,21,13,20,60,42,0.07352941176470588,0.08860759493670886,0.65,0.26582278481012656,0.7,0.3191150228888037,-0.3191150228888037,48.23091247672253,25.37313432835821,49.58586953500652,1.0,0.012705529401732751
"Lugo, Seth",607625,CH,Changeup,65,0.3590191430492385,62,7,2,29,14,16,54,23,0.11290322580645161,0.13846153846153847,0.875,0.4461538461538462,0.42592592592592593,0.3606140818683812,-0.3606140818683812,18.901303538175046,23.66412213740458,42.67630460431859,0.13541666666666666,-0.0015949388191426883
"Lugo, Seth",607625,CU,Curveball,97,0.3080832449234614,86,20,5,32,31,37,62,35,0.23255813953488372,0.25773195876288657,0.8378378378378378,0.32989690721649484,0.5645161290322581,0.291831346534342,-0.291831346534342,63.59404096834265,30.069930069930066,54.120274511335964,0.20208333333333334,0.01625189838911939
"Lugo, Seth",607625,FC,Cutter,95,0.35731237269707666,74,18,7,25,17,33,52,17,0.24324324324324326,0.2631578947368421,0.5151515151515151,0.2631578947368421,0.3269230769230769,0.3209547077502989,-0.3209547077502989,47.02048417132216,27.00729927007299,49.22929494760021,0.19791666666666666,0.03635766494677778
"Lugo, Seth",607625,FF,4-Seam Fastball,120,0.38264293377780867,100,11,5,44,12,26,88,36,0.11,0.13333333333333333,0.46153846153846156,0.36666666666666664,0.4090909090909091,0.3800300384513745,-0.3800300384513745,8.193668528864059,33.33333333333333,36.09559279950342,0.25,0.0026128953264341614
"Lugo, Seth",607625,SI,Sinker,103,0.3803725818700315,82,9,9,31,14,27,73,36,0.10975609756097561,0.17475728155339806,0.5185185185185185,0.30097087378640774,0.4931506849315068,0.3389771110048316,-0.3389771110048316,32.49534450651769,29.078014184397162,44.943011476947056,0.21458333333333332,0.0413954708651999
"Luzardo, Jesús",666200,CH,Changeup,161,0.2884198905592609,142,23,7,32,50,62,116,56,0.1619718309859155,0.18633540372670807,0.8064516129032258,0.19875776397515527,0.4827586206896552,0.2786091499014536,-0.2786091499014536,71.7877094972067,41.52046783625731,59.07358402212857,0.20535714285714285,0.009810740657807349
"Luzardo, Jesús",666200,FF,4-Seam Fastball,247,0.3400468344375865,209,35,12,75,40,67,166,58,0.1674641148325359,0.1902834008097166,0.5970149253731343,0.30364372469635625,0.3493975903614458,0.33976090291383865,-0.33976090291383865,31.843575418994412,51.1002444987775,40.744787896172255,0.31505102040816324,0.0002859315237478399
"Luzardo, Jesús",666200,SI,Sinker,87,0.3666584073929694,80,2,2,37,10,16,78,39,0.025,0.04597701149425287,0.625,0.42528735632183906,0.5,0.39417432774244454,-0.39417432774244454,3.445065176908752,28.57142857142857,36.73184357541899,0.11096938775510204,-0.027515920349475143
"Luzardo, Jesús",666200,SL,Slider,65,0.20045669462365592,59,26,3,11,34,38,31,12,0.4406779661016949,0.4461538461538462,0.8947368421052632,0.16923076923076924,0.3870967741935484,0.20958179051649245,-0.20958179051649245,96.46182495344506,22.779922779922778,60.61991760315782,0.08290816326530612,-0.009125095892836527
"Luzardo, Jesús",666200,ST,Sweeper,224,0.20866091104902204,196,82,13,29,81,97,108,51,0.41836734693877553,0.42410714285714285,0.8350515463917526,0.12946428571428573,0.4722222222222222,0.2020045898144892,-0.2020045898144892,97.57914338919925,49.494949494949495,73.57278558395876,0.2857142857142857,0.00665632123453283
"Lynch IV, Daniel",663738,CH,Changeup,70,0.3344127647037266,63,9,4,20,16,19,53,29,0.14285714285714285,0.18571428571428572,0.8421052631578947,0.2857142857142857,0.5471698113207547,0.2960321263127757,-0.2960321263127757,61.82495344506518,23.954372623574145,52.867996403056,0.25925925925925924,0.038380638390950905
"Lynch IV, Daniel",663738,FF,4-Seam Fastball,61,0.3602347962238192,48,4,1,18,12,23,44,16,0.08333333333333333,0.08196721311475409,0.5217391304347826,0.29508196721311475,0.36363636363636365,0.36811573949476234,-0.36811573949476234,13.873370577281191,19.35483870967742,43.04529344626659,0.22592592592592592,-0.00788094327094313
"Lynch IV, Daniel",663738,SI,Sinker,65,0.31220542381916333,52,3,5,18,10,18,49,36,0.057692307692307696,0.12307692307692308,0.5555555555555556,0.27692307692307694,0.7346938775510204,0.3211205805797197,-0.3211205805797197,46.55493482309125,20.634920634920633,49.326061895894306,0.24074074074074073,-0.008915156760556375
"Lynch IV, Daniel",663738,SL,Slider,74,0.2893268262653606,64,13,3,26,17,24,50,20,0.203125,0.21621621621621623,0.7083333333333334,0.35135135135135137,0.4,0.3331624477211891,-0.3331624477211891,37.709497206703915,24.242424242424242,47.05575306133966,0.2740740740740741,-0.04383562145582848
"López, Pablo",641154,CH,Changeup,75,0.3140530824581571,67,11,3,16,24,29,54,22,0.16417910447761194,0.18666666666666668,0.8275862068965517,0.21333333333333335,0.4074074074074074,0.286665275256849,-0.286665275256849,67.0391061452514,25.0936329588015,54.310603365904356,0.2819548872180451,0.027387807201308123
"López, Pablo",641154,FF,4-Seam Fastball,128,0.3539246936785131,109,15,8,41,18,28,93,33,0.13761467889908258,0.1796875,0.6428571428571429,0.3203125,0.3548387096774194,0.34219871026235493,-0.34219871026235493,30.26070763500931,35.275080906148865,43.06708129184671,0.48120300751879697,0.011725983416158159
"López, Pablo",641154,ST,Sweeper,63,0.24139832973944295,60,18,0,11,27,30,41,17,0.3,0.2857142857142857,0.9,0.1746031746031746,0.4146341463414634,0.24499204511807143,-0.24499204511807143,88.36126629422719,23.076923076923077,58.88841140237788,0.23684210526315788,-0.003593715378628487
"Mahle, Tyler",641816,FF,4-Seam Fastball,146,0.34190226315886657,122,24,6,46,29,47,94,31,0.19672131147540983,0.2054794520547945,0.6170212765957447,0.3150684931506849,0.32978723404255317,0.33926455526458793,-0.33926455526458793,32.21601489757914,37.88819875776397,43.290884485929425,0.5488721804511278,0.0026377078942786403
"Mahle, Tyler",641816,FS,Split-Finger,120,0.3037382152140753,109,21,4,26,38,45,88,43,0.1926605504587156,0.20833333333333334,0.8444444444444444,0.21666666666666667,0.48863636363636365,0.2747390524613824,-0.2747390524613824,73.55679702048417,35.275080906148865,58.3398118517715,0.45112781954887216,0.028999162752692875
"Manaea, Sean",640455,FF,4-Seam Fastball,158,0.3081482631936178,139,29,9,46,32,44,105,46,0.20863309352517986,0.24050632911392406,0.7272727272727273,0.2911392405063291,0.4380952380952381,0.3049461886299756,-0.3049461886299756,56.79702048417133,41.00294985250738,52.814444938833134,0.6475409836065574,0.003202074563642243
"Manaea, Sean",640455,ST,Sweeper,86,0.2817002126677532,73,23,4,19,21,29,49,12,0.3150684931506849,0.313953488372093,0.7241379310344828,0.22093023255813954,0.24489795918367346,0.28279283842388414,-0.28279283842388414,69.08752327746741,26.73992673992674,55.13809592021883,0.3524590163934426,-0.0010926257561309494
"Martin, Davis",663436,CH,Changeup,173,0.3306936161262196,163,23,3,74,47,54,139,87,0.1411042944785276,0.15028901734104047,0.8703703703703703,0.4277456647398844,0.6258992805755396,0.3373169996578006,-0.3373169996578006,34.07821229050279,44.90358126721763,42.87619721850295,0.3105924596050269,-0.006623383531580984
"Martin, Davis",663436,FF,4-Seam Fastball,159,0.33000031340676156,133,23,7,44,29,47,106,30,0.17293233082706766,0.18867924528301888,0.6170212765957447,0.27672955974842767,0.2830188679245283,0.3353574453512324,-0.3353574453512324,36.12662942271881,39.93993993993994,44.486945045604266,0.28545780969479356,-0.00535713194447085
"Martin, Davis",663436,SI,Sinker,84,0.4430333791542277,73,1,2,39,6,14,71,34,0.0136986301369863,0.03571428571428571,0.42857142857142855,0.4642857142857143,0.4788732394366197,0.42897784613478795,-0.42897784613478795,0.27932960893854747,26.73992673992674,36.7388353421873,0.15080789946140036,0.014055533019439737
"Martin, Davis",663436,SL,Slider,141,0.3336844590361313,124,25,3,32,41,55,96,41,0.20161290322580644,0.19858156028368795,0.7454545454545455,0.22695035460992907,0.4270833333333333,0.2945107391786064,-0.2945107391786064,62.47672253258846,38.2716049382716,54.8037795710049,0.25314183123877915,0.039173719857524936
"Martinez, Nick",607259,CH,Changeup,132,0.24174182873875746,123,26,3,24,30,36,95,27,0.21138211382113822,0.2196969696969697,0.8333333333333334,0.18181818181818182,0.28421052631578947,0.278851391680899,-0.278851391680899,71.60148975791434,38.080495356037154,58.25478088912719,0.21052631578947367,-0.037109562942141544
"Martinez, Nick",607259,FC,Cutter,158,0.3758393437805252,133,15,4,41,20,40,116,51,0.11278195488721804,0.12025316455696203,0.5,0.25949367088607594,0.4396551724137931,0.34505151241212956,-0.34505151241212956,28.026070763500933,39.93993993993994,41.25158678231304,0.25199362041467305,0.030787831368395635
"Martinez, Nick",607259,FF,4-Seam Fastball,145,0.3625389567076842,128,12,9,55,23,33,115,39,0.09375,0.14482758620689656,0.696969696969697,0.3793103448275862,0.3391304347826087,0.3635522226254631,-0.3635522226254631,17.039106145251395,39.02439024390244,37.165599309624376,0.23125996810207336,-0.0010132659177788939
"Martinez, Nick",607259,SI,Sinker,127,0.2833368017754793,107,9,9,30,20,33,97,39,0.08411214953271028,0.14173228346456693,0.6060606060606061,0.23622047244094488,0.4020618556701031,0.32580055116950357,-0.32580055116950357,43.48230912476723,34.85342019543974,47.75869075998277,0.2025518341307815,-0.04246374939402425
"Martinez, Nick",607259,SL,Slider,65,0.2657212887112887,62,10,3,17,15,17,51,20,0.16129032258064516,0.2,0.8823529411764706,0.26153846153846155,0.39215686274509803,0.29375867995033056,-0.29375867995033056,62.849162011173185,23.66412213740458,53.07617951014258,0.10366826156299841,-0.028037391239041864
"Maton, Phil",664208,CU,Curveball,125,0.21581683740540542,107,45,5,9,45,57,59,25,0.4205607476635514,0.4,0.7894736842105263,0.072,0.423728813559322,0.1986856798813024,-0.1986856798813024,98.13780260707635,34.85342019543974,66.80799956326315,0.628140703517588,0.01713115752410302
"Maton, Phil",664208,FC,Cutter,74,0.26664146626564145,60,16,5,19,17,25,41,19,0.26666666666666666,0.28378378378378377,0.68,0.25675675675675674,0.4634146341463415,0.2875621878655168,-0.2875621878655168,66.38733705772812,23.076923076923077,53.81750465549348,0.37185929648241206,-0.020920721599875347
"Matsui, Yuki",673513,FF,4-Seam Fastball,105,0.36792656433676174,81,7,5,33,14,31,71,15,0.08641975308641975,0.11428571428571428,0.45161290322580644,0.3142857142857143,0.2112676056338028,0.38522393464902216,-0.38522393464902216,6.238361266294227,28.825622775800714,37.41857028304075,0.5072463768115942,-0.01729737031226042
"Matsui, Yuki",673513,FS,Split-Finger,102,0.24769653450743306,93,32,2,19,43,49,59,29,0.34408602150537637,0.3333333333333333,0.8775510204081632,0.18627450980392157,0.4915254237288136,0.23382945856511372,-0.23382945856511372,91.24767225325886,31.74061433447099,63.12404268436072,0.4927536231884058,0.01386707594231934
"Matthews, Zebby",805673,FF,4-Seam Fastball,123,0.3934653970843851,106,18,9,42,17,25,85,18,0.16981132075471697,0.21951219512195122,0.68,0.34146341463414637,0.21176470588235294,0.3469399988349936,-0.3469399988349936,26.443202979515828,34.64052287581699,41.87023040128528,0.5189873417721519,0.0465253982493915
"Matthews, Zebby",805673,SL,Slider,114,0.23633304067931243,103,43,6,18,52,58,59,28,0.4174757281553398,0.4298245614035088,0.896551724137931,0.15789473684210525,0.4745762711864407,0.2029291714372215,-0.2029291714372215,97.39292364990689,33.993399339933994,66.1411951250991,0.4810126582278481,0.03340386924209093
"Mattson, Isaac",676755,FF,4-Seam Fastball,136,0.2877911384106305,112,21,6,34,24,41,83,24,0.1875,0.19852941176470587,0.5853658536585366,0.25,0.2891566265060241,0.32781047392295165,-0.32781047392295165,41.24767225325884,35.8974358974359,46.88798166451798,1.0,-0.040019335512321175
"Matz, Steven",571927,CH,Changeup,67,0.2901875530071334,64,8,1,19,30,32,55,29,0.125,0.13432835820895522,0.9375,0.2835820895522388,0.5272727272727272,0.29928649000558866,-0.29928649000558866,60.14897579143389,24.242424242424242,52.49562665763783,0.21405750798722045,-0.009098936998455265
"Matz, Steven",571927,CU,Curveball,68,0.25342765904291603,63,12,4,19,20,22,51,21,0.19047619047619047,0.23529411764705882,0.9090909090909091,0.27941176470588236,0.4117647058823529,0.2868867358026616,-0.2868867358026616,66.75977653631286,23.954372623574145,54.050102314647646,0.21725239616613418,-0.033459076759745576
"Matz, Steven",571927,SI,Sinker,178,0.2903690483799321,155,16,14,59,26,35,134,64,0.1032258064516129,0.16853932584269662,0.7428571428571429,0.33146067415730335,0.47761194029850745,0.32866345506555944,-0.32866345506555944,40.59590316573557,43.66197183098591,45.92021402155953,0.5686900958466453,-0.038294406685627336
"May, Dustin",669160,FF,4-Seam Fastball,92,0.29720951358035463,75,19,4,23,17,30,52,13,0.25333333333333335,0.25,0.5666666666666667,0.25,0.25,0.3209944322282793,-0.3209944322282793,46.64804469273743,27.27272727272727,49.11968850516337,0.17726396917148363,-0.023784918647924647
"May, Dustin",669160,SI,Sinker,221,0.4380994524578167,178,8,12,93,34,62,168,85,0.0449438202247191,0.09049773755656108,0.5483870967741935,0.42081447963800905,0.5059523809523809,0.38976828666537267,-0.38976828666537267,4.655493482309125,47.08994708994709,28.671928113268894,0.4258188824662813,0.04833116579244401
"May, Dustin",669160,ST,Sweeper,206,0.2572345045547116,181,52,16,45,61,74,129,56,0.287292817679558,0.3300970873786408,0.8243243243243243,0.21844660194174756,0.43410852713178294,0.2538064592506827,-0.2538064592506827,83.5195530726257,47.506561679790025,65.94842544123325,0.3969171483622351,0.003428045304028904
"McCullers Jr., Lance",621121,SI,Sinker,68,0.3897974942182001,49,5,5,26,8,22,44,25,0.10204081632653061,0.14705882352941177,0.36363636363636365,0.38235294117647056,0.5681818181818182,0.3787477541581232,-0.3787477541581232,8.845437616387338,19.67871485943775,41.9387045388257,0.4146341463414634,0.011049740060076918
"McCullers Jr., Lance",621121,ST,Sweeper,96,0.3060473463141605,71,15,8,22,15,34,54,20,0.2112676056338028,0.23958333333333334,0.4411764705882353,0.22916666666666666,0.37037037037037035,0.32009018484400215,-0.32009018484400215,47.76536312849162,26.199261992619927,49.44889951692813,0.5853658536585366,-0.014042838529841672
"McGreevy, Michael",700241,FF,4-Seam Fastball,88,0.40696766101168363,72,11,3,33,15,27,58,23,0.1527777777777778,0.1590909090909091,0.5555555555555556,0.375,0.39655172413793105,0.3684100074063838,-0.3684100074063838,13.687150837988826,26.47058823529412,40.42200679154344,0.3142857142857143,0.038557653605299835
"McGreevy, Michael",700241,SI,Sinker,112,0.2744039680602811,103,4,4,38,9,13,98,65,0.038834951456310676,0.07142857142857142,0.6923076923076923,0.3392857142857143,0.6632653061224489,0.3435373797143289,-0.3435373797143289,29.42271880819367,33.993399339933994,43.03581196108438,0.4,-0.0691334116540478
"McGreevy, Michael",700241,ST,Sweeper,80,0.3139261667328167,73,11,3,22,21,26,62,31,0.1506849315068493,0.175,0.8076923076923077,0.275,0.5,0.30234158121049526,-0.30234158121049526,58.19366852886406,26.73992673992674,52.225087141288256,0.2857142857142857,0.011584585522321444
"McLean, Nolan",690997,SI,Sinker,64,0.2822954209558824,47,7,10,20,6,14,40,33,0.14893617021276595,0.265625,0.42857142857142855,0.3125,0.825,0.30466473772903513,-0.30466473772903513,57.16945996275605,19.02834008097166,51.4019255271828,1.0,-0.022369316773152736
"Mears, Nick",683232,FF,4-Seam Fastball,125,0.36332975596494516,107,11,9,48,16,24,96,31,0.102803738317757,0.16,0.6666666666666666,0.384,0.3229166666666667,0.36572847062784697,-0.36572847062784697,15.735567970204842,34.85342019543974,38.08800247484214,0.5681818181818182,-0.002398714662901813
"Mears, Nick",683232,SL,Slider,95,0.25504849080645847,82,22,7,19,30,36,60,25,0.2682926829268293,0.30526315789473685,0.8333333333333334,0.2,0.4166666666666667,0.25445757430897575,-0.25445757430897575,83.33333333333334,29.078014184397162,59.725689079070754,0.4318181818181818,0.0005909164974827186
"Megill, Trevor",656730,FF,4-Seam Fastball,128,0.33762120068347135,107,23,8,34,28,39,79,26,0.21495327102803738,0.2421875,0.717948717948718,0.265625,0.3291139240506329,0.3064089725385397,-0.3064089725385397,55.77281191806331,34.85342019543974,52.04235134266251,0.624390243902439,0.03121222814493163
"Megill, Trevor",656730,KC,Knuckle Curve,77,0.2148646126053455,72,26,3,14,31,33,46,24,0.3611111111111111,0.37662337662337664,0.9393939393939394,0.18181818181818182,0.5217391304347826,0.2142462829157699,-0.2142462829157699,95.99627560521415,26.47058823529412,62.209716288750144,0.375609756097561,0.0006183296895756196
"Megill, Tylor",656731,FF,4-Seam Fastball,125,0.3270580450038599,89,19,18,32,15,35,63,17,0.21348314606741572,0.296,0.42857142857142855,0.256,0.2698412698412698,0.3243014962828275,-0.3243014962828275,44.134078212290504,30.79584775086505,48.22575760504662,0.4826254826254826,0.0027565487210323703
"Megill, Tylor",656731,SI,Sinker,69,0.33838821831147914,56,6,4,24,15,24,49,28,0.10714285714285714,0.14492753623188406,0.625,0.34782608695652173,0.5714285714285714,0.3431199471648403,-0.3431199471648403,29.702048417132215,21.875,45.59619413407821,0.26640926640926643,-0.00473172885336115
"Megill, Tylor",656731,SL,Slider,65,0.27203887692307693,57,24,0,14,31,39,33,16,0.42105263157894735,0.36923076923076925,0.7948717948717948,0.2153846153846154,0.48484848484848486,0.2429281788225417,-0.2429281788225417,89.10614525139665,22.17898832684825,58.709576911650686,0.25096525096525096,0.029110698100535237
"Mejia, Juan",675848,FF,4-Seam Fastball,169,0.2764598664412511,136,31,6,35,37,64,102,46,0.22794117647058823,0.21893491124260356,0.578125,0.20710059171597633,0.45098039215686275,0.2985281492336975,-0.2985281492336975,60.614525139664806,40.476190476190474,54.324066684401885,0.6653543307086615,-0.022068282792446436
"Mejia, Juan",675848,ST,Sweeper,85,0.2585729028117169,78,19,4,21,31,34,54,17,0.24358974358974358,0.27058823529411763,0.9117647058823529,0.24705882352941178,0.3148148148148148,0.2765632396169464,-0.2765632396169464,72.99813780260708,28.05755395683453,56.486207681899174,0.3346456692913386,-0.01799033680522949
"Melton, Troy",675512,FF,4-Seam Fastball,99,0.32675858304890365,82,16,4,28,14,26,62,21,0.1951219512195122,0.20202020202020202,0.5384615384615384,0.2828282828282828,0.3387096774193548,0.3374883831573116,-0.3374883831573116,33.98510242085661,29.078014184397162,45.37620349459171,1.0,-0.01072980010840796
"Mey, Luis",682825,SI,Sinker,76,0.3614361710526316,55,9,4,20,16,33,46,26,0.16363636363636364,0.17105263157894737,0.48484848484848486,0.2631578947368421,0.5652173913043478,0.3262780628803903,-0.3262780628803903,43.01675977653631,21.568627450980394,48.53032460656516,1.0,0.0351581081722413
"Meyer, Max",676974,FF,4-Seam Fastball,61,0.457297597461329,51,4,3,24,9,17,46,16,0.0784313725490196,0.11475409836065574,0.5294117647058824,0.39344262295081966,0.34782608695652173,0.390326446517715,-0.390326446517715,4.283054003724395,20.318725099601593,40.74799498467953,0.33516483516483514,0.066971150943614
"Meyer, Max",676974,SL,Slider,121,0.29696180969152647,105,41,6,33,40,49,60,30,0.3904761904761905,0.3884297520661157,0.8163265306122449,0.2727272727272727,0.5,0.2522921340875148,-0.2522921340875148,84.45065176908753,34.42622950819672,61.89058827120921,0.6648351648351648,0.044669675604011694
"Mikolas, Miles",571945,CH,Changeup,85,0.3541505448011832,80,2,1,31,19,23,78,36,0.025,0.03529411764705882,0.8260869565217391,0.36470588235294116,0.46153846153846156,0.3619213614564687,-0.3619213614564687,18.24953445065177,28.57142857142857,40.96169193934557,0.1321928460342146,-0.007770816655285506
"Mikolas, Miles",571945,CU,Curveball,97,0.2502543327777427,84,19,9,19,30,34,64,30,0.2261904761904762,0.28865979381443296,0.8823529411764706,0.1958762886597938,0.46875,0.24814216233437247,-0.24814216233437247,86.59217877094973,29.577464788732392,60.855823956776035,0.15085536547433903,0.0021121704433702537
"Mikolas, Miles",571945,FF,4-Seam Fastball,159,0.4108536447395089,145,16,3,63,24,34,126,38,0.1103448275862069,0.11949685534591195,0.7058823529411765,0.39622641509433965,0.30158730158730157,0.3763861672364029,-0.3763861672364029,10.05586592178771,42.028985507246375,33.23887404528649,0.24727838258164853,0.034467477503106025
"Mikolas, Miles",571945,SI,Sinker,149,0.33461336077456866,120,8,17,49,20,36,112,65,0.06666666666666667,0.16778523489932887,0.5555555555555556,0.3288590604026846,0.5803571428571429,0.33840434670405334,-0.33840434670405334,33.05400372439479,37.5,43.67434823091248,0.2317262830482115,-0.0037909859294846804
"Mikolas, Miles",571945,SL,Slider,153,0.36625297936803247,143,13,2,50,28,35,128,43,0.09090909090909091,0.09803921568627451,0.8,0.32679738562091504,0.3359375,0.34876149924532507,-0.34876149924532507,25.884543761638735,41.690962099125365,39.97318001422436,0.2379471228615863,0.017491480122707403
"Miller, Bryce",682243,FF,4-Seam Fastball,172,0.3784084074508359,149,24,4,59,39,57,122,29,0.1610738255033557,0.16279069767441862,0.6842105263157895,0.3430232558139535,0.23770491803278687,0.3578637385107192,-0.3578637385107192,20.670391061452513,42.693409742120345,37.50486892584826,0.49002849002849,0.02054466894011675
"Miller, Bryce",682243,FS,Split-Finger,98,0.2803762703091819,94,24,1,28,28,31,68,37,0.2553191489361702,0.25510204081632654,0.9032258064516129,0.2857142857142857,0.5441176470588235,0.2745029926394616,-0.2745029926394616,73.74301675977654,31.97278911564626,57.62297470198508,0.2792022792022792,0.005873277669720289
"Miller, Bryce",682243,SI,Sinker,81,0.4128710238253592,64,1,4,36,4,17,63,32,0.015625,0.06172839506172839,0.23529411764705882,0.4444444444444444,0.5079365079365079,0.43385063716573835,-0.43385063716573835,0.0931098696461825,24.242424242424242,37.93662885841657,0.23076923076923078,-0.020979613340379177
"Miller, Mason",695243,FF,4-Seam Fastball,124,0.3133356788423041,91,35,9,26,24,47,49,17,0.38461538461538464,0.3548387096774194,0.5106382978723404,0.20967741935483872,0.3469387755102041,0.2831215274244996,-0.2831215274244996,68.80819366852886,31.27147766323024,55.91359660068984,0.5344827586206896,0.030214151417804536
"Miller, Mason",695243,SL,Slider,108,0.16472643125701458,87,40,17,12,38,45,47,20,0.45977011494252873,0.5277777777777778,0.8444444444444444,0.1111111111111111,0.425531914893617,0.17570851357916448,-0.17570851357916448,99.4413407821229,30.313588850174217,65.0198872299976,0.46551724137931033,-0.010982082322149894
"Miller, Shelby",571946,FF,4-Seam Fastball,107,0.28301236370936467,91,22,8,31,26,35,69,25,0.24175824175824176,0.2803738317757009,0.7428571428571429,0.2897196261682243,0.36231884057971014,0.29984392822886335,-0.29984392822886335,59.5903165735568,31.27147766323024,53.03103022391164,0.6257309941520468,-0.016831564519498687
"Miller, Shelby",571946,FS,Split-Finger,64,0.2972067907030108,59,22,0,15,36,41,36,17,0.3728813559322034,0.34375,0.8780487804878049,0.234375,0.4722222222222222,0.24718973783565767,-0.24718973783565767,86.87150837988827,22.779922779922778,58.43525089335145,0.3742690058479532,0.05001705286735314
"Milner, Hoby",571948,SI,Sinker,116,0.34445906558214934,96,6,11,36,20,29,89,54,0.0625,0.14655172413793102,0.6896551724137931,0.3103448275862069,0.6067415730337079,0.3225384815102886,-0.3225384815102886,44.97206703910614,32.432432432432435,48.40077507675273,0.6105263157894737,0.02192058407186076
"Milner, Hoby",571948,ST,Sweeper,74,0.2936264271443202,65,7,5,18,9,15,57,25,0.1076923076923077,0.16216216216216217,0.6,0.24324324324324326,0.43859649122807015,0.3209829235350316,-0.3209829235350316,46.74115456238361,24.528301886792452,49.23579635290398,0.3894736842105263,-0.027356496390711416
"Misiorowski, Jacob",694819,CU,Curveball,65,0.25239884577397914,58,20,4,13,23,26,36,17,0.3448275862068966,0.36923076923076925,0.8846153846153846,0.2,0.4722222222222222,0.23055315204261248,-0.23055315204261248,91.9925512104283,22.48062015503876,59.4762750277886,0.2195945945945946,0.02184569373136666
"Misiorowski, Jacob",694819,FF,4-Seam Fastball,149,0.305419081751622,110,33,14,32,26,53,73,21,0.3,0.31543624161073824,0.49056603773584906,0.21476510067114093,0.2876712328767123,0.3001808338568286,-0.3001808338568286,59.31098696461825,35.483870967741936,53.33393404216976,0.5033783783783784,0.005238247894793435
"Misiorowski, Jacob",694819,SL,Slider,82,0.3123677723891867,71,10,4,21,9,16,60,21,0.14084507042253522,0.17073170731707318,0.5625,0.25609756097560976,0.35,0.3334348442973627,-0.3334348442973627,37.337057728119184,26.199261992619927,46.71676046369402,0.27702702702702703,-0.02106707190817597
"Mize, Casey",663554,FF,4-Seam Fastball,208,0.32798898421191514,169,23,20,76,38,58,145,42,0.13609467455621302,0.20673076923076922,0.6551724137931034,0.36538461538461536,0.2896551724137931,0.35330085200755706,-0.35330085200755706,23.18435754189944,45.799457994579946,37.74381412342988,0.32,-0.02531186779564193
"Mize, Casey",663554,FS,Split-Finger,192,0.3042696318676777,182,51,1,54,69,78,128,66,0.2802197802197802,0.2708333333333333,0.8846153846153846,0.28125,0.515625,0.27364806085783017,-0.27364806085783017,74.30167597765363,47.64397905759162,61.602659724862775,0.2953846153846154,0.030621571009847526
"Mize, Casey",663554,SI,Sinker,96,0.31193353044114486,89,5,3,35,24,28,82,43,0.056179775280898875,0.08333333333333333,0.8571428571428571,0.3645833333333333,0.524390243902439,0.34301540318006013,-0.34301540318006013,29.7951582867784,30.79584775086505,43.809965655667455,0.1476923076923077,-0.031081872738915273
"Mize, Casey",663554,SL,Slider,80,0.28182169984051036,72,4,2,21,10,17,66,23,0.05555555555555555,0.075,0.5882352941176471,0.2625,0.3484848484848485,0.35469766171307643,-0.35469766171307643,22.253258845437614,26.47058823529412,42.68950596998576,0.12307692307692308,-0.07287596187256606
"Mize, Casey",663554,SV,Slurve,74,0.22127907380457382,65,23,5,11,26,32,41,12,0.35384615384615387,0.3783783783783784,0.8125,0.14864864864864866,0.2926829268292683,0.23431016583768233,-0.23431016583768233,90.9683426443203,24.528301886792452,60.083974561680904,0.11384615384615385,-0.01303109203310851
"Mlodzinski, Carmen",669387,FF,4-Seam Fastball,160,0.32738311590835945,131,20,6,48,21,44,108,43,0.15267175572519084,0.1625,0.4772727272727273,0.3,0.39814814814814814,0.352929365686087,-0.352929365686087,23.556797020484172,39.577039274924466,39.56269304123277,0.5423728813559322,-0.02554624977772757
"Mlodzinski, Carmen",669387,FS,Split-Finger,67,0.2397381053029782,64,28,2,12,37,38,35,15,0.4375,0.44776119402985076,0.9736842105263158,0.1791044776119403,0.42857142857142855,0.20117333965012335,-0.20117333965012335,97.76536312849163,24.242424242424242,61.61475086056092,0.2271186440677966,0.038564765652854854
"Mlodzinski, Carmen",669387,SL,Slider,68,0.36907185053042263,60,5,4,26,15,20,55,30,0.08333333333333333,0.1323529411764706,0.75,0.38235294117647056,0.5454545454545454,0.3459991273065919,-0.3459991273065919,27.188081936685286,23.076923076923077,44.7715227044836,0.2305084745762712,0.02307272322383075
"Molina, Anthony",683627,FF,4-Seam Fastball,89,0.4389892094674103,79,5,6,44,12,16,74,32,0.06329113924050633,0.12359550561797752,0.75,0.4943820224719101,0.43243243243243246,0.39004688500383655,-0.39004688500383655,4.4692737430167595,28.31541218637993,37.14115990201771,1.0,0.04894232446357377
"Montero, Keider",672456,FF,4-Seam Fastball,126,0.37518623021018777,104,13,5,33,19,38,87,32,0.125,0.14285714285714285,0.5,0.2619047619047619,0.367816091954023,0.34623136504253943,-0.34623136504253943,27.001862197392924,34.21052631578947,42.16284426149173,0.4271186440677966,0.028954865167648336
"Montero, Keider",672456,SI,Sinker,89,0.26678150561797753,70,6,9,24,17,29,64,44,0.08571428571428572,0.16853932584269662,0.5862068965517241,0.2696629213483146,0.6875,0.3093069295854218,-0.3093069295854218,54.283054003724395,25.925925925925924,51.144906545278985,0.3016949152542373,-0.04252542396744424
"Montero, Keider",672456,SL,Slider,80,0.32564331983585737,69,14,8,25,17,21,55,15,0.2028985507246377,0.275,0.8095238095238095,0.3125,0.2727272727272727,0.3082802111516446,-0.3082802111516446,55.02793296089386,25.650557620817843,51.32430617571113,0.2711864406779661,0.017363108684212758
"Montero, Rafael",606160,FF,4-Seam Fastball,87,0.37790247851021813,69,11,3,34,16,30,55,14,0.15942028985507245,0.16091954022988506,0.5333333333333333,0.39080459770114945,0.2545454545454545,0.3859391657153848,-0.3859391657153848,5.772811918063315,25.650557620817843,38.690092971416306,0.3936651583710407,-0.008036687205166648
"Montero, Rafael",606160,FS,Split-Finger,134,0.2653228256060125,110,31,3,23,51,73,78,51,0.2818181818181818,0.2537313432835821,0.6986301369863014,0.17164179104477612,0.6538461538461539,0.25246004107682374,-0.25246004107682374,84.26443202979516,35.483870967741936,62.1883822911035,0.6063348416289592,0.012862784529188764
"Montgomery, Mason",682254,FF,4-Seam Fastball,131,0.3789375616983054,94,20,9,33,23,51,69,28,0.2127659574468085,0.22137404580152673,0.45098039215686275,0.25190839694656486,0.4057971014492754,0.32725375489729086,-0.32725375489729086,41.62011173184357,31.97278911564626,47.35238601958474,0.6359223300970874,0.05168380680101453
"Montgomery, Mason",682254,SL,Slider,75,0.24425487609612612,70,23,5,13,19,19,46,24,0.32857142857142857,0.37333333333333335,1.0,0.17333333333333334,0.5217391304347826,0.2065371892591703,-0.2065371892591703,96.8342644320298,25.925925925925924,62.176701841506315,0.3640776699029126,0.03771768683695581
"Morales, Luis",806960,FF,4-Seam Fastball,111,0.37929278468252026,90,13,6,40,17,31,77,30,0.14444444444444443,0.17117117117117117,0.5483870967741935,0.36036036036036034,0.38961038961038963,0.3625635821145286,-0.3625635821145286,17.690875232774676,31.03448275862069,40.00513709625634,1.0,0.016729202567991652
"Morejon, Adrian",670970,SI,Sinker,191,0.26364933213676617,159,17,18,46,31,45,141,77,0.1069182389937107,0.18324607329842932,0.6888888888888889,0.24083769633507854,0.5460992907801419,0.2983775304222468,-0.2983775304222468,60.70763500931099,44.28969359331476,54.76831463355172,0.7490196078431373,-0.03472819828548063
"Morejon, Adrian",670970,SL,Slider,64,0.24364210812772133,60,16,4,11,11,12,42,22,0.26666666666666666,0.3125,0.9166666666666666,0.171875,0.5238095238095238,0.22794208776965091,-0.22794208776965091,92.45810055865921,23.076923076923077,59.83383469416989,0.25098039215686274,0.015700020358070416
"Morgan, David",688158,FF,4-Seam Fastball,65,0.3536023489779038,54,11,0,17,10,21,41,12,0.2037037037037037,0.16923076923076924,0.47619047619047616,0.26153846153846155,0.2926829268292683,0.34832042191665985,-0.34832042191665985,25.977653631284912,21.25984251968504,44.92954442147246,1.0,0.005281927061243974
"Morillo, Juan",666661,FF,4-Seam Fastball,75,0.31624537125541125,58,18,2,20,13,28,38,14,0.3103448275862069,0.26666666666666666,0.4642857142857143,0.26666666666666666,0.3684210526315789,0.32294583623964856,-0.32294583623964856,44.6927374301676,22.48062015503876,48.842983557807514,1.0,-0.00670046498423732
"Morton, Charlie",450203,CH,Changeup,67,0.3811610301125949,58,5,3,29,12,18,53,33,0.08620689655172414,0.11940298507462686,0.6666666666666666,0.43283582089552236,0.6226415094339622,0.36606803281887285,-0.36606803281887285,15.456238361266294,22.48062015503876,42.27043725549637,0.11037891268533773,0.015092997293722044
"Morton, Charlie",450203,CU,Curveball,275,0.2914541775801801,229,70,14,54,84,117,154,71,0.3056768558951965,0.3054545454545455,0.717948717948718,0.19636363636363635,0.461038961038961,0.26118189104576733,-0.26118189104576733,80.44692737430168,53.379953379953385,66.27425957034896,0.45304777594728174,0.030272286534412773
"Morton, Charlie",450203,FF,4-Seam Fastball,147,0.33968314969245644,116,19,8,46,25,47,91,24,0.16379310344827586,0.1836734693877551,0.5319148936170213,0.3129251700680272,0.26373626373626374,0.3570801400267677,-0.3570801400267677,21.042830540037244,36.708860759493675,39.39961813167386,0.24217462932454695,-0.017396990334311246
"Morton, Charlie",450203,SI,Sinker,118,0.35447007845186224,96,11,7,47,10,26,85,53,0.11458333333333333,0.15254237288135594,0.38461538461538464,0.3983050847457627,0.6235294117647059,0.3758604001737335,-0.3758604001737335,10.521415270018622,32.432432432432435,37.22759071921083,0.19439868204283361,-0.021390321721871275
"Muñoz, Andrés",662253,FF,4-Seam Fastball,70,0.39591731157611393,50,7,5,24,15,30,42,20,0.14,0.17142857142857143,0.5,0.34285714285714286,0.47619047619047616,0.3552998687478537,-0.3552998687478537,21.787709497206702,20.0,44.394785847299815,0.30837004405286345,0.04061744282826024
"Muñoz, Andrés",662253,SL,Slider,157,0.19930795243290916,140,53,8,22,55,65,83,35,0.37857142857142856,0.3885350318471338,0.8461538461538461,0.14012738853503184,0.42168674698795183,0.2161108076924515,-0.2161108076924515,95.53072625698324,41.17647058823529,68.77533136159492,0.6916299559471366,-0.016802855259542337
"Myers, Tobias",668964,FF,4-Seam Fastball,107,0.38139057355868816,93,8,5,41,18,27,81,30,0.08602150537634409,0.12149532710280374,0.6666666666666666,0.38317757009345793,0.37037037037037035,0.37053770369067496,-0.37053770369067496,12.197392923649906,31.74061433447099,38.0329983920275,1.0,0.010852869868013204
"Márquez, Germán",608566,FF,4-Seam Fastball,229,0.4245389807573338,189,12,8,94,30,62,175,60,0.06349206349206349,0.08733624454148471,0.4838709677419355,0.4104803493449782,0.34285714285714286,0.40646665364063406,-0.40646665364063406,1.303538175046555,48.58611825192802,26.364215172360968,0.43453510436432635,0.01807232711669976
"Márquez, Germán",608566,KC,Knuckle Curve,170,0.27459559370472325,153,48,8,45,52,61,104,42,0.3137254901960784,0.32941176470588235,0.8524590163934426,0.2647058823529412,0.40384615384615385,0.26729114242471075,-0.26729114242471075,77.28119180633148,43.342776203966004,61.85080264400378,0.3225806451612903,0.007304451280012503
"Márquez, Germán",608566,SI,Sinker,128,0.37500052541036094,123,0,0,61,20,25,123,61,0.0,0.0,0.8,0.4765625,0.4959349593495935,0.40300845534536106,-0.40300845534536106,2.0484171322160147,38.080495356037154,31.768626297916995,0.2428842504743833,-0.02800792993500012
"Nelson, Ryne",669194,CU,Curveball,68,0.29894790179601255,61,14,2,25,20,25,47,20,0.22950819672131148,0.23529411764705882,0.8,0.36764705882352944,0.425531914893617,0.3226841811351393,-0.3226841811351393,44.78584729981378,23.371647509578544,48.81704088985923,0.12296564195298372,-0.023736279339126753
"Nelson, Ryne",669194,FF,4-Seam Fastball,405,0.31197655910351896,347,50,25,127,69,102,280,104,0.1440922190201729,0.18518518518518517,0.6764705882352942,0.3135802469135803,0.37142857142857144,0.33436273967269053,-0.33436273967269053,36.778398510242084,63.43692870201097,41.62964400369035,0.7323688969258589,-0.022386180569171577
"Nelson, Ryne",669194,SL,Slider,80,0.25023579363746157,75,15,4,26,20,21,58,33,0.2,0.2375,0.9523809523809523,0.325,0.5689655172413793,0.28340585556150094,-0.28340585556150094,68.71508379888269,27.27272727272727,55.13797189774843,0.14466546112115733,-0.033170061924039373
"Newcomb, Sean",656794,FF,4-Seam Fastball,96,0.3053357670238879,74,12,13,24,17,26,57,17,0.16216216216216217,0.2604166666666667,0.6538461538461539,0.25,0.2982456140350877,0.30631837316945904,-0.30631837316945904,56.052141527001865,27.00729927007299,51.66850167869619,0.33217993079584773,-0.0009826061455711077
"Newcomb, Sean",656794,SI,Sinker,96,0.33119618205492424,80,3,5,31,12,23,77,51,0.0375,0.08333333333333333,0.5217391304347826,0.3229166666666667,0.6623376623376623,0.3527625360044551,-0.3527625360044551,23.649906890130353,28.57142857142857,42.50465549348231,0.33217993079584773,-0.02156635394953088
"Newcomb, Sean",656794,SV,Slurve,97,0.20743967671669317,74,25,19,15,23,31,48,20,0.33783783783783783,0.4536082474226804,0.7419354838709677,0.15463917525773196,0.4166666666666667,0.21622589758975058,-0.21622589758975058,95.43761638733706,27.00729927007299,62.30545474316628,0.3356401384083045,-0.008786220873057415
"Nicolas, Kyle",693312,FF,4-Seam Fastball,101,0.35980446752858736,81,3,6,30,18,33,76,32,0.037037037037037035,0.0891089108910891,0.5454545454545454,0.297029702970297,0.42105263157894735,0.3602666033586489,-0.3602666033586489,19.45996275605214,28.825622775800714,41.229779253398014,1.0,-0.0004621358300615497
"Nola, Aaron",605400,CH,Changeup,75,0.29148605806083433,70,13,0,23,30,35,56,29,0.18571428571428572,0.17333333333333334,0.8571428571428571,0.30666666666666664,0.5178571428571429,0.3058768768827164,-0.3058768768827164,56.424581005586596,25.925925925925924,51.70011724946548,0.195822454308094,-0.01439081882188209
"Nola, Aaron",605400,FF,4-Seam Fastball,96,0.33304410199883266,83,7,6,34,12,21,74,19,0.08433734939759036,0.13541666666666666,0.5714285714285714,0.3541666666666667,0.25675675675675674,0.3769611925547813,-0.3769611925547813,9.590316573556796,29.328621908127207,38.18129774759658,0.2506527415143603,-0.04391709055594861
"Nola, Aaron",605400,KC,Knuckle Curve,130,0.28791314631672016,116,38,4,28,59,70,75,38,0.3275862068965517,0.3230769230769231,0.8428571428571429,0.2153846153846154,0.5066666666666667,0.24701769724873912,-0.24701769724873912,86.96461824953445,36.708860759493675,63.5987553921222,0.3394255874673629,0.04089544906798104
"Nola, Aaron",605400,SI,Sinker,82,0.3198692981592869,57,2,18,29,10,19,54,30,0.03508771929824561,0.24390243902439024,0.5263157894736842,0.35365853658536583,0.5555555555555556,0.33325562218447624,-0.33325562218447624,37.523277467411546,22.17898832684825,47.26901868718707,0.21409921671018275,-0.013386324025189356
"O'Brien, Riley",676617,SI,Sinker,106,0.3453233249475891,84,6,6,27,16,31,77,48,0.07142857142857142,0.11320754716981132,0.5161290322580645,0.25471698113207547,0.6233766233766234,0.3293236393906028,-0.3293236393906028,40.31657355679702,29.577464788732392,47.16867311878721,1.0,0.01599968555698633
"Ober, Bailey",641927,CH,Changeup,195,0.24725513896850077,183,44,3,33,84,93,135,52,0.24043715846994534,0.24102564102564103,0.9032258064516129,0.16923076923076924,0.3851851851851852,0.25554030007436274,-0.25554030007436274,82.77467411545624,47.78067885117493,65.68427245455119,0.35911602209944754,-0.008285161105861971
"Ober, Bailey",641927,FF,4-Seam Fastball,230,0.3620343369906445,205,21,10,84,40,54,181,44,0.1024390243902439,0.13478260869565217,0.7407407407407407,0.3652173913043478,0.2430939226519337,0.36485667674688066,-0.36485667674688066,16.573556797020483,50.617283950617285,33.10343242062671,0.42357274401473294,-0.0028223397562361363
"Ober, Bailey",641927,SL,Slider,118,0.35989900396633495,109,15,0,41,21,29,94,30,0.13761467889908258,0.1271186440677966,0.7241379310344828,0.3474576271186441,0.3191489361702128,0.3570240259018696,-0.3570240259018696,21.135940409683425,35.275080906148865,39.84831227061525,0.21731123388581952,0.00287497806446535
"Ogasawara, Shinnosuke",829272,FF,4-Seam Fastball,69,0.4224472703369646,55,0,4,26,3,12,54,24,0.0,0.057971014492753624,0.25,0.37681159420289856,0.4444444444444444,0.41814954118279024,-0.41814954118279024,0.5586592178770949,21.568627450980394,39.37269507430533,1.0,0.004297729154174368
"Ohl, Pierson",701487,CH,Changeup,62,0.27974225366568917,59,9,2,14,22,23,48,19,0.15254237288135594,0.1774193548387097,0.9565217391304348,0.22580645161290322,0.3958333333333333,0.28073539091178895,-0.28073539091178895,70.11173184357543,22.779922779922778,54.617386740291764,1.0,-0.0009931372460997845
"Ohtani, Shohei",660271,FF,4-Seam Fastball,89,0.2810076376550263,75,11,6,24,15,23,57,23,0.14666666666666667,0.19101123595505617,0.6521739130434783,0.2696629213483146,0.40350877192982454,0.31988610071233536,-0.31988610071233536,47.8584729981378,27.27272727272727,49.449805315727104,0.577922077922078,-0.038878463057309076
"Ohtani, Shohei",660271,ST,Sweeper,65,0.20148418632478635,60,17,3,10,20,22,40,15,0.2833333333333333,0.3076923076923077,0.9090909090909091,0.15384615384615385,0.375,0.23603686957120962,-0.23603686957120962,90.68901303538175,23.076923076923077,59.425583727259706,0.42207792207792205,-0.03455268324642327
"Okert, Steven",595345,FF,4-Seam Fastball,105,0.3329722827664332,88,14,2,27,19,33,71,21,0.1590909090909091,0.1523809523809524,0.5757575757575758,0.2571428571428571,0.29577464788732394,0.34084827615283175,-0.34084827615283175,31.098696461824954,30.555555555555557,44.2569315125181,0.3917910447761194,-0.00787599338639855
"Okert, Steven",595345,SL,Slider,163,0.20613586960528718,151,53,7,28,43,48,94,22,0.3509933774834437,0.36809815950920244,0.8958333333333334,0.17177914110429449,0.23404255319148937,0.2399180572197872,-0.2399180572197872,90.03724394785847,43.01994301994302,67.25052656151352,0.6082089552238806,-0.033782187614500025
"Olson, Reese",681857,CH,Changeup,66,0.22716548900377792,61,26,1,10,35,39,35,19,0.4262295081967213,0.4090909090909091,0.8974358974358975,0.15151515151515152,0.5428571428571428,0.20033748952829378,-0.20033748952829378,98.04469273743017,23.371647509578544,61.26451051321019,0.308411214953271,0.026827999475484143
"Olson, Reese",681857,SI,Sinker,86,0.37937550924126706,65,0,6,32,4,19,65,34,0.0,0.06976744186046512,0.21052631578947367,0.37209302325581395,0.5230769230769231,0.4118018465582234,-0.4118018465582234,0.931098696461825,24.528301886792452,37.99936755560241,0.40186915887850466,-0.03242633731695632
"Olson, Reese",681857,SL,Slider,62,0.28321606082418843,57,16,1,18,27,31,41,19,0.2807017543859649,0.27419354838709675,0.8709677419354839,0.2903225806451613,0.4634146341463415,0.28098632049562605,-0.28098632049562605,69.92551210428304,22.17898832684825,54.45550652493678,0.2897196261682243,0.0022297403285623796
"Ort, Kaleb",672391,FF,4-Seam Fastball,102,0.29706059685086156,78,17,5,21,20,39,61,22,0.21794871794871795,0.21568627450980393,0.5128205128205128,0.20588235294117646,0.36065573770491804,0.3123515959057178,-0.3123515959057178,52.513966480446925,28.05755395683453,50.738850260573656,1.0,-0.015290999054856258
"Ortiz, Luis",682847,FF,4-Seam Fastball,114,0.34816634583009126,85,19,10,30,17,36,59,18,0.2235294117647059,0.2543859649122807,0.4722222222222222,0.2631578947368421,0.3050847457627119,0.32886007931241185,-0.32886007931241185,40.502793296089386,29.82456140350877,47.200169884674445,0.3877551020408163,0.019306266517679416
"Ortiz, Luis",682847,SI,Sinker,89,0.3083100759278175,74,4,8,35,13,24,69,49,0.05405405405405406,0.1348314606741573,0.5416666666666666,0.39325842696629215,0.7101449275362319,0.3562415834757605,-0.3562415834757605,21.415270018621975,27.00729927007299,42.314018132637386,0.30272108843537415,-0.04793150754794301
"Ortiz, Luis",682847,SL,Slider,91,0.3036274390370355,77,21,6,26,22,30,54,20,0.2727272727272727,0.2967032967032967,0.7333333333333333,0.2857142857142857,0.37037037037037035,0.29524786341846326,-0.29524786341846326,62.01117318435754,27.79783393501805,53.37245964678755,0.30952380952380953,0.008379575618572221
"Orze, Eric",679358,FS,Split-Finger,97,0.23721728143947213,87,27,3,17,25,32,60,30,0.3103448275862069,0.30927835051546393,0.78125,0.17525773195876287,0.5,0.2448070733354613,-0.2448070733354613,88.64059590316573,30.313588850174217,61.74579383463428,1.0,-0.007589791895989184
"Oviedo, Johan",670912,SL,Slider,63,0.28805794179894184,50,13,2,9,11,22,37,10,0.26,0.23809523809523808,0.5,0.14285714285714285,0.2702702702702703,0.2968636346065563,-0.2968636346065563,61.54562383612663,20.0,52.346368715083806,1.0,-0.008805692807614451
"Paddack, Chris",663978,CH,Changeup,179,0.33807072012611433,165,26,3,65,72,82,138,68,0.15757575757575756,0.16201117318435754,0.8780487804878049,0.36312849162011174,0.4927536231884058,0.3251133080903432,-0.3251133080903432,43.947858472998135,45.20547945205479,47.28960995892962,0.29833333333333334,0.01295741203577111
"Paddack, Chris",663978,CU,Curveball,65,0.34751419340659345,62,6,1,23,12,14,56,26,0.0967741935483871,0.1076923076923077,0.8571428571428571,0.35384615384615387,0.4642857142857143,0.33897962987307767,-0.33897962987307767,32.402234636871505,23.66412213740458,45.87118142920096,0.10833333333333334,0.008534563533515782
"Paddack, Chris",663978,FC,Cutter,82,0.361657021741712,73,11,4,29,21,28,61,22,0.1506849315068493,0.18292682926829268,0.75,0.35365853658536583,0.36065573770491804,0.3404019144070737,-0.3404019144070737,31.378026070763497,26.73992673992674,45.054603993151474,0.13666666666666666,0.021255107334638312
"Paddack, Chris",663978,FF,4-Seam Fastball,274,0.3317745743937942,242,32,12,97,42,64,202,63,0.1322314049586777,0.16058394160583941,0.65625,0.354014598540146,0.3118811881188119,0.3585805631745057,-0.3585805631745057,20.2048417132216,54.75113122171946,33.707879370054854,0.45666666666666667,-0.026805988780711498
"Pagán, Emilio",641941,FF,4-Seam Fastball,167,0.2793071870545005,138,26,10,46,31,50,105,19,0.18840579710144928,0.2155688622754491,0.62,0.2754491017964072,0.18095238095238095,0.33653361166446843,-0.33653361166446843,35.19553072625698,40.828402366863905,43.98311901534936,1.0,-0.05722642460996791
"Palencia, Daniel",694037,FF,4-Seam Fastball,166,0.3196233266107226,138,24,12,61,26,41,111,46,0.17391304347826086,0.21686746987951808,0.6341463414634146,0.3674698795180723,0.4144144144144144,0.3439430454693781,-0.3439430454693781,29.14338919925512,40.828402366863905,41.512126320892975,0.7248908296943232,-0.02431971885865547
"Palencia, Daniel",694037,SL,Slider,63,0.25281582683982684,54,14,5,13,16,20,38,17,0.25925925925925924,0.30158730158730157,0.8,0.20634920634920634,0.4473684210526316,0.2580490370202678,-0.2580490370202678,81.75046554934823,21.25984251968504,56.78675640405285,0.27510917030567683,-0.005233210180440984
"Pallante, Andre",669467,FF,4-Seam Fastball,337,0.36985965869409915,297,22,7,129,26,60,273,180,0.07407407407407407,0.08605341246290801,0.43333333333333335,0.3827893175074184,0.6593406593406593,0.37880663106910695,-0.37880663106910695,8.752327746741155,59.758551307847085,25.369722993454207,0.47801418439716314,-0.0089469723750078
"Pallante, Andre",669467,KC,Knuckle Curve,64,0.2163700851538754,59,24,4,16,28,29,35,17,0.4067796610169492,0.4375,0.9655172413793104,0.25,0.4857142857142857,0.22088444004015828,-0.22088444004015828,94.50651769087524,22.779922779922778,60.1745001186342,0.09078014184397164,-0.004514354886282879
"Pallante, Andre",669467,SI,Sinker,105,0.28035561319243274,93,5,2,18,31,41,86,44,0.053763440860215055,0.06666666666666667,0.7560975609756098,0.17142857142857143,0.5116279069767442,0.300393113685215,-0.300393113685215,59.0316573556797,31.74061433447099,52.8984816417844,0.14893617021276595,-0.020037500492782245
"Pallante, Andre",669467,SL,Slider,199,0.29332451844634905,174,39,2,51,62,86,133,73,0.22413793103448276,0.20603015075376885,0.7209302325581395,0.2562814070351759,0.5488721804511278,0.29442271957860844,-0.29442271957860844,62.56983240223464,46.524064171122994,55.87289258008943,0.2822695035460993,-0.001098201132259391
"Palmquist, Carson",687223,FF,4-Seam Fastball,111,0.43251963471046245,86,7,6,40,16,35,77,29,0.08139534883720931,0.11711711711711711,0.45714285714285713,0.36036036036036034,0.37662337662337664,0.3848096425751302,-0.3848096425751302,6.33147113594041,30.069930069930066,36.90145980648774,1.0,0.04770999213533228
"Parker, Mitchell",680730,CU,Curveball,144,0.36581382915040017,128,18,8,52,29,35,108,44,0.140625,0.18055555555555555,0.8285714285714286,0.3611111111111111,0.4074074074074074,0.33180493179587045,-0.33180493179587045,38.8268156424581,39.02439024390244,45.66812008902212,0.1994459833795014,0.03400889735452972
"Parker, Mitchell",680730,FF,4-Seam Fastball,416,0.39284235014345464,357,24,9,179,62,109,329,130,0.06722689075630252,0.07932692307692307,0.5688073394495413,0.43028846153846156,0.3951367781155015,0.4017625822223318,-0.4017625822223318,2.3277467411545625,64.09335727109516,19.461968713746494,0.5761772853185596,-0.008920232078877155
"Parker, Mitchell",680730,FS,Split-Finger,73,0.3906323514163223,69,10,0,26,18,22,58,30,0.14492753623188406,0.136986301369863,0.8181818181818182,0.3561643835616438,0.5172413793103449,0.33269404211421066,-0.33269404211421066,38.361266294227185,25.650557620817843,47.04921323890815,0.10110803324099724,0.057938309302111635
"Parker, Mitchell",680730,SL,Slider,89,0.25058553164386815,85,22,4,23,25,26,62,25,0.25882352941176473,0.29213483146067415,0.9615384615384616,0.25842696629213485,0.4032258064516129,0.2632621748899026,-0.2632621748899026,79.51582867783985,29.82456140350877,58.83563657747721,0.12326869806094183,-0.012676643246034458
"Patrick, Chad",694477,FC,Cutter,218,0.32365293336830014,185,39,14,56,51,71,142,26,0.21081081081081082,0.24311926605504589,0.7183098591549296,0.25688073394495414,0.18309859154929578,0.3149577129351713,-0.3149577129351713,50.5586592178771,48.05194805194805,50.292631018888,0.4708423326133909,0.00869522043312887
"Patrick, Chad",694477,FF,4-Seam Fastball,114,0.26240351203317697,99,27,7,26,32,39,66,20,0.2727272727272727,0.2982456140350877,0.8205128205128205,0.22807017543859648,0.30303030303030304,0.2745029164203274,-0.2745029164203274,73.83612662942272,33.11036789297659,57.923369643068455,0.24622030237580994,-0.012099404387150459
"Patrick, Chad",694477,SI,Sinker,131,0.3137933863016446,98,4,18,48,14,31,93,53,0.04081632653061224,0.16793893129770993,0.45161290322580644,0.366412213740458,0.5698924731182796,0.360514851144117,-0.360514851144117,19.180633147113593,32.88590604026846,39.89601689725419,0.28293736501079914,-0.046721464842472415
"Pepiot, Ryan",686752,CH,Changeup,208,0.26347777241644227,197,56,4,54,66,73,137,71,0.28426395939086296,0.28846153846153844,0.9041095890410958,0.25961538461538464,0.5182481751824818,0.26110553218187393,-0.26110553218187393,80.54003724394786,49.622166246851386,65.17808142071121,0.348993288590604,0.0023722402345683347
"Pepiot, Ryan",686752,FF,4-Seam Fastball,293,0.3285746568172061,218,43,25,80,44,88,169,49,0.19724770642201836,0.23208191126279865,0.5,0.27303754266211605,0.28994082840236685,0.3353218730289859,-0.3353218730289859,36.21973929236499,52.15311004784689,42.83544055669901,0.49161073825503354,-0.006747216211779816
"Pepiot, Ryan",686752,SL,Slider,95,0.3903592377736175,91,8,1,32,21,24,81,31,0.08791208791208792,0.09473684210526316,0.875,0.3368421052631579,0.38271604938271603,0.34149325308034606,-0.34149325308034606,30.54003724394786,31.27147766323024,43.946578612246995,0.1593959731543624,0.048865984693271414
"Peralta, Freddy",642547,CH,Changeup,163,0.2716115715340252,140,32,6,35,63,81,106,61,0.22857142857142856,0.2331288343558282,0.7777777777777778,0.2147239263803681,0.5754716981132075,0.2682844178013096,-0.2682844178013096,76.35009310986965,41.17647058823529,60.87742359513638,0.2170439414114514,0.003327153732715582
"Peralta, Freddy",642547,CU,Curveball,105,0.20685469780305565,97,33,4,12,34,38,60,18,0.3402061855670103,0.3523809523809524,0.8947368421052632,0.11428571428571428,0.3,0.22139528420544452,-0.22139528420544452,94.22718808193669,32.659932659932664,64.47591996940228,0.13981358189081225,-0.014540586402388866
"Peralta, Freddy",642547,FF,4-Seam Fastball,418,0.3513239957484513,335,64,26,115,75,135,262,78,0.191044776119403,0.215311004784689,0.5555555555555556,0.2751196172248804,0.29770992366412213,0.33370220462616274,-0.33370220462616274,37.243947858473,62.616822429906534,42.029969195426304,0.5565912117177098,0.017621791122288566
"Peralta, Freddy",642547,SL,Slider,65,0.19036767240143368,59,21,3,9,19,23,38,18,0.3559322033898305,0.36923076923076925,0.8260869565217391,0.13846153846153847,0.47368421052631576,0.21791625878973958,-0.21791625878973958,94.97206703910615,22.779922779922778,60.28055190066363,0.08655126498002663,-0.0275485863883059
"Peralta, Luis",678821,FF,4-Seam Fastball,84,0.4595519529811925,63,9,3,27,12,30,53,18,0.14285714285714285,0.14285714285714285,0.4,0.32142857142857145,0.33962264150943394,0.375892265753621,-0.375892265753621,10.335195530726256,23.954372623574145,40.53394792927899,1.0,0.0836596872275715
"Peralta, Wandy",593974,CH,Changeup,117,0.2698065297200253,110,27,0,24,47,54,78,49,0.24545454545454545,0.23076923076923078,0.8703703703703703,0.20512820512820512,0.6282051282051282,0.25278566903003447,-0.25278566903003447,83.89199255121042,35.483870967741936,62.05622634708956,0.43820224719101125,0.017020860689990813
"Peralta, Wandy",593974,SI,Sinker,150,0.3632345999920341,116,8,13,48,19,40,107,59,0.06896551724137931,0.14,0.475,0.32,0.5514018691588785,0.35224707599689736,-0.35224707599689736,23.83612662942272,36.708860759493675,40.425005303726756,0.5617977528089888,0.01098752399513675
"Perkins, Jack",678022,FF,4-Seam Fastball,70,0.38073210224662385,56,11,1,21,17,29,45,15,0.19642857142857142,0.17142857142857143,0.5862068965517241,0.3,0.3333333333333333,0.3452793181294608,-0.3452793181294608,27.839851024208567,21.875,45.18883845437616,1.0,0.03545278411716307
"Peterson, David",656849,CH,Changeup,105,0.3135519207421305,90,8,4,30,24,34,81,56,0.08888888888888889,0.11428571428571428,0.7058823529411765,0.2857142857142857,0.691358024691358,0.31437580151744343,-0.31437580151744343,51.21042830540037,31.03448275862069,50.40775701534707,0.14685314685314685,-0.000823880775312924
"Peterson, David",656849,CU,Curveball,93,0.2987431052002767,81,22,2,25,25,35,58,24,0.2716049382716049,0.25806451612903225,0.7142857142857143,0.26881720430107525,0.41379310344827586,0.2974993302529226,-0.2974993302529226,61.26629422718808,28.825622775800714,53.28071465966852,0.13006993006993006,0.0012437749473541149
"Peterson, David",656849,FF,4-Seam Fastball,132,0.39903376063480583,109,19,10,43,23,36,90,38,0.1743119266055046,0.2196969696969697,0.6388888888888888,0.32575757575757575,0.4222222222222222,0.32984948634574723,-0.32984948634574723,40.130353817504655,35.275080906148865,46.54860696787258,0.18461538461538463,0.0691842742890586
"Peterson, David",656849,SI,Sinker,218,0.35115429579807894,177,2,11,84,25,56,173,113,0.011299435028248588,0.05963302752293578,0.44642857142857145,0.3853211009174312,0.653179190751445,0.38476246291127236,-0.38476246291127236,6.424581005586592,46.94960212201592,29.566211737277044,0.3048951048951049,-0.03360816711319342
"Peterson, David",656849,SL,Slider,167,0.2786506483368805,151,57,9,48,62,72,92,52,0.37748344370860926,0.39520958083832336,0.8611111111111112,0.2874251497005988,0.5652173913043478,0.2456349069834145,-0.2456349069834145,87.70949720670392,43.01994301994302,66.24913123982026,0.23356643356643356,0.03301574135346602
"Pfaadt, Brandon",694297,CH,Changeup,112,0.33494010516746275,105,11,3,32,43,47,94,49,0.10476190476190476,0.125,0.9148936170212766,0.2857142857142857,0.5212765957446809,0.30472345272932,-0.30472345272932,57.07635009310987,34.42622950819672,52.466648349970995,0.1593172119487909,0.030216652438142755
"Pfaadt, Brandon",694297,FC,Cutter,76,0.28657655011253985,73,4,0,21,10,13,68,25,0.0547945205479452,0.05263157894736842,0.7692307692307693,0.27631578947368424,0.36764705882352944,0.34464978718433964,-0.34464978718433964,28.584729981378025,26.73992673992674,44.307678665220564,0.10810810810810811,-0.05807323707179979
"Pfaadt, Brandon",694297,FF,4-Seam Fastball,154,0.43114211187019047,132,19,7,61,27,42,109,34,0.14393939393939395,0.16883116883116883,0.6428571428571429,0.3961038961038961,0.3119266055045872,0.3705025385243998,-0.3705025385243998,12.290502793296088,39.75903614457831,35.03511251710754,0.21906116642958748,0.060639573345790676
"Pfaadt, Brandon",694297,SI,Sinker,216,0.34086659913581513,179,8,28,97,21,31,169,102,0.0446927374301676,0.16666666666666666,0.6774193548387096,0.44907407407407407,0.6035502958579881,0.3605748538708603,-0.3605748538708603,18.994413407821227,47.229551451187334,35.380767775632236,0.30725462304409673,-0.019708254735045172
"Pfaadt, Brandon",694297,ST,Sweeper,145,0.3203601232389815,127,30,9,33,44,55,94,32,0.23622047244094488,0.2689655172413793,0.8,0.22758620689655173,0.3404255319148936,0.2801101166207873,-0.2801101166207873,70.48417132216015,38.837920489296636,57.98410013724452,0.20625889046941678,0.04025000661819422
"Phillips, Tyler",663969,SI,Sinker,110,0.30832187097395813,97,3,4,46,20,29,93,71,0.030927835051546393,0.06363636363636363,0.6896551724137931,0.41818181818181815,0.7634408602150538,0.3611635495208716,-0.3611635495208716,18.71508379888268,32.659932659932664,39.81371756045871,0.6145251396648045,-0.05284167854691346
"Phillips, Tyler",663969,ST,Sweeper,69,0.2893108593398748,58,13,4,15,19,25,45,15,0.22413793103448276,0.2463768115942029,0.76,0.21739130434782608,0.3333333333333333,0.2866947894080292,-0.2866947894080292,66.94599627560521,22.48062015503876,53.84565415096791,0.3854748603351955,0.0026160699318455993
"Pilkington, Konnor",663455,FF,4-Seam Fastball,82,0.40136845483442535,61,10,6,21,11,24,47,12,0.16393442622950818,0.1951219512195122,0.4583333333333333,0.25609756097560976,0.2553191489361702,0.34548380266367673,-0.34548380266367673,27.6536312849162,23.371647509578544,44.812959752277806,1.0,0.05588465217074862
"Pivetta, Nick",601713,CU,Curveball,160,0.34143214167225533,136,16,17,52,35,46,119,54,0.11764705882352941,0.20625,0.7608695652173914,0.325,0.453781512605042,0.3182656918870601,-0.3182656918870601,48.97579143389199,40.476190476190474,49.61315066063669,0.24960998439937598,0.02316644978519522
"Pivetta, Nick",601713,FF,4-Seam Fastball,357,0.3212773791823608,285,62,38,117,67,103,212,42,0.21754385964912282,0.2801120448179272,0.6504854368932039,0.3277310924369748,0.19811320754716982,0.33304403203464017,-0.33304403203464017,37.988826815642454,58.76288659793815,42.961085833861276,0.5569422776911076,-0.011766652852279347
"Pivetta, Nick",601713,ST,Sweeper,124,0.21153452712176235,113,29,6,18,46,53,79,21,0.25663716814159293,0.28225806451612906,0.8679245283018868,0.14516129032258066,0.26582278481012656,0.25179442922882234,-0.25179442922882234,84.82309124767225,36.102236421725244,62.60166229377503,0.1934477379095164,-0.040259902107059986
"Pomeranz, Drew",519141,FF,4-Seam Fastball,170,0.31145903997770796,144,29,11,48,24,39,112,30,0.2013888888888889,0.23529411764705882,0.6153846153846154,0.2823529411764706,0.26785714285714285,0.32776996030567124,-0.32776996030567124,41.43389199255121,41.86046511627907,46.44125416829067,1.0,-0.016310920327963274
"Povich, Cade",700249,CH,Changeup,67,0.31579150611631207,63,17,0,17,26,30,46,26,0.2698412698412698,0.2537313432835821,0.8666666666666667,0.2537313432835821,0.5652173913043478,0.2672620868818289,-0.2672620868818289,77.37430167597765,23.954372623574145,56.5927452188259,0.1614457831325301,0.04852941923448317
"Povich, Cade",700249,CU,Curveball,105,0.30159027486911505,95,21,2,27,30,39,71,45,0.22105263157894736,0.21904761904761905,0.7692307692307693,0.2571428571428571,0.6338028169014085,0.2803594503605296,-0.2803594503605296,70.29795158286778,32.20338983050847,56.56819114351545,0.25301204819277107,0.021230824508585433
"Povich, Cade",700249,FF,4-Seam Fastball,175,0.4022415394168501,142,24,13,60,27,50,115,27,0.16901408450704225,0.21142857142857144,0.54,0.34285714285714286,0.23478260869565218,0.36111656787339286,-0.36111656787339286,18.808193668528865,41.52046783625731,37.076241192677536,0.42168674698795183,0.041124971543457234
"Povich, Cade",700249,SI,Sinker,68,0.32213539619377163,54,7,12,25,8,10,46,23,0.12962962962962962,0.27941176470588236,0.8,0.36764705882352944,0.5,0.3068436971485603,-0.3068436971485603,55.493482309124765,21.25984251968504,51.20456311676124,0.163855421686747,0.015291699045211327
"Pressly, Ryan",519151,FF,4-Seam Fastball,74,0.3563703115794025,61,4,8,32,7,13,56,25,0.06557377049180328,0.16216216216216217,0.5384615384615384,0.43243243243243246,0.44642857142857145,0.38253673238412544,-0.38253673238412544,7.262569832402235,23.371647509578544,40.047232746134696,1.0,-0.026166420804722923
"Priester, Quinn",682990,FC,Cutter,128,0.3271370735947766,111,24,4,34,24,37,85,37,0.21621621621621623,0.21875,0.6486486486486487,0.265625,0.43529411764705883,0.31024683180981627,-0.31024683180981627,53.81750465549349,35.69131832797427,51.39245660361542,0.21018062397372742,0.016890241784960347
"Priester, Quinn",682990,SI,Sinker,286,0.3382695553289233,232,12,22,93,37,68,216,145,0.05172413793103448,0.11888111888111888,0.5441176470588235,0.32517482517482516,0.6712962962962963,0.34245776950934803,-0.34245776950934803,30.16759776536313,53.70370370370371,39.37081867715015,0.4696223316912972,-0.004188214180424754
"Priester, Quinn",682990,SL,Slider,195,0.26524211183752,180,39,2,50,59,72,138,66,0.21666666666666667,0.21025641025641026,0.8194444444444444,0.2564102564102564,0.4782608695652174,0.2893534770812217,-0.2893534770812217,65.54934823091247,47.368421052631575,57.389983338233854,0.32019704433497537,-0.02411136524370172
"Pérez, Eury",691587,FF,4-Seam Fastball,218,0.31838256936789056,182,30,12,76,33,56,145,40,0.16483516483516483,0.1926605504587156,0.5892857142857143,0.3486238532110092,0.27586206896551724,0.35906022393260745,-0.35906022393260745,20.01862197392924,47.64397905759162,35.74005284350717,0.7194719471947195,-0.04067765456471689
"Pérez, Eury",691587,SL,Slider,85,0.23638988633827512,74,26,2,20,24,33,48,13,0.35135135135135137,0.32941176470588235,0.7272727272727273,0.23529411764705882,0.2708333333333333,0.28120944193689,-0.28120944193689,69.73929236499069,27.00729927007299,55.36503146705813,0.28052805280528054,-0.04481955559861489
"Pérez, Martín",527048,CH,Changeup,69,0.2900136330010358,63,13,1,18,27,33,48,24,0.20634920634920634,0.2028985507246377,0.8181818181818182,0.2608695652173913,0.5,0.29077748918363205,-0.29077748918363205,64.52513966480447,23.954372623574145,53.51480907166275,0.32857142857142857,-0.0007638561825962786
"Pérez, Martín",527048,FC,Cutter,63,0.4190541945461945,44,5,9,17,7,17,38,8,0.11363636363636363,0.2222222222222222,0.4117647058823529,0.2698412698412698,0.21052631578947367,0.35145785402153457,-0.35145785402153457,24.487895716945996,18.0327868852459,45.43761638733706,0.3,0.06759634052465996
"Pérez, Martín",527048,SI,Sinker,78,0.34758461236448734,64,4,6,21,15,23,59,23,0.0625,0.1282051282051282,0.6521739130434783,0.2692307692307692,0.3898305084745763,0.33510553937197834,-0.33510553937197834,36.592178770949715,24.242424242424242,46.7848879860053,0.37142857142857144,0.012479072992509
"Quantrill, Cal",615698,FC,Cutter,124,0.3991073085360598,111,20,3,47,24,35,90,27,0.18018018018018017,0.18548387096774194,0.6857142857142857,0.3790322580645161,0.3,0.35838102394873256,-0.35838102394873256,20.297951582867785,35.69131832797427,39.4288862143503,0.30097087378640774,0.040726284587327244
"Quantrill, Cal",615698,FF,4-Seam Fastball,65,0.31341754501075847,57,12,1,16,16,22,44,16,0.21052631578947367,0.2,0.7272727272727273,0.24615384615384617,0.36363636363636365,0.3066173473023035,-0.3066173473023035,55.58659217877096,22.17898832684825,51.27527914846134,0.15776699029126215,0.006800197708454969
"Quantrill, Cal",615698,FS,Split-Finger,113,0.31053019585320335,108,18,2,38,43,47,89,42,0.16666666666666666,0.17699115044247787,0.9148936170212766,0.336283185840708,0.47191011235955055,0.31175704643297086,-0.31175704643297086,52.886405959031656,35.064935064935064,51.04234685240272,0.27427184466019416,-0.0012268505797675133
"Quantrill, Cal",615698,SI,Sinker,110,0.37517621014164054,87,8,7,27,23,39,78,26,0.09195402298850575,0.13636363636363635,0.5897435897435898,0.24545454545454545,0.3333333333333333,0.3367216370509593,-0.3367216370509593,34.82309124767225,30.313588850174217,45.43177674394462,0.2669902912621359,0.03845457309068123
"Quintana, Jose",500779,CH,Changeup,121,0.3329382466872523,117,13,0,35,58,62,104,59,0.1111111111111111,0.10743801652892562,0.9354838709677419,0.2892561983471074,0.5673076923076923,0.30415878075464736,-0.30415878075464736,57.448789571694604,36.90851735015773,52.7786099900722,0.22916666666666666,0.028779465932604942
"Quintana, Jose",500779,CU,Curveball,85,0.3834931925068839,79,9,1,28,31,36,70,29,0.11392405063291139,0.11764705882352941,0.8611111111111112,0.32941176470588235,0.4142857142857143,0.3329778339225392,-0.3329778339225392,38.08193668528864,28.31541218637993,46.65872396094058,0.16098484848484848,0.050515358584344694
"Quintana, Jose",500779,FF,4-Seam Fastball,68,0.3530648965884172,56,9,3,19,15,23,47,10,0.16071428571428573,0.17647058823529413,0.6521739130434783,0.27941176470588236,0.2127659574468085,0.34096446905160605,-0.34096446905160605,31.00558659217877,21.875,45.88134310986965,0.12878787878787878,0.012100427536811176
"Quintana, Jose",500779,SI,Sinker,254,0.3707567046696255,189,10,31,91,29,63,177,83,0.05291005291005291,0.16141732283464566,0.4603174603174603,0.35826771653543305,0.4689265536723164,0.366604328135192,-0.366604328135192,15.083798882681565,48.58611825192802,33.05950893519649,0.4810606060606061,0.004152376534433511
"Ragans, Cole",666142,CH,Changeup,60,0.20182945735171262,56,20,1,8,20,23,34,10,0.35714285714285715,0.35,0.8695652173913043,0.13333333333333333,0.29411764705882354,0.2305140219279837,-0.2305140219279837,92.08566108007449,21.875,59.24260940409683,0.3389830508474576,-0.028684564576271082
"Ragans, Cole",666142,FF,4-Seam Fastball,117,0.28619572274399496,95,28,9,27,25,38,64,21,0.29473684210526313,0.3162393162393162,0.6578947368421053,0.23076923076923078,0.328125,0.28519207549315545,-0.28519207549315545,67.78398510242086,32.20338983050847,55.75860871760881,0.6610169491525424,0.0010036472508395122
"Ramírez, Yohan",670990,FF,4-Seam Fastball,68,0.4163153854993593,51,6,9,24,4,14,44,14,0.11764705882352941,0.22058823529411764,0.2857142857142857,0.35294117647058826,0.3181818181818182,0.3804411185377094,-0.3804411185377094,7.9143389199255125,20.318725099601593,41.48582578438574,1.0,0.035874266961649914
"Rasmussen, Drew",656876,FC,Cutter,172,0.2679149645742093,152,21,9,54,36,49,128,68,0.13815789473684212,0.1744186046511628,0.7346938775510204,0.313953488372093,0.53125,0.3187479371821003,-0.3187479371821003,48.4171322160149,43.18181818181818,49.342940578974094,0.3161764705882353,-0.05083297260789099
"Rasmussen, Drew",656876,FF,4-Seam Fastball,214,0.28900434564029326,183,31,13,63,36,54,143,58,0.16939890710382513,0.205607476635514,0.6666666666666666,0.29439252336448596,0.40559440559440557,0.32232165080252134,-0.32232165080252134,45.15828677839851,47.78067885117493,47.71090722561761,0.39338235294117646,-0.033317305162228084
"Rasmussen, Drew",656876,SI,Sinker,158,0.3069268391333347,124,6,22,46,21,40,115,69,0.04838709677419355,0.17721518987341772,0.525,0.2911392405063291,0.6,0.3265307270390089,-0.3265307270390089,42.64432029795158,38.2716049382716,47.21360093799573,0.29044117647058826,-0.01960388790567419
"Ray, Robbie",592662,CH,Changeup,81,0.3193961507998175,70,11,2,22,29,38,56,22,0.15714285714285714,0.16049382716049382,0.7631578947368421,0.2716049382716049,0.39285714285714285,0.3173552587582617,-0.3173552587582617,49.162011173184354,25.925925925925924,49.81722877439823,0.10843373493975904,0.002040892041555775
"Ray, Robbie",592662,FF,4-Seam Fastball,413,0.30201754746213516,336,72,28,115,74,124,256,68,0.21428571428571427,0.24213075060532688,0.5967741935483871,0.2784503631961259,0.265625,0.32705557790671796,-0.32705557790671796,41.899441340782126,62.68656716417911,44.93940909975264,0.5528781793842035,-0.025038030444582804
"Ray, Robbie",592662,KC,Knuckle Curve,72,0.3489441882855963,62,14,3,18,21,29,48,23,0.22580645161290322,0.2361111111111111,0.7241379310344828,0.25,0.4791666666666667,0.2908425520283558,-0.2908425520283558,64.43202979515829,23.66412213740458,53.45075127581844,0.0963855421686747,0.05810163625724052
"Ray, Robbie",592662,SL,Slider,181,0.26946875265633957,162,35,8,65,36,49,126,66,0.21604938271604937,0.23756906077348067,0.7346938775510204,0.35911602209944754,0.5238095238095238,0.31836946288744444,-0.31836946288744444,48.78957169459962,44.751381215469614,49.484037573176124,0.24230254350736277,-0.04890071023110487
"Rea, Colin",607067,CH,Changeup,86,0.3598406178417495,73,19,2,22,33,44,54,31,0.2602739726027397,0.2441860465116279,0.75,0.2558139534883721,0.5740740740740741,0.2807933330816815,-0.2807933330816815,70.01862197392924,26.73992673992674,55.38707102952913,0.14333333333333334,0.079047284760068
"Rea, Colin",607067,FF,4-Seam Fastball,290,0.3629262401248692,252,33,12,110,45,71,215,76,0.13095238095238096,0.15517241379310345,0.6338028169014085,0.3793103448275862,0.35348837209302325,0.3662706366388396,-0.3662706366388396,15.27001862197393,55.75221238938053,30.657866548013384,0.48333333333333334,-0.0033443965139703935
"Rea, Colin",607067,SI,Sinker,87,0.3369582972822213,75,4,6,28,24,33,70,36,0.05333333333333334,0.11494252873563218,0.7272727272727273,0.3218390804597701,0.5142857142857142,0.3366617807628939,-0.3366617807628939,34.91620111731844,27.27272727272727,45.92009480277636,0.145,0.00029651651932743883
"Rea, Colin",607067,SL,Slider,68,0.29382576144199857,63,19,2,21,19,22,43,21,0.30158730158730157,0.3088235294117647,0.8636363636363636,0.3088235294117647,0.4883720930232558,0.2773732401633932,-0.2773732401633932,72.62569832402235,23.954372623574145,55.455247077482994,0.11333333333333333,0.01645252127860536
"Rea, Colin",607067,ST,Sweeper,69,0.22774421618719445,63,12,5,11,24,25,51,14,0.19047619047619047,0.2463768115942029,0.96,0.15942028985507245,0.27450980392156865,0.25448226574623584,-0.25448226574623584,83.24022346368714,23.954372623574145,57.99788998166126,0.115,-0.026738049559041382
"Reynolds, Sean",669308,FF,4-Seam Fastball,67,0.4777944424921933,45,5,6,23,8,24,38,8,0.1111111111111111,0.16417910447761194,0.3333333333333333,0.34328358208955223,0.21052631578947367,0.39413295801412085,-0.39413295801412085,3.5381750465549344,18.367346938775512,41.50419944514119,1.0,0.08366148447807248
"Richardson, Lyon",680689,CH,Changeup,74,0.3615338818020471,66,7,3,27,22,28,56,29,0.10606060606060606,0.13513513513513514,0.7857142857142857,0.36486486486486486,0.5178571428571429,0.3388303721836495,-0.3388303721836495,32.68156424581006,24.81203007518797,45.737948222511584,1.0,0.02270350961839762
"Rocker, Kumar",677958,FC,Cutter,79,0.288627599982846,69,21,4,17,26,32,48,19,0.30434782608695654,0.31645569620253167,0.8125,0.21518987341772153,0.3958333333333333,0.26008653506306423,-0.26008653506306423,81.00558659217877,25.650557620817843,57.987719188940346,0.34801762114537443,0.028541064919781756
"Rocker, Kumar",677958,FF,4-Seam Fastball,61,0.41569177347108727,52,6,3,26,10,16,46,19,0.11538461538461539,0.14754098360655737,0.625,0.4262295081967213,0.41304347826086957,0.3781439779946828,-0.3781439779946828,9.124767225325884,20.634920634920633,41.60237651857764,0.2687224669603524,0.037547795476404466
"Rocker, Kumar",677958,SI,Sinker,87,0.4012378557778468,70,0,3,34,6,19,66,44,0.0,0.034482758620689655,0.3157894736842105,0.39080459770114945,0.6666666666666666,0.4038590972787411,-0.4038590972787411,1.5828677839851024,25.925925925925924,37.481895303124354,0.3832599118942731,-0.002621241500894267
"Rodriguez, Eduardo",593958,CH,Changeup,146,0.31476077564802607,136,17,1,26,66,76,116,58,0.125,0.1232876712328767,0.868421052631579,0.1780821917808219,0.5,0.27939188532330145,-0.27939188532330145,71.22905027932961,40.476190476190474,58.620422098075736,0.23064770932069512,0.03536889032472462
"Rodriguez, Eduardo",593958,FC,Cutter,87,0.33777612859470646,74,7,7,20,12,19,66,19,0.0945945945945946,0.16091954022988506,0.631578947368421,0.22988505747126436,0.2878787878787879,0.3259644315567595,-0.3259644315567595,43.38919925512104,27.00729927007299,48.24858296293276,0.13744075829383887,0.011811697037946933
"Rodriguez, Eduardo",593958,FF,4-Seam Fastball,323,0.33816120000894967,268,54,20,87,62,99,205,65,0.20149253731343283,0.22910216718266255,0.6262626262626263,0.2693498452012384,0.3170731707317073,0.320414380538495,-0.320414380538495,47.57914338919926,57.26495726495726,48.63359276767098,0.5102685624012638,0.017746819470454644
"Rodriguez, Eduardo",593958,SI,Sinker,77,0.30554745308012426,61,3,9,21,19,28,55,29,0.04918032786885246,0.15584415584415584,0.6785714285714286,0.2727272727272727,0.5272727272727272,0.31654973570533207,-0.31654973570533207,49.72067039106145,23.371647509578544,49.97039034796693,0.12164296998420221,-0.011002282625207804
"Rodríguez, Manuel",655889,SL,Slider,61,0.24174622166785462,57,11,1,15,22,25,42,23,0.19298245614035087,0.19672131147540983,0.88,0.2459016393442623,0.5476190476190477,0.2779678046768076,-0.2779678046768076,72.3463687150838,22.17898832684825,54.99242803005601,1.0,-0.03622158300895298
"Rodríguez, Randy",678495,FF,4-Seam Fastball,87,0.24180479937304075,74,20,6,19,19,27,50,20,0.2702702702702703,0.2988505747126437,0.7037037037037037,0.21839080459770116,0.4,0.2753767417690037,-0.2753767417690037,73.46368715083798,27.00729927007299,56.37088991287091,0.4416243654822335,-0.03357194239596292
"Rodríguez, Randy",678495,SL,Slider,110,0.2573877513808031,92,26,10,23,27,36,65,27,0.2826086956521739,0.32727272727272727,0.75,0.20909090909090908,0.4153846153846154,0.2604174924408733,-0.2604174924408733,80.91247672253259,31.506849315068493,59.77143440218362,0.5583756345177665,-0.0030297410600702013
"Rodríguez, Yariel",684320,FF,4-Seam Fastball,100,0.3763724208802309,78,4,3,29,9,29,73,30,0.05128205128205128,0.07,0.3103448275862069,0.29,0.410958904109589,0.3863549406780549,-0.3863549406780549,5.493482309124767,28.05755395683453,37.546052543440105,0.42016806722689076,-0.009982519797824052
"Rodríguez, Yariel",684320,SL,Slider,138,0.2611105513535102,118,36,8,24,47,59,80,24,0.3050847457627119,0.3188405797101449,0.7966101694915254,0.17391304347826086,0.3,0.2563302629704683,-0.2563302629704683,82.21601489757914,37.10691823899371,61.9836501411288,0.5798319327731093,0.004780288383041897
"Rodón, Carlos",607074,CH,Changeup,161,0.2678632603632552,153,32,2,45,73,79,118,66,0.20915032679738563,0.2111801242236025,0.9240506329113924,0.2795031055900621,0.559322033898305,0.27941990659931054,-0.27941990659931054,71.13594040968343,43.342776203966004,59.187280083983524,0.19876543209876543,-0.011556646236055346
"Rodón, Carlos",607074,FF,4-Seam Fastball,314,0.34254576524758074,247,31,19,88,64,110,209,64,0.12550607287449392,0.1592356687898089,0.5818181818181818,0.2802547770700637,0.3062200956937799,0.3447383382325511,-0.3447383382325511,28.212290502793298,55.257270693512304,37.98153633367911,0.38765432098765434,-0.0021925729849703868
"Rodón, Carlos",607074,SI,Sinker,77,0.3434393223455727,64,8,3,24,19,30,55,35,0.125,0.14285714285714285,0.6333333333333333,0.3116883116883117,0.6363636363636364,0.32698616895502586,-0.32698616895502586,41.9925512104283,24.242424242424242,48.09406918345466,0.09506172839506173,0.016453153390546815
"Rodón, Carlos",607074,SL,Slider,258,0.22243265973279744,224,90,11,47,89,112,132,65,0.4017857142857143,0.39147286821705424,0.7946428571428571,0.1821705426356589,0.49242424242424243,0.22744746298980506,-0.22744746298980506,92.6443202979516,52.83018867924528,72.55103474930607,0.31851851851851853,-0.005014803257007622
"Rogers, Taylor",573124,SI,Sinker,114,0.4128793888184122,85,4,13,45,8,24,81,45,0.047058823529411764,0.14912280701754385,0.3333333333333333,0.39473684210526316,0.5555555555555556,0.38590763085696306,-0.38590763085696306,5.865921787709497,29.82456140350877,36.86987487340325,0.5181818181818182,0.026971757961449128
"Rogers, Taylor",573124,ST,Sweeper,106,0.204388846215283,96,34,2,19,25,34,62,21,0.3541666666666667,0.33962264150943394,0.7352941176470589,0.1792452830188679,0.3387096774193548,0.2561765678887259,-0.2561765678887259,82.30912476722533,32.432432432432435,60.51009109668328,0.4818181818181818,-0.051787721673442894
"Rogers, Trevor",669432,CH,Changeup,119,0.2953271166900156,113,18,1,48,31,36,94,67,0.1592920353982301,0.15966386554621848,0.8611111111111112,0.40336134453781514,0.7127659574468085,0.3220814657756274,-0.3220814657756274,45.716945996275605,36.102236421725244,48.48346927969253,0.34,-0.026754349085611806
"Rogers, Trevor",669432,FF,4-Seam Fastball,152,0.2749973770767892,125,29,15,46,19,31,95,21,0.232,0.2894736842105263,0.6129032258064516,0.3026315789473684,0.22105263157894736,0.3253619597482535,-0.3253619597482535,43.76163873370577,38.46153846153847,47.62927947285489,0.4342857142857143,-0.05036458267146432
"Rogers, Trevor",669432,SI,Sinker,79,0.39868753465127554,60,1,11,34,10,20,59,30,0.016666666666666666,0.1518987341772152,0.5,0.43037974683544306,0.5084745762711864,0.38319061437026336,-0.38319061437026336,6.890130353817504,23.076923076923077,40.08738003151411,0.2257142857142857,0.015496920281012183
"Rogers, Tyler",643511,SI,Sinker,222,0.27419341814462544,206,11,9,70,32,41,192,135,0.05339805825242718,0.09009009009009009,0.7804878048780488,0.3153153153153153,0.703125,0.3204305612270878,-0.3204305612270878,47.486033519553075,50.73891625615764,48.747374118208256,0.75,-0.04623714308246235
"Rogers, Tyler",643511,SL,Slider,74,0.20074498147010647,69,20,4,10,28,30,48,18,0.2898550724637681,0.32432432432432434,0.9333333333333333,0.13513513513513514,0.375,0.22432758657750745,-0.22432758657750745,93.48230912476723,25.650557620817843,61.18806809135151,0.25,-0.023582605107400983
"Rolison, Ryan",669020,CU,Curveball,69,0.3366729295300711,64,12,0,19,16,20,52,26,0.1875,0.17391304347826086,0.8,0.2753623188405797,0.5,0.3034501119558954,-0.3034501119558954,57.72811918063314,24.242424242424242,51.90875232774674,0.43670886075949367,0.03322281757417572
"Rolison, Ryan",669020,FF,4-Seam Fastball,89,0.394734740456493,71,8,3,27,11,24,63,33,0.11267605633802817,0.12359550561797752,0.4583333333333333,0.30337078651685395,0.5238095238095238,0.3548289225048995,-0.3548289225048995,22.067039106145252,26.199261992619927,42.71612827860122,0.5632911392405063,0.03990581795159348
"Romano, Jordan",605447,SL,Slider,128,0.27998236819363337,116,26,4,33,26,35,87,36,0.22413793103448276,0.234375,0.7428571428571429,0.2578125,0.41379310344827586,0.29682047388208355,-0.29682047388208355,61.63873370577281,36.708860759493675,54.301911698842616,1.0,-0.016838105688450178
"Romero, JoJo",668941,SI,Sinker,73,0.39770499828367983,59,0,4,29,4,13,59,38,0.0,0.0547945205479452,0.3076923076923077,0.3972602739726027,0.6440677966101694,0.4037125909256766,-0.4037125909256766,1.86219739292365,22.779922779922778,39.0701954947765,0.4124293785310734,-0.00600759264199674
"Romero, JoJo",668941,ST,Sweeper,104,0.24174544444444443,85,23,9,17,26,38,61,28,0.27058823529411763,0.3076923076923077,0.6842105263157895,0.16346153846153846,0.45901639344262296,0.2543750647224189,-0.2543750647224189,83.42644320297951,29.82456140350877,60.00196020778202,0.5875706214689266,-0.012629620277974457
"Ross, Joe",605452,FF,4-Seam Fastball,64,0.3810687645070791,51,7,2,17,8,18,43,21,0.13725490196078433,0.140625,0.4444444444444444,0.265625,0.4883720930232558,0.3438829817910255,-0.3438829817910255,29.236499068901306,20.318725099601593,45.81821689035293,0.5079365079365079,0.037185782716053606
"Ross, Joe",605452,SI,Sinker,62,0.3449412065248174,50,3,6,20,9,14,47,24,0.06,0.14516129032258066,0.6428571428571429,0.3225806451612903,0.5106382978723404,0.33856839742493267,-0.33856839742493267,32.960893854748605,20.0,46.6294227188082,0.49206349206349204,0.006372809099884746
"Roupp, Landen",694738,CH,Changeup,80,0.29248793427686864,73,17,1,23,43,50,55,33,0.2328767123287671,0.225,0.86,0.2875,0.6,0.28175432800779976,-0.28175432800779976,69.45996275605214,26.73992673992674,55.23768596394295,0.18181818181818182,0.010733606269068885
"Roupp, Landen",694738,CU,Curveball,167,0.2669746650919885,143,41,6,20,51,69,100,42,0.2867132867132867,0.281437125748503,0.7391304347826086,0.11976047904191617,0.42,0.24503970124224872,-0.24503970124224872,88.26815642458101,41.690962099125365,65.98150832559679,0.3795454545454545,0.021934963849739753
"Roupp, Landen",694738,SI,Sinker,193,0.3683467420176439,155,9,15,66,21,47,144,73,0.05806451612903226,0.12435233160621761,0.44680851063829785,0.34196891191709844,0.5069444444444444,0.36855427642777705,-0.36855427642777705,13.40782122905028,43.66197183098591,34.04936134497863,0.43863636363636366,-0.00020753441013315888
"Rutledge, Jackson",671131,FF,4-Seam Fastball,67,0.37015453998559333,56,10,3,27,15,21,45,12,0.17857142857142858,0.19402985074626866,0.7142857142857143,0.40298507462686567,0.26666666666666666,0.3633450030090251,-0.3633450030090251,17.318435754189945,21.875,42.88727886405959,0.25572519083969464,0.00680953697656822
"Rutledge, Jackson",671131,SI,Sinker,117,0.3749440431078863,99,3,5,57,10,20,94,45,0.030303030303030304,0.06837606837606838,0.5,0.48717948717948717,0.4787234042553192,0.4213554393063092,-0.4213554393063092,0.37243947858473,33.11036789297659,33.59927255968062,0.44656488549618323,-0.04641139619842288
"Rutledge, Jackson",671131,SL,Slider,78,0.24471185766007045,69,23,3,18,24,29,45,23,0.3333333333333333,0.3333333333333333,0.8275862068965517,0.23076923076923078,0.5111111111111111,0.25040026465482834,-0.25040026465482834,85.6610800744879,25.650557620817843,59.18187922715347,0.29770992366412213,-0.005688406994757894
"Ryan, Joe",657746,FF,4-Seam Fastball,354,0.2787896646242737,311,68,21,101,55,76,226,69,0.21864951768488747,0.2514124293785311,0.7236842105263158,0.2853107344632768,0.3053097345132743,0.3114471662318819,-0.3114471662318819,53.16573556797021,60.861056751467714,51.94492123014355,0.59,-0.03265750160760822
"Ryan, Joe",657746,FS,Split-Finger,67,0.3373588930005014,61,13,3,23,25,29,47,22,0.21311475409836064,0.23880597014925373,0.8620689655172413,0.34328358208955223,0.46808510638297873,0.3052543028024535,-0.3052543028024535,56.70391061452514,23.371647509578544,51.60248863774196,0.11166666666666666,0.0321045901980479
"Ryan, Joe",657746,SI,Sinker,99,0.3332364647997072,68,8,13,24,11,29,59,33,0.11764705882352941,0.21212121212121213,0.3793103448275862,0.24242424242424243,0.559322033898305,0.3215913016423395,-0.3215913016423395,46.089385474860336,25.37313432835821,49.04249701214597,0.165,0.011645163157367688
"Ryan, Joe",657746,ST,Sweeper,80,0.2321110155172414,74,23,2,14,27,30,49,17,0.3108108108108108,0.3125,0.9,0.175,0.3469387755102041,0.24430017669645038,-0.24430017669645038,88.91992551210429,27.00729927007299,60.54520246299393,0.13333333333333333,-0.012189161179208985
"Sabrowski, Erik",681870,FF,4-Seam Fastball,85,0.2775016693998812,56,18,10,13,11,31,35,10,0.32142857142857145,0.32941176470588235,0.3548387096774194,0.15294117647058825,0.2857142857142857,0.29211407256439137,-0.29211407256439137,63.50093109869647,21.875,52.98969972067039,1.0,-0.01461240316451018
"Salazar, Eduardo",674285,SI,Sinker,69,0.3951739319898248,57,3,1,29,8,17,54,33,0.05263157894736842,0.057971014492753624,0.47058823529411764,0.42028985507246375,0.6111111111111112,0.3964297643666921,-0.3964297643666921,3.072625698324022,22.17898832684825,39.628212652798005,1.0,-0.001255832376867272
"Sale, Chris",519242,FF,4-Seam Fastball,193,0.3476977263219351,154,22,16,57,30,50,125,40,0.14285714285714285,0.19689119170984457,0.6,0.29533678756476683,0.32,0.3377944406228859,-0.3377944406228859,33.70577281191806,43.50282485875706,42.93785310734464,0.4298440979955457,0.009903285699049191
"Sale, Chris",519242,SL,Slider,256,0.1954447801562294,223,92,16,32,95,113,126,54,0.4125560538116592,0.421875,0.8407079646017699,0.125,0.42857142857142855,0.20403833428727747,-0.20403833428727747,97.20670391061452,52.71867612293144,74.90876113246254,0.5701559020044543,-0.008593554131048065
"Sands, Cole",663485,FC,Cutter,65,0.3626866656831473,54,5,4,22,3,10,49,16,0.09259259259259259,0.13846153846153847,0.3,0.3384615384615385,0.32653061224489793,0.3927672532363373,-0.3927672532363373,3.910614525139665,21.25984251968504,40.23812665874866,0.2850877192982456,-0.03008058755319004
"Sands, Cole",663485,FF,4-Seam Fastball,86,0.32629051744766563,75,23,4,26,9,17,52,15,0.30666666666666664,0.313953488372093,0.5294117647058824,0.3023255813953488,0.28846153846153844,0.32262907567907145,-0.32262907567907145,44.878957169459966,27.27272727272727,48.63721008972406,0.37719298245614036,0.003661441768594176
"Sands, Cole",663485,FS,Split-Finger,77,0.24437195275575793,75,11,1,26,27,28,63,40,0.14666666666666667,0.15584415584415584,0.9642857142857143,0.33766233766233766,0.6349206349206349,0.29941768537651237,-0.29941768537651237,60.05586592178771,27.27272727272727,52.77636702217708,0.33771929824561403,-0.055045732620754434
"Santana, Dennis",642701,FF,4-Seam Fastball,86,0.36022515345976514,73,7,3,26,12,21,66,15,0.0958904109589041,0.11627906976744186,0.5714285714285714,0.3023255813953488,0.22727272727272727,0.3682310382348887,-0.3682310382348887,13.780260707635009,26.73992673992674,40.34897442718672,0.39090909090909093,-0.00800588477512354
"Santana, Dennis",642701,SL,Slider,134,0.23567596034880825,124,41,3,27,47,53,82,38,0.33064516129032256,0.3283582089552239,0.8867924528301887,0.20149253731343283,0.4634146341463415,0.2407631672108633,-0.2407631672108633,89.66480446927375,38.2716049382716,65.20909488010668,0.6090909090909091,-0.005087206862055049
"Santillan, Tony",663574,FF,4-Seam Fastball,201,0.3427325426656563,167,30,10,65,35,59,132,45,0.17964071856287425,0.19900497512437812,0.5932203389830508,0.32338308457711445,0.3409090909090909,0.3446686897214439,-0.3446686897214439,28.49162011173184,45.50408719346049,40.238178598430075,0.7335766423357665,-0.001936147055787596
"Santillan, Tony",663574,SV,Slurve,73,0.2771874121500893,61,16,5,17,22,30,43,25,0.26229508196721313,0.2876712328767123,0.7333333333333333,0.2328767123287671,0.5813953488372093,0.2651624655336607,-0.2651624655336607,78.02607076350093,23.371647509578544,56.58582874918841,0.2664233576642336,0.012024946616428611
"Sasaki, Roki",808963,FF,4-Seam Fastball,111,0.4162984820625692,93,6,3,45,14,27,86,31,0.06451612903225806,0.08108108108108109,0.5185185185185185,0.40540540540540543,0.36046511627906974,0.40161397185365183,-0.40161397185365183,2.5139664804469275,31.74061433447099,34.95941935032826,0.6453488372093024,0.014684510208917367
"Sasaki, Roki",808963,FO,Forkball,61,0.2531833190416141,50,15,3,13,20,28,34,19,0.3,0.29508196721311475,0.7142857142857143,0.21311475409836064,0.5588235294117647,0.2612414789391914,-0.2612414789391914,80.3538175046555,20.0,56.10800744878958,0.3546511627906977,-0.0080581598975773
"Scherzer, Max",453286,FF,4-Seam Fastball,178,0.35804071069871013,153,20,7,53,23,41,129,24,0.13071895424836602,0.15168539325842698,0.5609756097560976,0.29775280898876405,0.18604651162790697,0.3630641404796497,-0.3630641404796497,17.50465549348231,43.342776203966004,35.94199228744309,0.6267605633802817,-0.005023429780939559
"Scherzer, Max",453286,SL,Slider,106,0.27418150538872643,99,24,5,22,32,34,71,27,0.24242424242424243,0.27358490566037735,0.9411764705882353,0.20754716981132076,0.38028169014084506,0.2561690124474242,-0.2561690124474242,82.40223463687151,33.11036789297659,60.75963951844447,0.3732394366197183,0.01801249294130225
"Schlittler, Cam",693645,FC,Cutter,69,0.305073803712179,61,12,3,16,15,22,47,15,0.19672131147540983,0.21739130434782608,0.6818181818181818,0.2318840579710145,0.3191489361702128,0.3063541823962761,-0.3063541823962761,55.865921787709496,23.371647509578544,51.40663684296896,0.26744186046511625,-0.0012803786840970832
"Schlittler, Cam",693645,FF,4-Seam Fastball,189,0.3087569836154749,152,37,11,48,39,65,104,35,0.24342105263157895,0.25396825396825395,0.6,0.25396825396825395,0.33653846153846156,0.31125197930327225,-0.31125197930327225,53.445065176908756,43.18181818181818,51.51409344845099,0.7325581395348837,-0.0024949956877973745
"Schmidt, Clarke",657376,FC,Cutter,116,0.30572585806967756,98,13,3,30,16,33,83,21,0.1326530612244898,0.13793103448275862,0.48484848484848486,0.25862068965517243,0.25301204819277107,0.35681767926515934,-0.35681767926515934,21.22905027932961,32.88590604026846,40.56965743066751,0.6408839779005525,-0.05109182119548178
"Schmidt, Clarke",657376,KC,Knuckle Curve,65,0.2129681207100592,53,20,6,13,18,25,32,18,0.37735849056603776,0.4,0.72,0.2,0.5625,0.23264751784904908,-0.23264751784904908,91.43389199255121,20.948616600790515,58.71662949632345,0.35911602209944754,-0.01967939713898989
"Schreiber, John",670167,FF,4-Seam Fastball,90,0.28895179136025784,82,31,2,21,18,24,48,11,0.3780487804878049,0.36666666666666664,0.75,0.23333333333333334,0.22916666666666666,0.27317976662752336,-0.27317976662752336,74.487895716946,29.078014184397162,57.15361147430564,0.41284403669724773,0.01577202473273448
"Schreiber, John",670167,SI,Sinker,64,0.3330102829818715,56,6,3,21,8,13,50,33,0.10714285714285714,0.140625,0.6153846153846154,0.328125,0.66,0.3322857937563264,-0.3322857937563264,38.45437616387337,21.875,47.51076582867784,0.29357798165137616,0.000724489225545133
"Schreiber, John",670167,ST,Sweeper,64,0.3388934235772364,58,6,2,18,20,24,52,16,0.10344827586206896,0.125,0.8333333333333334,0.28125,0.3076923076923077,0.32805358538245244,-0.32805358538245244,41.06145251396648,22.48062015503876,48.026648189049126,0.29357798165137616,0.010839838194783957
"Schwellenbach, Spencer",680885,FF,4-Seam Fastball,144,0.3280429232258577,133,25,6,59,16,20,105,45,0.18796992481203006,0.2152777777777778,0.8,0.4097222222222222,0.42857142857142855,0.33948231084155195,-0.33948231084155195,31.936685288640597,39.93993993993994,42.813483874936395,0.46006389776357826,-0.011439387615694241
"Schwellenbach, Spencer",680885,FS,Split-Finger,73,0.2258869883459415,67,30,2,14,44,48,37,18,0.44776119402985076,0.4383561643835616,0.9166666666666666,0.1917808219178082,0.4864864864864865,0.20814306696642354,-0.20814306696642354,96.64804469273743,25.0936329588015,61.74056172800759,0.23322683706070288,0.01774392137951797
"Schwellenbach, Spencer",680885,SL,Slider,96,0.2656099645598371,87,22,5,26,28,32,64,32,0.25287356321839083,0.28125,0.875,0.2708333333333333,0.5,0.27035009515783487,-0.27035009515783487,75.512104283054,30.313588850174217,57.76607686268403,0.30670926517571884,-0.0047401305979977715
"Scott, Tanner",656945,FF,4-Seam Fastball,134,0.3323157785948732,112,16,14,44,22,33,94,26,0.14285714285714285,0.22388059701492538,0.6666666666666666,0.3283582089552239,0.2765957446808511,0.3383076553950971,-0.3383076553950971,33.14711359404097,35.8974358974359,43.98008881249105,0.5800865800865801,-0.005991876800223894
"Scott, Tanner",656945,SL,Slider,97,0.2970305910652921,81,21,5,21,25,34,59,36,0.25925925925925924,0.26804123711340205,0.7352941176470589,0.21649484536082475,0.6101694915254238,0.2623284514734902,-0.2623284514734902,80.16759776536313,28.825622775800714,58.72913311729193,0.4199134199134199,0.034702139591801906
"Sears, JP",676664,CH,Changeup,79,0.3169038951911933,78,5,0,22,20,21,72,28,0.0641025641025641,0.06329113924050633,0.9523809523809523,0.27848101265822783,0.3888888888888889,0.32326192099323003,-0.32326192099323003,44.50651769087523,28.05755395683453,48.49215599587369,0.16844349680170576,-0.00635802580203676
"Sears, JP",676664,FF,4-Seam Fastball,256,0.34884430214489587,221,39,12,81,46,69,176,50,0.17647058823529413,0.19921875,0.6666666666666666,0.31640625,0.2840909090909091,0.3397842635414878,-0.3397842635414878,31.750465549348235,52.49406175771971,40.442194473564314,0.5458422174840085,0.009060038603408094
"Sears, JP",676664,ST,Sweeper,134,0.272002142679234,118,25,7,29,26,35,92,20,0.211864406779661,0.23880597014925373,0.7428571428571429,0.21641791044776118,0.21739130434782608,0.298851981259028,-0.298851981259028,60.52141527001862,37.10691823899371,53.93345279505289,0.2857142857142857,-0.026849838579794005
"Senga, Kodai",673540,FC,Cutter,103,0.37847699009677194,90,1,1,43,13,25,89,51,0.011111111111111112,0.019417475728155338,0.52,0.4174757281553398,0.5730337078651685,0.40248876736244016,-0.40248876736244016,2.1415270018621975,31.03448275862069,35.17947730045592,0.24641148325358853,-0.02401177726566822
"Senga, Kodai",673540,FF,4-Seam Fastball,144,0.3594877697214387,113,15,15,54,17,34,98,36,0.13274336283185842,0.20833333333333334,0.5,0.375,0.3673469387755102,0.3649363522257683,-0.3649363522257683,16.387337057728118,36.102236421725244,37.89482451913066,0.3444976076555024,-0.005448582504329613
"Senga, Kodai",673540,FO,Forkball,171,0.20622204403183453,147,61,6,18,91,109,82,48,0.41496598639455784,0.391812865497076,0.8348623853211009,0.10526315789473684,0.5853658536585366,0.1933592497582488,-0.1933592497582488,98.78957169459963,42.363112391930834,70.6956139079849,0.4090909090909091,0.01286279427358572
"Senzatela, Antonio",622608,CU,Curveball,83,0.3090939363875872,79,15,3,31,26,28,64,25,0.189873417721519,0.21686746987951808,0.9285714285714286,0.37349397590361444,0.390625,0.31873127331733364,-0.31873127331733364,48.51024208566108,28.31541218637993,49.611541619110554,0.15173674588665448,-0.009637336929746443
"Senzatela, Antonio",622608,FF,4-Seam Fastball,364,0.4083348666840383,309,27,8,141,43,90,278,140,0.08737864077669903,0.09615384615384616,0.4777777777777778,0.3873626373626374,0.5035971223021583,0.3856605801971723,-0.3856605801971723,6.052141527001862,60.70726915520629,23.338747974082896,0.6654478976234004,0.02267428648686598
"Senzatela, Antonio",622608,SL,Slider,100,0.37720430932680205,96,12,0,34,30,34,84,37,0.125,0.12,0.8823529411764706,0.34,0.44047619047619047,0.3314595532256819,-0.3314595532256819,39.01303538175046,32.432432432432435,46.46811616085359,0.18281535648994515,0.045744756101120165
"Severino, Luis",622663,FC,Cutter,105,0.37362299509633157,91,2,1,30,18,30,89,54,0.02197802197802198,0.02857142857142857,0.6,0.2857142857142857,0.6067415730337079,0.35084298154565174,-0.35084298154565174,25.04655493482309,31.27147766323024,42.228685519015535,0.16380655226209048,0.022780013550679823
"Severino, Luis",622663,FF,4-Seam Fastball,174,0.35376255471260665,149,17,14,68,25,39,124,42,0.11409395973154363,0.1781609195402299,0.6410256410256411,0.39080459770114945,0.3387096774193548,0.3648990135392858,-0.3648990135392858,16.480446927374302,42.693409742120345,35.716038908720314,0.2714508580343214,-0.01113645882667913
"Severino, Luis",622663,SI,Sinker,189,0.3204114694296059,156,11,12,57,33,54,144,63,0.07051282051282051,0.12169312169312169,0.6111111111111112,0.30158730158730157,0.4375,0.346492318774409,-0.346492318774409,26.81564245810056,43.82022471910113,39.86671688322558,0.2948517940717629,-0.026080849344803092
"Severino, Luis",622663,ST,Sweeper,173,0.2924211764687399,138,31,17,39,40,57,106,39,0.2246376811594203,0.2774566473988439,0.7017543859649122,0.2254335260115607,0.36792452830188677,0.2850240539086031,-0.2850240539086031,67.97020484171323,40.828402366863905,57.36449483763623,0.2698907956318253,0.007397122560136804
"Seymour, Carson",693313,SI,Sinker,74,0.3893728221351604,61,4,4,27,6,15,56,35,0.06557377049180328,0.10810810810810811,0.4,0.36486486486486486,0.625,0.37441928713241907,-0.37441928713241907,11.266294227188082,23.371647509578544,40.98296909893905,1.0,0.014953535002741325
"Seymour, Ian",693855,CH,Changeup,90,0.27173364827138646,82,25,5,18,23,26,55,21,0.3048780487804878,0.3333333333333333,0.8846153846153846,0.2,0.38181818181818183,0.2457676973746092,-0.2457676973746092,87.43016759776536,29.078014184397162,60.91696712759354,0.5625,0.02596595089677725
"Seymour, Ian",693855,FF,4-Seam Fastball,70,0.33080367245135817,54,13,6,18,14,24,39,10,0.24074074074074073,0.2714285714285714,0.5833333333333334,0.2571428571428571,0.2564102564102564,0.3161079500143574,-0.3161079500143574,50.18621973929237,21.25984251968504,50.076247452308685,0.4375,0.014695722437000791
"Sheehan, Emmet",686218,FF,4-Seam Fastball,152,0.34326601843344023,129,25,5,52,30,49,99,22,0.1937984496124031,0.19736842105263158,0.6122448979591837,0.34210526315789475,0.2222222222222222,0.3579899330015268,-0.3579899330015268,20.48417132216015,39.209726443769,38.45522519004036,0.5671641791044776,-0.014723914568086582
"Sheehan, Emmet",686218,SL,Slider,116,0.2214978548166393,105,36,4,17,46,53,67,36,0.34285714285714286,0.3448275862068966,0.8679245283018868,0.14655172413793102,0.5373134328358209,0.21680148062389365,-0.21680148062389365,95.15828677839852,34.42622950819672,65.57682327441464,0.43283582089552236,0.004696374192745656
"Singer, Brady",663903,SI,Sinker,295,0.3566991647410336,206,23,43,89,34,82,178,63,0.11165048543689321,0.22372881355932203,0.4146341463414634,0.3016949152542373,0.3539325842696629,0.3490983198761745,-0.3490983198761745,25.79143389199255,50.73891625615764,37.73976938107163,0.4892205638474295,0.007600844864859069
"Singer, Brady",663903,SL,Slider,230,0.27797480474571445,213,48,4,58,75,88,164,79,0.22535211267605634,0.22608695652173913,0.8522727272727273,0.25217391304347825,0.4817073170731707,0.2810108610707848,-0.2810108610707848,69.83240223463687,51.57384987893463,60.25087811850429,0.3814262023217247,-0.0030360563250703687
"Singer, Brady",663903,ST,Sweeper,78,0.26804407245532247,73,20,0,18,29,34,52,29,0.273972602739726,0.2564102564102564,0.8529411764705882,0.23076923076923078,0.5576923076923077,0.26177212796123084,-0.26177212796123084,80.26070763500931,26.73992673992674,58.125797231942485,0.12935323383084577,0.00627194449409163
"Skenes, Paul",694973,CH,Changeup,88,0.12301582088744589,87,44,0,5,53,54,43,22,0.5057471264367817,0.5,0.9814814814814815,0.056818181818181816,0.5116279069767442,0.14576896757335675,-0.14576896757335675,99.81378026070763,30.313588850174217,65.1327870022515,0.12979351032448377,-0.022753146685910858
"Skenes, Paul",694973,FF,4-Seam Fastball,294,0.2797904545976763,242,64,27,89,44,70,167,57,0.2644628099173554,0.30952380952380953,0.6285714285714286,0.30272108843537415,0.3413173652694611,0.3099123303168343,-0.3099123303168343,53.910614525139664,54.75113122171946,52.16217127160275,0.4336283185840708,-0.030121875719157976
"Skenes, Paul",694973,FS,Split-Finger,99,0.30830315864999197,91,12,0,35,30,38,78,57,0.13186813186813187,0.12121212121212122,0.7894736842105263,0.35353535353535354,0.7307692307692307,0.32165714226707076,-0.32165714226707076,45.90316573556797,31.27147766323024,48.750855906877334,0.14601769911504425,-0.01335398361707879
"Skenes, Paul",694973,SI,Sinker,84,0.28350735948789907,73,4,8,34,20,23,69,47,0.0547945205479452,0.14285714285714285,0.8695652173913043,0.40476190476190477,0.6811594202898551,0.3279555247800288,-0.3279555247800288,41.154562383612664,26.73992673992674,47.66884264090968,0.12389380530973451,-0.04444816529212975
"Skenes, Paul",694973,ST,Sweeper,113,0.20858299483681533,101,27,6,14,28,34,73,22,0.26732673267326734,0.2920353982300885,0.8235294117647058,0.12389380530973451,0.3013698630136986,0.2448390138251893,-0.2448390138251893,88.54748603351955,33.5548172757475,62.96547201445213,0.16666666666666666,-0.03625601898837397
"Skubal, Tarik",669373,CH,Changeup,281,0.18433424617838165,273,112,4,43,122,126,156,75,0.41025641025641024,0.4128113879003559,0.9682539682539683,0.15302491103202848,0.4807692307692308,0.19784241824897836,-0.19784241824897836,98.23091247672254,57.71670190274841,77.85697694103567,0.36211340206185566,-0.013508172070596708
"Skubal, Tarik",669373,FF,4-Seam Fastball,245,0.2799514595806509,212,65,10,48,51,72,138,41,0.30660377358490565,0.30612244897959184,0.7083333333333334,0.19591836734693877,0.2971014492753623,0.2746288281884113,-0.2746288281884113,73.64990689013035,51.45631067961165,62.19196904774819,0.31572164948453607,0.005322631392239596
"Skubal, Tarik",669373,SI,Sinker,163,0.31712577883337145,140,11,18,48,18,26,127,56,0.07857142857142857,0.17791411042944785,0.6923076923076923,0.294478527607362,0.4409448818897638,0.32337341036012845,-0.32337341036012845,44.41340782122905,41.17647058823529,47.72702377040201,0.21005154639175258,-0.006247631526757003
"Skubal, Tarik",669373,SL,Slider,87,0.2852356307272765,80,16,2,22,14,18,62,23,0.2,0.20689655172413793,0.7777777777777778,0.25287356321839083,0.3709677419354839,0.30152139179014104,-0.30152139179014104,58.75232774674115,28.57142857142857,52.533918595371105,0.11211340206185567,-0.016285761062864557
"Smith, Cade",671922,FF,4-Seam Fastball,207,0.24339558406263415,172,51,17,41,47,66,112,35,0.29651162790697677,0.3285024154589372,0.7121212121212122,0.19806763285024154,0.3125,0.26860539942658407,-0.26860539942658407,76.25698324022346,46.236559139784944,62.16535511904046,0.7288732394366197,-0.025209815363949922
"Smith, Cade",671922,FS,Split-Finger,77,0.26311133832833833,72,20,2,17,28,31,50,29,0.2777777777777778,0.2857142857142857,0.9032258064516129,0.22077922077922077,0.58,0.24547666377137506,-0.24547666377137506,87.98882681564247,26.47058823529412,60.090097491510576,0.2711267605633803,0.01763467455696327
"Smith, Shane",681343,CH,Changeup,107,0.32507258195542776,93,21,2,36,25,36,72,39,0.22580645161290322,0.21495327102803738,0.6944444444444444,0.3364485981308411,0.5416666666666666,0.3193377880871332,-0.3193377880871332,48.13780260707635,31.74061433447099,49.440705219872754,0.17569786535303777,0.005734793868294563
"Smith, Shane",681343,CU,Curveball,70,0.3812491097281694,59,24,1,22,27,37,34,12,0.4067796610169492,0.35714285714285715,0.7297297297297297,0.3142857142857143,0.35294117647058826,0.29169546427389886,-0.29169546427389886,63.78026070763501,22.779922779922778,53.17508250469144,0.11494252873563218,0.08955364545427053
"Smith, Shane",681343,FF,4-Seam Fastball,281,0.2853403404523385,234,53,14,71,35,66,174,49,0.2264957264957265,0.23843416370106763,0.5303030303030303,0.2526690391459075,0.28160919540229884,0.3255141549066738,-0.3255141549066738,43.575418994413404,53.91705069124424,46.55750928953307,0.4614121510673235,-0.040173814454335266
"Smith, Shane",681343,SI,Sinker,74,0.3346528805579774,66,5,0,29,15,22,60,46,0.07575757575757576,0.06756756756756757,0.6818181818181818,0.3918918918918919,0.7666666666666667,0.3529857009792003,-0.3529857009792003,23.370577281191807,24.81203007518797,43.42770333655368,0.12151067323481117,-0.018332820421222917
"Smith, Shane",681343,SL,Slider,77,0.2940965524116968,68,11,3,24,15,22,56,23,0.16176470588235295,0.18181818181818182,0.6818181818181818,0.3116883116883117,0.4107142857142857,0.33097824831161565,-0.33097824831161565,39.19925512104283,25.37313432835821,47.29425498207287,0.12643678160919541,-0.036881695899918854
"Smith-Shawver, AJ",700363,FF,4-Seam Fastball,90,0.47968476692975676,74,3,4,46,9,20,70,33,0.04054054054054054,0.07777777777777778,0.45,0.5111111111111111,0.4714285714285714,0.4317876692962283,-0.4317876692962283,0.186219739292365,27.00729927007299,36.58062499150457,0.5389221556886228,0.04789709763352845
"Smith-Shawver, AJ",700363,FS,Split-Finger,77,0.23159600412265655,68,31,2,10,31,38,37,11,0.45588235294117646,0.42857142857142855,0.8157894736842105,0.12987012987012986,0.2972972972972973,0.21664338230018954,-0.21664338230018954,95.34450651769087,25.37313432835821,61.54006503793879,0.46107784431137727,0.01495262182246701
"Snell, Blake",605483,CH,Changeup,99,0.2282755902067605,85,18,5,20,45,54,65,44,0.21176470588235294,0.23232323232323232,0.8333333333333334,0.20202020202020202,0.676923076923077,0.2513395227962226,-0.2513395227962226,85.00931098696462,29.82456140350877,60.474043581953026,0.32038834951456313,-0.023063932589462127
"Snell, Blake",605483,CU,Curveball,79,0.24927893635724332,63,28,6,15,31,41,34,16,0.4444444444444444,0.43037974683544306,0.7560975609756098,0.189873417721519,0.47058823529411764,0.22636745555684007,-0.22636745555684007,92.83054003724395,23.954372623574145,60.29519014947144,0.255663430420712,0.022911480800403256
"Snell, Blake",605483,FF,4-Seam Fastball,131,0.3299719158417191,110,13,8,31,24,35,89,38,0.11818181818181818,0.16030534351145037,0.6857142857142857,0.2366412213740458,0.42696629213483145,0.3119531377577323,-0.3119531377577323,52.79329608938548,35.483870967741936,51.02120502192587,0.42394822006472493,0.018018778083986775
"Soriano, José",667755,KC,Knuckle Curve,147,0.2401174524072591,125,46,9,20,51,64,79,38,0.368,0.3741496598639456,0.796875,0.1360544217687075,0.4810126582278481,0.21837482640051126,-0.21837482640051126,94.87895716945997,38.46153846153847,67.28978656352959,0.266304347826087,0.02174262600674784
"Soriano, José",667755,SI,Sinker,405,0.3514295493332534,343,20,10,179,57,106,321,247,0.05830903790087463,0.07407407407407407,0.5377358490566038,0.4419753086419753,0.7694704049844237,0.38026835301314815,-0.38026835301314815,8.007448789571695,63.16758747697975,23.491465785981045,0.7336956521739131,-0.028838803679894776
"Soroka, Michael",647336,FF,4-Seam Fastball,172,0.3520486247015961,139,15,12,57,18,38,117,44,0.1079136690647482,0.1569767441860465,0.47368421052631576,0.3313953488372093,0.37606837606837606,0.36557454850154136,-0.36557454850154136,16.01489757914339,41.00294985250738,36.09257153529661,0.5752508361204013,-0.013525923799945272
"Soroka, Michael",647336,SV,Slurve,127,0.21882687635199446,100,41,13,17,40,52,58,28,0.41,0.4251968503937008,0.7692307692307693,0.13385826771653545,0.4827586206896552,0.20868933315527594,-0.20868933315527594,96.55493482309124,33.33333333333333,65.54934823091247,0.42474916387959866,0.01013754319671853
"Soto, Gregory",642397,SI,Sinker,137,0.35136273268065277,106,5,11,42,17,38,99,58,0.04716981132075472,0.11678832116788321,0.4473684210526316,0.30656934306569344,0.5858585858585859,0.3535599874648245,-0.3535599874648245,23.09124767225326,34.64052287581699,40.70909555628583,0.5905172413793104,-0.0021972547841717094
"Soto, Gregory",642397,SL,Slider,95,0.2436580192982456,83,32,3,18,32,42,49,15,0.3855421686746988,0.3684210526315789,0.7619047619047619,0.18947368421052632,0.30612244897959184,0.2525974525913537,-0.2525974525913537,83.9851024208566,29.328621908127207,60.000263208112074,0.40948275862068967,-0.00893943329310809
"Sousa, Bennett",656986,FF,4-Seam Fastball,81,0.36607662483643394,70,4,2,23,11,19,64,27,0.05714285714285714,0.07407407407407407,0.5789473684210527,0.2839506172839506,0.421875,0.35645792236673157,-0.35645792236673157,21.32216014897579,25.925925925925924,42.59948961997379,0.41968911917098445,0.009618702469702367
"Sousa, Bennett",656986,SL,Slider,112,0.1933236626098454,101,44,5,23,48,53,57,24,0.43564356435643564,0.4375,0.9056603773584906,0.20535714285714285,0.42105263157894735,0.21854900757004442,-0.21854900757004442,94.78584729981378,33.5548172757475,65.05874273835818,0.5803108808290155,-0.025225344960199014
"Speier, Gabe",642100,FF,4-Seam Fastball,128,0.24888764224996435,114,34,10,37,26,33,70,17,0.2982456140350877,0.34375,0.7878787878787878,0.2890625,0.24285714285714285,0.29014544422305805,-0.29014544422305805,64.80446927374301,36.30573248407643,55.40452383494052,0.4740740740740741,-0.0412578019730937
"Speier, Gabe",642100,SI,Sinker,69,0.2898989764458637,61,0,2,14,14,21,61,35,0.0,0.028985507246376812,0.6666666666666666,0.2028985507246377,0.5737704918032787,0.32221523738773916,-0.32221523738773916,45.530726256983236,23.371647509578544,48.991131374101904,0.25555555555555554,-0.03231626094187545
"Speier, Gabe",642100,SL,Slider,73,0.23984774846549806,64,29,3,17,27,33,35,18,0.453125,0.4383561643835616,0.8181818181818182,0.2328767123287671,0.5142857142857142,0.2278198638574039,-0.2278198638574039,92.5512104283054,24.242424242424242,60.35071384233396,0.27037037037037037,0.012027884608094147
"Spence, Mitch",687765,CU,Curveball,75,0.22960709863817133,71,21,3,15,31,34,50,30,0.29577464788732394,0.32,0.9117647058823529,0.2,0.6,0.22911853225564172,-0.22911853225564172,92.17877094972067,26.199261992619927,61.084884591862675,0.22058823529411764,0.0004885663825296149
"Spence, Mitch",687765,FC,Cutter,166,0.38969141168556354,143,10,7,64,17,37,130,60,0.06993006993006994,0.10240963855421686,0.4594594594594595,0.3855421686746988,0.46153846153846156,0.38877423471551975,-0.38877423471551975,4.934823091247672,41.690962099125365,31.23903990965899,0.48823529411764705,0.0009171769700437871
"Spence, Mitch",687765,SL,Slider,99,0.35773919737070936,89,20,2,22,32,40,69,23,0.2247191011235955,0.2222222222222222,0.8,0.2222222222222222,0.3333333333333333,0.2897001684563788,-0.2897001684563788,65.08379888268156,30.79584775086505,54.67740168693175,0.2911764705882353,0.06803902891433056
"Springs, Jeffrey",605488,CH,Changeup,231,0.2659330744743201,217,53,2,38,107,119,160,62,0.24423963133640553,0.23809523809523808,0.8991596638655462,0.1645021645021645,0.3875,0.255021519108301,-0.255021519108301,82.86778398510242,52.038369304556355,67.12618731830179,0.36037441497659906,0.010911555366019066
"Springs, Jeffrey",605488,FF,4-Seam Fastball,275,0.3558687646735911,232,24,17,89,48,74,200,58,0.10344827586206896,0.14909090909090908,0.6486486486486487,0.3236363636363636,0.29,0.3546322675726836,-0.3546322675726836,22.3463687150838,53.70370370370371,35.17052900200014,0.4290171606864275,0.0012364971009074521
"Springs, Jeffrey",605488,SL,Slider,135,0.3634859392738769,117,11,4,49,18,32,105,36,0.09401709401709402,0.1111111111111111,0.5625,0.362962962962963,0.34285714285714286,0.3792560798900572,-0.3792560798900572,8.56610800744879,36.90851735015773,34.73673698371017,0.21060842433697347,-0.015770140616180317
"Stanek, Ryne",592773,FF,4-Seam Fastball,150,0.3597260330197409,118,20,10,43,34,56,96,26,0.1694915254237288,0.2,0.6071428571428571,0.2866666666666667,0.2708333333333333,0.3376504867030093,-0.3376504867030093,33.89199255121043,37.10691823899371,44.05209467926871,0.7109004739336493,0.022075546316731587
"Stanek, Ryne",592773,SL,Slider,61,0.24735166588602653,53,18,1,13,14,21,34,14,0.33962264150943394,0.3114754098360656,0.6666666666666666,0.21311475409836064,0.4117647058823529,0.2736527507455938,-0.2736527507455938,74.20856610800745,20.948616600790515,55.10816201853365,0.2890995260663507,-0.02630108485956728
"Sterner, Justin",686993,FC,Cutter,71,0.31328441255630957,63,12,3,19,22,27,50,20,0.19047619047619047,0.2112676056338028,0.8148148148148148,0.2676056338028169,0.4,0.2990040608120235,-0.2990040608120235,60.42830540037244,23.954372623574145,52.53343812619043,0.3302325581395349,0.014280351744286046
"Sterner, Justin",686993,FF,4-Seam Fastball,144,0.3115353051222937,116,17,9,40,27,47,94,23,0.14655172413793102,0.18055555555555555,0.574468085106383,0.2777777777777778,0.24468085106382978,0.3446766968317313,-0.3446766968317313,28.398510242085663,36.708860759493675,42.099804351413155,0.6697674418604651,-0.033141391709437584
"Stewart, Brock",592779,FF,4-Seam Fastball,83,0.2675009935134059,71,20,6,20,14,20,48,11,0.28169014084507044,0.3132530120481928,0.7,0.24096385542168675,0.22916666666666666,0.2924890268287469,-0.2924890268287469,63.40782122905028,26.199261992619927,53.54710809677929,1.0,-0.024988033315340996
"Strahm, Matt",621381,FF,4-Seam Fastball,97,0.2720968693193866,73,22,14,23,21,30,49,5,0.3013698630136986,0.3711340206185567,0.7,0.23711340206185566,0.10204081632653061,0.2881027205045514,-0.2881027205045514,66.10800744878958,26.73992673992674,54.34137557042585,0.5359116022099447,-0.016005851185164788
"Strahm, Matt",621381,SL,Slider,84,0.15978601731601733,75,20,5,16,24,29,55,15,0.26666666666666666,0.2976190476190476,0.8275862068965517,0.19047619047619047,0.2727272727272727,0.2651616674673773,-0.2651616674673773,78.11918063314711,27.27272727272727,57.70272557982055,0.46408839779005523,-0.10537565015135997
"Strider, Spencer",675911,FF,4-Seam Fastball,289,0.39173006043727837,234,18,20,93,33,70,214,85,0.07692307692307693,0.1314878892733564,0.4714285714285714,0.3217993079584775,0.397196261682243,0.3670958064261828,-0.3670958064261828,14.432029795158286,53.91705069124424,30.844253361824094,0.6008316008316008,0.02463425401109559
"Strider, Spencer",675911,SL,Slider,192,0.2804368050122652,169,67,5,48,77,95,100,39,0.39644970414201186,0.375,0.8105263157894737,0.25,0.39,0.2577518193947638,-0.2577518193947638,81.84357541899442,45.799457994579946,64.60941797499912,0.3991683991683992,0.022684985617501374
"Stroman, Marcus",573186,SI,Sinker,76,0.4135801141022782,67,7,0,37,12,21,59,30,0.1044776119402985,0.09210526315789473,0.5714285714285714,0.4868421052631579,0.5084745762711864,0.40653870768077477,-0.40653870768077477,1.2104283054003724,25.0936329588015,37.79179656714024,1.0,0.0070414064215034156
"Suarez, Ranger",624133,CH,Changeup,144,0.24372340750596738,138,34,1,24,71,76,103,47,0.2463768115942029,0.24305555555555555,0.9342105263157895,0.16666666666666666,0.4563106796116505,0.24573290606227183,-0.24573290606227183,87.61638733705773,40.828402366863905,65.38571727656387,0.22429906542056074,-0.0020094985563044454
"Suarez, Ranger",624133,CU,Curveball,107,0.20590008722741432,97,25,2,13,34,42,72,31,0.25773195876288657,0.2523364485981308,0.8095238095238095,0.12149532710280374,0.4305555555555556,0.24444896949997616,-0.24444896949997616,88.73370577281192,32.659932659932664,62.68175234655682,0.16666666666666666,-0.03854888227256184
"Suarez, Ranger",624133,FC,Cutter,98,0.3197202102790991,91,9,4,22,15,18,82,26,0.0989010989010989,0.1326530612244898,0.8333333333333334,0.22448979591836735,0.3170731707317073,0.30874052359881826,-0.30874052359881826,54.655493482309126,31.27147766323024,51.4878381232122,0.1526479750778816,0.01097968668028082
"Suarez, Ranger",624133,FF,4-Seam Fastball,94,0.3289298478018803,70,8,15,23,11,22,58,25,0.11428571428571428,0.24468085106382978,0.5,0.24468085106382978,0.43103448275862066,0.3130369972620531,-0.3130369972620531,52.1415270018622,25.925925925925924,50.58969584109249,0.14641744548286603,0.015892850539827197
"Suarez, Ranger",624133,SI,Sinker,199,0.31763947688940064,152,7,29,65,23,39,145,96,0.046052631578947366,0.18090452261306533,0.5897435897435898,0.32663316582914576,0.6620689655172414,0.32503607237555576,-0.32503607237555576,44.04096834264432,43.18181818181818,47.4532334518368,0.3099688473520249,-0.007396595486155122
"Suarez, Robert",663158,CH,Changeup,60,0.29534027684758496,57,15,2,15,21,22,41,19,0.2631578947368421,0.2833333333333333,0.9545454545454546,0.25,0.4634146341463415,0.25875317749408067,-0.25875317749408067,81.47113594040968,22.17898832684825,57.01620908781311,0.25210084033613445,0.03658709935350429
"Suarez, Robert",663158,FF,4-Seam Fastball,178,0.30191169327636724,151,32,13,53,20,36,111,37,0.2119205298013245,0.25280898876404495,0.5555555555555556,0.29775280898876405,0.3333333333333333,0.32911252765903715,-0.32911252765903715,40.4096834264432,43.01994301994302,45.90077830301294,0.7478991596638656,-0.027200834382669903
"Sugano, Tomoyuki",608372,FC,Cutter,80,0.4311808866745824,74,2,0,28,11,17,71,25,0.02702702702702703,0.025,0.6470588235294118,0.35,0.352112676056338,0.38598037916209993,-0.38598037916209993,5.58659217877095,27.00729927007299,38.03911973793309,0.12779552715654952,0.045200507512482446
"Sugano, Tomoyuki",608372,FF,4-Seam Fastball,116,0.41891494628870973,98,14,6,40,32,45,81,25,0.14285714285714285,0.1724137931034483,0.7111111111111111,0.3448275862068966,0.30864197530864196,0.34804094033578603,-0.34804094033578603,26.163873370577278,32.88590604026846,42.192518715708694,0.1853035143769968,0.0708740059529237
"Sugano, Tomoyuki",608372,FS,Split-Finger,177,0.2925078328773058,163,38,7,33,81,88,120,67,0.2331288343558282,0.2542372881355932,0.9204545454545454,0.1864406779661017,0.5583333333333333,0.2424470104730194,-0.2424470104730194,89.3854748603352,44.90358126721763,67.71113881322108,0.2827476038338658,0.050060822404286415
"Sugano, Tomoyuki",608372,SI,Sinker,116,0.3979249056397723,94,3,9,43,13,26,91,39,0.031914893617021274,0.10344827586206896,0.5,0.3706896551724138,0.42857142857142855,0.3827297975111894,-0.3827297975111894,7.076350093109869,31.97278911564626,36.30778195822091,0.1853035143769968,0.01519510812858288
"Sugano, Tomoyuki",608372,ST,Sweeper,137,0.29604610011698856,130,9,4,44,30,33,118,40,0.06923076923076923,0.0948905109489051,0.9090909090909091,0.32116788321167883,0.3389830508474576,0.33687816242171387,-0.33687816242171387,34.45065176908753,39.39393939393939,43.90271429377575,0.21884984025559107,-0.0408320623047253
"Suter, Brent",608718,FF,4-Seam Fastball,129,0.33746553563371895,109,12,9,37,17,29,95,40,0.11009174311926606,0.16279069767441862,0.5862068965517241,0.2868217054263566,0.42105263157894735,0.33649040035695366,-0.33649040035695366,35.28864059590317,35.275080906148865,44.84068871170895,0.6482412060301508,0.0009751352767652932
"Suter, Brent",608718,SI,Sinker,70,0.26204807272727276,55,7,7,15,10,20,48,26,0.12727272727272726,0.2,0.5,0.21428571428571427,0.5416666666666666,0.3055476447140487,-0.3055476447140487,56.51769087523277,21.568627450980394,51.442290137656556,0.35175879396984927,-0.04349957198677595
"Svanson, Matt",694335,SI,Sinker,122,0.2882465441500052,91,14,18,26,11,28,77,37,0.15384615384615385,0.26229508196721313,0.39285714285714285,0.21311475409836064,0.4805194805194805,0.30630625859466787,-0.30630625859466787,56.14525139664804,31.27147766323024,51.95370743663089,0.6387434554973822,-0.018059714444662645
"Svanson, Matt",694335,ST,Sweeper,69,0.19140177603995892,57,18,8,13,22,26,39,14,0.3157894736842105,0.37681159420289856,0.8461538461538461,0.18840579710144928,0.358974358974359,0.23799309810245256,-0.23799309810245256,90.4096834264432,22.17898832684825,58.99868849133027,0.3612565445026178,-0.04659132206249364
"Sánchez, Cristopher",650911,CH,Changeup,341,0.20378395843629143,320,128,6,47,164,180,187,116,0.4,0.39296187683284456,0.9111111111111111,0.1378299120234604,0.6203208556149733,0.1925612665683692,-0.1925612665683692,98.88268156424581,61.53846153846154,80.09955593754478,0.40023474178403756,0.011222691867922241
"Sánchez, Cristopher",650911,SI,Sinker,395,0.3234444745728962,327,22,33,155,36,74,300,193,0.0672782874617737,0.13924050632911392,0.4864864864864865,0.3924050632911392,0.6433333333333333,0.36560566185313564,-0.36560566185313564,15.921787709497206,62.04933586337761,28.872363506584826,0.4636150234741784,-0.04216118728023943
"Sánchez, Cristopher",650911,SL,Slider,116,0.31055043132027005,106,21,5,29,30,35,85,36,0.19811320754716982,0.22413793103448276,0.8571428571428571,0.25,0.4235294117647059,0.2848701028510288,-0.2848701028510288,68.24953445065177,34.64052287581699,56.352162218084004,0.13615023474178403,0.02568032846924123
"Taillon, Jameson",592791,CH,Changeup,69,0.201678864018608,64,15,2,13,24,27,48,24,0.234375,0.2463768115942029,0.8888888888888888,0.18840579710144928,0.5,0.25246144835142265,-0.25246144835142265,84.17132216014897,24.242424242424242,58.31922577732634,0.14052953156822812,-0.050782584332814656
"Taillon, Jameson",592791,CU,Curveball,63,0.25141769919462037,52,8,6,16,13,18,44,22,0.15384615384615385,0.2222222222222222,0.7222222222222222,0.25396825396825395,0.5,0.29374053279867474,-0.29374053279867474,62.94227188081937,20.634920634920633,52.70757589193344,0.12830957230142567,-0.042322833604054366
"Taillon, Jameson",592791,FC,Cutter,82,0.3486595218074266,75,5,3,26,9,14,69,24,0.06666666666666667,0.0975609756097561,0.6428571428571429,0.3170731707317073,0.34782608695652173,0.36045827121269636,-0.36045827121269636,19.273743016759777,27.27272727272727,41.65396986626037,0.1670061099796334,-0.01179874940526976
"Taillon, Jameson",592791,FF,4-Seam Fastball,178,0.3595098563597863,157,16,9,67,32,42,138,30,0.10191082802547771,0.1404494382022472,0.7619047619047619,0.37640449438202245,0.21739130434782608,0.3668183270223969,-0.3668183270223969,14.618249534450653,43.977591036414566,34.466039674715326,0.3625254582484725,-0.007308470662610644
"Taillon, Jameson",592791,ST,Sweeper,99,0.24676528518120683,94,22,2,15,39,41,72,21,0.23404255319148937,0.24242424242424243,0.9512195121951219,0.15151515151515152,0.2916666666666667,0.2525576181326166,-0.2525576181326166,84.07821229050279,31.97278911564626,60.92742497371388,0.20162932790224034,-0.005792332951409795
"Taylor, Grant",691799,FF,4-Seam Fastball,80,0.26204508350694444,60,19,10,21,15,27,38,19,0.31666666666666665,0.3625,0.5555555555555556,0.2625,0.5,0.28071014568381475,-0.28071014568381475,70.2048417132216,23.076923076923077,54.698467268299666,1.0,-0.018665062176870306
"Thielbar, Caleb",573204,FF,4-Seam Fastball,107,0.28838702483966494,92,11,5,29,20,31,77,25,0.11956521739130435,0.14953271028037382,0.6451612903225806,0.27102803738317754,0.3246753246753247,0.33655935408565474,-0.33655935408565474,35.00931098696462,31.506849315068493,45.30879314303207,1.0,-0.0481723292459898
"Thompson, Ryan",657044,SI,Sinker,99,0.3273982294742295,88,6,3,39,26,33,81,52,0.06818181818181818,0.09090909090909091,0.7878787878787878,0.3939393939393939,0.6419753086419753,0.34761851272374794,-0.34761851272374794,26.256983240223462,30.555555555555557,42.77751913925098,1.0,-0.020220283249518467
"Tonkin, Michael",543859,FF,4-Seam Fastball,65,0.3573743222777223,54,7,4,21,10,17,45,13,0.12962962962962962,0.16923076923076924,0.5882352941176471,0.3230769230769231,0.28888888888888886,0.35589439519301025,-0.35589439519301025,21.601489757914337,21.25984251968504,43.99917887359052,1.0,0.0014799270847120627
"Topa, Justin",623437,SI,Sinker,109,0.35408302662026475,93,2,7,43,13,24,91,55,0.021505376344086023,0.08256880733944955,0.5416666666666666,0.3944954128440367,0.6043956043956044,0.3767412848074866,-0.3767412848074866,9.869646182495345,31.74061433447099,37.294157276234415,0.6228571428571429,-0.022658258187221836
"Topa, Justin",623437,ST,Sweeper,66,0.2430832337662338,55,17,7,17,22,26,38,12,0.3090909090909091,0.36363636363636365,0.8461538461538461,0.25757575757575757,0.3157894736842105,0.2648808432777075,-0.2648808432777075,78.39851024208566,21.568627450980394,56.16168255011502,0.37714285714285717,-0.021797609511473692
"Treinen, Blake",595014,ST,Sweeper,71,0.23216261234071092,62,20,5,15,29,34,41,14,0.3225806451612903,0.352112676056338,0.8529411764705882,0.2112676056338028,0.34146341463414637,0.2510931293434616,-0.2510931293434616,85.1024208566108,23.66412213740458,58.34221786287972,1.0,-0.018930517002750696
"Uceta, Edwin",670955,CH,Changeup,140,0.3180720383085244,125,37,3,32,42,51,84,34,0.296,0.2857142857142857,0.8235294117647058,0.22857142857142856,0.40476190476190477,0.2692693733688746,-0.2692693733688746,75.88454376163874,38.46153846153847,59.984242945136806,0.5243445692883895,0.0488026649396498
"Uceta, Edwin",670955,FF,4-Seam Fastball,127,0.2677183623951217,106,41,4,21,31,48,57,15,0.3867924528301887,0.3543307086614173,0.6458333333333334,0.16535433070866143,0.2631578947368421,0.2633720082315486,-0.2633720082315486,79.42271880819366,34.64052287581699,60.22261170141552,0.4756554307116105,0.004346354163573096
"Ureña, José",570632,SI,Sinker,102,0.4118899801570481,85,1,3,43,10,23,83,38,0.011764705882352941,0.0392156862745098,0.43478260869565216,0.4215686274509804,0.4578313253012048,0.4165399859950045,-0.4165399859950045,0.74487895716946,29.82456140350877,35.342546309908855,1.0,-0.004650005837956439
"Uribe, Abner",682842,SI,Sinker,160,0.3261772316288983,135,13,8,53,22,41,119,76,0.0962962962962963,0.13125,0.5365853658536586,0.33125,0.6386554621848739,0.34473239092534347,-0.34473239092534347,28.305400372439475,40.298507462686565,41.28519414102671,0.5228758169934641,-0.01855515929644519
"Uribe, Abner",682842,SL,Slider,146,0.19258218521993747,116,50,14,13,48,64,61,19,0.43103448275862066,0.4383561643835616,0.75,0.08904109589041095,0.3114754098360656,0.20764594472298487,-0.20764594472298487,96.74115456238361,36.708860759493675,67.18761049430734,0.477124183006536,-0.015063759503047391
"Valdez, Framber",664285,CH,Changeup,119,0.27025740734991166,109,19,4,39,30,37,88,57,0.1743119266055046,0.19327731092436976,0.8108108108108109,0.3277310924369748,0.6477272727272727,0.30200177606803674,-0.30200177606803674,58.47299813780261,35.275080906148865,53.0189895921848,0.15494791666666666,-0.03174436871812508
"Valdez, Framber",664285,CU,Curveball,270,0.2347445565309246,224,101,14,46,103,135,117,65,0.45089285714285715,0.42592592592592593,0.762962962962963,0.17037037037037037,0.5555555555555556,0.2142924234012219,-0.2142924234012219,95.90316573556798,52.83018867924528,74.27268894276379,0.3515625,0.020452133129702704
"Valdez, Framber",664285,SI,Sinker,379,0.3596811010852955,334,19,10,160,43,73,312,191,0.05688622754491018,0.07651715039577836,0.589041095890411,0.42216358839050133,0.6121794871794872,0.38107651620031324,-0.38107651620031324,7.728119180633147,62.546816479400746,23.5777205866968,0.4934895833333333,-0.021395415115017746
"Vargas, Carlos",672841,SI,Sinker,208,0.31525287067819996,178,9,9,63,27,48,167,103,0.05056179775280899,0.08653846153846154,0.5625,0.30288461538461536,0.6167664670658682,0.3456503271437845,-0.3456503271437845,27.281191806331474,47.08994708994709,39.326357482782065,0.7147766323024055,-0.03039745646558456
"Vargas, Carlos",672841,SL,Slider,83,0.22878293801292127,78,18,3,13,25,28,59,24,0.23076923076923078,0.25301204819277107,0.8928571428571429,0.1566265060240964,0.4067796610169492,0.24840671541729523,-0.24840671541729523,86.49906890130353,28.05755395683453,60.27423870959098,0.2852233676975945,-0.01962377740437396
"Varland, Louis",686973,FF,4-Seam Fastball,151,0.35039195195583533,116,15,17,52,19,39,100,43,0.12931034482758622,0.2119205298013245,0.48717948717948717,0.3443708609271523,0.43,0.3514018070392462,-0.3514018070392462,24.581005586592177,36.708860759493675,40.69844188294086,0.515358361774744,-0.0010098550834108377
"Varland, Louis",686973,KC,Knuckle Curve,142,0.23639008873755354,131,43,6,29,53,59,84,53,0.3282442748091603,0.34507042253521125,0.8983050847457628,0.20422535211267606,0.6309523809523809,0.22357634106518542,-0.22357634106518542,93.66852886405958,39.577039274924466,67.31084068929432,0.48464163822525597,0.01281374767236812
"Vasil, Mike",678024,CH,Changeup,60,0.2939511809433622,56,7,1,19,13,16,49,29,0.125,0.13333333333333333,0.8125,0.31666666666666665,0.5918367346938775,0.3165431449218704,-0.3165431449218704,49.81378026070764,21.875,49.995635474860336,0.2,-0.02259196397850821
"Vasil, Mike",678024,SI,Sinker,176,0.3307085516662255,140,9,10,45,25,51,128,71,0.06428571428571428,0.10795454545454546,0.49019607843137253,0.2556818181818182,0.5546875,0.3387042211779991,-0.3387042211779991,32.774674115456236,41.17647058823529,42.93460400920144,0.5866666666666667,-0.007995669511773607
"Vasil, Mike",678024,ST,Sweeper,64,0.2508850633918379,51,11,8,13,18,24,39,17,0.21568627450980393,0.296875,0.75,0.203125,0.4358974358974359,0.2639589160526339,-0.2639589160526339,79.14338919925513,20.318725099601593,55.95866070169972,0.21333333333333335,-0.01307385266079597
"Verlander, Justin",434378,CU,Curveball,79,0.33169908531517706,70,10,4,21,15,19,60,29,0.14285714285714285,0.17721518987341772,0.7894736842105263,0.26582278481012656,0.48333333333333334,0.3022006070822276,-0.3022006070822276,58.28677839851024,25.925925925925924,52.182909166149386,0.13166666666666665,0.029498478232949432
"Verlander, Justin",434378,FF,4-Seam Fastball,278,0.38273950648604216,231,19,16,86,47,81,205,60,0.08225108225108226,0.12589928057553956,0.5802469135802469,0.30935251798561153,0.2926829268292683,0.36216176174322773,-0.36216176174322773,17.877094972067038,53.596287703016245,32.80491862067774,0.4633333333333333,0.02057774474281443
"Verlander, Justin",434378,SL,Slider,181,0.27057298105909383,163,42,7,43,48,60,119,50,0.25766871165644173,0.27071823204419887,0.8,0.23756906077348067,0.42016806722689076,0.2764529532769361,-0.2764529532769361,73.18435754189943,44.90358126721763,60.436256931940015,0.3016666666666667,-0.005879972217842255
"Verlander, Justin",434378,ST,Sweeper,62,0.18635975268817204,56,16,2,11,15,19,39,18,0.2857142857142857,0.2903225806451613,0.7894736842105263,0.1774193548387097,0.46153846153846156,0.2519529205859204,-0.2519529205859204,84.72998137802608,21.875,57.63355446927375,0.10333333333333333,-0.06559316789774836
"Vesia, Alex",681911,FF,4-Seam Fastball,141,0.2728846407839523,110,32,15,31,31,45,74,14,0.2909090909090909,0.3333333333333333,0.6888888888888889,0.2198581560283688,0.1891891891891892,0.28586855777925296,-0.28586855777925296,67.22532588454376,35.483870967741936,56.142247852465914,0.618421052631579,-0.01298391699530066
"Vesia, Alex",681911,SL,Slider,87,0.2877476282684681,74,23,4,19,17,25,49,21,0.3108108108108108,0.3103448275862069,0.68,0.21839080459770116,0.42857142857142855,0.27285746218056334,-0.27285746218056334,74.58100558659217,27.00729927007299,56.67264744661474,0.3815789473684211,0.014890166087904777
"Vest, Will",676684,FF,4-Seam Fastball,150,0.3037578667199804,119,21,17,48,16,31,93,47,0.17647058823529413,0.25333333333333335,0.5161290322580645,0.32,0.5053763440860215,0.3260373037200528,-0.3260373037200528,43.296089385474865,37.30407523510972,47.52835618757406,0.6696428571428571,-0.0222794370000724
"Vest, Will",676684,SL,Slider,74,0.19873429478179477,65,27,4,11,30,35,38,24,0.4153846153846154,0.4189189189189189,0.8571428571428571,0.14864864864864866,0.631578947368421,0.19428013266515637,-0.19428013266515637,98.60335195530726,24.528301886792452,61.9567126945645,0.33035714285714285,0.004454162116638405
"Vodnik, Victor",680767,FF,4-Seam Fastball,126,0.3621603898900163,104,11,7,51,13,29,91,47,0.10576923076923077,0.14285714285714285,0.4482758620689655,0.40476190476190477,0.5164835164835165,0.38208989331624843,-0.38208989331624843,7.4487895716946,34.21052631578947,35.473635205331775,1.0,-0.01992950342623212
"Vásquez, Randy",681190,CU,Curveball,70,0.35446930788350395,63,13,1,22,18,23,50,28,0.20634920634920634,0.2,0.782608695652174,0.3142857142857143,0.56,0.30609128677612213,-0.30609128677612213,56.23836126629422,23.954372623574145,51.529763295593746,0.13358778625954199,0.04837802110738182
"Vásquez, Randy",681190,FC,Cutter,149,0.37593628818933034,121,13,4,32,29,52,108,34,0.10743801652892562,0.11409395973154363,0.5576923076923077,0.21476510067114093,0.3148148148148148,0.3372652419179903,-0.3372652419179903,34.26443202979516,37.69470404984423,44.09753041299014,0.28435114503816794,0.03867104627134005
"Vásquez, Randy",681190,FF,4-Seam Fastball,103,0.328615961137949,78,9,10,30,14,29,67,20,0.11538461538461539,0.18446601941747573,0.4827586206896552,0.2912621359223301,0.29850746268656714,0.35257743117453677,-0.35257743117453677,23.743016759776538,28.05755395683453,42.66642551880283,0.1965648854961832,-0.023961470036587773
"Vásquez, Randy",681190,SI,Sinker,130,0.3718257276744465,115,4,5,53,22,33,111,57,0.034782608695652174,0.06923076923076923,0.6666666666666666,0.4076923076923077,0.5135135135135135,0.3785287072496355,-0.3785287072496355,9.031657355679702,36.507936507936506,35.07286216783423,0.2480916030534351,-0.006702979575189005
"Vásquez, Randy",681190,ST,Sweeper,72,0.3127620293246942,70,12,0,22,17,19,56,21,0.17142857142857143,0.16666666666666666,0.8947368421052632,0.3055555555555556,0.375,0.3145227844631203,-0.3145227844631203,51.02420856610801,25.925925925925924,50.30002069108214,0.13740458015267176,-0.0017607551384261066
"Wacha, Michael",608379,CH,Changeup,214,0.2659250056272207,192,35,5,40,66,79,153,50,0.18229166666666666,0.18691588785046728,0.8354430379746836,0.18691588785046728,0.32679738562091504,0.2842886559998406,-0.2842886559998406,68.34264432029795,48.97959183673469,59.00790483791282,0.31703703703703706,-0.01836365037261989
"Wacha, Michael",608379,FC,Cutter,101,0.37176859172424437,92,3,2,37,14,21,88,42,0.03260869565217391,0.04950495049504951,0.6666666666666666,0.36633663366336633,0.4772727272727273,0.3735704812890218,-0.3735704812890218,11.452513966480447,31.506849315068493,37.88678860233158,0.14962962962962964,-0.001801889564777448
"Wacha, Michael",608379,FF,4-Seam Fastball,177,0.3201458294336436,150,25,11,50,38,54,121,39,0.16666666666666666,0.2033898305084746,0.7037037037037037,0.2824858757062147,0.32231404958677684,0.3221599151467018,-0.3221599151467018,45.62383612662943,42.857142857142854,48.1511040170258,0.26222222222222225,-0.002014085713058167
"Wacha, Michael",608379,SI,Sinker,103,0.3551593230156245,88,5,9,31,14,19,82,35,0.056818181818181816,0.13592233009708737,0.7368421052631579,0.30097087378640774,0.4268292682926829,0.3315842553666375,-0.3315842553666375,38.91992551210428,30.555555555555557,46.64675150010345,0.15259259259259259,0.02357506764898698
"Wacha, Michael",608379,SL,Slider,80,0.3294061910875739,76,11,1,20,23,26,64,29,0.14473684210526316,0.15,0.8846153846153846,0.25,0.453125,0.29672618614465046,-0.29672618614465046,61.731843575419,27.536231884057973,53.26424311121907,0.11851851851851852,0.032680004942923446
"Waldrep, Hurston",694462,FS,Split-Finger,87,0.2223037015878462,75,32,5,12,32,39,38,18,0.4266666666666667,0.42528735632183906,0.8205128205128205,0.13793103448275862,0.47368421052631576,0.2055591906919294,-0.2055591906919294,97.02048417132217,27.27272727272727,62.85762654477738,1.0,0.016744510895916803
"Walker, Ryan",676254,SI,Sinker,159,0.3070205003919175,127,17,19,46,23,38,109,63,0.13385826771653545,0.22641509433962265,0.6052631578947368,0.2893081761006289,0.5779816513761468,0.3086520169613977,-0.3086520169613977,54.84171322160149,38.837920489296636,51.908894697578006,0.6162790697674418,-0.0016315165694802403
"Walker, Ryan",676254,SL,Slider,99,0.29413844443998843,85,19,4,18,30,39,66,29,0.2235294117647059,0.23232323232323232,0.7692307692307693,0.18181818181818182,0.4393939393939394,0.2701571366311353,-0.2701571366311353,75.60521415270019,29.82456140350877,57.6693129471724,0.38372093023255816,0.02398130780885316
"Walker, Taijuan",592836,FC,Cutter,140,0.32053710481079545,119,13,6,38,23,37,104,33,0.1092436974789916,0.1357142857142857,0.6216216216216216,0.2714285714285714,0.3173076923076923,0.34270191170289344,-0.34270191170289344,30.074487895716945,37.30407523510972,42.59616002054838,0.30042918454935624,-0.022164806892097988
"Walker, Taijuan",592836,FS,Split-Finger,131,0.33910764296137963,120,13,2,48,45,54,105,66,0.10833333333333334,0.11450381679389313,0.8333333333333334,0.366412213740458,0.6285714285714286,0.33067699659157573,-0.33067699659157573,39.57169459962756,37.5,46.11848230912477,0.2811158798283262,0.008430646369803896
"Walker, Taijuan",592836,SI,Sinker,122,0.31816220349446594,95,6,13,33,21,34,86,49,0.06315789473684211,0.1557377049180328,0.6176470588235294,0.27049180327868855,0.5697674418604651,0.3185665543101483,-0.3185665543101483,48.696461824953445,32.20338983050847,49.61177918757693,0.26180257510729615,-0.00040435081568235276
"Walker, Taijuan",592836,SL,Slider,73,0.3075486285511843,67,14,2,22,24,29,53,24,0.208955223880597,0.2191780821917808,0.8275862068965517,0.3013698630136986,0.4528301886792453,0.30185061279948355,-0.30185061279948355,58.56610800744879,25.0936329588015,52.184420312598085,0.15665236051502146,0.005698015751700758
"Walter, Brandon",687888,FC,Cutter,65,0.32258886270319687,59,5,4,22,9,11,53,21,0.0847457627118644,0.13846153846153847,0.8181818181818182,0.3384615384615385,0.39622641509433965,0.3365462824192071,-0.3365462824192071,35.1024208566108,22.779922779922778,46.642292731678204,1.0,-0.013957419716010222
"Warren, Will",701542,CH,Changeup,81,0.3231820352988061,72,19,1,22,39,45,53,31,0.2638888888888889,0.24691358024691357,0.8666666666666667,0.2716049382716049,0.5849056603773585,0.27257964755256725,-0.27257964755256725,74.67411545623837,26.47058823529412,56.565615072844786,0.11894273127753303,0.050602387746238875
"Warren, Will",701542,FF,4-Seam Fastball,297,0.3382979223625796,232,41,30,86,44,79,187,54,0.17672413793103448,0.23905723905723905,0.5569620253164557,0.2895622895622896,0.2887700534759358,0.3331476568080072,-0.3331476568080072,37.80260707635009,53.70370370370371,43.47110145527277,0.43612334801762115,0.005150265554572431
"Warren, Will",701542,SI,Sinker,170,0.31679415471824046,134,11,22,65,22,37,123,84,0.08208955223880597,0.19411764705882353,0.5945945945945946,0.38235294117647056,0.6829268292682927,0.33646164408590296,-0.33646164408590296,35.38175046554935,40.119760479041915,44.16307050703064,0.24963289280469897,-0.019667489367662494
"Warren, Will",701542,ST,Sweeper,133,0.3670541362526666,115,20,7,38,29,41,91,32,0.17391304347826086,0.20300751879699247,0.7073170731707317,0.2857142857142857,0.3516483516483517,0.32056227594651626,-0.32056227594651626,47.39292364990689,36.507936507936506,49.077768910171145,0.19530102790014683,0.04649186030615032
"Weathers, Ryan",677960,FF,4-Seam Fastball,85,0.33542207908334554,70,5,6,29,9,17,63,26,0.07142857142857142,0.12941176470588237,0.5294117647058824,0.3411764705882353,0.4126984126984127,0.3664252959850227,-0.3664252959850227,15.176908752327748,25.925925925925924,41.00627629491689,1.0,-0.031003216901677177
"Weaver, Luke",596133,CH,Changeup,77,0.2350060776457585,68,20,4,14,28,32,45,15,0.29411764705882354,0.3116883116883117,0.875,0.18181818181818182,0.3333333333333333,0.25001919081179286,-0.25001919081179286,85.75418994413407,25.37313432835821,59.106701131215424,0.3130081300813008,-0.015013113166034348
"Weaver, Luke",596133,FF,4-Seam Fastball,169,0.2832703811159042,144,25,10,51,42,56,110,28,0.1736111111111111,0.20710059171597633,0.75,0.30177514792899407,0.2545454545454545,0.3277887422762311,-0.3277887422762311,41.340782122905026,41.86046511627907,46.402277943787624,0.6869918699186992,-0.044518361160326925
"Webb, Jacob",657097,CH,Changeup,99,0.26826172252007585,93,19,3,18,38,41,74,22,0.20430107526881722,0.2222222222222222,0.926829268292683,0.18181818181818182,0.2972972972972973,0.268093314560147,-0.268093314560147,76.53631284916202,31.74061433447099,58.45456683254841,0.4714285714285714,0.00016840795992884017
"Webb, Jacob",657097,FF,4-Seam Fastball,111,0.2963143477873478,88,14,8,31,18,34,70,18,0.1590909090909091,0.1981981981981982,0.5294117647058824,0.27927927927927926,0.2571428571428571,0.3445542499092721,-0.3445542499092721,28.77094972067039,30.555555555555557,43.545675563831985,0.5285714285714286,-0.048239902121924305
"Webb, Logan",657277,CH,Changeup,237,0.25787740441432466,221,69,5,65,113,125,145,96,0.31221719457013575,0.31223628691983124,0.904,0.2742616033755274,0.6620689655172414,0.2488368002258178,-0.2488368002258178,86.31284916201118,52.49406175771971,69.08420582367954,0.29699248120300753,0.009040604188506857
"Webb, Logan",657277,FF,4-Seam Fastball,72,0.16916927364864864,63,35,4,10,27,34,27,10,0.5555555555555556,0.5416666666666666,0.7941176470588235,0.1388888888888889,0.37037037037037035,0.19002769658441743,-0.19002769658441743,98.97579143389198,23.954372623574145,61.767246567679905,0.09022556390977443,-0.020858422935768783
"Webb, Logan",657277,SI,Sinker,294,0.3287982195162429,242,16,30,105,26,51,225,136,0.06611570247933884,0.1564625850340136,0.5098039215686274,0.35714285714285715,0.6044444444444445,0.351975689001847,-0.351975689001847,24.115456238361265,54.75113122171946,35.84898506028969,0.3684210526315789,-0.02317746948560412
"Webb, Logan",657277,ST,Sweeper,195,0.316049988870222,166,31,17,43,58,73,132,59,0.18674698795180722,0.24615384615384617,0.7945205479452054,0.2205128205128205,0.44696969696969696,0.27542386168972954,-0.27542386168972954,73.3705772811918,45.3551912568306,60.625209878804526,0.24436090225563908,0.040626127180492466
"Weissert, Greg",669711,FF,4-Seam Fastball,110,0.24307553120169076,96,19,5,30,18,26,74,28,0.19791666666666666,0.21818181818181817,0.6923076923076923,0.2727272727272727,0.3783783783783784,0.31264446730465395,-0.31264446730465395,52.23463687150838,32.432432432432435,50.75620313050481,0.5913978494623656,-0.06956893610296319
"Weissert, Greg",669711,SI,Sinker,76,0.341219925845444,61,3,5,23,15,26,58,31,0.04918032786885246,0.10526315789473684,0.5769230769230769,0.3026315789473684,0.5344827586206896,0.34632302066171416,-0.34632302066171416,26.908752327746743,23.371647509578544,44.63886926803514,0.40860215053763443,-0.005103094816270137
"Wentz, Joey",666214,CU,Curveball,77,0.24472366522366523,74,19,3,16,33,33,54,22,0.25675675675675674,0.2857142857142857,1.0,0.2077922077922078,0.4074074074074074,0.245602772561494,-0.245602772561494,87.80260707635009,27.00729927007299,60.24344492925009,0.19896640826873385,-0.000879107337828755
"Wentz, Joey",666214,FF,4-Seam Fastball,196,0.3863964140082771,159,23,7,66,27,56,134,50,0.14465408805031446,0.15306122448979592,0.48214285714285715,0.336734693877551,0.373134328358209,0.36744896363842505,-0.36744896363842505,14.24581005586592,44.28969359331476,34.19051472380864,0.5064599483204134,0.01894745036985207
"Wentz, Joey",666214,SL,Slider,114,0.30993460977617315,103,22,3,35,28,36,78,32,0.21359223300970873,0.21929824561403508,0.7777777777777778,0.30701754385964913,0.41025641025641024,0.31170156947743843,-0.31170156947743843,52.97951582867783,33.993399339933994,51.04356804395523,0.29457364341085274,-0.0017669597012652805
"Wheeler, Zack",554430,FF,4-Seam Fastball,211,0.270466278261748,184,55,7,49,32,50,120,29,0.29891304347826086,0.2938388625592417,0.64,0.23222748815165878,0.24166666666666667,0.29921636123173523,-0.29921636123173523,60.24208566108007,47.91666666666667,54.93191340782123,0.44234800838574423,-0.028750082969987212
"Wheeler, Zack",554430,FS,Split-Finger,67,0.23431730921151817,62,20,1,10,24,27,39,16,0.3225806451612903,0.31343283582089554,0.8888888888888888,0.14925373134328357,0.41025641025641024,0.2325985809012982,-0.2325985809012982,91.5270018621974,23.66412213740458,59.86253855885823,0.14046121593291405,0.0017187283102199635
"Wheeler, Zack",554430,SI,Sinker,107,0.2641716557434362,86,5,16,25,30,34,79,48,0.05813953488372093,0.19626168224299065,0.8823529411764706,0.2336448598130841,0.6075949367088608,0.26952639705992076,-0.26952639705992076,75.79143389199255,30.069930069930066,57.78802203383209,0.22431865828092243,-0.005354741316484557
"Wheeler, Zack",554430,ST,Sweeper,92,0.2186968253405131,84,31,5,14,27,31,52,19,0.36904761904761907,0.391304347826087,0.8709677419354839,0.15217391304347827,0.36538461538461536,0.22101560830448957,-0.22101560830448957,94.41340782122904,29.577464788732392,63.169145225168506,0.1928721174004193,-0.0023187829639764734
"Whitlock, Garrett",676477,CH,Changeup,62,0.272615611662531,58,10,1,17,20,23,47,26,0.1724137931034483,0.1774193548387097,0.8695652173913043,0.27419354838709675,0.5531914893617021,0.29133897713776236,-0.29133897713776236,63.96648044692738,22.48062015503876,53.17584051506359,0.2080536912751678,-0.018723365475231346
"Whitlock, Garrett",676477,SI,Sinker,124,0.28846538712696485,95,20,12,30,12,33,70,26,0.21052631578947367,0.25806451612903225,0.36363636363636365,0.24193548387096775,0.37142857142857144,0.32719331435252386,-0.32719331435252386,41.80633147113594,32.20338983050847,47.39292364990689,0.4161073825503356,-0.03872792722555901
"Whitlock, Garrett",676477,SL,Slider,112,0.24150839005049413,98,36,5,19,46,54,61,32,0.3673469387755102,0.36607142857142855,0.8518518518518519,0.16964285714285715,0.5245901639344263,0.22139014734762663,-0.22139014734762663,94.32029795158286,32.88590604026846,64.60637646382463,0.37583892617449666,0.020118242702867495
"Williams, Devin",642207,CH,Changeup,148,0.28215876171698184,136,43,1,27,69,80,91,45,0.3161764705882353,0.2972972972972973,0.8625,0.18243243243243243,0.4945054945054945,0.24212583145489153,-0.24212583145489153,89.47858472998138,40.476190476190474,66.00713842333954,0.5522388059701493,0.040032930262090316
"Williams, Devin",642207,FF,4-Seam Fastball,120,0.26462417858211745,92,27,10,25,33,52,54,20,0.29347826086956524,0.30833333333333335,0.6346153846153846,0.20833333333333334,0.37037037037037035,0.27931879266370696,-0.27931879266370696,71.32216014897578,31.506849315068493,56.74982781051504,0.44776119402985076,-0.014694614081589508
"Williams, Gavin",668909,CU,Curveball,156,0.23756469519051202,132,48,7,27,63,78,81,51,0.36363636363636365,0.3525641025641026,0.8076923076923077,0.17307692307692307,0.6296296296296297,0.22161413434331337,-0.22161413434331337,94.1340782122905,39.75903614457831,67.57532924996073,0.2392638036809816,0.015950560847198647
"Williams, Gavin",668909,FC,Cutter,112,0.37799916941880923,88,4,2,41,13,34,83,55,0.045454545454545456,0.05357142857142857,0.38235294117647056,0.36607142857142855,0.6626506024096386,0.38597005613926555,-0.38597005613926555,5.679702048417132,30.555555555555557,36.49001655286571,0.17177914110429449,-0.007970886720456316
"Williams, Gavin",668909,FF,4-Seam Fastball,247,0.3831245709286244,198,29,15,85,33,66,167,58,0.14646464646464646,0.17813765182186234,0.5,0.3441295546558704,0.3473053892215569,0.36420608459000364,-0.36420608459000364,16.75977653631285,49.74874371859296,33.48680085717226,0.37883435582822084,0.018918486338620755
"Williams, Gavin",668909,ST,Sweeper,137,0.24510479328653453,119,51,8,27,51,63,68,21,0.42857142857142855,0.4306569343065693,0.8095238095238095,0.19708029197080293,0.3088235294117647,0.235825822385043,-0.235825822385043,90.87523277467412,37.30407523510972,65.27731563370169,0.21012269938650308,0.009278970901491546
"Williams, Trevor",592866,FF,4-Seam Fastball,185,0.3416173395651898,165,20,8,65,23,35,141,56,0.12121212121212122,0.15135135135135136,0.6571428571428571,0.35135135135135137,0.3971631205673759,0.3531493893633688,-0.3531493893633688,23.277467411545626,45.20547945205479,37.94546057498533,0.6583629893238434,-0.011532049798179012
"Williams, Trevor",592866,ST,Sweeper,96,0.25036907908302214,91,22,0,17,36,41,67,16,0.24175824175824176,0.22916666666666666,0.8780487804878049,0.17708333333333334,0.23880597014925373,0.27445298745531466,-0.27445298745531466,73.9292364990689,31.27147766323024,57.51502236556664,0.3416370106761566,-0.024083908372292517
"Wilson, Justin",458677,FF,4-Seam Fastball,77,0.34145533554949986,61,16,4,17,15,28,42,12,0.26229508196721313,0.2597402597402597,0.5357142857142857,0.22077922077922077,0.2857142857142857,0.3103571585950353,-0.3103571585950353,53.724394785847295,23.371647509578544,50.90612670077128,0.45294117647058824,0.03109817695446454
"Wilson, Justin",458677,SL,Slider,93,0.24997307709607142,86,26,3,21,28,32,60,31,0.3023255813953488,0.3118279569892473,0.875,0.22580645161290322,0.5166666666666667,0.24873745075525833,-0.24873745075525833,86.40595903165735,30.069930069930066,60.97980232058444,0.5470588235294118,0.0012356263408130896
"Wilson, Steven",621051,FF,4-Seam Fastball,65,0.2947573333333333,52,10,5,22,9,17,39,10,0.19230769230769232,0.23076923076923078,0.5294117647058824,0.3384615384615385,0.2564102564102564,0.35476529585448774,-0.35476529585448774,22.160148975791433,20.634920634920633,44.29221719724514,0.3037383177570093,-0.06000796252115442
"Wilson, Steven",621051,ST,Sweeper,149,0.30197585173886515,126,14,10,30,23,35,110,26,0.1111111111111111,0.1610738255033557,0.6571428571428571,0.20134228187919462,0.23636363636363636,0.3189737714595506,-0.3189737714595506,48.324022346368714,38.65030674846626,49.38079080554318,0.6962616822429907,-0.016997919720685428
"Woo, Bryan",693433,FF,4-Seam Fastball,309,0.262700084098739,270,66,15,72,66,90,190,42,0.24444444444444444,0.2621359223300971,0.7333333333333333,0.23300970873786409,0.22105263157894736,0.2991179577641265,-0.2991179577641265,60.33519553072626,57.446808510638306,55.95705059629938,0.447178002894356,-0.03641787366538746
"Woo, Bryan",693433,SI,Sinker,229,0.3127590496660985,198,13,20,90,28,42,184,123,0.06565656565656566,0.14410480349344978,0.6666666666666666,0.3930131004366812,0.6684782608695652,0.3450600721145632,-0.3450600721145632,27.932960893854748,49.74874371859296,39.045319708411704,0.3314037626628075,-0.03230102244846467
"Woo, Bryan",693433,SL,Slider,81,0.3147643682897357,72,23,4,29,19,23,47,21,0.3194444444444444,0.3333333333333333,0.8260869565217391,0.35802469135802467,0.44680851063829785,0.2933209416620054,-0.2933209416620054,63.128491620111724,26.47058823529412,53.50942052798773,0.11722141823444283,0.0214434266277303
"Woo, Bryan",693433,ST,Sweeper,72,0.1691766463844797,65,27,5,6,31,33,36,12,0.4153846153846154,0.4444444444444444,0.9393939393939394,0.08333333333333333,0.3333333333333333,0.18430153499930704,-0.18430153499930704,99.16201117318437,24.528301886792452,62.09374231404379,0.10419681620839363,-0.015124888614827331
"Woodford, Jake",663765,SI,Sinker,64,0.36118289347623944,50,1,8,17,9,15,47,24,0.02,0.140625,0.6,0.265625,0.5106382978723404,0.32690089698663416,-0.32690089698663416,42.27188081936685,20.0,48.49162011173185,1.0,0.03428199648960528
"Woodruff, Brandon",605540,FF,4-Seam Fastball,101,0.21903102349700188,73,25,21,24,11,21,43,9,0.3424657534246575,0.45544554455445546,0.5238095238095238,0.2376237623762376,0.20930232558139536,0.277983780852168,-0.277983780852168,72.25325884543761,26.73992673992674,55.98461129187386,0.5838150289017341,-0.05895275735516614
"Woodruff, Brandon",605540,SI,Sinker,72,0.3003026421095008,60,5,5,24,6,12,54,23,0.08333333333333333,0.1388888888888889,0.5,0.3333333333333333,0.42592592592592593,0.3637939263398204,-0.3637939263398204,16.85288640595903,23.076923076923077,42.38647758200831,0.4161849710982659,-0.06349128423031958
"Woods Richardson, Simeon",680573,FF,4-Seam Fastball,225,0.336836784048807,181,31,10,66,44,78,141,47,0.1712707182320442,0.18222222222222223,0.5641025641025641,0.29333333333333333,0.3333333333333333,0.3430133701686884,-0.3430133701686884,29.88826815642458,47.506561679790025,40.470045992854246,0.6338028169014085,-0.0061765861198813665
"Woods Richardson, Simeon",680573,SL,Slider,130,0.26121626178434804,109,21,11,31,35,47,86,26,0.1926605504587156,0.24615384615384617,0.7446808510638298,0.23846153846153847,0.3023255813953488,0.2969173916908611,-0.2969173916908611,61.452513966480446,35.275080906148865,54.070016211362415,0.36619718309859156,-0.035701129906513085
"Wrobleski, Justin",680736,FF,4-Seam Fastball,93,0.25776643184701775,74,24,11,17,27,35,41,9,0.32432432432432434,0.3763440860215054,0.7714285714285715,0.1827956989247312,0.21951219512195122,0.25463752246007987,-0.25463752246007987,83.05400372439479,27.00729927007299,58.9609754108388,0.543859649122807,0.0031289093869378837
"Wrobleski, Justin",680736,SL,Slider,78,0.2289538616938617,69,15,5,24,16,20,52,33,0.21739130434782608,0.2564102564102564,0.8,0.3076923076923077,0.6346153846153846,0.2837835276998736,-0.2837835276998736,68.52886405959032,25.650557620817843,54.78737028652918,0.45614035087719296,-0.054829666006011885
"Yamamoto, Yoshinobu",808967,CU,Curveball,151,0.26373242918364653,128,35,9,29,36,50,91,47,0.2734375,0.2913907284768212,0.72,0.19205298013245034,0.5164835164835165,0.2585744743074882,-0.2585744743074882,81.56424581005587,39.02439024390244,62.34614161784076,0.19635890767230169,0.005157954876158333
"Yamamoto, Yoshinobu",808967,FC,Cutter,96,0.3056675989089209,90,7,1,24,16,21,82,40,0.07777777777777778,0.08333333333333333,0.7619047619047619,0.25,0.4878048780487805,0.32120546559277174,-0.32120546559277174,46.46182495344506,31.03448275862069,48.934052526809225,0.12483745123537061,-0.01553786668385082
"Yamamoto, Yoshinobu",808967,FF,4-Seam Fastball,222,0.29588181905519795,167,38,27,65,20,43,128,51,0.2275449101796407,0.2927927927927928,0.46511627906976744,0.2927927927927928,0.3984375,0.3223342242975346,-0.3223342242975346,45.06517690875233,45.50408719346049,47.779824334403976,0.2886866059817945,-0.026452405242336663
"Yamamoto, Yoshinobu",808967,FS,Split-Finger,233,0.19293865874200736,212,80,9,57,101,114,127,93,0.37735849056603776,0.38197424892703863,0.8859649122807017,0.2446351931330472,0.7322834645669292,0.22047983101344565,-0.22047983101344565,94.59962756052141,51.45631067961165,72.97192240241543,0.30299089726918077,-0.02754117227143829
"Yamamoto, Yoshinobu",808967,SI,Sinker,67,0.3635902523107251,55,4,3,24,19,27,50,33,0.07272727272727272,0.1044776119402985,0.7037037037037037,0.3582089552238806,0.66,0.3407753228956898,-0.3407753228956898,31.191806331471135,21.568627450980394,45.979844451747184,0.08712613784135241,0.022814929415035323
"Yarbrough, Ryan",642232,FC,Cutter,62,0.3853885248999141,52,2,3,19,3,10,49,16,0.038461538461538464,0.08064516129032258,0.3,0.3064516129032258,0.32653061224489793,0.396415775455068,-0.396415775455068,3.165735567970205,20.634920634920633,40.372735065472504,1.0,-0.011027250555153911
"Yates, Kirby",489446,FF,4-Seam Fastball,93,0.3161477390328478,74,16,8,22,17,28,54,12,0.21621621621621623,0.25806451612903225,0.6071428571428571,0.23655913978494625,0.2222222222222222,0.3133728212604596,-0.3133728212604596,51.76908752327747,27.00729927007299,50.5117644660115,0.5314285714285715,0.002774917772388197
"Yates, Kirby",489446,FS,Split-Finger,82,0.3277449974681952,74,21,0,23,29,37,52,22,0.28378378378378377,0.25609756097560976,0.7837837837837838,0.2804878048780488,0.4230769230769231,0.29387398323539765,-0.29387398323539765,62.75605214152699,27.00729927007299,53.47904688115918,0.4685714285714286,0.033871014232797536
"Young, Brandon",687064,FF,4-Seam Fastball,113,0.2976028173856464,96,12,7,36,21,29,83,27,0.125,0.168141592920354,0.7241379310344828,0.3185840707964602,0.3253012048192771,0.3386494541520551,-0.3386494541520551,32.86778398510242,32.432432432432435,44.475061653832604,0.6312849162011173,-0.041046636766408684
"Young, Brandon",687064,FS,Split-Finger,66,0.2843919745739345,64,18,0,19,24,26,45,26,0.28125,0.2727272727272727,0.9230769230769231,0.2878787878787879,0.5777777777777777,0.2665663684642339,-0.2665663684642339,77.56052141527002,24.242424242424242,56.71660741493144,0.3687150837988827,0.017825606109700576
"Zeferjahn, Ryan",666171,FF,4-Seam Fastball,88,0.2987193857072619,64,12,13,17,13,24,50,15,0.1875,0.2840909090909091,0.5416666666666666,0.19318181818181818,0.3,0.2949342808452795,-0.2949342808452795,62.290502793296085,24.242424242424242,53.01478471869533,0.5714285714285714,0.0037851048619824135
"Zeferjahn, Ryan",666171,ST,Sweeper,66,0.23035966926844198,51,19,8,9,17,23,32,12,0.37254901960784315,0.4090909090909091,0.7391304347826086,0.13636363636363635,0.375,0.2244508911870291,-0.2244508911870291,93.38919925512104,20.318725099601593,58.853227685162516,0.42857142857142855,0.00590877808141288
"Zerpa, Angel",672582,SI,Sinker,120,0.3089107939133326,88,4,15,36,10,25,83,62,0.045454545454545456,0.15833333333333333,0.4,0.3,0.7469879518072289,0.3342372614088607,-0.3342372614088607,37.05772811918063,30.555555555555557,46.077746741154556,0.5741626794258373,-0.025326467495528082
"Zerpa, Angel",672582,SL,Slider,89,0.3068537497911813,79,16,5,27,27,33,61,39,0.20253164556962025,0.23595505617977527,0.8181818181818182,0.30337078651685395,0.639344262295082,0.28500154363798375,-0.28500154363798375,68.0633147113594,28.31541218637993,55.148074728179246,0.4258373205741627,0.02185220615319755
"deGrom, Jacob",594798,FF,4-Seam Fastball,310,0.2993271305815268,269,47,19,93,47,73,212,54,0.17472118959107807,0.2129032258064516,0.6438356164383562,0.3,0.25471698113207547,0.3363338541648718,-0.3363338541648718,35.66108007448789,57.356076759061835,41.795610931773695,0.5254237288135594,-0.037006723583345
"deGrom, Jacob",594798,SL,Slider,280,0.2730813691692811,248,64,17,70,100,119,179,94,0.25806451612903225,0.2892857142857143,0.8403361344537815,0.25,0.5251396648044693,0.2637776635667592,-0.2637776635667592,79.2364990689013,55.35714285714286,66.20527400904496,0.4745762711864407,0.009303705602521917
