player_name,comp_player_name,season,p_throws,rank,physical_distance
"Akin, Keegan","Price, David",2022,L,1,0.4280889552088816
"Akin, Keegan","Luzardo, Jesús",2022,L,2,0.5126126153643805
"Akin, Keegan","Banks, Tanner",2022,L,3,0.5830352382662485
"Akin, Keegan","Naughton, Packy",2022,L,4,0.6044487681205839
"Akin, Keegan","Ferguson, Caleb",2022,L,5,0.7110617881758987
"Akin, Keegan","Urías, Julio",2022,L,6,0.7359222168214818
"Akin, Keegan","McCarty, Kirk",2022,L,7,0.7584142335239852
"Akin, Keegan","Suarez, Ranger",2022,L,8,0.7908594180593225
"Akin, Keegan","Rodriguez, Eduardo",2022,L,9,0.8517567970834365
"Akin, Keegan","Alexander, Scott",2022,L,10,0.8717785415135941
"Alexander, Scott","Rodriguez, Eduardo",2022,L,1,0.2119395218452582
"Alexander, Scott","Banda, Anthony",2022,L,2,0.28089675450177676
"Alexander, Scott","Ferguson, Caleb",2022,L,3,0.4593702591456584
"Alexander, Scott","Gilbreath, Lucas",2022,L,4,0.46388703942524767
"Alexander, Scott","Suarez, Ranger",2022,L,5,0.4743722688295237
"Alexander, Scott","Szapucki, Thomas",2022,L,6,0.4851806015350981
"Alexander, Scott","Price, David",2022,L,7,0.590636468089746
"Alexander, Scott","Cabrera, Génesis",2022,L,8,0.649236156160297
"Alexander, Scott","Lauer, Eric",2022,L,9,0.6509453667238246
"Alexander, Scott","McCarty, Kirk",2022,L,10,0.756864058773686
"Alexander, Tyler","Shreve, Chasen",2022,L,1,0.40863306079023887
"Alexander, Tyler","Alvarez, Jose",2022,L,2,0.4737141023716855
"Alexander, Tyler","Quintana, Jose",2022,L,3,0.5074319374823806
"Alexander, Tyler","Boyd, Matthew",2022,L,4,0.599487986824657
"Alexander, Tyler","Rogers, Josh",2022,L,5,0.6046142821825082
"Alexander, Tyler","Davis, Austin",2022,L,6,0.6630521459439227
"Alexander, Tyler","Anderson, Tyler",2022,L,7,0.6657426183728162
"Alexander, Tyler","Bubic, Kris",2022,L,8,0.6676178855638635
"Alexander, Tyler","Banuelos, Manny",2022,L,9,0.7150753662468347
"Alexander, Tyler","Okert, Steven",2022,L,10,0.7170842089888869
"Allard, Kolby","Vieaux, Cam",2022,L,1,0.2739120510693479
"Allard, Kolby","King, John",2022,L,2,0.4272685876903483
"Allard, Kolby","Peters, Dillon",2022,L,3,0.42924176833788036
"Allard, Kolby","Speier, Gabe",2022,L,4,0.533434953961048
"Allard, Kolby","Boyd, Matthew",2022,L,5,0.5632665392682946
"Allard, Kolby","Suarez, José",2022,L,6,0.6578508876178637
"Allard, Kolby","Nelson, Kyle",2022,L,7,0.6703125499581055
"Allard, Kolby","Fry, Paul",2022,L,8,0.6782465264658005
"Allard, Kolby","Hughes, Brandon",2022,L,9,0.7242493688911718
"Allard, Kolby","Cortes, Nestor",2022,L,10,0.7513194977498897
"Allen, Logan","Gilbert, Tyler",2022,L,1,0.35165524060642045
"Allen, Logan","Young, Alex",2022,L,2,0.4220317465370198
"Allen, Logan","Castano, Daniel",2022,L,3,0.4798705292493325
"Allen, Logan","Anderson, Tyler",2022,L,4,0.5621986194341607
"Allen, Logan","Detmers, Reid",2022,L,5,0.6276988498145859
"Allen, Logan","Smyly, Drew",2022,L,6,0.6723524979826903
"Allen, Logan","Keuchel, Dallas",2022,L,7,0.7061394604216826
"Allen, Logan","Vespi, Nick",2022,L,8,0.7110125381053773
"Allen, Logan","Smeltzer, Devin",2022,L,9,0.7428854378387169
"Allen, Logan","Norris, Daniel",2022,L,10,0.8127087823096224
"Alvarado, José","Burke, Brock",2022,L,1,1.7647651985069712
"Alvarado, José","Chapman, Aroldis",2022,L,2,1.8569573322028208
"Alvarado, José","Beeks, Jalen",2022,L,3,1.8711497771968866
"Alvarado, José","Soto, Gregory",2022,L,4,1.9242980070182405
"Alvarado, José","Mayza, Tim",2022,L,5,1.954893556215
"Alvarado, José","Morejon, Adrian",2022,L,6,1.9774623467364725
"Alvarado, José","Snell, Blake",2022,L,7,1.9993692104316465
"Alvarado, José","Hentges, Sam",2022,L,8,2.1073254807456197
"Alvarado, José","Matzek, Tyler",2022,L,9,2.3456508071807574
"Alvarado, José","Taylor, Blake",2022,L,10,2.450986719251388
"Alvarez, Jose","Quintana, Jose",2022,L,1,0.18847789879533036
"Alvarez, Jose","Shreve, Chasen",2022,L,2,0.21774538491734538
"Alvarez, Jose","Bubic, Kris",2022,L,3,0.3287804527936049
"Alvarez, Jose","Freeland, Kyle",2022,L,4,0.39143081744435143
"Alvarez, Jose","Alexander, Tyler",2022,L,5,0.4737141023716855
"Alvarez, Jose","Bumgarner, Madison",2022,L,6,0.4971284529648491
"Alvarez, Jose","Banuelos, Manny",2022,L,7,0.5995124076868548
"Alvarez, Jose","Springs, Jeffrey",2022,L,8,0.6119386288219162
"Alvarez, Jose","Fleming, Josh",2022,L,9,0.6498554911304744
"Alvarez, Jose","Henry, Tommy",2022,L,10,0.6812756017573391
"Anderson, Tyler","Castano, Daniel",2022,L,1,0.3109895402570379
"Anderson, Tyler","Gilbert, Tyler",2022,L,2,0.5253524860012827
"Anderson, Tyler","Allen, Logan",2022,L,3,0.5621986194341607
"Anderson, Tyler","Zimmermann, Bruce",2022,L,4,0.6378152216877641
"Anderson, Tyler","Young, Alex",2022,L,5,0.6639326649426031
"Anderson, Tyler","Alexander, Tyler",2022,L,6,0.6657426183728162
"Anderson, Tyler","Rogers, Josh",2022,L,7,0.6764595552450916
"Anderson, Tyler","Keuchel, Dallas",2022,L,8,0.7300616176216166
"Anderson, Tyler","Miley, Wade",2022,L,9,0.7326317149252455
"Anderson, Tyler","Kershaw, Clayton",2022,L,10,0.7414409116180953
"Ashby, Aaron","Detwiler, Ross",2022,L,1,0.6683205128306292
"Ashby, Aaron","Smith, Caleb",2022,L,2,0.717346397244512
"Ashby, Aaron","Pérez, Francisco",2022,L,3,0.9603942661648286
"Ashby, Aaron","Newcomb, Sean",2022,L,4,1.007091802899311
"Ashby, Aaron","Urías, Julio",2022,L,5,1.0153669529169609
"Ashby, Aaron","Valdez, Framber",2022,L,6,1.0540453837770525
"Ashby, Aaron","Minor, Mike",2022,L,7,1.0657257702902145
"Ashby, Aaron","Detmers, Reid",2022,L,8,1.11859518545825
"Ashby, Aaron","Misiewicz, Anthony",2022,L,9,1.1548836726881637
"Ashby, Aaron","Luzardo, Jesús",2022,L,10,1.297970099227051
"Banda, Anthony","Rodriguez, Eduardo",2022,L,1,0.27581905175653765
"Banda, Anthony","Alexander, Scott",2022,L,2,0.28089675450177676
"Banda, Anthony","Szapucki, Thomas",2022,L,3,0.3700274320484735
"Banda, Anthony","Gilbreath, Lucas",2022,L,4,0.44880924147708323
"Banda, Anthony","Suarez, Ranger",2022,L,5,0.4804676370868863
"Banda, Anthony","Ferguson, Caleb",2022,L,6,0.5411223689793633
"Banda, Anthony","Strahm, Matt",2022,L,7,0.6618060277476201
"Banda, Anthony","Lauer, Eric",2022,L,8,0.6630941684809936
"Banda, Anthony","Garrett, Amir",2022,L,9,0.6735600535617947
"Banda, Anthony","Matz, Steven",2022,L,10,0.7128251177812914
"Banks, Tanner","Akin, Keegan",2022,L,1,0.5830352382662485
"Banks, Tanner","Price, David",2022,L,2,0.7762363769048741
"Banks, Tanner","Smith, Caleb",2022,L,3,0.7863135015492991
"Banks, Tanner","Sandoval, Patrick",2022,L,4,0.8739802642159253
"Banks, Tanner","Davidson, Tucker",2022,L,5,0.9204928968927599
"Banks, Tanner","Luzardo, Jesús",2022,L,6,0.9348866477319258
"Banks, Tanner","Newcomb, Sean",2022,L,7,0.9401147711380623
"Banks, Tanner","Moore, Matt",2022,L,8,0.9438366028518442
"Banks, Tanner","Urías, Julio",2022,L,9,0.9496083367623428
"Banks, Tanner","Skubal, Tarik",2022,L,10,0.9585273173067825
"Banuelos, Manny","Matz, Steven",2022,L,1,0.4752195210280858
"Banuelos, Manny","Henry, Tommy",2022,L,2,0.5068061298952033
"Banuelos, Manny","Hughes, Brandon",2022,L,3,0.5290790254900741
"Banuelos, Manny","Peters, Dillon",2022,L,4,0.5458035615739559
"Banuelos, Manny","Fleming, Josh",2022,L,5,0.5643126582285511
"Banuelos, Manny","Alvarez, Jose",2022,L,6,0.5995124076868548
"Banuelos, Manny","Freeland, Kyle",2022,L,7,0.6273055793812791
"Banuelos, Manny","Shreve, Chasen",2022,L,8,0.6554084180066729
"Banuelos, Manny","Quintana, Jose",2022,L,9,0.6737828656873418
"Banuelos, Manny","Alexander, Tyler",2022,L,10,0.7150753662468347
"Beeks, Jalen","Morejon, Adrian",2022,L,1,0.7361159561380815
"Beeks, Jalen","Taylor, Blake",2022,L,2,0.8039037058575121
"Beeks, Jalen","Vesia, Alex",2022,L,3,0.8690316917744999
"Beeks, Jalen","Matzek, Tyler",2022,L,4,0.8968504942701973
"Beeks, Jalen","Hentges, Sam",2022,L,5,0.9360779883798774
"Beeks, Jalen","Mayza, Tim",2022,L,6,1.004395907385232
"Beeks, Jalen","Burke, Brock",2022,L,7,1.081480619152154
"Beeks, Jalen","Sousa, Bennett",2022,L,8,1.1562463760509354
"Beeks, Jalen","Ray, Robbie",2022,L,9,1.1638882646976938
"Beeks, Jalen","McClanahan, Shane",2022,L,10,1.1734023839604013
"Blach, Ty","Hand, Brad",2022,L,1,1.1359351323067441
"Blach, Ty","Detmers, Reid",2022,L,2,1.1854026224524548
"Blach, Ty","McFarland, T.J.",2022,L,3,1.224703482940307
"Blach, Ty","Detwiler, Ross",2022,L,4,1.3269445647694929
"Blach, Ty","Minor, Mike",2022,L,5,1.3303783537584222
"Blach, Ty","Smith, Caleb",2022,L,6,1.385821298125725
"Blach, Ty","Urías, Julio",2022,L,7,1.4005443506509534
"Blach, Ty","Vespi, Nick",2022,L,8,1.450798538233568
"Blach, Ty","Smyly, Drew",2022,L,9,1.503704062677115
"Blach, Ty","Ashby, Aaron",2022,L,10,1.5272262505857432
"Bleier, Richard","Bumgarner, Madison",2022,L,1,0.5922765964795
"Bleier, Richard","Garrett, Braxton",2022,L,2,0.6638385514552951
"Bleier, Richard","Springs, Jeffrey",2022,L,3,0.668968242780816
"Bleier, Richard","Quintana, Jose",2022,L,4,0.6744317565691529
"Bleier, Richard","Alvarez, Jose",2022,L,5,0.7900098161166244
"Bleier, Richard","Koenig, Jared",2022,L,6,0.8733732927917649
"Bleier, Richard","Bubic, Kris",2022,L,7,0.9076769752060426
"Bleier, Richard","Bruihl, Justin",2022,L,8,0.9252762015982609
"Bleier, Richard","García, Jarlín",2022,L,9,0.9253158641176543
"Bleier, Richard","Shreve, Chasen",2022,L,10,0.9284628394681265
"Borucki, Ryan","Kikuchi, Yusei",2022,L,1,0.5732821938079773
"Borucki, Ryan","Rogers, Trevor",2022,L,2,0.6784139142012652
"Borucki, Ryan","Vesia, Alex",2022,L,3,0.7762394527661552
"Borucki, Ryan","Gore, MacKenzie",2022,L,4,0.8503081025604929
"Borucki, Ryan","Nardi, Andrew",2022,L,5,0.8611816658864208
"Borucki, Ryan","Quijada, José",2022,L,6,0.9092475762585317
"Borucki, Ryan","Lynch IV, Daniel",2022,L,7,0.9706407131224766
"Borucki, Ryan","Morejon, Adrian",2022,L,8,0.9775824011745751
"Borucki, Ryan","Bummer, Aaron",2022,L,9,0.9788621349028499
"Borucki, Ryan","Strahm, Matt",2022,L,10,1.0217678374619736
"Boyd, Matthew","Suarez, José",2022,L,1,0.44281233696627376
"Boyd, Matthew","Allard, Kolby",2022,L,2,0.5632665392682946
"Boyd, Matthew","Vieaux, Cam",2022,L,3,0.5831950991364621
"Boyd, Matthew","Alexander, Tyler",2022,L,4,0.599487986824657
"Boyd, Matthew","King, John",2022,L,5,0.6484284047865159
"Boyd, Matthew","Okert, Steven",2022,L,6,0.749363123037976
"Boyd, Matthew","Peters, Dillon",2022,L,7,0.7551197917443632
"Boyd, Matthew","Rogers, Josh",2022,L,8,0.8263632205950022
"Boyd, Matthew","Shreve, Chasen",2022,L,9,0.8291961960030313
"Boyd, Matthew","Young, Alex",2022,L,10,0.8384439129324787
"Bruihl, Justin","Díaz, Jhonathan",2022,L,1,0.19324908603797464
"Bruihl, Justin","Bumgarner, Madison",2022,L,2,0.7401407735270409
"Bruihl, Justin","Mantiply, Joe",2022,L,3,0.7872500847746119
"Bruihl, Justin","Shreve, Chasen",2022,L,4,0.9244849070319725
"Bruihl, Justin","Bleier, Richard",2022,L,5,0.9252762015982609
"Bruihl, Justin","Koenig, Jared",2022,L,6,0.9324347694588145
"Bruihl, Justin","Bubic, Kris",2022,L,7,0.951082472273847
"Bruihl, Justin","Gonzales, Marco",2022,L,8,0.9692380622059154
"Bruihl, Justin","Alvarez, Jose",2022,L,9,0.9882612036639563
"Bruihl, Justin","Okert, Steven",2022,L,10,1.014849452787681
"Bubic, Kris","Freeland, Kyle",2022,L,1,0.2578342790640915
"Bubic, Kris","Alvarez, Jose",2022,L,2,0.3287804527936049
"Bubic, Kris","Shreve, Chasen",2022,L,3,0.3442316360855302
"Bubic, Kris","Quintana, Jose",2022,L,4,0.48036030060648016
"Bubic, Kris","Selman, Sam",2022,L,5,0.6114526536322256
"Bubic, Kris","Koenig, Jared",2022,L,6,0.6594693740211465
"Bubic, Kris","Alexander, Tyler",2022,L,7,0.6676178855638635
"Bubic, Kris","Bumgarner, Madison",2022,L,8,0.6733498331569889
"Bubic, Kris","Springs, Jeffrey",2022,L,9,0.7589955951404975
"Bubic, Kris","Henry, Tommy",2022,L,10,0.7707260363118985
"Bumgarner, Madison","Fleming, Josh",2022,L,1,0.41911366212028767
"Bumgarner, Madison","Quintana, Jose",2022,L,2,0.4828837781071279
"Bumgarner, Madison","Alvarez, Jose",2022,L,3,0.4971284529648491
"Bumgarner, Madison","Shreve, Chasen",2022,L,4,0.5696643793938988
"Bumgarner, Madison","Bleier, Richard",2022,L,5,0.5922765964795
"Bumgarner, Madison","Freeland, Kyle",2022,L,6,0.648978471540265
"Bumgarner, Madison","Bubic, Kris",2022,L,7,0.6733498331569889
"Bumgarner, Madison","Bruihl, Justin",2022,L,8,0.7401407735270409
"Bumgarner, Madison","Banuelos, Manny",2022,L,9,0.7434489284016379
"Bumgarner, Madison","Henry, Tommy",2022,L,10,0.7441653687744714
"Bummer, Aaron","Strahm, Matt",2022,L,1,0.3583016269684412
"Bummer, Aaron","Cleavinger, Garrett",2022,L,2,0.6960234398014187
"Bummer, Aaron","Scott, Tanner",2022,L,3,0.7124251429538598
"Bummer, Aaron","Snead, Kirby",2022,L,4,0.7448705911523851
"Bummer, Aaron","Lodolo, Nick",2022,L,5,0.7922621116661231
"Bummer, Aaron","Heaney, Andrew",2022,L,6,0.7979183849058846
"Bummer, Aaron","Hughes, Brandon",2022,L,7,0.8060294606952599
"Bummer, Aaron","Szapucki, Thomas",2022,L,8,0.8256556944645126
"Bummer, Aaron","Diekman, Jake",2022,L,9,0.840602406277804
"Bummer, Aaron","Banda, Anthony",2022,L,10,0.9012955178766042
"Burke, Brock","Snell, Blake",2022,L,1,0.8618900259079839
"Burke, Brock","Hentges, Sam",2022,L,2,0.898469844452444
"Burke, Brock","Gore, MacKenzie",2022,L,3,0.9049062636759834
"Burke, Brock","Chapman, Aroldis",2022,L,4,0.9240268905373208
"Burke, Brock","Sánchez, Cristopher",2022,L,5,1.0434575132050552
"Burke, Brock","McClanahan, Shane",2022,L,6,1.0582421131831068
"Burke, Brock","Taylor, Blake",2022,L,7,1.0705400266859952
"Burke, Brock","Beeks, Jalen",2022,L,8,1.081480619152154
"Burke, Brock","Nardi, Andrew",2022,L,9,1.0889430650400207
"Burke, Brock","Poche, Colin",2022,L,10,1.1264080531575158
"Cabrera, Génesis","Lauer, Eric",2022,L,1,0.4914737659373167
"Cabrera, Génesis","Sousa, Bennett",2022,L,2,0.5140499451268165
"Cabrera, Génesis","Gilbreath, Lucas",2022,L,3,0.5820304304178091
"Cabrera, Génesis","Rodriguez, Eduardo",2022,L,4,0.5863137702856394
"Cabrera, Génesis","Davidson, Tucker",2022,L,5,0.5884379072673375
"Cabrera, Génesis","McCarty, Kirk",2022,L,6,0.625514256464809
"Cabrera, Génesis","Alexander, Scott",2022,L,7,0.649236156160297
"Cabrera, Génesis","Skubal, Tarik",2022,L,8,0.6840937126356623
"Cabrera, Génesis","Steele, Justin",2022,L,9,0.7096601078464515
"Cabrera, Génesis","Suarez, Ranger",2022,L,10,0.7126622262947784
"Castano, Daniel","Anderson, Tyler",2022,L,1,0.3109895402570379
"Castano, Daniel","Allen, Logan",2022,L,2,0.4798705292493325
"Castano, Daniel","Gilbert, Tyler",2022,L,3,0.6229198549074227
"Castano, Daniel","Miley, Wade",2022,L,4,0.6334696317233012
"Castano, Daniel","Keuchel, Dallas",2022,L,5,0.6873367609067016
"Castano, Daniel","Zimmermann, Bruce",2022,L,6,0.7116575578290438
"Castano, Daniel","Smith, Will",2022,L,7,0.7493614193941207
"Castano, Daniel","Young, Alex",2022,L,8,0.7599277435634477
"Castano, Daniel","Sandoval, Patrick",2022,L,9,0.7934810258437083
"Castano, Daniel","Rogers, Josh",2022,L,10,0.8126860720866145
"Chafin, Andrew","Muller, Kyle",2022,L,1,0.3326259146480029
"Chafin, Andrew","Martin, Brett",2022,L,2,0.4170286937318974
"Chafin, Andrew","Lee, Dylan",2022,L,3,0.47951005370148986
"Chafin, Andrew","Corbin, Patrick",2022,L,4,0.6045638579773042
"Chafin, Andrew","Montgomery, Jordan",2022,L,5,0.6127638656209634
"Chafin, Andrew","Taylor, Blake",2022,L,6,0.719841294748518
"Chafin, Andrew","García, Jarlín",2022,L,7,0.7485547778194591
"Chafin, Andrew","Steele, Justin",2022,L,8,0.7594415272103935
"Chafin, Andrew","Gage, Matt",2022,L,9,0.7664303201594347
"Chafin, Andrew","Pilkington, Konnor",2022,L,10,0.7688257353744344
"Chapman, Aroldis","Burke, Brock",2022,L,1,0.9240268905373208
"Chapman, Aroldis","Poche, Colin",2022,L,2,1.2815700513135269
"Chapman, Aroldis","Gore, MacKenzie",2022,L,3,1.3747817487180298
"Chapman, Aroldis","Sánchez, Cristopher",2022,L,4,1.4081921245221112
"Chapman, Aroldis","McClanahan, Shane",2022,L,5,1.508669701988865
"Chapman, Aroldis","Beeks, Jalen",2022,L,6,1.5978418348358814
"Chapman, Aroldis","Kikuchi, Yusei",2022,L,7,1.6566897038895347
"Chapman, Aroldis","Snell, Blake",2022,L,8,1.7058933638046414
"Chapman, Aroldis","Hentges, Sam",2022,L,9,1.73704974533315
"Chapman, Aroldis","Taylor, Blake",2022,L,10,1.763658980047168
"Cleavinger, Garrett","Bummer, Aaron",2022,L,1,0.6960234398014187
"Cleavinger, Garrett","Strahm, Matt",2022,L,2,0.7581229912952275
"Cleavinger, Garrett","Snead, Kirby",2022,L,3,0.7628077332882222
"Cleavinger, Garrett","Heaney, Andrew",2022,L,4,0.8365507197888399
"Cleavinger, Garrett","Peters, Dillon",2022,L,5,0.8443507889589473
"Cleavinger, Garrett","Hughes, Brandon",2022,L,6,0.8474075073942934
"Cleavinger, Garrett","Speier, Gabe",2022,L,7,0.8527014365070311
"Cleavinger, Garrett","Fry, Paul",2022,L,8,0.9037317421144231
"Cleavinger, Garrett","Szapucki, Thomas",2022,L,9,0.9383216409943762
"Cleavinger, Garrett","Wood, Alex",2022,L,10,0.9578995871186325
"Corbin, Patrick","Montgomery, Jordan",2022,L,1,0.5383111092155112
"Corbin, Patrick","Chafin, Andrew",2022,L,2,0.6045638579773042
"Corbin, Patrick","Martin, Brett",2022,L,3,0.7666154320062809
"Corbin, Patrick","Muller, Kyle",2022,L,4,0.8250602491838875
"Corbin, Patrick","Lee, Dylan",2022,L,5,0.8468071590246944
"Corbin, Patrick","McClanahan, Shane",2022,L,6,0.9208239491683075
"Corbin, Patrick","Taylor, Blake",2022,L,7,0.9331822480609523
"Corbin, Patrick","Sánchez, Cristopher",2022,L,8,0.9873375719512623
"Corbin, Patrick","Hentges, Sam",2022,L,9,1.0108634513808332
"Corbin, Patrick","Thompson, Zack",2022,L,10,1.0210939817272666
"Cortes, Nestor","Rogers, Taylor",2022,L,1,0.38514643170688506
"Cortes, Nestor","Nelson, Kyle",2022,L,2,0.4949540495300856
"Cortes, Nestor","Vieaux, Cam",2022,L,3,0.5589401555743562
"Cortes, Nestor","Urías, Julio",2022,L,4,0.6384310430068323
"Cortes, Nestor","Norris, Daniel",2022,L,5,0.6561007503313895
"Cortes, Nestor","Naughton, Packy",2022,L,6,0.6566840239929191
"Cortes, Nestor","Young, Alex",2022,L,7,0.7218005230851204
"Cortes, Nestor","Misiewicz, Anthony",2022,L,8,0.7481316585986061
"Cortes, Nestor","Allard, Kolby",2022,L,9,0.7513194977498897
"Cortes, Nestor","McFarland, T.J.",2022,L,10,0.7708915662556743
"Coulombe, Danny","Misiewicz, Anthony",2022,L,1,1.0840163636942837
"Coulombe, Danny","Keuchel, Dallas",2022,L,2,1.0878214683765275
"Coulombe, Danny","Minor, Mike",2022,L,3,1.1990199346134516
"Coulombe, Danny","Gilbert, Tyler",2022,L,4,1.2081017202109672
"Coulombe, Danny","Thielbar, Caleb",2022,L,5,1.2790452485114874
"Coulombe, Danny","Smeltzer, Devin",2022,L,6,1.31646072033664
"Coulombe, Danny","Nelson, Kyle",2022,L,7,1.323282198395259
"Coulombe, Danny","Long, Sam",2022,L,8,1.328568028073838
"Coulombe, Danny","Allen, Logan",2022,L,9,1.3824974262164804
"Coulombe, Danny","Zimmermann, Bruce",2022,L,10,1.3995376127742547
"Davidson, Tucker","Steele, Justin",2022,L,1,0.3230772171815204
"Davidson, Tucker","Moore, Matt",2022,L,2,0.3339865367983229
"Davidson, Tucker","Lauer, Eric",2022,L,3,0.4812407532433059
"Davidson, Tucker","Wentz, Joey",2022,L,4,0.5396994789653495
"Davidson, Tucker","Sousa, Bennett",2022,L,5,0.5550443985002014
"Davidson, Tucker","Sandoval, Patrick",2022,L,6,0.5823045012764269
"Davidson, Tucker","Cabrera, Génesis",2022,L,7,0.5884379072673375
"Davidson, Tucker","Fried, Max",2022,L,8,0.5892996925687167
"Davidson, Tucker","Skubal, Tarik",2022,L,9,0.6468169855880451
"Davidson, Tucker","McCarty, Kirk",2022,L,10,0.647099594563373
"Davis, Austin","Rogers, Josh",2022,L,1,0.39356390009448483
"Davis, Austin","Garrett, Amir",2022,L,2,0.4698498719527394
"Davis, Austin","Garrett, Braxton",2022,L,3,0.5375481772091734
"Davis, Austin","Matz, Steven",2022,L,4,0.5797842973916252
"Davis, Austin","Quintana, Jose",2022,L,5,0.611020362788292
"Davis, Austin","Suarez, Ranger",2022,L,6,0.6487316854413071
"Davis, Austin","Alexander, Tyler",2022,L,7,0.6630521459439227
"Davis, Austin","Pilkington, Konnor",2022,L,8,0.669336081334757
"Davis, Austin","Steele, Justin",2022,L,9,0.6714484458406308
"Davis, Austin","Alvarez, Jose",2022,L,10,0.7298285976276161
"Detmers, Reid","Urías, Julio",2022,L,1,0.5093671011771843
"Detmers, Reid","Smith, Caleb",2022,L,2,0.5647679816476203
"Detmers, Reid","Allen, Logan",2022,L,3,0.6276988498145859
"Detmers, Reid","Minor, Mike",2022,L,4,0.6478927243944856
"Detmers, Reid","Gilbert, Tyler",2022,L,5,0.7185814972168838
"Detmers, Reid","Hand, Brad",2022,L,6,0.7218815756235752
"Detmers, Reid","Young, Alex",2022,L,7,0.7239339431277232
"Detmers, Reid","McFarland, T.J.",2022,L,8,0.7260383202271725
"Detmers, Reid","Smyly, Drew",2022,L,9,0.7266797752878955
"Detmers, Reid","Misiewicz, Anthony",2022,L,10,0.7901575451776895
"Detwiler, Ross","Ashby, Aaron",2022,L,1,0.6683205128306292
"Detwiler, Ross","Smith, Caleb",2022,L,2,0.6961474614377285
"Detwiler, Ross","Newcomb, Sean",2022,L,3,0.8224535525353184
"Detwiler, Ross","Banks, Tanner",2022,L,4,1.0117366093784075
"Detwiler, Ross","Pérez, Francisco",2022,L,5,1.105425713555714
"Detwiler, Ross","Detmers, Reid",2022,L,6,1.1347310269423845
"Detwiler, Ross","Urías, Julio",2022,L,7,1.1602326876013236
"Detwiler, Ross","Smyly, Drew",2022,L,8,1.2437153313953915
"Detwiler, Ross","Hand, Brad",2022,L,9,1.2837937865117257
"Detwiler, Ross","Valdez, Framber",2022,L,10,1.2880414283755686
"Diekman, Jake","Rodríguez, Joely",2022,L,1,0.2220834859901947
"Diekman, Jake","Lodolo, Nick",2022,L,2,0.3629770986804238
"Diekman, Jake","Strahm, Matt",2022,L,3,0.6720498801369339
"Diekman, Jake","Bummer, Aaron",2022,L,4,0.840602406277804
"Diekman, Jake","Szapucki, Thomas",2022,L,5,0.8483389366059528
"Diekman, Jake","Garrett, Amir",2022,L,6,0.8543357345178134
"Diekman, Jake","Snead, Kirby",2022,L,7,0.9177812745197608
"Diekman, Jake","Scott, Tanner",2022,L,8,0.932223646235993
"Diekman, Jake","Hughes, Brandon",2022,L,9,0.9619263166543223
"Diekman, Jake","Heaney, Andrew",2022,L,10,0.9702321842620145
"Díaz, Jhonathan","Bruihl, Justin",2022,L,1,0.19324908603797464
"Díaz, Jhonathan","Mantiply, Joe",2022,L,2,0.7921411001746348
"Díaz, Jhonathan","Bumgarner, Madison",2022,L,3,0.8267607689911545
"Díaz, Jhonathan","Bleier, Richard",2022,L,4,0.9834714933316505
"Díaz, Jhonathan","Okert, Steven",2022,L,5,1.0155900315832453
"Díaz, Jhonathan","Gonzales, Marco",2022,L,6,1.0397756075073001
"Díaz, Jhonathan","Koenig, Jared",2022,L,7,1.0472207881682873
"Díaz, Jhonathan","Shreve, Chasen",2022,L,8,1.0563502348707223
"Díaz, Jhonathan","Fleming, Josh",2022,L,9,1.0725403335549297
"Díaz, Jhonathan","Bubic, Kris",2022,L,10,1.1188987265080346
"Falter, Bailey","Peterson, David",2022,L,1,1.375722893210622
"Falter, Bailey","Manaea, Sean",2022,L,2,1.4839158091797415
"Falter, Bailey","Poche, Colin",2022,L,3,1.498661620496881
"Falter, Bailey","Waldichuk, Ken",2022,L,4,1.5820117304887302
"Falter, Bailey","Sánchez, Cristopher",2022,L,5,1.5991526281330428
"Falter, Bailey","Lynch IV, Daniel",2022,L,6,1.644343751736017
"Falter, Bailey","Gore, MacKenzie",2022,L,7,1.9013589722099942
"Falter, Bailey","McClanahan, Shane",2022,L,8,1.9203559768843492
"Falter, Bailey","Thompson, Zack",2022,L,9,1.9207717197806382
"Falter, Bailey","Suter, Brent",2022,L,10,1.9866285028855348
"Ferguson, Caleb","Suarez, Ranger",2022,L,1,0.25897313173040537
"Ferguson, Caleb","Szapucki, Thomas",2022,L,2,0.37488851046763216
"Ferguson, Caleb","Rodriguez, Eduardo",2022,L,3,0.39347373482869763
"Ferguson, Caleb","Price, David",2022,L,4,0.451151083788504
"Ferguson, Caleb","Alexander, Scott",2022,L,5,0.4593702591456584
"Ferguson, Caleb","Garrett, Amir",2022,L,6,0.4961743091883731
"Ferguson, Caleb","Banda, Anthony",2022,L,7,0.5411223689793633
"Ferguson, Caleb","Speier, Gabe",2022,L,8,0.635833822807193
"Ferguson, Caleb","Lauer, Eric",2022,L,9,0.6471272722560882
"Ferguson, Caleb","McCarty, Kirk",2022,L,10,0.7071111921568642
"Fleming, Josh","Bumgarner, Madison",2022,L,1,0.41911366212028767
"Fleming, Josh","Banuelos, Manny",2022,L,2,0.5643126582285511
"Fleming, Josh","Sanmartin, Reiver",2022,L,3,0.6152235842962733
"Fleming, Josh","Mantiply, Joe",2022,L,4,0.6264252224980592
"Fleming, Josh","Quintana, Jose",2022,L,5,0.6490190104971653
"Fleming, Josh","Alvarez, Jose",2022,L,6,0.6498554911304744
"Fleming, Josh","Shreve, Chasen",2022,L,7,0.6715351117777646
"Fleming, Josh","Hughes, Brandon",2022,L,8,0.6883178798113689
"Fleming, Josh","Okert, Steven",2022,L,9,0.7250720579107144
"Fleming, Josh","Davis, Austin",2022,L,10,0.7612663034108204
"Fletcher, Aaron","Logue, Zach",2022,L,1,0.9227364879333729
"Fletcher, Aaron","Stout, Eric",2022,L,2,1.0100089349890766
"Fletcher, Aaron","Suarez, José",2022,L,3,1.0850167923982341
"Fletcher, Aaron","Raley, Brooks",2022,L,4,1.1330173754339972
"Fletcher, Aaron","King, John",2022,L,5,1.2298915762462859
"Fletcher, Aaron","Boyd, Matthew",2022,L,6,1.3493937908081233
"Fletcher, Aaron","Vieaux, Cam",2022,L,7,1.3546827575728868
"Fletcher, Aaron","Rogers, Taylor",2022,L,8,1.379029880510421
"Fletcher, Aaron","Norris, Daniel",2022,L,9,1.442243104971125
"Fletcher, Aaron","Smeltzer, Devin",2022,L,10,1.5153651283788776
"Freeland, Kyle","Bubic, Kris",2022,L,1,0.2578342790640915
"Freeland, Kyle","Alvarez, Jose",2022,L,2,0.39143081744435143
"Freeland, Kyle","Shreve, Chasen",2022,L,3,0.43536427805461286
"Freeland, Kyle","Quintana, Jose",2022,L,4,0.5580147931404204
"Freeland, Kyle","Henry, Tommy",2022,L,5,0.5718448916094024
"Freeland, Kyle","Banuelos, Manny",2022,L,6,0.6273055793812791
"Freeland, Kyle","Bumgarner, Madison",2022,L,7,0.648978471540265
"Freeland, Kyle","Morán, Jovani",2022,L,8,0.6908139648663023
"Freeland, Kyle","García, Jarlín",2022,L,9,0.7482493742588259
"Freeland, Kyle","Alexander, Tyler",2022,L,10,0.753335884218934
"Fried, Max","Irvin, Cole",2022,L,1,0.4649480927854261
"Fried, Max","Steele, Justin",2022,L,2,0.4741021402486196
"Fried, Max","Wentz, Joey",2022,L,3,0.5433561394084914
"Fried, Max","Kershaw, Clayton",2022,L,4,0.548237130870151
"Fried, Max","Pilkington, Konnor",2022,L,5,0.5753191699388744
"Fried, Max","Lauer, Eric",2022,L,6,0.5841726523589881
"Fried, Max","Davidson, Tucker",2022,L,7,0.5892996925687167
"Fried, Max","Zimmermann, Bruce",2022,L,8,0.6551998969113808
"Fried, Max","García, Jarlín",2022,L,9,0.6631837406373498
"Fried, Max","Matz, Steven",2022,L,10,0.6683824402037944
"Fry, Paul","Snead, Kirby",2022,L,1,0.4279908925400889
"Fry, Paul","Hughes, Brandon",2022,L,2,0.5583867284697045
"Fry, Paul","King, John",2022,L,3,0.5656419781109598
"Fry, Paul","Heaney, Andrew",2022,L,4,0.6350664556466852
"Fry, Paul","Peters, Dillon",2022,L,5,0.660182238815663
"Fry, Paul","Allard, Kolby",2022,L,6,0.6782465264658005
"Fry, Paul","Wood, Alex",2022,L,7,0.6914252555194129
"Fry, Paul","Suarez, José",2022,L,8,0.6981526787563563
"Fry, Paul","Speier, Gabe",2022,L,9,0.7920708014991932
"Fry, Paul","Vieaux, Cam",2022,L,10,0.8421593670406701
"Gage, Matt","Moore, Matt",2022,L,1,0.580814007094602
"Gage, Matt","Sousa, Bennett",2022,L,2,0.5943653780543681
"Gage, Matt","Martin, Brett",2022,L,3,0.605790880930181
"Gage, Matt","Skubal, Tarik",2022,L,4,0.6860117098834952
"Gage, Matt","Rodón, Carlos",2022,L,5,0.6915526103861952
"Gage, Matt","Davidson, Tucker",2022,L,6,0.6983831635491788
"Gage, Matt","Lee, Dylan",2022,L,7,0.7522835973779197
"Gage, Matt","Chafin, Andrew",2022,L,8,0.7664303201594347
"Gage, Matt","Muller, Kyle",2022,L,9,0.8171647503028917
"Gage, Matt","Steele, Justin",2022,L,10,0.8480862701169452
"García, Jarlín","Pilkington, Konnor",2022,L,1,0.24867008914673716
"García, Jarlín","Morán, Jovani",2022,L,2,0.3401060401318831
"García, Jarlín","Matz, Steven",2022,L,3,0.42392860114521846
"García, Jarlín","Henry, Tommy",2022,L,4,0.479360472053725
"García, Jarlín","Thompson, Zack",2022,L,5,0.5858214201774404
"García, Jarlín","Quintana, Jose",2022,L,6,0.6459360654538427
"García, Jarlín","Fried, Max",2022,L,7,0.6631837406373498
"García, Jarlín","Alvarez, Jose",2022,L,8,0.6839106081220583
"García, Jarlín","Muller, Kyle",2022,L,9,0.6910129934803513
"García, Jarlín","Steele, Justin",2022,L,10,0.7324150943870996
"Garrett, Amir","Szapucki, Thomas",2022,L,1,0.39211565874877913
"Garrett, Amir","Suarez, Ranger",2022,L,2,0.43783865453996246
"Garrett, Amir","Davis, Austin",2022,L,3,0.4698498719527394
"Garrett, Amir","Ferguson, Caleb",2022,L,4,0.4961743091883731
"Garrett, Amir","Matz, Steven",2022,L,5,0.5175277815579475
"Garrett, Amir","Hughes, Brandon",2022,L,6,0.6268740948869429
"Garrett, Amir","Pilkington, Konnor",2022,L,7,0.6521201565432744
"Garrett, Amir","Rodriguez, Eduardo",2022,L,8,0.6641215058814108
"Garrett, Amir","Banda, Anthony",2022,L,9,0.6735600535617947
"Garrett, Amir","Banuelos, Manny",2022,L,10,0.7291360401809905
"Garrett, Braxton","Springs, Jeffrey",2022,L,1,0.3557951030373125
"Garrett, Braxton","Rogers, Josh",2022,L,2,0.5201440006282914
"Garrett, Braxton","Quintana, Jose",2022,L,3,0.5264296410494059
"Garrett, Braxton","Davis, Austin",2022,L,4,0.5375481772091734
"Garrett, Braxton","Bleier, Richard",2022,L,5,0.6638385514552951
"Garrett, Braxton","Alvarez, Jose",2022,L,6,0.7113842734404933
"Garrett, Braxton","Irvin, Cole",2022,L,7,0.7259131744967477
"Garrett, Braxton","García, Jarlín",2022,L,8,0.7600003908477416
"Garrett, Braxton","Pilkington, Konnor",2022,L,9,0.7724431077223813
"Garrett, Braxton","Steele, Justin",2022,L,10,0.7917726489291284
"Gilbert, Tyler","Young, Alex",2022,L,1,0.3291917594470908
"Gilbert, Tyler","Allen, Logan",2022,L,2,0.35165524060642045
"Gilbert, Tyler","Anderson, Tyler",2022,L,3,0.5253524860012827
"Gilbert, Tyler","Castano, Daniel",2022,L,4,0.6229198549074227
"Gilbert, Tyler","Misiewicz, Anthony",2022,L,5,0.7002938199365498
"Gilbert, Tyler","Zimmermann, Bruce",2022,L,6,0.7155655204396545
"Gilbert, Tyler","Detmers, Reid",2022,L,7,0.7185814972168838
"Gilbert, Tyler","Keuchel, Dallas",2022,L,8,0.7447837784162944
"Gilbert, Tyler","Norris, Daniel",2022,L,9,0.7560852256039944
"Gilbert, Tyler","Cortes, Nestor",2022,L,10,0.7854753004488333
"Gilbreath, Lucas","Banda, Anthony",2022,L,1,0.44880924147708323
"Gilbreath, Lucas","Alexander, Scott",2022,L,2,0.46388703942524767
"Gilbreath, Lucas","Rodriguez, Eduardo",2022,L,3,0.5131126586257383
"Gilbreath, Lucas","Cabrera, Génesis",2022,L,4,0.5820304304178091
"Gilbreath, Lucas","Vesia, Alex",2022,L,5,0.599742656762464
"Gilbreath, Lucas","Lauer, Eric",2022,L,6,0.7522183675460541
"Gilbreath, Lucas","Peralta, Wandy",2022,L,7,0.7627247671418683
"Gilbreath, Lucas","Suarez, Ranger",2022,L,8,0.7924872769497592
"Gilbreath, Lucas","Szapucki, Thomas",2022,L,9,0.8068198517051575
"Gilbreath, Lucas","Sousa, Bennett",2022,L,10,0.8158029963001696
"Gomber, Austin","Smith, Will",2022,L,1,0.9320854012264974
"Gomber, Austin","Montgomery, Jordan",2022,L,2,0.945925599571732
"Gomber, Austin","Lee, Dylan",2022,L,3,1.0043852129462327
"Gomber, Austin","Kershaw, Clayton",2022,L,4,1.0261045693133308
"Gomber, Austin","Irvin, Cole",2022,L,5,1.0761150851737635
"Gomber, Austin","Springs, Jeffrey",2022,L,6,1.130428095167917
"Gomber, Austin","Martin, Brett",2022,L,7,1.1762763921413657
"Gomber, Austin","Koenig, Jared",2022,L,8,1.2073660141932583
"Gomber, Austin","Liberatore, Matthew",2022,L,9,1.230259008283539
"Gomber, Austin","Means, John",2022,L,10,1.255099245347709
"Gonzales, Marco","Selman, Sam",2022,L,1,0.7334665291144821
"Gonzales, Marco","Ryu, Hyun Jin",2022,L,2,0.8528967412134658
"Gonzales, Marco","Shreve, Chasen",2022,L,3,0.8983280237018842
"Gonzales, Marco","Mantiply, Joe",2022,L,4,0.9241232465659799
"Gonzales, Marco","Koenig, Jared",2022,L,5,0.9473478634686783
"Gonzales, Marco","Bruihl, Justin",2022,L,6,0.9692380622059154
"Gonzales, Marco","Okert, Steven",2022,L,7,0.996309728643263
"Gonzales, Marco","Alexander, Tyler",2022,L,8,1.0176655266049852
"Gonzales, Marco","Díaz, Jhonathan",2022,L,9,1.0397756075073001
"Gonzales, Marco","Bubic, Kris",2022,L,10,1.0411400842099765
"Gore, MacKenzie","Lynch IV, Daniel",2022,L,1,0.5077099589149728
"Gore, MacKenzie","McClanahan, Shane",2022,L,2,0.6229951477286293
"Gore, MacKenzie","Kikuchi, Yusei",2022,L,3,0.722691330885022
"Gore, MacKenzie","Nardi, Andrew",2022,L,4,0.7231499931190042
"Gore, MacKenzie","Peterson, David",2022,L,5,0.7623402319686636
"Gore, MacKenzie","Taylor, Blake",2022,L,6,0.782611177272573
"Gore, MacKenzie","Sánchez, Cristopher",2022,L,7,0.806817741348914
"Gore, MacKenzie","Borucki, Ryan",2022,L,8,0.8503081025604929
"Gore, MacKenzie","Rogers, Trevor",2022,L,9,0.8789925146849678
"Gore, MacKenzie","Burke, Brock",2022,L,10,0.9049062636759834
"Gose, Anthony","McGee, Jake",2022,L,1,0.6462729034776195
"Gose, Anthony","Pérez, Cionel",2022,L,2,0.7410146797396786
"Gose, Anthony","Peralta, Wandy",2022,L,3,0.8683389652858468
"Gose, Anthony","Minter, A.J.",2022,L,4,0.9026287472427007
"Gose, Anthony","Gilbreath, Lucas",2022,L,5,1.0146439029088652
"Gose, Anthony","Morejon, Adrian",2022,L,6,1.1918211067569644
"Gose, Anthony","Alexander, Scott",2022,L,7,1.2104229618126432
"Gose, Anthony","Scott, Tanner",2022,L,8,1.2544513555304126
"Gose, Anthony","Banda, Anthony",2022,L,9,1.3028110992000292
"Gose, Anthony","Vesia, Alex",2022,L,10,1.3175323122498162
"Hader, Josh","Quijada, José",2022,L,1,0.5918262526941955
"Hader, Josh","Puk, A.J.",2022,L,2,0.8833490115817129
"Hader, Josh","Soto, Gregory",2022,L,3,1.0537403010328767
"Hader, Josh","Borucki, Ryan",2022,L,4,1.1651814848401554
"Hader, Josh","Kikuchi, Yusei",2022,L,5,1.219665870683942
"Hader, Josh","Morejon, Adrian",2022,L,6,1.291286116539166
"Hader, Josh","Nardi, Andrew",2022,L,7,1.2971670346961324
"Hader, Josh","Scott, Tanner",2022,L,8,1.4027822805917916
"Hader, Josh","Minter, A.J.",2022,L,9,1.4354445690838211
"Hader, Josh","Lodolo, Nick",2022,L,10,1.584329192813404
"Hand, Brad","Vespi, Nick",2022,L,1,0.3644934619724446
"Hand, Brad","Smyly, Drew",2022,L,2,0.45810256481656436
"Hand, Brad","Detmers, Reid",2022,L,3,0.7218815756235752
"Hand, Brad","Allen, Logan",2022,L,4,0.8468423180977173
"Hand, Brad","Smith, Caleb",2022,L,5,0.9753197648689516
"Hand, Brad","Blach, Ty",2022,L,6,1.1359351323067441
"Hand, Brad","Castano, Daniel",2022,L,7,1.13737439963698
"Hand, Brad","Gilbert, Tyler",2022,L,8,1.1396313259473145
"Hand, Brad","Young, Alex",2022,L,9,1.1424026838759263
"Hand, Brad","McFarland, T.J.",2022,L,10,1.1447374866186142
"Heaney, Andrew","Snead, Kirby",2022,L,1,0.48254245899914044
"Heaney, Andrew","Fry, Paul",2022,L,2,0.6350664556466852
"Heaney, Andrew","Hughes, Brandon",2022,L,3,0.767637239054871
"Heaney, Andrew","Strahm, Matt",2022,L,4,0.7685830650518115
"Heaney, Andrew","Bummer, Aaron",2022,L,5,0.7979183849058846
"Heaney, Andrew","Wood, Alex",2022,L,6,0.8035738771485538
"Heaney, Andrew","Cleavinger, Garrett",2022,L,7,0.8365507197888399
"Heaney, Andrew","Rodríguez, Joely",2022,L,8,0.9332916396769608
"Heaney, Andrew","Speier, Gabe",2022,L,9,0.9482166752254783
"Heaney, Andrew","Diekman, Jake",2022,L,10,0.9702321842620145
"Hearn, Taylor","Ray, Robbie",2022,L,1,0.4340993660754534
"Hearn, Taylor","Matzek, Tyler",2022,L,2,0.5134744692445127
"Hearn, Taylor","Skubal, Tarik",2022,L,3,0.5350767174482461
"Hearn, Taylor","Rodón, Carlos",2022,L,4,0.6556902976098529
"Hearn, Taylor","Sousa, Bennett",2022,L,5,0.7260756237597041
"Hearn, Taylor","Mayza, Tim",2022,L,6,0.770400868861882
"Hearn, Taylor","Gage, Matt",2022,L,7,0.8918713046226602
"Hearn, Taylor","Hentges, Sam",2022,L,8,0.9276344753330843
"Hearn, Taylor","Taylor, Blake",2022,L,9,1.0194871437210151
"Hearn, Taylor","Muller, Kyle",2022,L,10,1.0263750437638348
"Henry, Tommy","Morán, Jovani",2022,L,1,0.4115487027564216
"Henry, Tommy","García, Jarlín",2022,L,2,0.479360472053725
"Henry, Tommy","Matz, Steven",2022,L,3,0.50330428407068
"Henry, Tommy","Banuelos, Manny",2022,L,4,0.5068061298952033
"Henry, Tommy","Freeland, Kyle",2022,L,5,0.5718448916094024
"Henry, Tommy","Pilkington, Konnor",2022,L,6,0.5839271870474253
"Henry, Tommy","Alvarez, Jose",2022,L,7,0.6812756017573391
"Henry, Tommy","Rogers, Trevor",2022,L,8,0.6833492948647482
"Henry, Tommy","Quintana, Jose",2022,L,9,0.7327654054780216
"Henry, Tommy","Bumgarner, Madison",2022,L,10,0.7441653687744714
"Hentges, Sam","Snell, Blake",2022,L,1,0.38109870945913804
"Hentges, Sam","Taylor, Blake",2022,L,2,0.6123804037963632
"Hentges, Sam","Burke, Brock",2022,L,3,0.898469844452444
"Hentges, Sam","Ray, Robbie",2022,L,4,0.905933262123902
"Hentges, Sam","Muller, Kyle",2022,L,5,0.9190603822215492
"Hentges, Sam","Hearn, Taylor",2022,L,6,0.9276344753330843
"Hentges, Sam","Beeks, Jalen",2022,L,7,0.9360779883798774
"Hentges, Sam","McClanahan, Shane",2022,L,8,0.9595336512623982
"Hentges, Sam","Chafin, Andrew",2022,L,9,0.9672238630411713
"Hentges, Sam","Matzek, Tyler",2022,L,10,0.9692046897085436
"Hill, Rich","Yarbrough, Ryan",2022,L,1,1.2925252564217928
"Hill, Rich","Milone, Tommy",2022,L,2,1.3313599049385647
"Hill, Rich","Luetge, Lucas",2022,L,3,1.5914373383105214
"Hill, Rich","Gonzales, Marco",2022,L,4,1.6481326656679183
"Hill, Rich","Ryu, Hyun Jin",2022,L,5,1.7378452945951517
"Hill, Rich","Smeltzer, Devin",2022,L,6,1.754871420054907
"Hill, Rich","Keuchel, Dallas",2022,L,7,1.8664271891458457
"Hill, Rich","Miley, Wade",2022,L,8,1.8797831155092544
"Hill, Rich","Selman, Sam",2022,L,9,2.0110509348010908
"Hill, Rich","Fletcher, Aaron",2022,L,10,2.085180273970923
"Hill, Tim","Kolarek, Adam",2022,L,1,2.577095526455962
"Hill, Tim","Milner, Hoby",2022,L,2,3.134159108308748
"Hill, Tim","Loup, Aaron",2022,L,3,3.440109583174318
"Hill, Tim","Wood, Alex",2022,L,4,3.621895763379645
"Hill, Tim","Sears, JP",2022,L,5,3.7695911698473417
"Hill, Tim","Manaea, Sean",2022,L,6,4.09966172383155
"Hill, Tim","Heaney, Andrew",2022,L,7,4.1301902952799
"Hill, Tim","Bummer, Aaron",2022,L,8,4.137371532430739
"Hill, Tim","Sanmartin, Reiver",2022,L,9,4.2301055414486735
"Hill, Tim","Fry, Paul",2022,L,10,4.25626349304292
"Hughes, Brandon","Snead, Kirby",2022,L,1,0.2888092132765043
"Hughes, Brandon","Banuelos, Manny",2022,L,2,0.5290790254900741
"Hughes, Brandon","Szapucki, Thomas",2022,L,3,0.5476418928822662
"Hughes, Brandon","Peters, Dillon",2022,L,4,0.5541063051656869
"Hughes, Brandon","Fry, Paul",2022,L,5,0.5583867284697045
"Hughes, Brandon","Garrett, Amir",2022,L,6,0.6268740948869429
"Hughes, Brandon","Fleming, Josh",2022,L,7,0.6883178798113689
"Hughes, Brandon","Speier, Gabe",2022,L,8,0.7003706576805645
"Hughes, Brandon","Allard, Kolby",2022,L,9,0.7242493688911718
"Hughes, Brandon","Matz, Steven",2022,L,10,0.7382117341708486
"Irvin, Cole","Kershaw, Clayton",2022,L,1,0.14444667807190237
"Irvin, Cole","Fried, Max",2022,L,2,0.4649480927854261
"Irvin, Cole","Springs, Jeffrey",2022,L,3,0.5020114554413339
"Irvin, Cole","Liberatore, Matthew",2022,L,4,0.7028872229462754
"Irvin, Cole","Garrett, Braxton",2022,L,5,0.7259131744967477
"Irvin, Cole","Quintana, Jose",2022,L,6,0.7265849140496404
"Irvin, Cole","Zimmermann, Bruce",2022,L,7,0.756749370764348
"Irvin, Cole","Lee, Dylan",2022,L,8,0.7575424765697801
"Irvin, Cole","Alexander, Tyler",2022,L,9,0.7580156220741192
"Irvin, Cole","Wentz, Joey",2022,L,10,0.760845809341443
"Kershaw, Clayton","Irvin, Cole",2022,L,1,0.14444667807190237
"Kershaw, Clayton","Fried, Max",2022,L,2,0.548237130870151
"Kershaw, Clayton","Springs, Jeffrey",2022,L,3,0.5947528254086069
"Kershaw, Clayton","Zimmermann, Bruce",2022,L,4,0.6958849341131733
"Kershaw, Clayton","Liberatore, Matthew",2022,L,5,0.7164125743914043
"Kershaw, Clayton","Anderson, Tyler",2022,L,6,0.7414409116180953
"Kershaw, Clayton","Wentz, Joey",2022,L,7,0.7590487068559207
"Kershaw, Clayton","Thielbar, Caleb",2022,L,8,0.7758434638196354
"Kershaw, Clayton","Alexander, Tyler",2022,L,9,0.7963297676950927
"Kershaw, Clayton","Lee, Dylan",2022,L,10,0.8229643890609804
"Keuchel, Dallas","Miley, Wade",2022,L,1,0.5177647038562398
"Keuchel, Dallas","Smeltzer, Devin",2022,L,2,0.6402370261536875
"Keuchel, Dallas","Castano, Daniel",2022,L,3,0.6873367609067016
"Keuchel, Dallas","Allen, Logan",2022,L,4,0.7061394604216826
"Keuchel, Dallas","Anderson, Tyler",2022,L,5,0.7300616176216166
"Keuchel, Dallas","Gilbert, Tyler",2022,L,6,0.7447837784162944
"Keuchel, Dallas","Young, Alex",2022,L,7,0.9282040081488734
"Keuchel, Dallas","Thielbar, Caleb",2022,L,8,0.9614564320515846
"Keuchel, Dallas","Zimmermann, Bruce",2022,L,9,0.989880983220978
"Keuchel, Dallas","Smyly, Drew",2022,L,10,1.0364254785102334
"Kikuchi, Yusei","Borucki, Ryan",2022,L,1,0.5732821938079773
"Kikuchi, Yusei","Gore, MacKenzie",2022,L,2,0.722691330885022
"Kikuchi, Yusei","Rogers, Trevor",2022,L,3,0.8151367949035957
"Kikuchi, Yusei","Lynch IV, Daniel",2022,L,4,0.8184707377233381
"Kikuchi, Yusei","Nardi, Andrew",2022,L,5,0.909331527532304
"Kikuchi, Yusei","Peterson, David",2022,L,6,1.0929280272587594
"Kikuchi, Yusei","Quijada, José",2022,L,7,1.1093785496290258
"Kikuchi, Yusei","Vesia, Alex",2022,L,8,1.175364294209853
"Kikuchi, Yusei","Hader, Josh",2022,L,9,1.219665870683942
"Kikuchi, Yusei","Henry, Tommy",2022,L,10,1.235569293449766
"King, John","Vieaux, Cam",2022,L,1,0.38342598536351324
"King, John","Allard, Kolby",2022,L,2,0.4272685876903483
"King, John","Suarez, José",2022,L,3,0.5533753803234819
"King, John","Fry, Paul",2022,L,4,0.5656419781109598
"King, John","Boyd, Matthew",2022,L,5,0.6484284047865159
"King, John","Speier, Gabe",2022,L,6,0.7060217625569284
"King, John","Peters, Dillon",2022,L,7,0.7502837254128063
"King, John","Norris, Daniel",2022,L,8,0.7876486079583147
"King, John","Snead, Kirby",2022,L,9,0.8381036777761642
"King, John","Cortes, Nestor",2022,L,10,0.8459976267661525
"Koenig, Jared","Selman, Sam",2022,L,1,0.614387328334476
"Koenig, Jared","Springs, Jeffrey",2022,L,2,0.6207339190748613
"Koenig, Jared","Bubic, Kris",2022,L,3,0.6594693740211465
"Koenig, Jared","Shreve, Chasen",2022,L,4,0.7107967825975127
"Koenig, Jared","Ryu, Hyun Jin",2022,L,5,0.7162543874547692
"Koenig, Jared","Quintana, Jose",2022,L,6,0.7245458315296831
"Koenig, Jared","Alvarez, Jose",2022,L,7,0.7308246163150218
"Koenig, Jared","Irvin, Cole",2022,L,8,0.8298250633387858
"Koenig, Jared","Kershaw, Clayton",2022,L,9,0.841521046609817
"Koenig, Jared","Alexander, Tyler",2022,L,10,0.8723638090740712
"Kolarek, Adam","Milner, Hoby",2022,L,1,1.0145224889701623
"Kolarek, Adam","Wood, Alex",2022,L,2,1.825230570810688
"Kolarek, Adam","Sears, JP",2022,L,3,1.8314008366138836
"Kolarek, Adam","Loup, Aaron",2022,L,4,1.891310544238653
"Kolarek, Adam","Mantiply, Joe",2022,L,5,2.1007089690485756
"Kolarek, Adam","Sanmartin, Reiver",2022,L,6,2.110120328179759
"Kolarek, Adam","Suarez, José",2022,L,7,2.283618184094333
"Kolarek, Adam","Fry, Paul",2022,L,8,2.2911047780342564
"Kolarek, Adam","Bruihl, Justin",2022,L,9,2.4062166332890325
"Kolarek, Adam","Díaz, Jhonathan",2022,L,10,2.4118249673811865
"Lauer, Eric","McCarty, Kirk",2022,L,1,0.3162730008088641
"Lauer, Eric","Steele, Justin",2022,L,2,0.4079427806405649
"Lauer, Eric","Suarez, Ranger",2022,L,3,0.4558752808808174
"Lauer, Eric","Rodriguez, Eduardo",2022,L,4,0.4576791178333082
"Lauer, Eric","Davidson, Tucker",2022,L,5,0.4812407532433059
"Lauer, Eric","Cabrera, Génesis",2022,L,6,0.4914737659373167
"Lauer, Eric","Fried, Max",2022,L,7,0.5841726523589881
"Lauer, Eric","Pilkington, Konnor",2022,L,8,0.6443939481504695
"Lauer, Eric","Ferguson, Caleb",2022,L,9,0.6471272722560882
"Lauer, Eric","Matz, Steven",2022,L,10,0.6473967049484048
"Lee, Dylan","Martin, Brett",2022,L,1,0.25659847070778186
"Lee, Dylan","Montgomery, Jordan",2022,L,2,0.47645368114866693
"Lee, Dylan","Chafin, Andrew",2022,L,3,0.47951005370148986
"Lee, Dylan","Liberatore, Matthew",2022,L,4,0.6284921093569239
"Lee, Dylan","Muller, Kyle",2022,L,5,0.7012579718478535
"Lee, Dylan","Gage, Matt",2022,L,6,0.7522835973779197
"Lee, Dylan","Irvin, Cole",2022,L,7,0.7575424765697801
"Lee, Dylan","Moore, Matt",2022,L,8,0.7666164683130502
"Lee, Dylan","Steele, Justin",2022,L,9,0.8123178627434448
"Lee, Dylan","Kershaw, Clayton",2022,L,10,0.8229643890609804
"Liberatore, Matthew","Wentz, Joey",2022,L,1,0.46541340906516904
"Liberatore, Matthew","Lee, Dylan",2022,L,2,0.6284921093569239
"Liberatore, Matthew","Fried, Max",2022,L,3,0.6758755134391256
"Liberatore, Matthew","Irvin, Cole",2022,L,4,0.7028872229462754
"Liberatore, Matthew","Kershaw, Clayton",2022,L,5,0.7164125743914043
"Liberatore, Matthew","Moore, Matt",2022,L,6,0.7455217636341889
"Liberatore, Matthew","Martin, Brett",2022,L,7,0.7466250994226057
"Liberatore, Matthew","Ragans, Cole",2022,L,8,0.7694486206043949
"Liberatore, Matthew","Davidson, Tucker",2022,L,9,0.8031575844801098
"Liberatore, Matthew","Muller, Kyle",2022,L,10,0.8358579822672744
"Lodolo, Nick","Diekman, Jake",2022,L,1,0.3629770986804238
"Lodolo, Nick","Rodríguez, Joely",2022,L,2,0.5275425530899504
"Lodolo, Nick","Strahm, Matt",2022,L,3,0.7524496358941548
"Lodolo, Nick","Bummer, Aaron",2022,L,4,0.7922621116661231
"Lodolo, Nick","Garrett, Amir",2022,L,5,0.8110539269537819
"Lodolo, Nick","Szapucki, Thomas",2022,L,6,0.8661321879360735
"Lodolo, Nick","Rogers, Trevor",2022,L,7,0.872394690561696
"Lodolo, Nick","Hughes, Brandon",2022,L,8,0.8787609298283698
"Lodolo, Nick","Snead, Kirby",2022,L,9,0.9099113468669737
"Lodolo, Nick","Fleming, Josh",2022,L,10,0.9685690710214663
"Logue, Zach","Raley, Brooks",2022,L,1,0.7946872570665213
"Logue, Zach","Rogers, Taylor",2022,L,2,0.8024285146745109
"Logue, Zach","Fletcher, Aaron",2022,L,3,0.9227364879333729
"Logue, Zach","Stout, Eric",2022,L,4,0.9404607437573385
"Logue, Zach","King, John",2022,L,5,0.9428239991163693
"Logue, Zach","Norris, Daniel",2022,L,6,1.0259068127109057
"Logue, Zach","McFarland, T.J.",2022,L,7,1.0512668840842585
"Logue, Zach","Vieaux, Cam",2022,L,8,1.0807235438962457
"Logue, Zach","Cortes, Nestor",2022,L,9,1.1207167788031807
"Logue, Zach","Suarez, José",2022,L,10,1.2449251870587927
"Long, Sam","Zimmermann, Bruce",2022,L,1,0.26650357827820004
"Long, Sam","Sandoval, Patrick",2022,L,2,0.5114604539558236
"Long, Sam","Wentz, Joey",2022,L,3,0.5393204007582734
"Long, Sam","Valdez, Framber",2022,L,4,0.5977318220639805
"Long, Sam","Misiewicz, Anthony",2022,L,5,0.6649436238917046
"Long, Sam","Ragans, Cole",2022,L,6,0.743584154410718
"Long, Sam","Fried, Max",2022,L,7,0.7705129655833152
"Long, Sam","McCarty, Kirk",2022,L,8,0.8041896129207421
"Long, Sam","Gilbert, Tyler",2022,L,9,0.8335004040180535
"Long, Sam","Thielbar, Caleb",2022,L,10,0.8617760382544437
"Loup, Aaron","Wood, Alex",2022,L,1,1.3995509018589192
"Loup, Aaron","Fry, Paul",2022,L,2,1.5829747756687704
"Loup, Aaron","Heaney, Andrew",2022,L,3,1.6074342760118607
"Loup, Aaron","Sanmartin, Reiver",2022,L,4,1.651546861760583
"Loup, Aaron","Milner, Hoby",2022,L,5,1.6869049335744974
"Loup, Aaron","Suarez, José",2022,L,6,1.780710272138964
"Loup, Aaron","Fletcher, Aaron",2022,L,7,1.7848948441912884
"Loup, Aaron","King, John",2022,L,8,1.7946132469080782
"Loup, Aaron","Logue, Zach",2022,L,9,1.8188879545342929
"Loup, Aaron","Snead, Kirby",2022,L,10,1.8487997620745855
"Luetge, Lucas","Thielbar, Caleb",2022,L,1,0.9272977261987483
"Luetge, Lucas","Miley, Wade",2022,L,2,1.0639869906140003
"Luetge, Lucas","Keuchel, Dallas",2022,L,3,1.1143833333083832
"Luetge, Lucas","Ryu, Hyun Jin",2022,L,4,1.1486247164337196
"Luetge, Lucas","Selman, Sam",2022,L,5,1.165998071230929
"Luetge, Lucas","Koenig, Jared",2022,L,6,1.4081338364234592
"Luetge, Lucas","Kershaw, Clayton",2022,L,7,1.4213383886061879
"Luetge, Lucas","Milone, Tommy",2022,L,8,1.451431047089061
"Luetge, Lucas","Gonzales, Marco",2022,L,9,1.4910560311946193
"Luetge, Lucas","Anderson, Tyler",2022,L,10,1.4954951760123993
"Luzardo, Jesús","Akin, Keegan",2022,L,1,0.5126126153643805
"Luzardo, Jesús","Price, David",2022,L,2,0.6841659921714612
"Luzardo, Jesús","Peralta, Wandy",2022,L,3,0.7807215584964063
"Luzardo, Jesús","Naughton, Packy",2022,L,4,0.8812016733773543
"Luzardo, Jesús","Banks, Tanner",2022,L,5,0.9348866477319258
"Luzardo, Jesús","Urías, Julio",2022,L,6,0.9365390691693319
"Luzardo, Jesús","Pérez, Martín",2022,L,7,0.9378909241540526
"Luzardo, Jesús","Alexander, Scott",2022,L,8,0.9610329478173905
"Luzardo, Jesús","Pérez, Cionel",2022,L,9,0.9642461373345587
"Luzardo, Jesús","Ferguson, Caleb",2022,L,10,1.0043257880761705
"Lynch IV, Daniel","Gore, MacKenzie",2022,L,1,0.5077099589149728
"Lynch IV, Daniel","Peterson, David",2022,L,2,0.6027789481561822
"Lynch IV, Daniel","McClanahan, Shane",2022,L,3,0.7179597467772681
"Lynch IV, Daniel","Rogers, Trevor",2022,L,4,0.7426593488600534
"Lynch IV, Daniel","Thompson, Zack",2022,L,5,0.7690828077042771
"Lynch IV, Daniel","Kikuchi, Yusei",2022,L,6,0.8184707377233381
"Lynch IV, Daniel","Morán, Jovani",2022,L,7,0.8354809286201924
"Lynch IV, Daniel","Henry, Tommy",2022,L,8,0.9301890590801343
"Lynch IV, Daniel","Sánchez, Cristopher",2022,L,9,0.9433960866574848
"Lynch IV, Daniel","Taylor, Blake",2022,L,10,0.9643596682119532
"Manaea, Sean","Waldichuk, Ken",2022,L,1,0.5552800065895475
"Manaea, Sean","Peterson, David",2022,L,2,1.1295276430495707
"Manaea, Sean","Rogers, Trevor",2022,L,3,1.4311164213239997
"Manaea, Sean","Lynch IV, Daniel",2022,L,4,1.4803978028607165
"Manaea, Sean","Falter, Bailey",2022,L,5,1.4839158091797415
"Manaea, Sean","Kikuchi, Yusei",2022,L,6,1.4888969914373935
"Manaea, Sean","Nardi, Andrew",2022,L,7,1.574184802084121
"Manaea, Sean","Gore, MacKenzie",2022,L,8,1.6831825015697452
"Manaea, Sean","Puk, A.J.",2022,L,9,1.7391103693957264
"Manaea, Sean","Bruihl, Justin",2022,L,10,1.7544066624764159
"Mantiply, Joe","Sanmartin, Reiver",2022,L,1,0.4757602650247363
"Mantiply, Joe","Fleming, Josh",2022,L,2,0.6264252224980592
"Mantiply, Joe","Okert, Steven",2022,L,3,0.7073275019321823
"Mantiply, Joe","Bumgarner, Madison",2022,L,4,0.7472839196183574
"Mantiply, Joe","Bruihl, Justin",2022,L,5,0.7872500847746119
"Mantiply, Joe","Díaz, Jhonathan",2022,L,6,0.7921411001746348
"Mantiply, Joe","Shreve, Chasen",2022,L,7,0.8297459394813399
"Mantiply, Joe","Suarez, José",2022,L,8,0.8811119459889666
"Mantiply, Joe","Boyd, Matthew",2022,L,9,0.9019203218005198
"Mantiply, Joe","Gonzales, Marco",2022,L,10,0.9241232465659799
"Martin, Brett","Lee, Dylan",2022,L,1,0.25659847070778186
"Martin, Brett","Chafin, Andrew",2022,L,2,0.4170286937318974
"Martin, Brett","Montgomery, Jordan",2022,L,3,0.48439727447710773
"Martin, Brett","Gage, Matt",2022,L,4,0.605790880930181
"Martin, Brett","Muller, Kyle",2022,L,5,0.6345998919528768
"Martin, Brett","Liberatore, Matthew",2022,L,6,0.7466250994226057
"Martin, Brett","Corbin, Patrick",2022,L,7,0.7666154320062809
"Martin, Brett","Moore, Matt",2022,L,8,0.8063376687024976
"Martin, Brett","Davidson, Tucker",2022,L,9,0.884169974939197
"Martin, Brett","Steele, Justin",2022,L,10,0.8970002896632466
"Matz, Steven","Pilkington, Konnor",2022,L,1,0.27936487535585924
"Matz, Steven","García, Jarlín",2022,L,2,0.42392860114521846
"Matz, Steven","Banuelos, Manny",2022,L,3,0.4752195210280858
"Matz, Steven","Henry, Tommy",2022,L,4,0.50330428407068
"Matz, Steven","Garrett, Amir",2022,L,5,0.5175277815579475
"Matz, Steven","Morán, Jovani",2022,L,6,0.5573936327240009
"Matz, Steven","Davis, Austin",2022,L,7,0.5797842973916252
"Matz, Steven","Szapucki, Thomas",2022,L,8,0.5908945123946348
"Matz, Steven","Suarez, Ranger",2022,L,9,0.6436175959474274
"Matz, Steven","Lauer, Eric",2022,L,10,0.6473967049484048
"Matzek, Tyler","Sousa, Bennett",2022,L,1,0.502565832714628
"Matzek, Tyler","Hearn, Taylor",2022,L,2,0.5134744692445127
"Matzek, Tyler","Mayza, Tim",2022,L,3,0.5492297428301116
"Matzek, Tyler","Rodón, Carlos",2022,L,4,0.5546564222678988
"Matzek, Tyler","Skubal, Tarik",2022,L,5,0.6233414714509982
"Matzek, Tyler","Ray, Robbie",2022,L,6,0.7146750407561796
"Matzek, Tyler","Cabrera, Génesis",2022,L,7,0.8196661241606111
"Matzek, Tyler","Gage, Matt",2022,L,8,0.8825371519100934
"Matzek, Tyler","Gilbreath, Lucas",2022,L,9,0.8851512610495293
"Matzek, Tyler","Morejon, Adrian",2022,L,10,0.8923283745886511
"Mayza, Tim","Matzek, Tyler",2022,L,1,0.5492297428301116
"Mayza, Tim","Rodón, Carlos",2022,L,2,0.5789050118248111
"Mayza, Tim","Hearn, Taylor",2022,L,3,0.770400868861882
"Mayza, Tim","Sousa, Bennett",2022,L,4,0.987365698688927
"Mayza, Tim","Beeks, Jalen",2022,L,5,1.004395907385232
"Mayza, Tim","Hentges, Sam",2022,L,6,1.0327055907254739
"Mayza, Tim","Morejon, Adrian",2022,L,7,1.0356092494287585
"Mayza, Tim","Skubal, Tarik",2022,L,8,1.0605363299419777
"Mayza, Tim","Ray, Robbie",2022,L,9,1.0820311498586843
"Mayza, Tim","Gage, Matt",2022,L,10,1.1465481839911331
"McCarty, Kirk","Lauer, Eric",2022,L,1,0.3162730008088641
"McCarty, Kirk","Rodriguez, Eduardo",2022,L,2,0.5948651946439907
"McCarty, Kirk","Valdez, Framber",2022,L,3,0.5976298149594543
"McCarty, Kirk","Sandoval, Patrick",2022,L,4,0.5989801243692362
"McCarty, Kirk","Suarez, Ranger",2022,L,5,0.6167444018305143
"McCarty, Kirk","Cabrera, Génesis",2022,L,6,0.625514256464809
"McCarty, Kirk","Steele, Justin",2022,L,7,0.6466870322387291
"McCarty, Kirk","Davidson, Tucker",2022,L,8,0.647099594563373
"McCarty, Kirk","Pérez, Martín",2022,L,9,0.6857826995123554
"McCarty, Kirk","Fried, Max",2022,L,10,0.6920887490787794
"McClanahan, Shane","Taylor, Blake",2022,L,1,0.6171472057624953
"McClanahan, Shane","Gore, MacKenzie",2022,L,2,0.6229951477286293
"McClanahan, Shane","Sánchez, Cristopher",2022,L,3,0.6811889468160162
"McClanahan, Shane","Lynch IV, Daniel",2022,L,4,0.7179597467772681
"McClanahan, Shane","Muller, Kyle",2022,L,5,0.8862203953014651
"McClanahan, Shane","Poche, Colin",2022,L,6,0.9189218470846857
"McClanahan, Shane","Corbin, Patrick",2022,L,7,0.9208239491683075
"McClanahan, Shane","Hentges, Sam",2022,L,8,0.9595336512623982
"McClanahan, Shane","Thompson, Zack",2022,L,9,0.9932032106467766
"McClanahan, Shane","Peterson, David",2022,L,10,1.0001021280978408
"McFarland, T.J.","Rogers, Taylor",2022,L,1,0.5255282627771036
"McFarland, T.J.","Minor, Mike",2022,L,2,0.6825965028489631
"McFarland, T.J.","Norris, Daniel",2022,L,3,0.6849679476675404
"McFarland, T.J.","Raley, Brooks",2022,L,4,0.7142006937770898
"McFarland, T.J.","Detmers, Reid",2022,L,5,0.7260383202271725
"McFarland, T.J.","Cortes, Nestor",2022,L,6,0.7708915662556743
"McFarland, T.J.","Young, Alex",2022,L,7,0.7825292958418378
"McFarland, T.J.","Stout, Eric",2022,L,8,0.8733759956618848
"McFarland, T.J.","Urías, Julio",2022,L,9,0.8734367965808215
"McFarland, T.J.","Gilbert, Tyler",2022,L,10,0.9447850344344931
"McGee, Jake","Minter, A.J.",2022,L,1,0.5226868900006443
"McGee, Jake","Gose, Anthony",2022,L,2,0.6462729034776195
"McGee, Jake","Pérez, Cionel",2022,L,3,0.7902056124801503
"McGee, Jake","Peralta, Wandy",2022,L,4,0.8575657388091813
"McGee, Jake","Alexander, Scott",2022,L,5,0.9338412789655586
"McGee, Jake","Gilbreath, Lucas",2022,L,6,0.943777854333386
"McGee, Jake","Scott, Tanner",2022,L,7,1.027030382272743
"McGee, Jake","Banda, Anthony",2022,L,8,1.067119676810926
"McGee, Jake","Morejon, Adrian",2022,L,9,1.0789825726458855
"McGee, Jake","Price, David",2022,L,10,1.1232718266301587
"Means, John","Smith, Will",2022,L,1,0.3914670038215064
"Means, John","Ragans, Cole",2022,L,2,0.5257638971463646
"Means, John","Zimmermann, Bruce",2022,L,3,0.7564878185044781
"Means, John","Castano, Daniel",2022,L,4,0.8599730623930134
"Means, John","Long, Sam",2022,L,5,0.8632016720219596
"Means, John","Sandoval, Patrick",2022,L,6,0.8734316145261751
"Means, John","Smyly, Drew",2022,L,7,0.9020438069556034
"Means, John","Wentz, Joey",2022,L,8,0.9099367368896588
"Means, John","Kershaw, Clayton",2022,L,9,1.0189399210141263
"Means, John","Moore, Matt",2022,L,10,1.0343871690277808
"Miley, Wade","Keuchel, Dallas",2022,L,1,0.5177647038562398
"Miley, Wade","Castano, Daniel",2022,L,2,0.6334696317233012
"Miley, Wade","Anderson, Tyler",2022,L,3,0.7326317149252455
"Miley, Wade","Smeltzer, Devin",2022,L,4,0.881568975012488
"Miley, Wade","Smith, Will",2022,L,5,0.912885705206327
"Miley, Wade","Milone, Tommy",2022,L,6,0.9139789042504011
"Miley, Wade","Allen, Logan",2022,L,7,0.9152958560790907
"Miley, Wade","Gilbert, Tyler",2022,L,8,1.0347231979870515
"Miley, Wade","Kershaw, Clayton",2022,L,9,1.053423177627967
"Miley, Wade","Luetge, Lucas",2022,L,10,1.0639869906140003
"Milner, Hoby","Kolarek, Adam",2022,L,1,1.0145224889701623
"Milner, Hoby","Loup, Aaron",2022,L,2,1.6869049335744974
"Milner, Hoby","Mantiply, Joe",2022,L,3,1.8025883877732027
"Milner, Hoby","Sanmartin, Reiver",2022,L,4,1.8226959823304376
"Milner, Hoby","Díaz, Jhonathan",2022,L,5,2.0349365965006716
"Milner, Hoby","Wood, Alex",2022,L,6,2.0751647683450964
"Milner, Hoby","Bruihl, Justin",2022,L,7,2.1071462688318037
"Milner, Hoby","Suarez, José",2022,L,8,2.1597964557330593
"Milner, Hoby","Gonzales, Marco",2022,L,9,2.244213853417893
"Milner, Hoby","Sears, JP",2022,L,10,2.2527159335325813
"Milone, Tommy","Smeltzer, Devin",2022,L,1,0.900172986628663
"Milone, Tommy","Miley, Wade",2022,L,2,0.9139789042504011
"Milone, Tommy","Keuchel, Dallas",2022,L,3,1.0688184999044499
"Milone, Tommy","Hill, Rich",2022,L,4,1.3313599049385647
"Milone, Tommy","Castano, Daniel",2022,L,5,1.3948396341446292
"Milone, Tommy","Allen, Logan",2022,L,6,1.4465943357306952
"Milone, Tommy","Luetge, Lucas",2022,L,7,1.451431047089061
"Milone, Tommy","Anderson, Tyler",2022,L,8,1.4642858546618858
"Milone, Tommy","Ryu, Hyun Jin",2022,L,9,1.494666750080646
"Milone, Tommy","Gonzales, Marco",2022,L,10,1.5121827837153035
"Minor, Mike","Detmers, Reid",2022,L,1,0.6478927243944856
"Minor, Mike","McFarland, T.J.",2022,L,2,0.6825965028489631
"Minor, Mike","Misiewicz, Anthony",2022,L,3,0.7042082046803002
"Minor, Mike","Urías, Julio",2022,L,4,0.7102383328132342
"Minor, Mike","Cortes, Nestor",2022,L,5,0.8276887667122754
"Minor, Mike","Rogers, Taylor",2022,L,6,0.8429505711822041
"Minor, Mike","Smith, Caleb",2022,L,7,0.9183781191438363
"Minor, Mike","Gilbert, Tyler",2022,L,8,1.0004411406703568
"Minor, Mike","Young, Alex",2022,L,9,1.0514854076420785
"Minor, Mike","Ashby, Aaron",2022,L,10,1.0657257702902145
"Minter, A.J.","McGee, Jake",2022,L,1,0.5226868900006443
"Minter, A.J.","Scott, Tanner",2022,L,2,0.7034864491725041
"Minter, A.J.","Morejon, Adrian",2022,L,3,0.8215679697363949
"Minter, A.J.","Gose, Anthony",2022,L,4,0.9026287472427007
"Minter, A.J.","Strahm, Matt",2022,L,5,0.9950851034324083
"Minter, A.J.","Alexander, Scott",2022,L,6,1.0551722344035717
"Minter, A.J.","Gilbreath, Lucas",2022,L,7,1.0572119641010853
"Minter, A.J.","Banda, Anthony",2022,L,8,1.063759497763999
"Minter, A.J.","Quijada, José",2022,L,9,1.0696174905937483
"Minter, A.J.","Pérez, Cionel",2022,L,10,1.1804180954427617
"Misiewicz, Anthony","Valdez, Framber",2022,L,1,0.5340572699686347
"Misiewicz, Anthony","Long, Sam",2022,L,2,0.6649436238917046
"Misiewicz, Anthony","Urías, Julio",2022,L,3,0.6974115634814104
"Misiewicz, Anthony","Gilbert, Tyler",2022,L,4,0.7002938199365498
"Misiewicz, Anthony","Minor, Mike",2022,L,5,0.7042082046803002
"Misiewicz, Anthony","Nelson, Kyle",2022,L,6,0.7124594833293478
"Misiewicz, Anthony","Cortes, Nestor",2022,L,7,0.7481316585986061
"Misiewicz, Anthony","Zimmermann, Bruce",2022,L,8,0.787484732942389
"Misiewicz, Anthony","Detmers, Reid",2022,L,9,0.7901575451776895
"Misiewicz, Anthony","Sandoval, Patrick",2022,L,10,0.8209359938194366
"Moll, Sam","Blach, Ty",2022,L,1,2.2924518370693945
"Moll, Sam","Logue, Zach",2022,L,2,2.3377283118075063
"Moll, Sam","Romero, JoJo",2022,L,3,2.350017413710827
"Moll, Sam","McFarland, T.J.",2022,L,4,2.447837189951859
"Moll, Sam","Rogers, Taylor",2022,L,5,2.5530266281198095
"Moll, Sam","Minor, Mike",2022,L,6,2.6057403244412702
"Moll, Sam","Raley, Brooks",2022,L,7,2.723909806670067
"Moll, Sam","Cortes, Nestor",2022,L,8,2.851499217876771
"Moll, Sam","Urías, Julio",2022,L,9,2.917112464980222
"Moll, Sam","Norris, Daniel",2022,L,10,2.9232464845075503
"Montgomery, Jordan","Lee, Dylan",2022,L,1,0.47645368114866693
"Montgomery, Jordan","Martin, Brett",2022,L,2,0.48439727447710773
"Montgomery, Jordan","Corbin, Patrick",2022,L,3,0.5383111092155112
"Montgomery, Jordan","Chafin, Andrew",2022,L,4,0.6127638656209634
"Montgomery, Jordan","Muller, Kyle",2022,L,5,0.8852237361636733
"Montgomery, Jordan","Gomber, Austin",2022,L,6,0.945925599571732
"Montgomery, Jordan","Liberatore, Matthew",2022,L,7,0.9632430155624728
"Montgomery, Jordan","Springs, Jeffrey",2022,L,8,1.0147167885885984
"Montgomery, Jordan","Irvin, Cole",2022,L,9,1.0346197754177027
"Montgomery, Jordan","Thompson, Zack",2022,L,10,1.0682830392922174
"Moore, Matt","Davidson, Tucker",2022,L,1,0.3339865367983229
"Moore, Matt","Wentz, Joey",2022,L,2,0.5075549897433075
"Moore, Matt","Gage, Matt",2022,L,3,0.580814007094602
"Moore, Matt","Ragans, Cole",2022,L,4,0.5960050793228
"Moore, Matt","Sandoval, Patrick",2022,L,5,0.611402807744309
"Moore, Matt","Steele, Justin",2022,L,6,0.6142172586161803
"Moore, Matt","Sousa, Bennett",2022,L,7,0.7040307868829497
"Moore, Matt","Liberatore, Matthew",2022,L,8,0.7455217636341889
"Moore, Matt","Lee, Dylan",2022,L,9,0.7666164683130502
"Moore, Matt","Fried, Max",2022,L,10,0.7798922196720404
"Morejon, Adrian","Beeks, Jalen",2022,L,1,0.7361159561380815
"Morejon, Adrian","Minter, A.J.",2022,L,2,0.8215679697363949
"Morejon, Adrian","Matzek, Tyler",2022,L,3,0.8923283745886511
"Morejon, Adrian","Vesia, Alex",2022,L,4,0.9252515385368615
"Morejon, Adrian","Ray, Robbie",2022,L,5,0.9605349588725008
"Morejon, Adrian","Borucki, Ryan",2022,L,6,0.9775824011745751
"Morejon, Adrian","Mayza, Tim",2022,L,7,1.0356092494287585
"Morejon, Adrian","Gilbreath, Lucas",2022,L,8,1.0602359561804
"Morejon, Adrian","Hearn, Taylor",2022,L,9,1.0614990628658871
"Morejon, Adrian","Quijada, José",2022,L,10,1.0687823454788619
"Morán, Jovani","García, Jarlín",2022,L,1,0.3401060401318831
"Morán, Jovani","Henry, Tommy",2022,L,2,0.4115487027564216
"Morán, Jovani","Pilkington, Konnor",2022,L,3,0.47824211209595996
"Morán, Jovani","Thompson, Zack",2022,L,4,0.4883322609760915
"Morán, Jovani","Matz, Steven",2022,L,5,0.5573936327240009
"Morán, Jovani","Freeland, Kyle",2022,L,6,0.6908139648663023
"Morán, Jovani","Banuelos, Manny",2022,L,7,0.7631358376628236
"Morán, Jovani","Alvarez, Jose",2022,L,8,0.7992022730233804
"Morán, Jovani","Fried, Max",2022,L,9,0.8122804198194797
"Morán, Jovani","Muller, Kyle",2022,L,10,0.8142430420948662
"Muller, Kyle","Chafin, Andrew",2022,L,1,0.3326259146480029
"Muller, Kyle","Taylor, Blake",2022,L,2,0.5019156732758105
"Muller, Kyle","Martin, Brett",2022,L,3,0.6345998919528768
"Muller, Kyle","Pilkington, Konnor",2022,L,4,0.6753320191331565
"Muller, Kyle","García, Jarlín",2022,L,5,0.6910129934803513
"Muller, Kyle","Sousa, Bennett",2022,L,6,0.6988299843891096
"Muller, Kyle","Lee, Dylan",2022,L,7,0.7012579718478535
"Muller, Kyle","Steele, Justin",2022,L,8,0.7365346193745254
"Muller, Kyle","Morán, Jovani",2022,L,9,0.8142430420948662
"Muller, Kyle","Gage, Matt",2022,L,10,0.8171647503028917
"Nardi, Andrew","Gore, MacKenzie",2022,L,1,0.7231499931190042
"Nardi, Andrew","Rogers, Trevor",2022,L,2,0.7252691206777047
"Nardi, Andrew","Borucki, Ryan",2022,L,3,0.8611816658864208
"Nardi, Andrew","Kikuchi, Yusei",2022,L,4,0.909331527532304
"Nardi, Andrew","Peterson, David",2022,L,5,0.9294590397035615
"Nardi, Andrew","Lynch IV, Daniel",2022,L,6,0.9748854826113948
"Nardi, Andrew","Ray, Robbie",2022,L,7,0.991499461778912
"Nardi, Andrew","Burke, Brock",2022,L,8,1.0889430650400207
"Nardi, Andrew","Taylor, Blake",2022,L,9,1.097884260768399
"Nardi, Andrew","Puk, A.J.",2022,L,10,1.1708987775735495
"Naughton, Packy","Urías, Julio",2022,L,1,0.5820203503252617
"Naughton, Packy","Norris, Daniel",2022,L,2,0.595180154072712
"Naughton, Packy","Akin, Keegan",2022,L,3,0.6044487681205839
"Naughton, Packy","Cortes, Nestor",2022,L,4,0.6566840239929191
"Naughton, Packy","Speier, Gabe",2022,L,5,0.6775728932063909
"Naughton, Packy","Rogers, Taylor",2022,L,6,0.7909401757599546
"Naughton, Packy","Vieaux, Cam",2022,L,7,0.7912761979907413
"Naughton, Packy","Young, Alex",2022,L,8,0.8500891197251115
"Naughton, Packy","Pérez, Martín",2022,L,9,0.8687781443923712
"Naughton, Packy","Luzardo, Jesús",2022,L,10,0.8812016733773543
"Nelson, Kyle","Cortes, Nestor",2022,L,1,0.4949540495300856
"Nelson, Kyle","Vieaux, Cam",2022,L,2,0.6117044551416657
"Nelson, Kyle","Allard, Kolby",2022,L,3,0.6703125499581055
"Nelson, Kyle","Misiewicz, Anthony",2022,L,4,0.7124594833293478
"Nelson, Kyle","Pérez, Martín",2022,L,5,0.7520577602455033
"Nelson, Kyle","Rogers, Taylor",2022,L,6,0.8118553328622012
"Nelson, Kyle","Gilbert, Tyler",2022,L,7,0.8530306010249069
"Nelson, Kyle","Speier, Gabe",2022,L,8,0.8692620578856676
"Nelson, Kyle","Peters, Dillon",2022,L,9,0.8762755557529482
"Nelson, Kyle","McCarty, Kirk",2022,L,10,0.896841784118794
"Newcomb, Sean","Pérez, Francisco",2022,L,1,0.7539605850125033
"Newcomb, Sean","Detwiler, Ross",2022,L,2,0.8224535525353184
"Newcomb, Sean","Banks, Tanner",2022,L,3,0.9401147711380623
"Newcomb, Sean","Ashby, Aaron",2022,L,4,1.007091802899311
"Newcomb, Sean","Luzardo, Jesús",2022,L,5,1.0199820632209333
"Newcomb, Sean","Smith, Caleb",2022,L,6,1.0817531839849228
"Newcomb, Sean","Akin, Keegan",2022,L,7,1.1375489725110268
"Newcomb, Sean","Rodón, Carlos",2022,L,8,1.1991262749346159
"Newcomb, Sean","Cabrera, Génesis",2022,L,9,1.2011177818650274
"Newcomb, Sean","Peralta, Wandy",2022,L,10,1.228981981063937
"Norris, Daniel","Young, Alex",2022,L,1,0.45475174311341077
"Norris, Daniel","Raley, Brooks",2022,L,2,0.4978670196051216
"Norris, Daniel","Naughton, Packy",2022,L,3,0.595180154072712
"Norris, Daniel","Rogers, Taylor",2022,L,4,0.5962176076834402
"Norris, Daniel","Stout, Eric",2022,L,5,0.60038837997592
"Norris, Daniel","Vieaux, Cam",2022,L,6,0.6489937798647812
"Norris, Daniel","Cortes, Nestor",2022,L,7,0.6561007503313895
"Norris, Daniel","McFarland, T.J.",2022,L,8,0.6849679476675404
"Norris, Daniel","Gilbert, Tyler",2022,L,9,0.7560852256039944
"Norris, Daniel","King, John",2022,L,10,0.7876486079583147
"Okert, Steven","Rogers, Josh",2022,L,1,0.5921768283332532
"Okert, Steven","Mantiply, Joe",2022,L,2,0.7073275019321823
"Okert, Steven","Alexander, Tyler",2022,L,3,0.7170842089888869
"Okert, Steven","Fleming, Josh",2022,L,4,0.7250720579107144
"Okert, Steven","Quintana, Jose",2022,L,5,0.7344391685663502
"Okert, Steven","Shreve, Chasen",2022,L,6,0.7380853253980469
"Okert, Steven","Boyd, Matthew",2022,L,7,0.749363123037976
"Okert, Steven","Bumgarner, Madison",2022,L,8,0.772307906385048
"Okert, Steven","Alvarez, Jose",2022,L,9,0.8021221731441589
"Okert, Steven","Davis, Austin",2022,L,10,0.8183913717918018
"Peralta, Wandy","Pérez, Cionel",2022,L,1,0.6029862122657016
"Peralta, Wandy","Gilbreath, Lucas",2022,L,2,0.7627247671418683
"Peralta, Wandy","Cabrera, Génesis",2022,L,3,0.7691322538912566
"Peralta, Wandy","Luzardo, Jesús",2022,L,4,0.7807215584964063
"Peralta, Wandy","Alexander, Scott",2022,L,5,0.8203262928753351
"Peralta, Wandy","McGee, Jake",2022,L,6,0.8575657388091813
"Peralta, Wandy","Pérez, Martín",2022,L,7,0.8660571003145279
"Peralta, Wandy","Gose, Anthony",2022,L,8,0.8683389652858468
"Peralta, Wandy","Rodriguez, Eduardo",2022,L,9,0.9348920408553634
"Peralta, Wandy","Price, David",2022,L,10,1.010868581833171
"Peters, Dillon","Allard, Kolby",2022,L,1,0.42924176833788036
"Peters, Dillon","Banuelos, Manny",2022,L,2,0.5458035615739559
"Peters, Dillon","Hughes, Brandon",2022,L,3,0.5541063051656869
"Peters, Dillon","Fry, Paul",2022,L,4,0.660182238815663
"Peters, Dillon","Speier, Gabe",2022,L,5,0.6878788884114907
"Peters, Dillon","Vieaux, Cam",2022,L,6,0.6930452767595555
"Peters, Dillon","Snead, Kirby",2022,L,7,0.7030606248777683
"Peters, Dillon","King, John",2022,L,8,0.7502837254128063
"Peters, Dillon","Boyd, Matthew",2022,L,9,0.7551197917443632
"Peters, Dillon","Suarez, José",2022,L,10,0.7838241157060284
"Peterson, David","Lynch IV, Daniel",2022,L,1,0.6027789481561822
"Peterson, David","Sánchez, Cristopher",2022,L,2,0.7587452659668324
"Peterson, David","Gore, MacKenzie",2022,L,3,0.7623402319686636
"Peterson, David","Waldichuk, Ken",2022,L,4,0.8515516548496693
"Peterson, David","Nardi, Andrew",2022,L,5,0.9294590397035615
"Peterson, David","Poche, Colin",2022,L,6,0.9381176086648767
"Peterson, David","Rogers, Trevor",2022,L,7,0.9441008797592226
"Peterson, David","McClanahan, Shane",2022,L,8,1.0001021280978408
"Peterson, David","Kikuchi, Yusei",2022,L,9,1.0929280272587594
"Peterson, David","Corbin, Patrick",2022,L,10,1.107918541126346
"Pilkington, Konnor","García, Jarlín",2022,L,1,0.24867008914673716
"Pilkington, Konnor","Matz, Steven",2022,L,2,0.27936487535585924
"Pilkington, Konnor","Morán, Jovani",2022,L,3,0.47824211209595996
"Pilkington, Konnor","Steele, Justin",2022,L,4,0.5424575439803097
"Pilkington, Konnor","Fried, Max",2022,L,5,0.5753191699388744
"Pilkington, Konnor","Henry, Tommy",2022,L,6,0.5839271870474253
"Pilkington, Konnor","Lauer, Eric",2022,L,7,0.6443939481504695
"Pilkington, Konnor","Garrett, Amir",2022,L,8,0.6521201565432744
"Pilkington, Konnor","Davis, Austin",2022,L,9,0.669336081334757
"Pilkington, Konnor","Muller, Kyle",2022,L,10,0.6753320191331565
"Poche, Colin","Sánchez, Cristopher",2022,L,1,0.3244879499622901
"Poche, Colin","McClanahan, Shane",2022,L,2,0.9189218470846857
"Poche, Colin","Peterson, David",2022,L,3,0.9381176086648767
"Poche, Colin","Gore, MacKenzie",2022,L,4,1.0158432039989855
"Poche, Colin","Burke, Brock",2022,L,5,1.1264080531575158
"Poche, Colin","Lynch IV, Daniel",2022,L,6,1.1677498535544555
"Poche, Colin","Chapman, Aroldis",2022,L,7,1.2815700513135269
"Poche, Colin","Corbin, Patrick",2022,L,8,1.2938216426944287
"Poche, Colin","Nardi, Andrew",2022,L,9,1.40436538540337
"Poche, Colin","Taylor, Blake",2022,L,10,1.4241311498715405
"Price, David","Akin, Keegan",2022,L,1,0.4280889552088816
"Price, David","Ferguson, Caleb",2022,L,2,0.451151083788504
"Price, David","Suarez, Ranger",2022,L,3,0.5175116068937059
"Price, David","Alexander, Scott",2022,L,4,0.590636468089746
"Price, David","Rodriguez, Eduardo",2022,L,5,0.6005208079112315
"Price, David","Luzardo, Jesús",2022,L,6,0.6841659921714612
"Price, David","Cabrera, Génesis",2022,L,7,0.7548574574676193
"Price, David","Skubal, Tarik",2022,L,8,0.7613495454511714
"Price, David","Lauer, Eric",2022,L,9,0.7704885174704961
"Price, David","Banks, Tanner",2022,L,10,0.7762363769048741
"Puk, A.J.","Hader, Josh",2022,L,1,0.8833490115817129
"Puk, A.J.","Nardi, Andrew",2022,L,2,1.1708987775735495
"Puk, A.J.","Kikuchi, Yusei",2022,L,3,1.3115527383366963
"Puk, A.J.","Quijada, José",2022,L,4,1.3876049855578982
"Puk, A.J.","Borucki, Ryan",2022,L,5,1.5204479543321248
"Puk, A.J.","Gore, MacKenzie",2022,L,6,1.5533804087500906
"Puk, A.J.","Burke, Brock",2022,L,7,1.5637775798330629
"Puk, A.J.","Rogers, Trevor",2022,L,8,1.6438319046295007
"Puk, A.J.","Soto, Gregory",2022,L,9,1.6719940902410528
"Puk, A.J.","Peterson, David",2022,L,10,1.704767724320011
"Pérez, Cionel","Peralta, Wandy",2022,L,1,0.6029862122657016
"Pérez, Cionel","Gose, Anthony",2022,L,2,0.7410146797396786
"Pérez, Cionel","McGee, Jake",2022,L,3,0.7902056124801503
"Pérez, Cionel","Luzardo, Jesús",2022,L,4,0.9642461373345587
"Pérez, Cionel","Pérez, Martín",2022,L,5,0.9833944619749009
"Pérez, Cionel","Alexander, Scott",2022,L,6,1.0012575659223177
"Pérez, Cionel","Gilbreath, Lucas",2022,L,7,1.0551564065956074
"Pérez, Cionel","Rodriguez, Eduardo",2022,L,8,1.1763546207250293
"Pérez, Cionel","Minter, A.J.",2022,L,9,1.1804180954427617
"Pérez, Cionel","Banda, Anthony",2022,L,10,1.2069118589262384
"Pérez, Francisco","Valdez, Framber",2022,L,1,0.6902404364161474
"Pérez, Francisco","Newcomb, Sean",2022,L,2,0.7539605850125033
"Pérez, Francisco","Cabrera, Génesis",2022,L,3,0.7999329839981618
"Pérez, Francisco","Moore, Matt",2022,L,4,0.8634834772044488
"Pérez, Francisco","Smith, Caleb",2022,L,5,0.8963796922213282
"Pérez, Francisco","Sandoval, Patrick",2022,L,6,0.9079936202414278
"Pérez, Francisco","Davidson, Tucker",2022,L,7,0.9254440104391356
"Pérez, Francisco","Ashby, Aaron",2022,L,8,0.9603942661648286
"Pérez, Francisco","Banks, Tanner",2022,L,9,0.9745472925148673
"Pérez, Francisco","Wentz, Joey",2022,L,10,1.0012256443158134
"Pérez, Martín","Speier, Gabe",2022,L,1,0.5618208460650874
"Pérez, Martín","McCarty, Kirk",2022,L,2,0.6857826995123554
"Pérez, Martín","Nelson, Kyle",2022,L,3,0.7520577602455033
"Pérez, Martín","Rodriguez, Eduardo",2022,L,4,0.7939368582682131
"Pérez, Martín","Alexander, Scott",2022,L,5,0.8029949363926634
"Pérez, Martín","Cortes, Nestor",2022,L,6,0.8233327412182628
"Pérez, Martín","Peralta, Wandy",2022,L,7,0.8660571003145279
"Pérez, Martín","Naughton, Packy",2022,L,8,0.8687781443923712
"Pérez, Martín","Allard, Kolby",2022,L,9,0.8827032421247759
"Pérez, Martín","Lauer, Eric",2022,L,10,0.8905973428078832
"Quijada, José","Hader, Josh",2022,L,1,0.5918262526941955
"Quijada, José","Borucki, Ryan",2022,L,2,0.9092475762585317
"Quijada, José","Scott, Tanner",2022,L,3,0.9408492378461908
"Quijada, José","Morejon, Adrian",2022,L,4,1.0687823454788619
"Quijada, José","Minter, A.J.",2022,L,5,1.0696174905937483
"Quijada, José","Kikuchi, Yusei",2022,L,6,1.1093785496290258
"Quijada, José","Bummer, Aaron",2022,L,7,1.1786163750231369
"Quijada, José","Soto, Gregory",2022,L,8,1.1868740895516836
"Quijada, José","Strahm, Matt",2022,L,9,1.2289301341273284
"Quijada, José","Puk, A.J.",2022,L,10,1.3876049855578982
"Quintana, Jose","Alvarez, Jose",2022,L,1,0.18847789879533036
"Quintana, Jose","Shreve, Chasen",2022,L,2,0.36060013548015984
"Quintana, Jose","Springs, Jeffrey",2022,L,3,0.4718155088061147
"Quintana, Jose","Bubic, Kris",2022,L,4,0.48036030060648016
"Quintana, Jose","Bumgarner, Madison",2022,L,5,0.4828837781071279
"Quintana, Jose","Alexander, Tyler",2022,L,6,0.5074319374823806
"Quintana, Jose","Garrett, Braxton",2022,L,7,0.5264296410494059
"Quintana, Jose","Freeland, Kyle",2022,L,8,0.5580147931404204
"Quintana, Jose","Davis, Austin",2022,L,9,0.611020362788292
"Quintana, Jose","García, Jarlín",2022,L,10,0.6459360654538427
"Ragans, Cole","Means, John",2022,L,1,0.5257638971463646
"Ragans, Cole","Wentz, Joey",2022,L,2,0.5414098384566312
"Ragans, Cole","Moore, Matt",2022,L,3,0.5960050793228
"Ragans, Cole","Sandoval, Patrick",2022,L,4,0.6734800468970567
"Ragans, Cole","Smith, Will",2022,L,5,0.697318235606729
"Ragans, Cole","Zimmermann, Bruce",2022,L,6,0.7141882570531575
"Ragans, Cole","Long, Sam",2022,L,7,0.743584154410718
"Ragans, Cole","Liberatore, Matthew",2022,L,8,0.7694486206043949
"Ragans, Cole","Davidson, Tucker",2022,L,9,0.8484277998598494
"Ragans, Cole","Valdez, Framber",2022,L,10,0.9554311762505294
"Raley, Brooks","Stout, Eric",2022,L,1,0.2995160304158002
"Raley, Brooks","Norris, Daniel",2022,L,2,0.4978670196051216
"Raley, Brooks","McFarland, T.J.",2022,L,3,0.7142006937770898
"Raley, Brooks","Rogers, Taylor",2022,L,4,0.7597648624989349
"Raley, Brooks","Young, Alex",2022,L,5,0.7904672188780696
"Raley, Brooks","Logue, Zach",2022,L,6,0.7946872570665213
"Raley, Brooks","Vieaux, Cam",2022,L,7,0.9535236836743982
"Raley, Brooks","King, John",2022,L,8,0.9596133830948799
"Raley, Brooks","Cortes, Nestor",2022,L,9,1.0095847825618114
"Raley, Brooks","Naughton, Packy",2022,L,10,1.0256098863624081
"Ray, Robbie","Hearn, Taylor",2022,L,1,0.4340993660754534
"Ray, Robbie","Skubal, Tarik",2022,L,2,0.6915803205450373
"Ray, Robbie","Matzek, Tyler",2022,L,3,0.7146750407561796
"Ray, Robbie","Taylor, Blake",2022,L,4,0.813967152086363
"Ray, Robbie","Sousa, Bennett",2022,L,5,0.8230809128977384
"Ray, Robbie","Muller, Kyle",2022,L,6,0.8602530856743398
"Ray, Robbie","Hentges, Sam",2022,L,7,0.905933262123902
"Ray, Robbie","Chafin, Andrew",2022,L,8,0.9169652146621378
"Ray, Robbie","Morejon, Adrian",2022,L,9,0.9605349588725008
"Ray, Robbie","Banda, Anthony",2022,L,10,0.9795960832983892
"Rodriguez, Eduardo","Alexander, Scott",2022,L,1,0.2119395218452582
"Rodriguez, Eduardo","Banda, Anthony",2022,L,2,0.27581905175653765
"Rodriguez, Eduardo","Suarez, Ranger",2022,L,3,0.3241246603319427
"Rodriguez, Eduardo","Ferguson, Caleb",2022,L,4,0.39347373482869763
"Rodriguez, Eduardo","Szapucki, Thomas",2022,L,5,0.4109885108384919
"Rodriguez, Eduardo","Lauer, Eric",2022,L,6,0.4576791178333082
"Rodriguez, Eduardo","Gilbreath, Lucas",2022,L,7,0.5131126586257383
"Rodriguez, Eduardo","Cabrera, Génesis",2022,L,8,0.5863137702856394
"Rodriguez, Eduardo","McCarty, Kirk",2022,L,9,0.5948651946439907
"Rodriguez, Eduardo","Price, David",2022,L,10,0.6005208079112315
"Rodríguez, Joely","Diekman, Jake",2022,L,1,0.2220834859901947
"Rodríguez, Joely","Lodolo, Nick",2022,L,2,0.5275425530899504
"Rodríguez, Joely","Strahm, Matt",2022,L,3,0.7994949881767359
"Rodríguez, Joely","Heaney, Andrew",2022,L,4,0.9332916396769608
"Rodríguez, Joely","Snead, Kirby",2022,L,5,0.9634653038623264
"Rodríguez, Joely","Bummer, Aaron",2022,L,6,0.966798638571694
"Rodríguez, Joely","Scott, Tanner",2022,L,7,0.9930437338243884
"Rodríguez, Joely","Szapucki, Thomas",2022,L,8,0.9934890883094498
"Rodríguez, Joely","Garrett, Amir",2022,L,9,0.9937552686225851
"Rodríguez, Joely","Hughes, Brandon",2022,L,10,1.0551400151201522
"Rodón, Carlos","Matzek, Tyler",2022,L,1,0.5546564222678988
"Rodón, Carlos","Mayza, Tim",2022,L,2,0.5789050118248111
"Rodón, Carlos","Hearn, Taylor",2022,L,3,0.6556902976098529
"Rodón, Carlos","Gage, Matt",2022,L,4,0.6915526103861952
"Rodón, Carlos","Skubal, Tarik",2022,L,5,0.6916173353357689
"Rodón, Carlos","Sousa, Bennett",2022,L,6,0.6958508971109082
"Rodón, Carlos","Cabrera, Génesis",2022,L,7,1.0266031399404243
"Rodón, Carlos","Ray, Robbie",2022,L,8,1.0402713728870192
"Rodón, Carlos","Moore, Matt",2022,L,9,1.0715167474321619
"Rodón, Carlos","Davidson, Tucker",2022,L,10,1.0872183843771779
"Rogers, Josh","Davis, Austin",2022,L,1,0.39356390009448483
"Rogers, Josh","Garrett, Braxton",2022,L,2,0.5201440006282914
"Rogers, Josh","Okert, Steven",2022,L,3,0.5921768283332532
"Rogers, Josh","Alexander, Tyler",2022,L,4,0.6046142821825082
"Rogers, Josh","Quintana, Jose",2022,L,5,0.6565379474192495
"Rogers, Josh","Anderson, Tyler",2022,L,6,0.6764595552450916
"Rogers, Josh","Springs, Jeffrey",2022,L,7,0.6812709098988989
"Rogers, Josh","Alvarez, Jose",2022,L,8,0.7878466169548043
"Rogers, Josh","Castano, Daniel",2022,L,9,0.8126860720866145
"Rogers, Josh","Boyd, Matthew",2022,L,10,0.8263632205950022
"Rogers, Taylor","Cortes, Nestor",2022,L,1,0.38514643170688506
"Rogers, Taylor","McFarland, T.J.",2022,L,2,0.5255282627771036
"Rogers, Taylor","Norris, Daniel",2022,L,3,0.5962176076834402
"Rogers, Taylor","Vieaux, Cam",2022,L,4,0.6993334030803734
"Rogers, Taylor","Raley, Brooks",2022,L,5,0.7597648624989349
"Rogers, Taylor","Young, Alex",2022,L,6,0.7892762314540146
"Rogers, Taylor","Naughton, Packy",2022,L,7,0.7909401757599546
"Rogers, Taylor","Logue, Zach",2022,L,8,0.8024285146745109
"Rogers, Taylor","Nelson, Kyle",2022,L,9,0.8118553328622012
"Rogers, Taylor","Urías, Julio",2022,L,10,0.8309886016496091
"Rogers, Trevor","Borucki, Ryan",2022,L,1,0.6784139142012652
"Rogers, Trevor","Henry, Tommy",2022,L,2,0.6833492948647482
"Rogers, Trevor","Nardi, Andrew",2022,L,3,0.7252691206777047
"Rogers, Trevor","Lynch IV, Daniel",2022,L,4,0.7426593488600534
"Rogers, Trevor","Kikuchi, Yusei",2022,L,5,0.8151367949035957
"Rogers, Trevor","García, Jarlín",2022,L,6,0.849368266235249
"Rogers, Trevor","Lodolo, Nick",2022,L,7,0.872394690561696
"Rogers, Trevor","Gore, MacKenzie",2022,L,8,0.8789925146849678
"Rogers, Trevor","Morán, Jovani",2022,L,9,0.8817624891828543
"Rogers, Trevor","Pilkington, Konnor",2022,L,10,0.936148993392736
"Romero, JoJo","Luzardo, Jesús",2022,L,1,1.0390234008639068
"Romero, JoJo","Urías, Julio",2022,L,2,1.2508429359720443
"Romero, JoJo","Pérez, Cionel",2022,L,3,1.3070006416978688
"Romero, JoJo","Ashby, Aaron",2022,L,4,1.3280016611216543
"Romero, JoJo","Naughton, Packy",2022,L,5,1.3535029056864352
"Romero, JoJo","Pérez, Martín",2022,L,6,1.384317812523107
"Romero, JoJo","Akin, Keegan",2022,L,7,1.4048048054786044
"Romero, JoJo","Peralta, Wandy",2022,L,8,1.405982218261989
"Romero, JoJo","Minor, Mike",2022,L,9,1.447114725521692
"Romero, JoJo","Cortes, Nestor",2022,L,10,1.4622947110338753
"Ryu, Hyun Jin","Koenig, Jared",2022,L,1,0.7162543874547692
"Ryu, Hyun Jin","Selman, Sam",2022,L,2,0.8232771651068663
"Ryu, Hyun Jin","Gonzales, Marco",2022,L,3,0.8528967412134658
"Ryu, Hyun Jin","Luetge, Lucas",2022,L,4,1.1486247164337196
"Ryu, Hyun Jin","Bruihl, Justin",2022,L,5,1.1509965276966292
"Ryu, Hyun Jin","Bubic, Kris",2022,L,6,1.2181989844384373
"Ryu, Hyun Jin","Díaz, Jhonathan",2022,L,7,1.225255060565659
"Ryu, Hyun Jin","Miley, Wade",2022,L,8,1.2424452132283037
"Ryu, Hyun Jin","Shreve, Chasen",2022,L,9,1.250330820380007
"Ryu, Hyun Jin","Springs, Jeffrey",2022,L,10,1.3142592736824157
"Sandoval, Patrick","Zimmermann, Bruce",2022,L,1,0.4240925376382536
"Sandoval, Patrick","Valdez, Framber",2022,L,2,0.5022909185307425
"Sandoval, Patrick","Long, Sam",2022,L,3,0.5114604539558236
"Sandoval, Patrick","Wentz, Joey",2022,L,4,0.5371908085791303
"Sandoval, Patrick","Davidson, Tucker",2022,L,5,0.5823045012764269
"Sandoval, Patrick","McCarty, Kirk",2022,L,6,0.5989801243692362
"Sandoval, Patrick","Moore, Matt",2022,L,7,0.611402807744309
"Sandoval, Patrick","Ragans, Cole",2022,L,8,0.6734800468970567
"Sandoval, Patrick","Fried, Max",2022,L,9,0.6858007682173716
"Sandoval, Patrick","Lauer, Eric",2022,L,10,0.7185388483189425
"Sanmartin, Reiver","Mantiply, Joe",2022,L,1,0.4757602650247363
"Sanmartin, Reiver","Fleming, Josh",2022,L,2,0.6152235842962733
"Sanmartin, Reiver","Suarez, José",2022,L,3,0.8073754384142119
"Sanmartin, Reiver","Fry, Paul",2022,L,4,0.849050967693353
"Sanmartin, Reiver","Okert, Steven",2022,L,5,0.8578670358194556
"Sanmartin, Reiver","Boyd, Matthew",2022,L,6,0.8956270176429652
"Sanmartin, Reiver","Hughes, Brandon",2022,L,7,0.9077135128426922
"Sanmartin, Reiver","Bumgarner, Madison",2022,L,8,0.9381119047161466
"Sanmartin, Reiver","Snead, Kirby",2022,L,9,0.9560425599655125
"Sanmartin, Reiver","Banuelos, Manny",2022,L,10,1.0280097281921112
"Scott, Tanner","Strahm, Matt",2022,L,1,0.5857942890341542
"Scott, Tanner","Minter, A.J.",2022,L,2,0.7034864491725041
"Scott, Tanner","Bummer, Aaron",2022,L,3,0.7124251429538598
"Scott, Tanner","Diekman, Jake",2022,L,4,0.932223646235993
"Scott, Tanner","Quijada, José",2022,L,5,0.9408492378461908
"Scott, Tanner","Rodríguez, Joely",2022,L,6,0.9930437338243884
"Scott, Tanner","McGee, Jake",2022,L,7,1.027030382272743
"Scott, Tanner","Heaney, Andrew",2022,L,8,1.0597339758261883
"Scott, Tanner","Banda, Anthony",2022,L,9,1.0773402259364193
"Scott, Tanner","Cleavinger, Garrett",2022,L,10,1.085911333823345
"Sears, JP","Wood, Alex",2022,L,1,0.7389736337411459
"Sears, JP","Peters, Dillon",2022,L,2,0.9894126370415494
"Sears, JP","Cleavinger, Garrett",2022,L,3,1.0098190606619695
"Sears, JP","Fry, Paul",2022,L,4,1.053821214279538
"Sears, JP","Banuelos, Manny",2022,L,5,1.1065120292268187
"Sears, JP","Hughes, Brandon",2022,L,6,1.135189253910204
"Sears, JP","Snead, Kirby",2022,L,7,1.1560471551400406
"Sears, JP","Bummer, Aaron",2022,L,8,1.1576858348261083
"Sears, JP","Suarez, José",2022,L,9,1.302771946829382
"Sears, JP","Henry, Tommy",2022,L,10,1.304815517749855
"Selman, Sam","Bubic, Kris",2022,L,1,0.6114526536322256
"Selman, Sam","Koenig, Jared",2022,L,2,0.614387328334476
"Selman, Sam","Shreve, Chasen",2022,L,3,0.6801509274298216
"Selman, Sam","Gonzales, Marco",2022,L,4,0.7334665291144821
"Selman, Sam","Alexander, Tyler",2022,L,5,0.8022133902340464
"Selman, Sam","Alvarez, Jose",2022,L,6,0.8060918828497143
"Selman, Sam","Freeland, Kyle",2022,L,7,0.8156534998117498
"Selman, Sam","Ryu, Hyun Jin",2022,L,8,0.8232771651068663
"Selman, Sam","Thielbar, Caleb",2022,L,9,0.9058947455896735
"Selman, Sam","Quintana, Jose",2022,L,10,0.919759221346692
"Shreve, Chasen","Alvarez, Jose",2022,L,1,0.21774538491734538
"Shreve, Chasen","Bubic, Kris",2022,L,2,0.3442316360855302
"Shreve, Chasen","Quintana, Jose",2022,L,3,0.36060013548015984
"Shreve, Chasen","Alexander, Tyler",2022,L,4,0.40863306079023887
"Shreve, Chasen","Freeland, Kyle",2022,L,5,0.43536427805461286
"Shreve, Chasen","Bumgarner, Madison",2022,L,6,0.5696643793938988
"Shreve, Chasen","Banuelos, Manny",2022,L,7,0.6554084180066729
"Shreve, Chasen","Fleming, Josh",2022,L,8,0.6715351117777646
"Shreve, Chasen","Selman, Sam",2022,L,9,0.6801509274298216
"Shreve, Chasen","Koenig, Jared",2022,L,10,0.7107967825975127
"Skubal, Tarik","Sousa, Bennett",2022,L,1,0.43397700362377084
"Skubal, Tarik","Hearn, Taylor",2022,L,2,0.5350767174482461
"Skubal, Tarik","Matzek, Tyler",2022,L,3,0.6233414714509982
"Skubal, Tarik","Steele, Justin",2022,L,4,0.6374373367009339
"Skubal, Tarik","Davidson, Tucker",2022,L,5,0.6468169855880451
"Skubal, Tarik","Cabrera, Génesis",2022,L,6,0.6840937126356623
"Skubal, Tarik","Gage, Matt",2022,L,7,0.6860117098834952
"Skubal, Tarik","Ray, Robbie",2022,L,8,0.6915803205450373
"Skubal, Tarik","Rodón, Carlos",2022,L,9,0.6916173353357689
"Skubal, Tarik","Suarez, Ranger",2022,L,10,0.7230727736744775
"Smeltzer, Devin","Keuchel, Dallas",2022,L,1,0.6402370261536875
"Smeltzer, Devin","Allen, Logan",2022,L,2,0.7428854378387169
"Smeltzer, Devin","Young, Alex",2022,L,3,0.7654393760726823
"Smeltzer, Devin","Gilbert, Tyler",2022,L,4,0.823734837510916
"Smeltzer, Devin","Stout, Eric",2022,L,5,0.8392559056355108
"Smeltzer, Devin","Miley, Wade",2022,L,6,0.881568975012488
"Smeltzer, Devin","Milone, Tommy",2022,L,7,0.900172986628663
"Smeltzer, Devin","Castano, Daniel",2022,L,8,0.9563613023109636
"Smeltzer, Devin","Anderson, Tyler",2022,L,9,0.9597968556362172
"Smeltzer, Devin","Raley, Brooks",2022,L,10,1.0257365475953433
"Smith, Caleb","Detmers, Reid",2022,L,1,0.5647679816476203
"Smith, Caleb","Urías, Julio",2022,L,2,0.6136443601290177
"Smith, Caleb","Detwiler, Ross",2022,L,3,0.6961474614377285
"Smith, Caleb","Valdez, Framber",2022,L,4,0.7001892787391506
"Smith, Caleb","Ashby, Aaron",2022,L,5,0.717346397244512
"Smith, Caleb","Banks, Tanner",2022,L,6,0.7863135015492991
"Smith, Caleb","Smyly, Drew",2022,L,7,0.818477577246024
"Smith, Caleb","Sandoval, Patrick",2022,L,8,0.8482849578989553
"Smith, Caleb","Misiewicz, Anthony",2022,L,9,0.8504925313186675
"Smith, Caleb","Pérez, Francisco",2022,L,10,0.8963796922213282
"Smith, Will","Means, John",2022,L,1,0.3914670038215064
"Smith, Will","Ragans, Cole",2022,L,2,0.697318235606729
"Smith, Will","Castano, Daniel",2022,L,3,0.7493614193941207
"Smith, Will","Kershaw, Clayton",2022,L,4,0.8622752413222187
"Smith, Will","Zimmermann, Bruce",2022,L,5,0.8662366719903534
"Smith, Will","Miley, Wade",2022,L,6,0.912885705206327
"Smith, Will","Gomber, Austin",2022,L,7,0.9320854012264974
"Smith, Will","Anderson, Tyler",2022,L,8,0.950838548663492
"Smith, Will","Irvin, Cole",2022,L,9,0.9595385526070943
"Smith, Will","Sandoval, Patrick",2022,L,10,0.9617213276021995
"Smyly, Drew","Vespi, Nick",2022,L,1,0.2497231800106509
"Smyly, Drew","Hand, Brad",2022,L,2,0.45810256481656436
"Smyly, Drew","Allen, Logan",2022,L,3,0.6723524979826903
"Smyly, Drew","Detmers, Reid",2022,L,4,0.7266797752878955
"Smyly, Drew","Castano, Daniel",2022,L,5,0.8139410247358417
"Smyly, Drew","Smith, Caleb",2022,L,6,0.818477577246024
"Smyly, Drew","Means, John",2022,L,7,0.9020438069556034
"Smyly, Drew","Gilbert, Tyler",2022,L,8,0.9578087534069104
"Smyly, Drew","Smith, Will",2022,L,9,0.9893989895055367
"Smyly, Drew","Sandoval, Patrick",2022,L,10,1.034409904307792
"Snead, Kirby","Hughes, Brandon",2022,L,1,0.2888092132765043
"Snead, Kirby","Fry, Paul",2022,L,2,0.4279908925400889
"Snead, Kirby","Heaney, Andrew",2022,L,3,0.48254245899914044
"Snead, Kirby","Szapucki, Thomas",2022,L,4,0.6694496928512752
"Snead, Kirby","Speier, Gabe",2022,L,5,0.6883739307421922
"Snead, Kirby","Peters, Dillon",2022,L,6,0.7030606248777683
"Snead, Kirby","Strahm, Matt",2022,L,7,0.7034789788202797
"Snead, Kirby","Bummer, Aaron",2022,L,8,0.7448705911523851
"Snead, Kirby","Cleavinger, Garrett",2022,L,9,0.7628077332882222
"Snead, Kirby","Allard, Kolby",2022,L,10,0.803667183239368
"Snell, Blake","Hentges, Sam",2022,L,1,0.38109870945913804
"Snell, Blake","Burke, Brock",2022,L,2,0.8618900259079839
"Snell, Blake","Taylor, Blake",2022,L,3,0.9634906315557101
"Snell, Blake","Corbin, Patrick",2022,L,4,1.1337806065110683
"Snell, Blake","Hearn, Taylor",2022,L,5,1.153181957369837
"Snell, Blake","Ray, Robbie",2022,L,6,1.1629241665556762
"Snell, Blake","McClanahan, Shane",2022,L,7,1.1736274827184994
"Snell, Blake","Mayza, Tim",2022,L,8,1.2131651981210503
"Snell, Blake","Beeks, Jalen",2022,L,9,1.2158212211971304
"Snell, Blake","Chafin, Andrew",2022,L,10,1.2446051514740735
"Soto, Gregory","Hader, Josh",2022,L,1,1.0537403010328767
"Soto, Gregory","Quijada, José",2022,L,2,1.1868740895516836
"Soto, Gregory","Morejon, Adrian",2022,L,3,1.523820455805221
"Soto, Gregory","Puk, A.J.",2022,L,4,1.6719940902410528
"Soto, Gregory","Minter, A.J.",2022,L,5,1.692229741163604
"Soto, Gregory","Scott, Tanner",2022,L,6,1.9013319063347225
"Soto, Gregory","Borucki, Ryan",2022,L,7,1.9124175186770036
"Soto, Gregory","Alvarado, José",2022,L,8,1.9242980070182405
"Soto, Gregory","Burke, Brock",2022,L,9,1.9857849503562481
"Soto, Gregory","Beeks, Jalen",2022,L,10,1.9906448550790408
"Sousa, Bennett","Skubal, Tarik",2022,L,1,0.43397700362377084
"Sousa, Bennett","Matzek, Tyler",2022,L,2,0.502565832714628
"Sousa, Bennett","Cabrera, Génesis",2022,L,3,0.5140499451268165
"Sousa, Bennett","Davidson, Tucker",2022,L,4,0.5550443985002014
"Sousa, Bennett","Gage, Matt",2022,L,5,0.5943653780543681
"Sousa, Bennett","Steele, Justin",2022,L,6,0.6520303079575532
"Sousa, Bennett","Rodón, Carlos",2022,L,7,0.6958508971109082
"Sousa, Bennett","Muller, Kyle",2022,L,8,0.6988299843891096
"Sousa, Bennett","Moore, Matt",2022,L,9,0.7040307868829497
"Sousa, Bennett","Hearn, Taylor",2022,L,10,0.7260756237597041
"Speier, Gabe","Allard, Kolby",2022,L,1,0.533434953961048
"Speier, Gabe","Pérez, Martín",2022,L,2,0.5618208460650874
"Speier, Gabe","Ferguson, Caleb",2022,L,3,0.635833822807193
"Speier, Gabe","Vieaux, Cam",2022,L,4,0.6587115073232506
"Speier, Gabe","Naughton, Packy",2022,L,5,0.6775728932063909
"Speier, Gabe","Peters, Dillon",2022,L,6,0.6878788884114907
"Speier, Gabe","Snead, Kirby",2022,L,7,0.6883739307421922
"Speier, Gabe","Hughes, Brandon",2022,L,8,0.7003706576805645
"Speier, Gabe","King, John",2022,L,9,0.7060217625569284
"Speier, Gabe","Szapucki, Thomas",2022,L,10,0.7122009539004781
"Springs, Jeffrey","Garrett, Braxton",2022,L,1,0.3557951030373125
"Springs, Jeffrey","Quintana, Jose",2022,L,2,0.4718155088061147
"Springs, Jeffrey","Irvin, Cole",2022,L,3,0.5020114554413339
"Springs, Jeffrey","Kershaw, Clayton",2022,L,4,0.5947528254086069
"Springs, Jeffrey","Alvarez, Jose",2022,L,5,0.6119386288219162
"Springs, Jeffrey","Koenig, Jared",2022,L,6,0.6207339190748613
"Springs, Jeffrey","Bleier, Richard",2022,L,7,0.668968242780816
"Springs, Jeffrey","Rogers, Josh",2022,L,8,0.6812709098988989
"Springs, Jeffrey","Shreve, Chasen",2022,L,9,0.7417462580889883
"Springs, Jeffrey","Alexander, Tyler",2022,L,10,0.7549656238192711
"Steele, Justin","Davidson, Tucker",2022,L,1,0.3230772171815204
"Steele, Justin","Lauer, Eric",2022,L,2,0.4079427806405649
"Steele, Justin","Fried, Max",2022,L,3,0.4741021402486196
"Steele, Justin","Pilkington, Konnor",2022,L,4,0.5424575439803097
"Steele, Justin","Suarez, Ranger",2022,L,5,0.591657637859624
"Steele, Justin","Moore, Matt",2022,L,6,0.6142172586161803
"Steele, Justin","Skubal, Tarik",2022,L,7,0.6374373367009339
"Steele, Justin","McCarty, Kirk",2022,L,8,0.6466870322387291
"Steele, Justin","Sousa, Bennett",2022,L,9,0.6520303079575532
"Steele, Justin","Davis, Austin",2022,L,10,0.6714484458406308
"Stout, Eric","Raley, Brooks",2022,L,1,0.2995160304158002
"Stout, Eric","Norris, Daniel",2022,L,2,0.60038837997592
"Stout, Eric","Young, Alex",2022,L,3,0.7434350472246621
"Stout, Eric","Smeltzer, Devin",2022,L,4,0.8392559056355108
"Stout, Eric","McFarland, T.J.",2022,L,5,0.8733759956618848
"Stout, Eric","Rogers, Taylor",2022,L,6,0.9000759523276132
"Stout, Eric","Boyd, Matthew",2022,L,7,0.9273752062979598
"Stout, Eric","Vieaux, Cam",2022,L,8,0.9374693604139043
"Stout, Eric","Logue, Zach",2022,L,9,0.9404607437573385
"Stout, Eric","King, John",2022,L,10,0.962165610292831
"Strahm, Matt","Bummer, Aaron",2022,L,1,0.3583016269684412
"Strahm, Matt","Scott, Tanner",2022,L,2,0.5857942890341542
"Strahm, Matt","Szapucki, Thomas",2022,L,3,0.602565579574612
"Strahm, Matt","Banda, Anthony",2022,L,4,0.6618060277476201
"Strahm, Matt","Diekman, Jake",2022,L,5,0.6720498801369339
"Strahm, Matt","Snead, Kirby",2022,L,6,0.7034789788202797
"Strahm, Matt","Lodolo, Nick",2022,L,7,0.7524496358941548
"Strahm, Matt","Cleavinger, Garrett",2022,L,8,0.7581229912952275
"Strahm, Matt","Heaney, Andrew",2022,L,9,0.7685830650518115
"Strahm, Matt","Hughes, Brandon",2022,L,10,0.770871033239249
"Suarez, José","Boyd, Matthew",2022,L,1,0.44281233696627376
"Suarez, José","King, John",2022,L,2,0.5533753803234819
"Suarez, José","Allard, Kolby",2022,L,3,0.6578508876178637
"Suarez, José","Vieaux, Cam",2022,L,4,0.6856762377691414
"Suarez, José","Fry, Paul",2022,L,5,0.6981526787563563
"Suarez, José","Peters, Dillon",2022,L,6,0.7838241157060284
"Suarez, José","Sanmartin, Reiver",2022,L,7,0.8073754384142119
"Suarez, José","Mantiply, Joe",2022,L,8,0.8811119459889666
"Suarez, José","Alexander, Tyler",2022,L,9,0.9641950898431474
"Suarez, José","Hughes, Brandon",2022,L,10,0.9666759915543632
"Suarez, Ranger","Ferguson, Caleb",2022,L,1,0.25897313173040537
"Suarez, Ranger","Rodriguez, Eduardo",2022,L,2,0.3241246603319427
"Suarez, Ranger","Szapucki, Thomas",2022,L,3,0.4025679731082102
"Suarez, Ranger","Garrett, Amir",2022,L,4,0.43783865453996246
"Suarez, Ranger","Lauer, Eric",2022,L,5,0.4558752808808174
"Suarez, Ranger","Alexander, Scott",2022,L,6,0.4743722688295237
"Suarez, Ranger","Banda, Anthony",2022,L,7,0.4804676370868863
"Suarez, Ranger","Price, David",2022,L,8,0.5175116068937059
"Suarez, Ranger","Steele, Justin",2022,L,9,0.591657637859624
"Suarez, Ranger","McCarty, Kirk",2022,L,10,0.6167444018305143
"Suter, Brent","Ryu, Hyun Jin",2022,L,1,1.6235822228290875
"Suter, Brent","Koenig, Jared",2022,L,2,1.6575720171588866
"Suter, Brent","Bleier, Richard",2022,L,3,1.6912504745640975
"Suter, Brent","Bruihl, Justin",2022,L,4,1.696002107000868
"Suter, Brent","Díaz, Jhonathan",2022,L,5,1.724981906343927
"Suter, Brent","Gomber, Austin",2022,L,6,1.8634456205593948
"Suter, Brent","Springs, Jeffrey",2022,L,7,1.9676331391636057
"Suter, Brent","Montgomery, Jordan",2022,L,8,1.9729851121189736
"Suter, Brent","Waldichuk, Ken",2022,L,9,1.9787059765442985
"Suter, Brent","Peterson, David",2022,L,10,1.9798162243729363
"Szapucki, Thomas","Banda, Anthony",2022,L,1,0.3700274320484735
"Szapucki, Thomas","Ferguson, Caleb",2022,L,2,0.37488851046763216
"Szapucki, Thomas","Garrett, Amir",2022,L,3,0.39211565874877913
"Szapucki, Thomas","Suarez, Ranger",2022,L,4,0.4025679731082102
"Szapucki, Thomas","Rodriguez, Eduardo",2022,L,5,0.4109885108384919
"Szapucki, Thomas","Alexander, Scott",2022,L,6,0.4851806015350981
"Szapucki, Thomas","Hughes, Brandon",2022,L,7,0.5476418928822662
"Szapucki, Thomas","Matz, Steven",2022,L,8,0.5908945123946348
"Szapucki, Thomas","Strahm, Matt",2022,L,9,0.602565579574612
"Szapucki, Thomas","Snead, Kirby",2022,L,10,0.6694496928512752
"Sánchez, Cristopher","Poche, Colin",2022,L,1,0.3244879499622901
"Sánchez, Cristopher","McClanahan, Shane",2022,L,2,0.6811889468160162
"Sánchez, Cristopher","Peterson, David",2022,L,3,0.7587452659668324
"Sánchez, Cristopher","Gore, MacKenzie",2022,L,4,0.806817741348914
"Sánchez, Cristopher","Lynch IV, Daniel",2022,L,5,0.9433960866574848
"Sánchez, Cristopher","Corbin, Patrick",2022,L,6,0.9873375719512623
"Sánchez, Cristopher","Burke, Brock",2022,L,7,1.0434575132050552
"Sánchez, Cristopher","Taylor, Blake",2022,L,8,1.1483523153798367
"Sánchez, Cristopher","Nardi, Andrew",2022,L,9,1.1808017242095148
"Sánchez, Cristopher","Hentges, Sam",2022,L,10,1.2293929180101706
"Taylor, Blake","Muller, Kyle",2022,L,1,0.5019156732758105
"Taylor, Blake","Hentges, Sam",2022,L,2,0.6123804037963632
"Taylor, Blake","McClanahan, Shane",2022,L,3,0.6171472057624953
"Taylor, Blake","Chafin, Andrew",2022,L,4,0.719841294748518
"Taylor, Blake","Gore, MacKenzie",2022,L,5,0.782611177272573
"Taylor, Blake","Beeks, Jalen",2022,L,6,0.8039037058575121
"Taylor, Blake","Ray, Robbie",2022,L,7,0.813967152086363
"Taylor, Blake","Vesia, Alex",2022,L,8,0.8414719970943849
"Taylor, Blake","Sousa, Bennett",2022,L,9,0.9064855005880675
"Taylor, Blake","Corbin, Patrick",2022,L,10,0.9331822480609523
"Thielbar, Caleb","Kershaw, Clayton",2022,L,1,0.7758434638196354
"Thielbar, Caleb","Zimmermann, Bruce",2022,L,2,0.8024024605317416
"Thielbar, Caleb","Long, Sam",2022,L,3,0.8617760382544437
"Thielbar, Caleb","Irvin, Cole",2022,L,4,0.8894724044745466
"Thielbar, Caleb","Selman, Sam",2022,L,5,0.9058947455896735
"Thielbar, Caleb","Luetge, Lucas",2022,L,6,0.9272977261987483
"Thielbar, Caleb","Keuchel, Dallas",2022,L,7,0.9614564320515846
"Thielbar, Caleb","Anderson, Tyler",2022,L,8,0.9694157062034645
"Thielbar, Caleb","Miley, Wade",2022,L,9,1.0660635300280716
"Thielbar, Caleb","Fried, Max",2022,L,10,1.0821257618404494
"Thompson, Zack","Morán, Jovani",2022,L,1,0.4883322609760915
"Thompson, Zack","García, Jarlín",2022,L,2,0.5858214201774404
"Thompson, Zack","Henry, Tommy",2022,L,3,0.7606189738514456
"Thompson, Zack","Lynch IV, Daniel",2022,L,4,0.7690828077042771
"Thompson, Zack","Freeland, Kyle",2022,L,5,0.7791183194645062
"Thompson, Zack","Bubic, Kris",2022,L,6,0.8022393741243694
"Thompson, Zack","Pilkington, Konnor",2022,L,7,0.8095595255923737
"Thompson, Zack","Muller, Kyle",2022,L,8,0.8721334585481184
"Thompson, Zack","Alvarez, Jose",2022,L,9,0.9029192385612791
"Thompson, Zack","Chafin, Andrew",2022,L,10,0.9163731089413281
"Urías, Julio","Detmers, Reid",2022,L,1,0.5093671011771843
"Urías, Julio","Naughton, Packy",2022,L,2,0.5820203503252617
"Urías, Julio","Smith, Caleb",2022,L,3,0.6136443601290177
"Urías, Julio","Cortes, Nestor",2022,L,4,0.6384310430068323
"Urías, Julio","Valdez, Framber",2022,L,5,0.6899559885176313
"Urías, Julio","Misiewicz, Anthony",2022,L,6,0.6974115634814104
"Urías, Julio","Minor, Mike",2022,L,7,0.7102383328132342
"Urías, Julio","Akin, Keegan",2022,L,8,0.7359222168214818
"Urías, Julio","Rogers, Taylor",2022,L,9,0.8309886016496091
"Urías, Julio","Norris, Daniel",2022,L,10,0.8323920588183764
"Valdez, Framber","Sandoval, Patrick",2022,L,1,0.5022909185307425
"Valdez, Framber","Misiewicz, Anthony",2022,L,2,0.5340572699686347
"Valdez, Framber","McCarty, Kirk",2022,L,3,0.5976298149594543
"Valdez, Framber","Long, Sam",2022,L,4,0.5977318220639805
"Valdez, Framber","Urías, Julio",2022,L,5,0.6899559885176313
"Valdez, Framber","Pérez, Francisco",2022,L,6,0.6902404364161474
"Valdez, Framber","Smith, Caleb",2022,L,7,0.7001892787391506
"Valdez, Framber","Zimmermann, Bruce",2022,L,8,0.7117529721761024
"Valdez, Framber","Wentz, Joey",2022,L,9,0.8146679112648039
"Valdez, Framber","Lauer, Eric",2022,L,10,0.83392586267466
"Vesia, Alex","Gilbreath, Lucas",2022,L,1,0.599742656762464
"Vesia, Alex","Banda, Anthony",2022,L,2,0.7691024391687287
"Vesia, Alex","Borucki, Ryan",2022,L,3,0.7762394527661552
"Vesia, Alex","Taylor, Blake",2022,L,4,0.8414719970943849
"Vesia, Alex","Beeks, Jalen",2022,L,5,0.8690316917744999
"Vesia, Alex","Morejon, Adrian",2022,L,6,0.9252515385368615
"Vesia, Alex","Rodriguez, Eduardo",2022,L,7,0.9429289833413012
"Vesia, Alex","Morán, Jovani",2022,L,8,0.9481799600465999
"Vesia, Alex","Muller, Kyle",2022,L,9,0.950593175054301
"Vesia, Alex","Pilkington, Konnor",2022,L,10,0.9542572751139881
"Vespi, Nick","Smyly, Drew",2022,L,1,0.2497231800106509
"Vespi, Nick","Hand, Brad",2022,L,2,0.3644934619724446
"Vespi, Nick","Allen, Logan",2022,L,3,0.7110125381053773
"Vespi, Nick","Detmers, Reid",2022,L,4,0.8163280069907529
"Vespi, Nick","Castano, Daniel",2022,L,5,0.8596687559186774
"Vespi, Nick","Smith, Caleb",2022,L,6,0.9994640465548316
"Vespi, Nick","Gilbert, Tyler",2022,L,7,1.0420930324440392
"Vespi, Nick","Keuchel, Dallas",2022,L,8,1.0745205808881744
"Vespi, Nick","Young, Alex",2022,L,9,1.08008263035481
"Vespi, Nick","Means, John",2022,L,10,1.088481070696537
"Vieaux, Cam","Allard, Kolby",2022,L,1,0.2739120510693479
"Vieaux, Cam","King, John",2022,L,2,0.38342598536351324
"Vieaux, Cam","Cortes, Nestor",2022,L,3,0.5589401555743562
"Vieaux, Cam","Boyd, Matthew",2022,L,4,0.5831950991364621
"Vieaux, Cam","Nelson, Kyle",2022,L,5,0.6117044551416657
"Vieaux, Cam","Norris, Daniel",2022,L,6,0.6489937798647812
"Vieaux, Cam","Speier, Gabe",2022,L,7,0.6587115073232506
"Vieaux, Cam","Suarez, José",2022,L,8,0.6856762377691414
"Vieaux, Cam","Peters, Dillon",2022,L,9,0.6930452767595555
"Vieaux, Cam","Rogers, Taylor",2022,L,10,0.6993334030803734
"Waldichuk, Ken","Manaea, Sean",2022,L,1,0.5552800065895475
"Waldichuk, Ken","Peterson, David",2022,L,2,0.8515516548496693
"Waldichuk, Ken","Rogers, Trevor",2022,L,3,0.9773175864336134
"Waldichuk, Ken","Lynch IV, Daniel",2022,L,4,1.1109431858898344
"Waldichuk, Ken","Bumgarner, Madison",2022,L,5,1.2191434710557911
"Waldichuk, Ken","Bleier, Richard",2022,L,6,1.2367349747338598
"Waldichuk, Ken","Henry, Tommy",2022,L,7,1.2772389921817828
"Waldichuk, Ken","Kikuchi, Yusei",2022,L,8,1.2819068902956772
"Waldichuk, Ken","Nardi, Andrew",2022,L,9,1.2841417395324184
"Waldichuk, Ken","Bruihl, Justin",2022,L,10,1.3262740578281993
"Wentz, Joey","Liberatore, Matthew",2022,L,1,0.46541340906516904
"Wentz, Joey","Moore, Matt",2022,L,2,0.5075549897433075
"Wentz, Joey","Sandoval, Patrick",2022,L,3,0.5371908085791303
"Wentz, Joey","Zimmermann, Bruce",2022,L,4,0.5376671210477126
"Wentz, Joey","Long, Sam",2022,L,5,0.5393204007582734
"Wentz, Joey","Davidson, Tucker",2022,L,6,0.5396994789653495
"Wentz, Joey","Ragans, Cole",2022,L,7,0.5414098384566312
"Wentz, Joey","Fried, Max",2022,L,8,0.5433561394084914
"Wentz, Joey","Steele, Justin",2022,L,9,0.7185270525667736
"Wentz, Joey","Kershaw, Clayton",2022,L,10,0.7590487068559207
"Wood, Alex","Fry, Paul",2022,L,1,0.6914252555194129
"Wood, Alex","Sears, JP",2022,L,2,0.7389736337411459
"Wood, Alex","Heaney, Andrew",2022,L,3,0.8035738771485538
"Wood, Alex","Snead, Kirby",2022,L,4,0.8772859219436162
"Wood, Alex","Cleavinger, Garrett",2022,L,5,0.9578995871186325
"Wood, Alex","Hughes, Brandon",2022,L,6,1.0337234725278694
"Wood, Alex","Bummer, Aaron",2022,L,7,1.075659021549378
"Wood, Alex","Peters, Dillon",2022,L,8,1.0971628397643491
"Wood, Alex","King, John",2022,L,9,1.1787889454007598
"Wood, Alex","Suarez, José",2022,L,10,1.1791012800849292
"Yarbrough, Ryan","Hill, Rich",2022,L,1,1.2925252564217928
"Yarbrough, Ryan","Gonzales, Marco",2022,L,2,1.7553314581267543
"Yarbrough, Ryan","Ryu, Hyun Jin",2022,L,3,2.003694061957562
"Yarbrough, Ryan","Milone, Tommy",2022,L,4,2.091321836335869
"Yarbrough, Ryan","Fletcher, Aaron",2022,L,5,2.2299750028344976
"Yarbrough, Ryan","Díaz, Jhonathan",2022,L,6,2.2466376592819985
"Yarbrough, Ryan","Milner, Hoby",2022,L,7,2.2801124364697145
"Yarbrough, Ryan","Bruihl, Justin",2022,L,8,2.285820055831122
"Yarbrough, Ryan","Mantiply, Joe",2022,L,9,2.2953181487516634
"Yarbrough, Ryan","Selman, Sam",2022,L,10,2.3729046249740815
"Young, Alex","Gilbert, Tyler",2022,L,1,0.3291917594470908
"Young, Alex","Allen, Logan",2022,L,2,0.4220317465370198
"Young, Alex","Norris, Daniel",2022,L,3,0.45475174311341077
"Young, Alex","Anderson, Tyler",2022,L,4,0.6639326649426031
"Young, Alex","Cortes, Nestor",2022,L,5,0.7218005230851204
"Young, Alex","Detmers, Reid",2022,L,6,0.7239339431277232
"Young, Alex","Vieaux, Cam",2022,L,7,0.7354998102640491
"Young, Alex","Stout, Eric",2022,L,8,0.7434350472246621
"Young, Alex","Castano, Daniel",2022,L,9,0.7599277435634477
"Young, Alex","Smeltzer, Devin",2022,L,10,0.7654393760726823
"Zimmermann, Bruce","Long, Sam",2022,L,1,0.26650357827820004
"Zimmermann, Bruce","Sandoval, Patrick",2022,L,2,0.4240925376382536
"Zimmermann, Bruce","Wentz, Joey",2022,L,3,0.5376671210477126
"Zimmermann, Bruce","Anderson, Tyler",2022,L,4,0.6378152216877641
"Zimmermann, Bruce","Fried, Max",2022,L,5,0.6551998969113808
"Zimmermann, Bruce","Kershaw, Clayton",2022,L,6,0.6958849341131733
"Zimmermann, Bruce","Castano, Daniel",2022,L,7,0.7116575578290438
"Zimmermann, Bruce","Valdez, Framber",2022,L,8,0.7117529721761024
"Zimmermann, Bruce","Ragans, Cole",2022,L,9,0.7141882570531575
"Zimmermann, Bruce","Gilbert, Tyler",2022,L,10,0.7155655204396545
"Abbott, Cory","Martinez, Adrián",2022,R,1,0.18862177935431726
"Abbott, Cory","Mayers, Mike",2022,R,2,0.35000567876615457
"Abbott, Cory","Scherzer, Max",2022,R,3,0.437288819977692
"Abbott, Cory","Weiss, Zack",2022,R,4,0.46003897536331406
"Abbott, Cory","Morton, Charlie",2022,R,5,0.47394773858097966
"Abbott, Cory","Rucker, Michael",2022,R,6,0.4795169416567555
"Abbott, Cory","Brigham, Jeff",2022,R,7,0.49580420503507705
"Abbott, Cory","Kuhl, Chad",2022,R,8,0.5006752760686618
"Abbott, Cory","Kremer, Dean",2022,R,9,0.5184707466244469
"Abbott, Cory","Alexander, Jason",2022,R,10,0.540699881633083
"Abreu, Albert","Fernández, Junior",2022,R,1,0.2732527274880812
"Abreu, Albert","Finnegan, Kyle",2022,R,2,0.309292724671727
"Abreu, Albert","Loáisiga, Jonathan",2022,R,3,0.32555821734205526
"Abreu, Albert","Coonrod, Sam",2022,R,4,0.39182873841215443
"Abreu, Albert","Armstrong, Shawn",2022,R,5,0.4004118643172963
"Abreu, Albert","deGrom, Jacob",2022,R,6,0.43257049485569543
"Abreu, Albert","Foley, Jason",2022,R,7,0.46933553396119576
"Abreu, Albert","Hicks, Jordan",2022,R,8,0.507478034069341
"Abreu, Albert","Pop, Zach",2022,R,9,0.6460253584093985
"Abreu, Albert","Cole, Gerrit",2022,R,10,0.6565888182135674
"Abreu, Bryan","López, Reynaldo",2022,R,1,0.30299826190756063
"Abreu, Bryan","Cole, Gerrit",2022,R,2,0.37362877270822226
"Abreu, Bryan","Stephan, Trevor",2022,R,3,0.40109427091261657
"Abreu, Bryan","Coleman, Dylan",2022,R,4,0.42530084662636053
"Abreu, Bryan","López, Jorge",2022,R,5,0.42947832206146663
"Abreu, Bryan","Beasley, Jeremy",2022,R,6,0.46316187381491747
"Abreu, Bryan","Holderman, Colin",2022,R,7,0.49629383066156596
"Abreu, Bryan","Kahnle, Tommy",2022,R,8,0.5076874429741759
"Abreu, Bryan","Fulmer, Michael",2022,R,9,0.5253858542172422
"Abreu, Bryan","Foley, Jason",2022,R,10,0.5326818386836036
"Acevedo, Domingo","Bellatti, Andrew",2022,R,1,0.3308453415051651
"Acevedo, Domingo","Lorenzen, Michael",2022,R,2,0.35447689497640383
"Acevedo, Domingo","Yacabonis, Jimmy",2022,R,3,0.4550270911264601
"Acevedo, Domingo","Bazardo, Eduard",2022,R,4,0.46779876902601925
"Acevedo, Domingo","Garcia, Bryan",2022,R,5,0.46910217033009854
"Acevedo, Domingo","Medina, Adonis",2022,R,6,0.5742414074489192
"Acevedo, Domingo","Smith, Drew",2022,R,7,0.594405129540958
"Acevedo, Domingo","Stroman, Marcus",2022,R,8,0.6459530606734982
"Acevedo, Domingo","Schmidt, Clarke",2022,R,9,0.6691731536485817
"Acevedo, Domingo","Payamps, Joel",2022,R,10,0.6850550016688686
"Adam, Jason","Grove, Michael",2022,R,1,0.262533261080629
"Adam, Jason","Stratton, Chris",2022,R,2,0.2984767144202365
"Adam, Jason","Assad, Javier",2022,R,3,0.31369445050397826
"Adam, Jason","Bradley, Archie",2022,R,4,0.34545353682437746
"Adam, Jason","Rodríguez, Elvin",2022,R,5,0.37528303404063373
"Adam, Jason","Bolaños, Ronald",2022,R,6,0.4154089181845088
"Adam, Jason","Sulser, Beau",2022,R,7,0.46169165024437936
"Adam, Jason","Howard, Spencer",2022,R,8,0.4945009118475119
"Adam, Jason","Crowe, Wil",2022,R,9,0.496499661029349
"Adam, Jason","Morris, Cody",2022,R,10,0.4997859666081404
"Adon, Joan","Gausman, Kevin",2022,R,1,0.46732586205828897
"Adon, Joan","Perdomo, Luis",2022,R,2,0.4736143576185969
"Adon, Joan","Fulmer, Michael",2022,R,3,0.4767855311882138
"Adon, Joan","Nogosek, Stephen",2022,R,4,0.48087310054378785
"Adon, Joan","Keller, Mitch",2022,R,5,0.4947769954725855
"Adon, Joan","Hunter, Tommy",2022,R,6,0.5194238921595884
"Adon, Joan","Nelson, Nick",2022,R,7,0.5582134195798166
"Adon, Joan","Trivino III, Lou",2022,R,8,0.5584344833722704
"Adon, Joan","Hoffman, Jeff",2022,R,9,0.5651285722693974
"Adon, Joan","Rasmussen, Drew",2022,R,10,0.5672334928184969
"Alcantara, Sandy","Bard, Daniel",2022,R,1,0.53577735798028
"Alcantara, Sandy","Familia, Jeurys",2022,R,2,0.6226843270664808
"Alcantara, Sandy","Harvey, Hunter",2022,R,3,0.7509616230238393
"Alcantara, Sandy","Tapia, Domingo",2022,R,4,0.7848300008315038
"Alcantara, Sandy","Duran, Jhoan",2022,R,5,0.8225071414889781
"Alcantara, Sandy","Bender, Anthony",2022,R,6,0.8558086314957118
"Alcantara, Sandy","Guerra, Javy",2022,R,7,0.8874735902546121
"Alcantara, Sandy","Graterol, Brusdar",2022,R,8,0.8988169106815647
"Alcantara, Sandy","Ruiz, José",2022,R,9,0.8994630523134316
"Alcantara, Sandy","Holmes, Clay",2022,R,10,0.924714062251629
"Alexander, Jason","Morton, Charlie",2022,R,1,0.17621525384551343
"Alexander, Jason","Llovera, Mauricio",2022,R,2,0.32600773714651826
"Alexander, Jason","Martinez, Adrián",2022,R,3,0.366450828625047
"Alexander, Jason","Kuhl, Chad",2022,R,4,0.49420575465736816
"Alexander, Jason","Brigham, Jeff",2022,R,5,0.5260226114995481
"Alexander, Jason","Head, Louis",2022,R,6,0.53838255829043
"Alexander, Jason","Abbott, Cory",2022,R,7,0.540699881633083
"Alexander, Jason","Tate, Dillon",2022,R,8,0.5427828618459273
"Alexander, Jason","Bard, Luke",2022,R,9,0.5682257683318396
"Alexander, Jason","Mayers, Mike",2022,R,10,0.5705075177254444
"Almonte, Yency","Wick, Rowan",2022,R,1,0.2807473984199445
"Almonte, Yency","Mahle, Tyler",2022,R,2,0.3140359343860753
"Almonte, Yency","Wright, Kyle",2022,R,3,0.32462192751501134
"Almonte, Yency","Pallante, Andre",2022,R,4,0.4027577996418331
"Almonte, Yency","Kopech, Michael",2022,R,5,0.4121416065359131
"Almonte, Yency","Pepiot, Ryan",2022,R,6,0.4581530580302083
"Almonte, Yency","Velasquez, Vince",2022,R,7,0.46738168474822567
"Almonte, Yency","Hembree, Heath",2022,R,8,0.4719456385490683
"Almonte, Yency","Knehr, Reiss",2022,R,9,0.47477012851494976
"Almonte, Yency","DeSclafani, Anthony",2022,R,10,0.4897148571805719
"Anderson, Chase","Martinez, Nick",2022,R,1,0.31737658155797727
"Anderson, Chase","Chacín, Jhoulys",2022,R,2,0.3490776701111629
"Anderson, Chase","Stashak, Cody",2022,R,3,0.39690478835134
"Anderson, Chase","De Jong, Chase",2022,R,4,0.47431519560450586
"Anderson, Chase","Lambert, Jimmy",2022,R,5,0.5027883546406279
"Anderson, Chase","Yajure, Miguel",2022,R,6,0.5282537545511187
"Anderson, Chase","Gonsolin, Tony",2022,R,7,0.5432545399561006
"Anderson, Chase","Overton, Connor",2022,R,8,0.564116546806314
"Anderson, Chase","Junis, Jakob",2022,R,9,0.5796919431652418
"Anderson, Chase","Johnson, Pierce",2022,R,10,0.6204083895234993
"Anderson, Ian","Barnes, Matt",2022,R,1,0.38116030104804655
"Anderson, Ian","Swanson, Erik",2022,R,2,0.5046245019600764
"Anderson, Ian","Edwards Jr., Carl",2022,R,3,0.5775781497475587
"Anderson, Ian","Patiño, Luis",2022,R,4,0.6992879527645726
"Anderson, Ian","Cyr, Tyler",2022,R,5,0.6999676528368802
"Anderson, Ian","Castro, Kervin",2022,R,6,0.7544874664176003
"Anderson, Ian","Green, Chad",2022,R,7,0.7573224776669707
"Anderson, Ian","Ohtani, Shohei",2022,R,8,0.7746353156466427
"Anderson, Ian","Hjelle, Sean",2022,R,9,0.776001296084243
"Anderson, Ian","Syndergaard, Noah",2022,R,10,0.7886297888556539
"Arano, Víctor","Perdomo, Luis",2022,R,1,0.26936745287680663
"Arano, Víctor","Ruiz, Norge",2022,R,2,0.28686100512435697
"Arano, Víctor","Crawford, Kutter",2022,R,3,0.3030212088077601
"Arano, Víctor","Oller, Adam",2022,R,4,0.3036521908283796
"Arano, Víctor","Kowar, Jackson",2022,R,5,0.3350587748620183
"Arano, Víctor","Keller, Mitch",2022,R,6,0.3613228028821398
"Arano, Víctor","Weiss, Zack",2022,R,7,0.3670720492417337
"Arano, Víctor","Thompson, Keegan",2022,R,8,0.3797655993908941
"Arano, Víctor","Wantz, Andrew",2022,R,9,0.44537109874273095
"Arano, Víctor","Martin, Corbin",2022,R,10,0.46994391034582383
"Archer, Chris","Nance, Tommy",2022,R,1,0.18418073388941394
"Archer, Chris","Cease, Dylan",2022,R,2,0.3451368911056758
"Archer, Chris","Foster, Matt",2022,R,3,0.4760359660246839
"Archer, Chris","White, Mitch",2022,R,4,0.4859552452103575
"Archer, Chris","Kowar, Jackson",2022,R,5,0.5220774519073568
"Archer, Chris","Wantz, Andrew",2022,R,6,0.537261067921505
"Archer, Chris","Hudson, Dakota",2022,R,7,0.5527006134415775
"Archer, Chris","Quantrill, Cal",2022,R,8,0.5789218394752743
"Archer, Chris","Crawford, Kutter",2022,R,9,0.5793664055472975
"Archer, Chris","Colomé, Alex",2022,R,10,0.5964149926034993
"Arihara, Kohei","Dunning, Dane",2022,R,1,0.6114828390666224
"Arihara, Kohei","Leiter Jr., Mark",2022,R,2,0.7860992323679966
"Arihara, Kohei","Grimm, Justin",2022,R,3,0.8004858070420032
"Arihara, Kohei","Fedde, Erick",2022,R,4,0.8021255350924538
"Arihara, Kohei","Woodford, Jake",2022,R,5,0.8296851489496155
"Arihara, Kohei","Zeuch, T.J.",2022,R,6,0.8346690506340603
"Arihara, Kohei","Sulser, Cole",2022,R,7,0.8361792346024303
"Arihara, Kohei","Lyles, Jordan",2022,R,8,0.876520122641332
"Arihara, Kohei","Otto Jr., Glenn",2022,R,9,0.9135507089979326
"Arihara, Kohei","Ottavino, Adam",2022,R,10,0.9277945570567762
"Armstrong, Shawn","Fernández, Junior",2022,R,1,0.29407340789614156
"Armstrong, Shawn","Norwood, James",2022,R,2,0.3462589876732243
"Armstrong, Shawn","Thompson, Mason",2022,R,3,0.38468673158607386
"Armstrong, Shawn","Weems, Jordan",2022,R,4,0.3894256404447328
"Armstrong, Shawn","Hicks, Jordan",2022,R,5,0.3912641507764197
"Armstrong, Shawn","Abreu, Albert",2022,R,6,0.4004118643172963
"Armstrong, Shawn","Foley, Jason",2022,R,7,0.49682866359786826
"Armstrong, Shawn","Coonrod, Sam",2022,R,8,0.5198638374560722
"Armstrong, Shawn","Greene, Hunter",2022,R,9,0.5966669229440902
"Armstrong, Shawn","Gil, Luis",2022,R,10,0.6205128993337887
"Ashcraft, Graham","Familia, Jeurys",2022,R,1,0.538692068529519
"Ashcraft, Graham","Alcantara, Sandy",2022,R,2,0.9293786478867972
"Ashcraft, Graham","Kinley, Tyler",2022,R,3,0.9773070439109611
"Ashcraft, Graham","Ruiz, José",2022,R,4,1.0327611066070772
"Ashcraft, Graham","Márquez, Germán",2022,R,5,1.137442449540168
"Ashcraft, Graham","Bender, Anthony",2022,R,6,1.1471599616446213
"Ashcraft, Graham","Graterol, Brusdar",2022,R,7,1.1775131355411057
"Ashcraft, Graham","Stanek, Ryne",2022,R,8,1.1884704528465604
"Ashcraft, Graham","Bard, Daniel",2022,R,9,1.1916416871216347
"Ashcraft, Graham","Faucher, Calvin",2022,R,10,1.2280607803040924
"Assad, Javier","Crowe, Wil",2022,R,1,0.25335898506815746
"Assad, Javier","Adam, Jason",2022,R,2,0.31369445050397826
"Assad, Javier","Wick, Rowan",2022,R,3,0.3846162980568013
"Assad, Javier","Manoah, Alek",2022,R,4,0.4012608819220919
"Assad, Javier","Morris, Cody",2022,R,5,0.4033876030550703
"Assad, Javier","Bednar, David",2022,R,6,0.40483067988547594
"Assad, Javier","Baz, Shane",2022,R,7,0.40744261882637106
"Assad, Javier","Taillon, Jameson",2022,R,8,0.4321233955516175
"Assad, Javier","Hoffman, Jeff",2022,R,9,0.44459891058048845
"Assad, Javier","Rodríguez, Elvin",2022,R,10,0.4453326009675828
"Baker, Bryan","Megill, Trevor",2022,R,1,0.4103248655638536
"Baker, Bryan","Staumont, Josh",2022,R,2,0.47673331343584846
"Baker, Bryan","Baumann, Mike",2022,R,3,0.6703366191112636
"Baker, Bryan","Quantrill, Cal",2022,R,4,0.7190090479436463
"Baker, Bryan","Bradish, Kyle",2022,R,5,0.7424016281665647
"Baker, Bryan","Brown, Hunter",2022,R,6,0.8079354381813346
"Baker, Bryan","Frías, Luis",2022,R,7,0.8162170856498604
"Baker, Bryan","Cabrera, Edward",2022,R,8,0.8879514670484057
"Baker, Bryan","Hjelle, Sean",2022,R,9,0.9028989181720991
"Baker, Bryan","Littell, Zack",2022,R,10,0.9132730483808569
"Bard, Daniel","Bender, Anthony",2022,R,1,0.462081095809043
"Bard, Daniel","Alcantara, Sandy",2022,R,2,0.53577735798028
"Bard, Daniel","Tapia, Domingo",2022,R,3,0.5442859638141406
"Bard, Daniel","Guerra, Javy",2022,R,4,0.69072327686116
"Bard, Daniel","Tinoco, Jesus",2022,R,5,0.7495353908178557
"Bard, Daniel","Gustave, Jandel",2022,R,6,0.7836069855885374
"Bard, Daniel","Ureña, José",2022,R,7,0.7923286959406362
"Bard, Daniel","Santana, Dennis",2022,R,8,0.8017389710583812
"Bard, Daniel","Kelly, Joe",2022,R,9,0.8353794295612134
"Bard, Daniel","Estévez, Carlos",2022,R,10,0.8754443699599352
"Bard, Luke","Wilson, Bryse",2022,R,1,0.35479804434366286
"Bard, Luke","Tate, Dillon",2022,R,2,0.49301315454865496
"Bard, Luke","Thornburg, Tyler",2022,R,3,0.5073844704062402
"Bard, Luke","Kuhl, Chad",2022,R,4,0.5258237076706093
"Bard, Luke","Llovera, Mauricio",2022,R,5,0.5613966627965331
"Bard, Luke","Dunn, Justin",2022,R,6,0.5629767026453067
"Bard, Luke","Carrasco, Carlos",2022,R,7,0.563449936989321
"Bard, Luke","Tepera, Ryan",2022,R,8,0.5656350709167917
"Bard, Luke","Alexander, Jason",2022,R,9,0.5682257683318396
"Bard, Luke","Gray, Sonny",2022,R,10,0.5807459397455915
"Barlow, Joe","Jax, Griffin",2022,R,1,0.5050894407655004
"Barlow, Joe","Lugo, Seth",2022,R,2,0.5192760711536355
"Barlow, Joe","Schmidt, Clarke",2022,R,3,0.5918124467340401
"Barlow, Joe","Pressly, Ryan",2022,R,4,0.6402853359436876
"Barlow, Joe","Farmer, Buck",2022,R,5,0.65621875748511
"Barlow, Joe","Stephenson, Robert",2022,R,6,0.6811303302377361
"Barlow, Joe","Gillaspie, Logan",2022,R,7,0.6916252786355819
"Barlow, Joe","Odorizzi, Jake",2022,R,8,0.69411314320719
"Barlow, Joe","Foster, Matt",2022,R,9,0.7632827952403279
"Barlow, Joe","Javier, Cristian",2022,R,10,0.7924263903706745
"Barlow, Scott","McHugh, Collin",2022,R,1,0.6843415370499526
"Barlow, Scott","Toussaint, Touki",2022,R,2,0.7610416246656618
"Barlow, Scott","Dunning, Dane",2022,R,3,0.8544117623193923
"Barlow, Scott","Maton, Phil",2022,R,4,0.8696299207714975
"Barlow, Scott","Hernández, Elieser",2022,R,5,0.9025834506424781
"Barlow, Scott","Nola, Aaron",2022,R,6,1.0403635958201665
"Barlow, Scott","Webb, Logan",2022,R,7,1.0751924626001077
"Barlow, Scott","Peralta, Freddy",2022,R,8,1.0882497263460664
"Barlow, Scott","Crismatt, Nabil",2022,R,9,1.1050921632469528
"Barlow, Scott","Kluber, Corey",2022,R,10,1.1246628833368535
"Barnes, Jacob","Pepiot, Ryan",2022,R,1,0.25624796715719467
"Barnes, Jacob","Brasier, Ryan",2022,R,2,0.29753369050084216
"Barnes, Jacob","Kahnle, Tommy",2022,R,3,0.3353385941735802
"Barnes, Jacob","Jiménez, Joe",2022,R,4,0.3662446214284727
"Barnes, Jacob","Pagán, Emilio",2022,R,5,0.3822700659119858
"Barnes, Jacob","De los Santos, Yerry",2022,R,6,0.3830508078506698
"Barnes, Jacob","Stephan, Trevor",2022,R,7,0.41259760296137293
"Barnes, Jacob","Kirby, George",2022,R,8,0.42101965852344325
"Barnes, Jacob","Coleman, Dylan",2022,R,9,0.4519611690902595
"Barnes, Jacob","Gibaut, Ian",2022,R,10,0.4718183272268722
"Barnes, Matt","Swanson, Erik",2022,R,1,0.29885518043555703
"Barnes, Matt","Anderson, Ian",2022,R,2,0.38116030104804655
"Barnes, Matt","Bradley, Archie",2022,R,3,0.5159918318052579
"Barnes, Matt","Patiño, Luis",2022,R,4,0.5185825997317766
"Barnes, Matt","Syndergaard, Noah",2022,R,5,0.5367034037507191
"Barnes, Matt","Taillon, Jameson",2022,R,6,0.5500032834778977
"Barnes, Matt","Hjelle, Sean",2022,R,7,0.5503358000956957
"Barnes, Matt","Bolaños, Ronald",2022,R,8,0.6018195112669068
"Barnes, Matt","McKenzie, Triston",2022,R,9,0.6129546384298461
"Barnes, Matt","Law, Derek",2022,R,10,0.6353744892572891
"Barria, Jaime","Musgrove, Joe",2022,R,1,0.31613058241964714
"Barria, Jaime","Walker, Taijuan",2022,R,2,0.402994957242166
"Barria, Jaime","Garcia, Luis",2022,R,3,0.46390172124377066
"Barria, Jaime","Urquidy, José",2022,R,4,0.47418027439569455
"Barria, Jaime","Pineda, Michael",2022,R,5,0.5280743282980908
"Barria, Jaime","Faedo, Alex",2022,R,6,0.5284676806855655
"Barria, Jaime","VerHagen, Drew",2022,R,7,0.5508572402667858
"Barria, Jaime","Elder, Bryce",2022,R,8,0.6014216991834882
"Barria, Jaime","Gonsolin, Tony",2022,R,9,0.7262401538091265
"Barria, Jaime","Yajure, Miguel",2022,R,10,0.761980647423576
"Bass, Anthony","Baz, Shane",2022,R,1,0.3536659669574653
"Bass, Anthony","Trivino III, Lou",2022,R,2,0.37025285883554454
"Bass, Anthony","Morris, Cody",2022,R,3,0.3860838261404245
"Bass, Anthony","Winckowski, Josh",2022,R,4,0.38809615775638817
"Bass, Anthony","Knebel, Corey",2022,R,5,0.41571757991087016
"Bass, Anthony","Keller, Mitch",2022,R,6,0.42000114795262555
"Bass, Anthony","Beasley, Jeremy",2022,R,7,0.42291788808782205
"Bass, Anthony","Thompson, Keegan",2022,R,8,0.44637705120386023
"Bass, Anthony","Rasmussen, Drew",2022,R,9,0.450089808836566
"Bass, Anthony","Kowar, Jackson",2022,R,10,0.4674094094554173
"Bassitt, Chris","Thornton, Trent",2022,R,1,0.39368135062754533
"Bassitt, Chris","Germán, Domingo",2022,R,2,0.5229859276906551
"Bassitt, Chris","Morgan, Eli",2022,R,3,0.6297617897191102
"Bassitt, Chris","Gray, Sonny",2022,R,4,0.6569208086692745
"Bassitt, Chris","Krehbiel, Joey",2022,R,5,0.6585595864822397
"Bassitt, Chris","Thornburg, Tyler",2022,R,6,0.6753416053568568
"Bassitt, Chris","Bard, Luke",2022,R,7,0.699518092183146
"Bassitt, Chris","Davies, Zach",2022,R,8,0.7195934672655809
"Bassitt, Chris","Overton, Connor",2022,R,9,0.7219759397726491
"Bassitt, Chris","Blackburn, Paul",2022,R,10,0.7757800416591858
"Baumann, Mike","Megill, Trevor",2022,R,1,0.40606428869699457
"Baumann, Mike","Littell, Zack",2022,R,2,0.4895429298686099
"Baumann, Mike","Underwood Jr., Duane",2022,R,3,0.5210515283668715
"Baumann, Mike","Cabrera, Edward",2022,R,4,0.58478098527628
"Baumann, Mike","Frías, Luis",2022,R,5,0.6008551834114774
"Baumann, Mike","Bradish, Kyle",2022,R,6,0.6197766362842451
"Baumann, Mike","Brown, Hunter",2022,R,7,0.6200745259529923
"Baumann, Mike","Baker, Bryan",2022,R,8,0.6703366191112636
"Baumann, Mike","Quantrill, Cal",2022,R,9,0.6926958854052961
"Baumann, Mike","Colomé, Alex",2022,R,10,0.7454469638654632
"Bautista, Félix","Fairbanks, Pete",2022,R,1,0.4352286433223372
"Bautista, Félix","Frías, Luis",2022,R,2,1.1926911446844073
"Bautista, Félix","Baker, Bryan",2022,R,3,1.2573334703830292
"Bautista, Félix","Megill, Trevor",2022,R,4,1.2620028054661272
"Bautista, Félix","Baumann, Mike",2022,R,5,1.4171184564636987
"Bautista, Félix","Stanek, Ryne",2022,R,6,1.4601837094926633
"Bautista, Félix","Holmes, Clay",2022,R,7,1.4659573641424055
"Bautista, Félix","Staumont, Josh",2022,R,8,1.6195073649387048
"Bautista, Félix","Ginkel, Kevin",2022,R,9,1.6727151495058659
"Bautista, Félix","Clase, Emmanuel",2022,R,10,1.730883860293834
"Baz, Shane","Winckowski, Josh",2022,R,1,0.24914566019299503
"Baz, Shane","Knebel, Corey",2022,R,2,0.25132829131711826
"Baz, Shane","Pallante, Andre",2022,R,3,0.2535109157128504
"Baz, Shane","Houser, Adrian",2022,R,4,0.3030970718066198
"Baz, Shane","Wick, Rowan",2022,R,5,0.32191924436069447
"Baz, Shane","Rasmussen, Drew",2022,R,6,0.3449068313848364
"Baz, Shane","Bass, Anthony",2022,R,7,0.3536659669574653
"Baz, Shane","Kirby, George",2022,R,8,0.36319462065945
"Baz, Shane","Assad, Javier",2022,R,9,0.40744261882637106
"Baz, Shane","Kopech, Michael",2022,R,10,0.4230176201206912
"Bazardo, Eduard","Lorenzen, Michael",2022,R,1,0.4292213457970895
"Bazardo, Eduard","Acevedo, Domingo",2022,R,2,0.46779876902601925
"Bazardo, Eduard","Payamps, Joel",2022,R,3,0.50764501687932
"Bazardo, Eduard","Medina, Adonis",2022,R,4,0.520127054901549
"Bazardo, Eduard","Garcia, Bryan",2022,R,5,0.5589058334015645
"Bazardo, Eduard","Boxberger, Brad",2022,R,6,0.5766363654120228
"Bazardo, Eduard","Javier, Cristian",2022,R,7,0.5925893715847047
"Bazardo, Eduard","Bellatti, Andrew",2022,R,8,0.6485668293918602
"Bazardo, Eduard","Cueto, Johnny",2022,R,9,0.6619148069597084
"Bazardo, Eduard","González, Chi Chi",2022,R,10,0.6927752830083773
"Beasley, Jeremy","Martin, Corbin",2022,R,1,0.2192588229761931
"Beasley, Jeremy","Gsellman, Robert",2022,R,2,0.42019620672676466
"Beasley, Jeremy","Bass, Anthony",2022,R,3,0.42291788808782205
"Beasley, Jeremy","Wendelken, J.B.",2022,R,4,0.42714279138084327
"Beasley, Jeremy","King, Michael",2022,R,5,0.44892485924773484
"Beasley, Jeremy","Neris, Héctor",2022,R,6,0.4523676227384309
"Beasley, Jeremy","Gray, Jon",2022,R,7,0.45604401479835327
"Beasley, Jeremy","Abreu, Bryan",2022,R,8,0.46316187381491747
"Beasley, Jeremy","Perdomo, Luis",2022,R,9,0.4884524684152573
"Beasley, Jeremy","Nelson, Nick",2022,R,10,0.49565304523699383
"Bednar, David","Gausman, Kevin",2022,R,1,0.2595552354691387
"Bednar, David","Crowe, Wil",2022,R,2,0.26099873066536955
"Bednar, David","Lange, Alex",2022,R,3,0.2965623408875934
"Bednar, David","Hoffman, Jeff",2022,R,4,0.30860941745718407
"Bednar, David","Warren, Art",2022,R,5,0.3458014961186234
"Bednar, David","Morris, Cody",2022,R,6,0.34890722852345335
"Bednar, David","Sampson, Adrian",2022,R,7,0.35209417342744836
"Bednar, David","Nogosek, Stephen",2022,R,8,0.3525438455860299
"Bednar, David","Tepera, Ryan",2022,R,9,0.3809567232161972
"Bednar, David","Assad, Javier",2022,R,10,0.40483067988547594
"Beede, Tyler","Brash, Matt",2022,R,1,0.3693206880002656
"Beede, Tyler","Warren, Austin",2022,R,2,0.39810720393662774
"Beede, Tyler","Feltner, Ryan",2022,R,3,0.40027560187180455
"Beede, Tyler","Ramírez, Erasmo",2022,R,4,0.40363305266734956
"Beede, Tyler","Wright, Kyle",2022,R,5,0.41541943651498936
"Beede, Tyler","Singer, Brady",2022,R,6,0.4459173926496035
"Beede, Tyler","Mahle, Tyler",2022,R,7,0.45111271640861716
"Beede, Tyler","Moronta, Reyes",2022,R,8,0.4620668230039153
"Beede, Tyler","Varland, Louis",2022,R,9,0.47926275427145165
"Beede, Tyler","Phillips, Evan",2022,R,10,0.4868603681784526
"Bellatti, Andrew","Lorenzen, Michael",2022,R,1,0.3168892184280611
"Bellatti, Andrew","Acevedo, Domingo",2022,R,2,0.3308453415051651
"Bellatti, Andrew","Schmidt, Clarke",2022,R,3,0.3868319336980795
"Bellatti, Andrew","Yacabonis, Jimmy",2022,R,4,0.4635023723536125
"Bellatti, Andrew","Garcia, Bryan",2022,R,5,0.5088605012916666
"Bellatti, Andrew","Smith, Drew",2022,R,6,0.5217531657151321
"Bellatti, Andrew","Jax, Griffin",2022,R,7,0.5604297081127739
"Bellatti, Andrew","Stroman, Marcus",2022,R,8,0.570049482545495
"Bellatti, Andrew","Lugo, Seth",2022,R,9,0.6011748709910526
"Bellatti, Andrew","Medina, Adonis",2022,R,10,0.6419598295774455
"Bello, Brayan","Hernández, Jonathan",2022,R,1,0.4326504162419247
"Bello, Brayan","Muñoz, Andrés",2022,R,2,0.4900303155709058
"Bello, Brayan","Ortiz, Luis",2022,R,3,0.49107224533130206
"Bello, Brayan","King, Michael",2022,R,4,0.5258520402616607
"Bello, Brayan","Phillips, Evan",2022,R,5,0.5339379082220342
"Bello, Brayan","Marte, Yunior",2022,R,6,0.5677028132600754
"Bello, Brayan","Warren, Austin",2022,R,7,0.5758077684673276
"Bello, Brayan","Cisnero, José",2022,R,8,0.5889897277030139
"Bello, Brayan","Chargois, JT",2022,R,9,0.5926408397452598
"Bello, Brayan","Hudson, Daniel",2022,R,10,0.6052738331725549
"Bender, Anthony","Bard, Daniel",2022,R,1,0.462081095809043
"Bender, Anthony","Tinoco, Jesus",2022,R,2,0.4787176061918776
"Bender, Anthony","Gustave, Jandel",2022,R,3,0.5977064265411736
"Bender, Anthony","Montas, Frankie",2022,R,4,0.6060245779977859
"Bender, Anthony","Kelly, Joe",2022,R,5,0.6114813193943844
"Bender, Anthony","Brazobán, Huascar",2022,R,6,0.6262881622650934
"Bender, Anthony","Cobb, Alex",2022,R,7,0.6998157345540508
"Bender, Anthony","Ruiz, José",2022,R,8,0.7409543620386311
"Bender, Anthony","Santana, Dennis",2022,R,9,0.7431311995676838
"Bender, Anthony","Weaver, Luke",2022,R,10,0.7521611304090307
"Berríos, José","Llovera, Mauricio",2022,R,1,0.4450675469450848
"Berríos, José","Brash, Matt",2022,R,2,0.454249301383601
"Berríos, José","Kuhl, Chad",2022,R,3,0.5225090603882155
"Berríos, José","Lynn, Lance",2022,R,4,0.5343756391246702
"Berríos, José","Lange, Alex",2022,R,5,0.5795948931363303
"Berríos, José","Feltner, Ryan",2022,R,6,0.587386875195348
"Berríos, José","Ramírez, Erasmo",2022,R,7,0.5950605575998035
"Berríos, José","Alexander, Jason",2022,R,8,0.6079961073419846
"Berríos, José","Phillips, Evan",2022,R,9,0.6110859012504084
"Berríos, José","Sampson, Adrian",2022,R,10,0.6120091661141697
"Bickford, Phil","Valdez, Phillips",2022,R,1,0.3663604595063165
"Bickford, Phil","Ramírez, Yohan",2022,R,2,0.4097111760440663
"Bickford, Phil","Widener, Taylor",2022,R,3,0.5784721246583594
"Bickford, Phil","Varland, Louis",2022,R,4,0.7003615672090342
"Bickford, Phil","Castro, Miguel",2022,R,5,0.7120522566457089
"Bickford, Phil","López, Pablo",2022,R,6,0.7407114643870519
"Bickford, Phil","Castro, Anthony",2022,R,7,0.8580263705175983
"Bickford, Phil","Singer, Brady",2022,R,8,0.87787658821983
"Bickford, Phil","Reid-Foley, Sean",2022,R,9,0.9096029341712093
"Bickford, Phil","Flaherty, Jack",2022,R,10,0.9234886730376256
"Bieber, Shane","Dunn, Justin",2022,R,1,0.2823448024085715
"Bieber, Shane","Zeuch, T.J.",2022,R,2,0.29780902849931623
"Bieber, Shane","Fedde, Erick",2022,R,3,0.34202900453880497
"Bieber, Shane","Gray, Sonny",2022,R,4,0.5160617458311367
"Bieber, Shane","Sulser, Cole",2022,R,5,0.5320658466159861
"Bieber, Shane","Wesneski, Hayden",2022,R,6,0.5445343673621886
"Bieber, Shane","Wilson, Bryse",2022,R,7,0.5459980788875021
"Bieber, Shane","DeSclafani, Anthony",2022,R,8,0.5806697727483279
"Bieber, Shane","Leiter Jr., Mark",2022,R,9,0.5913214669228831
"Bieber, Shane","Hernández, Elieser",2022,R,10,0.6351545936689598
"Bielak, Brandon","Lemoine, Jake",2022,R,1,0.48875455137953533
"Bielak, Brandon","Leclerc, José",2022,R,2,0.5257365890089437
"Bielak, Brandon","Brubaker, JT",2022,R,3,0.638523738506601
"Bielak, Brandon","Winder, Josh",2022,R,4,0.712381671031405
"Bielak, Brandon","Faucher, Calvin",2022,R,5,0.7229693103352506
"Bielak, Brandon","Phelps, David",2022,R,6,0.7269215877201194
"Bielak, Brandon","Cessa, Luis",2022,R,7,0.784269506097683
"Bielak, Brandon","Peralta, Wily",2022,R,8,0.8081965523209421
"Bielak, Brandon","Stephens, Jackson",2022,R,9,0.825851028246039
"Bielak, Brandon","Castillo, Diego",2022,R,10,0.9168603080560034
"Bird, Jake","Cano, Yennier",2022,R,1,0.2765965971789703
"Bird, Jake","García, Yimi",2022,R,2,0.56133614070383
"Bird, Jake","Gustave, Jandel",2022,R,3,0.5637204553840324
"Bird, Jake","Kelly, Joe",2022,R,4,0.6003003901314259
"Bird, Jake","Jameson, Drey",2022,R,5,0.6032038084650341
"Bird, Jake","Smith, Chad",2022,R,6,0.6078217348121165
"Bird, Jake","Santillan, Tony",2022,R,7,0.6703369380504911
"Bird, Jake","Castillo, Luis",2022,R,8,0.6714659583305868
"Bird, Jake","Weaver, Luke",2022,R,9,0.8173294836456135
"Bird, Jake","De Los Santos, Enyel",2022,R,10,0.8529478350344811
"Blackburn, Paul","Heasley, Jonathan",2022,R,1,0.40454485071781715
"Blackburn, Paul","Thornburg, Tyler",2022,R,2,0.41213872494632126
"Blackburn, Paul","Sulser, Beau",2022,R,3,0.43537949375448476
"Blackburn, Paul","Duffey, Tyler",2022,R,4,0.4775337825843139
"Blackburn, Paul","Overton, Connor",2022,R,5,0.5314777413302951
"Blackburn, Paul","Kremer, Dean",2022,R,6,0.5341456082704368
"Blackburn, Paul","Voth, Austin",2022,R,7,0.6056115843179211
"Blackburn, Paul","Grove, Michael",2022,R,8,0.6140385686189598
"Blackburn, Paul","Krehbiel, Joey",2022,R,9,0.6160450421553783
"Blackburn, Paul","White, Mitch",2022,R,10,0.6443178496767836
"Bolaños, Ronald","Bradley, Archie",2022,R,1,0.1774333823592747
"Bolaños, Ronald","Rodríguez, Elvin",2022,R,2,0.19169245030428825
"Bolaños, Ronald","Howard, Spencer",2022,R,3,0.33170997843319994
"Bolaños, Ronald","Martin, Davis",2022,R,4,0.3688678346972321
"Bolaños, Ronald","Adam, Jason",2022,R,5,0.4154089181845088
"Bolaños, Ronald","Gibson, Kyle",2022,R,6,0.45788032421502645
"Bolaños, Ronald","Sulser, Beau",2022,R,7,0.48562821827748187
"Bolaños, Ronald","Grove, Michael",2022,R,8,0.5126149566131845
"Bolaños, Ronald","Richards, Trevor",2022,R,9,0.5170340266433365
"Bolaños, Ronald","Assad, Javier",2022,R,10,0.5239226386382219
"Boxberger, Brad","Bazardo, Eduard",2022,R,1,0.5766363654120228
"Boxberger, Brad","Cessa, Luis",2022,R,2,0.6111065867369616
"Boxberger, Brad","Lambert, Jimmy",2022,R,3,0.6533336344573349
"Boxberger, Brad","Pruitt, Austin",2022,R,4,0.6774446218806708
"Boxberger, Brad","Poteet, Cody",2022,R,5,0.6821707827300549
"Boxberger, Brad","Brieske, Beau",2022,R,6,0.6938692812358046
"Boxberger, Brad","Castillo, Diego",2022,R,7,0.6976795340765136
"Boxberger, Brad","Johnson, Pierce",2022,R,8,0.7128584100802063
"Boxberger, Brad","Lugo, Seth",2022,R,9,0.7220103479729716
"Boxberger, Brad","Stephens, Jackson",2022,R,10,0.7279005078606806
"Bradish, Kyle","Hjelle, Sean",2022,R,1,0.31644682271508495
"Bradish, Kyle","Littell, Zack",2022,R,2,0.3910795576114316
"Bradish, Kyle","Cabrera, Edward",2022,R,3,0.40546106539194
"Bradish, Kyle","Quantrill, Cal",2022,R,4,0.46727079531638216
"Bradish, Kyle","Law, Derek",2022,R,5,0.4886742178487701
"Bradish, Kyle","Brown, Hunter",2022,R,6,0.5955599021432499
"Bradish, Kyle","Hernández, Carlos",2022,R,7,0.6105297707787626
"Bradish, Kyle","Green, Chad",2022,R,8,0.6113600855136382
"Bradish, Kyle","Taillon, Jameson",2022,R,9,0.611367523167771
"Bradish, Kyle","Baumann, Mike",2022,R,10,0.6197766362842451
"Bradley, Archie","Bolaños, Ronald",2022,R,1,0.1774333823592747
"Bradley, Archie","Rodríguez, Elvin",2022,R,2,0.3021119687508547
"Bradley, Archie","Adam, Jason",2022,R,3,0.34545353682437746
"Bradley, Archie","Howard, Spencer",2022,R,4,0.4694821059251595
"Bradley, Archie","Grove, Michael",2022,R,5,0.4706469299114963
"Bradley, Archie","Assad, Javier",2022,R,6,0.47216395239412223
"Bradley, Archie","Stratton, Chris",2022,R,7,0.4857173995211765
"Bradley, Archie","Martin, Davis",2022,R,8,0.4978202250736401
"Bradley, Archie","Gibson, Kyle",2022,R,9,0.5017333764643755
"Bradley, Archie","Barnes, Matt",2022,R,10,0.5159918318052579
"Brash, Matt","Ramírez, Erasmo",2022,R,1,0.1857739694404453
"Brash, Matt","Feltner, Ryan",2022,R,2,0.32703149228557027
"Brash, Matt","Beede, Tyler",2022,R,3,0.3693206880002656
"Brash, Matt","Phillips, Evan",2022,R,4,0.37114436373182935
"Brash, Matt","Warren, Austin",2022,R,5,0.38840510067903133
"Brash, Matt","Berríos, José",2022,R,6,0.454249301383601
"Brash, Matt","Llovera, Mauricio",2022,R,7,0.5537928791046516
"Brash, Matt","Poppen, Sean",2022,R,8,0.5637211546117245
"Brash, Matt","Strzelecki, Peter",2022,R,9,0.5865989932449371
"Brash, Matt","Tate, Dillon",2022,R,10,0.6130066751858715
"Brasier, Ryan","Barnes, Jacob",2022,R,1,0.29753369050084216
"Brasier, Ryan","Pagán, Emilio",2022,R,2,0.3432508803452435
"Brasier, Ryan","Kirby, George",2022,R,3,0.3570443246270341
"Brasier, Ryan","Gibaut, Ian",2022,R,4,0.37052717032965765
"Brasier, Ryan","Pepiot, Ryan",2022,R,5,0.37718005998497184
"Brasier, Ryan","Kahnle, Tommy",2022,R,6,0.3992683918400092
"Brasier, Ryan","Stephan, Trevor",2022,R,7,0.5004383782630476
"Brasier, Ryan","Woodruff, Brandon",2022,R,8,0.5339514053258575
"Brasier, Ryan","De los Santos, Yerry",2022,R,9,0.553682733719393
"Brasier, Ryan","Kilian, Caleb",2022,R,10,0.556618567433997
"Brazobán, Huascar","Cobb, Alex",2022,R,1,0.26548940284620237
"Brazobán, Huascar","Weaver, Luke",2022,R,2,0.4307154990556994
"Brazobán, Huascar","Ortega, Oliver",2022,R,3,0.44263690023505314
"Brazobán, Huascar","Jameson, Drey",2022,R,4,0.4516691742887748
"Brazobán, Huascar","Smith, Drew",2022,R,5,0.5574756806316529
"Brazobán, Huascar","Tinoco, Jesus",2022,R,6,0.5721901985158506
"Brazobán, Huascar","Poteet, Cody",2022,R,7,0.5832112764048099
"Brazobán, Huascar","Montas, Frankie",2022,R,8,0.5894086363802731
"Brazobán, Huascar","Bender, Anthony",2022,R,9,0.6262881622650934
"Brazobán, Huascar","Santana, Dennis",2022,R,10,0.6315213913188469
"Brebbia, John","Sanchez, Aaron",2022,R,1,0.38554801555237234
"Brebbia, John","Manning, Matt",2022,R,2,0.4072422948155938
"Brebbia, John","Ohtani, Shohei",2022,R,3,0.4199719610374992
"Brebbia, John","Manoah, Alek",2022,R,4,0.4325416608336076
"Brebbia, John","Robertson, David",2022,R,5,0.4381571385182351
"Brebbia, John","Sulser, Cole",2022,R,6,0.4635319395629972
"Brebbia, John","Assad, Javier",2022,R,7,0.48495921014613064
"Brebbia, John","Stammen, Craig",2022,R,8,0.48572621395090637
"Brebbia, John","Wick, Rowan",2022,R,9,0.4860237726312851
"Brebbia, John","Eflin, Zach",2022,R,10,0.49618908881046037
"Brieske, Beau","Poteet, Cody",2022,R,1,0.3505696181364711
"Brieske, Beau","Lambert, Jimmy",2022,R,2,0.36711345567014764
"Brieske, Beau","Silseth, Chase",2022,R,3,0.48994650608767676
"Brieske, Beau","Lakins, Travis",2022,R,4,0.4950005959599387
"Brieske, Beau","Cessa, Luis",2022,R,5,0.4955518887872689
"Brieske, Beau","Stephens, Jackson",2022,R,6,0.5048472364082695
"Brieske, Beau","Ortega, Oliver",2022,R,7,0.5442282395980516
"Brieske, Beau","Winder, Josh",2022,R,8,0.5987081856243819
"Brieske, Beau","Lamet, Dinelson",2022,R,9,0.6071239353728084
"Brieske, Beau","Chacín, Jhoulys",2022,R,10,0.6238834378379292
"Brigham, Jeff","Seabold, Connor",2022,R,1,0.37547516069443887
"Brigham, Jeff","Martinez, Adrián",2022,R,2,0.46090889646008343
"Brigham, Jeff","Abbott, Cory",2022,R,3,0.49580420503507705
"Brigham, Jeff","Morton, Charlie",2022,R,4,0.4992487658351351
"Brigham, Jeff","Germán, Domingo",2022,R,5,0.5219124316273996
"Brigham, Jeff","Alexander, Jason",2022,R,6,0.5260226114995481
"Brigham, Jeff","Javier, Cristian",2022,R,7,0.5679824040121867
"Brigham, Jeff","Mayers, Mike",2022,R,8,0.5852400253065259
"Brigham, Jeff","Voth, Austin",2022,R,9,0.5921285899197944
"Brigham, Jeff","Thornton, Trent",2022,R,10,0.6092852758611943
"Brogdon, Connor","Mize, Casey",2022,R,1,0.5172700328031664
"Brogdon, Connor","Manning, Matt",2022,R,2,0.5541737256721432
"Brogdon, Connor","Ohtani, Shohei",2022,R,3,0.6853266769822901
"Brogdon, Connor","Stammen, Craig",2022,R,4,0.6871710317157524
"Brogdon, Connor","Wittgren, Nick",2022,R,5,0.6921408106040267
"Brogdon, Connor","Sanchez, Aaron",2022,R,6,0.7882011755356753
"Brogdon, Connor","Tetreault, Jackson",2022,R,7,0.8159606778809191
"Brogdon, Connor","Oviedo, Johan",2022,R,8,0.8196626056805417
"Brogdon, Connor","Eflin, Zach",2022,R,9,0.8213183512593607
"Brogdon, Connor","Brebbia, John",2022,R,10,0.8336243334929708
"Brown, Hunter","Merryweather, Julian",2022,R,1,0.2685950933063276
"Brown, Hunter","Kittredge, Andrew",2022,R,2,0.42098307706619437
"Brown, Hunter","Cabrera, Edward",2022,R,3,0.43107541324630794
"Brown, Hunter","Green, Chad",2022,R,4,0.434208754045787
"Brown, Hunter","Underwood Jr., Duane",2022,R,5,0.5051264259458325
"Brown, Hunter","Hernández, Carlos",2022,R,6,0.5170377839904134
"Brown, Hunter","Staumont, Josh",2022,R,7,0.5246580891840734
"Brown, Hunter","Woodruff, Brandon",2022,R,8,0.5298065346807751
"Brown, Hunter","Hjelle, Sean",2022,R,9,0.5349928206999642
"Brown, Hunter","Holderman, Colin",2022,R,10,0.5581795184821585
"Brubaker, JT","Johnson, Pierce",2022,R,1,0.49618633679125623
"Brubaker, JT","Bielak, Brandon",2022,R,2,0.638523738506601
"Brubaker, JT","Jefferies, Daulton",2022,R,3,0.7659480639030545
"Brubaker, JT","Leclerc, José",2022,R,4,0.7717166358994898
"Brubaker, JT","Stephens, Jackson",2022,R,5,0.7776657454923458
"Brubaker, JT","Cessa, Luis",2022,R,6,0.7803798474905661
"Brubaker, JT","Poteet, Cody",2022,R,7,0.7931863124585289
"Brubaker, JT","Lambert, Jimmy",2022,R,8,0.8076523749912345
"Brubaker, JT","Elder, Bryce",2022,R,9,0.8436228734305504
"Brubaker, JT","Brieske, Beau",2022,R,10,0.8567920438753297
"Buehler, Walker","Hembree, Heath",2022,R,1,0.4019354462330691
"Buehler, Walker","Moronta, Reyes",2022,R,2,0.4492901114712508
"Buehler, Walker","Wright, Kyle",2022,R,3,0.48715215809841655
"Buehler, Walker","Velasquez, Vince",2022,R,4,0.5319843033324992
"Buehler, Walker","Knehr, Reiss",2022,R,5,0.5362504887959221
"Buehler, Walker","Gray, Jon",2022,R,6,0.5800844695489239
"Buehler, Walker","Beede, Tyler",2022,R,7,0.592732747180199
"Buehler, Walker","Singer, Brady",2022,R,8,0.6017293659379436
"Buehler, Walker","Gsellman, Robert",2022,R,9,0.6133706888556684
"Buehler, Walker","Almonte, Yency",2022,R,10,0.616457723388175
"Bundy, Dylan","Greinke, Zack",2022,R,1,0.37917999057772644
"Bundy, Dylan","Hendricks, Kyle",2022,R,2,0.5798085738917648
"Bundy, Dylan","Sanders, Phoenix",2022,R,3,0.6935500088836694
"Bundy, Dylan","Civale, Aaron",2022,R,4,0.7412391909103733
"Bundy, Dylan","Wisler, Matt",2022,R,5,1.0213971126500605
"Bundy, Dylan","Mills, Alec",2022,R,6,1.0827742319381812
"Bundy, Dylan","Junis, Jakob",2022,R,7,1.092235377974642
"Bundy, Dylan","Stashak, Cody",2022,R,8,1.1288061965536604
"Bundy, Dylan","Davies, Zach",2022,R,9,1.1326581528855106
"Bundy, Dylan","De Jong, Chase",2022,R,10,1.2272559101234695
"Burnes, Corbin","Kittredge, Andrew",2022,R,1,0.5079707989998705
"Burnes, Corbin","Moreta, Dauri",2022,R,2,0.5285299639548325
"Burnes, Corbin","Rodríguez, Manuel",2022,R,3,0.5579206992937745
"Burnes, Corbin","Holderman, Colin",2022,R,4,0.5611917989545329
"Burnes, Corbin","López, Reynaldo",2022,R,5,0.6211730685328978
"Burnes, Corbin","Severino, Luis",2022,R,6,0.6380252962256125
"Burnes, Corbin","Hunter, Tommy",2022,R,7,0.6609162736719078
"Burnes, Corbin","Woodruff, Brandon",2022,R,8,0.6650633762207255
"Burnes, Corbin","Trivino III, Lou",2022,R,9,0.6773751627045864
"Burnes, Corbin","Houser, Adrian",2022,R,10,0.6966432107171872
"Bush, Matt","Gsellman, Robert",2022,R,1,0.44421965104356875
"Bush, Matt","Kelly, Merrill",2022,R,2,0.5305619224133128
"Bush, Matt","Iglesias, Raisel",2022,R,3,0.5521541618731629
"Bush, Matt","Moronta, Reyes",2022,R,4,0.5563278284011313
"Bush, Matt","Poppen, Sean",2022,R,5,0.6160076459633134
"Bush, Matt","Warren, Austin",2022,R,6,0.6563216419304259
"Bush, Matt","Moreta, Dauri",2022,R,7,0.6586148653124718
"Bush, Matt","Gillaspie, Logan",2022,R,8,0.6738247030716752
"Bush, Matt","Hernández, Jonathan",2022,R,9,0.6808115561496023
"Bush, Matt","Cisnero, José",2022,R,10,0.681969089592746
"Cabrera, Edward","Littell, Zack",2022,R,1,0.2417696556270642
"Cabrera, Edward","Underwood Jr., Duane",2022,R,2,0.3813263819392721
"Cabrera, Edward","Rasmussen, Drew",2022,R,3,0.39170642035814207
"Cabrera, Edward","Bradish, Kyle",2022,R,4,0.40546106539194
"Cabrera, Edward","Knebel, Corey",2022,R,5,0.4182633448805473
"Cabrera, Edward","Trivino III, Lou",2022,R,6,0.4254091951314923
"Cabrera, Edward","Hunter, Tommy",2022,R,7,0.4274762651027954
"Cabrera, Edward","Brown, Hunter",2022,R,8,0.43107541324630794
"Cabrera, Edward","Winckowski, Josh",2022,R,9,0.44063751870060347
"Cabrera, Edward","Hjelle, Sean",2022,R,10,0.45012014843917697
"Cano, Yennier","Bird, Jake",2022,R,1,0.2765965971789703
"Cano, Yennier","Jameson, Drey",2022,R,2,0.4065729369721252
"Cano, Yennier","Gustave, Jandel",2022,R,3,0.44384394535559774
"Cano, Yennier","Kelly, Joe",2022,R,4,0.4494386570177076
"Cano, Yennier","Weaver, Luke",2022,R,5,0.551441960839626
"Cano, Yennier","Smith, Chad",2022,R,6,0.6451056842754997
"Cano, Yennier","Santillan, Tony",2022,R,7,0.6546740873539423
"Cano, Yennier","García, Yimi",2022,R,8,0.6576712000599633
"Cano, Yennier","De Los Santos, Enyel",2022,R,9,0.7648474181372535
"Cano, Yennier","Smith, Drew",2022,R,10,0.7677575469603342
"Carrasco, Carlos","Gillaspie, Logan",2022,R,1,0.3268999400008099
"Carrasco, Carlos","Oller, Adam",2022,R,2,0.35390381780908253
"Carrasco, Carlos","Thompson, Keegan",2022,R,3,0.37602594386041605
"Carrasco, Carlos","Tepera, Ryan",2022,R,4,0.40139131340370277
"Carrasco, Carlos","Krehbiel, Joey",2022,R,5,0.4152884615003441
"Carrasco, Carlos","Ruiz, Norge",2022,R,6,0.44457100562642854
"Carrasco, Carlos","Contreras, Roansy",2022,R,7,0.4459719211790635
"Carrasco, Carlos","Thornburg, Tyler",2022,R,8,0.46018207800355077
"Carrasco, Carlos","Bass, Anthony",2022,R,9,0.4859158170063427
"Carrasco, Carlos","Warren, Art",2022,R,10,0.5225838072097138
"Castellanos, Humberto","Lawrence, Casey",2022,R,1,0.4664238186216021
"Castellanos, Humberto","Crick, Kyle",2022,R,2,0.668414878965319
"Castellanos, Humberto","Head, Louis",2022,R,3,0.6855248056511399
"Castellanos, Humberto","Ramirez, Noé",2022,R,4,0.6899451309148887
"Castellanos, Humberto","Germán, Domingo",2022,R,5,0.7455652522798307
"Castellanos, Humberto","McCullers Jr., Lance",2022,R,6,0.8620165023937371
"Castellanos, Humberto","Davies, Zach",2022,R,7,0.904523237903931
"Castellanos, Humberto","Garza Jr., Ralph",2022,R,8,0.9170957607504319
"Castellanos, Humberto","Kluber, Corey",2022,R,9,0.9297691489804317
"Castellanos, Humberto","Festa, Matt",2022,R,10,0.9822873346245667
"Castillo, Diego","Leclerc, José",2022,R,1,0.6468094846485705
"Castillo, Diego","Boxberger, Brad",2022,R,2,0.6976795340765136
"Castillo, Diego","Cessa, Luis",2022,R,3,0.8904746880950805
"Castillo, Diego","Bielak, Brandon",2022,R,4,0.9168603080560034
"Castillo, Diego","Faucher, Calvin",2022,R,5,0.9385075182795423
"Castillo, Diego","Pruitt, Austin",2022,R,6,0.9637349512803763
"Castillo, Diego","Stephens, Jackson",2022,R,7,1.026171117689689
"Castillo, Diego","Lemoine, Jake",2022,R,8,1.0277587566578736
"Castillo, Diego","Gray, Josiah",2022,R,9,1.0375492628572063
"Castillo, Diego","Phelps, David",2022,R,10,1.0415081950435523
"Castillo, Luis","Bird, Jake",2022,R,1,0.6714659583305868
"Castillo, Luis","García, Yimi",2022,R,2,0.8144023168789715
"Castillo, Luis","Cano, Yennier",2022,R,3,0.8450195155460782
"Castillo, Luis","Gustave, Jandel",2022,R,4,1.0572290165165334
"Castillo, Luis","Jameson, Drey",2022,R,5,1.1117447670509837
"Castillo, Luis","Smith, Chad",2022,R,6,1.1125452439503032
"Castillo, Luis","Kelly, Joe",2022,R,7,1.1904150624987115
"Castillo, Luis","Gott, Trevor",2022,R,8,1.27692535222166
"Castillo, Luis","Guerra, Javy",2022,R,9,1.3123475770409914
"Castillo, Luis","Weaver, Luke",2022,R,10,1.32004064269177
"Castillo, Max","Eflin, Zach",2022,R,1,0.2700711566104544
"Castillo, Max","Gallen, Zac",2022,R,2,0.27552745993545735
"Castillo, Max","Manoah, Alek",2022,R,3,0.37324844374187566
"Castillo, Max","Robertson, David",2022,R,4,0.41305644155632604
"Castillo, Max","Hoeing, Bryan",2022,R,5,0.44445063180652583
"Castillo, Max","Ohtani, Shohei",2022,R,6,0.48063859021342287
"Castillo, Max","Middleton, Keynan",2022,R,7,0.5709457070802567
"Castillo, Max","Kopech, Michael",2022,R,8,0.5835739185117951
"Castillo, Max","Kelly, Zack",2022,R,9,0.6373383326442319
"Castillo, Max","Leone, Dominic",2022,R,10,0.64518393935063
"Castro, Anthony","Eovaldi, Nathan",2022,R,1,0.45336878871505626
"Castro, Anthony","Kelly, Zack",2022,R,2,0.49036350291359415
"Castro, Anthony","Cousins, Jake",2022,R,3,0.5725532876643753
"Castro, Anthony","Stammen, Craig",2022,R,4,0.6351378811323881
"Castro, Anthony","Varland, Louis",2022,R,5,0.639272883351055
"Castro, Anthony","López, Pablo",2022,R,6,0.6583336919780735
"Castro, Anthony","Ottavino, Adam",2022,R,7,0.6788512977662798
"Castro, Anthony","Eflin, Zach",2022,R,8,0.7102998641604196
"Castro, Anthony","Robertson, David",2022,R,9,0.7278405009690785
"Castro, Anthony","Hoeing, Bryan",2022,R,10,0.7352735618508084
"Castro, Kervin","Manning, Matt",2022,R,1,0.48564501791463577
"Castro, Kervin","Brebbia, John",2022,R,2,0.545121558645084
"Castro, Kervin","Sanchez, Aaron",2022,R,3,0.5585709468101479
"Castro, Kervin","Sulser, Cole",2022,R,4,0.6961669045154553
"Castro, Kervin","Cruz, Fernando",2022,R,5,0.6990312774936129
"Castro, Kervin","Barnes, Matt",2022,R,6,0.704888967459408
"Castro, Kervin","Ohtani, Shohei",2022,R,7,0.7196178924246529
"Castro, Kervin","Swanson, Erik",2022,R,8,0.7235261692120135
"Castro, Kervin","Wick, Rowan",2022,R,9,0.7254805663624577
"Castro, Kervin","Otto Jr., Glenn",2022,R,10,0.7420745938417074
"Castro, Miguel","Widener, Taylor",2022,R,1,0.5755044922999143
"Castro, Miguel","Kimbrel, Craig",2022,R,2,0.6622758852991981
"Castro, Miguel","Bickford, Phil",2022,R,3,0.7120522566457089
"Castro, Miguel","Muñoz, Andrés",2022,R,4,0.7586429191640648
"Castro, Miguel","May, Dustin",2022,R,5,0.8019188198942481
"Castro, Miguel","Ramírez, Erasmo",2022,R,6,0.8331855991150428
"Castro, Miguel","Phillips, Evan",2022,R,7,0.8833033031579055
"Castro, Miguel","Brash, Matt",2022,R,8,0.9088024094422573
"Castro, Miguel","Ramírez, Yohan",2022,R,9,0.9283450331879434
"Castro, Miguel","Kennedy, Ian",2022,R,10,0.9390303761849342
"Cease, Dylan","Archer, Chris",2022,R,1,0.3451368911056758
"Cease, Dylan","Steckenrider, Drew",2022,R,2,0.40488349595919415
"Cease, Dylan","Lamet, Dinelson",2022,R,3,0.4566619932139859
"Cease, Dylan","Keller, Brad",2022,R,4,0.4792792588875991
"Cease, Dylan","Nance, Tommy",2022,R,5,0.4848275718887329
"Cease, Dylan","Colomé, Alex",2022,R,6,0.5406251297592847
"Cease, Dylan","Senzatela, Antonio",2022,R,7,0.5617080106947041
"Cease, Dylan","Espinoza, Anderson",2022,R,8,0.6319219091333755
"Cease, Dylan","Foster, Matt",2022,R,9,0.6391681044213806
"Cease, Dylan","Faedo, Alex",2022,R,10,0.6690524008266171
"Cessa, Luis","Stephens, Jackson",2022,R,1,0.14080906483937092
"Cessa, Luis","Lambert, Jimmy",2022,R,2,0.3078083327892718
"Cessa, Luis","Winder, Josh",2022,R,3,0.36735763652131814
"Cessa, Luis","Brieske, Beau",2022,R,4,0.4955518887872689
"Cessa, Luis","Johnson, Pierce",2022,R,5,0.5597304977972192
"Cessa, Luis","Pruitt, Austin",2022,R,6,0.5620592508209142
"Cessa, Luis","Boxberger, Brad",2022,R,7,0.6111065867369616
"Cessa, Luis","Chacín, Jhoulys",2022,R,8,0.6707688233485296
"Cessa, Luis","Feyereisen, J.P.",2022,R,9,0.6725446075764414
"Cessa, Luis","Poteet, Cody",2022,R,10,0.7394373147077932
"Chacín, Jhoulys","Gonsolin, Tony",2022,R,1,0.24020317115792203
"Chacín, Jhoulys","Anderson, Chase",2022,R,2,0.3490776701111629
"Chacín, Jhoulys","De Jong, Chase",2022,R,3,0.41494874828220263
"Chacín, Jhoulys","Lambert, Jimmy",2022,R,4,0.4286600575262095
"Chacín, Jhoulys","Yajure, Miguel",2022,R,5,0.4443969505033641
"Chacín, Jhoulys","Urquidy, José",2022,R,6,0.4620392472818096
"Chacín, Jhoulys","Martinez, Nick",2022,R,7,0.49136553741262967
"Chacín, Jhoulys","Stephens, Jackson",2022,R,8,0.5669534576388081
"Chacín, Jhoulys","Stashak, Cody",2022,R,9,0.5911993335187059
"Chacín, Jhoulys","Garcia, Luis",2022,R,10,0.5997800416289951
"Chargois, JT","Cisnero, José",2022,R,1,0.3955271457229232
"Chargois, JT","Muñoz, Andrés",2022,R,2,0.5543393387567771
"Chargois, JT","Hernández, Jonathan",2022,R,3,0.5778286707562806
"Chargois, JT","Bello, Brayan",2022,R,4,0.5926408397452598
"Chargois, JT","Marte, Yunior",2022,R,5,0.6060679544470823
"Chargois, JT","Gott, Trevor",2022,R,6,0.6071956514297421
"Chargois, JT","Robles, Hansel",2022,R,7,0.6194916352880608
"Chargois, JT","Smith, Chad",2022,R,8,0.6626823823400485
"Chargois, JT","Hudson, Daniel",2022,R,9,0.6872262962801035
"Chargois, JT","Montero, Rafael",2022,R,10,0.6973692407226119
"Chavez, Jesse","Uceta, Edwin",2022,R,1,0.4851267015556142
"Chavez, Jesse","Ryan, Joe",2022,R,2,0.658369143318658
"Chavez, Jesse","Feltner, Ryan",2022,R,3,0.7134426091265542
"Chavez, Jesse","Poppen, Sean",2022,R,4,0.713717309782263
"Chavez, Jesse","Tate, Dillon",2022,R,5,0.8037862250841187
"Chavez, Jesse","Festa, Matt",2022,R,6,0.8197459704761421
"Chavez, Jesse","Head, Louis",2022,R,7,0.841559573477375
"Chavez, Jesse","García, Rony",2022,R,8,0.8849090258320285
"Chavez, Jesse","Morton, Charlie",2022,R,9,0.8966970373690228
"Chavez, Jesse","Snider, Collin",2022,R,10,0.9022531836727202
"Cimber, Adam","Smith, Joe",2022,R,1,2.0941881518796888
"Cimber, Adam","Rogers, Tyler",2022,R,2,2.650639651671188
"Cimber, Adam","Kelley, Trevor",2022,R,3,2.683753154358788
"Cimber, Adam","Mills, Wyatt",2022,R,4,2.7244675788076553
"Cimber, Adam","O'Day, Darren",2022,R,5,2.8199375446933668
"Cimber, Adam","Effross, Scott",2022,R,6,3.042449001065683
"Cimber, Adam","Thompson, Ryan",2022,R,7,3.1267006749977693
"Cimber, Adam","Murfee, Penn",2022,R,8,3.694135136754993
"Cimber, Adam","Cuas, Jose",2022,R,9,3.8595558956475013
"Cimber, Adam","Schreiber, John",2022,R,10,4.005570600671205
"Cishek, Steve","Miller, Tyson",2022,R,1,1.9219101190902592
"Cishek, Steve","Peralta, Freddy",2022,R,2,2.0607224560134028
"Cishek, Steve","Martinez, Seth",2022,R,3,2.2002291464640247
"Cishek, Steve","Williams, Devin",2022,R,4,2.2209046226534697
"Cishek, Steve","Maton, Phil",2022,R,5,2.308333434623334
"Cishek, Steve","Crismatt, Nabil",2022,R,6,2.5689403759540292
"Cishek, Steve","Thompson, Ryan",2022,R,7,2.584755607555114
"Cishek, Steve","Nola, Aaron",2022,R,8,2.6138225266655892
"Cishek, Steve","Barlow, Scott",2022,R,9,2.6172286888557585
"Cishek, Steve","Toussaint, Touki",2022,R,10,2.632090399948088
"Cisnero, José","Hernández, Jonathan",2022,R,1,0.39351553242463666
"Cisnero, José","Chargois, JT",2022,R,2,0.3955271457229232
"Cisnero, José","Marte, Yunior",2022,R,3,0.42941402292156755
"Cisnero, José","Robles, Hansel",2022,R,4,0.4410568421725915
"Cisnero, José","Smith, Chad",2022,R,5,0.5375789106705711
"Cisnero, José","Bello, Brayan",2022,R,6,0.5889897277030139
"Cisnero, José","Ortiz, Luis",2022,R,7,0.5936995854059312
"Cisnero, José","Iglesias, Raisel",2022,R,8,0.6116542712040213
"Cisnero, José","Bush, Matt",2022,R,9,0.681969089592746
"Cisnero, José","Sawamura, Hirokazu",2022,R,10,0.7094949467553023
"Civale, Aaron","Greinke, Zack",2022,R,1,0.6198568663434952
"Civale, Aaron","De Jong, Chase",2022,R,2,0.7337827439419048
"Civale, Aaron","Jiménez, Dany",2022,R,3,0.7403067680143255
"Civale, Aaron","Bundy, Dylan",2022,R,4,0.7412391909103733
"Civale, Aaron","Stashak, Cody",2022,R,5,0.7969123278561624
"Civale, Aaron","Cotton, Jharel",2022,R,6,1.008119528287545
"Civale, Aaron","Sanders, Phoenix",2022,R,7,1.0327371700171206
"Civale, Aaron","Hendricks, Kyle",2022,R,8,1.0617382744131718
"Civale, Aaron","Junis, Jakob",2022,R,9,1.0638411687929816
"Civale, Aaron","Anderson, Chase",2022,R,10,1.076727532097024
"Clarke, Taylor","Severino, Luis",2022,R,1,0.4316790561610821
"Clarke, Taylor","Tinoco, Jesus",2022,R,2,0.48542653299333144
"Clarke, Taylor","Colomé, Alex",2022,R,3,0.4864170051152956
"Clarke, Taylor","Montas, Frankie",2022,R,4,0.5050874074656501
"Clarke, Taylor","Neris, Héctor",2022,R,5,0.513174075688501
"Clarke, Taylor","Moreta, Dauri",2022,R,6,0.5292072175938201
"Clarke, Taylor","Sánchez, Miguel",2022,R,7,0.5296601169459423
"Clarke, Taylor","Rodríguez, Manuel",2022,R,8,0.532880572237226
"Clarke, Taylor","Steckenrider, Drew",2022,R,9,0.5812815755391393
"Clarke, Taylor","Espinoza, Anderson",2022,R,10,0.5964168110479585
"Clase, Emmanuel","Helsley, Ryan",2022,R,1,0.9594799125219272
"Clase, Emmanuel","Suarez, Robert",2022,R,2,0.9715463598019689
"Clase, Emmanuel","Finnegan, Kyle",2022,R,3,1.0227871751543467
"Clase, Emmanuel","Fernández, Junior",2022,R,4,1.0275557785290215
"Clase, Emmanuel","Duran, Jhoan",2022,R,5,1.0482583684808793
"Clase, Emmanuel","Hicks, Jordan",2022,R,6,1.0609810481538895
"Clase, Emmanuel","Coonrod, Sam",2022,R,7,1.0992719967747706
"Clase, Emmanuel","Harvey, Hunter",2022,R,8,1.1002592146407888
"Clase, Emmanuel","deGrom, Jacob",2022,R,9,1.1797029134799009
"Clase, Emmanuel","Abreu, Albert",2022,R,10,1.1999536127702448
"Clevinger, Mike","Wilson, Steven",2022,R,1,0.26473731629656505
"Clevinger, Mike","Wesneski, Hayden",2022,R,2,0.41058013724951686
"Clevinger, Mike","Wittgren, Nick",2022,R,3,0.5064123731958573
"Clevinger, Mike","Sanchez, Aaron",2022,R,4,0.5066032794555992
"Clevinger, Mike","DeSclafani, Anthony",2022,R,5,0.506742845566659
"Clevinger, Mike","Flaherty, Jack",2022,R,6,0.5603470085143739
"Clevinger, Mike","Knehr, Reiss",2022,R,7,0.5777974474385628
"Clevinger, Mike","Varland, Louis",2022,R,8,0.5848689522552805
"Clevinger, Mike","Darvish, Yu",2022,R,9,0.5959662376765951
"Clevinger, Mike","Stammen, Craig",2022,R,10,0.6357144708862565
"Cobb, Alex","Brazobán, Huascar",2022,R,1,0.26548940284620237
"Cobb, Alex","Smith, Drew",2022,R,2,0.31939843055814404
"Cobb, Alex","Santana, Dennis",2022,R,3,0.4172623647057033
"Cobb, Alex","Richards, Garrett",2022,R,4,0.4400562210867254
"Cobb, Alex","Jameson, Drey",2022,R,5,0.47544057659521116
"Cobb, Alex","Tinoco, Jesus",2022,R,6,0.5051081931633397
"Cobb, Alex","Weaver, Luke",2022,R,7,0.5165303589113497
"Cobb, Alex","Ortega, Oliver",2022,R,8,0.5230326382671069
"Cobb, Alex","De Los Santos, Enyel",2022,R,9,0.571924933337675
"Cobb, Alex","Silseth, Chase",2022,R,10,0.5831257643371482
"Cole, Gerrit","López, Jorge",2022,R,1,0.32516670032145606
"Cole, Gerrit","Foley, Jason",2022,R,2,0.33360881750648036
"Cole, Gerrit","Sawamura, Hirokazu",2022,R,3,0.3505606131842075
"Cole, Gerrit","López, Reynaldo",2022,R,4,0.36911802300354873
"Cole, Gerrit","Abreu, Bryan",2022,R,5,0.37362877270822226
"Cole, Gerrit","Ortiz, Luis",2022,R,6,0.37635710726947413
"Cole, Gerrit","Pop, Zach",2022,R,7,0.4188233282206589
"Cole, Gerrit","Ureña, José",2022,R,8,0.44606571148958235
"Cole, Gerrit","Graveman, Kendall",2022,R,9,0.4840721670295273
"Cole, Gerrit","Coonrod, Sam",2022,R,10,0.5652572739263132
"Coleman, Dylan","Stephan, Trevor",2022,R,1,0.18423300884282953
"Coleman, Dylan","Kahnle, Tommy",2022,R,2,0.25369862316958025
"Coleman, Dylan","De los Santos, Yerry",2022,R,3,0.3149368295750654
"Coleman, Dylan","Leone, Dominic",2022,R,4,0.33068247890666286
"Coleman, Dylan","Fulmer, Michael",2022,R,5,0.3874932839394659
"Coleman, Dylan","Pallante, Andre",2022,R,6,0.40131736285186775
"Coleman, Dylan","Merryweather, Julian",2022,R,7,0.41114784573031454
"Coleman, Dylan","Kirby, George",2022,R,8,0.4245842416283835
"Coleman, Dylan","Abreu, Bryan",2022,R,9,0.42530084662636053
"Coleman, Dylan","Barnes, Jacob",2022,R,10,0.4519611690902595
"Colomé, Alex","Steckenrider, Drew",2022,R,1,0.4474594192284621
"Colomé, Alex","Clarke, Taylor",2022,R,2,0.4864170051152956
"Colomé, Alex","Hunter, Tommy",2022,R,3,0.5367868813493573
"Colomé, Alex","Cease, Dylan",2022,R,4,0.5406251297592847
"Colomé, Alex","Keller, Brad",2022,R,5,0.5606150824191687
"Colomé, Alex","Severino, Luis",2022,R,6,0.562423198338877
"Colomé, Alex","Archer, Chris",2022,R,7,0.5964149926034993
"Colomé, Alex","Espinoza, Anderson",2022,R,8,0.6074676483641758
"Colomé, Alex","Sborz, Josh",2022,R,9,0.6112338495763954
"Colomé, Alex","Quantrill, Cal",2022,R,10,0.6215335548099009
"Contreras, Roansy","Carrasco, Carlos",2022,R,1,0.4459719211790635
"Contreras, Roansy","Bass, Anthony",2022,R,2,0.5099810955068284
"Contreras, Roansy","Grove, Michael",2022,R,3,0.5232711567591942
"Contreras, Roansy","Gillaspie, Logan",2022,R,4,0.5525426103866659
"Contreras, Roansy","Morris, Cody",2022,R,5,0.5713576882275425
"Contreras, Roansy","Thornburg, Tyler",2022,R,6,0.579992098131056
"Contreras, Roansy","Thompson, Keegan",2022,R,7,0.6078382211116053
"Contreras, Roansy","Ruiz, Norge",2022,R,8,0.617909199345855
"Contreras, Roansy","Adam, Jason",2022,R,9,0.6242919834136886
"Contreras, Roansy","White, Mitch",2022,R,10,0.6370983523954611
"Coonrod, Sam","Fernández, Junior",2022,R,1,0.35525666058536737
"Coonrod, Sam","Greene, Hunter",2022,R,2,0.3743268242848461
"Coonrod, Sam","Estévez, Carlos",2022,R,3,0.378983326145643
"Coonrod, Sam","Abreu, Albert",2022,R,4,0.39182873841215443
"Coonrod, Sam","Hicks, Jordan",2022,R,5,0.4623016228917019
"Coonrod, Sam","Loáisiga, Jonathan",2022,R,6,0.5136522800242845
"Coonrod, Sam","Armstrong, Shawn",2022,R,7,0.5198638374560722
"Coonrod, Sam","Finnegan, Kyle",2022,R,8,0.5225632285957129
"Coonrod, Sam","Cole, Gerrit",2022,R,9,0.5652572739263132
"Coonrod, Sam","Foley, Jason",2022,R,10,0.5822829851331097
"Cotton, Jharel","Civale, Aaron",2022,R,1,1.008119528287545
"Cotton, Jharel","Hendricks, Kyle",2022,R,2,1.1715622608624632
"Cotton, Jharel","Junis, Jakob",2022,R,3,1.1757952839418053
"Cotton, Jharel","Stephens, Jackson",2022,R,4,1.1901410925141336
"Cotton, Jharel","Jiménez, Dany",2022,R,5,1.2060498762380638
"Cotton, Jharel","Cessa, Luis",2022,R,6,1.20639418183027
"Cotton, Jharel","Pruitt, Austin",2022,R,7,1.2125444420207083
"Cotton, Jharel","Johnson, Pierce",2022,R,8,1.2446484577204329
"Cotton, Jharel","Bundy, Dylan",2022,R,9,1.244781105698187
"Cotton, Jharel","Greinke, Zack",2022,R,10,1.2834837979919955
"Cousins, Jake","Castro, Anthony",2022,R,1,0.5725532876643753
"Cousins, Jake","Marinaccio, Ron",2022,R,2,0.5972718642682178
"Cousins, Jake","Kelly, Zack",2022,R,3,0.6066205519612969
"Cousins, Jake","Ottavino, Adam",2022,R,4,0.6368342353506176
"Cousins, Jake","Flaherty, Jack",2022,R,5,0.785004011084006
"Cousins, Jake","Stammen, Craig",2022,R,6,0.8383557434291717
"Cousins, Jake","Eovaldi, Nathan",2022,R,7,0.8906172471099549
"Cousins, Jake","Wittgren, Nick",2022,R,8,0.9198548513514015
"Cousins, Jake","Darvish, Yu",2022,R,9,0.9694772430223748
"Cousins, Jake","Eflin, Zach",2022,R,10,0.9805120014848485
"Crawford, Kutter","Wantz, Andrew",2022,R,1,0.15657241714099876
"Crawford, Kutter","Arano, Víctor",2022,R,2,0.3030212088077601
"Crawford, Kutter","Ruiz, Norge",2022,R,3,0.3450983557073994
"Crawford, Kutter","White, Mitch",2022,R,4,0.3728010580201877
"Crawford, Kutter","Weiss, Zack",2022,R,5,0.4147533280351398
"Crawford, Kutter","Foster, Matt",2022,R,6,0.44435914009914035
"Crawford, Kutter","Hudson, Dakota",2022,R,7,0.4462389719977452
"Crawford, Kutter","Kaprielian, James",2022,R,8,0.46661724471802457
"Crawford, Kutter","Kowar, Jackson",2022,R,9,0.47307691541693997
"Crawford, Kutter","Heasley, Jonathan",2022,R,10,0.47776718789485517
"Crick, Kyle","Garza Jr., Ralph",2022,R,1,0.5855251660862354
"Crick, Kyle","Castellanos, Humberto",2022,R,2,0.668414878965319
"Crick, Kyle","Kluber, Corey",2022,R,3,0.7529658368571172
"Crick, Kyle","Ramirez, Noé",2022,R,4,0.7809204373158103
"Crick, Kyle","Lawrence, Casey",2022,R,5,0.8490429006443945
"Crick, Kyle","Festa, Matt",2022,R,6,0.902644323574482
"Crick, Kyle","Dugger, Robert",2022,R,7,0.932928094806873
"Crick, Kyle","Head, Louis",2022,R,8,0.9933719032080097
"Crick, Kyle","Germán, Domingo",2022,R,9,1.0619264212513684
"Crick, Kyle","Gutierrez, Vladimir",2022,R,10,1.084621111852024
"Crismatt, Nabil","Maton, Phil",2022,R,1,0.6876910337763135
"Crismatt, Nabil","Toussaint, Touki",2022,R,2,1.0071639137055843
"Crismatt, Nabil","Barlow, Scott",2022,R,3,1.1050921632469528
"Crismatt, Nabil","McHugh, Collin",2022,R,4,1.4043303310185546
"Crismatt, Nabil","Dunning, Dane",2022,R,5,1.48524444222938
"Crismatt, Nabil","Arihara, Kohei",2022,R,6,1.4901610125288083
"Crismatt, Nabil","Ober, Bailey",2022,R,7,1.5306849850138162
"Crismatt, Nabil","Peralta, Freddy",2022,R,8,1.573702433108765
"Crismatt, Nabil","Leiter Jr., Mark",2022,R,9,1.6349872189020538
"Crismatt, Nabil","Cruz, Fernando",2022,R,10,1.670286664342965
"Crowe, Wil","Hoffman, Jeff",2022,R,1,0.2116985317400464
"Crowe, Wil","Gausman, Kevin",2022,R,2,0.2303400717588651
"Crowe, Wil","Nogosek, Stephen",2022,R,3,0.23949680572293316
"Crowe, Wil","Assad, Javier",2022,R,4,0.25335898506815746
"Crowe, Wil","Bednar, David",2022,R,5,0.26099873066536955
"Crowe, Wil","Morris, Cody",2022,R,6,0.29104075697696846
"Crowe, Wil","Winckowski, Josh",2022,R,7,0.3549346917971901
"Crowe, Wil","Rasmussen, Drew",2022,R,8,0.35801398016458225
"Crowe, Wil","Knebel, Corey",2022,R,9,0.39900349310767624
"Crowe, Wil","Kopech, Michael",2022,R,10,0.4289375823559064
"Cruz, Fernando","Ober, Bailey",2022,R,1,0.40607879062103264
"Cruz, Fernando","Sanchez, Aaron",2022,R,2,0.5181019364178397
"Cruz, Fernando","Sulser, Cole",2022,R,3,0.6096649427806884
"Cruz, Fernando","Wittgren, Nick",2022,R,4,0.6487112574953642
"Cruz, Fernando","Otto Jr., Glenn",2022,R,5,0.6657330663995755
"Cruz, Fernando","Castro, Kervin",2022,R,6,0.6990312774936129
"Cruz, Fernando","Manning, Matt",2022,R,7,0.7333397776378338
"Cruz, Fernando","Zeuch, T.J.",2022,R,8,0.7501170149068266
"Cruz, Fernando","Clevinger, Mike",2022,R,9,0.7842088635731225
"Cruz, Fernando","Grimm, Justin",2022,R,10,0.7877607665342474
"Cuas, Jose","Schreiber, John",2022,R,1,0.8855062353425588
"Cuas, Jose","Sewald, Paul",2022,R,2,1.0962072148655264
"Cuas, Jose","Sandlin, Nick",2022,R,3,1.2645154512859351
"Cuas, Jose","Givens, Mychal",2022,R,4,1.390459842686013
"Cuas, Jose","Thompson, Ryan",2022,R,5,1.3969125122637915
"Cuas, Jose","Kelley, Trevor",2022,R,6,1.4764097039251014
"Cuas, Jose","Lawrence, Justin",2022,R,7,1.5173974448621765
"Cuas, Jose","Uelmen, Erich",2022,R,8,1.5562095581747535
"Cuas, Jose","Mills, Wyatt",2022,R,9,1.6445377978277071
"Cuas, Jose","Murfee, Penn",2022,R,10,1.7235464488724686
"Cueto, Johnny","Bazardo, Eduard",2022,R,1,0.6619148069597084
"Cueto, Johnny","Junis, Jakob",2022,R,2,0.8440278265852124
"Cueto, Johnny","Sands, Cole",2022,R,3,0.8557416199903395
"Cueto, Johnny","Gray, Josiah",2022,R,4,0.8606092298210295
"Cueto, Johnny","Seabold, Connor",2022,R,5,0.9053724455253603
"Cueto, Johnny","Boxberger, Brad",2022,R,6,0.9099928474671855
"Cueto, Johnny","Acevedo, Domingo",2022,R,7,0.9408394664608873
"Cueto, Johnny","Johnson, Pierce",2022,R,8,0.9547026887744688
"Cueto, Johnny","McCullers Jr., Lance",2022,R,9,0.9802702303173229
"Cueto, Johnny","Garcia, Bryan",2022,R,10,1.055431648534677
"Cyr, Tyler","Gilbert, Logan",2022,R,1,0.5926408044499075
"Cyr, Tyler","Anderson, Ian",2022,R,2,0.6999676528368802
"Cyr, Tyler","Romano, Jordan",2022,R,3,0.8836410636882001
"Cyr, Tyler","Edwards Jr., Carl",2022,R,4,0.902675610682044
"Cyr, Tyler","Gibaut, Ian",2022,R,5,0.9533336352275298
"Cyr, Tyler","Tetreault, Jackson",2022,R,6,0.957337773556551
"Cyr, Tyler","May, Trevor",2022,R,7,0.961350556816064
"Cyr, Tyler","Jansen, Kenley",2022,R,8,0.9617808178107132
"Cyr, Tyler","Kilian, Caleb",2022,R,9,0.9792221177902815
"Cyr, Tyler","Megill, Tylor",2022,R,10,0.9836463670443475
"Danish, Tyler","Sands, Cole",2022,R,1,0.8162749117828609
"Danish, Tyler","Herget, Jimmy",2022,R,2,1.1465685517322959
"Danish, Tyler","Scott, Tayler",2022,R,3,1.253990747499213
"Danish, Tyler","Reed, Jake",2022,R,4,1.292084039943879
"Danish, Tyler","Gray, Josiah",2022,R,5,1.3519093891633511
"Danish, Tyler","Cueto, Johnny",2022,R,6,1.3602470210215007
"Danish, Tyler","McCullers Jr., Lance",2022,R,7,1.3880441087159234
"Danish, Tyler","Castellanos, Humberto",2022,R,8,1.7491561570767138
"Danish, Tyler","Stroman, Marcus",2022,R,9,1.7935133582919152
"Danish, Tyler","Ramirez, Noé",2022,R,10,1.8565319568343999
"Darvish, Yu","Wesneski, Hayden",2022,R,1,0.27118295686669697
"Darvish, Yu","Wilson, Bryse",2022,R,2,0.3237219223564274
"Darvish, Yu","DeSclafani, Anthony",2022,R,3,0.39543569173719606
"Darvish, Yu","Eovaldi, Nathan",2022,R,4,0.4200295982443176
"Darvish, Yu","Mahle, Tyler",2022,R,5,0.5044555746444535
"Darvish, Yu","Kelly, Zack",2022,R,6,0.5123673109767134
"Darvish, Yu","Stammen, Craig",2022,R,7,0.5502521739236881
"Darvish, Yu","Knehr, Reiss",2022,R,8,0.5538146132852472
"Darvish, Yu","Wilson, Steven",2022,R,9,0.5644120941228318
"Darvish, Yu","Woodford, Jake",2022,R,10,0.5737719969848876
"Davies, Zach","Germán, Domingo",2022,R,1,0.7001666362621836
"Davies, Zach","Thornton, Trent",2022,R,2,0.7161761266986455
"Davies, Zach","Bassitt, Chris",2022,R,3,0.7195934672655809
"Davies, Zach","Junis, Jakob",2022,R,4,0.77095707336174
"Davies, Zach","Overton, Connor",2022,R,5,0.7811708583609155
"Davies, Zach","Stashak, Cody",2022,R,6,0.7993876530727386
"Davies, Zach","Morgan, Eli",2022,R,7,0.9015657451935711
"Davies, Zach","Castellanos, Humberto",2022,R,8,0.904523237903931
"Davies, Zach","Brigham, Jeff",2022,R,9,0.963334534049491
"Davies, Zach","Anderson, Chase",2022,R,10,0.9865966215296731
"De Jong, Chase","Chacín, Jhoulys",2022,R,1,0.41494874828220263
"De Jong, Chase","Stashak, Cody",2022,R,2,0.42923784871838006
"De Jong, Chase","Gonsolin, Tony",2022,R,3,0.4374809959031245
"De Jong, Chase","Anderson, Chase",2022,R,4,0.47431519560450586
"De Jong, Chase","Martinez, Nick",2022,R,5,0.5909108009171076
"De Jong, Chase","Jiménez, Dany",2022,R,6,0.6080901608544892
"De Jong, Chase","Musgrove, Joe",2022,R,7,0.6296278694589852
"De Jong, Chase","Urquidy, José",2022,R,8,0.6626063688544507
"De Jong, Chase","Elder, Bryce",2022,R,9,0.6729898265793386
"De Jong, Chase","Garcia, Luis",2022,R,10,0.6866697036283708
"De Los Santos, Enyel","Santillan, Tony",2022,R,1,0.25377991047385684
"De Los Santos, Enyel","Smith, Drew",2022,R,2,0.3936429304096218
"De Los Santos, Enyel","Vest, Will",2022,R,3,0.4142084675652924
"De Los Santos, Enyel","Santana, Dennis",2022,R,4,0.4403841021438417
"De Los Santos, Enyel","Kelly, Merrill",2022,R,5,0.4893276625886776
"De Los Santos, Enyel","Iglesias, Raisel",2022,R,6,0.5077532069692061
"De Los Santos, Enyel","Kelly, Joe",2022,R,7,0.5368925484886128
"De Los Santos, Enyel","Cobb, Alex",2022,R,8,0.571924933337675
"De Los Santos, Enyel","Wendelken, J.B.",2022,R,9,0.5946265179012796
"De Los Santos, Enyel","Rucker, Michael",2022,R,10,0.6062121941008355
"De los Santos, Yerry","Kopech, Michael",2022,R,1,0.20807682636737176
"De los Santos, Yerry","Leone, Dominic",2022,R,2,0.2259317288423872
"De los Santos, Yerry","Middleton, Keynan",2022,R,3,0.23652381228010871
"De los Santos, Yerry","Pallante, Andre",2022,R,4,0.23760460455372973
"De los Santos, Yerry","Coleman, Dylan",2022,R,5,0.3149368295750654
"De los Santos, Yerry","Kahnle, Tommy",2022,R,6,0.3271964901085991
"De los Santos, Yerry","Kirby, George",2022,R,7,0.36764354333202054
"De los Santos, Yerry","Stephan, Trevor",2022,R,8,0.37248689660244116
"De los Santos, Yerry","Barnes, Jacob",2022,R,9,0.3830508078506698
"De los Santos, Yerry","Patiño, Luis",2022,R,10,0.3949683333621231
"DeSclafani, Anthony","Knehr, Reiss",2022,R,1,0.19493706920959403
"DeSclafani, Anthony","Velasquez, Vince",2022,R,2,0.2617811172470851
"DeSclafani, Anthony","Wesneski, Hayden",2022,R,3,0.3066184234430282
"DeSclafani, Anthony","Mahle, Tyler",2022,R,4,0.30967032793337046
"DeSclafani, Anthony","Darvish, Yu",2022,R,5,0.39543569173719606
"DeSclafani, Anthony","Wilson, Bryse",2022,R,6,0.4074847638406172
"DeSclafani, Anthony","Wilson, Steven",2022,R,7,0.4311798659679469
"DeSclafani, Anthony","Eovaldi, Nathan",2022,R,8,0.47116677706695687
"DeSclafani, Anthony","Almonte, Yency",2022,R,9,0.4897148571805719
"DeSclafani, Anthony","Clevinger, Mike",2022,R,10,0.506742845566659
"Devenski, Chris","Plesac, Zach",2022,R,1,0.5854308221499543
"Devenski, Chris","Thompson, Zach",2022,R,2,0.6213751925743578
"Devenski, Chris","VerHagen, Drew",2022,R,3,0.6800722732674059
"Devenski, Chris","Gonsolin, Tony",2022,R,4,0.7271187628109304
"Devenski, Chris","Musgrove, Joe",2022,R,5,0.7518818519791955
"Devenski, Chris","Garcia, Luis",2022,R,6,0.7842218515574203
"Devenski, Chris","Flexen, Chris",2022,R,7,0.7964532891561371
"Devenski, Chris","Feyereisen, J.P.",2022,R,8,0.8245474116140591
"Devenski, Chris","Elder, Bryce",2022,R,9,0.885069654477844
"Devenski, Chris","Urquidy, José",2022,R,10,0.8893974398845108
"Domínguez, Seranthony","Estévez, Carlos",2022,R,1,0.46854095158360526
"Domínguez, Seranthony","Loáisiga, Jonathan",2022,R,2,0.6209596600237676
"Domínguez, Seranthony","Pop, Zach",2022,R,3,0.7003032223813291
"Domínguez, Seranthony","Coonrod, Sam",2022,R,4,0.7240063721728304
"Domínguez, Seranthony","Finnegan, Kyle",2022,R,5,0.8236947903859165
"Domínguez, Seranthony","Hudson, Daniel",2022,R,6,0.8449483789388628
"Domínguez, Seranthony","Abreu, Albert",2022,R,7,0.8579974598744697
"Domínguez, Seranthony","Tapia, Domingo",2022,R,8,0.8797527858186865
"Domínguez, Seranthony","Sawamura, Hirokazu",2022,R,9,0.8831025814740759
"Domínguez, Seranthony","Marte, Yunior",2022,R,10,0.8923241427441843
"Doval, Camilo","May, Dustin",2022,R,1,0.44149470796335727
"Doval, Camilo","Muñoz, Andrés",2022,R,2,0.5584501691273799
"Doval, Camilo","Loáisiga, Jonathan",2022,R,3,0.5777885878579889
"Doval, Camilo","deGrom, Jacob",2022,R,4,0.7114575108592921
"Doval, Camilo","Foley, Jason",2022,R,5,0.7718040754225096
"Doval, Camilo","Abreu, Albert",2022,R,6,0.7763917081045584
"Doval, Camilo","Machado, Andrés",2022,R,7,0.7917960932272987
"Doval, Camilo","Pop, Zach",2022,R,8,0.8084550561984297
"Doval, Camilo","Finnegan, Kyle",2022,R,9,0.8577025229269938
"Doval, Camilo","Hudson, Daniel",2022,R,10,0.8623629847762606
"Duffey, Tyler","Kremer, Dean",2022,R,1,0.36802198270898157
"Duffey, Tyler","Voth, Austin",2022,R,2,0.4355817931597965
"Duffey, Tyler","Blackburn, Paul",2022,R,3,0.4775337825843139
"Duffey, Tyler","Woodford, Jake",2022,R,4,0.5781340039345098
"Duffey, Tyler","Sulser, Beau",2022,R,5,0.5835753936845793
"Duffey, Tyler","Warren, Art",2022,R,6,0.6776612019021587
"Duffey, Tyler","Thornburg, Tyler",2022,R,7,0.6779859513077919
"Duffey, Tyler","Howard, Spencer",2022,R,8,0.6951281118244818
"Duffey, Tyler","Richards, Trevor",2022,R,9,0.7158052537331513
"Duffey, Tyler","Stratton, Chris",2022,R,10,0.7341498688657877
"Dugger, Robert","Ramirez, Noé",2022,R,1,0.8074284520528892
"Dugger, Robert","Crick, Kyle",2022,R,2,0.932928094806873
"Dugger, Robert","Lawrence, Casey",2022,R,3,0.9441899158386772
"Dugger, Robert","Castellanos, Humberto",2022,R,4,1.095939891547624
"Dugger, Robert","Romo, Sergio",2022,R,5,1.153046810572571
"Dugger, Robert","Kluber, Corey",2022,R,6,1.1553486211299289
"Dugger, Robert","Garza Jr., Ralph",2022,R,7,1.1582149945609366
"Dugger, Robert","McHugh, Collin",2022,R,8,1.2824911954761835
"Dugger, Robert","Mills, Alec",2022,R,9,1.2989402661571612
"Dugger, Robert","Davies, Zach",2022,R,10,1.3226591075193035
"Dunn, Justin","Bieber, Shane",2022,R,1,0.2823448024085715
"Dunn, Justin","Fedde, Erick",2022,R,2,0.3705674160121416
"Dunn, Justin","Zeuch, T.J.",2022,R,3,0.3852397886080084
"Dunn, Justin","Gray, Sonny",2022,R,4,0.42412301384324363
"Dunn, Justin","Stratton, Chris",2022,R,5,0.5473984591852485
"Dunn, Justin","Wilson, Bryse",2022,R,6,0.5488088698374233
"Dunn, Justin","Bard, Luke",2022,R,7,0.5629767026453067
"Dunn, Justin","Velasquez, Vince",2022,R,8,0.5826945018979285
"Dunn, Justin","DeSclafani, Anthony",2022,R,9,0.6095006036527741
"Dunn, Justin","Sulser, Cole",2022,R,10,0.6337837270177796
"Dunning, Dane","McHugh, Collin",2022,R,1,0.4287986838254035
"Dunning, Dane","Arihara, Kohei",2022,R,2,0.6114828390666224
"Dunning, Dane","Hernández, Elieser",2022,R,3,0.6898445236148761
"Dunning, Dane","Kluber, Corey",2022,R,4,0.6924566685702409
"Dunning, Dane","Leiter Jr., Mark",2022,R,5,0.8519498927428419
"Dunning, Dane","Barlow, Scott",2022,R,6,0.8544117623193923
"Dunning, Dane","Hill, Garrett",2022,R,7,0.9409413314570423
"Dunning, Dane","Gutierrez, Vladimir",2022,R,8,0.955247597941836
"Dunning, Dane","Woodford, Jake",2022,R,9,0.9727009687330798
"Dunning, Dane","Bieber, Shane",2022,R,10,1.0030253165443586
"Duran, Jhoan","Harvey, Hunter",2022,R,1,0.24868013527008417
"Duran, Jhoan","Estévez, Carlos",2022,R,2,0.7333917304040158
"Duran, Jhoan","Alcantara, Sandy",2022,R,3,0.8225071414889781
"Duran, Jhoan","Greene, Hunter",2022,R,4,0.8317878847672376
"Duran, Jhoan","Holmes, Clay",2022,R,5,0.8468173155807185
"Duran, Jhoan","Coonrod, Sam",2022,R,6,0.8558175633461588
"Duran, Jhoan","Rainey, Tanner",2022,R,7,0.8808769095258976
"Duran, Jhoan","Graterol, Brusdar",2022,R,8,0.9179504235724975
"Duran, Jhoan","Hicks, Jordan",2022,R,9,0.9917808892598298
"Duran, Jhoan","Domínguez, Seranthony",2022,R,10,1.0051834692836872
"Díaz, Alexis","Díaz, Edwin",2022,R,1,0.9631651650958627
"Díaz, Alexis","Wheeler, Zack",2022,R,2,1.284148653145809
"Díaz, Alexis","Ramírez, Yohan",2022,R,3,1.4659279392209212
"Díaz, Alexis","Whitlock, Garrett",2022,R,4,1.5504140725470106
"Díaz, Alexis","Valdez, Phillips",2022,R,5,1.7571083063332689
"Díaz, Alexis","Reid-Foley, Sean",2022,R,6,1.7725822996072296
"Díaz, Alexis","Oviedo, Johan",2022,R,7,1.7855503735570577
"Díaz, Alexis","Megill, Tylor",2022,R,8,1.7902742513824794
"Díaz, Alexis","Bickford, Phil",2022,R,9,1.8149787060760012
"Díaz, Alexis","Marte, José",2022,R,10,1.873545579189529
"Díaz, Edwin","Díaz, Alexis",2022,R,1,0.9631651650958627
"Díaz, Edwin","Wheeler, Zack",2022,R,2,1.0963382789855833
"Díaz, Edwin","Ramírez, Yohan",2022,R,3,1.2951153962307163
"Díaz, Edwin","Marte, José",2022,R,4,1.3482485656171717
"Díaz, Edwin","Machado, Andrés",2022,R,5,1.359564464670933
"Díaz, Edwin","Strider, Spencer",2022,R,6,1.3950280662395722
"Díaz, Edwin","Kimbrel, Craig",2022,R,7,1.498025089004252
"Díaz, Edwin","Bickford, Phil",2022,R,8,1.6140436220451433
"Díaz, Edwin","Doval, Camilo",2022,R,9,1.6232470283643516
"Díaz, Edwin","Whitlock, Garrett",2022,R,10,1.632520165067236
"Edwards Jr., Carl","Ginkel, Kevin",2022,R,1,0.5018614806330245
"Edwards Jr., Carl","Anderson, Ian",2022,R,2,0.5775781497475587
"Edwards Jr., Carl","Green, Chad",2022,R,3,0.585968047661529
"Edwards Jr., Carl","Hjelle, Sean",2022,R,4,0.6520926683958153
"Edwards Jr., Carl","Barnes, Matt",2022,R,5,0.6998790579466836
"Edwards Jr., Carl","Bradish, Kyle",2022,R,6,0.734283886300604
"Edwards Jr., Carl","Jansen, Kenley",2022,R,7,0.7366803522006482
"Edwards Jr., Carl","Patiño, Luis",2022,R,8,0.7519478598250761
"Edwards Jr., Carl","Swanson, Erik",2022,R,9,0.8172352676702789
"Edwards Jr., Carl","Merryweather, Julian",2022,R,10,0.8264987826977057
"Effross, Scott","Murfee, Penn",2022,R,1,1.4700503921773533
"Effross, Scott","Thompson, Ryan",2022,R,2,1.8906468443511708
"Effross, Scott","Kelley, Trevor",2022,R,3,1.894572967927737
"Effross, Scott","Cuas, Jose",2022,R,4,1.9142250937283922
"Effross, Scott","Reed, Jake",2022,R,5,2.1469338895832273
"Effross, Scott","Sandlin, Nick",2022,R,6,2.154133097994538
"Effross, Scott","O'Day, Darren",2022,R,7,2.2114737843356087
"Effross, Scott","Smith, Joe",2022,R,8,2.214546257619206
"Effross, Scott","Sewald, Paul",2022,R,9,2.33481607681378
"Effross, Scott","Schreiber, John",2022,R,10,2.3549627925939136
"Eflin, Zach","Robertson, David",2022,R,1,0.18944382754261163
"Eflin, Zach","Castillo, Max",2022,R,2,0.2700711566104544
"Eflin, Zach","Manoah, Alek",2022,R,3,0.3532598752541748
"Eflin, Zach","Ohtani, Shohei",2022,R,4,0.41295229162221564
"Eflin, Zach","Gallen, Zac",2022,R,5,0.4350394979238455
"Eflin, Zach","Stammen, Craig",2022,R,6,0.43756796507563384
"Eflin, Zach","Kelly, Zack",2022,R,7,0.4898831163396242
"Eflin, Zach","Brebbia, John",2022,R,8,0.49618908881046037
"Eflin, Zach","Hoeing, Bryan",2022,R,9,0.5683177424671086
"Eflin, Zach","Middleton, Keynan",2022,R,10,0.6148611394217833
"Elder, Bryce","Urquidy, José",2022,R,1,0.36216261310702647
"Elder, Bryce","Feyereisen, J.P.",2022,R,2,0.44539078438235524
"Elder, Bryce","Musgrove, Joe",2022,R,3,0.504336997766385
"Elder, Bryce","Gonsolin, Tony",2022,R,4,0.5456364662612543
"Elder, Bryce","Peralta, Wily",2022,R,5,0.5602557688732572
"Elder, Bryce","Barria, Jaime",2022,R,6,0.6014216991834882
"Elder, Bryce","Chacín, Jhoulys",2022,R,7,0.6149386356451503
"Elder, Bryce","Stephens, Jackson",2022,R,8,0.6321665503154131
"Elder, Bryce","Winder, Josh",2022,R,9,0.6333529592027712
"Elder, Bryce","Faedo, Alex",2022,R,10,0.66132430371243
"Eovaldi, Nathan","Mahle, Tyler",2022,R,1,0.3068539726506507
"Eovaldi, Nathan","Varland, Louis",2022,R,2,0.419144286378909
"Eovaldi, Nathan","Darvish, Yu",2022,R,3,0.4200295982443176
"Eovaldi, Nathan","Castro, Anthony",2022,R,4,0.45336878871505626
"Eovaldi, Nathan","Wilson, Steven",2022,R,5,0.4682847373601401
"Eovaldi, Nathan","DeSclafani, Anthony",2022,R,6,0.47116677706695687
"Eovaldi, Nathan","Wesneski, Hayden",2022,R,7,0.47135629503771925
"Eovaldi, Nathan","Kelly, Zack",2022,R,8,0.47272420206929305
"Eovaldi, Nathan","Stammen, Craig",2022,R,9,0.5102071999781529
"Eovaldi, Nathan","Almonte, Yency",2022,R,10,0.5239866488266015
"Espino, Paolo","Wainwright, Adam",2022,R,1,1.0483510545659445
"Espino, Paolo","McHugh, Collin",2022,R,2,1.3016505989951748
"Espino, Paolo","Mills, Alec",2022,R,3,1.3415398544964763
"Espino, Paolo","Dugger, Robert",2022,R,4,1.4673834182324015
"Espino, Paolo","Dunning, Dane",2022,R,5,1.4786439934453053
"Espino, Paolo","Leiter Jr., Mark",2022,R,6,1.4833614922668816
"Espino, Paolo","Kluber, Corey",2022,R,7,1.5287568692006053
"Espino, Paolo","Romo, Sergio",2022,R,8,1.5375355462567286
"Espino, Paolo","Sanders, Phoenix",2022,R,9,1.618132734064665
"Espino, Paolo","Sánchez, Aníbal",2022,R,10,1.624841098366435
"Espinoza, Anderson","Senzatela, Antonio",2022,R,1,0.276769904078762
"Espinoza, Anderson","Perdomo, Luis",2022,R,2,0.4043265161843068
"Espinoza, Anderson","Neris, Héctor",2022,R,3,0.42123012568961293
"Espinoza, Anderson","Richards, Garrett",2022,R,4,0.5099133622619232
"Espinoza, Anderson","Sánchez, Miguel",2022,R,5,0.5156220601095066
"Espinoza, Anderson","Lamet, Dinelson",2022,R,6,0.5228450168382168
"Espinoza, Anderson","Tinoco, Jesus",2022,R,7,0.5558959427191517
"Espinoza, Anderson","Kowar, Jackson",2022,R,8,0.5609958517984575
"Espinoza, Anderson","Arano, Víctor",2022,R,9,0.5659190000363266
"Espinoza, Anderson","Wendelken, J.B.",2022,R,10,0.58369632494749
"Estévez, Carlos","Coonrod, Sam",2022,R,1,0.378983326145643
"Estévez, Carlos","Domínguez, Seranthony",2022,R,2,0.46854095158360526
"Estévez, Carlos","Greene, Hunter",2022,R,3,0.5187247365963135
"Estévez, Carlos","Pop, Zach",2022,R,4,0.5539334132940884
"Estévez, Carlos","Sawamura, Hirokazu",2022,R,5,0.6023264808540197
"Estévez, Carlos","Loáisiga, Jonathan",2022,R,6,0.6348016227267835
"Estévez, Carlos","López, Jorge",2022,R,7,0.6750961805076064
"Estévez, Carlos","Cole, Gerrit",2022,R,8,0.6861136729087826
"Estévez, Carlos","Abreu, Albert",2022,R,9,0.6945006240774264
"Estévez, Carlos","Fernández, Junior",2022,R,10,0.7272303950813372
"Faedo, Alex","Walker, Taijuan",2022,R,1,0.24112463694328143
"Faedo, Alex","Barria, Jaime",2022,R,2,0.5284676806855655
"Faedo, Alex","VerHagen, Drew",2022,R,3,0.5879185979599165
"Faedo, Alex","Urquidy, José",2022,R,4,0.5885108915430196
"Faedo, Alex","Peralta, Wily",2022,R,5,0.6536684077850147
"Faedo, Alex","Elder, Bryce",2022,R,6,0.66132430371243
"Faedo, Alex","Cease, Dylan",2022,R,7,0.6690524008266171
"Faedo, Alex","Gallegos, Giovanny",2022,R,8,0.6807736749435517
"Faedo, Alex","Musgrove, Joe",2022,R,9,0.7477940588809586
"Faedo, Alex","Hutchison, Drew",2022,R,10,0.7948511682216096
"Fairbanks, Pete","Bautista, Félix",2022,R,1,0.4352286433223372
"Fairbanks, Pete","Baker, Bryan",2022,R,2,1.169377693661593
"Fairbanks, Pete","Megill, Trevor",2022,R,3,1.2517375164586015
"Fairbanks, Pete","Frías, Luis",2022,R,4,1.3792749800054465
"Fairbanks, Pete","Baumann, Mike",2022,R,5,1.506360943264978
"Fairbanks, Pete","Staumont, Josh",2022,R,6,1.5090031364031355
"Fairbanks, Pete","Jansen, Kenley",2022,R,7,1.5355472036668503
"Fairbanks, Pete","Ginkel, Kevin",2022,R,8,1.651315202908283
"Fairbanks, Pete","Stanek, Ryne",2022,R,9,1.718146371029332
"Fairbanks, Pete","Holmes, Clay",2022,R,10,1.7748246265369962
"Familia, Jeurys","Ashcraft, Graham",2022,R,1,0.538692068529519
"Familia, Jeurys","Alcantara, Sandy",2022,R,2,0.6226843270664808
"Familia, Jeurys","Ruiz, José",2022,R,3,0.6606710603646639
"Familia, Jeurys","Stanek, Ryne",2022,R,4,0.805381224482276
"Familia, Jeurys","Holmes, Clay",2022,R,5,0.834153049671688
"Familia, Jeurys","Sborz, Josh",2022,R,6,0.851779916314647
"Familia, Jeurys","Bard, Daniel",2022,R,7,0.9398158748690724
"Familia, Jeurys","Montas, Frankie",2022,R,8,0.9612090405735909
"Familia, Jeurys","Bender, Anthony",2022,R,9,0.9681561894593319
"Familia, Jeurys","Keller, Brad",2022,R,10,0.9872605645629072
"Farmer, Buck","Stephenson, Robert",2022,R,1,0.24321175676345594
"Farmer, Buck","Sánchez, Miguel",2022,R,2,0.33754488975362174
"Farmer, Buck","Ruiz, Norge",2022,R,3,0.36959980467799436
"Farmer, Buck","Lakins, Travis",2022,R,4,0.38814863307647884
"Farmer, Buck","Thompson, Keegan",2022,R,5,0.42774963383698733
"Farmer, Buck","Foster, Matt",2022,R,6,0.433167021004233
"Farmer, Buck","Schmidt, Clarke",2022,R,7,0.45431368448636117
"Farmer, Buck","Silseth, Chase",2022,R,8,0.4666545138004154
"Farmer, Buck","Arano, Víctor",2022,R,9,0.5285357158205992
"Farmer, Buck","Crawford, Kutter",2022,R,10,0.5388576258054671
"Farrell, Luke","Watkins, Spenser",2022,R,1,0.38795923241652497
"Farrell, Luke","Goudeau, Ashton",2022,R,2,0.3997517822367064
"Farrell, Luke","Pineda, Michael",2022,R,3,0.5130513958723235
"Farrell, Luke","Thompson, Zach",2022,R,4,0.5663257841607873
"Farrell, Luke","Swarmer, Matt",2022,R,5,0.6476479678509269
"Farrell, Luke","Mikolas, Miles",2022,R,6,0.6570906591024199
"Farrell, Luke","Melancon, Mark",2022,R,7,0.6922951157044012
"Farrell, Luke","Garcia, Luis",2022,R,8,0.8098662748657307
"Farrell, Luke","Musgrove, Joe",2022,R,9,0.8376292867974463
"Farrell, Luke","Barria, Jaime",2022,R,10,0.9087103731223625
"Faucher, Calvin","Lemoine, Jake",2022,R,1,0.5197536447392678
"Faucher, Calvin","Leclerc, José",2022,R,2,0.5778543642473857
"Faucher, Calvin","Ortega, Oliver",2022,R,3,0.5846675640557312
"Faucher, Calvin","Márquez, Germán",2022,R,4,0.6302097984833183
"Faucher, Calvin","Poteet, Cody",2022,R,5,0.6738649015843274
"Faucher, Calvin","Brazobán, Huascar",2022,R,6,0.6983558101794731
"Faucher, Calvin","Bielak, Brandon",2022,R,7,0.7229693103352506
"Faucher, Calvin","Brieske, Beau",2022,R,8,0.7510979285808302
"Faucher, Calvin","Lamet, Dinelson",2022,R,9,0.7940920396089673
"Faucher, Calvin","Montas, Frankie",2022,R,10,0.8591027052747546
"Fedde, Erick","Zeuch, T.J.",2022,R,1,0.17319597392162428
"Fedde, Erick","Sulser, Cole",2022,R,2,0.3348251369885601
"Fedde, Erick","Bieber, Shane",2022,R,3,0.34202900453880497
"Fedde, Erick","Stratton, Chris",2022,R,4,0.3589829741426641
"Fedde, Erick","Dunn, Justin",2022,R,5,0.3705674160121416
"Fedde, Erick","Wesneski, Hayden",2022,R,6,0.4910630799226011
"Fedde, Erick","DeSclafani, Anthony",2022,R,7,0.5358200093918671
"Fedde, Erick","Sanchez, Aaron",2022,R,8,0.5424048381147873
"Fedde, Erick","Wilson, Bryse",2022,R,9,0.5462289586046225
"Fedde, Erick","Adam, Jason",2022,R,10,0.5820466096168903
"Feltner, Ryan","Brash, Matt",2022,R,1,0.32703149228557027
"Feltner, Ryan","Tate, Dillon",2022,R,2,0.3349956327965953
"Feltner, Ryan","Beede, Tyler",2022,R,3,0.40027560187180455
"Feltner, Ryan","Ramírez, Erasmo",2022,R,4,0.4206340228822978
"Feltner, Ryan","Llovera, Mauricio",2022,R,5,0.49200443492770146
"Feltner, Ryan","Warren, Austin",2022,R,6,0.4980445096241087
"Feltner, Ryan","Moronta, Reyes",2022,R,7,0.5212940548883057
"Feltner, Ryan","Strzelecki, Peter",2022,R,8,0.5409349195571506
"Feltner, Ryan","Poppen, Sean",2022,R,9,0.5864780096834877
"Feltner, Ryan","Berríos, José",2022,R,10,0.587386875195348
"Fernández, Junior","Abreu, Albert",2022,R,1,0.2732527274880812
"Fernández, Junior","Armstrong, Shawn",2022,R,2,0.29407340789614156
"Fernández, Junior","Hicks, Jordan",2022,R,3,0.3290075876824289
"Fernández, Junior","Coonrod, Sam",2022,R,4,0.35525666058536737
"Fernández, Junior","Finnegan, Kyle",2022,R,5,0.4106367138794596
"Fernández, Junior","Norwood, James",2022,R,6,0.49262637732280384
"Fernández, Junior","Weems, Jordan",2022,R,7,0.5503339436258968
"Fernández, Junior","deGrom, Jacob",2022,R,8,0.5662791154160784
"Fernández, Junior","Loáisiga, Jonathan",2022,R,9,0.5726846192475131
"Fernández, Junior","Greene, Hunter",2022,R,10,0.5917085237980605
"Festa, Matt","Ryan, Joe",2022,R,1,0.358945689054825
"Festa, Matt","Gutierrez, Vladimir",2022,R,2,0.4081867955779603
"Festa, Matt","Head, Louis",2022,R,3,0.5802882662644265
"Festa, Matt","Tate, Dillon",2022,R,4,0.6540641467936678
"Festa, Matt","Hill, Garrett",2022,R,5,0.6884132968018232
"Festa, Matt","Strzelecki, Peter",2022,R,6,0.7275590451033027
"Festa, Matt","García, Rony",2022,R,7,0.769172119509732
"Festa, Matt","Hernández, Elieser",2022,R,8,0.8070854068823394
"Festa, Matt","Chavez, Jesse",2022,R,9,0.8197459704761421
"Festa, Matt","Alexander, Jason",2022,R,10,0.854110582831935
"Feyereisen, J.P.","Winder, Josh",2022,R,1,0.4102951394651958
"Feyereisen, J.P.","Peralta, Wily",2022,R,2,0.4361882655251011
"Feyereisen, J.P.","Elder, Bryce",2022,R,3,0.44539078438235524
"Feyereisen, J.P.","Stephens, Jackson",2022,R,4,0.5716336817902761
"Feyereisen, J.P.","Urquidy, José",2022,R,5,0.5960173475114009
"Feyereisen, J.P.","Gonsolin, Tony",2022,R,6,0.597642603455601
"Feyereisen, J.P.","Chacín, Jhoulys",2022,R,7,0.6488138748729956
"Feyereisen, J.P.","Cessa, Luis",2022,R,8,0.6725446075764414
"Feyereisen, J.P.","Lambert, Jimmy",2022,R,9,0.6802805422936408
"Feyereisen, J.P.","Brieske, Beau",2022,R,10,0.6804256392609214
"Finnegan, Kyle","Abreu, Albert",2022,R,1,0.309292724671727
"Finnegan, Kyle","deGrom, Jacob",2022,R,2,0.3493715563682075
"Finnegan, Kyle","Loáisiga, Jonathan",2022,R,3,0.38434126164604465
"Finnegan, Kyle","Fernández, Junior",2022,R,4,0.4106367138794596
"Finnegan, Kyle","Coonrod, Sam",2022,R,5,0.5225632285957129
"Finnegan, Kyle","Hicks, Jordan",2022,R,6,0.5834220211856438
"Finnegan, Kyle","Armstrong, Shawn",2022,R,7,0.6379495985055699
"Finnegan, Kyle","Estévez, Carlos",2022,R,8,0.7622895324168065
"Finnegan, Kyle","Foley, Jason",2022,R,9,0.7706329804935724
"Finnegan, Kyle","Suarez, Robert",2022,R,10,0.8021138796475311
"Flaherty, Jack","Ottavino, Adam",2022,R,1,0.3845816318976606
"Flaherty, Jack","Nola, Aaron",2022,R,2,0.4712456633015764
"Flaherty, Jack","Wittgren, Nick",2022,R,3,0.5304966984977818
"Flaherty, Jack","Clevinger, Mike",2022,R,4,0.5603470085143739
"Flaherty, Jack","Williams, Trevor",2022,R,5,0.580219389412184
"Flaherty, Jack","Wilson, Steven",2022,R,6,0.6075396008015557
"Flaherty, Jack","Marinaccio, Ron",2022,R,7,0.6271354658021626
"Flaherty, Jack","Varland, Louis",2022,R,8,0.6628861805221288
"Flaherty, Jack","Wesneski, Hayden",2022,R,9,0.6689372873756756
"Flaherty, Jack","Stammen, Craig",2022,R,10,0.6797497543016088
"Flexen, Chris","Stripling, Ross",2022,R,1,0.2219372917365778
"Flexen, Chris","Thompson, Zach",2022,R,2,0.7482257788550912
"Flexen, Chris","VerHagen, Drew",2022,R,3,0.7924420257154146
"Flexen, Chris","Devenski, Chris",2022,R,4,0.7964532891561371
"Flexen, Chris","Swarmer, Matt",2022,R,5,0.888633893701142
"Flexen, Chris","Musgrove, Joe",2022,R,6,0.9622423872546594
"Flexen, Chris","Barria, Jaime",2022,R,7,0.9878482179323796
"Flexen, Chris","Elder, Bryce",2022,R,8,1.0232965588795115
"Flexen, Chris","Verlander, Justin",2022,R,9,1.0283784034387706
"Flexen, Chris","Wells, Tyler",2022,R,10,1.087460612027308
"Floro, Dylan","Adon, Joan",2022,R,1,0.6357150589778583
"Floro, Dylan","Sampson, Adrian",2022,R,2,0.667224680280707
"Floro, Dylan","Hoffman, Jeff",2022,R,3,0.6937617086248775
"Floro, Dylan","Gausman, Kevin",2022,R,4,0.7184427915264715
"Floro, Dylan","Nogosek, Stephen",2022,R,5,0.7514155774683963
"Floro, Dylan","Kaprielian, James",2022,R,6,0.7681044165976072
"Floro, Dylan","Gallen, Zac",2022,R,7,0.7755354728333493
"Floro, Dylan","Kremer, Dean",2022,R,8,0.7788205520417119
"Floro, Dylan","Bednar, David",2022,R,9,0.8443340539196386
"Floro, Dylan","Perdomo, Luis",2022,R,10,0.8493943934702047
"Foley, Jason","Cole, Gerrit",2022,R,1,0.33360881750648036
"Foley, Jason","Pop, Zach",2022,R,2,0.4207100890797516
"Foley, Jason","Abreu, Albert",2022,R,3,0.46933553396119576
"Foley, Jason","Armstrong, Shawn",2022,R,4,0.49682866359786826
"Foley, Jason","Abreu, Bryan",2022,R,5,0.5326818386836036
"Foley, Jason","Loáisiga, Jonathan",2022,R,6,0.5662650248105939
"Foley, Jason","Ortiz, Luis",2022,R,7,0.5696183273789786
"Foley, Jason","Coonrod, Sam",2022,R,8,0.5822829851331097
"Foley, Jason","López, Jorge",2022,R,9,0.585926416344771
"Foley, Jason","Peguero, Elvis",2022,R,10,0.5928810134450134
"Foster, Matt","Odorizzi, Jake",2022,R,1,0.3280715039406862
"Foster, Matt","Stephenson, Robert",2022,R,2,0.35833453849750035
"Foster, Matt","Ruiz, Norge",2022,R,3,0.36722607682083513
"Foster, Matt","Wantz, Andrew",2022,R,4,0.39805126371620225
"Foster, Matt","Kowar, Jackson",2022,R,5,0.42838094432219564
"Foster, Matt","Farmer, Buck",2022,R,6,0.433167021004233
"Foster, Matt","Crawford, Kutter",2022,R,7,0.44435914009914035
"Foster, Matt","Sánchez, Miguel",2022,R,8,0.4551415058807342
"Foster, Matt","White, Mitch",2022,R,9,0.4741141030676106
"Foster, Matt","Archer, Chris",2022,R,10,0.4760359660246839
"Frías, Luis","Baumann, Mike",2022,R,1,0.6008551834114774
"Frías, Luis","Colomé, Alex",2022,R,2,0.675677985821556
"Frías, Luis","Megill, Trevor",2022,R,3,0.7830051105996261
"Frías, Luis","Baker, Bryan",2022,R,4,0.8162170856498604
"Frías, Luis","Sborz, Josh",2022,R,5,0.8432526823949464
"Frías, Luis","Stanek, Ryne",2022,R,6,0.8471601751162308
"Frías, Luis","Steckenrider, Drew",2022,R,7,0.8923752831486953
"Frías, Luis","Holmes, Clay",2022,R,8,0.919052157297279
"Frías, Luis","Quantrill, Cal",2022,R,9,0.9423373868644084
"Frías, Luis","Severino, Luis",2022,R,10,0.9563677857834487
"Fulmer, Michael","Leone, Dominic",2022,R,1,0.28299965422900636
"Fulmer, Michael","Rasmussen, Drew",2022,R,2,0.29520055821624447
"Fulmer, Michael","Winckowski, Josh",2022,R,3,0.3666186540417672
"Fulmer, Michael","Gausman, Kevin",2022,R,4,0.3745205208648957
"Fulmer, Michael","Coleman, Dylan",2022,R,5,0.3874932839394659
"Fulmer, Michael","Pallante, Andre",2022,R,6,0.4076140465431971
"Fulmer, Michael","Knebel, Corey",2022,R,7,0.4145122640335214
"Fulmer, Michael","Nogosek, Stephen",2022,R,8,0.4322840065092565
"Fulmer, Michael","Kopech, Michael",2022,R,9,0.44075710387303363
"Fulmer, Michael","De los Santos, Yerry",2022,R,10,0.4433306996784358
"Gallegos, Giovanny","Peralta, Wily",2022,R,1,0.6470870608885771
"Gallegos, Giovanny","Faedo, Alex",2022,R,2,0.6807736749435517
"Gallegos, Giovanny","Verlander, Justin",2022,R,3,0.8489612387072378
"Gallegos, Giovanny","VerHagen, Drew",2022,R,4,0.8899083675857744
"Gallegos, Giovanny","Walker, Taijuan",2022,R,5,0.9145444342790306
"Gallegos, Giovanny","Elder, Bryce",2022,R,6,0.9817218348916887
"Gallegos, Giovanny","Lemoine, Jake",2022,R,7,1.0124680994022937
"Gallegos, Giovanny","Feyereisen, J.P.",2022,R,8,1.0422964752741235
"Gallegos, Giovanny","Barria, Jaime",2022,R,9,1.0882335657362738
"Gallegos, Giovanny","Bielak, Brandon",2022,R,10,1.097272018658305
"Gallen, Zac","Castillo, Max",2022,R,1,0.27552745993545735
"Gallen, Zac","Manoah, Alek",2022,R,2,0.36838886499093265
"Gallen, Zac","Hoffman, Jeff",2022,R,3,0.3941302202397853
"Gallen, Zac","Eflin, Zach",2022,R,4,0.4350394979238455
"Gallen, Zac","Crowe, Wil",2022,R,5,0.45169451277828954
"Gallen, Zac","Bednar, David",2022,R,6,0.45826053034369296
"Gallen, Zac","Gausman, Kevin",2022,R,7,0.46807476760190836
"Gallen, Zac","Kopech, Michael",2022,R,8,0.47782833537213243
"Gallen, Zac","Robertson, David",2022,R,9,0.4791377929060585
"Gallen, Zac","Leone, Dominic",2022,R,10,0.4971388185813231
"Garcia, Bryan","Medina, Adonis",2022,R,1,0.2584473832243022
"Garcia, Bryan","Yacabonis, Jimmy",2022,R,2,0.26634080288838125
"Garcia, Bryan","Lorenzen, Michael",2022,R,3,0.37959236204506136
"Garcia, Bryan","Acevedo, Domingo",2022,R,4,0.46910217033009854
"Garcia, Bryan","Payamps, Joel",2022,R,5,0.4956525106466603
"Garcia, Bryan","Bellatti, Andrew",2022,R,6,0.5088605012916666
"Garcia, Bryan","Mayers, Mike",2022,R,7,0.5112875767100372
"Garcia, Bryan","Seabold, Connor",2022,R,8,0.5358060336939283
"Garcia, Bryan","Smith, Drew",2022,R,9,0.5447792553472083
"Garcia, Bryan","Bazardo, Eduard",2022,R,10,0.5589058334015645
"Garcia, Luis","Musgrove, Joe",2022,R,1,0.3041862690202596
"Garcia, Luis","Yajure, Miguel",2022,R,2,0.378267453208341
"Garcia, Luis","Gonsolin, Tony",2022,R,3,0.4315544704480711
"Garcia, Luis","Urquidy, José",2022,R,4,0.43350459737456065
"Garcia, Luis","Barria, Jaime",2022,R,5,0.46390172124377066
"Garcia, Luis","Heasley, Jonathan",2022,R,6,0.5528568219878918
"Garcia, Luis","Chacín, Jhoulys",2022,R,7,0.5997800416289951
"Garcia, Luis","Watkins, Spenser",2022,R,8,0.6380230223109646
"Garcia, Luis","Wantz, Andrew",2022,R,9,0.6383720362472556
"Garcia, Luis","Nance, Tommy",2022,R,10,0.6460227074561816
"García, Luis","Martin, Chris",2022,R,1,0.33846618762117703
"García, Luis","Underwood Jr., Duane",2022,R,2,0.5087016142723791
"García, Luis","Thompson, Mason",2022,R,3,0.5368326253251884
"García, Luis","Weems, Jordan",2022,R,4,0.5639328487932038
"García, Luis","Coleman, Dylan",2022,R,5,0.567077484935995
"García, Luis","Merryweather, Julian",2022,R,6,0.5741729746954763
"García, Luis","Norwood, James",2022,R,7,0.5884809625919433
"García, Luis","Gil, Luis",2022,R,8,0.6559688935760922
"García, Luis","Fulmer, Michael",2022,R,9,0.6705799909639057
"García, Luis","Green, Chad",2022,R,10,0.6862796498491613
"García, Rony","Ryan, Joe",2022,R,1,0.45324243254734736
"García, Rony","Strzelecki, Peter",2022,R,2,0.6812238786873418
"García, Rony","Head, Louis",2022,R,3,0.7306535665989016
"García, Rony","Festa, Matt",2022,R,4,0.769172119509732
"García, Rony","Morton, Charlie",2022,R,5,0.8302064215388815
"García, Rony","Hill, Garrett",2022,R,6,0.8325957950899185
"García, Rony","Alexander, Jason",2022,R,7,0.8328369059821693
"García, Rony","Gutierrez, Vladimir",2022,R,8,0.8363894849362383
"García, Rony","Berríos, José",2022,R,9,0.8613746638947851
"García, Rony","Givens, Mychal",2022,R,10,0.8670230677997133
"García, Yimi","Bird, Jake",2022,R,1,0.56133614070383
"García, Yimi","Cano, Yennier",2022,R,2,0.6576712000599633
"García, Yimi","Castillo, Luis",2022,R,3,0.8144023168789715
"García, Yimi","Snider, Collin",2022,R,4,0.8315273899811383
"García, Yimi","Smith, Chad",2022,R,5,0.8789702279532224
"García, Yimi","Acevedo, Domingo",2022,R,6,0.9621809569364607
"García, Yimi","Santillan, Tony",2022,R,7,0.9633737165152464
"García, Yimi","Yacabonis, Jimmy",2022,R,8,0.9948732157975554
"García, Yimi","Jameson, Drey",2022,R,9,1.0058156936305684
"García, Yimi","Kelly, Joe",2022,R,10,1.0196646112470544
"Garza Jr., Ralph","Crick, Kyle",2022,R,1,0.5855251660862354
"Garza Jr., Ralph","Ramirez, Noé",2022,R,2,0.6761665863377948
"Garza Jr., Ralph","Castellanos, Humberto",2022,R,3,0.9170957607504319
"Garza Jr., Ralph","Lawrence, Casey",2022,R,4,1.029593275609706
"Garza Jr., Ralph","Festa, Matt",2022,R,5,1.068171461931034
"Garza Jr., Ralph","Dugger, Robert",2022,R,6,1.1582149945609366
"Garza Jr., Ralph","Head, Louis",2022,R,7,1.2431327256790472
"Garza Jr., Ralph","Kluber, Corey",2022,R,8,1.2662499811116124
"Garza Jr., Ralph","Ryan, Joe",2022,R,9,1.3131286981338843
"Garza Jr., Ralph","Gutierrez, Vladimir",2022,R,10,1.383035151695485
"Gausman, Kevin","Nogosek, Stephen",2022,R,1,0.13350701271532409
"Gausman, Kevin","Hoffman, Jeff",2022,R,2,0.15755030574826734
"Gausman, Kevin","Crowe, Wil",2022,R,3,0.2303400717588651
"Gausman, Kevin","Bednar, David",2022,R,4,0.2595552354691387
"Gausman, Kevin","Morris, Cody",2022,R,5,0.3179718590091003
"Gausman, Kevin","Rasmussen, Drew",2022,R,6,0.3661048743484462
"Gausman, Kevin","Fulmer, Michael",2022,R,7,0.3745205208648957
"Gausman, Kevin","Keller, Mitch",2022,R,8,0.3802402895858434
"Gausman, Kevin","Winckowski, Josh",2022,R,9,0.4124112651616826
"Gausman, Kevin","Sampson, Adrian",2022,R,10,0.4646119099607032
"Germán, Domingo","Thornton, Trent",2022,R,1,0.3844111593166283
"Germán, Domingo","Brigham, Jeff",2022,R,2,0.5219124316273996
"Germán, Domingo","Bassitt, Chris",2022,R,3,0.5229859276906551
"Germán, Domingo","Head, Louis",2022,R,4,0.5958167201252055
"Germán, Domingo","Davies, Zach",2022,R,5,0.7001666362621836
"Germán, Domingo","Javier, Cristian",2022,R,6,0.7004980025539832
"Germán, Domingo","McCullers Jr., Lance",2022,R,7,0.718686246131318
"Germán, Domingo","Alexander, Jason",2022,R,8,0.7446768922835235
"Germán, Domingo","Castellanos, Humberto",2022,R,9,0.7455652522798307
"Germán, Domingo","Seabold, Connor",2022,R,10,0.769924075226917
"Gibaut, Ian","Kilian, Caleb",2022,R,1,0.3052783622491603
"Gibaut, Ian","Brasier, Ryan",2022,R,2,0.37052717032965765
"Gibaut, Ian","Barnes, Jacob",2022,R,3,0.4718183272268722
"Gibaut, Ian","May, Trevor",2022,R,4,0.501262715556448
"Gibaut, Ian","Pepiot, Ryan",2022,R,5,0.5559302074463325
"Gibaut, Ian","Kirby, George",2022,R,6,0.6116413955794722
"Gibaut, Ian","Pagán, Emilio",2022,R,7,0.6447769925233608
"Gibaut, Ian","Jiménez, Joe",2022,R,8,0.6791455576796537
"Gibaut, Ian","Kahnle, Tommy",2022,R,9,0.6934981223285591
"Gibaut, Ian","Woodruff, Brandon",2022,R,10,0.7263713247801559
"Gibson, Kyle","Paddack, Chris",2022,R,1,0.3879130553291434
"Gibson, Kyle","Bolaños, Ronald",2022,R,2,0.45788032421502645
"Gibson, Kyle","McKenzie, Triston",2022,R,3,0.4897253418306469
"Gibson, Kyle","Bradley, Archie",2022,R,4,0.5017333764643755
"Gibson, Kyle","Rodríguez, Elvin",2022,R,5,0.573518259904016
"Gibson, Kyle","Giolito, Lucas",2022,R,6,0.5799633626627677
"Gibson, Kyle","Otto Jr., Glenn",2022,R,7,0.6132684073006485
"Gibson, Kyle","Barnes, Matt",2022,R,8,0.6581076916967117
"Gibson, Kyle","Howard, Spencer",2022,R,9,0.7130461946960658
"Gibson, Kyle","Lyles, Jordan",2022,R,10,0.7288203995832797
"Gil, Luis","Thompson, Mason",2022,R,1,0.3064769032981842
"Gil, Luis","Jiménez, Joe",2022,R,2,0.357176815618341
"Gil, Luis","Kuhnel, Joel",2022,R,3,0.4045057194682923
"Gil, Luis","Marte, José",2022,R,4,0.602115518369623
"Gil, Luis","Armstrong, Shawn",2022,R,5,0.6205128993337887
"Gil, Luis","García, Luis",2022,R,6,0.6559688935760922
"Gil, Luis","Barnes, Jacob",2022,R,7,0.6811251895204697
"Gil, Luis","Peguero, Elvis",2022,R,8,0.6862362728945925
"Gil, Luis","Strider, Spencer",2022,R,9,0.6947727765499554
"Gil, Luis","Coleman, Dylan",2022,R,10,0.7620087837563068
"Gilbert, Logan","Romano, Jordan",2022,R,1,0.5634595150330529
"Gilbert, Logan","Cyr, Tyler",2022,R,2,0.5926408044499075
"Gilbert, Logan","Megill, Tylor",2022,R,3,0.6871784346000359
"Gilbert, Logan","Whitlock, Garrett",2022,R,4,0.8911041157946048
"Gilbert, Logan","Tetreault, Jackson",2022,R,5,0.9511932901062772
"Gilbert, Logan","May, Trevor",2022,R,6,0.9592605325964786
"Gilbert, Logan","Kilian, Caleb",2022,R,7,1.0880680347742764
"Gilbert, Logan","Anderson, Ian",2022,R,8,1.2018419559300064
"Gilbert, Logan","Gibaut, Ian",2022,R,9,1.210916700403437
"Gilbert, Logan","Wheeler, Zack",2022,R,10,1.2388817022768588
"Gillaspie, Logan","Carrasco, Carlos",2022,R,1,0.3268999400008099
"Gillaspie, Logan","Thompson, Keegan",2022,R,2,0.46378131698444935
"Gillaspie, Logan","Krehbiel, Joey",2022,R,3,0.504608192532891
"Gillaspie, Logan","Contreras, Roansy",2022,R,4,0.5525426103866659
"Gillaspie, Logan","Ruiz, Norge",2022,R,5,0.5666126484747689
"Gillaspie, Logan","Oller, Adam",2022,R,6,0.5897556271755948
"Gillaspie, Logan","Kelly, Merrill",2022,R,7,0.612101633126133
"Gillaspie, Logan","Farmer, Buck",2022,R,8,0.6319922003729442
"Gillaspie, Logan","Moronta, Reyes",2022,R,9,0.6401996257696191
"Gillaspie, Logan","Gsellman, Robert",2022,R,10,0.6468276483904475
"Ginkel, Kevin","Edwards Jr., Carl",2022,R,1,0.5018614806330245
"Ginkel, Kevin","Megill, Trevor",2022,R,2,0.7428474456656464
"Ginkel, Kevin","García, Luis",2022,R,3,0.8177307925408367
"Ginkel, Kevin","Green, Chad",2022,R,4,0.8451974819320737
"Ginkel, Kevin","Baumann, Mike",2022,R,5,0.8581503842758688
"Ginkel, Kevin","Bradish, Kyle",2022,R,6,0.8622576965065369
"Ginkel, Kevin","Jansen, Kenley",2022,R,7,0.8701388209338003
"Ginkel, Kevin","Brown, Hunter",2022,R,8,0.8934127591055663
"Ginkel, Kevin","Underwood Jr., Duane",2022,R,9,0.9055360994239985
"Ginkel, Kevin","Hjelle, Sean",2022,R,10,0.9307960641374213
"Giolito, Lucas","Pivetta, Nick",2022,R,1,0.4507468340517656
"Giolito, Lucas","Gibson, Kyle",2022,R,2,0.5799633626627677
"Giolito, Lucas","McKenzie, Triston",2022,R,3,0.6037629708535484
"Giolito, Lucas","Paddack, Chris",2022,R,4,0.6313481877023727
"Giolito, Lucas","Lyles, Jordan",2022,R,5,0.6346533535391522
"Giolito, Lucas","Otto Jr., Glenn",2022,R,6,0.6563821643155687
"Giolito, Lucas","Syndergaard, Noah",2022,R,7,0.7333656388192203
"Giolito, Lucas","Grimm, Justin",2022,R,8,0.7335004923665033
"Giolito, Lucas","Wacha, Michael",2022,R,9,0.7600498499658443
"Giolito, Lucas","Bradley, Archie",2022,R,10,0.7648702962915631
"Givens, Mychal","Lawrence, Justin",2022,R,1,0.5715910213871449
"Givens, Mychal","Sewald, Paul",2022,R,2,0.8598518954436527
"Givens, Mychal","García, Rony",2022,R,3,0.8670230677997133
"Givens, Mychal","Ryan, Joe",2022,R,4,0.9312628486211346
"Givens, Mychal","Chavez, Jesse",2022,R,5,0.9596389235647461
"Givens, Mychal","Strzelecki, Peter",2022,R,6,1.0470023967691209
"Givens, Mychal","Festa, Matt",2022,R,7,1.051871365394979
"Givens, Mychal","Sandlin, Nick",2022,R,8,1.1389723523851567
"Givens, Mychal","Schreiber, John",2022,R,9,1.1973779347004612
"Givens, Mychal","Uceta, Edwin",2022,R,10,1.2616408120056122
"Gonsolin, Tony","Chacín, Jhoulys",2022,R,1,0.24020317115792203
"Gonsolin, Tony","Urquidy, José",2022,R,2,0.3793659266559543
"Gonsolin, Tony","Yajure, Miguel",2022,R,3,0.42068438168375877
"Gonsolin, Tony","Garcia, Luis",2022,R,4,0.4315544704480711
"Gonsolin, Tony","De Jong, Chase",2022,R,5,0.4374809959031245
"Gonsolin, Tony","Plesac, Zach",2022,R,6,0.4747006406202413
"Gonsolin, Tony","Musgrove, Joe",2022,R,7,0.48401817419335363
"Gonsolin, Tony","Anderson, Chase",2022,R,8,0.5432545399561006
"Gonsolin, Tony","Elder, Bryce",2022,R,9,0.5456364662612543
"Gonsolin, Tony","Feyereisen, J.P.",2022,R,10,0.597642603455601
"González, Chi Chi","Javier, Cristian",2022,R,1,0.4423845987038515
"González, Chi Chi","Lakins, Travis",2022,R,2,0.44369358979838586
"González, Chi Chi","Payamps, Joel",2022,R,3,0.45521228058809077
"González, Chi Chi","Wantz, Andrew",2022,R,4,0.46832074096976695
"González, Chi Chi","Crawford, Kutter",2022,R,5,0.49880435267668877
"González, Chi Chi","Weiss, Zack",2022,R,6,0.5049616624933572
"González, Chi Chi","Silseth, Chase",2022,R,7,0.5059780526074468
"González, Chi Chi","Martinez, Nick",2022,R,8,0.5286767292569914
"González, Chi Chi","Jefferies, Daulton",2022,R,9,0.5476210934357129
"González, Chi Chi","Yajure, Miguel",2022,R,10,0.5486880787629541
"Gott, Trevor","Ort, Kaleb",2022,R,1,0.5591082493249608
"Gott, Trevor","Chargois, JT",2022,R,2,0.6071956514297421
"Gott, Trevor","Smith, Chad",2022,R,3,0.7272660997278296
"Gott, Trevor","Snider, Collin",2022,R,4,0.7337615084543404
"Gott, Trevor","Houck, Tanner",2022,R,5,0.8053005755484851
"Gott, Trevor","Santillan, Tony",2022,R,6,0.8345836293068067
"Gott, Trevor","Cisnero, José",2022,R,7,0.8370472415861888
"Gott, Trevor","Hudson, Daniel",2022,R,8,0.8384116938505654
"Gott, Trevor","Bird, Jake",2022,R,9,0.9206763476063248
"Gott, Trevor","Vest, Will",2022,R,10,0.9615668005176898
"Goudeau, Ashton","Mikolas, Miles",2022,R,1,0.3697123557946019
"Goudeau, Ashton","Farrell, Luke",2022,R,2,0.3997517822367064
"Goudeau, Ashton","Melancon, Mark",2022,R,3,0.40674957341925344
"Goudeau, Ashton","Pineda, Michael",2022,R,4,0.4807777139287631
"Goudeau, Ashton","Watkins, Spenser",2022,R,5,0.5543003063086469
"Goudeau, Ashton","Richards, Trevor",2022,R,6,0.6582673495499646
"Goudeau, Ashton","Martin, Davis",2022,R,7,0.7482015359328998
"Goudeau, Ashton","Howard, Spencer",2022,R,8,0.7724568557659861
"Goudeau, Ashton","Sulser, Beau",2022,R,9,0.795051418152075
"Goudeau, Ashton","Thompson, Zach",2022,R,10,0.8646471128521995
"Graterol, Brusdar","Harvey, Hunter",2022,R,1,0.711368756758671
"Graterol, Brusdar","Alcantara, Sandy",2022,R,2,0.8988169106815647
"Graterol, Brusdar","Duran, Jhoan",2022,R,3,0.9179504235724975
"Graterol, Brusdar","Holmes, Clay",2022,R,4,1.0086126413928038
"Graterol, Brusdar","Familia, Jeurys",2022,R,5,1.1043803767086269
"Graterol, Brusdar","Tapia, Domingo",2022,R,6,1.1438444551522309
"Graterol, Brusdar","Guerra, Javy",2022,R,7,1.17226255480891
"Graterol, Brusdar","Ashcraft, Graham",2022,R,8,1.1775131355411057
"Graterol, Brusdar","Stanek, Ryne",2022,R,9,1.2934230372997557
"Graterol, Brusdar","Bard, Daniel",2022,R,10,1.2948088222535967
"Graveman, Kendall","Sawamura, Hirokazu",2022,R,1,0.27006879813313295
"Graveman, Kendall","Rodríguez, Manuel",2022,R,2,0.3719401828842187
"Graveman, Kendall","Ortiz, Luis",2022,R,3,0.390888158207912
"Graveman, Kendall","Marte, Yunior",2022,R,4,0.44538054066697436
"Graveman, Kendall","Moreta, Dauri",2022,R,5,0.4752380138665546
"Graveman, Kendall","Ureña, José",2022,R,6,0.4787791554757867
"Graveman, Kendall","Cole, Gerrit",2022,R,7,0.4840721670295273
"Graveman, Kendall","López, Reynaldo",2022,R,8,0.4967649569149993
"Graveman, Kendall","Hernández, Jonathan",2022,R,9,0.5139428520660044
"Graveman, Kendall","López, Jorge",2022,R,10,0.6315024958150453
"Gray, Jon","Wright, Kyle",2022,R,1,0.26919867517866597
"Gray, Jon","Pallante, Andre",2022,R,2,0.45332882903619076
"Gray, Jon","Beasley, Jeremy",2022,R,3,0.45604401479835327
"Gray, Jon","Phillips, Evan",2022,R,4,0.4586597387252715
"Gray, Jon","Gsellman, Robert",2022,R,5,0.47052598444737437
"Gray, Jon","Warren, Austin",2022,R,6,0.4841500003954109
"Gray, Jon","Lange, Alex",2022,R,7,0.49107305193243167
"Gray, Jon","Beede, Tyler",2022,R,8,0.503609798374616
"Gray, Jon","Almonte, Yency",2022,R,9,0.5382829518841391
"Gray, Jon","Kahnle, Tommy",2022,R,10,0.5383428742382486
"Gray, Josiah","Scott, Tayler",2022,R,1,0.625611038338372
"Gray, Josiah","Acevedo, Domingo",2022,R,2,0.6909537734299763
"Gray, Josiah","Stroman, Marcus",2022,R,3,0.7219562003815249
"Gray, Josiah","Boxberger, Brad",2022,R,4,0.7653586103880581
"Gray, Josiah","Bazardo, Eduard",2022,R,5,0.8374715621705626
"Gray, Josiah","Cueto, Johnny",2022,R,6,0.8606092298210295
"Gray, Josiah","Bellatti, Andrew",2022,R,7,0.9112677624029052
"Gray, Josiah","Sands, Cole",2022,R,8,0.9202875924343313
"Gray, Josiah","McCullers Jr., Lance",2022,R,9,0.9496934310540717
"Gray, Josiah","Lorenzen, Michael",2022,R,10,0.9840048362852137
"Gray, Sonny","Dunn, Justin",2022,R,1,0.42412301384324363
"Gray, Sonny","Bieber, Shane",2022,R,2,0.5160617458311367
"Gray, Sonny","Bard, Luke",2022,R,3,0.5807459397455915
"Gray, Sonny","Bassitt, Chris",2022,R,4,0.6569208086692745
"Gray, Sonny","Wilson, Bryse",2022,R,5,0.6615336284882979
"Gray, Sonny","Hernández, Elieser",2022,R,6,0.6841082160059272
"Gray, Sonny","Fedde, Erick",2022,R,7,0.739375764161813
"Gray, Sonny","Zeuch, T.J.",2022,R,8,0.7564723016740414
"Gray, Sonny","Leiter Jr., Mark",2022,R,9,0.7894831655565968
"Gray, Sonny","Kluber, Corey",2022,R,10,0.8243808136153857
"Green, Chad","Merryweather, Julian",2022,R,1,0.30701845913412784
"Green, Chad","Patiño, Luis",2022,R,2,0.34850237323309335
"Green, Chad","Hjelle, Sean",2022,R,3,0.38506802204718166
"Green, Chad","Brown, Hunter",2022,R,4,0.434208754045787
"Green, Chad","Hernández, Carlos",2022,R,5,0.4636431255590031
"Green, Chad","Knebel, Corey",2022,R,6,0.4965830166731471
"Green, Chad","Houser, Adrian",2022,R,7,0.5086472387709601
"Green, Chad","Middleton, Keynan",2022,R,8,0.5113415470222622
"Green, Chad","Taillon, Jameson",2022,R,9,0.514407559908423
"Green, Chad","De los Santos, Yerry",2022,R,10,0.5290860165014025
"Greene, Hunter","Coonrod, Sam",2022,R,1,0.3743268242848461
"Greene, Hunter","Rainey, Tanner",2022,R,2,0.39190789095848266
"Greene, Hunter","López, Jorge",2022,R,3,0.493315682964364
"Greene, Hunter","Hicks, Jordan",2022,R,4,0.5032900189573523
"Greene, Hunter","Estévez, Carlos",2022,R,5,0.5187247365963135
"Greene, Hunter","Norwood, James",2022,R,6,0.5710904889127835
"Greene, Hunter","Fernández, Junior",2022,R,7,0.5917085237980605
"Greene, Hunter","Armstrong, Shawn",2022,R,8,0.5966669229440902
"Greene, Hunter","Cole, Gerrit",2022,R,9,0.5998079747496022
"Greene, Hunter","Weems, Jordan",2022,R,10,0.6417657108216972
"Greinke, Zack","Bundy, Dylan",2022,R,1,0.37917999057772644
"Greinke, Zack","Civale, Aaron",2022,R,2,0.6198568663434952
"Greinke, Zack","Sanders, Phoenix",2022,R,3,0.7385433469143714
"Greinke, Zack","Hendricks, Kyle",2022,R,4,0.7821577007695701
"Greinke, Zack","De Jong, Chase",2022,R,5,0.962278366431733
"Greinke, Zack","Stashak, Cody",2022,R,6,0.964254200751701
"Greinke, Zack","Junis, Jakob",2022,R,7,1.0023811190321372
"Greinke, Zack","Overton, Connor",2022,R,8,1.0650057498161474
"Greinke, Zack","Watkins, Spenser",2022,R,9,1.0939239531032083
"Greinke, Zack","Davies, Zach",2022,R,10,1.127125548585266
"Grimm, Justin","Lyles, Jordan",2022,R,1,0.23267994977038137
"Grimm, Justin","Otto Jr., Glenn",2022,R,2,0.38877497063192784
"Grimm, Justin","Ober, Bailey",2022,R,3,0.5297567644060337
"Grimm, Justin","Paddack, Chris",2022,R,4,0.540182759235519
"Grimm, Justin","Sulser, Cole",2022,R,5,0.6997083098817215
"Grimm, Justin","Giolito, Lucas",2022,R,6,0.7335004923665033
"Grimm, Justin","Gibson, Kyle",2022,R,7,0.7509720571791852
"Grimm, Justin","Cruz, Fernando",2022,R,8,0.7877607665342474
"Grimm, Justin","Arihara, Kohei",2022,R,9,0.8004858070420032
"Grimm, Justin","Zeuch, T.J.",2022,R,10,0.823261713869312
"Grove, Michael","Adam, Jason",2022,R,1,0.262533261080629
"Grove, Michael","Stratton, Chris",2022,R,2,0.3234410892219138
"Grove, Michael","Sulser, Beau",2022,R,3,0.3365373522307274
"Grove, Michael","Bradley, Archie",2022,R,4,0.4706469299114963
"Grove, Michael","Howard, Spencer",2022,R,5,0.48903955532570276
"Grove, Michael","Bolaños, Ronald",2022,R,6,0.5126149566131845
"Grove, Michael","Rodríguez, Elvin",2022,R,7,0.5129445561126986
"Grove, Michael","Contreras, Roansy",2022,R,8,0.5232711567591942
"Grove, Michael","Assad, Javier",2022,R,9,0.5380292451606902
"Grove, Michael","Thornburg, Tyler",2022,R,10,0.5421241386615765
"Gsellman, Robert","Kelly, Merrill",2022,R,1,0.3876126994168698
"Gsellman, Robert","Beasley, Jeremy",2022,R,2,0.42019620672676466
"Gsellman, Robert","Warren, Austin",2022,R,3,0.43388973658058466
"Gsellman, Robert","Martin, Corbin",2022,R,4,0.44378699537081057
"Gsellman, Robert","Bush, Matt",2022,R,5,0.44421965104356875
"Gsellman, Robert","Gray, Jon",2022,R,6,0.47052598444737437
"Gsellman, Robert","Thompson, Keegan",2022,R,7,0.4773704560398822
"Gsellman, Robert","Iglesias, Raisel",2022,R,8,0.48571445728767354
"Gsellman, Robert","Moronta, Reyes",2022,R,9,0.4945916445691456
"Gsellman, Robert","King, Michael",2022,R,10,0.49671882557661845
"Guerra, Javy","Tapia, Domingo",2022,R,1,0.28823133750777147
"Guerra, Javy","Bard, Daniel",2022,R,2,0.69072327686116
"Guerra, Javy","Bender, Anthony",2022,R,3,0.8279130945192367
"Guerra, Javy","Gustave, Jandel",2022,R,4,0.8514996287569478
"Guerra, Javy","Alcantara, Sandy",2022,R,5,0.8874735902546121
"Guerra, Javy","Kelly, Joe",2022,R,6,1.0339511974972748
"Guerra, Javy","Harvey, Hunter",2022,R,7,1.1128858180526513
"Guerra, Javy","Domínguez, Seranthony",2022,R,8,1.1414962892668403
"Guerra, Javy","Smith, Chad",2022,R,9,1.143512285992705
"Guerra, Javy","Montero, Rafael",2022,R,10,1.1588884176461913
"Gustave, Jandel","Kelly, Joe",2022,R,1,0.2205219043401015
"Gustave, Jandel","Cano, Yennier",2022,R,2,0.44384394535559774
"Gustave, Jandel","Jameson, Drey",2022,R,3,0.5307273714852178
"Gustave, Jandel","Smith, Chad",2022,R,4,0.5462661687466128
"Gustave, Jandel","Weaver, Luke",2022,R,5,0.56285179108018
"Gustave, Jandel","Bird, Jake",2022,R,6,0.5637204553840324
"Gustave, Jandel","Bender, Anthony",2022,R,7,0.5977064265411736
"Gustave, Jandel","Santillan, Tony",2022,R,8,0.6913094466814903
"Gustave, Jandel","Cobb, Alex",2022,R,9,0.7450283393676318
"Gustave, Jandel","De Los Santos, Enyel",2022,R,10,0.7461918536692724
"Gutierrez, Vladimir","Hill, Garrett",2022,R,1,0.31818832475169584
"Gutierrez, Vladimir","Festa, Matt",2022,R,2,0.4081867955779603
"Gutierrez, Vladimir","Tate, Dillon",2022,R,3,0.4673154686118506
"Gutierrez, Vladimir","Ryan, Joe",2022,R,4,0.4930379296959649
"Gutierrez, Vladimir","Hernández, Elieser",2022,R,5,0.5065500644050073
"Gutierrez, Vladimir","Head, Louis",2022,R,6,0.6283097522482098
"Gutierrez, Vladimir","Strzelecki, Peter",2022,R,7,0.6533119395486516
"Gutierrez, Vladimir","Alexander, Jason",2022,R,8,0.660430591540328
"Gutierrez, Vladimir","Wilson, Bryse",2022,R,9,0.6614266888935003
"Gutierrez, Vladimir","Bard, Luke",2022,R,10,0.7369364153505163
"Harvey, Hunter","Duran, Jhoan",2022,R,1,0.24868013527008417
"Harvey, Hunter","Graterol, Brusdar",2022,R,2,0.711368756758671
"Harvey, Hunter","Alcantara, Sandy",2022,R,3,0.7509616230238393
"Harvey, Hunter","Holmes, Clay",2022,R,4,0.8002313775429579
"Harvey, Hunter","Estévez, Carlos",2022,R,5,0.8110718685715638
"Harvey, Hunter","Tapia, Domingo",2022,R,6,0.920387268960943
"Harvey, Hunter","Bard, Daniel",2022,R,7,0.9817027331998606
"Harvey, Hunter","Coonrod, Sam",2022,R,8,1.000434459193954
"Harvey, Hunter","Domínguez, Seranthony",2022,R,9,1.019134730904467
"Harvey, Hunter","Greene, Hunter",2022,R,10,1.0225554285204352
"Head, Louis","Ryan, Joe",2022,R,1,0.49153083002863324
"Head, Louis","Alexander, Jason",2022,R,2,0.53838255829043
"Head, Louis","Festa, Matt",2022,R,3,0.5802882662644265
"Head, Louis","Morton, Charlie",2022,R,4,0.5858320886219739
"Head, Louis","Germán, Domingo",2022,R,5,0.5958167201252055
"Head, Louis","Gutierrez, Vladimir",2022,R,6,0.6283097522482098
"Head, Louis","Brigham, Jeff",2022,R,7,0.6422253358799573
"Head, Louis","Castellanos, Humberto",2022,R,8,0.6855248056511399
"Head, Louis","García, Rony",2022,R,9,0.7306535665989016
"Head, Louis","Tate, Dillon",2022,R,10,0.7626885778759963
"Heasley, Jonathan","White, Mitch",2022,R,1,0.30305838167717364
"Heasley, Jonathan","Wantz, Andrew",2022,R,2,0.3918378242684944
"Heasley, Jonathan","Yajure, Miguel",2022,R,3,0.39361395963542
"Heasley, Jonathan","Hudson, Dakota",2022,R,4,0.39391487262227043
"Heasley, Jonathan","Blackburn, Paul",2022,R,5,0.40454485071781715
"Heasley, Jonathan","Odorizzi, Jake",2022,R,6,0.42190089905888883
"Heasley, Jonathan","Crawford, Kutter",2022,R,7,0.47776718789485517
"Heasley, Jonathan","Sulser, Beau",2022,R,8,0.510103247520189
"Heasley, Jonathan","Thornburg, Tyler",2022,R,9,0.5215166691406534
"Heasley, Jonathan","Foster, Matt",2022,R,10,0.5294172681617229
"Helsley, Ryan","Suarez, Robert",2022,R,1,0.6417051652266006
"Helsley, Ryan","Fernández, Junior",2022,R,2,0.7958829966114028
"Helsley, Ryan","Kittredge, Andrew",2022,R,3,0.8257783761172295
"Helsley, Ryan","Weems, Jordan",2022,R,4,0.8266450968635118
"Helsley, Ryan","Norwood, James",2022,R,5,0.8409687766097036
"Helsley, Ryan","Armstrong, Shawn",2022,R,6,0.8877350488998793
"Helsley, Ryan","Woodruff, Brandon",2022,R,7,0.9285730226635232
"Helsley, Ryan","deGrom, Jacob",2022,R,8,0.9557963088856302
"Helsley, Ryan","Clase, Emmanuel",2022,R,9,0.9594799125219272
"Helsley, Ryan","Abreu, Albert",2022,R,10,0.981665237420161
"Hembree, Heath","Velasquez, Vince",2022,R,1,0.28645307289897354
"Hembree, Heath","Knehr, Reiss",2022,R,2,0.3588662799087611
"Hembree, Heath","Buehler, Walker",2022,R,3,0.4019354462330691
"Hembree, Heath","Almonte, Yency",2022,R,4,0.4719456385490683
"Hembree, Heath","DeSclafani, Anthony",2022,R,5,0.5099757207373553
"Hembree, Heath","Wick, Rowan",2022,R,6,0.5296963189010119
"Hembree, Heath","Mahle, Tyler",2022,R,7,0.563467183811362
"Hembree, Heath","Wright, Kyle",2022,R,8,0.5640445627818909
"Hembree, Heath","Singer, Brady",2022,R,9,0.6198893367319441
"Hembree, Heath","Baz, Shane",2022,R,10,0.650569461530786
"Hendricks, Kyle","Bundy, Dylan",2022,R,1,0.5798085738917648
"Hendricks, Kyle","Greinke, Zack",2022,R,2,0.7821577007695701
"Hendricks, Kyle","Sanders, Phoenix",2022,R,3,0.9450834299663272
"Hendricks, Kyle","Wisler, Matt",2022,R,4,0.9631286312691845
"Hendricks, Kyle","Civale, Aaron",2022,R,5,1.0617382744131718
"Hendricks, Kyle","Cotton, Jharel",2022,R,6,1.1715622608624632
"Hendricks, Kyle","Mills, Alec",2022,R,7,1.3832423242595466
"Hendricks, Kyle","Junis, Jakob",2022,R,8,1.4187746443672133
"Hendricks, Kyle","Stashak, Cody",2022,R,9,1.576688656225832
"Hendricks, Kyle","De Jong, Chase",2022,R,10,1.5998162230105955
"Hendriks, Liam","Strider, Spencer",2022,R,1,0.5622764963123377
"Hendriks, Liam","Marte, José",2022,R,2,0.608622837149128
"Hendriks, Liam","Kuhnel, Joel",2022,R,3,0.7617623128571304
"Hendriks, Liam","Gil, Luis",2022,R,4,0.7858100202460725
"Hendriks, Liam","Suarez, Robert",2022,R,5,0.8223487800958978
"Hendriks, Liam","Thompson, Mason",2022,R,6,0.8754626173729352
"Hendriks, Liam","Wheeler, Zack",2022,R,7,0.9650988446498405
"Hendriks, Liam","Megill, Tylor",2022,R,8,0.9662103581260323
"Hendriks, Liam","Gibaut, Ian",2022,R,9,0.9692897270871565
"Hendriks, Liam","Jiménez, Joe",2022,R,10,1.000680706763906
"Herget, Jimmy","Danish, Tyler",2022,R,1,1.1465685517322959
"Herget, Jimmy","Sands, Cole",2022,R,2,1.659170146240629
"Herget, Jimmy","Reed, Jake",2022,R,3,1.9273748713838872
"Herget, Jimmy","Cueto, Johnny",2022,R,4,2.3100234886093083
"Herget, Jimmy","Scott, Tayler",2022,R,5,2.357835592804679
"Herget, Jimmy","McCullers Jr., Lance",2022,R,6,2.403147935440495
"Herget, Jimmy","Gray, Josiah",2022,R,7,2.4341001754091875
"Herget, Jimmy","Ramirez, Noé",2022,R,8,2.47258885061302
"Herget, Jimmy","Cotton, Jharel",2022,R,9,2.499086179005839
"Herget, Jimmy","Castellanos, Humberto",2022,R,10,2.5884616450944047
"Hernández, Carlos","Houser, Adrian",2022,R,1,0.2276794698126449
"Hernández, Carlos","Taillon, Jameson",2022,R,2,0.2945976410365814
"Hernández, Carlos","Hjelle, Sean",2022,R,3,0.364346682929835
"Hernández, Carlos","Knebel, Corey",2022,R,4,0.4155742765879345
"Hernández, Carlos","Nelson, Ryne",2022,R,5,0.43738972111144037
"Hernández, Carlos","Green, Chad",2022,R,6,0.4636431255590031
"Hernández, Carlos","Winckowski, Josh",2022,R,7,0.4774715835960123
"Hernández, Carlos","Baz, Shane",2022,R,8,0.4903123707452812
"Hernández, Carlos","Brown, Hunter",2022,R,9,0.5170377839904134
"Hernández, Carlos","Merryweather, Julian",2022,R,10,0.5326534649856838
"Hernández, Elieser","Gutierrez, Vladimir",2022,R,1,0.5065500644050073
"Hernández, Elieser","Hill, Garrett",2022,R,2,0.5825698261136155
"Hernández, Elieser","Wilson, Bryse",2022,R,3,0.5983915231073602
"Hernández, Elieser","Bieber, Shane",2022,R,4,0.6351545936689598
"Hernández, Elieser","Darvish, Yu",2022,R,5,0.6476649997250185
"Hernández, Elieser","Gray, Sonny",2022,R,6,0.6841082160059272
"Hernández, Elieser","Dunning, Dane",2022,R,7,0.6898445236148761
"Hernández, Elieser","Kluber, Corey",2022,R,8,0.6978162661097171
"Hernández, Elieser","Tate, Dillon",2022,R,9,0.7226382020480812
"Hernández, Elieser","Wesneski, Hayden",2022,R,10,0.7614574629038167
"Hernández, Jonathan","Marte, Yunior",2022,R,1,0.18218421028186346
"Hernández, Jonathan","Ortiz, Luis",2022,R,2,0.2473478741172412
"Hernández, Jonathan","Cisnero, José",2022,R,3,0.39351553242463666
"Hernández, Jonathan","Sawamura, Hirokazu",2022,R,4,0.4091333904145632
"Hernández, Jonathan","Bello, Brayan",2022,R,5,0.4326504162419247
"Hernández, Jonathan","Robles, Hansel",2022,R,6,0.43597381145836656
"Hernández, Jonathan","Graveman, Kendall",2022,R,7,0.5139428520660044
"Hernández, Jonathan","Chargois, JT",2022,R,8,0.5778286707562806
"Hernández, Jonathan","Pop, Zach",2022,R,9,0.5985607878476048
"Hernández, Jonathan","Cole, Gerrit",2022,R,10,0.6168717922670864
"Hicks, Jordan","Fernández, Junior",2022,R,1,0.3290075876824289
"Hicks, Jordan","Armstrong, Shawn",2022,R,2,0.3912641507764197
"Hicks, Jordan","Coonrod, Sam",2022,R,3,0.4623016228917019
"Hicks, Jordan","Greene, Hunter",2022,R,4,0.5032900189573523
"Hicks, Jordan","Abreu, Albert",2022,R,5,0.507478034069341
"Hicks, Jordan","Norwood, James",2022,R,6,0.5094045551693225
"Hicks, Jordan","Weems, Jordan",2022,R,7,0.5776561984137117
"Hicks, Jordan","Rainey, Tanner",2022,R,8,0.5823894930856667
"Hicks, Jordan","Finnegan, Kyle",2022,R,9,0.5834220211856438
"Hicks, Jordan","Suarez, Robert",2022,R,10,0.670925928543366
"Hill, Garrett","Gutierrez, Vladimir",2022,R,1,0.31818832475169584
"Hill, Garrett","Tate, Dillon",2022,R,2,0.4930277875465887
"Hill, Garrett","Wilson, Bryse",2022,R,3,0.5559508389946104
"Hill, Garrett","Darvish, Yu",2022,R,4,0.5807371921514863
"Hill, Garrett","Hernández, Elieser",2022,R,5,0.5825698261136155
"Hill, Garrett","Strzelecki, Peter",2022,R,6,0.595022508924231
"Hill, Garrett","Alexander, Jason",2022,R,7,0.604296444640111
"Hill, Garrett","Berríos, José",2022,R,8,0.6290666471287284
"Hill, Garrett","Ryan, Joe",2022,R,9,0.6295592030882478
"Hill, Garrett","Marinaccio, Ron",2022,R,10,0.6414867465366669
"Hjelle, Sean","Bradish, Kyle",2022,R,1,0.31644682271508495
"Hjelle, Sean","Taillon, Jameson",2022,R,2,0.35077222680542125
"Hjelle, Sean","Hernández, Carlos",2022,R,3,0.364346682929835
"Hjelle, Sean","Green, Chad",2022,R,4,0.38506802204718166
"Hjelle, Sean","Cabrera, Edward",2022,R,5,0.45012014843917697
"Hjelle, Sean","Law, Derek",2022,R,6,0.4557635244026403
"Hjelle, Sean","Knebel, Corey",2022,R,7,0.4947863667222146
"Hjelle, Sean","Patiño, Luis",2022,R,8,0.5168314606916337
"Hjelle, Sean","Houser, Adrian",2022,R,9,0.5329950340600585
"Hjelle, Sean","Brown, Hunter",2022,R,10,0.5349928206999642
"Hoeing, Bryan","Middleton, Keynan",2022,R,1,0.4048538887958798
"Hoeing, Bryan","Ohtani, Shohei",2022,R,2,0.4374492162452405
"Hoeing, Bryan","Castillo, Max",2022,R,3,0.44445063180652583
"Hoeing, Bryan","Manoah, Alek",2022,R,4,0.45990994153770265
"Hoeing, Bryan","Kopech, Michael",2022,R,5,0.4998966962872733
"Hoeing, Bryan","De los Santos, Yerry",2022,R,6,0.5048995871804505
"Hoeing, Bryan","Leone, Dominic",2022,R,7,0.5339856924394606
"Hoeing, Bryan","Gallen, Zac",2022,R,8,0.5637004966482744
"Hoeing, Bryan","Eflin, Zach",2022,R,9,0.5683177424671086
"Hoeing, Bryan","Pepiot, Ryan",2022,R,10,0.5810851332963328
"Hoffman, Jeff","Gausman, Kevin",2022,R,1,0.15755030574826734
"Hoffman, Jeff","Nogosek, Stephen",2022,R,2,0.1746582582210763
"Hoffman, Jeff","Crowe, Wil",2022,R,3,0.2116985317400464
"Hoffman, Jeff","Bednar, David",2022,R,4,0.30860941745718407
"Hoffman, Jeff","Morris, Cody",2022,R,5,0.342964561879528
"Hoffman, Jeff","Gallen, Zac",2022,R,6,0.3941302202397853
"Hoffman, Jeff","Rasmussen, Drew",2022,R,7,0.4411941368400589
"Hoffman, Jeff","Assad, Javier",2022,R,8,0.44459891058048845
"Hoffman, Jeff","Keller, Mitch",2022,R,9,0.4641900698880324
"Hoffman, Jeff","Fulmer, Michael",2022,R,10,0.47598768489956794
"Holderman, Colin","Hunter, Tommy",2022,R,1,0.23328035651401413
"Holderman, Colin","Trivino III, Lou",2022,R,2,0.33236396145926134
"Holderman, Colin","Severino, Luis",2022,R,3,0.35821153451119925
"Holderman, Colin","López, Reynaldo",2022,R,4,0.36234956297068993
"Holderman, Colin","Neris, Héctor",2022,R,5,0.4426893001765331
"Holderman, Colin","Rasmussen, Drew",2022,R,6,0.4677890442123762
"Holderman, Colin","Cabrera, Edward",2022,R,7,0.47616924653835074
"Holderman, Colin","Winckowski, Josh",2022,R,8,0.4881143230514009
"Holderman, Colin","Knebel, Corey",2022,R,9,0.49377722043992545
"Holderman, Colin","Abreu, Bryan",2022,R,10,0.49629383066156596
"Holmes, Clay","Stanek, Ryne",2022,R,1,0.38650798070158254
"Holmes, Clay","Harvey, Hunter",2022,R,2,0.8002313775429579
"Holmes, Clay","Familia, Jeurys",2022,R,3,0.834153049671688
"Holmes, Clay","Duran, Jhoan",2022,R,4,0.8468173155807185
"Holmes, Clay","Frías, Luis",2022,R,5,0.919052157297279
"Holmes, Clay","Alcantara, Sandy",2022,R,6,0.924714062251629
"Holmes, Clay","Graterol, Brusdar",2022,R,7,1.0086126413928038
"Holmes, Clay","Sborz, Josh",2022,R,8,1.0634605217017241
"Holmes, Clay","Ruiz, José",2022,R,9,1.1375696208676798
"Holmes, Clay","Bard, Daniel",2022,R,10,1.1885794986831981
"Houck, Tanner","Iglesias, Raisel",2022,R,1,0.538817076074808
"Houck, Tanner","Lynn, Lance",2022,R,2,0.5713298779523672
"Houck, Tanner","King, Michael",2022,R,3,0.5947789525903159
"Houck, Tanner","Poppen, Sean",2022,R,4,0.6331983856766529
"Houck, Tanner","Ramírez, Erasmo",2022,R,5,0.6469289544228166
"Houck, Tanner","Phillips, Evan",2022,R,6,0.6683167917454633
"Houck, Tanner","Warren, Austin",2022,R,7,0.7046508316059381
"Houck, Tanner","Brash, Matt",2022,R,8,0.7048255234987247
"Houck, Tanner","Snider, Collin",2022,R,9,0.706102690144092
"Houck, Tanner","Santillan, Tony",2022,R,10,0.7203614392719038
"Houser, Adrian","Hernández, Carlos",2022,R,1,0.2276794698126449
"Houser, Adrian","Baz, Shane",2022,R,2,0.3030970718066198
"Houser, Adrian","Taillon, Jameson",2022,R,3,0.34117924683688056
"Houser, Adrian","Knebel, Corey",2022,R,4,0.3428243535233059
"Houser, Adrian","Winckowski, Josh",2022,R,5,0.3930107154565382
"Houser, Adrian","Kirby, George",2022,R,6,0.4167301279400865
"Houser, Adrian","Nelson, Ryne",2022,R,7,0.43622420074020873
"Houser, Adrian","Wick, Rowan",2022,R,8,0.4445170360911103
"Houser, Adrian","Rasmussen, Drew",2022,R,9,0.48739945277731694
"Houser, Adrian","Green, Chad",2022,R,10,0.5086472387709601
"Howard, Spencer","Martin, Davis",2022,R,1,0.1787422283843956
"Howard, Spencer","Richards, Trevor",2022,R,2,0.2523844541143343
"Howard, Spencer","Sulser, Beau",2022,R,3,0.2827951403823165
"Howard, Spencer","Rodríguez, Elvin",2022,R,4,0.28539189086537575
"Howard, Spencer","Bolaños, Ronald",2022,R,5,0.33170997843319994
"Howard, Spencer","Hudson, Dakota",2022,R,6,0.4447781112291471
"Howard, Spencer","Bradley, Archie",2022,R,7,0.4694821059251595
"Howard, Spencer","Grove, Michael",2022,R,8,0.48903955532570276
"Howard, Spencer","Adam, Jason",2022,R,9,0.4945009118475119
"Howard, Spencer","Morris, Cody",2022,R,10,0.5189609113781604
"Hudson, Dakota","White, Mitch",2022,R,1,0.13722288589299686
"Hudson, Dakota","Keller, Mitch",2022,R,2,0.3738270286149983
"Hudson, Dakota","Morris, Cody",2022,R,3,0.38276638730512746
"Hudson, Dakota","Heasley, Jonathan",2022,R,4,0.39391487262227043
"Hudson, Dakota","Howard, Spencer",2022,R,5,0.4447781112291471
"Hudson, Dakota","Crawford, Kutter",2022,R,6,0.4462389719977452
"Hudson, Dakota","Martin, Davis",2022,R,7,0.44677485674740197
"Hudson, Dakota","Wantz, Andrew",2022,R,8,0.4610931390585559
"Hudson, Dakota","Richards, Trevor",2022,R,9,0.4818416200688454
"Hudson, Dakota","Nogosek, Stephen",2022,R,10,0.4911470746142542
"Hudson, Daniel","Pop, Zach",2022,R,1,0.3710083592420692
"Hudson, Daniel","Bello, Brayan",2022,R,2,0.6052738331725549
"Hudson, Daniel","Muñoz, Andrés",2022,R,3,0.6244902076877633
"Hudson, Daniel","Foley, Jason",2022,R,4,0.660047152794023
"Hudson, Daniel","May, Dustin",2022,R,5,0.6614904632066203
"Hudson, Daniel","Ortiz, Luis",2022,R,6,0.6702296872753091
"Hudson, Daniel","Chargois, JT",2022,R,7,0.6872262962801035
"Hudson, Daniel","Ort, Kaleb",2022,R,8,0.725106110623219
"Hudson, Daniel","Peguero, Elvis",2022,R,9,0.7267041493185864
"Hudson, Daniel","Cole, Gerrit",2022,R,10,0.7272550829287691
"Hunter, Tommy","Holderman, Colin",2022,R,1,0.23328035651401413
"Hunter, Tommy","Trivino III, Lou",2022,R,2,0.24258485901001367
"Hunter, Tommy","Neris, Héctor",2022,R,3,0.3597289879518607
"Hunter, Tommy","Severino, Luis",2022,R,4,0.3634127031727006
"Hunter, Tommy","Kowar, Jackson",2022,R,5,0.4249718640768369
"Hunter, Tommy","Cabrera, Edward",2022,R,6,0.4274762651027954
"Hunter, Tommy","Keller, Mitch",2022,R,7,0.4465539946177785
"Hunter, Tommy","Rasmussen, Drew",2022,R,8,0.4886934574007718
"Hunter, Tommy","Adon, Joan",2022,R,9,0.5194238921595884
"Hunter, Tommy","Winckowski, Josh",2022,R,10,0.5242674620919517
"Hutchison, Drew","Kaprielian, James",2022,R,1,0.20664452466775562
"Hutchison, Drew","Jefferies, Daulton",2022,R,2,0.2914189035749515
"Hutchison, Drew","Senzatela, Antonio",2022,R,3,0.42543283569833273
"Hutchison, Drew","Richards, Garrett",2022,R,4,0.5599625947534426
"Hutchison, Drew","Crawford, Kutter",2022,R,5,0.5907709505955859
"Hutchison, Drew","Payamps, Joel",2022,R,6,0.597017651519271
"Hutchison, Drew","Weiss, Zack",2022,R,7,0.6085984873721547
"Hutchison, Drew","Silseth, Chase",2022,R,8,0.6148026801072548
"Hutchison, Drew","Wantz, Andrew",2022,R,9,0.6247633344812131
"Hutchison, Drew","González, Chi Chi",2022,R,10,0.6496385504731061
"Iglesias, Raisel","Poppen, Sean",2022,R,1,0.339578416606346
"Iglesias, Raisel","Kelly, Merrill",2022,R,2,0.3966080435939537
"Iglesias, Raisel","Gsellman, Robert",2022,R,3,0.48571445728767354
"Iglesias, Raisel","Warren, Austin",2022,R,4,0.49179783373367986
"Iglesias, Raisel","De Los Santos, Enyel",2022,R,5,0.5077532069692061
"Iglesias, Raisel","Houck, Tanner",2022,R,6,0.538817076074808
"Iglesias, Raisel","King, Michael",2022,R,7,0.5460989109091209
"Iglesias, Raisel","Bush, Matt",2022,R,8,0.5521541618731629
"Iglesias, Raisel","Rucker, Michael",2022,R,9,0.5952016642905558
"Iglesias, Raisel","Cisnero, José",2022,R,10,0.6116542712040213
"Jackson, Zach","Kinley, Tyler",2022,R,1,1.3691817276998
"Jackson, Zach","Lemoine, Jake",2022,R,2,1.3713546127237164
"Jackson, Zach","Bielak, Brandon",2022,R,3,1.4971721793195887
"Jackson, Zach","Gallegos, Giovanny",2022,R,4,1.5891047012356452
"Jackson, Zach","Peralta, Wily",2022,R,5,1.7067341610237834
"Jackson, Zach","Phelps, David",2022,R,6,1.8071340616269673
"Jackson, Zach","Leclerc, José",2022,R,7,1.8340291284795078
"Jackson, Zach","Winder, Josh",2022,R,8,1.8366781459231105
"Jackson, Zach","Faucher, Calvin",2022,R,9,1.8702224099926443
"Jackson, Zach","Feyereisen, J.P.",2022,R,10,1.9691684594025132
"Jameson, Drey","Weaver, Luke",2022,R,1,0.36378980625590823
"Jameson, Drey","Cano, Yennier",2022,R,2,0.4065729369721252
"Jameson, Drey","Brazobán, Huascar",2022,R,3,0.4516691742887748
"Jameson, Drey","Cobb, Alex",2022,R,4,0.47544057659521116
"Jameson, Drey","Kelly, Joe",2022,R,5,0.4982733117817799
"Jameson, Drey","Gustave, Jandel",2022,R,6,0.5307273714852178
"Jameson, Drey","Bird, Jake",2022,R,7,0.6032038084650341
"Jameson, Drey","Smith, Drew",2022,R,8,0.6072598167556927
"Jameson, Drey","Santana, Dennis",2022,R,9,0.6723021419466104
"Jameson, Drey","Santillan, Tony",2022,R,10,0.7114802199374398
"Jansen, Kenley","Edwards Jr., Carl",2022,R,1,0.7366803522006482
"Jansen, Kenley","Ginkel, Kevin",2022,R,2,0.8701388209338003
"Jansen, Kenley","Anderson, Ian",2022,R,3,0.955725458465596
"Jansen, Kenley","Cyr, Tyler",2022,R,4,0.9617808178107132
"Jansen, Kenley","Staumont, Josh",2022,R,5,1.007953275144061
"Jansen, Kenley","Megill, Trevor",2022,R,6,1.0555639341788174
"Jansen, Kenley","Swanson, Erik",2022,R,7,1.1113650153522028
"Jansen, Kenley","Baker, Bryan",2022,R,8,1.1202252746839685
"Jansen, Kenley","Bradish, Kyle",2022,R,9,1.127858558240577
"Jansen, Kenley","Hjelle, Sean",2022,R,10,1.1431305239467722
"Javier, Cristian","González, Chi Chi",2022,R,1,0.4423845987038515
"Javier, Cristian","Schmidt, Clarke",2022,R,2,0.46334539832993316
"Javier, Cristian","Lugo, Seth",2022,R,3,0.48094507738058834
"Javier, Cristian","Lorenzen, Michael",2022,R,4,0.5197610298562797
"Javier, Cristian","Mayers, Mike",2022,R,5,0.52818795008483
"Javier, Cristian","Thornton, Trent",2022,R,6,0.5344772010898138
"Javier, Cristian","Brigham, Jeff",2022,R,7,0.5679824040121867
"Javier, Cristian","Krehbiel, Joey",2022,R,8,0.5805579143929752
"Javier, Cristian","Bazardo, Eduard",2022,R,9,0.5925893715847047
"Javier, Cristian","Lakins, Travis",2022,R,10,0.5973112258314383
"Jax, Griffin","Schmidt, Clarke",2022,R,1,0.44812230168391703
"Jax, Griffin","Lugo, Seth",2022,R,2,0.4575104634221606
"Jax, Griffin","Barlow, Joe",2022,R,3,0.5050894407655004
"Jax, Griffin","Bellatti, Andrew",2022,R,4,0.5604297081127739
"Jax, Griffin","Farmer, Buck",2022,R,5,0.5838323174527466
"Jax, Griffin","Lorenzen, Michael",2022,R,6,0.5961916350106187
"Jax, Griffin","Lakins, Travis",2022,R,7,0.6115786641035086
"Jax, Griffin","Poteet, Cody",2022,R,8,0.6459858274970697
"Jax, Griffin","Silseth, Chase",2022,R,9,0.6464785311665987
"Jax, Griffin","Stephenson, Robert",2022,R,10,0.652290523320833
"Jefferies, Daulton","Hutchison, Drew",2022,R,1,0.2914189035749515
"Jefferies, Daulton","Kaprielian, James",2022,R,2,0.3663992544564196
"Jefferies, Daulton","Payamps, Joel",2022,R,3,0.4811806606415603
"Jefferies, Daulton","González, Chi Chi",2022,R,4,0.5476210934357129
"Jefferies, Daulton","Silseth, Chase",2022,R,5,0.6028608265514653
"Jefferies, Daulton","Richards, Garrett",2022,R,6,0.6165822763212322
"Jefferies, Daulton","Lakins, Travis",2022,R,7,0.6473692220073588
"Jefferies, Daulton","Weiss, Zack",2022,R,8,0.6568787776779198
"Jefferies, Daulton","Medina, Adonis",2022,R,9,0.6662428072457817
"Jefferies, Daulton","Senzatela, Antonio",2022,R,10,0.6664643979695222
"Jiménez, Dany","De Jong, Chase",2022,R,1,0.6080901608544892
"Jiménez, Dany","Feyereisen, J.P.",2022,R,2,0.7201399503458267
"Jiménez, Dany","Elder, Bryce",2022,R,3,0.7346302997694393
"Jiménez, Dany","Civale, Aaron",2022,R,4,0.7403067680143255
"Jiménez, Dany","Gonsolin, Tony",2022,R,5,0.7899994228797738
"Jiménez, Dany","Chacín, Jhoulys",2022,R,6,0.8278914658849016
"Jiménez, Dany","Winder, Josh",2022,R,7,0.8399685846513786
"Jiménez, Dany","Stephens, Jackson",2022,R,8,0.8520001356908466
"Jiménez, Dany","Devenski, Chris",2022,R,9,0.8905962047659424
"Jiménez, Dany","Stashak, Cody",2022,R,10,0.9223792444778639
"Jiménez, Joe","Gil, Luis",2022,R,1,0.357176815618341
"Jiménez, Joe","Barnes, Jacob",2022,R,2,0.3662446214284727
"Jiménez, Joe","Thompson, Mason",2022,R,3,0.46630546402143025
"Jiménez, Joe","Kuhnel, Joel",2022,R,4,0.5149088148398513
"Jiménez, Joe","Coleman, Dylan",2022,R,5,0.5424574609324745
"Jiménez, Joe","Pepiot, Ryan",2022,R,6,0.5527606673333836
"Jiménez, Joe","Kahnle, Tommy",2022,R,7,0.5708836447229018
"Jiménez, Joe","Stephan, Trevor",2022,R,8,0.5762290529679817
"Jiménez, Joe","De los Santos, Yerry",2022,R,9,0.5973976009534144
"Jiménez, Joe","Brasier, Ryan",2022,R,10,0.6176959461607554
"Johnson, Pierce","Lambert, Jimmy",2022,R,1,0.4568241824722955
"Johnson, Pierce","Brubaker, JT",2022,R,2,0.49618633679125623
"Johnson, Pierce","Martinez, Nick",2022,R,3,0.5211433778639392
"Johnson, Pierce","Stephens, Jackson",2022,R,4,0.5333617114936048
"Johnson, Pierce","Cessa, Luis",2022,R,5,0.5597304977972192
"Johnson, Pierce","Anderson, Chase",2022,R,6,0.6204083895234993
"Johnson, Pierce","Brieske, Beau",2022,R,7,0.6767394039784759
"Johnson, Pierce","Urquidy, José",2022,R,8,0.6866418630180611
"Johnson, Pierce","Chacín, Jhoulys",2022,R,9,0.6954666620525374
"Johnson, Pierce","Poteet, Cody",2022,R,10,0.7071858163974076
"Junis, Jakob","Anderson, Chase",2022,R,1,0.5796919431652418
"Junis, Jakob","Martinez, Nick",2022,R,2,0.599336287089517
"Junis, Jakob","Stashak, Cody",2022,R,3,0.6015577419894805
"Junis, Jakob","Johnson, Pierce",2022,R,4,0.7274948572539481
"Junis, Jakob","Overton, Connor",2022,R,5,0.7514586924920222
"Junis, Jakob","Davies, Zach",2022,R,6,0.77095707336174
"Junis, Jakob","De Jong, Chase",2022,R,7,0.8375013498941688
"Junis, Jakob","Cueto, Johnny",2022,R,8,0.8440278265852124
"Junis, Jakob","Javier, Cristian",2022,R,9,0.878429391022607
"Junis, Jakob","Lambert, Jimmy",2022,R,10,0.8795430508313997
"Kahnle, Tommy","Stephan, Trevor",2022,R,1,0.11718642914851486
"Kahnle, Tommy","Kirby, George",2022,R,2,0.25033534318429745
"Kahnle, Tommy","Coleman, Dylan",2022,R,3,0.25369862316958025
"Kahnle, Tommy","De los Santos, Yerry",2022,R,4,0.3271964901085991
"Kahnle, Tommy","Barnes, Jacob",2022,R,5,0.3353385941735802
"Kahnle, Tommy","Pallante, Andre",2022,R,6,0.35962832934635086
"Kahnle, Tommy","Brasier, Ryan",2022,R,7,0.3992683918400092
"Kahnle, Tommy","Woodruff, Brandon",2022,R,8,0.4230300493050375
"Kahnle, Tommy","Leone, Dominic",2022,R,9,0.4368222316724333
"Kahnle, Tommy","Pepiot, Ryan",2022,R,10,0.468519259496121
"Kaprielian, James","Hutchison, Drew",2022,R,1,0.20664452466775562
"Kaprielian, James","Jefferies, Daulton",2022,R,2,0.3663992544564196
"Kaprielian, James","Crawford, Kutter",2022,R,3,0.46661724471802457
"Kaprielian, James","Weiss, Zack",2022,R,4,0.49394884065919387
"Kaprielian, James","Senzatela, Antonio",2022,R,5,0.503948274069241
"Kaprielian, James","Wantz, Andrew",2022,R,6,0.5194418693337863
"Kaprielian, James","González, Chi Chi",2022,R,7,0.5753695073105675
"Kaprielian, James","Richards, Garrett",2022,R,8,0.598358211859374
"Kaprielian, James","Payamps, Joel",2022,R,9,0.617186177948107
"Kaprielian, James","Arano, Víctor",2022,R,10,0.6342543163964017
"Karinchak, James","Steckenrider, Drew",2022,R,1,0.9961478408553156
"Karinchak, James","Peralta, Wily",2022,R,2,1.0235783284332385
"Karinchak, James","VerHagen, Drew",2022,R,3,1.031734170641516
"Karinchak, James","Feyereisen, J.P.",2022,R,4,1.072905640122615
"Karinchak, James","Sborz, Josh",2022,R,5,1.0958465929001133
"Karinchak, James","Devenski, Chris",2022,R,6,1.1006560596238708
"Karinchak, James","Verlander, Justin",2022,R,7,1.1270766279608047
"Karinchak, James","Cease, Dylan",2022,R,8,1.162517445222456
"Karinchak, James","Gallegos, Giovanny",2022,R,9,1.1799120699211914
"Karinchak, James","Keller, Brad",2022,R,10,1.205412765448761
"Keller, Brad","Steckenrider, Drew",2022,R,1,0.3301971114057764
"Keller, Brad","Ruiz, José",2022,R,2,0.37251560378775406
"Keller, Brad","Lamet, Dinelson",2022,R,3,0.3962589850275884
"Keller, Brad","Sborz, Josh",2022,R,4,0.3975359456318995
"Keller, Brad","Montas, Frankie",2022,R,5,0.4707415997595262
"Keller, Brad","Cease, Dylan",2022,R,6,0.4792792588875991
"Keller, Brad","Colomé, Alex",2022,R,7,0.5606150824191687
"Keller, Brad","Ortega, Oliver",2022,R,8,0.5749707540314755
"Keller, Brad","Senzatela, Antonio",2022,R,9,0.6096424932769859
"Keller, Brad","Espinoza, Anderson",2022,R,10,0.6291013913283916
"Keller, Mitch","Trivino III, Lou",2022,R,1,0.2843462509086863
"Keller, Mitch","Morris, Cody",2022,R,2,0.2943506258487103
"Keller, Mitch","Kowar, Jackson",2022,R,3,0.29725286611003704
"Keller, Mitch","Nogosek, Stephen",2022,R,4,0.2992090901163922
"Keller, Mitch","Arano, Víctor",2022,R,5,0.3613228028821398
"Keller, Mitch","Hudson, Dakota",2022,R,6,0.3738270286149983
"Keller, Mitch","Gausman, Kevin",2022,R,7,0.3802402895858434
"Keller, Mitch","Bass, Anthony",2022,R,8,0.42000114795262555
"Keller, Mitch","White, Mitch",2022,R,9,0.42581718988406486
"Keller, Mitch","Rasmussen, Drew",2022,R,10,0.4281905817996522
"Kelley, Trevor","Thompson, Ryan",2022,R,1,0.694330574256101
"Kelley, Trevor","Mills, Wyatt",2022,R,2,0.7479246981029678
"Kelley, Trevor","Cuas, Jose",2022,R,3,1.4764097039251014
"Kelley, Trevor","Schreiber, John",2022,R,4,1.6156296653107616
"Kelley, Trevor","Murfee, Penn",2022,R,5,1.6393619860584967
"Kelley, Trevor","O'Day, Darren",2022,R,6,1.6622994484641263
"Kelley, Trevor","Sandlin, Nick",2022,R,7,1.6649562576272636
"Kelley, Trevor","Smith, Joe",2022,R,8,1.7310516201797452
"Kelley, Trevor","Effross, Scott",2022,R,9,1.894572967927737
"Kelley, Trevor","Sewald, Paul",2022,R,10,1.9659173857365055
"Kelly, Joe","Gustave, Jandel",2022,R,1,0.2205219043401015
"Kelly, Joe","Cano, Yennier",2022,R,2,0.4494386570177076
"Kelly, Joe","Jameson, Drey",2022,R,3,0.4982733117817799
"Kelly, Joe","Weaver, Luke",2022,R,4,0.4997794026073877
"Kelly, Joe","Smith, Chad",2022,R,5,0.5219266544941104
"Kelly, Joe","Santillan, Tony",2022,R,6,0.5247006682825266
"Kelly, Joe","De Los Santos, Enyel",2022,R,7,0.5368925484886128
"Kelly, Joe","Cobb, Alex",2022,R,8,0.5962881766719622
"Kelly, Joe","Bird, Jake",2022,R,9,0.6003003901314259
"Kelly, Joe","Bender, Anthony",2022,R,10,0.6114813193943844
"Kelly, Merrill","Rucker, Michael",2022,R,1,0.2845922203116393
"Kelly, Merrill","Gsellman, Robert",2022,R,2,0.3876126994168698
"Kelly, Merrill","Iglesias, Raisel",2022,R,3,0.3966080435939537
"Kelly, Merrill","Mayers, Mike",2022,R,4,0.4452604646621471
"Kelly, Merrill","Thompson, Keegan",2022,R,5,0.47095421526429465
"Kelly, Merrill","De Los Santos, Enyel",2022,R,6,0.4893276625886776
"Kelly, Merrill","Bush, Matt",2022,R,7,0.5305619224133128
"Kelly, Merrill","Oller, Adam",2022,R,8,0.5348732196812874
"Kelly, Merrill","Schmidt, Clarke",2022,R,9,0.5510791331074555
"Kelly, Merrill","Martin, Corbin",2022,R,10,0.5586109784925731
"Kelly, Zack","Stammen, Craig",2022,R,1,0.4221278634265135
"Kelly, Zack","Robertson, David",2022,R,2,0.43639895351642677
"Kelly, Zack","Eovaldi, Nathan",2022,R,3,0.47272420206929305
"Kelly, Zack","Eflin, Zach",2022,R,4,0.4898831163396242
"Kelly, Zack","Castro, Anthony",2022,R,5,0.49036350291359415
"Kelly, Zack","Ottavino, Adam",2022,R,6,0.5081382075240906
"Kelly, Zack","Darvish, Yu",2022,R,7,0.5123673109767134
"Kelly, Zack","Wesneski, Hayden",2022,R,8,0.5937467055787802
"Kelly, Zack","Cousins, Jake",2022,R,9,0.6066205519612969
"Kelly, Zack","Woodford, Jake",2022,R,10,0.6167752532437735
"Kennedy, Ian","Pagán, Emilio",2022,R,1,0.40258778928244576
"Kennedy, Ian","Singer, Brady",2022,R,2,0.5011029354301654
"Kennedy, Ian","Gray, Jon",2022,R,3,0.5992299765060846
"Kennedy, Ian","Brasier, Ryan",2022,R,4,0.62590278844819
"Kennedy, Ian","Kahnle, Tommy",2022,R,5,0.6350491171489787
"Kennedy, Ian","Wright, Kyle",2022,R,6,0.6644453670357183
"Kennedy, Ian","Stephan, Trevor",2022,R,7,0.6819898507525685
"Kennedy, Ian","Buehler, Walker",2022,R,8,0.6872627879900386
"Kennedy, Ian","Pepiot, Ryan",2022,R,9,0.6889884929313272
"Kennedy, Ian","Bello, Brayan",2022,R,10,0.690143122992951
"Kilian, Caleb","May, Trevor",2022,R,1,0.218046495959847
"Kilian, Caleb","Gibaut, Ian",2022,R,2,0.3052783622491603
"Kilian, Caleb","Brasier, Ryan",2022,R,3,0.556618567433997
"Kilian, Caleb","Pepiot, Ryan",2022,R,4,0.6273072448834064
"Kilian, Caleb","Barnes, Jacob",2022,R,5,0.6402343315432846
"Kilian, Caleb","Reid-Foley, Sean",2022,R,6,0.646198031458624
"Kilian, Caleb","Pagán, Emilio",2022,R,7,0.7081956709413287
"Kilian, Caleb","Tetreault, Jackson",2022,R,8,0.7182616634266725
"Kilian, Caleb","Whitlock, Garrett",2022,R,9,0.7265340179927819
"Kilian, Caleb","López, Pablo",2022,R,10,0.7832307989072151
"Kimbrel, Craig","Castro, Miguel",2022,R,1,0.6622758852991981
"Kimbrel, Craig","Ramírez, Yohan",2022,R,2,0.9302386833326538
"Kimbrel, Craig","May, Dustin",2022,R,3,0.9746371432740357
"Kimbrel, Craig","Bickford, Phil",2022,R,4,0.9950071443501887
"Kimbrel, Craig","Uelmen, Erich",2022,R,5,1.018368685116781
"Kimbrel, Craig","Widener, Taylor",2022,R,6,1.0721867194655343
"Kimbrel, Craig","Muñoz, Andrés",2022,R,7,1.1423712166402715
"Kimbrel, Craig","Doval, Camilo",2022,R,8,1.24877958785407
"Kimbrel, Craig","Valdez, Phillips",2022,R,9,1.2653126807299173
"Kimbrel, Craig","Machado, Andrés",2022,R,10,1.3661693706469313
"King, Michael","Wendelken, J.B.",2022,R,1,0.4344303351781899
"King, Michael","Beasley, Jeremy",2022,R,2,0.44892485924773484
"King, Michael","Martin, Corbin",2022,R,3,0.45449740179728004
"King, Michael","Vest, Will",2022,R,4,0.46656882767308333
"King, Michael","Gsellman, Robert",2022,R,5,0.49671882557661845
"King, Michael","Phillips, Evan",2022,R,6,0.5029202235830382
"King, Michael","Bello, Brayan",2022,R,7,0.5258520402616607
"King, Michael","Lynn, Lance",2022,R,8,0.5295322625773323
"King, Michael","Iglesias, Raisel",2022,R,9,0.5460989109091209
"King, Michael","Nelson, Nick",2022,R,10,0.5490318706278108
"Kinley, Tyler","Lemoine, Jake",2022,R,1,0.820773741638202
"Kinley, Tyler","Ashcraft, Graham",2022,R,2,0.9773070439109611
"Kinley, Tyler","Familia, Jeurys",2022,R,3,1.0094992692748466
"Kinley, Tyler","Faucher, Calvin",2022,R,4,1.0349171529235663
"Kinley, Tyler","Ruiz, José",2022,R,5,1.1034462026750156
"Kinley, Tyler","Sborz, Josh",2022,R,6,1.1175510107018256
"Kinley, Tyler","Gallegos, Giovanny",2022,R,7,1.1314633836075563
"Kinley, Tyler","Peralta, Wily",2022,R,8,1.1656415208619644
"Kinley, Tyler","Keller, Brad",2022,R,9,1.1753540571811845
"Kinley, Tyler","Karinchak, James",2022,R,10,1.266888996653106
"Kirby, George","Kahnle, Tommy",2022,R,1,0.25033534318429745
"Kirby, George","Stephan, Trevor",2022,R,2,0.33854333343215126
"Kirby, George","Pallante, Andre",2022,R,3,0.34494558717664925
"Kirby, George","Brasier, Ryan",2022,R,4,0.3570443246270341
"Kirby, George","Baz, Shane",2022,R,5,0.36319462065945
"Kirby, George","De los Santos, Yerry",2022,R,6,0.36764354333202054
"Kirby, George","Wick, Rowan",2022,R,7,0.38072742692880873
"Kirby, George","Houser, Adrian",2022,R,8,0.4167301279400865
"Kirby, George","Woodruff, Brandon",2022,R,9,0.41893878253066147
"Kirby, George","Barnes, Jacob",2022,R,10,0.42101965852344325
"Kittredge, Andrew","Brown, Hunter",2022,R,1,0.42098307706619437
"Kittredge, Andrew","Woodruff, Brandon",2022,R,2,0.4598009221255966
"Kittredge, Andrew","Weems, Jordan",2022,R,3,0.4928831440354706
"Kittredge, Andrew","Burnes, Corbin",2022,R,4,0.5079707989998705
"Kittredge, Andrew","Merryweather, Julian",2022,R,5,0.5309257968401723
"Kittredge, Andrew","Norwood, James",2022,R,6,0.5354222958271444
"Kittredge, Andrew","Holderman, Colin",2022,R,7,0.5400019115495797
"Kittredge, Andrew","López, Reynaldo",2022,R,8,0.5707723574524992
"Kittredge, Andrew","Severino, Luis",2022,R,9,0.6490045286447081
"Kittredge, Andrew","Rodríguez, Manuel",2022,R,10,0.6568972206802685
"Kluber, Corey","McHugh, Collin",2022,R,1,0.6339900832730853
"Kluber, Corey","Dunning, Dane",2022,R,2,0.6924566685702409
"Kluber, Corey","Hernández, Elieser",2022,R,3,0.6978162661097171
"Kluber, Corey","Crick, Kyle",2022,R,4,0.7529658368571172
"Kluber, Corey","Gutierrez, Vladimir",2022,R,5,0.7607702114935876
"Kluber, Corey","Gray, Sonny",2022,R,6,0.8243808136153857
"Kluber, Corey","Bassitt, Chris",2022,R,7,0.8375389299488191
"Kluber, Corey","Festa, Matt",2022,R,8,0.9064050827591903
"Kluber, Corey","Castellanos, Humberto",2022,R,9,0.9297691489804317
"Kluber, Corey","Hill, Garrett",2022,R,10,0.9436750637035168
"Knebel, Corey","Winckowski, Josh",2022,R,1,0.06299961870333363
"Knebel, Corey","Rasmussen, Drew",2022,R,2,0.14834662067707374
"Knebel, Corey","Baz, Shane",2022,R,3,0.25132829131711826
"Knebel, Corey","Taillon, Jameson",2022,R,4,0.34080069539817087
"Knebel, Corey","Houser, Adrian",2022,R,5,0.3428243535233059
"Knebel, Corey","Trivino III, Lou",2022,R,6,0.35731261373923456
"Knebel, Corey","Crowe, Wil",2022,R,7,0.39900349310767624
"Knebel, Corey","Pallante, Andre",2022,R,8,0.4098980370137401
"Knebel, Corey","Fulmer, Michael",2022,R,9,0.4145122640335214
"Knebel, Corey","Hernández, Carlos",2022,R,10,0.4155742765879345
"Knehr, Reiss","Velasquez, Vince",2022,R,1,0.16199887536513474
"Knehr, Reiss","DeSclafani, Anthony",2022,R,2,0.19493706920959403
"Knehr, Reiss","Mahle, Tyler",2022,R,3,0.34790227468458756
"Knehr, Reiss","Hembree, Heath",2022,R,4,0.3588662799087611
"Knehr, Reiss","Almonte, Yency",2022,R,5,0.47477012851494976
"Knehr, Reiss","Wilson, Bryse",2022,R,6,0.4844693317219599
"Knehr, Reiss","Wesneski, Hayden",2022,R,7,0.4885081275201238
"Knehr, Reiss","Wright, Kyle",2022,R,8,0.4983994960704862
"Knehr, Reiss","Wilson, Steven",2022,R,9,0.5171877830536679
"Knehr, Reiss","Buehler, Walker",2022,R,10,0.5362504887959221
"Kopech, Michael","Pallante, Andre",2022,R,1,0.20638778457041462
"Kopech, Michael","De los Santos, Yerry",2022,R,2,0.20807682636737176
"Kopech, Michael","Leone, Dominic",2022,R,3,0.2099631668671252
"Kopech, Michael","Middleton, Keynan",2022,R,4,0.24990828928917866
"Kopech, Michael","Manoah, Alek",2022,R,5,0.32004352492317245
"Kopech, Michael","Wick, Rowan",2022,R,6,0.3625501041424159
"Kopech, Michael","Almonte, Yency",2022,R,7,0.4121416065359131
"Kopech, Michael","Baz, Shane",2022,R,8,0.4230176201206912
"Kopech, Michael","Crowe, Wil",2022,R,9,0.4289375823559064
"Kopech, Michael","Patiño, Luis",2022,R,10,0.4305491871304054
"Kowar, Jackson","Keller, Mitch",2022,R,1,0.29725286611003704
"Kowar, Jackson","Trivino III, Lou",2022,R,2,0.3334137205322342
"Kowar, Jackson","Arano, Víctor",2022,R,3,0.3350587748620183
"Kowar, Jackson","Ruiz, Norge",2022,R,4,0.3907719192275704
"Kowar, Jackson","Thompson, Keegan",2022,R,5,0.3920595706959651
"Kowar, Jackson","Sánchez, Miguel",2022,R,6,0.3965800555278709
"Kowar, Jackson","Neris, Héctor",2022,R,7,0.4236023045292602
"Kowar, Jackson","Hunter, Tommy",2022,R,8,0.4249718640768369
"Kowar, Jackson","Foster, Matt",2022,R,9,0.42838094432219564
"Kowar, Jackson","Perdomo, Luis",2022,R,10,0.4345450639284725
"Krehbiel, Joey","Thornburg, Tyler",2022,R,1,0.33951338590010116
"Krehbiel, Joey","Carrasco, Carlos",2022,R,2,0.4152884615003441
"Krehbiel, Joey","Ruiz, Norge",2022,R,3,0.47114818368166056
"Krehbiel, Joey","Oller, Adam",2022,R,4,0.4959687174446624
"Krehbiel, Joey","Gillaspie, Logan",2022,R,5,0.504608192532891
"Krehbiel, Joey","Mayers, Mike",2022,R,6,0.5092617183826362
"Krehbiel, Joey","Thornton, Trent",2022,R,7,0.5425520125581954
"Krehbiel, Joey","Tepera, Ryan",2022,R,8,0.5574957161578726
"Krehbiel, Joey","Odorizzi, Jake",2022,R,9,0.5643772262159101
"Krehbiel, Joey","Martinez, Adrián",2022,R,10,0.5714798513265
"Kremer, Dean","Duffey, Tyler",2022,R,1,0.36802198270898157
"Kremer, Dean","Warren, Art",2022,R,2,0.4232013923150592
"Kremer, Dean","Voth, Austin",2022,R,3,0.4667637151532721
"Kremer, Dean","Abbott, Cory",2022,R,4,0.5184707466244469
"Kremer, Dean","Tepera, Ryan",2022,R,5,0.5260258394993084
"Kremer, Dean","Blackburn, Paul",2022,R,6,0.5341456082704368
"Kremer, Dean","Kuhl, Chad",2022,R,7,0.5482456368564131
"Kremer, Dean","Thornburg, Tyler",2022,R,8,0.5800601795105383
"Kremer, Dean","Heasley, Jonathan",2022,R,9,0.6057397294319239
"Kremer, Dean","Hudson, Dakota",2022,R,10,0.6151616787737778
"Kuhl, Chad","Tepera, Ryan",2022,R,1,0.28224876510239094
"Kuhl, Chad","Warren, Art",2022,R,2,0.28989968416467066
"Kuhl, Chad","Llovera, Mauricio",2022,R,3,0.37537916101061436
"Kuhl, Chad","Martinez, Adrián",2022,R,4,0.4312311570980115
"Kuhl, Chad","Sampson, Adrian",2022,R,5,0.4557817407326348
"Kuhl, Chad","Alexander, Jason",2022,R,6,0.49420575465736816
"Kuhl, Chad","Abbott, Cory",2022,R,7,0.5006752760686618
"Kuhl, Chad","Lange, Alex",2022,R,8,0.5032658992553827
"Kuhl, Chad","Woodford, Jake",2022,R,9,0.5116100563243452
"Kuhl, Chad","Oller, Adam",2022,R,10,0.5151348301704195
"Kuhnel, Joel","Gil, Luis",2022,R,1,0.4045057194682923
"Kuhnel, Joel","Jiménez, Joe",2022,R,2,0.5149088148398513
"Kuhnel, Joel","Marte, José",2022,R,3,0.6332609981012267
"Kuhnel, Joel","Thompson, Mason",2022,R,4,0.6475785889988845
"Kuhnel, Joel","Hendriks, Liam",2022,R,5,0.7617623128571304
"Kuhnel, Joel","Tetreault, Jackson",2022,R,6,0.7633056033348409
"Kuhnel, Joel","Barnes, Jacob",2022,R,7,0.7733604900239077
"Kuhnel, Joel","Gibaut, Ian",2022,R,8,0.8143160784615984
"Kuhnel, Joel","García, Luis",2022,R,9,0.835477853339298
"Kuhnel, Joel","Hoeing, Bryan",2022,R,10,0.861765607882028
"Lakins, Travis","Silseth, Chase",2022,R,1,0.11259370954191066
"Lakins, Travis","Poteet, Cody",2022,R,2,0.3363558363711315
"Lakins, Travis","Farmer, Buck",2022,R,3,0.38814863307647884
"Lakins, Travis","Payamps, Joel",2022,R,4,0.41790725213472263
"Lakins, Travis","González, Chi Chi",2022,R,5,0.44369358979838586
"Lakins, Travis","Brieske, Beau",2022,R,6,0.4950005959599387
"Lakins, Travis","Stephenson, Robert",2022,R,7,0.5099032078091076
"Lakins, Travis","Richards, Garrett",2022,R,8,0.5300573007545183
"Lakins, Travis","Ortega, Oliver",2022,R,9,0.5422037564888823
"Lakins, Travis","Lorenzen, Michael",2022,R,10,0.5523696712773063
"Lambert, Jimmy","Stephens, Jackson",2022,R,1,0.2743502823744567
"Lambert, Jimmy","Cessa, Luis",2022,R,2,0.3078083327892718
"Lambert, Jimmy","Brieske, Beau",2022,R,3,0.36711345567014764
"Lambert, Jimmy","Chacín, Jhoulys",2022,R,4,0.4286600575262095
"Lambert, Jimmy","Johnson, Pierce",2022,R,5,0.4568241824722955
"Lambert, Jimmy","Anderson, Chase",2022,R,6,0.5027883546406279
"Lambert, Jimmy","Winder, Josh",2022,R,7,0.5523482885675148
"Lambert, Jimmy","Poteet, Cody",2022,R,8,0.6037275349884811
"Lambert, Jimmy","Pruitt, Austin",2022,R,9,0.6072090994546965
"Lambert, Jimmy","Martinez, Nick",2022,R,10,0.6173480820762881
"Lamet, Dinelson","Ortega, Oliver",2022,R,1,0.2718653547909113
"Lamet, Dinelson","Keller, Brad",2022,R,2,0.3962589850275884
"Lamet, Dinelson","Senzatela, Antonio",2022,R,3,0.45061338605494405
"Lamet, Dinelson","Cease, Dylan",2022,R,4,0.4566619932139859
"Lamet, Dinelson","Poteet, Cody",2022,R,5,0.4608556505903468
"Lamet, Dinelson","Montas, Frankie",2022,R,6,0.46615571347278634
"Lamet, Dinelson","Silseth, Chase",2022,R,7,0.4998431481116757
"Lamet, Dinelson","Espinoza, Anderson",2022,R,8,0.5228450168382168
"Lamet, Dinelson","Steckenrider, Drew",2022,R,9,0.527734405886449
"Lamet, Dinelson","Lakins, Travis",2022,R,10,0.5570477093016016
"Lange, Alex","Sampson, Adrian",2022,R,1,0.23111133398303596
"Lange, Alex","Bednar, David",2022,R,2,0.2965623408875934
"Lange, Alex","Warren, Art",2022,R,3,0.46233131581976755
"Lange, Alex","Gausman, Kevin",2022,R,4,0.4727055093009765
"Lange, Alex","Tepera, Ryan",2022,R,5,0.4900340384374578
"Lange, Alex","Gray, Jon",2022,R,6,0.49107305193243167
"Lange, Alex","Kuhl, Chad",2022,R,7,0.5032658992553827
"Lange, Alex","Wright, Kyle",2022,R,8,0.5171846239607443
"Lange, Alex","Gallen, Zac",2022,R,9,0.5212799244295283
"Lange, Alex","Crowe, Wil",2022,R,10,0.5371638292170111
"Law, Derek","Hjelle, Sean",2022,R,1,0.4557635244026403
"Law, Derek","Bradish, Kyle",2022,R,2,0.4886742178487701
"Law, Derek","Syndergaard, Noah",2022,R,3,0.5108767639530825
"Law, Derek","Taillon, Jameson",2022,R,4,0.5173043636629645
"Law, Derek","Martin, Davis",2022,R,5,0.5431368423177374
"Law, Derek","Swanson, Erik",2022,R,6,0.5551231375105363
"Law, Derek","Quantrill, Cal",2022,R,7,0.592567549476301
"Law, Derek","Wacha, Michael",2022,R,8,0.6000477302910774
"Law, Derek","McKenzie, Triston",2022,R,9,0.6092878100316163
"Law, Derek","Hernández, Carlos",2022,R,10,0.6160242861862264
"Lawrence, Casey","Castellanos, Humberto",2022,R,1,0.4664238186216021
"Lawrence, Casey","Ramirez, Noé",2022,R,2,0.5704462364355325
"Lawrence, Casey","Crick, Kyle",2022,R,3,0.8490429006443945
"Lawrence, Casey","Head, Louis",2022,R,4,0.9176049968077465
"Lawrence, Casey","Dugger, Robert",2022,R,5,0.9441899158386772
"Lawrence, Casey","Kluber, Corey",2022,R,6,0.9453547174894404
"Lawrence, Casey","Garza Jr., Ralph",2022,R,7,1.029593275609706
"Lawrence, Casey","Germán, Domingo",2022,R,8,1.0883199261388588
"Lawrence, Casey","Davies, Zach",2022,R,9,1.0994875321116797
"Lawrence, Casey","Festa, Matt",2022,R,10,1.125073555257848
"Lawrence, Justin","Givens, Mychal",2022,R,1,0.5715910213871449
"Lawrence, Justin","García, Rony",2022,R,2,1.062596134621157
"Lawrence, Justin","Chavez, Jesse",2022,R,3,1.089785111599056
"Lawrence, Justin","Snider, Collin",2022,R,4,1.0929266814732443
"Lawrence, Justin","Uceta, Edwin",2022,R,5,1.1762755221044838
"Lawrence, Justin","Ryan, Joe",2022,R,6,1.2326529389150729
"Lawrence, Justin","Sewald, Paul",2022,R,7,1.313652114871536
"Lawrence, Justin","Festa, Matt",2022,R,8,1.4287949028847873
"Lawrence, Justin","García, Yimi",2022,R,9,1.4355768066067636
"Lawrence, Justin","Strzelecki, Peter",2022,R,10,1.4385282124032204
"Leclerc, José","Bielak, Brandon",2022,R,1,0.5257365890089437
"Leclerc, José","Faucher, Calvin",2022,R,2,0.5778543642473857
"Leclerc, José","Castillo, Diego",2022,R,3,0.6468094846485705
"Leclerc, José","Phelps, David",2022,R,4,0.6691481277060215
"Leclerc, José","Márquez, Germán",2022,R,5,0.6871106618007893
"Leclerc, José","Lemoine, Jake",2022,R,6,0.6983131737146285
"Leclerc, José","Boxberger, Brad",2022,R,7,0.7461502879482848
"Leclerc, José","Brubaker, JT",2022,R,8,0.7717166358994898
"Leclerc, José","Cessa, Luis",2022,R,9,0.9007749315037857
"Leclerc, José","Poteet, Cody",2022,R,10,0.9608773737387232
"Leiter Jr., Mark","Zeuch, T.J.",2022,R,1,0.5782047008871739
"Leiter Jr., Mark","Bieber, Shane",2022,R,2,0.5913214669228831
"Leiter Jr., Mark","Fedde, Erick",2022,R,3,0.6472162376878929
"Leiter Jr., Mark","Dunn, Justin",2022,R,4,0.6583284030871269
"Leiter Jr., Mark","Lyles, Jordan",2022,R,5,0.7797603145148019
"Leiter Jr., Mark","Sulser, Cole",2022,R,6,0.7803851223325877
"Leiter Jr., Mark","Arihara, Kohei",2022,R,7,0.7860992323679966
"Leiter Jr., Mark","Gray, Sonny",2022,R,8,0.7894831655565968
"Leiter Jr., Mark","Stratton, Chris",2022,R,9,0.8400635525479118
"Leiter Jr., Mark","Dunning, Dane",2022,R,10,0.8519498927428419
"Lemoine, Jake","Bielak, Brandon",2022,R,1,0.48875455137953533
"Lemoine, Jake","Faucher, Calvin",2022,R,2,0.5197536447392678
"Lemoine, Jake","Leclerc, José",2022,R,3,0.6983131737146285
"Lemoine, Jake","Peralta, Wily",2022,R,4,0.7311855604124793
"Lemoine, Jake","Winder, Josh",2022,R,5,0.7808252551347983
"Lemoine, Jake","Kinley, Tyler",2022,R,6,0.820773741638202
"Lemoine, Jake","Brubaker, JT",2022,R,7,0.9548380973505415
"Lemoine, Jake","Cessa, Luis",2022,R,8,0.9584106354804613
"Lemoine, Jake","Brieske, Beau",2022,R,9,0.9862318073075803
"Lemoine, Jake","Márquez, Germán",2022,R,10,0.9884936514466053
"Leone, Dominic","Kopech, Michael",2022,R,1,0.2099631668671252
"Leone, Dominic","De los Santos, Yerry",2022,R,2,0.2259317288423872
"Leone, Dominic","Pallante, Andre",2022,R,3,0.27193708347814133
"Leone, Dominic","Fulmer, Michael",2022,R,4,0.28299965422900636
"Leone, Dominic","Coleman, Dylan",2022,R,5,0.33068247890666286
"Leone, Dominic","Middleton, Keynan",2022,R,6,0.35736357196579444
"Leone, Dominic","Stephan, Trevor",2022,R,7,0.42995277949636973
"Leone, Dominic","Kahnle, Tommy",2022,R,8,0.4368222316724333
"Leone, Dominic","Rasmussen, Drew",2022,R,9,0.46406052839852835
"Leone, Dominic","Manoah, Alek",2022,R,10,0.47211790054878416
"Littell, Zack","Cabrera, Edward",2022,R,1,0.2417696556270642
"Littell, Zack","Underwood Jr., Duane",2022,R,2,0.3443366833588683
"Littell, Zack","Bradish, Kyle",2022,R,3,0.3910795576114316
"Littell, Zack","Baumann, Mike",2022,R,4,0.4895429298686099
"Littell, Zack","Quantrill, Cal",2022,R,5,0.5031622169349369
"Littell, Zack","Hunter, Tommy",2022,R,6,0.5465767347164784
"Littell, Zack","Rasmussen, Drew",2022,R,7,0.5561273893807553
"Littell, Zack","Hjelle, Sean",2022,R,8,0.5636957750244103
"Littell, Zack","Brown, Hunter",2022,R,9,0.5904511811806546
"Littell, Zack","Trivino III, Lou",2022,R,10,0.5943599127911511
"Llovera, Mauricio","Morton, Charlie",2022,R,1,0.3238501092851508
"Llovera, Mauricio","Alexander, Jason",2022,R,2,0.32600773714651826
"Llovera, Mauricio","Kuhl, Chad",2022,R,3,0.37537916101061436
"Llovera, Mauricio","Martinez, Adrián",2022,R,4,0.4120971785946867
"Llovera, Mauricio","Berríos, José",2022,R,5,0.4450675469450848
"Llovera, Mauricio","Feltner, Ryan",2022,R,6,0.49200443492770146
"Llovera, Mauricio","Rucker, Michael",2022,R,7,0.5132584813051825
"Llovera, Mauricio","Tate, Dillon",2022,R,8,0.522100018780153
"Llovera, Mauricio","Mayers, Mike",2022,R,9,0.525481809836767
"Llovera, Mauricio","Brash, Matt",2022,R,10,0.5537928791046516
"Lorenzen, Michael","Bellatti, Andrew",2022,R,1,0.3168892184280611
"Lorenzen, Michael","Acevedo, Domingo",2022,R,2,0.35447689497640383
"Lorenzen, Michael","Smith, Drew",2022,R,3,0.37064050190830733
"Lorenzen, Michael","Garcia, Bryan",2022,R,4,0.37959236204506136
"Lorenzen, Michael","Medina, Adonis",2022,R,5,0.39220349664666077
"Lorenzen, Michael","Payamps, Joel",2022,R,6,0.39361033238273
"Lorenzen, Michael","Bazardo, Eduard",2022,R,7,0.4292213457970895
"Lorenzen, Michael","Schmidt, Clarke",2022,R,8,0.4423205665140235
"Lorenzen, Michael","Yacabonis, Jimmy",2022,R,9,0.5097589580189636
"Lorenzen, Michael","Javier, Cristian",2022,R,10,0.5197610298562797
"Loáisiga, Jonathan","Abreu, Albert",2022,R,1,0.32555821734205526
"Loáisiga, Jonathan","Finnegan, Kyle",2022,R,2,0.38434126164604465
"Loáisiga, Jonathan","deGrom, Jacob",2022,R,3,0.4993736583062722
"Loáisiga, Jonathan","Coonrod, Sam",2022,R,4,0.5136522800242845
"Loáisiga, Jonathan","Pop, Zach",2022,R,5,0.5520578297720125
"Loáisiga, Jonathan","Foley, Jason",2022,R,6,0.5662650248105939
"Loáisiga, Jonathan","Fernández, Junior",2022,R,7,0.5726846192475131
"Loáisiga, Jonathan","Doval, Camilo",2022,R,8,0.5777885878579889
"Loáisiga, Jonathan","Domínguez, Seranthony",2022,R,9,0.6209596600237676
"Loáisiga, Jonathan","Estévez, Carlos",2022,R,10,0.6348016227267835
"Lugo, Seth","Jax, Griffin",2022,R,1,0.4575104634221606
"Lugo, Seth","Schmidt, Clarke",2022,R,2,0.459925086767814
"Lugo, Seth","Javier, Cristian",2022,R,3,0.48094507738058834
"Lugo, Seth","Barlow, Joe",2022,R,4,0.5192760711536355
"Lugo, Seth","Bellatti, Andrew",2022,R,5,0.6011748709910526
"Lugo, Seth","Lorenzen, Michael",2022,R,6,0.6205812240676917
"Lugo, Seth","Lakins, Travis",2022,R,7,0.6995902469188003
"Lugo, Seth","Pruitt, Austin",2022,R,8,0.7022296446821763
"Lugo, Seth","Lambert, Jimmy",2022,R,9,0.7154302047786513
"Lugo, Seth","Bazardo, Eduard",2022,R,10,0.7184229038180002
"Lyles, Jordan","Grimm, Justin",2022,R,1,0.23267994977038137
"Lyles, Jordan","Otto Jr., Glenn",2022,R,2,0.32865777714045263
"Lyles, Jordan","Paddack, Chris",2022,R,3,0.6060502514158409
"Lyles, Jordan","Giolito, Lucas",2022,R,4,0.6346533535391522
"Lyles, Jordan","Sulser, Cole",2022,R,5,0.6435907325998357
"Lyles, Jordan","Ober, Bailey",2022,R,6,0.6543912478326087
"Lyles, Jordan","Zeuch, T.J.",2022,R,7,0.7205513995316781
"Lyles, Jordan","Gibson, Kyle",2022,R,8,0.7288203995832797
"Lyles, Jordan","Stratton, Chris",2022,R,9,0.7759643210392287
"Lyles, Jordan","Leiter Jr., Mark",2022,R,10,0.7797603145148019
"Lynn, Lance","King, Michael",2022,R,1,0.5295322625773323
"Lynn, Lance","Berríos, José",2022,R,2,0.5343756391246702
"Lynn, Lance","Sampson, Adrian",2022,R,3,0.5480714255999706
"Lynn, Lance","Lange, Alex",2022,R,4,0.555549459176862
"Lynn, Lance","Houck, Tanner",2022,R,5,0.5713298779523672
"Lynn, Lance","Phillips, Evan",2022,R,6,0.6004046158410508
"Lynn, Lance","Brash, Matt",2022,R,7,0.7355813435252843
"Lynn, Lance","Scherzer, Max",2022,R,8,0.7507869889758491
"Lynn, Lance","Ramírez, Erasmo",2022,R,9,0.7549387010528037
"Lynn, Lance","Llovera, Mauricio",2022,R,10,0.755097374807052
"López, Jorge","Ureña, José",2022,R,1,0.29065100329402144
"López, Jorge","Cole, Gerrit",2022,R,2,0.32516670032145606
"López, Jorge","López, Reynaldo",2022,R,3,0.4198994596606261
"López, Jorge","Abreu, Bryan",2022,R,4,0.42947832206146663
"López, Jorge","Sawamura, Hirokazu",2022,R,5,0.45964935999687545
"López, Jorge","Nelson, Nick",2022,R,6,0.4860702467805038
"López, Jorge","Greene, Hunter",2022,R,7,0.493315682964364
"López, Jorge","Pop, Zach",2022,R,8,0.5233236226677868
"López, Jorge","Ortiz, Luis",2022,R,9,0.5389695953038633
"López, Jorge","Severino, Luis",2022,R,10,0.5541227954096517
"López, Pablo","Wilson, Steven",2022,R,1,0.49000272320213645
"López, Pablo","Varland, Louis",2022,R,2,0.5565812432567124
"López, Pablo","Pepiot, Ryan",2022,R,3,0.5620818019596782
"López, Pablo","Mize, Casey",2022,R,4,0.56350322983635
"López, Pablo","Manning, Matt",2022,R,5,0.5874854600194256
"López, Pablo","Oviedo, Johan",2022,R,6,0.6263362139057366
"López, Pablo","Reid-Foley, Sean",2022,R,7,0.6444571254925515
"López, Pablo","Singer, Brady",2022,R,8,0.6562483634563349
"López, Pablo","Castro, Anthony",2022,R,9,0.6583336919780735
"López, Pablo","Eovaldi, Nathan",2022,R,10,0.6627266070625816
"López, Reynaldo","Abreu, Bryan",2022,R,1,0.30299826190756063
"López, Reynaldo","Holderman, Colin",2022,R,2,0.36234956297068993
"López, Reynaldo","Cole, Gerrit",2022,R,3,0.36911802300354873
"López, Reynaldo","Ureña, José",2022,R,4,0.3732241739485512
"López, Reynaldo","López, Jorge",2022,R,5,0.4198994596606261
"López, Reynaldo","Severino, Luis",2022,R,6,0.43709861561267765
"López, Reynaldo","Moreta, Dauri",2022,R,7,0.44889604637150643
"López, Reynaldo","Sawamura, Hirokazu",2022,R,8,0.4791259870216266
"López, Reynaldo","Graveman, Kendall",2022,R,9,0.4967649569149993
"López, Reynaldo","Ortiz, Luis",2022,R,10,0.4994155961443459
"Machado, Andrés","Marte, José",2022,R,1,0.582041157898252
"Machado, Andrés","Pagán, Emilio",2022,R,2,0.6170484390501995
"Machado, Andrés","Kennedy, Ian",2022,R,3,0.7303480972386696
"Machado, Andrés","Jiménez, Joe",2022,R,4,0.7365201115656487
"Machado, Andrés","Brasier, Ryan",2022,R,5,0.753214240687776
"Machado, Andrés","Barnes, Jacob",2022,R,6,0.7568495402912231
"Machado, Andrés","Doval, Camilo",2022,R,7,0.7917960932272987
"Machado, Andrés","Strider, Spencer",2022,R,8,0.7966690884095675
"Machado, Andrés","Pepiot, Ryan",2022,R,9,0.8127796782487059
"Machado, Andrés","Reid-Foley, Sean",2022,R,10,0.8156292190259702
"Mahle, Tyler","Wright, Kyle",2022,R,1,0.2864870404185336
"Mahle, Tyler","Eovaldi, Nathan",2022,R,2,0.3068539726506507
"Mahle, Tyler","DeSclafani, Anthony",2022,R,3,0.30967032793337046
"Mahle, Tyler","Almonte, Yency",2022,R,4,0.3140359343860753
"Mahle, Tyler","Knehr, Reiss",2022,R,5,0.34790227468458756
"Mahle, Tyler","Velasquez, Vince",2022,R,6,0.41060952327317074
"Mahle, Tyler","Beede, Tyler",2022,R,7,0.45111271640861716
"Mahle, Tyler","Wilson, Steven",2022,R,8,0.4949584662564334
"Mahle, Tyler","Singer, Brady",2022,R,9,0.49684496588505817
"Mahle, Tyler","Wesneski, Hayden",2022,R,10,0.5042942188089269
"Manning, Matt","Brebbia, John",2022,R,1,0.4072422948155938
"Manning, Matt","Sanchez, Aaron",2022,R,2,0.4255699396375791
"Manning, Matt","Ohtani, Shohei",2022,R,3,0.4737152301307551
"Manning, Matt","Wilson, Steven",2022,R,4,0.4752317190076812
"Manning, Matt","Castro, Kervin",2022,R,5,0.48564501791463577
"Manning, Matt","Mize, Casey",2022,R,6,0.4877299506795234
"Manning, Matt","Stammen, Craig",2022,R,7,0.48843695968666173
"Manning, Matt","Wittgren, Nick",2022,R,8,0.5429419349883056
"Manning, Matt","Brogdon, Connor",2022,R,9,0.5541737256721432
"Manning, Matt","López, Pablo",2022,R,10,0.5874854600194256
"Manoah, Alek","Middleton, Keynan",2022,R,1,0.28978468800847346
"Manoah, Alek","Ohtani, Shohei",2022,R,2,0.3099761696085151
"Manoah, Alek","Kopech, Michael",2022,R,3,0.32004352492317245
"Manoah, Alek","Eflin, Zach",2022,R,4,0.3532598752541748
"Manoah, Alek","Gallen, Zac",2022,R,5,0.36838886499093265
"Manoah, Alek","Castillo, Max",2022,R,6,0.37324844374187566
"Manoah, Alek","Robertson, David",2022,R,7,0.39141841611596806
"Manoah, Alek","Assad, Javier",2022,R,8,0.4012608819220919
"Manoah, Alek","Patiño, Luis",2022,R,9,0.40686505474171447
"Manoah, Alek","Brebbia, John",2022,R,10,0.4325416608336076
"Marinaccio, Ron","Williams, Trevor",2022,R,1,0.5644341942847764
"Marinaccio, Ron","Cousins, Jake",2022,R,2,0.5972718642682178
"Marinaccio, Ron","Strzelecki, Peter",2022,R,3,0.6162947095779943
"Marinaccio, Ron","Ottavino, Adam",2022,R,4,0.6176253394552741
"Marinaccio, Ron","Flaherty, Jack",2022,R,5,0.6271354658021626
"Marinaccio, Ron","Hill, Garrett",2022,R,6,0.6414867465366669
"Marinaccio, Ron","Kelly, Zack",2022,R,7,0.6834530417561651
"Marinaccio, Ron","Darvish, Yu",2022,R,8,0.6877304606240627
"Marinaccio, Ron","Castro, Anthony",2022,R,9,0.7389182467161106
"Marinaccio, Ron","Eovaldi, Nathan",2022,R,10,0.7864990137308416
"Marte, José","Strider, Spencer",2022,R,1,0.4785848145292353
"Marte, José","Machado, Andrés",2022,R,2,0.582041157898252
"Marte, José","Gil, Luis",2022,R,3,0.602115518369623
"Marte, José","Hendriks, Liam",2022,R,4,0.608622837149128
"Marte, José","Kuhnel, Joel",2022,R,5,0.6332609981012267
"Marte, José","Jiménez, Joe",2022,R,6,0.6659052751475217
"Marte, José","Wheeler, Zack",2022,R,7,0.746363678615578
"Marte, José","Thompson, Mason",2022,R,8,0.7991565246129839
"Marte, José","Kilian, Caleb",2022,R,9,0.8052548664168699
"Marte, José","Gibaut, Ian",2022,R,10,0.8404297817584104
"Marte, Yunior","Hernández, Jonathan",2022,R,1,0.18218421028186346
"Marte, Yunior","Ortiz, Luis",2022,R,2,0.23160084891584506
"Marte, Yunior","Sawamura, Hirokazu",2022,R,3,0.30601547311821986
"Marte, Yunior","Cisnero, José",2022,R,4,0.42941402292156755
"Marte, Yunior","Graveman, Kendall",2022,R,5,0.44538054066697436
"Marte, Yunior","Robles, Hansel",2022,R,6,0.4982356570827649
"Marte, Yunior","Pop, Zach",2022,R,7,0.5372539930075874
"Marte, Yunior","Bello, Brayan",2022,R,8,0.5677028132600754
"Marte, Yunior","Cole, Gerrit",2022,R,9,0.5898549825869971
"Marte, Yunior","Ureña, José",2022,R,10,0.6024033264075617
"Martin, Chris","García, Luis",2022,R,1,0.33846618762117703
"Martin, Chris","Underwood Jr., Duane",2022,R,2,0.5068187556674508
"Martin, Chris","Rainey, Tanner",2022,R,3,0.6485801741925461
"Martin, Chris","Norwood, James",2022,R,4,0.6947448368869545
"Martin, Chris","Weems, Jordan",2022,R,5,0.6999615792947805
"Martin, Chris","Greene, Hunter",2022,R,6,0.7330008137067856
"Martin, Chris","Fulmer, Michael",2022,R,7,0.7359364855129337
"Martin, Chris","López, Jorge",2022,R,8,0.744357800350662
"Martin, Chris","Coleman, Dylan",2022,R,9,0.7551792996251403
"Martin, Chris","Adon, Joan",2022,R,10,0.7874989348042539
"Martin, Corbin","Beasley, Jeremy",2022,R,1,0.2192588229761931
"Martin, Corbin","Wendelken, J.B.",2022,R,2,0.2584720018428341
"Martin, Corbin","Neris, Héctor",2022,R,3,0.32582136384153776
"Martin, Corbin","Perdomo, Luis",2022,R,4,0.32796211331124103
"Martin, Corbin","Nelson, Nick",2022,R,5,0.39911013635014314
"Martin, Corbin","Gsellman, Robert",2022,R,6,0.44378699537081057
"Martin, Corbin","Thompson, Keegan",2022,R,7,0.4502406011223651
"Martin, Corbin","King, Michael",2022,R,8,0.45449740179728004
"Martin, Corbin","Arano, Víctor",2022,R,9,0.46994391034582383
"Martin, Corbin","Vest, Will",2022,R,10,0.4931633049844839
"Martin, Davis","Howard, Spencer",2022,R,1,0.1787422283843956
"Martin, Davis","Richards, Trevor",2022,R,2,0.2866870269028265
"Martin, Davis","Bolaños, Ronald",2022,R,3,0.3688678346972321
"Martin, Davis","Sulser, Beau",2022,R,4,0.38780271365985
"Martin, Davis","Rodríguez, Elvin",2022,R,5,0.39550263223628024
"Martin, Davis","Hudson, Dakota",2022,R,6,0.44677485674740197
"Martin, Davis","Bradley, Archie",2022,R,7,0.4978202250736401
"Martin, Davis","Law, Derek",2022,R,8,0.5431368423177374
"Martin, Davis","Grove, Michael",2022,R,9,0.547869878679297
"Martin, Davis","White, Mitch",2022,R,10,0.5512289642040533
"Martinez, Adrián","Abbott, Cory",2022,R,1,0.18862177935431726
"Martinez, Adrián","Morton, Charlie",2022,R,2,0.2953942635376122
"Martinez, Adrián","Mayers, Mike",2022,R,3,0.3005275324046947
"Martinez, Adrián","Alexander, Jason",2022,R,4,0.366450828625047
"Martinez, Adrián","Llovera, Mauricio",2022,R,5,0.4120971785946867
"Martinez, Adrián","Rucker, Michael",2022,R,6,0.4145572912303305
"Martinez, Adrián","Kuhl, Chad",2022,R,7,0.4312311570980115
"Martinez, Adrián","Brigham, Jeff",2022,R,8,0.46090889646008343
"Martinez, Adrián","Scherzer, Max",2022,R,9,0.47187018196611935
"Martinez, Adrián","Oller, Adam",2022,R,10,0.5707192523914295
"Martinez, Nick","Anderson, Chase",2022,R,1,0.31737658155797727
"Martinez, Nick","Chacín, Jhoulys",2022,R,2,0.49136553741262967
"Martinez, Nick","Yajure, Miguel",2022,R,3,0.49195757201077267
"Martinez, Nick","Johnson, Pierce",2022,R,4,0.5211433778639392
"Martinez, Nick","González, Chi Chi",2022,R,5,0.5286767292569914
"Martinez, Nick","Overton, Connor",2022,R,6,0.5370700169778364
"Martinez, Nick","Urquidy, José",2022,R,7,0.5630540587683263
"Martinez, Nick","De Jong, Chase",2022,R,8,0.5909108009171076
"Martinez, Nick","Junis, Jakob",2022,R,9,0.599336287089517
"Martinez, Nick","Gonsolin, Tony",2022,R,10,0.6029898303635232
"Martinez, Seth","Webb, Logan",2022,R,1,0.6379960585329814
"Martinez, Seth","Williams, Trevor",2022,R,2,0.7429760128792255
"Martinez, Seth","Nola, Aaron",2022,R,3,0.8565467197842299
"Martinez, Seth","Peralta, Freddy",2022,R,4,0.856554571682717
"Martinez, Seth","Miller, Tyson",2022,R,5,0.9421662427350618
"Martinez, Seth","Sandlin, Nick",2022,R,6,1.0608534224245745
"Martinez, Seth","Flaherty, Jack",2022,R,7,1.1783242331439596
"Martinez, Seth","Sewald, Paul",2022,R,8,1.1890198724512733
"Martinez, Seth","Marinaccio, Ron",2022,R,9,1.189355222788444
"Martinez, Seth","Uelmen, Erich",2022,R,10,1.201961238408162
"Maton, Phil","Crismatt, Nabil",2022,R,1,0.6876910337763135
"Maton, Phil","Toussaint, Touki",2022,R,2,0.6887673166952887
"Maton, Phil","Barlow, Scott",2022,R,3,0.8696299207714975
"Maton, Phil","Peralta, Freddy",2022,R,4,1.2391090863424494
"Maton, Phil","McHugh, Collin",2022,R,5,1.4280229142993035
"Maton, Phil","Nola, Aaron",2022,R,6,1.4323980296252639
"Maton, Phil","Cruz, Fernando",2022,R,7,1.5061784698342597
"Maton, Phil","Ober, Bailey",2022,R,8,1.531168320321988
"Maton, Phil","Williams, Devin",2022,R,9,1.540333096374189
"Maton, Phil","Dunning, Dane",2022,R,10,1.560888547238459
"May, Dustin","Muñoz, Andrés",2022,R,1,0.33929804284391046
"May, Dustin","Doval, Camilo",2022,R,2,0.44149470796335727
"May, Dustin","Hudson, Daniel",2022,R,3,0.6614904632066203
"May, Dustin","Chargois, JT",2022,R,4,0.7748040581572804
"May, Dustin","Bello, Brayan",2022,R,5,0.7768764429679376
"May, Dustin","Pop, Zach",2022,R,6,0.8018187584403946
"May, Dustin","Castro, Miguel",2022,R,7,0.8019188198942481
"May, Dustin","Loáisiga, Jonathan",2022,R,8,0.8185728743550625
"May, Dustin","Peguero, Elvis",2022,R,9,0.8900864589200369
"May, Dustin","Foley, Jason",2022,R,10,0.8902499924905428
"May, Trevor","Kilian, Caleb",2022,R,1,0.218046495959847
"May, Trevor","Gibaut, Ian",2022,R,2,0.501262715556448
"May, Trevor","Whitlock, Garrett",2022,R,3,0.5529219476976744
"May, Trevor","Reid-Foley, Sean",2022,R,4,0.6494240279027866
"May, Trevor","Tetreault, Jackson",2022,R,5,0.7209553544207729
"May, Trevor","Megill, Tylor",2022,R,6,0.7358537237002409
"May, Trevor","Brasier, Ryan",2022,R,7,0.7599710119411999
"May, Trevor","Wheeler, Zack",2022,R,8,0.8214238489613742
"May, Trevor","Pepiot, Ryan",2022,R,9,0.8232935125867531
"May, Trevor","Barnes, Jacob",2022,R,10,0.8553507043261377
"Mayers, Mike","Rucker, Michael",2022,R,1,0.1622693772824806
"Mayers, Mike","Martinez, Adrián",2022,R,2,0.3005275324046947
"Mayers, Mike","Abbott, Cory",2022,R,3,0.35000567876615457
"Mayers, Mike","Kelly, Merrill",2022,R,4,0.4452604646621471
"Mayers, Mike","Morton, Charlie",2022,R,5,0.45619361167552575
"Mayers, Mike","Weiss, Zack",2022,R,6,0.45744383222002144
"Mayers, Mike","Oller, Adam",2022,R,7,0.47523590629066503
"Mayers, Mike","Krehbiel, Joey",2022,R,8,0.5092617183826362
"Mayers, Mike","Garcia, Bryan",2022,R,9,0.5112875767100372
"Mayers, Mike","Llovera, Mauricio",2022,R,10,0.525481809836767
"McCullers Jr., Lance","Scott, Tayler",2022,R,1,0.6052323181104613
"McCullers Jr., Lance","Germán, Domingo",2022,R,2,0.718686246131318
"McCullers Jr., Lance","Stroman, Marcus",2022,R,3,0.825753228992051
"McCullers Jr., Lance","Castellanos, Humberto",2022,R,4,0.8620165023937371
"McCullers Jr., Lance","Lugo, Seth",2022,R,5,0.9176129677768605
"McCullers Jr., Lance","Thornton, Trent",2022,R,6,0.9243810805848626
"McCullers Jr., Lance","Seabold, Connor",2022,R,7,0.9262556344317839
"McCullers Jr., Lance","Javier, Cristian",2022,R,8,0.9348466512613991
"McCullers Jr., Lance","Gray, Josiah",2022,R,9,0.9496934310540717
"McCullers Jr., Lance","Brigham, Jeff",2022,R,10,0.9686385720082816
"McHugh, Collin","Dunning, Dane",2022,R,1,0.4287986838254035
"McHugh, Collin","Kluber, Corey",2022,R,2,0.6339900832730853
"McHugh, Collin","Barlow, Scott",2022,R,3,0.6843415370499526
"McHugh, Collin","Hernández, Elieser",2022,R,4,0.8354807972709957
"McHugh, Collin","Arihara, Kohei",2022,R,5,0.996951321369083
"McHugh, Collin","Leiter Jr., Mark",2022,R,6,1.0231795063226592
"McHugh, Collin","Gutierrez, Vladimir",2022,R,7,1.0949000579426453
"McHugh, Collin","Crick, Kyle",2022,R,8,1.1793379561345962
"McHugh, Collin","Hill, Garrett",2022,R,9,1.1909129121820747
"McHugh, Collin","Bieber, Shane",2022,R,10,1.2219285595187264
"McKenzie, Triston","Wacha, Michael",2022,R,1,0.4862958365288197
"McKenzie, Triston","Gibson, Kyle",2022,R,2,0.4897253418306469
"McKenzie, Triston","Pivetta, Nick",2022,R,3,0.5151407142323743
"McKenzie, Triston","Giolito, Lucas",2022,R,4,0.6037629708535484
"McKenzie, Triston","Law, Derek",2022,R,5,0.6092878100316163
"McKenzie, Triston","Barnes, Matt",2022,R,6,0.6129546384298461
"McKenzie, Triston","Bolaños, Ronald",2022,R,7,0.6392090610463566
"McKenzie, Triston","Bradley, Archie",2022,R,8,0.6938892814501623
"McKenzie, Triston","Swanson, Erik",2022,R,9,0.7105006194504898
"McKenzie, Triston","Martin, Davis",2022,R,10,0.7339527270416523
"Medina, Adonis","Garcia, Bryan",2022,R,1,0.2584473832243022
"Medina, Adonis","Payamps, Joel",2022,R,2,0.2910725757274422
"Medina, Adonis","Lorenzen, Michael",2022,R,3,0.39220349664666077
"Medina, Adonis","Smith, Drew",2022,R,4,0.46450642984949564
"Medina, Adonis","Richards, Garrett",2022,R,5,0.5055422418248081
"Medina, Adonis","Yacabonis, Jimmy",2022,R,6,0.5162937741390241
"Medina, Adonis","Bazardo, Eduard",2022,R,7,0.520127054901549
"Medina, Adonis","Weiss, Zack",2022,R,8,0.5523285837730426
"Medina, Adonis","Acevedo, Domingo",2022,R,9,0.5742414074489192
"Medina, Adonis","Mayers, Mike",2022,R,10,0.5801567494569697
"Megill, Trevor","Baumann, Mike",2022,R,1,0.40606428869699457
"Megill, Trevor","Baker, Bryan",2022,R,2,0.4103248655638536
"Megill, Trevor","Staumont, Josh",2022,R,3,0.5127965345075665
"Megill, Trevor","Brown, Hunter",2022,R,4,0.6023009419429562
"Megill, Trevor","Bradish, Kyle",2022,R,5,0.6444092768444211
"Megill, Trevor","Littell, Zack",2022,R,6,0.7413311822600964
"Megill, Trevor","Ginkel, Kevin",2022,R,7,0.7428474456656464
"Megill, Trevor","Cabrera, Edward",2022,R,8,0.7519388438927184
"Megill, Trevor","Underwood Jr., Duane",2022,R,9,0.7818086817126204
"Megill, Trevor","Frías, Luis",2022,R,10,0.7830051105996261
"Megill, Tylor","Romano, Jordan",2022,R,1,0.3012935858167865
"Megill, Tylor","Whitlock, Garrett",2022,R,2,0.4862407607129363
"Megill, Tylor","Tetreault, Jackson",2022,R,3,0.5758279398796382
"Megill, Tylor","Wheeler, Zack",2022,R,4,0.6784010100052329
"Megill, Tylor","Gilbert, Logan",2022,R,5,0.6871784346000359
"Megill, Tylor","May, Trevor",2022,R,6,0.7358537237002409
"Megill, Tylor","Kilian, Caleb",2022,R,7,0.8484859732882151
"Megill, Tylor","Marte, José",2022,R,8,0.9463292528633139
"Megill, Tylor","Hendriks, Liam",2022,R,9,0.9662103581260323
"Megill, Tylor","Cyr, Tyler",2022,R,10,0.9836463670443475
"Melancon, Mark","Richards, Trevor",2022,R,1,0.40159437259944825
"Melancon, Mark","Goudeau, Ashton",2022,R,2,0.40674957341925344
"Melancon, Mark","Pineda, Michael",2022,R,3,0.47334283741035854
"Melancon, Mark","Mikolas, Miles",2022,R,4,0.5058575188352996
"Melancon, Mark","Howard, Spencer",2022,R,5,0.5953770493594513
"Melancon, Mark","Martin, Davis",2022,R,6,0.5971657647696406
"Melancon, Mark","Watkins, Spenser",2022,R,7,0.6393865411215104
"Melancon, Mark","Sulser, Beau",2022,R,8,0.6672729959090806
"Melancon, Mark","Farrell, Luke",2022,R,9,0.6922951157044012
"Melancon, Mark","Hudson, Dakota",2022,R,10,0.6948052127819652
"Merryweather, Julian","Brown, Hunter",2022,R,1,0.2685950933063276
"Merryweather, Julian","Green, Chad",2022,R,2,0.30701845913412784
"Merryweather, Julian","Woodruff, Brandon",2022,R,3,0.4080480636624693
"Merryweather, Julian","Coleman, Dylan",2022,R,4,0.41114784573031454
"Merryweather, Julian","Knebel, Corey",2022,R,5,0.4733060374575667
"Merryweather, Julian","Kirby, George",2022,R,6,0.47940218697211856
"Merryweather, Julian","Stephan, Trevor",2022,R,7,0.4828359005718348
"Merryweather, Julian","Rasmussen, Drew",2022,R,8,0.4962279069678687
"Merryweather, Julian","Winckowski, Josh",2022,R,9,0.5002932901510244
"Merryweather, Julian","Kahnle, Tommy",2022,R,10,0.5091078762392534
"Middleton, Keynan","De los Santos, Yerry",2022,R,1,0.23652381228010871
"Middleton, Keynan","Patiño, Luis",2022,R,2,0.24155601671094085
"Middleton, Keynan","Kopech, Michael",2022,R,3,0.24990828928917866
"Middleton, Keynan","Manoah, Alek",2022,R,4,0.28978468800847346
"Middleton, Keynan","Leone, Dominic",2022,R,5,0.35736357196579444
"Middleton, Keynan","Pallante, Andre",2022,R,6,0.375184587742776
"Middleton, Keynan","Ohtani, Shohei",2022,R,7,0.38491424182217354
"Middleton, Keynan","Wick, Rowan",2022,R,8,0.3853000943264774
"Middleton, Keynan","Hoeing, Bryan",2022,R,9,0.4048538887958798
"Middleton, Keynan","Pepiot, Ryan",2022,R,10,0.508650519858055
"Mikolas, Miles","Goudeau, Ashton",2022,R,1,0.3697123557946019
"Mikolas, Miles","Melancon, Mark",2022,R,2,0.5058575188352996
"Mikolas, Miles","Richards, Trevor",2022,R,3,0.6201466115123776
"Mikolas, Miles","Wacha, Michael",2022,R,4,0.6260487429207008
"Mikolas, Miles","Martin, Davis",2022,R,5,0.6475365347628791
"Mikolas, Miles","Farrell, Luke",2022,R,6,0.6570906591024199
"Mikolas, Miles","Pineda, Michael",2022,R,7,0.6629161766898705
"Mikolas, Miles","McKenzie, Triston",2022,R,8,0.7353656076416157
"Mikolas, Miles","Howard, Spencer",2022,R,9,0.7450094011200806
"Mikolas, Miles","Pivetta, Nick",2022,R,10,0.7664502460582134
"Miller, Tyson","Peralta, Freddy",2022,R,1,0.6956621419332457
"Miller, Tyson","Martinez, Seth",2022,R,2,0.9421662427350618
"Miller, Tyson","Nola, Aaron",2022,R,3,1.1157782119771402
"Miller, Tyson","Williams, Trevor",2022,R,4,1.1251867446624866
"Miller, Tyson","Flaherty, Jack",2022,R,5,1.1696096542239598
"Miller, Tyson","Marinaccio, Ron",2022,R,6,1.2249287176760337
"Miller, Tyson","Cousins, Jake",2022,R,7,1.2379429145896323
"Miller, Tyson","Uelmen, Erich",2022,R,8,1.2862999091422582
"Miller, Tyson","Oviedo, Johan",2022,R,9,1.312748181217161
"Miller, Tyson","Valdez, Phillips",2022,R,10,1.3204289741564381
"Mills, Alec","Bundy, Dylan",2022,R,1,1.0827742319381812
"Mills, Alec","Davies, Zach",2022,R,2,1.1047158657489697
"Mills, Alec","Greinke, Zack",2022,R,3,1.1475964211734533
"Mills, Alec","Lawrence, Casey",2022,R,4,1.2641181240773585
"Mills, Alec","Dugger, Robert",2022,R,5,1.2989402661571612
"Mills, Alec","Sanders, Phoenix",2022,R,6,1.3259845791845017
"Mills, Alec","Espino, Paolo",2022,R,7,1.3415398544964763
"Mills, Alec","Hendricks, Kyle",2022,R,8,1.3832423242595466
"Mills, Alec","Overton, Connor",2022,R,9,1.3851116321353276
"Mills, Alec","Kluber, Corey",2022,R,10,1.3962611985450777
"Mills, Wyatt","Kelley, Trevor",2022,R,1,0.7479246981029678
"Mills, Wyatt","Thompson, Ryan",2022,R,2,1.0337086874931924
"Mills, Wyatt","Schreiber, John",2022,R,3,1.5064548687239967
"Mills, Wyatt","Cuas, Jose",2022,R,4,1.6445377978277071
"Mills, Wyatt","Smith, Joe",2022,R,5,1.947473508680169
"Mills, Wyatt","Sandlin, Nick",2022,R,6,1.947704312133451
"Mills, Wyatt","O'Day, Darren",2022,R,7,2.0182371703476503
"Mills, Wyatt","Murfee, Penn",2022,R,8,2.203590900583156
"Mills, Wyatt","Sewald, Paul",2022,R,9,2.2109145213204653
"Mills, Wyatt","Effross, Scott",2022,R,10,2.3698368688267366
"Mize, Casey","Manning, Matt",2022,R,1,0.4877299506795234
"Mize, Casey","Brogdon, Connor",2022,R,2,0.5172700328031664
"Mize, Casey","Oviedo, Johan",2022,R,3,0.5376949395275052
"Mize, Casey","López, Pablo",2022,R,4,0.56350322983635
"Mize, Casey","Wittgren, Nick",2022,R,5,0.6194608093876733
"Mize, Casey","Wilson, Steven",2022,R,6,0.676518682044103
"Mize, Casey","Stammen, Craig",2022,R,7,0.7343371124727381
"Mize, Casey","Clevinger, Mike",2022,R,8,0.7361746379368171
"Mize, Casey","Sanchez, Aaron",2022,R,9,0.7420679015446301
"Mize, Casey","Flaherty, Jack",2022,R,10,0.7759586095249004
"Montas, Frankie","Ruiz, José",2022,R,1,0.4065446991202968
"Montas, Frankie","Sborz, Josh",2022,R,2,0.457589986470339
"Montas, Frankie","Tinoco, Jesus",2022,R,3,0.4598814766832254
"Montas, Frankie","Lamet, Dinelson",2022,R,4,0.46615571347278634
"Montas, Frankie","Keller, Brad",2022,R,5,0.4707415997595262
"Montas, Frankie","Ortega, Oliver",2022,R,6,0.48488936986436654
"Montas, Frankie","Clarke, Taylor",2022,R,7,0.5050874074656501
"Montas, Frankie","Steckenrider, Drew",2022,R,8,0.5573338966907689
"Montas, Frankie","Brazobán, Huascar",2022,R,9,0.5894086363802731
"Montas, Frankie","Bender, Anthony",2022,R,10,0.6060245779977859
"Montero, Rafael","Chargois, JT",2022,R,1,0.6973692407226119
"Montero, Rafael","Robles, Hansel",2022,R,2,0.784593344381411
"Montero, Rafael","Cisnero, José",2022,R,3,0.8356458479243924
"Montero, Rafael","Smith, Chad",2022,R,4,0.9063881427157274
"Montero, Rafael","Marte, Yunior",2022,R,5,0.9420524483441185
"Montero, Rafael","Domínguez, Seranthony",2022,R,6,0.9868400190578369
"Montero, Rafael","Hernández, Jonathan",2022,R,7,0.9968716243692369
"Montero, Rafael","Muñoz, Andrés",2022,R,8,1.0052520735877186
"Montero, Rafael","Gott, Trevor",2022,R,9,1.0663242942948206
"Montero, Rafael","Tapia, Domingo",2022,R,10,1.0764563789289217
"Moreta, Dauri","Rodríguez, Manuel",2022,R,1,0.3363668752784176
"Moreta, Dauri","López, Reynaldo",2022,R,2,0.44889604637150643
"Moreta, Dauri","Severino, Luis",2022,R,3,0.4698740813042707
"Moreta, Dauri","Graveman, Kendall",2022,R,4,0.4752380138665546
"Moreta, Dauri","Ureña, José",2022,R,5,0.5013141887635686
"Moreta, Dauri","Neris, Héctor",2022,R,6,0.5130727519446237
"Moreta, Dauri","Burnes, Corbin",2022,R,7,0.5285299639548325
"Moreta, Dauri","Clarke, Taylor",2022,R,8,0.5292072175938201
"Moreta, Dauri","Holderman, Colin",2022,R,9,0.5805759889256528
"Moreta, Dauri","Sawamura, Hirokazu",2022,R,10,0.582280143817088
"Morgan, Eli","Bassitt, Chris",2022,R,1,0.6297617897191102
"Morgan, Eli","Thornton, Trent",2022,R,2,0.6410610566164504
"Morgan, Eli","Sánchez, Aníbal",2022,R,3,0.667878694105238
"Morgan, Eli","Stashak, Cody",2022,R,4,0.6690443476141148
"Morgan, Eli","Overton, Connor",2022,R,5,0.7651149737907329
"Morgan, Eli","Anderson, Chase",2022,R,6,0.8184495654549101
"Morgan, Eli","Plesac, Zach",2022,R,7,0.8215282285267435
"Morgan, Eli","Odorizzi, Jake",2022,R,8,0.8317426245430043
"Morgan, Eli","Pressly, Ryan",2022,R,9,0.8485460370300968
"Morgan, Eli","De Jong, Chase",2022,R,10,0.8880581008938245
"Moronta, Reyes","Warren, Austin",2022,R,1,0.4029632453605371
"Moronta, Reyes","Buehler, Walker",2022,R,2,0.4492901114712508
"Moronta, Reyes","Beede, Tyler",2022,R,3,0.4620668230039153
"Moronta, Reyes","Gsellman, Robert",2022,R,4,0.4945916445691456
"Moronta, Reyes","Poppen, Sean",2022,R,5,0.5152010941812757
"Moronta, Reyes","Feltner, Ryan",2022,R,6,0.5212940548883057
"Moronta, Reyes","Bush, Matt",2022,R,7,0.5563278284011313
"Moronta, Reyes","Ramírez, Erasmo",2022,R,8,0.5896409060485998
"Moronta, Reyes","Wright, Kyle",2022,R,9,0.6342099363055778
"Moronta, Reyes","Gillaspie, Logan",2022,R,10,0.6401996257696191
"Morris, Cody","Nogosek, Stephen",2022,R,1,0.26078664717928385
"Morris, Cody","Crowe, Wil",2022,R,2,0.29104075697696846
"Morris, Cody","Keller, Mitch",2022,R,3,0.2943506258487103
"Morris, Cody","Gausman, Kevin",2022,R,4,0.3179718590091003
"Morris, Cody","Hoffman, Jeff",2022,R,5,0.342964561879528
"Morris, Cody","Bednar, David",2022,R,6,0.34890722852345335
"Morris, Cody","Hudson, Dakota",2022,R,7,0.38276638730512746
"Morris, Cody","Bass, Anthony",2022,R,8,0.3860838261404245
"Morris, Cody","Assad, Javier",2022,R,9,0.4033876030550703
"Morris, Cody","Warren, Art",2022,R,10,0.4103442288060517
"Morton, Charlie","Alexander, Jason",2022,R,1,0.17621525384551343
"Morton, Charlie","Martinez, Adrián",2022,R,2,0.2953942635376122
"Morton, Charlie","Llovera, Mauricio",2022,R,3,0.3238501092851508
"Morton, Charlie","Mayers, Mike",2022,R,4,0.45619361167552575
"Morton, Charlie","Abbott, Cory",2022,R,5,0.47394773858097966
"Morton, Charlie","Brigham, Jeff",2022,R,6,0.4992487658351351
"Morton, Charlie","Rucker, Michael",2022,R,7,0.5180093129113573
"Morton, Charlie","Kuhl, Chad",2022,R,8,0.5477705796331075
"Morton, Charlie","Scherzer, Max",2022,R,9,0.5754810068592435
"Morton, Charlie","Head, Louis",2022,R,10,0.5858320886219739
"Murfee, Penn","Sandlin, Nick",2022,R,1,1.0732999790355624
"Murfee, Penn","Thompson, Ryan",2022,R,2,1.2281335507355695
"Murfee, Penn","Sewald, Paul",2022,R,3,1.434520180626264
"Murfee, Penn","Effross, Scott",2022,R,4,1.4700503921773533
"Murfee, Penn","Garza Jr., Ralph",2022,R,5,1.5738180233280379
"Murfee, Penn","O'Day, Darren",2022,R,6,1.5920902988875238
"Murfee, Penn","Kelley, Trevor",2022,R,7,1.6393619860584967
"Murfee, Penn","Ramirez, Noé",2022,R,8,1.6494994024706338
"Murfee, Penn","Cuas, Jose",2022,R,9,1.7235464488724686
"Murfee, Penn","Givens, Mychal",2022,R,10,1.8321167895894186
"Musgrove, Joe","Garcia, Luis",2022,R,1,0.3041862690202596
"Musgrove, Joe","Barria, Jaime",2022,R,2,0.31613058241964714
"Musgrove, Joe","Urquidy, José",2022,R,3,0.3893354394251488
"Musgrove, Joe","Gonsolin, Tony",2022,R,4,0.48401817419335363
"Musgrove, Joe","Elder, Bryce",2022,R,5,0.504336997766385
"Musgrove, Joe","Yajure, Miguel",2022,R,6,0.6138250037184709
"Musgrove, Joe","Pineda, Michael",2022,R,7,0.6194443626569055
"Musgrove, Joe","De Jong, Chase",2022,R,8,0.6296278694589852
"Musgrove, Joe","Walker, Taijuan",2022,R,9,0.6424419037423981
"Musgrove, Joe","Chacín, Jhoulys",2022,R,10,0.6534044711447193
"Muñoz, Andrés","May, Dustin",2022,R,1,0.33929804284391046
"Muñoz, Andrés","Bello, Brayan",2022,R,2,0.4900303155709058
"Muñoz, Andrés","Chargois, JT",2022,R,3,0.5543393387567771
"Muñoz, Andrés","Doval, Camilo",2022,R,4,0.5584501691273799
"Muñoz, Andrés","Hudson, Daniel",2022,R,5,0.6244902076877633
"Muñoz, Andrés","Hernández, Jonathan",2022,R,6,0.6396629936109541
"Muñoz, Andrés","Pop, Zach",2022,R,7,0.7079912210783904
"Muñoz, Andrés","Ortiz, Luis",2022,R,8,0.7220930292394844
"Muñoz, Andrés","Marte, Yunior",2022,R,9,0.7293221062914504
"Muñoz, Andrés","Robles, Hansel",2022,R,10,0.7503129554694106
"Márquez, Germán","Faucher, Calvin",2022,R,1,0.6302097984833183
"Márquez, Germán","Leclerc, José",2022,R,2,0.6871106618007893
"Márquez, Germán","Brazobán, Huascar",2022,R,3,0.7847545958789548
"Márquez, Germán","Jameson, Drey",2022,R,4,0.7911747515013519
"Márquez, Germán","Shaw, Bryan",2022,R,5,0.894783905313155
"Márquez, Germán","Weaver, Luke",2022,R,6,0.9203486453233262
"Márquez, Germán","Ortega, Oliver",2022,R,7,0.9457393244720558
"Márquez, Germán","Cobb, Alex",2022,R,8,0.9678242591428772
"Márquez, Germán","Lemoine, Jake",2022,R,9,0.9884936514466053
"Márquez, Germán","Poteet, Cody",2022,R,10,1.043129663281519
"Nance, Tommy","Archer, Chris",2022,R,1,0.18418073388941394
"Nance, Tommy","White, Mitch",2022,R,2,0.4464231825467322
"Nance, Tommy","Cease, Dylan",2022,R,3,0.4848275718887329
"Nance, Tommy","Hudson, Dakota",2022,R,4,0.5003362788463094
"Nance, Tommy","Quantrill, Cal",2022,R,5,0.5572232217498775
"Nance, Tommy","Foster, Matt",2022,R,6,0.5609199972939753
"Nance, Tommy","Wantz, Andrew",2022,R,7,0.5705585845044288
"Nance, Tommy","Heasley, Jonathan",2022,R,8,0.6170528269863865
"Nance, Tommy","Kowar, Jackson",2022,R,9,0.6253356076516854
"Nance, Tommy","Crawford, Kutter",2022,R,10,0.6338868331791605
"Nelson, Nick","Wendelken, J.B.",2022,R,1,0.2404768843957903
"Nelson, Nick","Martin, Corbin",2022,R,2,0.39911013635014314
"Nelson, Nick","Vest, Will",2022,R,3,0.4113809161122971
"Nelson, Nick","Neris, Héctor",2022,R,4,0.41664012454313537
"Nelson, Nick","Ureña, José",2022,R,5,0.4618980668630445
"Nelson, Nick","López, Jorge",2022,R,6,0.4860702467805038
"Nelson, Nick","Beasley, Jeremy",2022,R,7,0.49565304523699383
"Nelson, Nick","Perdomo, Luis",2022,R,8,0.5025298581942595
"Nelson, Nick","Severino, Luis",2022,R,9,0.537546410001386
"Nelson, Nick","King, Michael",2022,R,10,0.5490318706278108
"Nelson, Ryne","Houser, Adrian",2022,R,1,0.43622420074020873
"Nelson, Ryne","Hernández, Carlos",2022,R,2,0.43738972111144037
"Nelson, Ryne","Taillon, Jameson",2022,R,3,0.635771800935273
"Nelson, Ryne","Baz, Shane",2022,R,4,0.70884421266434
"Nelson, Ryne","Syndergaard, Noah",2022,R,5,0.7124051051444221
"Nelson, Ryne","Swanson, Erik",2022,R,6,0.7140659577244731
"Nelson, Ryne","Kirby, George",2022,R,7,0.7154964742453124
"Nelson, Ryne","Staumont, Josh",2022,R,8,0.7435576130219487
"Nelson, Ryne","Wick, Rowan",2022,R,9,0.7443638726895317
"Nelson, Ryne","Knebel, Corey",2022,R,10,0.7656730654109947
"Neris, Héctor","Martin, Corbin",2022,R,1,0.32582136384153776
"Neris, Héctor","Severino, Luis",2022,R,2,0.3555383473235709
"Neris, Héctor","Hunter, Tommy",2022,R,3,0.3597289879518607
"Neris, Héctor","Perdomo, Luis",2022,R,4,0.36111493211280926
"Neris, Héctor","Wendelken, J.B.",2022,R,5,0.4032075826777569
"Neris, Héctor","Nelson, Nick",2022,R,6,0.41664012454313537
"Neris, Héctor","Espinoza, Anderson",2022,R,7,0.42123012568961293
"Neris, Héctor","Kowar, Jackson",2022,R,8,0.4236023045292602
"Neris, Héctor","Sánchez, Miguel",2022,R,9,0.42511714143500184
"Neris, Héctor","Holderman, Colin",2022,R,10,0.4426893001765331
"Nogosek, Stephen","Gausman, Kevin",2022,R,1,0.13350701271532409
"Nogosek, Stephen","Hoffman, Jeff",2022,R,2,0.1746582582210763
"Nogosek, Stephen","Crowe, Wil",2022,R,3,0.23949680572293316
"Nogosek, Stephen","Morris, Cody",2022,R,4,0.26078664717928385
"Nogosek, Stephen","Keller, Mitch",2022,R,5,0.2992090901163922
"Nogosek, Stephen","Rasmussen, Drew",2022,R,6,0.333658707884947
"Nogosek, Stephen","Bednar, David",2022,R,7,0.3525438455860299
"Nogosek, Stephen","Winckowski, Josh",2022,R,8,0.3796534038714112
"Nogosek, Stephen","Knebel, Corey",2022,R,9,0.427945503711095
"Nogosek, Stephen","Fulmer, Michael",2022,R,10,0.4322840065092565
"Nola, Aaron","Flaherty, Jack",2022,R,1,0.4712456633015764
"Nola, Aaron","Williams, Trevor",2022,R,2,0.4796621963662703
"Nola, Aaron","Peralta, Freddy",2022,R,3,0.6174825464487863
"Nola, Aaron","Webb, Logan",2022,R,4,0.6951101676781262
"Nola, Aaron","Clevinger, Mike",2022,R,5,0.7082065934082037
"Nola, Aaron","Ottavino, Adam",2022,R,6,0.7562834360559739
"Nola, Aaron","Wittgren, Nick",2022,R,7,0.8366050313210205
"Nola, Aaron","Valdez, Phillips",2022,R,8,0.8511722755585174
"Nola, Aaron","Martinez, Seth",2022,R,9,0.8565467197842299
"Nola, Aaron","Marinaccio, Ron",2022,R,10,0.867874593540367
"Norwood, James","Weems, Jordan",2022,R,1,0.07782157099466155
"Norwood, James","Armstrong, Shawn",2022,R,2,0.3462589876732243
"Norwood, James","Thompson, Mason",2022,R,3,0.49202036804589794
"Norwood, James","Fernández, Junior",2022,R,4,0.49262637732280384
"Norwood, James","Hicks, Jordan",2022,R,5,0.5094045551693225
"Norwood, James","Kittredge, Andrew",2022,R,6,0.5354222958271444
"Norwood, James","Greene, Hunter",2022,R,7,0.5710904889127835
"Norwood, James","García, Luis",2022,R,8,0.5884809625919433
"Norwood, James","Coonrod, Sam",2022,R,9,0.611954254165128
"Norwood, James","Cole, Gerrit",2022,R,10,0.6402441669499975
"O'Day, Darren","Smith, Joe",2022,R,1,0.8015661858927281
"O'Day, Darren","Thompson, Ryan",2022,R,2,1.3895108206253846
"O'Day, Darren","Murfee, Penn",2022,R,3,1.5920902988875238
"O'Day, Darren","Kelley, Trevor",2022,R,4,1.6622994484641263
"O'Day, Darren","Mills, Wyatt",2022,R,5,2.0182371703476503
"O'Day, Darren","Sandlin, Nick",2022,R,6,2.0789587783359496
"O'Day, Darren","Effross, Scott",2022,R,7,2.2114737843356087
"O'Day, Darren","Garza Jr., Ralph",2022,R,8,2.5120842247561264
"O'Day, Darren","Schreiber, John",2022,R,9,2.5491160692978028
"O'Day, Darren","Martinez, Seth",2022,R,10,2.607872110780956
"Ober, Bailey","Cruz, Fernando",2022,R,1,0.40607879062103264
"Ober, Bailey","Grimm, Justin",2022,R,2,0.5297567644060337
"Ober, Bailey","Otto Jr., Glenn",2022,R,3,0.601865915613432
"Ober, Bailey","Lyles, Jordan",2022,R,4,0.6543912478326087
"Ober, Bailey","Sulser, Cole",2022,R,5,0.7544072674099631
"Ober, Bailey","Sanchez, Aaron",2022,R,6,0.7645194165809667
"Ober, Bailey","Wittgren, Nick",2022,R,7,0.8386405049570187
"Ober, Bailey","Brogdon, Connor",2022,R,8,0.8510985716063628
"Ober, Bailey","Zeuch, T.J.",2022,R,9,0.9215482253981995
"Ober, Bailey","Castro, Kervin",2022,R,10,0.9259136174019091
"Odorizzi, Jake","Foster, Matt",2022,R,1,0.3280715039406862
"Odorizzi, Jake","Yajure, Miguel",2022,R,2,0.36555737182115117
"Odorizzi, Jake","Pressly, Ryan",2022,R,3,0.3878829208419681
"Odorizzi, Jake","Heasley, Jonathan",2022,R,4,0.42190089905888883
"Odorizzi, Jake","Wantz, Andrew",2022,R,5,0.48646315915689414
"Odorizzi, Jake","Ruiz, Norge",2022,R,6,0.4983282626768495
"Odorizzi, Jake","White, Mitch",2022,R,7,0.5606884560199322
"Odorizzi, Jake","Krehbiel, Joey",2022,R,8,0.5643772262159101
"Odorizzi, Jake","Farmer, Buck",2022,R,9,0.5831928825159656
"Odorizzi, Jake","Crawford, Kutter",2022,R,10,0.5879646730653038
"Ohtani, Shohei","Manoah, Alek",2022,R,1,0.3099761696085151
"Ohtani, Shohei","Middleton, Keynan",2022,R,2,0.38491424182217354
"Ohtani, Shohei","Eflin, Zach",2022,R,3,0.41295229162221564
"Ohtani, Shohei","Brebbia, John",2022,R,4,0.4199719610374992
"Ohtani, Shohei","Hoeing, Bryan",2022,R,5,0.4374492162452405
"Ohtani, Shohei","Patiño, Luis",2022,R,6,0.455950258884451
"Ohtani, Shohei","Manning, Matt",2022,R,7,0.4737152301307551
"Ohtani, Shohei","Castillo, Max",2022,R,8,0.48063859021342287
"Ohtani, Shohei","Robertson, David",2022,R,9,0.5178501464344017
"Ohtani, Shohei","Kopech, Michael",2022,R,10,0.5477944380175732
"Oller, Adam","Ruiz, Norge",2022,R,1,0.2836275212133672
"Oller, Adam","Thompson, Keegan",2022,R,2,0.2864902510458743
"Oller, Adam","Arano, Víctor",2022,R,3,0.3036521908283796
"Oller, Adam","Tepera, Ryan",2022,R,4,0.3491585272588716
"Oller, Adam","Carrasco, Carlos",2022,R,5,0.35390381780908253
"Oller, Adam","Warren, Art",2022,R,6,0.3923896206219325
"Oller, Adam","Rucker, Michael",2022,R,7,0.4503449965711098
"Oller, Adam","Weiss, Zack",2022,R,8,0.4662311477864294
"Oller, Adam","Mayers, Mike",2022,R,9,0.47523590629066503
"Oller, Adam","Morris, Cody",2022,R,10,0.48228149744932375
"Ort, Kaleb","Vest, Will",2022,R,1,0.5094386188117006
"Ort, Kaleb","Gott, Trevor",2022,R,2,0.5591082493249608
"Ort, Kaleb","Santillan, Tony",2022,R,3,0.5623647302479492
"Ort, Kaleb","Santana, Dennis",2022,R,4,0.6709181087730598
"Ort, Kaleb","King, Michael",2022,R,5,0.7247660508479823
"Ort, Kaleb","Hudson, Daniel",2022,R,6,0.725106110623219
"Ort, Kaleb","Wendelken, J.B.",2022,R,7,0.7358729458012826
"Ort, Kaleb","Nelson, Nick",2022,R,8,0.7425549692412068
"Ort, Kaleb","De Los Santos, Enyel",2022,R,9,0.7434360773988868
"Ort, Kaleb","Chargois, JT",2022,R,10,0.7780790200161387
"Ortega, Oliver","Lamet, Dinelson",2022,R,1,0.2718653547909113
"Ortega, Oliver","Poteet, Cody",2022,R,2,0.31492882365515085
"Ortega, Oliver","Brazobán, Huascar",2022,R,3,0.44263690023505314
"Ortega, Oliver","Silseth, Chase",2022,R,4,0.45705738907757887
"Ortega, Oliver","Montas, Frankie",2022,R,5,0.48488936986436654
"Ortega, Oliver","Cobb, Alex",2022,R,6,0.5230326382671069
"Ortega, Oliver","Lakins, Travis",2022,R,7,0.5422037564888823
"Ortega, Oliver","Brieske, Beau",2022,R,8,0.5442282395980516
"Ortega, Oliver","Keller, Brad",2022,R,9,0.5749707540314755
"Ortega, Oliver","Faucher, Calvin",2022,R,10,0.5846675640557312
"Ortiz, Luis","Sawamura, Hirokazu",2022,R,1,0.2095763036789258
"Ortiz, Luis","Marte, Yunior",2022,R,2,0.23160084891584506
"Ortiz, Luis","Hernández, Jonathan",2022,R,3,0.2473478741172412
"Ortiz, Luis","Cole, Gerrit",2022,R,4,0.37635710726947413
"Ortiz, Luis","Graveman, Kendall",2022,R,5,0.390888158207912
"Ortiz, Luis","Pop, Zach",2022,R,6,0.4278058766994046
"Ortiz, Luis","Bello, Brayan",2022,R,7,0.49107224533130206
"Ortiz, Luis","Ureña, José",2022,R,8,0.491778940699408
"Ortiz, Luis","López, Reynaldo",2022,R,9,0.4994155961443459
"Ortiz, Luis","López, Jorge",2022,R,10,0.5389695953038633
"Ottavino, Adam","Wittgren, Nick",2022,R,1,0.33121016371071127
"Ottavino, Adam","Flaherty, Jack",2022,R,2,0.3845816318976606
"Ottavino, Adam","Stammen, Craig",2022,R,3,0.4251333940496803
"Ottavino, Adam","Kelly, Zack",2022,R,4,0.5081382075240906
"Ottavino, Adam","Wesneski, Hayden",2022,R,5,0.5412499964403327
"Ottavino, Adam","Darvish, Yu",2022,R,6,0.5773759921500659
"Ottavino, Adam","Marinaccio, Ron",2022,R,7,0.6176253394552741
"Ottavino, Adam","Cousins, Jake",2022,R,8,0.6368342353506176
"Ottavino, Adam","Wilson, Steven",2022,R,9,0.6487532322384326
"Ottavino, Adam","Clevinger, Mike",2022,R,10,0.658355525769475
"Otto Jr., Glenn","Lyles, Jordan",2022,R,1,0.32865777714045263
"Otto Jr., Glenn","Grimm, Justin",2022,R,2,0.38877497063192784
"Otto Jr., Glenn","Sulser, Cole",2022,R,3,0.4120846897049598
"Otto Jr., Glenn","Sanchez, Aaron",2022,R,4,0.5911255808382664
"Otto Jr., Glenn","Zeuch, T.J.",2022,R,5,0.5928538297966085
"Otto Jr., Glenn","Ober, Bailey",2022,R,6,0.601865915613432
"Otto Jr., Glenn","Bradley, Archie",2022,R,7,0.6095108127164884
"Otto Jr., Glenn","Gibson, Kyle",2022,R,8,0.6132684073006485
"Otto Jr., Glenn","Paddack, Chris",2022,R,9,0.630780224536705
"Otto Jr., Glenn","Stratton, Chris",2022,R,10,0.6342667934347531
"Overton, Connor","Blackburn, Paul",2022,R,1,0.5314777413302951
"Overton, Connor","Martinez, Nick",2022,R,2,0.5370700169778364
"Overton, Connor","Anderson, Chase",2022,R,3,0.564116546806314
"Overton, Connor","Yajure, Miguel",2022,R,4,0.6046626767848006
"Overton, Connor","Stashak, Cody",2022,R,5,0.6302412151601375
"Overton, Connor","Voth, Austin",2022,R,6,0.636570569211701
"Overton, Connor","Thornton, Trent",2022,R,7,0.6481324594301254
"Overton, Connor","Heasley, Jonathan",2022,R,8,0.6950807319035366
"Overton, Connor","Bassitt, Chris",2022,R,9,0.7219759397726491
"Overton, Connor","Watkins, Spenser",2022,R,10,0.7395699856387804
"Oviedo, Johan","Mize, Casey",2022,R,1,0.5376949395275052
"Oviedo, Johan","López, Pablo",2022,R,2,0.6263362139057366
"Oviedo, Johan","Flaherty, Jack",2022,R,3,0.757789594032608
"Oviedo, Johan","Brogdon, Connor",2022,R,4,0.8196626056805417
"Oviedo, Johan","Valdez, Phillips",2022,R,5,0.8260950017874662
"Oviedo, Johan","Ottavino, Adam",2022,R,6,0.8960605017561906
"Oviedo, Johan","Wittgren, Nick",2022,R,7,0.8982143845572098
"Oviedo, Johan","Castro, Anthony",2022,R,8,0.9127030291889467
"Oviedo, Johan","Manning, Matt",2022,R,9,0.9160963413137369
"Oviedo, Johan","Bickford, Phil",2022,R,10,0.9389575115287839
"Paddack, Chris","Gibson, Kyle",2022,R,1,0.3879130553291434
"Paddack, Chris","Grimm, Justin",2022,R,2,0.540182759235519
"Paddack, Chris","Lyles, Jordan",2022,R,3,0.6060502514158409
"Paddack, Chris","Otto Jr., Glenn",2022,R,4,0.630780224536705
"Paddack, Chris","Giolito, Lucas",2022,R,5,0.6313481877023727
"Paddack, Chris","McKenzie, Triston",2022,R,6,0.7722170645032871
"Paddack, Chris","Bolaños, Ronald",2022,R,7,0.7973563399480323
"Paddack, Chris","Pivetta, Nick",2022,R,8,0.8178163658686566
"Paddack, Chris","Bradley, Archie",2022,R,9,0.8245990386789872
"Paddack, Chris","Rodríguez, Elvin",2022,R,10,0.8859961141215512
"Pagán, Emilio","Pepiot, Ryan",2022,R,1,0.3125791902469102
"Pagán, Emilio","Brasier, Ryan",2022,R,2,0.3432508803452435
"Pagán, Emilio","Barnes, Jacob",2022,R,3,0.3822700659119858
"Pagán, Emilio","Kennedy, Ian",2022,R,4,0.40258778928244576
"Pagán, Emilio","Kahnle, Tommy",2022,R,5,0.4726824401927544
"Pagán, Emilio","Singer, Brady",2022,R,6,0.5031212372115869
"Pagán, Emilio","Kirby, George",2022,R,7,0.5466011283150537
"Pagán, Emilio","Stephan, Trevor",2022,R,8,0.5595221063336806
"Pagán, Emilio","Almonte, Yency",2022,R,9,0.5723082835300773
"Pagán, Emilio","Machado, Andrés",2022,R,10,0.6170484390501995
"Pallante, Andre","Kopech, Michael",2022,R,1,0.20638778457041462
"Pallante, Andre","De los Santos, Yerry",2022,R,2,0.23760460455372973
"Pallante, Andre","Baz, Shane",2022,R,3,0.2535109157128504
"Pallante, Andre","Leone, Dominic",2022,R,4,0.27193708347814133
"Pallante, Andre","Wick, Rowan",2022,R,5,0.31327468376070916
"Pallante, Andre","Kirby, George",2022,R,6,0.34494558717664925
"Pallante, Andre","Kahnle, Tommy",2022,R,7,0.35962832934635086
"Pallante, Andre","Middleton, Keynan",2022,R,8,0.375184587742776
"Pallante, Andre","Winckowski, Josh",2022,R,9,0.38176385980880917
"Pallante, Andre","Stephan, Trevor",2022,R,10,0.40123745111179115
"Patiño, Luis","Middleton, Keynan",2022,R,1,0.24155601671094085
"Patiño, Luis","Green, Chad",2022,R,2,0.34850237323309335
"Patiño, Luis","De los Santos, Yerry",2022,R,3,0.3949683333621231
"Patiño, Luis","Manoah, Alek",2022,R,4,0.40686505474171447
"Patiño, Luis","Wick, Rowan",2022,R,5,0.41767722001888086
"Patiño, Luis","Kopech, Michael",2022,R,6,0.4305491871304054
"Patiño, Luis","Taillon, Jameson",2022,R,7,0.45105522803433223
"Patiño, Luis","Ohtani, Shohei",2022,R,8,0.455950258884451
"Patiño, Luis","Pallante, Andre",2022,R,9,0.4782871068267281
"Patiño, Luis","Knebel, Corey",2022,R,10,0.49622306532913635
"Payamps, Joel","Medina, Adonis",2022,R,1,0.2910725757274422
"Payamps, Joel","Richards, Garrett",2022,R,2,0.36883297794389514
"Payamps, Joel","Lorenzen, Michael",2022,R,3,0.39361033238273
"Payamps, Joel","Silseth, Chase",2022,R,4,0.39442448734848384
"Payamps, Joel","Lakins, Travis",2022,R,5,0.41790725213472263
"Payamps, Joel","Smith, Drew",2022,R,6,0.44411424125918675
"Payamps, Joel","González, Chi Chi",2022,R,7,0.45521228058809077
"Payamps, Joel","Weiss, Zack",2022,R,8,0.47555170656281975
"Payamps, Joel","Jefferies, Daulton",2022,R,9,0.4811806606415603
"Payamps, Joel","Garcia, Bryan",2022,R,10,0.4956525106466603
"Peguero, Elvis","Foley, Jason",2022,R,1,0.5928810134450134
"Peguero, Elvis","Jiménez, Joe",2022,R,2,0.6590634913697521
"Peguero, Elvis","Gil, Luis",2022,R,3,0.6862362728945925
"Peguero, Elvis","Hudson, Daniel",2022,R,4,0.7267041493185864
"Peguero, Elvis","Thompson, Mason",2022,R,5,0.7514151585238337
"Peguero, Elvis","Pop, Zach",2022,R,6,0.7794963536108159
"Peguero, Elvis","Armstrong, Shawn",2022,R,7,0.7993814252086797
"Peguero, Elvis","Abreu, Albert",2022,R,8,0.8254563590838729
"Peguero, Elvis","Machado, Andrés",2022,R,9,0.8410756581041465
"Peguero, Elvis","Cole, Gerrit",2022,R,10,0.8643624055498798
"Pepiot, Ryan","Barnes, Jacob",2022,R,1,0.25624796715719467
"Pepiot, Ryan","Pagán, Emilio",2022,R,2,0.3125791902469102
"Pepiot, Ryan","Brasier, Ryan",2022,R,3,0.37718005998497184
"Pepiot, Ryan","De los Santos, Yerry",2022,R,4,0.4354875945436869
"Pepiot, Ryan","Almonte, Yency",2022,R,5,0.4581530580302083
"Pepiot, Ryan","Kahnle, Tommy",2022,R,6,0.468519259496121
"Pepiot, Ryan","Kirby, George",2022,R,7,0.5052658829055254
"Pepiot, Ryan","Middleton, Keynan",2022,R,8,0.508650519858055
"Pepiot, Ryan","Kopech, Michael",2022,R,9,0.512907997272396
"Pepiot, Ryan","Wick, Rowan",2022,R,10,0.5390948914211706
"Peralta, Freddy","Nola, Aaron",2022,R,1,0.6174825464487863
"Peralta, Freddy","Miller, Tyson",2022,R,2,0.6956621419332457
"Peralta, Freddy","Flaherty, Jack",2022,R,3,0.8454069964767091
"Peralta, Freddy","Martinez, Seth",2022,R,4,0.856554571682717
"Peralta, Freddy","Williams, Trevor",2022,R,5,0.8993133681832123
"Peralta, Freddy","Toussaint, Touki",2022,R,6,0.948376288800805
"Peralta, Freddy","Ottavino, Adam",2022,R,7,1.034300570895886
"Peralta, Freddy","Williams, Devin",2022,R,8,1.0708835562770684
"Peralta, Freddy","Webb, Logan",2022,R,9,1.072679469816696
"Peralta, Freddy","Barlow, Scott",2022,R,10,1.0882497263460664
"Peralta, Wily","Feyereisen, J.P.",2022,R,1,0.4361882655251011
"Peralta, Wily","Winder, Josh",2022,R,2,0.5598006675011316
"Peralta, Wily","Elder, Bryce",2022,R,3,0.5602557688732572
"Peralta, Wily","Gallegos, Giovanny",2022,R,4,0.6470870608885771
"Peralta, Wily","Faedo, Alex",2022,R,5,0.6536684077850147
"Peralta, Wily","Urquidy, José",2022,R,6,0.7181888282229789
"Peralta, Wily","Lemoine, Jake",2022,R,7,0.7311855604124793
"Peralta, Wily","Stephens, Jackson",2022,R,8,0.7729152141547332
"Peralta, Wily","Brieske, Beau",2022,R,9,0.7853292130469675
"Peralta, Wily","VerHagen, Drew",2022,R,10,0.8077372041260473
"Perdomo, Luis","Arano, Víctor",2022,R,1,0.26936745287680663
"Perdomo, Luis","Martin, Corbin",2022,R,2,0.32796211331124103
"Perdomo, Luis","Neris, Héctor",2022,R,3,0.36111493211280926
"Perdomo, Luis","Wendelken, J.B.",2022,R,4,0.37228119064860127
"Perdomo, Luis","Espinoza, Anderson",2022,R,5,0.4043265161843068
"Perdomo, Luis","Weiss, Zack",2022,R,6,0.4118449657932369
"Perdomo, Luis","Kowar, Jackson",2022,R,7,0.4345450639284725
"Perdomo, Luis","Adon, Joan",2022,R,8,0.4736143576185969
"Perdomo, Luis","Keller, Mitch",2022,R,9,0.4757031211244338
"Perdomo, Luis","Oller, Adam",2022,R,10,0.48718241136988577
"Phelps, David","Leclerc, José",2022,R,1,0.6691481277060215
"Phelps, David","Bielak, Brandon",2022,R,2,0.7269215877201194
"Phelps, David","Brubaker, JT",2022,R,3,0.9173790582593192
"Phelps, David","Castillo, Diego",2022,R,4,1.0415081950435523
"Phelps, David","Lemoine, Jake",2022,R,5,1.1228653714713432
"Phelps, David","Márquez, Germán",2022,R,6,1.1784083692876224
"Phelps, David","Boxberger, Brad",2022,R,7,1.1909467922640138
"Phelps, David","Faucher, Calvin",2022,R,8,1.2000689971894272
"Phelps, David","Johnson, Pierce",2022,R,9,1.2235752024752613
"Phelps, David","Cessa, Luis",2022,R,10,1.2584476456946945
"Phillips, Evan","Ramírez, Erasmo",2022,R,1,0.290224264588591
"Phillips, Evan","Warren, Austin",2022,R,2,0.3545557179285055
"Phillips, Evan","Brash, Matt",2022,R,3,0.37114436373182935
"Phillips, Evan","Gray, Jon",2022,R,4,0.4586597387252715
"Phillips, Evan","Beede, Tyler",2022,R,5,0.4868603681784526
"Phillips, Evan","King, Michael",2022,R,6,0.5029202235830382
"Phillips, Evan","Bello, Brayan",2022,R,7,0.5339379082220342
"Phillips, Evan","Widener, Taylor",2022,R,8,0.5371773269078666
"Phillips, Evan","Lynn, Lance",2022,R,9,0.6004046158410508
"Phillips, Evan","Wright, Kyle",2022,R,10,0.6011982670296621
"Pineda, Michael","Melancon, Mark",2022,R,1,0.47334283741035854
"Pineda, Michael","Goudeau, Ashton",2022,R,2,0.4807777139287631
"Pineda, Michael","Watkins, Spenser",2022,R,3,0.5004191817553093
"Pineda, Michael","Farrell, Luke",2022,R,4,0.5130513958723235
"Pineda, Michael","Barria, Jaime",2022,R,5,0.5280743282980908
"Pineda, Michael","Musgrove, Joe",2022,R,6,0.6194443626569055
"Pineda, Michael","Garcia, Luis",2022,R,7,0.6606872003685982
"Pineda, Michael","Mikolas, Miles",2022,R,8,0.6629161766898705
"Pineda, Michael","Thompson, Zach",2022,R,9,0.7863347161027648
"Pineda, Michael","Walker, Taijuan",2022,R,10,0.839066922959362
"Pivetta, Nick","Wacha, Michael",2022,R,1,0.43472397288421916
"Pivetta, Nick","Giolito, Lucas",2022,R,2,0.4507468340517656
"Pivetta, Nick","McKenzie, Triston",2022,R,3,0.5151407142323743
"Pivetta, Nick","Gibson, Kyle",2022,R,4,0.7371679159767357
"Pivetta, Nick","Mikolas, Miles",2022,R,5,0.7664502460582134
"Pivetta, Nick","Paddack, Chris",2022,R,6,0.8178163658686566
"Pivetta, Nick","Law, Derek",2022,R,7,0.8809489196837462
"Pivetta, Nick","Syndergaard, Noah",2022,R,8,0.8864283226949807
"Pivetta, Nick","Goudeau, Ashton",2022,R,9,0.913699235327462
"Pivetta, Nick","Bolaños, Ronald",2022,R,10,0.9303595785596108
"Plesac, Zach","Gonsolin, Tony",2022,R,1,0.4747006406202413
"Plesac, Zach","Pressly, Ryan",2022,R,2,0.47864380293465786
"Plesac, Zach","Devenski, Chris",2022,R,3,0.5854308221499543
"Plesac, Zach","Chacín, Jhoulys",2022,R,4,0.6204610144965034
"Plesac, Zach","Odorizzi, Jake",2022,R,5,0.6327053557163613
"Plesac, Zach","Garcia, Luis",2022,R,6,0.6501248563421099
"Plesac, Zach","Yajure, Miguel",2022,R,7,0.6547131993048533
"Plesac, Zach","De Jong, Chase",2022,R,8,0.7056897694877876
"Plesac, Zach","Whitley, Kodi",2022,R,9,0.77430531237842
"Plesac, Zach","Musgrove, Joe",2022,R,10,0.7881444867317822
"Pop, Zach","Hudson, Daniel",2022,R,1,0.3710083592420692
"Pop, Zach","Cole, Gerrit",2022,R,2,0.4188233282206589
"Pop, Zach","Foley, Jason",2022,R,3,0.4207100890797516
"Pop, Zach","Ortiz, Luis",2022,R,4,0.4278058766994046
"Pop, Zach","Sawamura, Hirokazu",2022,R,5,0.4604805233639913
"Pop, Zach","López, Jorge",2022,R,6,0.5233236226677868
"Pop, Zach","Marte, Yunior",2022,R,7,0.5372539930075874
"Pop, Zach","Loáisiga, Jonathan",2022,R,8,0.5520578297720125
"Pop, Zach","Estévez, Carlos",2022,R,9,0.5539334132940884
"Pop, Zach","Coonrod, Sam",2022,R,10,0.5824487877546519
"Poppen, Sean","Iglesias, Raisel",2022,R,1,0.339578416606346
"Poppen, Sean","Warren, Austin",2022,R,2,0.34415449537265513
"Poppen, Sean","Ramírez, Erasmo",2022,R,3,0.4284663236861779
"Poppen, Sean","Moronta, Reyes",2022,R,4,0.5152010941812757
"Poppen, Sean","Brash, Matt",2022,R,5,0.5637211546117245
"Poppen, Sean","Feltner, Ryan",2022,R,6,0.5864780096834877
"Poppen, Sean","Gsellman, Robert",2022,R,7,0.5913703904945711
"Poppen, Sean","Phillips, Evan",2022,R,8,0.6131464448780934
"Poppen, Sean","Bush, Matt",2022,R,9,0.6160076459633134
"Poppen, Sean","Kelly, Merrill",2022,R,10,0.6203458101172904
"Poteet, Cody","Silseth, Chase",2022,R,1,0.25677343193789803
"Poteet, Cody","Ortega, Oliver",2022,R,2,0.31492882365515085
"Poteet, Cody","Lakins, Travis",2022,R,3,0.3363558363711315
"Poteet, Cody","Brieske, Beau",2022,R,4,0.3505696181364711
"Poteet, Cody","Lamet, Dinelson",2022,R,5,0.4608556505903468
"Poteet, Cody","Payamps, Joel",2022,R,6,0.5734377750188172
"Poteet, Cody","Brazobán, Huascar",2022,R,7,0.5832112764048099
"Poteet, Cody","Cobb, Alex",2022,R,8,0.5943350332349603
"Poteet, Cody","Lambert, Jimmy",2022,R,9,0.6037275349884811
"Poteet, Cody","Richards, Garrett",2022,R,10,0.6428671534613689
"Pressly, Ryan","Odorizzi, Jake",2022,R,1,0.3878829208419681
"Pressly, Ryan","Plesac, Zach",2022,R,2,0.47864380293465786
"Pressly, Ryan","Foster, Matt",2022,R,3,0.5229457341843081
"Pressly, Ryan","Barlow, Joe",2022,R,4,0.6402853359436876
"Pressly, Ryan","Yajure, Miguel",2022,R,5,0.6602256153366213
"Pressly, Ryan","Gonsolin, Tony",2022,R,6,0.6834108262826875
"Pressly, Ryan","Chacín, Jhoulys",2022,R,7,0.7208025399887544
"Pressly, Ryan","Stephenson, Robert",2022,R,8,0.7369083184116576
"Pressly, Ryan","Heasley, Jonathan",2022,R,9,0.7386418314750887
"Pressly, Ryan","Contreras, Roansy",2022,R,10,0.7439364678662355
"Pruitt, Austin","Cessa, Luis",2022,R,1,0.5620592508209142
"Pruitt, Austin","Lambert, Jimmy",2022,R,2,0.6072090994546965
"Pruitt, Austin","Stephens, Jackson",2022,R,3,0.620586265482707
"Pruitt, Austin","Boxberger, Brad",2022,R,4,0.6774446218806708
"Pruitt, Austin","Lugo, Seth",2022,R,5,0.7022296446821763
"Pruitt, Austin","Anderson, Chase",2022,R,6,0.7736598112685131
"Pruitt, Austin","Stashak, Cody",2022,R,7,0.8044727321354
"Pruitt, Austin","Chacín, Jhoulys",2022,R,8,0.8466804837393882
"Pruitt, Austin","Brieske, Beau",2022,R,9,0.8510084259998288
"Pruitt, Austin","Winder, Josh",2022,R,10,0.859114021283599
"Quantrill, Cal","Bradish, Kyle",2022,R,1,0.46727079531638216
"Quantrill, Cal","Cabrera, Edward",2022,R,2,0.49773403463266236
"Quantrill, Cal","Littell, Zack",2022,R,3,0.5031622169349369
"Quantrill, Cal","Nance, Tommy",2022,R,4,0.5572232217498775
"Quantrill, Cal","Archer, Chris",2022,R,5,0.5789218394752743
"Quantrill, Cal","Law, Derek",2022,R,6,0.592567549476301
"Quantrill, Cal","Colomé, Alex",2022,R,7,0.6215335548099009
"Quantrill, Cal","Hjelle, Sean",2022,R,8,0.6544886456527214
"Quantrill, Cal","Baumann, Mike",2022,R,9,0.6926958854052961
"Quantrill, Cal","Trivino III, Lou",2022,R,10,0.6941775640733693
"Rainey, Tanner","Greene, Hunter",2022,R,1,0.39190789095848266
"Rainey, Tanner","Hicks, Jordan",2022,R,2,0.5823894930856667
"Rainey, Tanner","Martin, Chris",2022,R,3,0.6485801741925461
"Rainey, Tanner","Norwood, James",2022,R,4,0.7129131279617718
"Rainey, Tanner","Coonrod, Sam",2022,R,5,0.7133110367488984
"Rainey, Tanner","Weems, Jordan",2022,R,6,0.7729420692367962
"Rainey, Tanner","Armstrong, Shawn",2022,R,7,0.7856957109310874
"Rainey, Tanner","López, Jorge",2022,R,8,0.7897679373349312
"Rainey, Tanner","Fernández, Junior",2022,R,9,0.8284121917801985
"Rainey, Tanner","García, Luis",2022,R,10,0.8474020185822061
"Ramirez, Noé","Lawrence, Casey",2022,R,1,0.5704462364355325
"Ramirez, Noé","Garza Jr., Ralph",2022,R,2,0.6761665863377948
"Ramirez, Noé","Castellanos, Humberto",2022,R,3,0.6899451309148887
"Ramirez, Noé","Crick, Kyle",2022,R,4,0.7809204373158103
"Ramirez, Noé","Dugger, Robert",2022,R,5,0.8074284520528892
"Ramirez, Noé","Kluber, Corey",2022,R,6,1.2489392368279393
"Ramirez, Noé","Head, Louis",2022,R,7,1.2555478559310642
"Ramirez, Noé","Festa, Matt",2022,R,8,1.3168902561108409
"Ramirez, Noé","Germán, Domingo",2022,R,9,1.4260027478806063
"Ramirez, Noé","Davies, Zach",2022,R,10,1.4301054081807834
"Ramírez, Erasmo","Brash, Matt",2022,R,1,0.1857739694404453
"Ramírez, Erasmo","Warren, Austin",2022,R,2,0.2613033385204769
"Ramírez, Erasmo","Phillips, Evan",2022,R,3,0.290224264588591
"Ramírez, Erasmo","Beede, Tyler",2022,R,4,0.40363305266734956
"Ramírez, Erasmo","Feltner, Ryan",2022,R,5,0.4206340228822978
"Ramírez, Erasmo","Poppen, Sean",2022,R,6,0.4284663236861779
"Ramírez, Erasmo","Moronta, Reyes",2022,R,7,0.5896409060485998
"Ramírez, Erasmo","Berríos, José",2022,R,8,0.5950605575998035
"Ramírez, Erasmo","Gray, Jon",2022,R,9,0.6237167275820072
"Ramírez, Erasmo","Llovera, Mauricio",2022,R,10,0.6284632323644914
"Ramírez, Yohan","Bickford, Phil",2022,R,1,0.4097111760440663
"Ramírez, Yohan","Valdez, Phillips",2022,R,2,0.5642279700875125
"Ramírez, Yohan","Widener, Taylor",2022,R,3,0.9053760516048621
"Ramírez, Yohan","Castro, Miguel",2022,R,4,0.9283450331879434
"Ramírez, Yohan","Kimbrel, Craig",2022,R,5,0.9302386833326538
"Ramírez, Yohan","Oviedo, Johan",2022,R,6,0.9684233383107662
"Ramírez, Yohan","López, Pablo",2022,R,7,0.9778781145516114
"Ramírez, Yohan","Uelmen, Erich",2022,R,8,1.0354625573450813
"Ramírez, Yohan","Reid-Foley, Sean",2022,R,9,1.0513074129615063
"Ramírez, Yohan","Varland, Louis",2022,R,10,1.0899681277958804
"Rasmussen, Drew","Winckowski, Josh",2022,R,1,0.1085159100246682
"Rasmussen, Drew","Knebel, Corey",2022,R,2,0.14834662067707374
"Rasmussen, Drew","Fulmer, Michael",2022,R,3,0.29520055821624447
"Rasmussen, Drew","Nogosek, Stephen",2022,R,4,0.333658707884947
"Rasmussen, Drew","Trivino III, Lou",2022,R,5,0.34111339614089586
"Rasmussen, Drew","Baz, Shane",2022,R,6,0.3449068313848364
"Rasmussen, Drew","Crowe, Wil",2022,R,7,0.35801398016458225
"Rasmussen, Drew","Gausman, Kevin",2022,R,8,0.3661048743484462
"Rasmussen, Drew","Cabrera, Edward",2022,R,9,0.39170642035814207
"Rasmussen, Drew","Pallante, Andre",2022,R,10,0.4248148614894925
"Reed, Jake","Danish, Tyler",2022,R,1,1.292084039943879
"Reed, Jake","Scott, Tayler",2022,R,2,1.818868960601118
"Reed, Jake","Sands, Cole",2022,R,3,1.8833571459042107
"Reed, Jake","Lawrence, Justin",2022,R,4,1.9022879026758037
"Reed, Jake","Herget, Jimmy",2022,R,5,1.9273748713838872
"Reed, Jake","Gray, Josiah",2022,R,6,1.9919922918623756
"Reed, Jake","García, Yimi",2022,R,7,2.0306794093915594
"Reed, Jake","McCullers Jr., Lance",2022,R,8,2.078825950751105
"Reed, Jake","Cueto, Johnny",2022,R,9,2.0836320955468226
"Reed, Jake","Ramirez, Noé",2022,R,10,2.1051573709474094
"Reid-Foley, Sean","López, Pablo",2022,R,1,0.6444571254925515
"Reid-Foley, Sean","Kilian, Caleb",2022,R,2,0.646198031458624
"Reid-Foley, Sean","May, Trevor",2022,R,3,0.6494240279027866
"Reid-Foley, Sean","Pagán, Emilio",2022,R,4,0.6803164740207986
"Reid-Foley, Sean","Singer, Brady",2022,R,5,0.7364764642178218
"Reid-Foley, Sean","Pepiot, Ryan",2022,R,6,0.7865657467839869
"Reid-Foley, Sean","Brasier, Ryan",2022,R,7,0.7904330735845659
"Reid-Foley, Sean","Machado, Andrés",2022,R,8,0.8156292190259702
"Reid-Foley, Sean","Gibaut, Ian",2022,R,9,0.8375069703205827
"Reid-Foley, Sean","Valdez, Phillips",2022,R,10,0.8528564720999822
"Richards, Garrett","Payamps, Joel",2022,R,1,0.36883297794389514
"Richards, Garrett","Smith, Drew",2022,R,2,0.38192062902808993
"Richards, Garrett","Weiss, Zack",2022,R,3,0.435399823421907
"Richards, Garrett","Cobb, Alex",2022,R,4,0.4400562210867254
"Richards, Garrett","Strickland, Hunter",2022,R,5,0.440647241941711
"Richards, Garrett","Santana, Dennis",2022,R,6,0.4593359771652968
"Richards, Garrett","Silseth, Chase",2022,R,7,0.48048208114211793
"Richards, Garrett","Senzatela, Antonio",2022,R,8,0.4807948314091012
"Richards, Garrett","Medina, Adonis",2022,R,9,0.5055422418248081
"Richards, Garrett","Espinoza, Anderson",2022,R,10,0.5099133622619232
"Richards, Trevor","Howard, Spencer",2022,R,1,0.2523844541143343
"Richards, Trevor","Martin, Davis",2022,R,2,0.2866870269028265
"Richards, Trevor","Melancon, Mark",2022,R,3,0.40159437259944825
"Richards, Trevor","Sulser, Beau",2022,R,4,0.46457806681477687
"Richards, Trevor","Rodríguez, Elvin",2022,R,5,0.46569206104288635
"Richards, Trevor","Hudson, Dakota",2022,R,6,0.4818416200688454
"Richards, Trevor","Bolaños, Ronald",2022,R,7,0.5170340266433365
"Richards, Trevor","White, Mitch",2022,R,8,0.59078396978898
"Richards, Trevor","Mikolas, Miles",2022,R,9,0.6201466115123776
"Richards, Trevor","Hoffman, Jeff",2022,R,10,0.6273699167993155
"Robertson, David","Eflin, Zach",2022,R,1,0.18944382754261163
"Robertson, David","Manoah, Alek",2022,R,2,0.39141841611596806
"Robertson, David","Stammen, Craig",2022,R,3,0.4061183723206559
"Robertson, David","Castillo, Max",2022,R,4,0.41305644155632604
"Robertson, David","Kelly, Zack",2022,R,5,0.43639895351642677
"Robertson, David","Brebbia, John",2022,R,6,0.4381571385182351
"Robertson, David","Gallen, Zac",2022,R,7,0.4791377929060585
"Robertson, David","Ohtani, Shohei",2022,R,8,0.5178501464344017
"Robertson, David","Eovaldi, Nathan",2022,R,9,0.5368504562403833
"Robertson, David","Assad, Javier",2022,R,10,0.56559155232392
"Robles, Hansel","Hernández, Jonathan",2022,R,1,0.43597381145836656
"Robles, Hansel","Cisnero, José",2022,R,2,0.4410568421725915
"Robles, Hansel","Marte, Yunior",2022,R,3,0.4982356570827649
"Robles, Hansel","Chargois, JT",2022,R,4,0.6194916352880608
"Robles, Hansel","Ortiz, Luis",2022,R,5,0.6608655259243905
"Robles, Hansel","Bush, Matt",2022,R,6,0.7181566275629885
"Robles, Hansel","Bello, Brayan",2022,R,7,0.7375317451115381
"Robles, Hansel","Muñoz, Andrés",2022,R,8,0.7503129554694106
"Robles, Hansel","Sawamura, Hirokazu",2022,R,9,0.7685414250437572
"Robles, Hansel","Graveman, Kendall",2022,R,10,0.7710960372706822
"Rodríguez, Elvin","Bolaños, Ronald",2022,R,1,0.19169245030428825
"Rodríguez, Elvin","Howard, Spencer",2022,R,2,0.28539189086537575
"Rodríguez, Elvin","Bradley, Archie",2022,R,3,0.3021119687508547
"Rodríguez, Elvin","Adam, Jason",2022,R,4,0.37528303404063373
"Rodríguez, Elvin","Martin, Davis",2022,R,5,0.39550263223628024
"Rodríguez, Elvin","Assad, Javier",2022,R,6,0.4453326009675828
"Rodríguez, Elvin","Sulser, Beau",2022,R,7,0.4491856231184907
"Rodríguez, Elvin","Richards, Trevor",2022,R,8,0.46569206104288635
"Rodríguez, Elvin","Crowe, Wil",2022,R,9,0.47302297993802256
"Rodríguez, Elvin","Hoffman, Jeff",2022,R,10,0.4825094598237657
"Rodríguez, Manuel","Moreta, Dauri",2022,R,1,0.3363668752784176
"Rodríguez, Manuel","Graveman, Kendall",2022,R,2,0.3719401828842187
"Rodríguez, Manuel","Ureña, José",2022,R,3,0.44401791886178277
"Rodríguez, Manuel","Severino, Luis",2022,R,4,0.4490430957667338
"Rodríguez, Manuel","López, Reynaldo",2022,R,5,0.5164505742206427
"Rodríguez, Manuel","Sawamura, Hirokazu",2022,R,6,0.5296100809038385
"Rodríguez, Manuel","Clarke, Taylor",2022,R,7,0.532880572237226
"Rodríguez, Manuel","Burnes, Corbin",2022,R,8,0.5579206992937745
"Rodríguez, Manuel","Kittredge, Andrew",2022,R,9,0.6568972206802685
"Rodríguez, Manuel","Holderman, Colin",2022,R,10,0.6581303396693033
"Rogers, Tyler","Cimber, Adam",2022,R,1,2.650639651671188
"Rogers, Tyler","Smith, Joe",2022,R,2,4.074644299530142
"Rogers, Tyler","O'Day, Darren",2022,R,3,4.756530293167337
"Rogers, Tyler","Effross, Scott",2022,R,4,4.915515615197103
"Rogers, Tyler","Kelley, Trevor",2022,R,5,5.160139003411238
"Rogers, Tyler","Mills, Wyatt",2022,R,6,5.313147873800164
"Rogers, Tyler","Thompson, Ryan",2022,R,7,5.503018638284021
"Rogers, Tyler","Murfee, Penn",2022,R,8,5.717206178127881
"Rogers, Tyler","Cuas, Jose",2022,R,9,6.274084196054474
"Rogers, Tyler","Sandlin, Nick",2022,R,10,6.441229392396256
"Romano, Jordan","Megill, Tylor",2022,R,1,0.3012935858167865
"Romano, Jordan","Gilbert, Logan",2022,R,2,0.5634595150330529
"Romano, Jordan","Tetreault, Jackson",2022,R,3,0.6992908259417404
"Romano, Jordan","Whitlock, Garrett",2022,R,4,0.757938201099003
"Romano, Jordan","Cyr, Tyler",2022,R,5,0.8836410636882001
"Romano, Jordan","Wheeler, Zack",2022,R,6,0.9339538114029222
"Romano, Jordan","May, Trevor",2022,R,7,0.9499793404965573
"Romano, Jordan","Hendriks, Liam",2022,R,8,1.00509568673507
"Romano, Jordan","Kilian, Caleb",2022,R,9,1.0453092168458817
"Romano, Jordan","Kuhnel, Joel",2022,R,10,1.0497875832126657
"Romo, Sergio","Dugger, Robert",2022,R,1,1.153046810572571
"Romo, Sergio","Espino, Paolo",2022,R,2,1.5375355462567286
"Romo, Sergio","McHugh, Collin",2022,R,3,1.5621777190487947
"Romo, Sergio","Ramirez, Noé",2022,R,4,1.6588544042266398
"Romo, Sergio","Lawrence, Casey",2022,R,5,1.7796090525103014
"Romo, Sergio","Mills, Alec",2022,R,6,1.8368503969974803
"Romo, Sergio","Crick, Kyle",2022,R,7,1.8645781439549618
"Romo, Sergio","Kluber, Corey",2022,R,8,1.8797795658171514
"Romo, Sergio","Barlow, Scott",2022,R,9,1.9021287820105839
"Romo, Sergio","Dunning, Dane",2022,R,10,1.9067088819080393
"Rucker, Michael","Mayers, Mike",2022,R,1,0.1622693772824806
"Rucker, Michael","Kelly, Merrill",2022,R,2,0.2845922203116393
"Rucker, Michael","Martinez, Adrián",2022,R,3,0.4145572912303305
"Rucker, Michael","Oller, Adam",2022,R,4,0.4503449965711098
"Rucker, Michael","Abbott, Cory",2022,R,5,0.4795169416567555
"Rucker, Michael","Weiss, Zack",2022,R,6,0.4923359007147764
"Rucker, Michael","Llovera, Mauricio",2022,R,7,0.5132584813051825
"Rucker, Michael","Morton, Charlie",2022,R,8,0.5180093129113573
"Rucker, Michael","Schmidt, Clarke",2022,R,9,0.5180366971986434
"Rucker, Michael","Thompson, Keegan",2022,R,10,0.5196787844601976
"Ruiz, José","Keller, Brad",2022,R,1,0.37251560378775406
"Ruiz, José","Montas, Frankie",2022,R,2,0.4065446991202968
"Ruiz, José","Sborz, Josh",2022,R,3,0.42415951311362626
"Ruiz, José","Lamet, Dinelson",2022,R,4,0.609603110466543
"Ruiz, José","Steckenrider, Drew",2022,R,5,0.6161884597018625
"Ruiz, José","Ortega, Oliver",2022,R,6,0.6487662952310909
"Ruiz, José","Familia, Jeurys",2022,R,7,0.6606710603646639
"Ruiz, José","Tinoco, Jesus",2022,R,8,0.7183471729809167
"Ruiz, José","Clarke, Taylor",2022,R,9,0.7216518271572627
"Ruiz, José","Bender, Anthony",2022,R,10,0.7409543620386311
"Ruiz, Norge","Thompson, Keegan",2022,R,1,0.2797761135063431
"Ruiz, Norge","Oller, Adam",2022,R,2,0.2836275212133672
"Ruiz, Norge","Arano, Víctor",2022,R,3,0.28686100512435697
"Ruiz, Norge","Crawford, Kutter",2022,R,4,0.3450983557073994
"Ruiz, Norge","Foster, Matt",2022,R,5,0.36722607682083513
"Ruiz, Norge","Farmer, Buck",2022,R,6,0.36959980467799436
"Ruiz, Norge","Kowar, Jackson",2022,R,7,0.3907719192275704
"Ruiz, Norge","Wantz, Andrew",2022,R,8,0.4055589641023126
"Ruiz, Norge","Stephenson, Robert",2022,R,9,0.44245298410757017
"Ruiz, Norge","Carrasco, Carlos",2022,R,10,0.44457100562642854
"Ryan, Joe","Festa, Matt",2022,R,1,0.358945689054825
"Ryan, Joe","García, Rony",2022,R,2,0.45324243254734736
"Ryan, Joe","Head, Louis",2022,R,3,0.49153083002863324
"Ryan, Joe","Gutierrez, Vladimir",2022,R,4,0.4930379296959649
"Ryan, Joe","Strzelecki, Peter",2022,R,5,0.5620490823906324
"Ryan, Joe","Tate, Dillon",2022,R,6,0.586234661303859
"Ryan, Joe","Hill, Garrett",2022,R,7,0.6295592030882478
"Ryan, Joe","Chavez, Jesse",2022,R,8,0.658369143318658
"Ryan, Joe","Alexander, Jason",2022,R,9,0.6646198488159216
"Ryan, Joe","Feltner, Ryan",2022,R,10,0.6923626357061258
"Sampson, Adrian","Lange, Alex",2022,R,1,0.23111133398303596
"Sampson, Adrian","Bednar, David",2022,R,2,0.35209417342744836
"Sampson, Adrian","Warren, Art",2022,R,3,0.393882474724892
"Sampson, Adrian","Kuhl, Chad",2022,R,4,0.4557817407326348
"Sampson, Adrian","Gausman, Kevin",2022,R,5,0.4646119099607032
"Sampson, Adrian","Tepera, Ryan",2022,R,6,0.4766905613477632
"Sampson, Adrian","Hoffman, Jeff",2022,R,7,0.5031126460479243
"Sampson, Adrian","Gallen, Zac",2022,R,8,0.5339301001899731
"Sampson, Adrian","Lynn, Lance",2022,R,9,0.5480714255999706
"Sampson, Adrian","Nogosek, Stephen",2022,R,10,0.5746901953618854
"Sanchez, Aaron","Sulser, Cole",2022,R,1,0.28887913131347737
"Sanchez, Aaron","Brebbia, John",2022,R,2,0.38554801555237234
"Sanchez, Aaron","Wittgren, Nick",2022,R,3,0.4095873620877911
"Sanchez, Aaron","Wesneski, Hayden",2022,R,4,0.4122918367393445
"Sanchez, Aaron","Manning, Matt",2022,R,5,0.4255699396375791
"Sanchez, Aaron","Stammen, Craig",2022,R,6,0.45047269224602654
"Sanchez, Aaron","Wilson, Steven",2022,R,7,0.4832306465609375
"Sanchez, Aaron","Zeuch, T.J.",2022,R,8,0.48840188453863875
"Sanchez, Aaron","Clevinger, Mike",2022,R,9,0.5066032794555992
"Sanchez, Aaron","Cruz, Fernando",2022,R,10,0.5181019364178397
"Sanders, Phoenix","Bundy, Dylan",2022,R,1,0.6935500088836694
"Sanders, Phoenix","Greinke, Zack",2022,R,2,0.7385433469143714
"Sanders, Phoenix","Wisler, Matt",2022,R,3,0.8591911410415193
"Sanders, Phoenix","Hendricks, Kyle",2022,R,4,0.9450834299663272
"Sanders, Phoenix","Civale, Aaron",2022,R,5,1.0327371700171206
"Sanders, Phoenix","Wainwright, Adam",2022,R,6,1.0741142943078597
"Sanders, Phoenix","Mills, Alec",2022,R,7,1.3259845791845017
"Sanders, Phoenix","Swarmer, Matt",2022,R,8,1.4861756630894667
"Sanders, Phoenix","Watkins, Spenser",2022,R,9,1.5408595649930088
"Sanders, Phoenix","Stashak, Cody",2022,R,10,1.5561117302379517
"Sandlin, Nick","Sewald, Paul",2022,R,1,0.5608118448369166
"Sandlin, Nick","Martinez, Seth",2022,R,2,1.0608534224245745
"Sandlin, Nick","Schreiber, John",2022,R,3,1.0698368387791564
"Sandlin, Nick","Murfee, Penn",2022,R,4,1.0732999790355624
"Sandlin, Nick","Thompson, Ryan",2022,R,5,1.0968840542974585
"Sandlin, Nick","Givens, Mychal",2022,R,6,1.1389723523851567
"Sandlin, Nick","Cuas, Jose",2022,R,7,1.2645154512859351
"Sandlin, Nick","Uelmen, Erich",2022,R,8,1.3522585376403162
"Sandlin, Nick","Webb, Logan",2022,R,9,1.3817851184935577
"Sandlin, Nick","Williams, Trevor",2022,R,10,1.4253776708156722
"Sands, Cole","Danish, Tyler",2022,R,1,0.8162749117828609
"Sands, Cole","Cueto, Johnny",2022,R,2,0.8557416199903395
"Sands, Cole","Gray, Josiah",2022,R,3,0.9202875924343313
"Sands, Cole","Scott, Tayler",2022,R,4,1.1789443597260976
"Sands, Cole","Boxberger, Brad",2022,R,5,1.250363295624577
"Sands, Cole","McCullers Jr., Lance",2022,R,6,1.2701401312015697
"Sands, Cole","Castillo, Diego",2022,R,7,1.2995439225506629
"Sands, Cole","Bazardo, Eduard",2022,R,8,1.3478141157634649
"Sands, Cole","Pruitt, Austin",2022,R,9,1.3501939933222187
"Sands, Cole","Junis, Jakob",2022,R,10,1.412258086783341
"Santana, Dennis","Vest, Will",2022,R,1,0.3744496659763267
"Santana, Dennis","Cobb, Alex",2022,R,2,0.4172623647057033
"Santana, Dennis","Santillan, Tony",2022,R,3,0.4264118781486294
"Santana, Dennis","De Los Santos, Enyel",2022,R,4,0.4403841021438417
"Santana, Dennis","Richards, Garrett",2022,R,5,0.4593359771652968
"Santana, Dennis","Smith, Drew",2022,R,6,0.46793570471841645
"Santana, Dennis","Strickland, Hunter",2022,R,7,0.4803417703715428
"Santana, Dennis","Wendelken, J.B.",2022,R,8,0.5175074651658391
"Santana, Dennis","Tinoco, Jesus",2022,R,9,0.5319258936792537
"Santana, Dennis","Nelson, Nick",2022,R,10,0.6097110592891372
"Santillan, Tony","De Los Santos, Enyel",2022,R,1,0.25377991047385684
"Santillan, Tony","Vest, Will",2022,R,2,0.424116792189962
"Santillan, Tony","Santana, Dennis",2022,R,3,0.4264118781486294
"Santillan, Tony","Smith, Drew",2022,R,4,0.5094148663778242
"Santillan, Tony","Kelly, Joe",2022,R,5,0.5247006682825266
"Santillan, Tony","Ort, Kaleb",2022,R,6,0.5623647302479492
"Santillan, Tony","Smith, Chad",2022,R,7,0.6175587250630761
"Santillan, Tony","Iglesias, Raisel",2022,R,8,0.6204123215231678
"Santillan, Tony","Cobb, Alex",2022,R,9,0.6458009035244406
"Santillan, Tony","Cano, Yennier",2022,R,10,0.6546740873539423
"Sawamura, Hirokazu","Ortiz, Luis",2022,R,1,0.2095763036789258
"Sawamura, Hirokazu","Graveman, Kendall",2022,R,2,0.27006879813313295
"Sawamura, Hirokazu","Marte, Yunior",2022,R,3,0.30601547311821986
"Sawamura, Hirokazu","Cole, Gerrit",2022,R,4,0.3505606131842075
"Sawamura, Hirokazu","Ureña, José",2022,R,5,0.3697405805648186
"Sawamura, Hirokazu","Hernández, Jonathan",2022,R,6,0.4091333904145632
"Sawamura, Hirokazu","López, Jorge",2022,R,7,0.45964935999687545
"Sawamura, Hirokazu","Pop, Zach",2022,R,8,0.4604805233639913
"Sawamura, Hirokazu","López, Reynaldo",2022,R,9,0.4791259870216266
"Sawamura, Hirokazu","Rodríguez, Manuel",2022,R,10,0.5296100809038385
"Sborz, Josh","Steckenrider, Drew",2022,R,1,0.35721168845474666
"Sborz, Josh","Keller, Brad",2022,R,2,0.3975359456318995
"Sborz, Josh","Ruiz, José",2022,R,3,0.42415951311362626
"Sborz, Josh","Montas, Frankie",2022,R,4,0.457589986470339
"Sborz, Josh","Clarke, Taylor",2022,R,5,0.5986393375621694
"Sborz, Josh","Colomé, Alex",2022,R,6,0.6112338495763954
"Sborz, Josh","Lamet, Dinelson",2022,R,7,0.6833061883675705
"Sborz, Josh","Cease, Dylan",2022,R,8,0.7371528895509191
"Sborz, Josh","Ortega, Oliver",2022,R,9,0.8130934057636204
"Sborz, Josh","Stanek, Ryne",2022,R,10,0.8327999965442604
"Scherzer, Max","Abbott, Cory",2022,R,1,0.437288819977692
"Scherzer, Max","Martinez, Adrián",2022,R,2,0.47187018196611935
"Scherzer, Max","Morton, Charlie",2022,R,3,0.5754810068592435
"Scherzer, Max","Alexander, Jason",2022,R,4,0.6199936640884895
"Scherzer, Max","Kuhl, Chad",2022,R,5,0.6493606124316222
"Scherzer, Max","Brigham, Jeff",2022,R,6,0.6716447775808368
"Scherzer, Max","Berríos, José",2022,R,7,0.6880678479016707
"Scherzer, Max","Llovera, Mauricio",2022,R,8,0.6960059110337594
"Scherzer, Max","Seabold, Connor",2022,R,9,0.6977324760913918
"Scherzer, Max","Voth, Austin",2022,R,10,0.7080630130197443
"Schmidt, Clarke","Bellatti, Andrew",2022,R,1,0.3868319336980795
"Schmidt, Clarke","Lorenzen, Michael",2022,R,2,0.4423205665140235
"Schmidt, Clarke","Jax, Griffin",2022,R,3,0.44812230168391703
"Schmidt, Clarke","Farmer, Buck",2022,R,4,0.45431368448636117
"Schmidt, Clarke","Lugo, Seth",2022,R,5,0.459925086767814
"Schmidt, Clarke","Javier, Cristian",2022,R,6,0.46334539832993316
"Schmidt, Clarke","Rucker, Michael",2022,R,7,0.5180366971986434
"Schmidt, Clarke","Mayers, Mike",2022,R,8,0.5439730733005945
"Schmidt, Clarke","Kelly, Merrill",2022,R,9,0.5510791331074555
"Schmidt, Clarke","Barlow, Joe",2022,R,10,0.5918124467340401
"Schreiber, John","Cuas, Jose",2022,R,1,0.8855062353425588
"Schreiber, John","Sewald, Paul",2022,R,2,1.053711550938752
"Schreiber, John","Sandlin, Nick",2022,R,3,1.0698368387791564
"Schreiber, John","Givens, Mychal",2022,R,4,1.1973779347004612
"Schreiber, John","Uelmen, Erich",2022,R,5,1.2483027528084645
"Schreiber, John","Thompson, Ryan",2022,R,6,1.2709496018719488
"Schreiber, John","Mills, Wyatt",2022,R,7,1.5064548687239967
"Schreiber, John","Lawrence, Justin",2022,R,8,1.521618757122408
"Schreiber, John","Martinez, Seth",2022,R,9,1.5563931597005984
"Schreiber, John","Kelley, Trevor",2022,R,10,1.6156296653107616
"Scott, Tayler","Stroman, Marcus",2022,R,1,0.5665127495745791
"Scott, Tayler","McCullers Jr., Lance",2022,R,2,0.6052323181104613
"Scott, Tayler","Gray, Josiah",2022,R,3,0.625611038338372
"Scott, Tayler","Acevedo, Domingo",2022,R,4,0.9097377765007765
"Scott, Tayler","Bellatti, Andrew",2022,R,5,0.9989634577550471
"Scott, Tayler","Yacabonis, Jimmy",2022,R,6,1.0561576086076838
"Scott, Tayler","Lugo, Seth",2022,R,7,1.1066618918600992
"Scott, Tayler","Bazardo, Eduard",2022,R,8,1.1367599932703432
"Scott, Tayler","Cueto, Johnny",2022,R,9,1.1383934099330764
"Scott, Tayler","Sands, Cole",2022,R,10,1.1789443597260976
"Seabold, Connor","Brigham, Jeff",2022,R,1,0.37547516069443887
"Seabold, Connor","Garcia, Bryan",2022,R,2,0.5358060336939283
"Seabold, Connor","Yacabonis, Jimmy",2022,R,3,0.6043067346015064
"Seabold, Connor","Medina, Adonis",2022,R,4,0.652149608992239
"Seabold, Connor","Martinez, Adrián",2022,R,5,0.6534936071071659
"Seabold, Connor","Abbott, Cory",2022,R,6,0.6537687995118482
"Seabold, Connor","Morton, Charlie",2022,R,7,0.6599883048199172
"Seabold, Connor","Javier, Cristian",2022,R,8,0.6950621051317208
"Seabold, Connor","Scherzer, Max",2022,R,9,0.6977324760913918
"Seabold, Connor","Mayers, Mike",2022,R,10,0.7286609331827204
"Senzatela, Antonio","Espinoza, Anderson",2022,R,1,0.276769904078762
"Senzatela, Antonio","Hutchison, Drew",2022,R,2,0.42543283569833273
"Senzatela, Antonio","Lamet, Dinelson",2022,R,3,0.45061338605494405
"Senzatela, Antonio","Richards, Garrett",2022,R,4,0.4807948314091012
"Senzatela, Antonio","Kaprielian, James",2022,R,5,0.503948274069241
"Senzatela, Antonio","Perdomo, Luis",2022,R,6,0.5490407048321466
"Senzatela, Antonio","Cease, Dylan",2022,R,7,0.5617080106947041
"Senzatela, Antonio","Crawford, Kutter",2022,R,8,0.5779228117361161
"Senzatela, Antonio","Silseth, Chase",2022,R,9,0.5827952086184411
"Senzatela, Antonio","Ortega, Oliver",2022,R,10,0.5969122502788634
"Severino, Luis","Neris, Héctor",2022,R,1,0.3555383473235709
"Severino, Luis","Holderman, Colin",2022,R,2,0.35821153451119925
"Severino, Luis","Hunter, Tommy",2022,R,3,0.3634127031727006
"Severino, Luis","Ureña, José",2022,R,4,0.38607877187537565
"Severino, Luis","Clarke, Taylor",2022,R,5,0.4316790561610821
"Severino, Luis","López, Reynaldo",2022,R,6,0.43709861561267765
"Severino, Luis","Rodríguez, Manuel",2022,R,7,0.4490430957667338
"Severino, Luis","Moreta, Dauri",2022,R,8,0.4698740813042707
"Severino, Luis","Nelson, Nick",2022,R,9,0.537546410001386
"Severino, Luis","López, Jorge",2022,R,10,0.5541227954096517
"Sewald, Paul","Sandlin, Nick",2022,R,1,0.5608118448369166
"Sewald, Paul","Givens, Mychal",2022,R,2,0.8598518954436527
"Sewald, Paul","Uelmen, Erich",2022,R,3,0.9720396525196718
"Sewald, Paul","Schreiber, John",2022,R,4,1.053711550938752
"Sewald, Paul","Cuas, Jose",2022,R,5,1.0962072148655264
"Sewald, Paul","García, Rony",2022,R,6,1.172848879163254
"Sewald, Paul","Strzelecki, Peter",2022,R,7,1.1888118351428643
"Sewald, Paul","Martinez, Seth",2022,R,8,1.1890198724512733
"Sewald, Paul","Ryan, Joe",2022,R,9,1.297271856074372
"Sewald, Paul","Williams, Trevor",2022,R,10,1.300336199412395
"Shaw, Bryan","Senzatela, Antonio",2022,R,1,0.622339372093441
"Shaw, Bryan","Richards, Garrett",2022,R,2,0.6889543271843777
"Shaw, Bryan","Strickland, Hunter",2022,R,3,0.69343760740303
"Shaw, Bryan","Hutchison, Drew",2022,R,4,0.6937193798026081
"Shaw, Bryan","Ortega, Oliver",2022,R,5,0.7190627476568012
"Shaw, Bryan","Cobb, Alex",2022,R,6,0.7414281274668502
"Shaw, Bryan","Espinoza, Anderson",2022,R,7,0.7664652851515122
"Shaw, Bryan","Brazobán, Huascar",2022,R,8,0.7667563240203213
"Shaw, Bryan","Lamet, Dinelson",2022,R,9,0.7749685325216777
"Shaw, Bryan","Santana, Dennis",2022,R,10,0.7915358716965473
"Silseth, Chase","Lakins, Travis",2022,R,1,0.11259370954191066
"Silseth, Chase","Poteet, Cody",2022,R,2,0.25677343193789803
"Silseth, Chase","Payamps, Joel",2022,R,3,0.39442448734848384
"Silseth, Chase","Ortega, Oliver",2022,R,4,0.45705738907757887
"Silseth, Chase","Farmer, Buck",2022,R,5,0.4666545138004154
"Silseth, Chase","Richards, Garrett",2022,R,6,0.48048208114211793
"Silseth, Chase","Brieske, Beau",2022,R,7,0.48994650608767676
"Silseth, Chase","Lamet, Dinelson",2022,R,8,0.4998431481116757
"Silseth, Chase","González, Chi Chi",2022,R,9,0.5059780526074468
"Silseth, Chase","Lorenzen, Michael",2022,R,10,0.5600241471667544
"Singer, Brady","Varland, Louis",2022,R,1,0.370881992118615
"Singer, Brady","Beede, Tyler",2022,R,2,0.4459173926496035
"Singer, Brady","Wright, Kyle",2022,R,3,0.49033514570838205
"Singer, Brady","Almonte, Yency",2022,R,4,0.49643172139907954
"Singer, Brady","Mahle, Tyler",2022,R,5,0.49684496588505817
"Singer, Brady","Kennedy, Ian",2022,R,6,0.5011029354301654
"Singer, Brady","Pagán, Emilio",2022,R,7,0.5031212372115869
"Singer, Brady","Knehr, Reiss",2022,R,8,0.5544034622813179
"Singer, Brady","Wilson, Steven",2022,R,9,0.571614388836713
"Singer, Brady","Buehler, Walker",2022,R,10,0.6017293659379436
"Smith, Chad","Kelly, Joe",2022,R,1,0.5219266544941104
"Smith, Chad","Cisnero, José",2022,R,2,0.5375789106705711
"Smith, Chad","Gustave, Jandel",2022,R,3,0.5462661687466128
"Smith, Chad","Bird, Jake",2022,R,4,0.6078217348121165
"Smith, Chad","Santillan, Tony",2022,R,5,0.6175587250630761
"Smith, Chad","Cano, Yennier",2022,R,6,0.6451056842754997
"Smith, Chad","Snider, Collin",2022,R,7,0.6607188493921157
"Smith, Chad","Chargois, JT",2022,R,8,0.6626823823400485
"Smith, Chad","De Los Santos, Enyel",2022,R,9,0.7087256741674268
"Smith, Chad","Gott, Trevor",2022,R,10,0.7272660997278296
"Smith, Drew","Cobb, Alex",2022,R,1,0.31939843055814404
"Smith, Drew","Lorenzen, Michael",2022,R,2,0.37064050190830733
"Smith, Drew","Richards, Garrett",2022,R,3,0.38192062902808993
"Smith, Drew","De Los Santos, Enyel",2022,R,4,0.3936429304096218
"Smith, Drew","Payamps, Joel",2022,R,5,0.44411424125918675
"Smith, Drew","Medina, Adonis",2022,R,6,0.46450642984949564
"Smith, Drew","Santana, Dennis",2022,R,7,0.46793570471841645
"Smith, Drew","Santillan, Tony",2022,R,8,0.5094148663778242
"Smith, Drew","Bellatti, Andrew",2022,R,9,0.5217531657151321
"Smith, Drew","Garcia, Bryan",2022,R,10,0.5447792553472083
"Smith, Joe","O'Day, Darren",2022,R,1,0.8015661858927281
"Smith, Joe","Thompson, Ryan",2022,R,2,1.6943260872529937
"Smith, Joe","Kelley, Trevor",2022,R,3,1.7310516201797452
"Smith, Joe","Mills, Wyatt",2022,R,4,1.947473508680169
"Smith, Joe","Cimber, Adam",2022,R,5,2.0941881518796888
"Smith, Joe","Murfee, Penn",2022,R,6,2.1125338749632903
"Smith, Joe","Effross, Scott",2022,R,7,2.214546257619206
"Smith, Joe","Sandlin, Nick",2022,R,8,2.590638370359613
"Smith, Joe","Schreiber, John",2022,R,9,2.7960417816322334
"Smith, Joe","Cuas, Jose",2022,R,10,2.9103013088753893
"Snider, Collin","Uceta, Edwin",2022,R,1,0.5728442813011868
"Snider, Collin","Smith, Chad",2022,R,2,0.6607188493921157
"Snider, Collin","Houck, Tanner",2022,R,3,0.706102690144092
"Snider, Collin","Gott, Trevor",2022,R,4,0.7337615084543404
"Snider, Collin","Iglesias, Raisel",2022,R,5,0.7448818250985582
"Snider, Collin","Poppen, Sean",2022,R,6,0.7624842014688363
"Snider, Collin","Chargois, JT",2022,R,7,0.8242925770242466
"Snider, Collin","García, Yimi",2022,R,8,0.8315273899811383
"Snider, Collin","Santillan, Tony",2022,R,9,0.8551435738089794
"Snider, Collin","Cisnero, José",2022,R,10,0.8710418149842474
"Stammen, Craig","Wittgren, Nick",2022,R,1,0.31246803809987195
"Stammen, Craig","Robertson, David",2022,R,2,0.4061183723206559
"Stammen, Craig","Wesneski, Hayden",2022,R,3,0.41565970334811136
"Stammen, Craig","Kelly, Zack",2022,R,4,0.4221278634265135
"Stammen, Craig","Ottavino, Adam",2022,R,5,0.4251333940496803
"Stammen, Craig","Eflin, Zach",2022,R,6,0.43756796507563384
"Stammen, Craig","Sanchez, Aaron",2022,R,7,0.45047269224602654
"Stammen, Craig","Brebbia, John",2022,R,8,0.48572621395090637
"Stammen, Craig","Manning, Matt",2022,R,9,0.48843695968666173
"Stammen, Craig","Wilson, Steven",2022,R,10,0.5010676229595132
"Stanek, Ryne","Holmes, Clay",2022,R,1,0.38650798070158254
"Stanek, Ryne","Familia, Jeurys",2022,R,2,0.805381224482276
"Stanek, Ryne","Sborz, Josh",2022,R,3,0.8327999965442604
"Stanek, Ryne","Frías, Luis",2022,R,4,0.8471601751162308
"Stanek, Ryne","Ruiz, José",2022,R,5,1.0162048272789181
"Stanek, Ryne","Alcantara, Sandy",2022,R,6,1.1079565783842362
"Stanek, Ryne","Steckenrider, Drew",2022,R,7,1.1341557123933939
"Stanek, Ryne","Harvey, Hunter",2022,R,8,1.1576454686170776
"Stanek, Ryne","Montas, Frankie",2022,R,9,1.1658841047925765
"Stanek, Ryne","Clarke, Taylor",2022,R,10,1.1716855583234045
"Stashak, Cody","Anderson, Chase",2022,R,1,0.39690478835134
"Stashak, Cody","De Jong, Chase",2022,R,2,0.42923784871838006
"Stashak, Cody","Chacín, Jhoulys",2022,R,3,0.5911993335187059
"Stashak, Cody","Junis, Jakob",2022,R,4,0.6015577419894805
"Stashak, Cody","Overton, Connor",2022,R,5,0.6302412151601375
"Stashak, Cody","Martinez, Nick",2022,R,6,0.6347242960440636
"Stashak, Cody","Morgan, Eli",2022,R,7,0.6690443476141148
"Stashak, Cody","Gonsolin, Tony",2022,R,8,0.7327590154173642
"Stashak, Cody","Lambert, Jimmy",2022,R,9,0.7886578064424805
"Stashak, Cody","Thornton, Trent",2022,R,10,0.795407704175147
"Staumont, Josh","Baker, Bryan",2022,R,1,0.47673331343584846
"Staumont, Josh","Megill, Trevor",2022,R,2,0.5127965345075665
"Staumont, Josh","Brown, Hunter",2022,R,3,0.5246580891840734
"Staumont, Josh","Hernández, Carlos",2022,R,4,0.5854396258607928
"Staumont, Josh","Hjelle, Sean",2022,R,5,0.6186307192888413
"Staumont, Josh","Bradish, Kyle",2022,R,6,0.6399874934126217
"Staumont, Josh","Green, Chad",2022,R,7,0.718556007524927
"Staumont, Josh","Merryweather, Julian",2022,R,8,0.734423768227548
"Staumont, Josh","Nelson, Ryne",2022,R,9,0.7435576130219487
"Staumont, Josh","Cabrera, Edward",2022,R,10,0.7445609103671854
"Steckenrider, Drew","Keller, Brad",2022,R,1,0.3301971114057764
"Steckenrider, Drew","Sborz, Josh",2022,R,2,0.35721168845474666
"Steckenrider, Drew","Cease, Dylan",2022,R,3,0.40488349595919415
"Steckenrider, Drew","Colomé, Alex",2022,R,4,0.4474594192284621
"Steckenrider, Drew","Lamet, Dinelson",2022,R,5,0.527734405886449
"Steckenrider, Drew","Montas, Frankie",2022,R,6,0.5573338966907689
"Steckenrider, Drew","Clarke, Taylor",2022,R,7,0.5812815755391393
"Steckenrider, Drew","Ruiz, José",2022,R,8,0.6161884597018625
"Steckenrider, Drew","Archer, Chris",2022,R,9,0.6390313144377844
"Steckenrider, Drew","Espinoza, Anderson",2022,R,10,0.7432372748654282
"Stephan, Trevor","Kahnle, Tommy",2022,R,1,0.11718642914851486
"Stephan, Trevor","Coleman, Dylan",2022,R,2,0.18423300884282953
"Stephan, Trevor","Kirby, George",2022,R,3,0.33854333343215126
"Stephan, Trevor","De los Santos, Yerry",2022,R,4,0.37248689660244116
"Stephan, Trevor","Abreu, Bryan",2022,R,5,0.40109427091261657
"Stephan, Trevor","Pallante, Andre",2022,R,6,0.40123745111179115
"Stephan, Trevor","Woodruff, Brandon",2022,R,7,0.4107389518312411
"Stephan, Trevor","Barnes, Jacob",2022,R,8,0.41259760296137293
"Stephan, Trevor","Leone, Dominic",2022,R,9,0.42995277949636973
"Stephan, Trevor","Merryweather, Julian",2022,R,10,0.4828359005718348
"Stephens, Jackson","Cessa, Luis",2022,R,1,0.14080906483937092
"Stephens, Jackson","Lambert, Jimmy",2022,R,2,0.2743502823744567
"Stephens, Jackson","Winder, Josh",2022,R,3,0.3307040594571716
"Stephens, Jackson","Brieske, Beau",2022,R,4,0.5048472364082695
"Stephens, Jackson","Johnson, Pierce",2022,R,5,0.5333617114936048
"Stephens, Jackson","Chacín, Jhoulys",2022,R,6,0.5669534576388081
"Stephens, Jackson","Feyereisen, J.P.",2022,R,7,0.5716336817902761
"Stephens, Jackson","Pruitt, Austin",2022,R,8,0.620586265482707
"Stephens, Jackson","Elder, Bryce",2022,R,9,0.6321665503154131
"Stephens, Jackson","Anderson, Chase",2022,R,10,0.6855051014047409
"Stephenson, Robert","Sánchez, Miguel",2022,R,1,0.17797966935259435
"Stephenson, Robert","Farmer, Buck",2022,R,2,0.24321175676345594
"Stephenson, Robert","Foster, Matt",2022,R,3,0.35833453849750035
"Stephenson, Robert","Ruiz, Norge",2022,R,4,0.44245298410757017
"Stephenson, Robert","Thompson, Keegan",2022,R,5,0.44485771075588054
"Stephenson, Robert","Kowar, Jackson",2022,R,6,0.4796119201895851
"Stephenson, Robert","Lakins, Travis",2022,R,7,0.5099032078091076
"Stephenson, Robert","Silseth, Chase",2022,R,8,0.5663421740743715
"Stephenson, Robert","Arano, Víctor",2022,R,9,0.5677542460073938
"Stephenson, Robert","Crawford, Kutter",2022,R,10,0.596385760282997
"Stratton, Chris","Adam, Jason",2022,R,1,0.2984767144202365
"Stratton, Chris","Grove, Michael",2022,R,2,0.3234410892219138
"Stratton, Chris","Fedde, Erick",2022,R,3,0.3589829741426641
"Stratton, Chris","Zeuch, T.J.",2022,R,4,0.4470199797584648
"Stratton, Chris","Sulser, Beau",2022,R,5,0.4607966432559511
"Stratton, Chris","Bradley, Archie",2022,R,6,0.4857173995211765
"Stratton, Chris","Sulser, Cole",2022,R,7,0.48578370813728233
"Stratton, Chris","Rodríguez, Elvin",2022,R,8,0.5107560192017314
"Stratton, Chris","Bolaños, Ronald",2022,R,9,0.5420948537821074
"Stratton, Chris","Dunn, Justin",2022,R,10,0.5473984591852485
"Strickland, Hunter","Richards, Garrett",2022,R,1,0.440647241941711
"Strickland, Hunter","Santana, Dennis",2022,R,2,0.4803417703715428
"Strickland, Hunter","Vest, Will",2022,R,3,0.5830408938158245
"Strickland, Hunter","Wendelken, J.B.",2022,R,4,0.6132929508435377
"Strickland, Hunter","Weiss, Zack",2022,R,5,0.6410532922037366
"Strickland, Hunter","Perdomo, Luis",2022,R,6,0.6524296195003149
"Strickland, Hunter","Smith, Drew",2022,R,7,0.6805834488355902
"Strickland, Hunter","Senzatela, Antonio",2022,R,8,0.6839949902785301
"Strickland, Hunter","Espinoza, Anderson",2022,R,9,0.6871344341320359
"Strickland, Hunter","Shaw, Bryan",2022,R,10,0.69343760740303
"Strider, Spencer","Marte, José",2022,R,1,0.4785848145292353
"Strider, Spencer","Hendriks, Liam",2022,R,2,0.5622764963123377
"Strider, Spencer","Gil, Luis",2022,R,3,0.6947727765499554
"Strider, Spencer","deGrom, Jacob",2022,R,4,0.7808949162369244
"Strider, Spencer","Machado, Andrés",2022,R,5,0.7966690884095675
"Strider, Spencer","Thompson, Mason",2022,R,6,0.8113840855404985
"Strider, Spencer","Suarez, Robert",2022,R,7,0.8549794424171471
"Strider, Spencer","Kuhnel, Joel",2022,R,8,0.8699195246190486
"Strider, Spencer","Armstrong, Shawn",2022,R,9,0.8702579274434351
"Strider, Spencer","Abreu, Albert",2022,R,10,0.8972402729678409
"Stripling, Ross","Flexen, Chris",2022,R,1,0.2219372917365778
"Stripling, Ross","Thompson, Zach",2022,R,2,0.8470453655760082
"Stripling, Ross","Swarmer, Matt",2022,R,3,0.8614648510644995
"Stripling, Ross","VerHagen, Drew",2022,R,4,0.9765775625450989
"Stripling, Ross","Devenski, Chris",2022,R,5,0.9903925789447788
"Stripling, Ross","Musgrove, Joe",2022,R,6,1.0742267289261764
"Stripling, Ross","Barria, Jaime",2022,R,7,1.0943365308556237
"Stripling, Ross","Elder, Bryce",2022,R,8,1.1398832627441216
"Stripling, Ross","Verlander, Justin",2022,R,9,1.1604293822403542
"Stripling, Ross","Jiménez, Dany",2022,R,10,1.171306981412514
"Stroman, Marcus","Scott, Tayler",2022,R,1,0.5665127495745791
"Stroman, Marcus","Bellatti, Andrew",2022,R,2,0.570049482545495
"Stroman, Marcus","Acevedo, Domingo",2022,R,3,0.6459530606734982
"Stroman, Marcus","Gray, Josiah",2022,R,4,0.7219562003815249
"Stroman, Marcus","Lugo, Seth",2022,R,5,0.7725550022778167
"Stroman, Marcus","Schmidt, Clarke",2022,R,6,0.8048671441185277
"Stroman, Marcus","Yacabonis, Jimmy",2022,R,7,0.8192068042076428
"Stroman, Marcus","McCullers Jr., Lance",2022,R,8,0.825753228992051
"Stroman, Marcus","Lorenzen, Michael",2022,R,9,0.8425294828159668
"Stroman, Marcus","Jax, Griffin",2022,R,10,0.8507080420434262
"Strzelecki, Peter","Feltner, Ryan",2022,R,1,0.5409349195571506
"Strzelecki, Peter","Ryan, Joe",2022,R,2,0.5620490823906324
"Strzelecki, Peter","Tate, Dillon",2022,R,3,0.5796698989660185
"Strzelecki, Peter","Brash, Matt",2022,R,4,0.5865989932449371
"Strzelecki, Peter","Hill, Garrett",2022,R,5,0.595022508924231
"Strzelecki, Peter","Marinaccio, Ron",2022,R,6,0.6162947095779943
"Strzelecki, Peter","Gutierrez, Vladimir",2022,R,7,0.6533119395486516
"Strzelecki, Peter","Berríos, José",2022,R,8,0.6677780472770802
"Strzelecki, Peter","García, Rony",2022,R,9,0.6812238786873418
"Strzelecki, Peter","Williams, Trevor",2022,R,10,0.712828279469404
"Suarez, Robert","Fernández, Junior",2022,R,1,0.6315615727340894
"Suarez, Robert","Helsley, Ryan",2022,R,2,0.6417051652266006
"Suarez, Robert","Hicks, Jordan",2022,R,3,0.670925928543366
"Suarez, Robert","Armstrong, Shawn",2022,R,4,0.6838432868663014
"Suarez, Robert","Norwood, James",2022,R,5,0.7825829668860893
"Suarez, Robert","Weems, Jordan",2022,R,6,0.7928600004366871
"Suarez, Robert","Finnegan, Kyle",2022,R,7,0.8021138796475311
"Suarez, Robert","deGrom, Jacob",2022,R,8,0.8075094820669093
"Suarez, Robert","Abreu, Albert",2022,R,9,0.81967360305499
"Suarez, Robert","Hendriks, Liam",2022,R,10,0.8223487800958978
"Sulser, Beau","Howard, Spencer",2022,R,1,0.2827951403823165
"Sulser, Beau","Grove, Michael",2022,R,2,0.3365373522307274
"Sulser, Beau","Martin, Davis",2022,R,3,0.38780271365985
"Sulser, Beau","Blackburn, Paul",2022,R,4,0.43537949375448476
"Sulser, Beau","Rodríguez, Elvin",2022,R,5,0.4491856231184907
"Sulser, Beau","Stratton, Chris",2022,R,6,0.4607966432559511
"Sulser, Beau","Adam, Jason",2022,R,7,0.46169165024437936
"Sulser, Beau","Richards, Trevor",2022,R,8,0.46457806681477687
"Sulser, Beau","Bolaños, Ronald",2022,R,9,0.48562821827748187
"Sulser, Beau","Hudson, Dakota",2022,R,10,0.5003954388309443
"Sulser, Cole","Zeuch, T.J.",2022,R,1,0.27514966670164076
"Sulser, Cole","Sanchez, Aaron",2022,R,2,0.28887913131347737
"Sulser, Cole","Fedde, Erick",2022,R,3,0.3348251369885601
"Sulser, Cole","Otto Jr., Glenn",2022,R,4,0.4120846897049598
"Sulser, Cole","Brebbia, John",2022,R,5,0.4635319395629972
"Sulser, Cole","Stratton, Chris",2022,R,6,0.48578370813728233
"Sulser, Cole","Wesneski, Hayden",2022,R,7,0.5017945311027752
"Sulser, Cole","Bieber, Shane",2022,R,8,0.5320658466159861
"Sulser, Cole","Stammen, Craig",2022,R,9,0.5839571967355967
"Sulser, Cole","Wittgren, Nick",2022,R,10,0.5907502915459945
"Swanson, Erik","Syndergaard, Noah",2022,R,1,0.2954969928420897
"Swanson, Erik","Barnes, Matt",2022,R,2,0.29885518043555703
"Swanson, Erik","Anderson, Ian",2022,R,3,0.5046245019600764
"Swanson, Erik","Taillon, Jameson",2022,R,4,0.5529797038377365
"Swanson, Erik","Law, Derek",2022,R,5,0.5551231375105363
"Swanson, Erik","Hjelle, Sean",2022,R,6,0.5710818978514496
"Swanson, Erik","Hernández, Carlos",2022,R,7,0.5958794828786541
"Swanson, Erik","Bradley, Archie",2022,R,8,0.6228970768822523
"Swanson, Erik","Patiño, Luis",2022,R,9,0.6925831910206038
"Swanson, Erik","McKenzie, Triston",2022,R,10,0.7105006194504898
"Swarmer, Matt","Thompson, Zach",2022,R,1,0.4928787348404481
"Swarmer, Matt","Farrell, Luke",2022,R,2,0.6476479678509269
"Swarmer, Matt","Stripling, Ross",2022,R,3,0.8614648510644995
"Swarmer, Matt","Flexen, Chris",2022,R,4,0.888633893701142
"Swarmer, Matt","Watkins, Spenser",2022,R,5,0.9023190941477661
"Swarmer, Matt","Pineda, Michael",2022,R,6,0.9323531707649939
"Swarmer, Matt","Goudeau, Ashton",2022,R,7,0.9922316473241077
"Swarmer, Matt","Devenski, Chris",2022,R,8,1.065986714339938
"Swarmer, Matt","Musgrove, Joe",2022,R,9,1.073807267910322
"Swarmer, Matt","Mikolas, Miles",2022,R,10,1.1408452479089861
"Syndergaard, Noah","Swanson, Erik",2022,R,1,0.2954969928420897
"Syndergaard, Noah","Law, Derek",2022,R,2,0.5108767639530825
"Syndergaard, Noah","Barnes, Matt",2022,R,3,0.5367034037507191
"Syndergaard, Noah","Taillon, Jameson",2022,R,4,0.608292412327693
"Syndergaard, Noah","Bradley, Archie",2022,R,5,0.6184607601850564
"Syndergaard, Noah","Hernández, Carlos",2022,R,6,0.6698462837283976
"Syndergaard, Noah","Hjelle, Sean",2022,R,7,0.7079790979545448
"Syndergaard, Noah","Whitley, Kodi",2022,R,8,0.7082568896637127
"Syndergaard, Noah","Nelson, Ryne",2022,R,9,0.7124051051444221
"Syndergaard, Noah","Bolaños, Ronald",2022,R,10,0.7222144083864023
"Sánchez, Aníbal","Morgan, Eli",2022,R,1,0.667878694105238
"Sánchez, Aníbal","Bassitt, Chris",2022,R,2,0.9253439917433605
"Sánchez, Aníbal","Overton, Connor",2022,R,3,1.018862825018262
"Sánchez, Aníbal","Leiter Jr., Mark",2022,R,4,1.0457976649157128
"Sánchez, Aníbal","Blackburn, Paul",2022,R,5,1.0646974468638064
"Sánchez, Aníbal","Plesac, Zach",2022,R,6,1.0858395443781792
"Sánchez, Aníbal","Stashak, Cody",2022,R,7,1.0900406817994432
"Sánchez, Aníbal","Gray, Sonny",2022,R,8,1.1037712735784633
"Sánchez, Aníbal","Dunn, Justin",2022,R,9,1.133332768024287
"Sánchez, Aníbal","Davies, Zach",2022,R,10,1.1340063058020509
"Sánchez, Miguel","Stephenson, Robert",2022,R,1,0.17797966935259435
"Sánchez, Miguel","Farmer, Buck",2022,R,2,0.33754488975362174
"Sánchez, Miguel","Thompson, Keegan",2022,R,3,0.38143285927487386
"Sánchez, Miguel","Kowar, Jackson",2022,R,4,0.3965800555278709
"Sánchez, Miguel","Neris, Héctor",2022,R,5,0.42511714143500184
"Sánchez, Miguel","Foster, Matt",2022,R,6,0.4551415058807342
"Sánchez, Miguel","Ruiz, Norge",2022,R,7,0.4563028088486759
"Sánchez, Miguel","Arano, Víctor",2022,R,8,0.5040860337663033
"Sánchez, Miguel","Perdomo, Luis",2022,R,9,0.5061529164386368
"Sánchez, Miguel","Espinoza, Anderson",2022,R,10,0.5156220601095066
"Taillon, Jameson","Hernández, Carlos",2022,R,1,0.2945976410365814
"Taillon, Jameson","Knebel, Corey",2022,R,2,0.34080069539817087
"Taillon, Jameson","Houser, Adrian",2022,R,3,0.34117924683688056
"Taillon, Jameson","Hjelle, Sean",2022,R,4,0.35077222680542125
"Taillon, Jameson","Winckowski, Josh",2022,R,5,0.3821362212365952
"Taillon, Jameson","Assad, Javier",2022,R,6,0.4321233955516175
"Taillon, Jameson","Baz, Shane",2022,R,7,0.43223093639719795
"Taillon, Jameson","Rasmussen, Drew",2022,R,8,0.4445412138640033
"Taillon, Jameson","Patiño, Luis",2022,R,9,0.45105522803433223
"Taillon, Jameson","Crowe, Wil",2022,R,10,0.5011551820472315
"Tapia, Domingo","Guerra, Javy",2022,R,1,0.28823133750777147
"Tapia, Domingo","Bard, Daniel",2022,R,2,0.5442859638141406
"Tapia, Domingo","Alcantara, Sandy",2022,R,3,0.7848300008315038
"Tapia, Domingo","Bender, Anthony",2022,R,4,0.8019724179227566
"Tapia, Domingo","Estévez, Carlos",2022,R,5,0.878291255905897
"Tapia, Domingo","Domínguez, Seranthony",2022,R,6,0.8797527858186865
"Tapia, Domingo","Gustave, Jandel",2022,R,7,0.8957252081966505
"Tapia, Domingo","Harvey, Hunter",2022,R,8,0.920387268960943
"Tapia, Domingo","Marte, Yunior",2022,R,9,1.03434386211884
"Tapia, Domingo","Kelly, Joe",2022,R,10,1.0372879395524215
"Tate, Dillon","Feltner, Ryan",2022,R,1,0.3349956327965953
"Tate, Dillon","Gutierrez, Vladimir",2022,R,2,0.4673154686118506
"Tate, Dillon","Wilson, Bryse",2022,R,3,0.47227184607107936
"Tate, Dillon","Bard, Luke",2022,R,4,0.49301315454865496
"Tate, Dillon","Hill, Garrett",2022,R,5,0.4930277875465887
"Tate, Dillon","Llovera, Mauricio",2022,R,6,0.522100018780153
"Tate, Dillon","Alexander, Jason",2022,R,7,0.5427828618459273
"Tate, Dillon","Strzelecki, Peter",2022,R,8,0.5796698989660185
"Tate, Dillon","Ryan, Joe",2022,R,9,0.586234661303859
"Tate, Dillon","Beede, Tyler",2022,R,10,0.6105634823200723
"Tepera, Ryan","Warren, Art",2022,R,1,0.13749088062796744
"Tepera, Ryan","Kuhl, Chad",2022,R,2,0.28224876510239094
"Tepera, Ryan","Oller, Adam",2022,R,3,0.3491585272588716
"Tepera, Ryan","Bednar, David",2022,R,4,0.3809567232161972
"Tepera, Ryan","Carrasco, Carlos",2022,R,5,0.40139131340370277
"Tepera, Ryan","Morris, Cody",2022,R,6,0.43101000512323784
"Tepera, Ryan","Thornburg, Tyler",2022,R,7,0.4573670387601781
"Tepera, Ryan","Sampson, Adrian",2022,R,8,0.4766905613477632
"Tepera, Ryan","Lange, Alex",2022,R,9,0.4900340384374578
"Tepera, Ryan","Kremer, Dean",2022,R,10,0.5260258394993084
"Tetreault, Jackson","Megill, Tylor",2022,R,1,0.5758279398796382
"Tetreault, Jackson","Whitlock, Garrett",2022,R,2,0.6822422369281641
"Tetreault, Jackson","Romano, Jordan",2022,R,3,0.6992908259417404
"Tetreault, Jackson","Kilian, Caleb",2022,R,4,0.7182616634266725
"Tetreault, Jackson","May, Trevor",2022,R,5,0.7209553544207729
"Tetreault, Jackson","Kuhnel, Joel",2022,R,6,0.7633056033348409
"Tetreault, Jackson","Brogdon, Connor",2022,R,7,0.8159606778809191
"Tetreault, Jackson","Gibaut, Ian",2022,R,8,0.8565687053229356
"Tetreault, Jackson","Mize, Casey",2022,R,9,0.8579794490981584
"Tetreault, Jackson","Hoeing, Bryan",2022,R,10,0.9357813646866862
"Thompson, Keegan","Ruiz, Norge",2022,R,1,0.2797761135063431
"Thompson, Keegan","Oller, Adam",2022,R,2,0.2864902510458743
"Thompson, Keegan","Carrasco, Carlos",2022,R,3,0.37602594386041605
"Thompson, Keegan","Arano, Víctor",2022,R,4,0.3797655993908941
"Thompson, Keegan","Sánchez, Miguel",2022,R,5,0.38143285927487386
"Thompson, Keegan","Kowar, Jackson",2022,R,6,0.3920595706959651
"Thompson, Keegan","Farmer, Buck",2022,R,7,0.42774963383698733
"Thompson, Keegan","Stephenson, Robert",2022,R,8,0.44485771075588054
"Thompson, Keegan","Bass, Anthony",2022,R,9,0.44637705120386023
"Thompson, Keegan","Martin, Corbin",2022,R,10,0.4502406011223651
"Thompson, Mason","Gil, Luis",2022,R,1,0.3064769032981842
"Thompson, Mason","Armstrong, Shawn",2022,R,2,0.38468673158607386
"Thompson, Mason","Jiménez, Joe",2022,R,3,0.46630546402143025
"Thompson, Mason","Weems, Jordan",2022,R,4,0.47505341337739354
"Thompson, Mason","Norwood, James",2022,R,5,0.49202036804589794
"Thompson, Mason","García, Luis",2022,R,6,0.5368326253251884
"Thompson, Mason","Coleman, Dylan",2022,R,7,0.6265626770452062
"Thompson, Mason","Foley, Jason",2022,R,8,0.6270955904790031
"Thompson, Mason","Woodruff, Brandon",2022,R,9,0.6373985864791233
"Thompson, Mason","Kuhnel, Joel",2022,R,10,0.6475785889988845
"Thompson, Ryan","Kelley, Trevor",2022,R,1,0.694330574256101
"Thompson, Ryan","Mills, Wyatt",2022,R,2,1.0337086874931924
"Thompson, Ryan","Sandlin, Nick",2022,R,3,1.0968840542974585
"Thompson, Ryan","Murfee, Penn",2022,R,4,1.2281335507355695
"Thompson, Ryan","Schreiber, John",2022,R,5,1.2709496018719488
"Thompson, Ryan","O'Day, Darren",2022,R,6,1.3895108206253846
"Thompson, Ryan","Cuas, Jose",2022,R,7,1.3969125122637915
"Thompson, Ryan","Sewald, Paul",2022,R,8,1.5191323782073403
"Thompson, Ryan","Smith, Joe",2022,R,9,1.6943260872529937
"Thompson, Ryan","Martinez, Seth",2022,R,10,1.8194219066577093
"Thompson, Zach","Swarmer, Matt",2022,R,1,0.4928787348404481
"Thompson, Zach","Farrell, Luke",2022,R,2,0.5663257841607873
"Thompson, Zach","Devenski, Chris",2022,R,3,0.6213751925743578
"Thompson, Zach","Flexen, Chris",2022,R,4,0.7482257788550912
"Thompson, Zach","Musgrove, Joe",2022,R,5,0.7657219585665775
"Thompson, Zach","Pineda, Michael",2022,R,6,0.7863347161027648
"Thompson, Zach","Watkins, Spenser",2022,R,7,0.7881609171896756
"Thompson, Zach","Garcia, Luis",2022,R,8,0.8261441871493059
"Thompson, Zach","Stripling, Ross",2022,R,9,0.8470453655760082
"Thompson, Zach","Goudeau, Ashton",2022,R,10,0.8646471128521995
"Thornburg, Tyler","Krehbiel, Joey",2022,R,1,0.33951338590010116
"Thornburg, Tyler","Blackburn, Paul",2022,R,2,0.41213872494632126
"Thornburg, Tyler","Tepera, Ryan",2022,R,3,0.4573670387601781
"Thornburg, Tyler","Carrasco, Carlos",2022,R,4,0.46018207800355077
"Thornburg, Tyler","Bard, Luke",2022,R,5,0.5073844704062402
"Thornburg, Tyler","Warren, Art",2022,R,6,0.509981083876128
"Thornburg, Tyler","Heasley, Jonathan",2022,R,7,0.5215166691406534
"Thornburg, Tyler","Grove, Michael",2022,R,8,0.5421241386615765
"Thornburg, Tyler","Sulser, Beau",2022,R,9,0.5755958801988276
"Thornburg, Tyler","Contreras, Roansy",2022,R,10,0.579992098131056
"Thornton, Trent","Germán, Domingo",2022,R,1,0.3844111593166283
"Thornton, Trent","Bassitt, Chris",2022,R,2,0.39368135062754533
"Thornton, Trent","Javier, Cristian",2022,R,3,0.5344772010898138
"Thornton, Trent","Krehbiel, Joey",2022,R,4,0.5425520125581954
"Thornton, Trent","Brigham, Jeff",2022,R,5,0.6092852758611943
"Thornton, Trent","Morgan, Eli",2022,R,6,0.6410610566164504
"Thornton, Trent","Overton, Connor",2022,R,7,0.6481324594301254
"Thornton, Trent","Davies, Zach",2022,R,8,0.7161761266986455
"Thornton, Trent","Thornburg, Tyler",2022,R,9,0.737584649224908
"Thornton, Trent","Anderson, Chase",2022,R,10,0.7396354382502661
"Tinoco, Jesus","Montas, Frankie",2022,R,1,0.4598814766832254
"Tinoco, Jesus","Bender, Anthony",2022,R,2,0.4787176061918776
"Tinoco, Jesus","Clarke, Taylor",2022,R,3,0.48542653299333144
"Tinoco, Jesus","Cobb, Alex",2022,R,4,0.5051081931633397
"Tinoco, Jesus","Sánchez, Miguel",2022,R,5,0.5168780518024798
"Tinoco, Jesus","Santana, Dennis",2022,R,6,0.5319258936792537
"Tinoco, Jesus","Espinoza, Anderson",2022,R,7,0.5558959427191517
"Tinoco, Jesus","Neris, Héctor",2022,R,8,0.5615095771008299
"Tinoco, Jesus","Brazobán, Huascar",2022,R,9,0.5721901985158506
"Tinoco, Jesus","Stephenson, Robert",2022,R,10,0.6072771576992281
"Toussaint, Touki","Maton, Phil",2022,R,1,0.6887673166952887
"Toussaint, Touki","Barlow, Scott",2022,R,2,0.7610416246656618
"Toussaint, Touki","Cruz, Fernando",2022,R,3,0.8555140562862161
"Toussaint, Touki","Nola, Aaron",2022,R,4,0.9323235631009442
"Toussaint, Touki","Peralta, Freddy",2022,R,5,0.948376288800805
"Toussaint, Touki","Ober, Bailey",2022,R,6,0.9559819323325033
"Toussaint, Touki","Crismatt, Nabil",2022,R,7,1.0071639137055843
"Toussaint, Touki","Wittgren, Nick",2022,R,8,1.0255813045252118
"Toussaint, Touki","Ottavino, Adam",2022,R,9,1.1117596557945246
"Toussaint, Touki","Flaherty, Jack",2022,R,10,1.1333543064936105
"Trivino III, Lou","Hunter, Tommy",2022,R,1,0.24258485901001367
"Trivino III, Lou","Keller, Mitch",2022,R,2,0.2843462509086863
"Trivino III, Lou","Holderman, Colin",2022,R,3,0.33236396145926134
"Trivino III, Lou","Kowar, Jackson",2022,R,4,0.3334137205322342
"Trivino III, Lou","Rasmussen, Drew",2022,R,5,0.34111339614089586
"Trivino III, Lou","Winckowski, Josh",2022,R,6,0.3445589113564506
"Trivino III, Lou","Knebel, Corey",2022,R,7,0.35731261373923456
"Trivino III, Lou","Bass, Anthony",2022,R,8,0.37025285883554454
"Trivino III, Lou","Cabrera, Edward",2022,R,9,0.4254091951314923
"Trivino III, Lou","Nogosek, Stephen",2022,R,10,0.45696973202298957
"Uceta, Edwin","Chavez, Jesse",2022,R,1,0.4851267015556142
"Uceta, Edwin","Snider, Collin",2022,R,2,0.5728442813011868
"Uceta, Edwin","Poppen, Sean",2022,R,3,0.62565381237049
"Uceta, Edwin","Iglesias, Raisel",2022,R,4,0.6761399663358676
"Uceta, Edwin","Yacabonis, Jimmy",2022,R,5,0.7370206030221477
"Uceta, Edwin","Bellatti, Andrew",2022,R,6,0.8403690669581358
"Uceta, Edwin","Kelly, Merrill",2022,R,7,0.8560321360974206
"Uceta, Edwin","Houck, Tanner",2022,R,8,0.8666431357197506
"Uceta, Edwin","Stroman, Marcus",2022,R,9,0.8784661694301186
"Uceta, Edwin","De Los Santos, Enyel",2022,R,10,0.9234276058799276
"Uelmen, Erich","Sewald, Paul",2022,R,1,0.9720396525196718
"Uelmen, Erich","Bickford, Phil",2022,R,2,1.0000614175321805
"Uelmen, Erich","Kimbrel, Craig",2022,R,3,1.018368685116781
"Uelmen, Erich","Ramírez, Yohan",2022,R,4,1.0354625573450813
"Uelmen, Erich","Valdez, Phillips",2022,R,5,1.0659161869906473
"Uelmen, Erich","Castro, Miguel",2022,R,6,1.078144532911993
"Uelmen, Erich","Strzelecki, Peter",2022,R,7,1.1457780401466833
"Uelmen, Erich","Williams, Trevor",2022,R,8,1.1474097962103136
"Uelmen, Erich","Martinez, Seth",2022,R,9,1.201961238408162
"Uelmen, Erich","Marinaccio, Ron",2022,R,10,1.2295045490305196
"Underwood Jr., Duane","Littell, Zack",2022,R,1,0.3443366833588683
"Underwood Jr., Duane","Cabrera, Edward",2022,R,2,0.3813263819392721
"Underwood Jr., Duane","Brown, Hunter",2022,R,3,0.5051264259458325
"Underwood Jr., Duane","Martin, Chris",2022,R,4,0.5068187556674508
"Underwood Jr., Duane","García, Luis",2022,R,5,0.5087016142723791
"Underwood Jr., Duane","Baumann, Mike",2022,R,6,0.5210515283668715
"Underwood Jr., Duane","Merryweather, Julian",2022,R,7,0.5247685214246002
"Underwood Jr., Duane","Holderman, Colin",2022,R,8,0.5392062212574339
"Underwood Jr., Duane","Fulmer, Michael",2022,R,9,0.5409376339993638
"Underwood Jr., Duane","Rasmussen, Drew",2022,R,10,0.5560204856902217
"Ureña, José","López, Jorge",2022,R,1,0.29065100329402144
"Ureña, José","Sawamura, Hirokazu",2022,R,2,0.3697405805648186
"Ureña, José","López, Reynaldo",2022,R,3,0.3732241739485512
"Ureña, José","Severino, Luis",2022,R,4,0.38607877187537565
"Ureña, José","Rodríguez, Manuel",2022,R,5,0.44401791886178277
"Ureña, José","Cole, Gerrit",2022,R,6,0.44606571148958235
"Ureña, José","Nelson, Nick",2022,R,7,0.4618980668630445
"Ureña, José","Graveman, Kendall",2022,R,8,0.4787791554757867
"Ureña, José","Ortiz, Luis",2022,R,9,0.491778940699408
"Ureña, José","Moreta, Dauri",2022,R,10,0.5013141887635686
"Urquidy, José","Elder, Bryce",2022,R,1,0.36216261310702647
"Urquidy, José","Gonsolin, Tony",2022,R,2,0.3793659266559543
"Urquidy, José","Musgrove, Joe",2022,R,3,0.3893354394251488
"Urquidy, José","Garcia, Luis",2022,R,4,0.43350459737456065
"Urquidy, José","Chacín, Jhoulys",2022,R,5,0.4620392472818096
"Urquidy, José","Barria, Jaime",2022,R,6,0.47418027439569455
"Urquidy, José","Yajure, Miguel",2022,R,7,0.502901856611376
"Urquidy, José","Walker, Taijuan",2022,R,8,0.5173010135479527
"Urquidy, José","Martinez, Nick",2022,R,9,0.5630540587683263
"Urquidy, José","Faedo, Alex",2022,R,10,0.5885108915430196
"Valdez, Phillips","Bickford, Phil",2022,R,1,0.3663604595063165
"Valdez, Phillips","Ramírez, Yohan",2022,R,2,0.5642279700875125
"Valdez, Phillips","Varland, Louis",2022,R,3,0.6983691195362904
"Valdez, Phillips","López, Pablo",2022,R,4,0.7187246572296117
"Valdez, Phillips","Flaherty, Jack",2022,R,5,0.7271078277781206
"Valdez, Phillips","Oviedo, Johan",2022,R,6,0.8260950017874662
"Valdez, Phillips","Williams, Trevor",2022,R,7,0.8380611288232335
"Valdez, Phillips","Nola, Aaron",2022,R,8,0.8511722755585174
"Valdez, Phillips","Reid-Foley, Sean",2022,R,9,0.8528564720999822
"Valdez, Phillips","Widener, Taylor",2022,R,10,0.8720852754520685
"Varland, Louis","Singer, Brady",2022,R,1,0.370881992118615
"Varland, Louis","Eovaldi, Nathan",2022,R,2,0.419144286378909
"Varland, Louis","Wilson, Steven",2022,R,3,0.4652729478597727
"Varland, Louis","Beede, Tyler",2022,R,4,0.47926275427145165
"Varland, Louis","Mahle, Tyler",2022,R,5,0.5050850206275949
"Varland, Louis","López, Pablo",2022,R,6,0.5565812432567124
"Varland, Louis","Clevinger, Mike",2022,R,7,0.5848689522552805
"Varland, Louis","DeSclafani, Anthony",2022,R,8,0.614189270534921
"Varland, Louis","Knehr, Reiss",2022,R,9,0.6312246507557925
"Varland, Louis","Darvish, Yu",2022,R,10,0.6337590153602773
"Velasquez, Vince","Knehr, Reiss",2022,R,1,0.16199887536513474
"Velasquez, Vince","DeSclafani, Anthony",2022,R,2,0.2617811172470851
"Velasquez, Vince","Hembree, Heath",2022,R,3,0.28645307289897354
"Velasquez, Vince","Mahle, Tyler",2022,R,4,0.41060952327317074
"Velasquez, Vince","Almonte, Yency",2022,R,5,0.46738168474822567
"Velasquez, Vince","Wright, Kyle",2022,R,6,0.5248942147101607
"Velasquez, Vince","Buehler, Walker",2022,R,7,0.5319843033324992
"Velasquez, Vince","Wesneski, Hayden",2022,R,8,0.5500145683726523
"Velasquez, Vince","Wilson, Bryse",2022,R,9,0.5520381762349866
"Velasquez, Vince","Wick, Rowan",2022,R,10,0.5750750325885299
"VerHagen, Drew","Barria, Jaime",2022,R,1,0.5508572402667858
"VerHagen, Drew","Faedo, Alex",2022,R,2,0.5879185979599165
"VerHagen, Drew","Walker, Taijuan",2022,R,3,0.6564328230719534
"VerHagen, Drew","Musgrove, Joe",2022,R,4,0.658202651551601
"VerHagen, Drew","Devenski, Chris",2022,R,5,0.6800722732674059
"VerHagen, Drew","Verlander, Justin",2022,R,6,0.6888379068935274
"VerHagen, Drew","Urquidy, José",2022,R,7,0.7141076823706045
"VerHagen, Drew","Garcia, Luis",2022,R,8,0.7433504811086071
"VerHagen, Drew","Elder, Bryce",2022,R,9,0.7444737319805089
"VerHagen, Drew","Nance, Tommy",2022,R,10,0.7525579950551762
"Verlander, Justin","VerHagen, Drew",2022,R,1,0.6888379068935274
"Verlander, Justin","Gallegos, Giovanny",2022,R,2,0.8489612387072378
"Verlander, Justin","Wells, Tyler",2022,R,3,0.8645107396522864
"Verlander, Justin","Faedo, Alex",2022,R,4,0.9390187111498964
"Verlander, Justin","Flexen, Chris",2022,R,5,1.0283784034387706
"Verlander, Justin","Walker, Taijuan",2022,R,6,1.0755412138238065
"Verlander, Justin","Barria, Jaime",2022,R,7,1.0906131917536976
"Verlander, Justin","Karinchak, James",2022,R,8,1.1270766279608047
"Verlander, Justin","Stripling, Ross",2022,R,9,1.1604293822403542
"Verlander, Justin","Cease, Dylan",2022,R,10,1.181319230037875
"Vest, Will","Wendelken, J.B.",2022,R,1,0.2789749637811375
"Vest, Will","Santana, Dennis",2022,R,2,0.3744496659763267
"Vest, Will","Nelson, Nick",2022,R,3,0.4113809161122971
"Vest, Will","De Los Santos, Enyel",2022,R,4,0.4142084675652924
"Vest, Will","Santillan, Tony",2022,R,5,0.424116792189962
"Vest, Will","King, Michael",2022,R,6,0.46656882767308333
"Vest, Will","Martin, Corbin",2022,R,7,0.4931633049844839
"Vest, Will","Ort, Kaleb",2022,R,8,0.5094386188117006
"Vest, Will","Strickland, Hunter",2022,R,9,0.5830408938158245
"Vest, Will","Perdomo, Luis",2022,R,10,0.6024800537104968
"Voth, Austin","Duffey, Tyler",2022,R,1,0.4355817931597965
"Voth, Austin","Kremer, Dean",2022,R,2,0.4667637151532721
"Voth, Austin","Abbott, Cory",2022,R,3,0.5817534986633972
"Voth, Austin","Brigham, Jeff",2022,R,4,0.5921285899197944
"Voth, Austin","Blackburn, Paul",2022,R,5,0.6056115843179211
"Voth, Austin","Overton, Connor",2022,R,6,0.636570569211701
"Voth, Austin","Martinez, Adrián",2022,R,7,0.6692194412077089
"Voth, Austin","Scherzer, Max",2022,R,8,0.7080630130197443
"Voth, Austin","Thornburg, Tyler",2022,R,9,0.7424513569836243
"Voth, Austin","González, Chi Chi",2022,R,10,0.7487854316349186
"Wacha, Michael","Pivetta, Nick",2022,R,1,0.43472397288421916
"Wacha, Michael","McKenzie, Triston",2022,R,2,0.4862958365288197
"Wacha, Michael","Law, Derek",2022,R,3,0.6000477302910774
"Wacha, Michael","Mikolas, Miles",2022,R,4,0.6260487429207008
"Wacha, Michael","Giolito, Lucas",2022,R,5,0.7600498499658443
"Wacha, Michael","Wells, Tyler",2022,R,6,0.7603725958273037
"Wacha, Michael","Syndergaard, Noah",2022,R,7,0.8024496121870458
"Wacha, Michael","Martin, Davis",2022,R,8,0.8480103064121961
"Wacha, Michael","Swanson, Erik",2022,R,9,0.8773161822697536
"Wacha, Michael","Gibson, Kyle",2022,R,10,0.8955006678177629
"Wainwright, Adam","Espino, Paolo",2022,R,1,1.0483510545659445
"Wainwright, Adam","Sanders, Phoenix",2022,R,2,1.0741142943078597
"Wainwright, Adam","Sánchez, Aníbal",2022,R,3,1.412284920770034
"Wainwright, Adam","Greinke, Zack",2022,R,4,1.5095645402355498
"Wainwright, Adam","Swarmer, Matt",2022,R,5,1.5147930863205665
"Wainwright, Adam","Farrell, Luke",2022,R,6,1.5900901599114239
"Wainwright, Adam","Bundy, Dylan",2022,R,7,1.5997267236914967
"Wainwright, Adam","Mills, Alec",2022,R,8,1.6035684601266318
"Wainwright, Adam","Watkins, Spenser",2022,R,9,1.6132417966348909
"Wainwright, Adam","Leiter Jr., Mark",2022,R,10,1.6777899027797318
"Walker, Taijuan","Faedo, Alex",2022,R,1,0.24112463694328143
"Walker, Taijuan","Barria, Jaime",2022,R,2,0.402994957242166
"Walker, Taijuan","Urquidy, José",2022,R,3,0.5173010135479527
"Walker, Taijuan","Musgrove, Joe",2022,R,4,0.6424419037423981
"Walker, Taijuan","Hutchison, Drew",2022,R,5,0.6531605249584617
"Walker, Taijuan","VerHagen, Drew",2022,R,6,0.6564328230719534
"Walker, Taijuan","Cease, Dylan",2022,R,7,0.6840616934356528
"Walker, Taijuan","Garcia, Luis",2022,R,8,0.6902047543336556
"Walker, Taijuan","Elder, Bryce",2022,R,9,0.6902680966250471
"Walker, Taijuan","Kaprielian, James",2022,R,10,0.7137067692460725
"Wantz, Andrew","Crawford, Kutter",2022,R,1,0.15657241714099876
"Wantz, Andrew","White, Mitch",2022,R,2,0.3569271089748909
"Wantz, Andrew","Heasley, Jonathan",2022,R,3,0.3918378242684944
"Wantz, Andrew","Foster, Matt",2022,R,4,0.39805126371620225
"Wantz, Andrew","Ruiz, Norge",2022,R,5,0.4055589641023126
"Wantz, Andrew","Yajure, Miguel",2022,R,6,0.42540472537554613
"Wantz, Andrew","Arano, Víctor",2022,R,7,0.44537109874273095
"Wantz, Andrew","Hudson, Dakota",2022,R,8,0.4610931390585559
"Wantz, Andrew","González, Chi Chi",2022,R,9,0.46832074096976695
"Wantz, Andrew","Odorizzi, Jake",2022,R,10,0.48646315915689414
"Warren, Art","Tepera, Ryan",2022,R,1,0.13749088062796744
"Warren, Art","Kuhl, Chad",2022,R,2,0.28989968416467066
"Warren, Art","Bednar, David",2022,R,3,0.3458014961186234
"Warren, Art","Oller, Adam",2022,R,4,0.3923896206219325
"Warren, Art","Sampson, Adrian",2022,R,5,0.393882474724892
"Warren, Art","Morris, Cody",2022,R,6,0.4103442288060517
"Warren, Art","Kremer, Dean",2022,R,7,0.4232013923150592
"Warren, Art","Lange, Alex",2022,R,8,0.46233131581976755
"Warren, Art","Gausman, Kevin",2022,R,9,0.5062506244619271
"Warren, Art","Thornburg, Tyler",2022,R,10,0.509981083876128
"Warren, Austin","Ramírez, Erasmo",2022,R,1,0.2613033385204769
"Warren, Austin","Poppen, Sean",2022,R,2,0.34415449537265513
"Warren, Austin","Phillips, Evan",2022,R,3,0.3545557179285055
"Warren, Austin","Brash, Matt",2022,R,4,0.38840510067903133
"Warren, Austin","Beede, Tyler",2022,R,5,0.39810720393662774
"Warren, Austin","Moronta, Reyes",2022,R,6,0.4029632453605371
"Warren, Austin","Gsellman, Robert",2022,R,7,0.43388973658058466
"Warren, Austin","Gray, Jon",2022,R,8,0.4841500003954109
"Warren, Austin","Iglesias, Raisel",2022,R,9,0.49179783373367986
"Warren, Austin","Feltner, Ryan",2022,R,10,0.4980445096241087
"Watkins, Spenser","Farrell, Luke",2022,R,1,0.38795923241652497
"Watkins, Spenser","Pineda, Michael",2022,R,2,0.5004191817553093
"Watkins, Spenser","Goudeau, Ashton",2022,R,3,0.5543003063086469
"Watkins, Spenser","Garcia, Luis",2022,R,4,0.6380230223109646
"Watkins, Spenser","Melancon, Mark",2022,R,5,0.6393865411215104
"Watkins, Spenser","Musgrove, Joe",2022,R,6,0.6932905996071725
"Watkins, Spenser","Blackburn, Paul",2022,R,7,0.734713488162169
"Watkins, Spenser","Overton, Connor",2022,R,8,0.7395699856387804
"Watkins, Spenser","Thompson, Zach",2022,R,9,0.7881609171896756
"Watkins, Spenser","Barria, Jaime",2022,R,10,0.8126838589527098
"Weaver, Luke","Jameson, Drey",2022,R,1,0.36378980625590823
"Weaver, Luke","Brazobán, Huascar",2022,R,2,0.4307154990556994
"Weaver, Luke","Kelly, Joe",2022,R,3,0.4997794026073877
"Weaver, Luke","Cobb, Alex",2022,R,4,0.5165303589113497
"Weaver, Luke","Cano, Yennier",2022,R,5,0.551441960839626
"Weaver, Luke","Gustave, Jandel",2022,R,6,0.56285179108018
"Weaver, Luke","Smith, Drew",2022,R,7,0.6313003191351831
"Weaver, Luke","Jax, Griffin",2022,R,8,0.6862263709443316
"Weaver, Luke","Bellatti, Andrew",2022,R,9,0.7202195697584772
"Weaver, Luke","Bender, Anthony",2022,R,10,0.7521611304090307
"Webb, Logan","Williams, Trevor",2022,R,1,0.6155610163752021
"Webb, Logan","Martinez, Seth",2022,R,2,0.6379960585329814
"Webb, Logan","Nola, Aaron",2022,R,3,0.6951101676781262
"Webb, Logan","Hernández, Elieser",2022,R,4,0.9698066877872753
"Webb, Logan","Festa, Matt",2022,R,5,1.067122644882091
"Webb, Logan","Flaherty, Jack",2022,R,6,1.0682377740630924
"Webb, Logan","Peralta, Freddy",2022,R,7,1.072679469816696
"Webb, Logan","Barlow, Scott",2022,R,8,1.0751924626001077
"Webb, Logan","Strzelecki, Peter",2022,R,9,1.1064363347156378
"Webb, Logan","Gutierrez, Vladimir",2022,R,10,1.1084058848328886
"Weems, Jordan","Norwood, James",2022,R,1,0.07782157099466155
"Weems, Jordan","Armstrong, Shawn",2022,R,2,0.3894256404447328
"Weems, Jordan","Thompson, Mason",2022,R,3,0.47505341337739354
"Weems, Jordan","Kittredge, Andrew",2022,R,4,0.4928831440354706
"Weems, Jordan","Fernández, Junior",2022,R,5,0.5503339436258968
"Weems, Jordan","García, Luis",2022,R,6,0.5639328487932038
"Weems, Jordan","Hicks, Jordan",2022,R,7,0.5776561984137117
"Weems, Jordan","Woodruff, Brandon",2022,R,8,0.6093566465300986
"Weems, Jordan","Merryweather, Julian",2022,R,9,0.6234813111114053
"Weems, Jordan","Brown, Hunter",2022,R,10,0.6249196160744688
"Weiss, Zack","Arano, Víctor",2022,R,1,0.3670720492417337
"Weiss, Zack","Perdomo, Luis",2022,R,2,0.4118449657932369
"Weiss, Zack","Crawford, Kutter",2022,R,3,0.4147533280351398
"Weiss, Zack","Richards, Garrett",2022,R,4,0.435399823421907
"Weiss, Zack","Mayers, Mike",2022,R,5,0.45744383222002144
"Weiss, Zack","Abbott, Cory",2022,R,6,0.46003897536331406
"Weiss, Zack","Oller, Adam",2022,R,7,0.4662311477864294
"Weiss, Zack","Payamps, Joel",2022,R,8,0.47555170656281975
"Weiss, Zack","Ruiz, Norge",2022,R,9,0.47788835165480675
"Weiss, Zack","Rucker, Michael",2022,R,10,0.4923359007147764
"Wells, Tyler","Wacha, Michael",2022,R,1,0.7603725958273037
"Wells, Tyler","Mikolas, Miles",2022,R,2,0.8184106860865411
"Wells, Tyler","VerHagen, Drew",2022,R,3,0.8384555620281083
"Wells, Tyler","Verlander, Justin",2022,R,4,0.8645107396522864
"Wells, Tyler","Thompson, Zach",2022,R,5,0.8987299051908192
"Wells, Tyler","Quantrill, Cal",2022,R,6,0.993133022354949
"Wells, Tyler","Law, Derek",2022,R,7,1.0068429749874683
"Wells, Tyler","Devenski, Chris",2022,R,8,1.0197114060332932
"Wells, Tyler","Nance, Tommy",2022,R,9,1.0491136165816712
"Wells, Tyler","Flexen, Chris",2022,R,10,1.087460612027308
"Wendelken, J.B.","Nelson, Nick",2022,R,1,0.2404768843957903
"Wendelken, J.B.","Martin, Corbin",2022,R,2,0.2584720018428341
"Wendelken, J.B.","Vest, Will",2022,R,3,0.2789749637811375
"Wendelken, J.B.","Perdomo, Luis",2022,R,4,0.37228119064860127
"Wendelken, J.B.","Neris, Héctor",2022,R,5,0.4032075826777569
"Wendelken, J.B.","Beasley, Jeremy",2022,R,6,0.42714279138084327
"Wendelken, J.B.","King, Michael",2022,R,7,0.4344303351781899
"Wendelken, J.B.","Santana, Dennis",2022,R,8,0.5175074651658391
"Wendelken, J.B.","Espinoza, Anderson",2022,R,9,0.58369632494749
"Wendelken, J.B.","De Los Santos, Enyel",2022,R,10,0.5946265179012796
"Wesneski, Hayden","Darvish, Yu",2022,R,1,0.27118295686669697
"Wesneski, Hayden","DeSclafani, Anthony",2022,R,2,0.3066184234430282
"Wesneski, Hayden","Wilson, Steven",2022,R,3,0.3872370210830967
"Wesneski, Hayden","Clevinger, Mike",2022,R,4,0.41058013724951686
"Wesneski, Hayden","Sanchez, Aaron",2022,R,5,0.4122918367393445
"Wesneski, Hayden","Stammen, Craig",2022,R,6,0.41565970334811136
"Wesneski, Hayden","Wittgren, Nick",2022,R,7,0.4402976153715968
"Wesneski, Hayden","Eovaldi, Nathan",2022,R,8,0.47135629503771925
"Wesneski, Hayden","Wilson, Bryse",2022,R,9,0.471715240159068
"Wesneski, Hayden","Knehr, Reiss",2022,R,10,0.4885081275201238
"Wheeler, Zack","Whitlock, Garrett",2022,R,1,0.6231669616852386
"Wheeler, Zack","Megill, Tylor",2022,R,2,0.6784010100052329
"Wheeler, Zack","Marte, José",2022,R,3,0.746363678615578
"Wheeler, Zack","May, Trevor",2022,R,4,0.8214238489613742
"Wheeler, Zack","Kilian, Caleb",2022,R,5,0.9305960656917062
"Wheeler, Zack","Romano, Jordan",2022,R,6,0.9339538114029222
"Wheeler, Zack","Hendriks, Liam",2022,R,7,0.9650988446498405
"Wheeler, Zack","Machado, Andrés",2022,R,8,1.0248653135438677
"Wheeler, Zack","Tetreault, Jackson",2022,R,9,1.0266509593648745
"Wheeler, Zack","Reid-Foley, Sean",2022,R,10,1.0350854909354374
"White, Mitch","Hudson, Dakota",2022,R,1,0.13722288589299686
"White, Mitch","Heasley, Jonathan",2022,R,2,0.30305838167717364
"White, Mitch","Wantz, Andrew",2022,R,3,0.3569271089748909
"White, Mitch","Crawford, Kutter",2022,R,4,0.3728010580201877
"White, Mitch","Keller, Mitch",2022,R,5,0.42581718988406486
"White, Mitch","Nance, Tommy",2022,R,6,0.4464231825467322
"White, Mitch","Morris, Cody",2022,R,7,0.4629809261812354
"White, Mitch","Ruiz, Norge",2022,R,8,0.46958646582929503
"White, Mitch","Kowar, Jackson",2022,R,9,0.471264154924363
"White, Mitch","Foster, Matt",2022,R,10,0.4741141030676106
"Whitley, Kodi","Grove, Michael",2022,R,1,0.6770364347642499
"Whitley, Kodi","Law, Derek",2022,R,2,0.6896286135405855
"Whitley, Kodi","Syndergaard, Noah",2022,R,3,0.7082568896637127
"Whitley, Kodi","Contreras, Roansy",2022,R,4,0.7138069706607413
"Whitley, Kodi","Martin, Davis",2022,R,5,0.7355038274151061
"Whitley, Kodi","Sulser, Beau",2022,R,6,0.7508316447846892
"Whitley, Kodi","Nance, Tommy",2022,R,7,0.7645552595642391
"Whitley, Kodi","Plesac, Zach",2022,R,8,0.77430531237842
"Whitley, Kodi","Heasley, Jonathan",2022,R,9,0.7860430783918325
"Whitley, Kodi","White, Mitch",2022,R,10,0.7958083011276225
"Whitlock, Garrett","Megill, Tylor",2022,R,1,0.4862407607129363
"Whitlock, Garrett","May, Trevor",2022,R,2,0.5529219476976744
"Whitlock, Garrett","Wheeler, Zack",2022,R,3,0.6231669616852386
"Whitlock, Garrett","Tetreault, Jackson",2022,R,4,0.6822422369281641
"Whitlock, Garrett","Kilian, Caleb",2022,R,5,0.7265340179927819
"Whitlock, Garrett","Romano, Jordan",2022,R,6,0.757938201099003
"Whitlock, Garrett","Gilbert, Logan",2022,R,7,0.8911041157946048
"Whitlock, Garrett","Mize, Casey",2022,R,8,0.9184967826758119
"Whitlock, Garrett","Reid-Foley, Sean",2022,R,9,0.9218075399939886
"Whitlock, Garrett","Oviedo, Johan",2022,R,10,0.9875280861602481
"Wick, Rowan","Almonte, Yency",2022,R,1,0.2807473984199445
"Wick, Rowan","Pallante, Andre",2022,R,2,0.31327468376070916
"Wick, Rowan","Baz, Shane",2022,R,3,0.32191924436069447
"Wick, Rowan","Kopech, Michael",2022,R,4,0.3625501041424159
"Wick, Rowan","Kirby, George",2022,R,5,0.38072742692880873
"Wick, Rowan","Assad, Javier",2022,R,6,0.3846162980568013
"Wick, Rowan","Middleton, Keynan",2022,R,7,0.3853000943264774
"Wick, Rowan","De los Santos, Yerry",2022,R,8,0.39908663993879756
"Wick, Rowan","Patiño, Luis",2022,R,9,0.41767722001888086
"Wick, Rowan","Houser, Adrian",2022,R,10,0.4445170360911103
"Widener, Taylor","Phillips, Evan",2022,R,1,0.5371773269078666
"Widener, Taylor","Castro, Miguel",2022,R,2,0.5755044922999143
"Widener, Taylor","Bickford, Phil",2022,R,3,0.5784721246583594
"Widener, Taylor","Ramírez, Erasmo",2022,R,4,0.6417070690864454
"Widener, Taylor","Varland, Louis",2022,R,5,0.6447123276357557
"Widener, Taylor","Brash, Matt",2022,R,6,0.6670354230920208
"Widener, Taylor","Beede, Tyler",2022,R,7,0.7096170337041738
"Widener, Taylor","Singer, Brady",2022,R,8,0.7121365484431601
"Widener, Taylor","Kennedy, Ian",2022,R,9,0.7141593885312636
"Widener, Taylor","Pagán, Emilio",2022,R,10,0.7349955591222639
"Williams, Devin","Peralta, Freddy",2022,R,1,1.0708835562770684
"Williams, Devin","Oviedo, Johan",2022,R,2,1.1758198103883228
"Williams, Devin","Mize, Casey",2022,R,3,1.2009357887716892
"Williams, Devin","Toussaint, Touki",2022,R,4,1.289551784029269
"Williams, Devin","Nola, Aaron",2022,R,5,1.3587794381510248
"Williams, Devin","Cruz, Fernando",2022,R,6,1.4327755760091052
"Williams, Devin","Whitlock, Garrett",2022,R,7,1.4395075249052511
"Williams, Devin","Flaherty, Jack",2022,R,8,1.45011238054282
"Williams, Devin","Brogdon, Connor",2022,R,9,1.4639617757924925
"Williams, Devin","Miller, Tyson",2022,R,10,1.4926602807349951
"Williams, Trevor","Nola, Aaron",2022,R,1,0.4796621963662703
"Williams, Trevor","Marinaccio, Ron",2022,R,2,0.5644341942847764
"Williams, Trevor","Flaherty, Jack",2022,R,3,0.580219389412184
"Williams, Trevor","Webb, Logan",2022,R,4,0.6155610163752021
"Williams, Trevor","Strzelecki, Peter",2022,R,5,0.712828279469404
"Williams, Trevor","Martinez, Seth",2022,R,6,0.7429760128792255
"Williams, Trevor","Ottavino, Adam",2022,R,7,0.8233456828562213
"Williams, Trevor","Hernández, Elieser",2022,R,8,0.830887819731923
"Williams, Trevor","Valdez, Phillips",2022,R,9,0.8380611288232335
"Williams, Trevor","Varland, Louis",2022,R,10,0.8455479737770647
"Wilson, Bryse","Darvish, Yu",2022,R,1,0.3237219223564274
"Wilson, Bryse","Bard, Luke",2022,R,2,0.35479804434366286
"Wilson, Bryse","DeSclafani, Anthony",2022,R,3,0.4074847638406172
"Wilson, Bryse","Wesneski, Hayden",2022,R,4,0.471715240159068
"Wilson, Bryse","Tate, Dillon",2022,R,5,0.47227184607107936
"Wilson, Bryse","Knehr, Reiss",2022,R,6,0.4844693317219599
"Wilson, Bryse","Bieber, Shane",2022,R,7,0.5459980788875021
"Wilson, Bryse","Fedde, Erick",2022,R,8,0.5462289586046225
"Wilson, Bryse","Dunn, Justin",2022,R,9,0.5488088698374233
"Wilson, Bryse","Velasquez, Vince",2022,R,10,0.5520381762349866
"Wilson, Steven","Clevinger, Mike",2022,R,1,0.26473731629656505
"Wilson, Steven","Wesneski, Hayden",2022,R,2,0.3872370210830967
"Wilson, Steven","DeSclafani, Anthony",2022,R,3,0.4311798659679469
"Wilson, Steven","Varland, Louis",2022,R,4,0.4652729478597727
"Wilson, Steven","Eovaldi, Nathan",2022,R,5,0.4682847373601401
"Wilson, Steven","Manning, Matt",2022,R,6,0.4752317190076812
"Wilson, Steven","Sanchez, Aaron",2022,R,7,0.4832306465609375
"Wilson, Steven","López, Pablo",2022,R,8,0.49000272320213645
"Wilson, Steven","Mahle, Tyler",2022,R,9,0.4949584662564334
"Wilson, Steven","Stammen, Craig",2022,R,10,0.5010676229595132
"Winckowski, Josh","Knebel, Corey",2022,R,1,0.06299961870333363
"Winckowski, Josh","Rasmussen, Drew",2022,R,2,0.1085159100246682
"Winckowski, Josh","Baz, Shane",2022,R,3,0.24914566019299503
"Winckowski, Josh","Trivino III, Lou",2022,R,4,0.3445589113564506
"Winckowski, Josh","Crowe, Wil",2022,R,5,0.3549346917971901
"Winckowski, Josh","Fulmer, Michael",2022,R,6,0.3666186540417672
"Winckowski, Josh","Nogosek, Stephen",2022,R,7,0.3796534038714112
"Winckowski, Josh","Pallante, Andre",2022,R,8,0.38176385980880917
"Winckowski, Josh","Taillon, Jameson",2022,R,9,0.3821362212365952
"Winckowski, Josh","Bass, Anthony",2022,R,10,0.38809615775638817
"Winder, Josh","Stephens, Jackson",2022,R,1,0.3307040594571716
"Winder, Josh","Cessa, Luis",2022,R,2,0.36735763652131814
"Winder, Josh","Feyereisen, J.P.",2022,R,3,0.4102951394651958
"Winder, Josh","Lambert, Jimmy",2022,R,4,0.5523482885675148
"Winder, Josh","Peralta, Wily",2022,R,5,0.5598006675011316
"Winder, Josh","Brieske, Beau",2022,R,6,0.5987081856243819
"Winder, Josh","Elder, Bryce",2022,R,7,0.6333529592027712
"Winder, Josh","Bielak, Brandon",2022,R,8,0.712381671031405
"Winder, Josh","Chacín, Jhoulys",2022,R,9,0.7615598296649738
"Winder, Josh","Lemoine, Jake",2022,R,10,0.7808252551347983
"Wisler, Matt","Sanders, Phoenix",2022,R,1,0.8591911410415193
"Wisler, Matt","Hendricks, Kyle",2022,R,2,0.9631286312691845
"Wisler, Matt","Bundy, Dylan",2022,R,3,1.0213971126500605
"Wisler, Matt","Greinke, Zack",2022,R,4,1.3165486577775598
"Wisler, Matt","Mills, Alec",2022,R,5,1.508647618729282
"Wisler, Matt","Civale, Aaron",2022,R,6,1.5696672817185313
"Wisler, Matt","Wainwright, Adam",2022,R,7,1.68129588518735
"Wisler, Matt","Espino, Paolo",2022,R,8,1.8755474102324663
"Wisler, Matt","Davies, Zach",2022,R,9,1.9378093061701511
"Wisler, Matt","Cotton, Jharel",2022,R,10,1.9504384258799445
"Wittgren, Nick","Stammen, Craig",2022,R,1,0.31246803809987195
"Wittgren, Nick","Ottavino, Adam",2022,R,2,0.33121016371071127
"Wittgren, Nick","Sanchez, Aaron",2022,R,3,0.4095873620877911
"Wittgren, Nick","Wesneski, Hayden",2022,R,4,0.4402976153715968
"Wittgren, Nick","Wilson, Steven",2022,R,5,0.5024339024649572
"Wittgren, Nick","Clevinger, Mike",2022,R,6,0.5064123731958573
"Wittgren, Nick","Flaherty, Jack",2022,R,7,0.5304966984977818
"Wittgren, Nick","Manning, Matt",2022,R,8,0.5429419349883056
"Wittgren, Nick","Sulser, Cole",2022,R,9,0.5907502915459945
"Wittgren, Nick","Mize, Casey",2022,R,10,0.6194608093876733
"Woodford, Jake","Kuhl, Chad",2022,R,1,0.5116100563243452
"Woodford, Jake","Wilson, Bryse",2022,R,2,0.5660146280045424
"Woodford, Jake","Darvish, Yu",2022,R,3,0.5737719969848876
"Woodford, Jake","Duffey, Tyler",2022,R,4,0.5781340039345098
"Woodford, Jake","Warren, Art",2022,R,5,0.5975316311004781
"Woodford, Jake","Kelly, Zack",2022,R,6,0.6167752532437735
"Woodford, Jake","Robertson, David",2022,R,7,0.6168791485758007
"Woodford, Jake","Fedde, Erick",2022,R,8,0.6280564783316488
"Woodford, Jake","Tepera, Ryan",2022,R,9,0.641637434004003
"Woodford, Jake","Hill, Garrett",2022,R,10,0.6433097405195928
"Woodruff, Brandon","Merryweather, Julian",2022,R,1,0.4080480636624693
"Woodruff, Brandon","Stephan, Trevor",2022,R,2,0.4107389518312411
"Woodruff, Brandon","Kirby, George",2022,R,3,0.41893878253066147
"Woodruff, Brandon","Kahnle, Tommy",2022,R,4,0.4230300493050375
"Woodruff, Brandon","Kittredge, Andrew",2022,R,5,0.4598009221255966
"Woodruff, Brandon","Coleman, Dylan",2022,R,6,0.4939882236284869
"Woodruff, Brandon","Brown, Hunter",2022,R,7,0.5298065346807751
"Woodruff, Brandon","Brasier, Ryan",2022,R,8,0.5339514053258575
"Woodruff, Brandon","López, Reynaldo",2022,R,9,0.5949736984525594
"Woodruff, Brandon","Barnes, Jacob",2022,R,10,0.6092783129872088
"Wright, Kyle","Gray, Jon",2022,R,1,0.26919867517866597
"Wright, Kyle","Mahle, Tyler",2022,R,2,0.2864870404185336
"Wright, Kyle","Almonte, Yency",2022,R,3,0.32462192751501134
"Wright, Kyle","Beede, Tyler",2022,R,4,0.41541943651498936
"Wright, Kyle","Pallante, Andre",2022,R,5,0.4331680502034706
"Wright, Kyle","Buehler, Walker",2022,R,6,0.48715215809841655
"Wright, Kyle","Singer, Brady",2022,R,7,0.49033514570838205
"Wright, Kyle","Kopech, Michael",2022,R,8,0.4921485954969776
"Wright, Kyle","Knehr, Reiss",2022,R,9,0.4983994960704862
"Wright, Kyle","Wick, Rowan",2022,R,10,0.5049710333116503
"Yacabonis, Jimmy","Garcia, Bryan",2022,R,1,0.26634080288838125
"Yacabonis, Jimmy","Acevedo, Domingo",2022,R,2,0.4550270911264601
"Yacabonis, Jimmy","Bellatti, Andrew",2022,R,3,0.4635023723536125
"Yacabonis, Jimmy","Lorenzen, Michael",2022,R,4,0.5097589580189636
"Yacabonis, Jimmy","Medina, Adonis",2022,R,5,0.5162937741390241
"Yacabonis, Jimmy","Seabold, Connor",2022,R,6,0.6043067346015064
"Yacabonis, Jimmy","Mayers, Mike",2022,R,7,0.6151732771275039
"Yacabonis, Jimmy","Rucker, Michael",2022,R,8,0.6318542398807194
"Yacabonis, Jimmy","Schmidt, Clarke",2022,R,9,0.6678108258513354
"Yacabonis, Jimmy","Smith, Drew",2022,R,10,0.6759827114160052
"Yajure, Miguel","Odorizzi, Jake",2022,R,1,0.36555737182115117
"Yajure, Miguel","Garcia, Luis",2022,R,2,0.378267453208341
"Yajure, Miguel","Heasley, Jonathan",2022,R,3,0.39361395963542
"Yajure, Miguel","Gonsolin, Tony",2022,R,4,0.42068438168375877
"Yajure, Miguel","Wantz, Andrew",2022,R,5,0.42540472537554613
"Yajure, Miguel","Chacín, Jhoulys",2022,R,6,0.4443969505033641
"Yajure, Miguel","Martinez, Nick",2022,R,7,0.49195757201077267
"Yajure, Miguel","Urquidy, José",2022,R,8,0.502901856611376
"Yajure, Miguel","Anderson, Chase",2022,R,9,0.5282537545511187
"Yajure, Miguel","Foster, Matt",2022,R,10,0.5463768340383119
"Zeuch, T.J.","Fedde, Erick",2022,R,1,0.17319597392162428
"Zeuch, T.J.","Sulser, Cole",2022,R,2,0.27514966670164076
"Zeuch, T.J.","Bieber, Shane",2022,R,3,0.29780902849931623
"Zeuch, T.J.","Dunn, Justin",2022,R,4,0.3852397886080084
"Zeuch, T.J.","Stratton, Chris",2022,R,5,0.4470199797584648
"Zeuch, T.J.","Sanchez, Aaron",2022,R,6,0.48840188453863875
"Zeuch, T.J.","Wesneski, Hayden",2022,R,7,0.5391968804425102
"Zeuch, T.J.","Leiter Jr., Mark",2022,R,8,0.5782047008871739
"Zeuch, T.J.","Otto Jr., Glenn",2022,R,9,0.5928538297966085
"Zeuch, T.J.","DeSclafani, Anthony",2022,R,10,0.5991033101679033
"deGrom, Jacob","Finnegan, Kyle",2022,R,1,0.3493715563682075
"deGrom, Jacob","Abreu, Albert",2022,R,2,0.43257049485569543
"deGrom, Jacob","Loáisiga, Jonathan",2022,R,3,0.4993736583062722
"deGrom, Jacob","Fernández, Junior",2022,R,4,0.5662791154160784
"deGrom, Jacob","Doval, Camilo",2022,R,5,0.7114575108592921
"deGrom, Jacob","Armstrong, Shawn",2022,R,6,0.7198811975276933
"deGrom, Jacob","Coonrod, Sam",2022,R,7,0.7634629118075227
"deGrom, Jacob","Strider, Spencer",2022,R,8,0.7808949162369244
"deGrom, Jacob","Foley, Jason",2022,R,9,0.7951157172575676
"deGrom, Jacob","Suarez, Robert",2022,R,10,0.8075094820669093
