player_name,comp_player_name,season,p_throws,rank,physical_distance
"Akin, Keegan","Kay, Anthony",2020,L,1,0.5040244145689298
"Akin, Keegan","Raley, Brooks",2020,L,2,0.5224808920443689
"Akin, Keegan","Allard, Kolby",2020,L,3,0.5707133958591176
"Akin, Keegan","Lauer, Eric",2020,L,4,0.6679835165315083
"Akin, Keegan","Sheffield, Justus",2020,L,5,0.7837053643405607
"Akin, Keegan","Rogers, Taylor",2020,L,6,0.8100649672143576
"Akin, Keegan","Howard, Sam",2020,L,7,0.825640229235499
"Akin, Keegan","Young, Alex",2020,L,8,0.8545903813770371
"Akin, Keegan","Minor, Mike",2020,L,9,0.8734963961544158
"Akin, Keegan","McFarland, T.J.",2020,L,10,0.8831094669755942
"Alexander, Scott","Morejon, Adrian",2020,L,1,0.7209236607780423
"Alexander, Scott","Ferguson, Caleb",2020,L,2,0.7407568384784048
"Alexander, Scott","Scott, Tanner",2020,L,3,0.7849570406050314
"Alexander, Scott","McGee, Jake",2020,L,4,0.8030517365171264
"Alexander, Scott","Minter, A.J.",2020,L,5,0.8332723884272448
"Alexander, Scott","Cabrera, Génesis",2020,L,6,0.9949465998678774
"Alexander, Scott","Borucki, Ryan",2020,L,7,1.005302452467195
"Alexander, Scott","Wilson, Justin",2020,L,8,1.0563865688428602
"Alexander, Scott","Britton, Zack",2020,L,9,1.0962191977391271
"Alexander, Scott","Peralta, Wandy",2020,L,10,1.10366672789147
"Alexander, Tyler","Paxton, James",2020,L,1,0.4658586540502512
"Alexander, Tyler","Turley, Nik",2020,L,2,0.4765518779625425
"Alexander, Tyler","Shreve, Chasen",2020,L,3,0.5032210187110997
"Alexander, Tyler","Holland, Derek",2020,L,4,0.5099296950366
"Alexander, Tyler","Lester, Jon",2020,L,5,0.5968247018539559
"Alexander, Tyler","Fleming, Josh",2020,L,6,0.6010955980108881
"Alexander, Tyler","Springs, Jeffrey",2020,L,7,0.6300958740189236
"Alexander, Tyler","Freeland, Kyle",2020,L,8,0.7134618575852851
"Alexander, Tyler","Gonzalez, Gio",2020,L,9,0.7378335680059003
"Alexander, Tyler","Boyd, Matthew",2020,L,10,0.7385488286226545
"Allard, Kolby","Pérez, Martín",2020,L,1,0.38647202568474537
"Allard, Kolby","Sheffield, Justus",2020,L,2,0.4492611211988334
"Allard, Kolby","Rogers, Taylor",2020,L,3,0.47960849753092755
"Allard, Kolby","Akin, Keegan",2020,L,4,0.5707133958591176
"Allard, Kolby","Kay, Anthony",2020,L,5,0.6597141375221733
"Allard, Kolby","Valdez, Framber",2020,L,6,0.6907670030399686
"Allard, Kolby","Minor, Mike",2020,L,7,0.7449034477308254
"Allard, Kolby","Raley, Brooks",2020,L,8,0.8357621662644484
"Allard, Kolby","Heaney, Andrew",2020,L,9,0.8375272549214978
"Allard, Kolby","Holland, Derek",2020,L,10,0.8520242150724163
"Alvarado, José","Chapman, Aroldis",2020,L,1,1.014012872903235
"Alvarado, José","Soto, Gregory",2020,L,2,1.5358034218279426
"Alvarado, José","Taylor, Blake",2020,L,3,1.6068452342512896
"Alvarado, José","Kikuchi, Yusei",2020,L,4,1.8250588370356313
"Alvarado, José","Snell, Blake",2020,L,5,1.8494301040229282
"Alvarado, José","Wilson, Justin",2020,L,6,1.9084589589439804
"Alvarado, José","Matzek, Tyler",2020,L,7,1.9726086913390337
"Alvarado, José","Martin, Brett",2020,L,8,1.9770524587293594
"Alvarado, José","Ferguson, Caleb",2020,L,9,2.034638708164553
"Alvarado, José","McGee, Jake",2020,L,10,2.09435413397415
"Anderson, Brett","Anderson, Tyler",2020,L,1,0.3398075882429616
"Anderson, Brett","Miley, Wade",2020,L,2,0.658110999200728
"Anderson, Brett","Osich, Josh",2020,L,3,0.6904570128112486
"Anderson, Brett","Benjamin, Wes",2020,L,4,0.736870379853929
"Anderson, Brett","Keuchel, Dallas",2020,L,5,0.8507165252057227
"Anderson, Brett","Castano, Daniel",2020,L,6,0.853943117731483
"Anderson, Brett","Kershaw, Clayton",2020,L,7,0.868279135210805
"Anderson, Brett","Hart, Kyle",2020,L,8,0.9127189252063402
"Anderson, Brett","Sandoval, Patrick",2020,L,9,0.9348445289534739
"Anderson, Brett","Smith, Will",2020,L,10,0.9396198254306279
"Anderson, Tyler","Anderson, Brett",2020,L,1,0.3398075882429616
"Anderson, Tyler","Miley, Wade",2020,L,2,0.64672601737361
"Anderson, Tyler","Castano, Daniel",2020,L,3,0.6741824658304859
"Anderson, Tyler","Osich, Josh",2020,L,4,0.6967936549487588
"Anderson, Tyler","Holland, Derek",2020,L,5,0.7697661215299967
"Anderson, Tyler","Kershaw, Clayton",2020,L,6,0.7698059081247214
"Anderson, Tyler","Benjamin, Wes",2020,L,7,0.8048587215823865
"Anderson, Tyler","Lauer, Eric",2020,L,8,0.8273171398255754
"Anderson, Tyler","Smith, Will",2020,L,9,0.8414626662317918
"Anderson, Tyler","Fried, Max",2020,L,10,0.876606393836224
"Baragar, Caleb","Reed, Cody",2020,L,1,0.4005918038464074
"Baragar, Caleb","Kikuchi, Yusei",2020,L,2,0.6353681394001275
"Baragar, Caleb","Borucki, Ryan",2020,L,3,0.6365197700298113
"Baragar, Caleb","Garrett, Amir",2020,L,4,0.7208664370319728
"Baragar, Caleb","Matz, Steven",2020,L,5,0.7806048177354229
"Baragar, Caleb","Diekman, Jake",2020,L,6,0.8443330924765494
"Baragar, Caleb","Taylor, Blake",2020,L,7,0.9249559055272476
"Baragar, Caleb","Rogers, Trevor",2020,L,8,0.9508832712144865
"Baragar, Caleb","García, Jarlín",2020,L,9,0.9594786680833881
"Baragar, Caleb","Ray, Robbie",2020,L,10,1.0156942695940168
"Beeks, Jalen","Taylor, Blake",2020,L,1,0.6378539130114513
"Beeks, Jalen","García, Jarlín",2020,L,2,0.8017665875621784
"Beeks, Jalen","Matz, Steven",2020,L,3,0.8863690212001636
"Beeks, Jalen","Borucki, Ryan",2020,L,4,0.9490260537982887
"Beeks, Jalen","Matzek, Tyler",2020,L,5,0.9770796893247239
"Beeks, Jalen","Ray, Robbie",2020,L,6,1.0166553636662539
"Beeks, Jalen","Garrett, Amir",2020,L,7,1.076797532131457
"Beeks, Jalen","Baragar, Caleb",2020,L,8,1.08635969454564
"Beeks, Jalen","Morejon, Adrian",2020,L,9,1.1688855375522607
"Beeks, Jalen","Shreve, Chasen",2020,L,10,1.2467232815272231
"Benjamin, Wes","Smyly, Drew",2020,L,1,0.4611884824934963
"Benjamin, Wes","Newcomb, Sean",2020,L,2,0.4808460597396876
"Benjamin, Wes","Osich, Josh",2020,L,3,0.49721288119368423
"Benjamin, Wes","Sandoval, Patrick",2020,L,4,0.5243266897384483
"Benjamin, Wes","Howard, Sam",2020,L,5,0.712300841232244
"Benjamin, Wes","Anderson, Brett",2020,L,6,0.736870379853929
"Benjamin, Wes","Lauer, Eric",2020,L,7,0.745295297573655
"Benjamin, Wes","Detwiler, Ross",2020,L,8,0.7772314388579165
"Benjamin, Wes","Smith, Caleb",2020,L,9,0.7952850818923249
"Benjamin, Wes","Anderson, Tyler",2020,L,10,0.8048587215823865
"Bleier, Richard","Margevicius, Nick",2020,L,1,0.39295496459148216
"Bleier, Richard","Springs, Jeffrey",2020,L,2,0.6488359345045869
"Bleier, Richard","Turley, Nik",2020,L,3,0.7496355437753497
"Bleier, Richard","Corbin, Patrick",2020,L,4,0.7948441516465021
"Bleier, Richard","Lester, Jon",2020,L,5,0.8521545198199362
"Bleier, Richard","Selman, Sam",2020,L,6,0.9236510847694099
"Bleier, Richard","Paxton, James",2020,L,7,0.988188513410984
"Bleier, Richard","Fleming, Josh",2020,L,8,0.9962339377329502
"Bleier, Richard","Kickham, Mike",2020,L,9,1.0317905170505948
"Bleier, Richard","Kim, Kwang Hyun",2020,L,10,1.0575578098668645
"Borucki, Ryan","Morejon, Adrian",2020,L,1,0.5165526721416867
"Borucki, Ryan","García, Jarlín",2020,L,2,0.5347294836016641
"Borucki, Ryan","Ray, Robbie",2020,L,3,0.5403279234829462
"Borucki, Ryan","Matz, Steven",2020,L,4,0.5864207683516717
"Borucki, Ryan","Baragar, Caleb",2020,L,5,0.6365197700298113
"Borucki, Ryan","Garrett, Amir",2020,L,6,0.7054235102561387
"Borucki, Ryan","Matzek, Tyler",2020,L,7,0.7780008515072924
"Borucki, Ryan","Diekman, Jake",2020,L,8,0.7920696347237994
"Borucki, Ryan","Minter, A.J.",2020,L,9,0.7966369116903115
"Borucki, Ryan","Reed, Cody",2020,L,10,0.8262117583179962
"Boyd, Matthew","Erlin, Robbie",2020,L,1,0.299465304083369
"Boyd, Matthew","Gonzalez, Gio",2020,L,2,0.5396657403691948
"Boyd, Matthew","Holland, Derek",2020,L,3,0.6454658711160729
"Boyd, Matthew","Castano, Daniel",2020,L,4,0.7092956418108336
"Boyd, Matthew","Alexander, Tyler",2020,L,5,0.7385488286226545
"Boyd, Matthew","Turley, Nik",2020,L,6,0.7804713934925871
"Boyd, Matthew","Allard, Kolby",2020,L,7,0.8796421060436576
"Boyd, Matthew","Selman, Sam",2020,L,8,0.8875022676792317
"Boyd, Matthew","Raley, Brooks",2020,L,9,0.8892352910791722
"Boyd, Matthew","Pérez, Oliver",2020,L,10,0.8901592661707677
"Brault, Steven","Rogers, Trevor",2020,L,1,0.5219200121728345
"Brault, Steven","Peterson, David",2020,L,2,0.6442672342988349
"Brault, Steven","Fleming, Josh",2020,L,3,0.9285777119111596
"Brault, Steven","Manaea, Sean",2020,L,4,1.0457976819430168
"Brault, Steven","Duffy, Danny",2020,L,5,1.049631200155368
"Brault, Steven","Thorpe, Lewis",2020,L,6,1.063543201563065
"Brault, Steven","Freeland, Kyle",2020,L,7,1.0964020738581919
"Brault, Steven","Bubic, Kris",2020,L,8,1.1175489803811167
"Brault, Steven","Paxton, James",2020,L,9,1.125685365492702
"Brault, Steven","Shreve, Chasen",2020,L,10,1.1386980995326277
"Britton, Zack","Cabrera, Génesis",2020,L,1,0.5545280247331787
"Britton, Zack","Wilson, Justin",2020,L,2,0.6936546856381904
"Britton, Zack","Peralta, Wandy",2020,L,3,1.0080337324488913
"Britton, Zack","Alexander, Scott",2020,L,4,1.0962191977391271
"Britton, Zack","Urías, Julio",2020,L,5,1.1973504091100804
"Britton, Zack","Morejon, Adrian",2020,L,6,1.2616681397136462
"Britton, Zack","Pomeranz, Drew",2020,L,7,1.288887832244619
"Britton, Zack","Means, John",2020,L,8,1.2932547273809596
"Britton, Zack","Hearn, Taylor",2020,L,9,1.2987397463746
"Britton, Zack","Norris, Daniel",2020,L,10,1.302090192378392
"Bubic, Kris","Kim, Kwang Hyun",2020,L,1,0.4738509843402071
"Bubic, Kris","Duffy, Danny",2020,L,2,0.5132028528060231
"Bubic, Kris","Freeland, Kyle",2020,L,3,0.6501123137903401
"Bubic, Kris","Margevicius, Nick",2020,L,4,0.8703057457740362
"Bubic, Kris","Shreve, Chasen",2020,L,5,0.8744510774788611
"Bubic, Kris","Springs, Jeffrey",2020,L,6,0.9251831369954653
"Bubic, Kris","Thorpe, Lewis",2020,L,7,0.9390003838234542
"Bubic, Kris","Selman, Sam",2020,L,8,0.9829270208993409
"Bubic, Kris","Lester, Jon",2020,L,9,0.9908001964323262
"Bubic, Kris","Gonzales, Marco",2020,L,10,1.0174716584904628
"Bumgarner, Madison","Kickham, Mike",2020,L,1,0.11383136528099674
"Bumgarner, Madison","Ryu, Hyun Jin",2020,L,2,0.384692891935116
"Bumgarner, Madison","Gonzales, Marco",2020,L,3,0.46457112316818355
"Bumgarner, Madison","Kim, Kwang Hyun",2020,L,4,0.7185437071118798
"Bumgarner, Madison","Dayton, Grant",2020,L,5,0.7358494967433968
"Bumgarner, Madison","Selman, Sam",2020,L,6,0.8006369584295622
"Bumgarner, Madison","Lester, Jon",2020,L,7,0.8239247167913576
"Bumgarner, Madison","Thorpe, Lewis",2020,L,8,0.9484799533269865
"Bumgarner, Madison","Ryan, Kyle",2020,L,9,1.024055893429378
"Bumgarner, Madison","Gonzalez, Gio",2020,L,10,1.0794258799489824
"Cabrera, Génesis","Britton, Zack",2020,L,1,0.5545280247331787
"Cabrera, Génesis","Peralta, Wandy",2020,L,2,0.6056623693390611
"Cabrera, Génesis","Urías, Julio",2020,L,3,0.7332010044948039
"Cabrera, Génesis","Misiewicz, Anthony",2020,L,4,0.8032868984337842
"Cabrera, Génesis","Morejon, Adrian",2020,L,5,0.8970998857941401
"Cabrera, Génesis","Wilson, Justin",2020,L,6,0.9471358329859004
"Cabrera, Génesis","Means, John",2020,L,7,0.9655916562893605
"Cabrera, Génesis","Happ, J.A.",2020,L,8,0.989278532990548
"Cabrera, Génesis","Norris, Daniel",2020,L,9,0.989397445015545
"Cabrera, Génesis","Alexander, Scott",2020,L,10,0.9949465998678774
"Castano, Daniel","Hart, Kyle",2020,L,1,0.5291642474356589
"Castano, Daniel","Erlin, Robbie",2020,L,2,0.5612853623753916
"Castano, Daniel","Miley, Wade",2020,L,3,0.5801321447061814
"Castano, Daniel","Selman, Sam",2020,L,4,0.6468354030202925
"Castano, Daniel","Fried, Max",2020,L,5,0.6533719654352053
"Castano, Daniel","Holland, Derek",2020,L,6,0.6726919515918434
"Castano, Daniel","Anderson, Tyler",2020,L,7,0.6741824658304859
"Castano, Daniel","Turley, Nik",2020,L,8,0.7037216758780648
"Castano, Daniel","Boyd, Matthew",2020,L,9,0.7092956418108336
"Castano, Daniel","Keuchel, Dallas",2020,L,10,0.7321098426865844
"Chapman, Aroldis","Alvarado, José",2020,L,1,1.014012872903235
"Chapman, Aroldis","Soto, Gregory",2020,L,2,1.3233162399001193
"Chapman, Aroldis","Taylor, Blake",2020,L,3,1.8161345988785598
"Chapman, Aroldis","Kikuchi, Yusei",2020,L,4,1.8373160699452336
"Chapman, Aroldis","Snell, Blake",2020,L,5,1.9882109334133227
"Chapman, Aroldis","Baragar, Caleb",2020,L,6,2.3104465551864237
"Chapman, Aroldis","Beeks, Jalen",2020,L,7,2.3855316388011447
"Chapman, Aroldis","Rogers, Trevor",2020,L,8,2.4819759318211823
"Chapman, Aroldis","Matzek, Tyler",2020,L,9,2.4840916491620813
"Chapman, Aroldis","Ferguson, Caleb",2020,L,10,2.4844516798716696
"Claudio, Alex","Hall, Matt",2020,L,1,1.666704899436022
"Claudio, Alex","Milner, Hoby",2020,L,2,1.6972896705912925
"Claudio, Alex","Yarbrough, Ryan",2020,L,3,1.7875575472230127
"Claudio, Alex","LeBlanc, Wade",2020,L,4,2.0255708387049345
"Claudio, Alex","Pérez, Oliver",2020,L,5,2.1393541590101686
"Claudio, Alex","Hill, Rich",2020,L,6,2.1753289673203873
"Claudio, Alex","Watson, Tony",2020,L,7,2.4735803667901717
"Claudio, Alex","Smeltzer, Devin",2020,L,8,2.534113745775412
"Claudio, Alex","Gonzalez, Gio",2020,L,9,2.644029470309346
"Claudio, Alex","Gonzales, Marco",2020,L,10,2.7009212150096373
"Corbin, Patrick","Webb, Tyler",2020,L,1,0.7865771381516206
"Corbin, Patrick","Bleier, Richard",2020,L,2,0.7948441516465021
"Corbin, Patrick","Margevicius, Nick",2020,L,3,0.8582738459877508
"Corbin, Patrick","Gomber, Austin",2020,L,4,1.0700471023255953
"Corbin, Patrick","Ryu, Hyun Jin",2020,L,5,1.1299929400528417
"Corbin, Patrick","Selman, Sam",2020,L,6,1.1602341984561084
"Corbin, Patrick","Kim, Kwang Hyun",2020,L,7,1.1603047551346448
"Corbin, Patrick","Kickham, Mike",2020,L,8,1.1831507344596273
"Corbin, Patrick","Springs, Jeffrey",2020,L,9,1.2308964243873968
"Corbin, Patrick","Smith, Will",2020,L,10,1.2310039071561099
"Dayton, Grant","Lester, Jon",2020,L,1,0.4228001278584594
"Dayton, Grant","Ryan, Kyle",2020,L,2,0.5810608360228177
"Dayton, Grant","Gonzales, Marco",2020,L,3,0.583828035850301
"Dayton, Grant","Gonzalez, Gio",2020,L,4,0.5978368421645339
"Dayton, Grant","Bumgarner, Madison",2020,L,5,0.7358494967433968
"Dayton, Grant","Selman, Sam",2020,L,6,0.7797585886629003
"Dayton, Grant","Kickham, Mike",2020,L,7,0.7934486452322873
"Dayton, Grant","Ryu, Hyun Jin",2020,L,8,0.8722861523235291
"Dayton, Grant","Turley, Nik",2020,L,9,0.8818805143517899
"Dayton, Grant","Alexander, Tyler",2020,L,10,0.8875283654053362
"Detwiler, Ross","Smith, Caleb",2020,L,1,0.3531632470948786
"Detwiler, Ross","Smyly, Drew",2020,L,2,0.6878871046781507
"Detwiler, Ross","Norris, Daniel",2020,L,3,0.7534288339520339
"Detwiler, Ross","Sandoval, Patrick",2020,L,4,0.7726284823691287
"Detwiler, Ross","Benjamin, Wes",2020,L,5,0.7772314388579165
"Detwiler, Ross","Howard, Sam",2020,L,6,0.7773512583355937
"Detwiler, Ross","Young, Alex",2020,L,7,0.8037673606256872
"Detwiler, Ross","Urías, Julio",2020,L,8,0.9305514922024296
"Detwiler, Ross","Fry, Jace",2020,L,9,0.9559676583100759
"Detwiler, Ross","Lauer, Eric",2020,L,10,1.0346217811197371
"Diekman, Jake","Borucki, Ryan",2020,L,1,0.7920696347237994
"Diekman, Jake","Baragar, Caleb",2020,L,2,0.8443330924765494
"Diekman, Jake","Fry, Paul",2020,L,3,0.8477199697796547
"Diekman, Jake","Reed, Cody",2020,L,4,0.8545480430276107
"Diekman, Jake","Garrett, Amir",2020,L,5,0.8876202825142308
"Diekman, Jake","Paxton, James",2020,L,6,0.9618260260841307
"Diekman, Jake","Matz, Steven",2020,L,7,1.016024333270188
"Diekman, Jake","Minter, A.J.",2020,L,8,1.023607437518322
"Diekman, Jake","Fleming, Josh",2020,L,9,1.0474098970881454
"Diekman, Jake","Ray, Robbie",2020,L,10,1.0587497627977698
"Duffy, Danny","Bubic, Kris",2020,L,1,0.5132028528060231
"Duffy, Danny","Peterson, David",2020,L,2,0.8654632688767361
"Duffy, Danny","Freeland, Kyle",2020,L,3,0.9057410581313067
"Duffy, Danny","Kim, Kwang Hyun",2020,L,4,0.9377110842271561
"Duffy, Danny","Brault, Steven",2020,L,5,1.049631200155368
"Duffy, Danny","Thorpe, Lewis",2020,L,6,1.0821339410053816
"Duffy, Danny","Shreve, Chasen",2020,L,7,1.1070841279769619
"Duffy, Danny","Margevicius, Nick",2020,L,8,1.1453940175830837
"Duffy, Danny","Springs, Jeffrey",2020,L,9,1.1749897562126697
"Duffy, Danny","Fleming, Josh",2020,L,10,1.272329303718102
"Erlin, Robbie","Boyd, Matthew",2020,L,1,0.299465304083369
"Erlin, Robbie","Gonzalez, Gio",2020,L,2,0.5132933083330394
"Erlin, Robbie","Castano, Daniel",2020,L,3,0.5612853623753916
"Erlin, Robbie","Selman, Sam",2020,L,4,0.7252553645912388
"Erlin, Robbie","Holland, Derek",2020,L,5,0.7823386661578852
"Erlin, Robbie","Pérez, Oliver",2020,L,6,0.7851454548909788
"Erlin, Robbie","Turley, Nik",2020,L,7,0.8342556228402218
"Erlin, Robbie","Alexander, Tyler",2020,L,8,0.9046344009626025
"Erlin, Robbie","Lester, Jon",2020,L,9,0.9307468923955704
"Erlin, Robbie","Fried, Max",2020,L,10,0.982857836610018
"Ferguson, Caleb","McGee, Jake",2020,L,1,0.3061841855277493
"Ferguson, Caleb","Scott, Tanner",2020,L,2,0.49744453346307155
"Ferguson, Caleb","Alexander, Scott",2020,L,3,0.7407568384784048
"Ferguson, Caleb","Wilson, Justin",2020,L,4,1.0535609340788223
"Ferguson, Caleb","Morejon, Adrian",2020,L,5,1.1309852924323291
"Ferguson, Caleb","Borucki, Ryan",2020,L,6,1.1565233448215082
"Ferguson, Caleb","Minter, A.J.",2020,L,7,1.1774191915005912
"Ferguson, Caleb","Baragar, Caleb",2020,L,8,1.2576884724426014
"Ferguson, Caleb","Rodríguez, Joely",2020,L,9,1.2696155480487263
"Ferguson, Caleb","Matzek, Tyler",2020,L,10,1.37275225830503
"Fleming, Josh","Paxton, James",2020,L,1,0.2676715021781614
"Fleming, Josh","Shreve, Chasen",2020,L,2,0.41489514163695373
"Fleming, Josh","Freeland, Kyle",2020,L,3,0.5879173752029117
"Fleming, Josh","Alexander, Tyler",2020,L,4,0.6010955980108881
"Fleming, Josh","Lester, Jon",2020,L,5,0.6355663393932602
"Fleming, Josh","Springs, Jeffrey",2020,L,6,0.6635969280294909
"Fleming, Josh","Matz, Steven",2020,L,7,0.7486007736759437
"Fleming, Josh","Turley, Nik",2020,L,8,0.7558888118368325
"Fleming, Josh","Garrett, Amir",2020,L,9,0.7908996371720804
"Fleming, Josh","García, Jarlín",2020,L,10,0.8737004317327416
"Freeland, Kyle","Shreve, Chasen",2020,L,1,0.2554307041152713
"Freeland, Kyle","Fleming, Josh",2020,L,2,0.5879173752029117
"Freeland, Kyle","Paxton, James",2020,L,3,0.636973247785751
"Freeland, Kyle","Bubic, Kris",2020,L,4,0.6501123137903401
"Freeland, Kyle","Springs, Jeffrey",2020,L,5,0.6810628942904953
"Freeland, Kyle","Lester, Jon",2020,L,6,0.7080020076154582
"Freeland, Kyle","Alexander, Tyler",2020,L,7,0.7134618575852851
"Freeland, Kyle","Matz, Steven",2020,L,8,0.8000945439032426
"Freeland, Kyle","Turley, Nik",2020,L,9,0.8046896707461593
"Freeland, Kyle","García, Jarlín",2020,L,10,0.8835213861784477
"Fried, Max","Kershaw, Clayton",2020,L,1,0.5255618230166824
"Fried, Max","Holland, Derek",2020,L,2,0.5539715751517167
"Fried, Max","Turley, Nik",2020,L,3,0.6221909228247536
"Fried, Max","Springs, Jeffrey",2020,L,4,0.6328443957157764
"Fried, Max","Castano, Daniel",2020,L,5,0.6533719654352053
"Fried, Max","Hart, Kyle",2020,L,6,0.731010552999204
"Fried, Max","Alexander, Tyler",2020,L,7,0.8096997799501638
"Fried, Max","Margevicius, Nick",2020,L,8,0.8246181877644624
"Fried, Max","Shreve, Chasen",2020,L,9,0.8674403875351447
"Fried, Max","Anderson, Tyler",2020,L,10,0.876606393836224
"Fry, Jace","Hand, Brad",2020,L,1,0.8898637263443359
"Fry, Jace","Smith, Caleb",2020,L,2,0.9129905981459235
"Fry, Jace","Detwiler, Ross",2020,L,3,0.9559676583100759
"Fry, Jace","Young, Alex",2020,L,4,1.256709811572834
"Fry, Jace","Smyly, Drew",2020,L,5,1.2625738918433393
"Fry, Jace","Benjamin, Wes",2020,L,6,1.353200330504121
"Fry, Jace","Howard, Sam",2020,L,7,1.5215187351479647
"Fry, Jace","Sandoval, Patrick",2020,L,8,1.5242348046724588
"Fry, Jace","Norris, Daniel",2020,L,9,1.621355389967808
"Fry, Jace","Newcomb, Sean",2020,L,10,1.6922712620388953
"Fry, Paul","Strahm, Matt",2020,L,1,0.6492076711275765
"Fry, Paul","Minter, A.J.",2020,L,2,0.6971924751712971
"Fry, Paul","Rogers, Taylor",2020,L,3,0.7911378722111173
"Fry, Paul","Kay, Anthony",2020,L,4,0.8105274681564045
"Fry, Paul","Diekman, Jake",2020,L,5,0.8477199697796547
"Fry, Paul","Allard, Kolby",2020,L,6,0.8644241433574317
"Fry, Paul","Heaney, Andrew",2020,L,7,0.8981788947222059
"Fry, Paul","Alexander, Tyler",2020,L,8,0.9254961863961819
"Fry, Paul","Matz, Steven",2020,L,9,0.9328761818284096
"Fry, Paul","Morejon, Adrian",2020,L,10,0.9347171401589301
"García, Jarlín","Matz, Steven",2020,L,1,0.3560297446619298
"García, Jarlín","Borucki, Ryan",2020,L,2,0.5347294836016641
"García, Jarlín","Paxton, James",2020,L,3,0.6631984235824947
"García, Jarlín","Ray, Robbie",2020,L,4,0.7151043754460813
"García, Jarlín","Shreve, Chasen",2020,L,5,0.7180202874680983
"García, Jarlín","Morejon, Adrian",2020,L,6,0.7342903357752354
"García, Jarlín","Garrett, Amir",2020,L,7,0.7984898489846965
"García, Jarlín","Alexander, Tyler",2020,L,8,0.8003033398954948
"García, Jarlín","Beeks, Jalen",2020,L,9,0.8017665875621784
"García, Jarlín","Springs, Jeffrey",2020,L,10,0.8696022971118481
"Garrett, Amir","Paxton, James",2020,L,1,0.6657694672832822
"Garrett, Amir","Ray, Robbie",2020,L,2,0.6870436962702096
"Garrett, Amir","Borucki, Ryan",2020,L,3,0.7054235102561387
"Garrett, Amir","Baragar, Caleb",2020,L,4,0.7208664370319728
"Garrett, Amir","Matzek, Tyler",2020,L,5,0.7601623132325581
"Garrett, Amir","Fleming, Josh",2020,L,6,0.7908996371720804
"Garrett, Amir","García, Jarlín",2020,L,7,0.7984898489846965
"Garrett, Amir","Matz, Steven",2020,L,8,0.8207989206123792
"Garrett, Amir","Springs, Jeffrey",2020,L,9,0.8815941257695262
"Garrett, Amir","Diekman, Jake",2020,L,10,0.8876202825142308
"Gomber, Austin","Webb, Tyler",2020,L,1,0.8217175204339788
"Gomber, Austin","Smith, Will",2020,L,2,1.0105911492469701
"Gomber, Austin","Corbin, Patrick",2020,L,3,1.0700471023255953
"Gomber, Austin","Montgomery, Jordan",2020,L,4,1.1538359947811856
"Gomber, Austin","Bleier, Richard",2020,L,5,1.262489659930042
"Gomber, Austin","Margevicius, Nick",2020,L,6,1.2838862801750535
"Gomber, Austin","Kershaw, Clayton",2020,L,7,1.3198989114880084
"Gomber, Austin","Martin, Brett",2020,L,8,1.37949716537281
"Gomber, Austin","Snell, Blake",2020,L,9,1.4328669421148075
"Gomber, Austin","Springs, Jeffrey",2020,L,10,1.4871848040921802
"Gonzales, Marco","Bumgarner, Madison",2020,L,1,0.46457112316818355
"Gonzales, Marco","Ryu, Hyun Jin",2020,L,2,0.46866772358675207
"Gonzales, Marco","Kickham, Mike",2020,L,3,0.5080046049842012
"Gonzales, Marco","Selman, Sam",2020,L,4,0.582981993850837
"Gonzales, Marco","Dayton, Grant",2020,L,5,0.583828035850301
"Gonzales, Marco","Lester, Jon",2020,L,6,0.6139071990639152
"Gonzales, Marco","Kim, Kwang Hyun",2020,L,7,0.6935717438181594
"Gonzales, Marco","Gonzalez, Gio",2020,L,8,0.6991341438562979
"Gonzales, Marco","Pérez, Oliver",2020,L,9,0.8451818015908397
"Gonzales, Marco","Bubic, Kris",2020,L,10,1.0174716584904628
"Gonzalez, Gio","Erlin, Robbie",2020,L,1,0.5132933083330394
"Gonzalez, Gio","Pérez, Oliver",2020,L,2,0.5245818836436756
"Gonzalez, Gio","Boyd, Matthew",2020,L,3,0.5396657403691948
"Gonzalez, Gio","Lester, Jon",2020,L,4,0.5958338764329401
"Gonzalez, Gio","Dayton, Grant",2020,L,5,0.5978368421645339
"Gonzalez, Gio","Selman, Sam",2020,L,6,0.66149172504302
"Gonzalez, Gio","Gonzales, Marco",2020,L,7,0.6991341438562979
"Gonzalez, Gio","Alexander, Tyler",2020,L,8,0.7378335680059003
"Gonzalez, Gio","Turley, Nik",2020,L,9,0.8028739041434142
"Gonzalez, Gio","Castano, Daniel",2020,L,10,0.9107229564669753
"González, Victor","Wood, Alex",2020,L,1,1.0283883500216737
"González, Victor","Minter, A.J.",2020,L,2,1.0645199124858387
"González, Victor","Reed, Cody",2020,L,3,1.288043816589211
"González, Victor","Rodríguez, Joely",2020,L,4,1.3151622172571078
"González, Victor","Strahm, Matt",2020,L,5,1.3422567801388792
"González, Victor","Hader, Josh",2020,L,6,1.3566181568423692
"González, Victor","Fry, Paul",2020,L,7,1.3570667188041692
"González, Victor","Scott, Tanner",2020,L,8,1.5466609612896616
"González, Victor","Matz, Steven",2020,L,9,1.5586965043050565
"González, Victor","Diekman, Jake",2020,L,10,1.614836147566492
"Hader, Josh","Reed, Cody",2020,L,1,0.9527030911313987
"Hader, Josh","Rogers, Trevor",2020,L,2,1.0341958217541096
"Hader, Josh","Baragar, Caleb",2020,L,3,1.2698274167579395
"Hader, Josh","Wood, Alex",2020,L,4,1.2871816091460844
"Hader, Josh","Diekman, Jake",2020,L,5,1.345190695245688
"Hader, Josh","González, Victor",2020,L,6,1.3566181568423692
"Hader, Josh","Fleming, Josh",2020,L,7,1.3627519197482159
"Hader, Josh","Brault, Steven",2020,L,8,1.3764844662606113
"Hader, Josh","Kikuchi, Yusei",2020,L,9,1.4327767110696101
"Hader, Josh","Matz, Steven",2020,L,10,1.4868754193367688
"Hall, Matt","Pérez, Oliver",2020,L,1,0.7126875202642706
"Hall, Matt","Watson, Tony",2020,L,2,1.13452410785166
"Hall, Matt","Gonzalez, Gio",2020,L,3,1.180556166921571
"Hall, Matt","Erlin, Robbie",2020,L,4,1.2560830858193077
"Hall, Matt","Boyd, Matthew",2020,L,5,1.3403706838673497
"Hall, Matt","LeBlanc, Wade",2020,L,6,1.3411297802832407
"Hall, Matt","Milner, Hoby",2020,L,7,1.3921552588001722
"Hall, Matt","McFarland, T.J.",2020,L,8,1.3951033158249742
"Hall, Matt","Heaney, Andrew",2020,L,9,1.4031788461468766
"Hall, Matt","Yarbrough, Ryan",2020,L,10,1.4872546298127365
"Hand, Brad","Young, Alex",2020,L,1,0.6972337437273015
"Hand, Brad","Fry, Jace",2020,L,2,0.8898637263443359
"Hand, Brad","Smith, Caleb",2020,L,3,0.9848438036413731
"Hand, Brad","Raley, Brooks",2020,L,4,1.030187485326739
"Hand, Brad","Detwiler, Ross",2020,L,5,1.0823977231556081
"Hand, Brad","Howard, Sam",2020,L,6,1.14801885010004
"Hand, Brad","McFarland, T.J.",2020,L,7,1.171408823246965
"Hand, Brad","Morgan, Adam",2020,L,8,1.1734118188555784
"Hand, Brad","Benjamin, Wes",2020,L,9,1.291376092053232
"Hand, Brad","Lauer, Eric",2020,L,10,1.3445625100165208
"Happ, J.A.","Ray, Robbie",2020,L,1,0.5826935762554323
"Happ, J.A.","Osich, Josh",2020,L,2,0.6649432201919967
"Happ, J.A.","Means, John",2020,L,3,0.7647094814675099
"Happ, J.A.","Morejon, Adrian",2020,L,4,0.7696617814188258
"Happ, J.A.","Kershaw, Clayton",2020,L,5,0.7704329166082715
"Happ, J.A.","Hearn, Taylor",2020,L,6,0.7727146812358545
"Happ, J.A.","Skubal, Tarik",2020,L,7,0.7871309157352299
"Happ, J.A.","Lauer, Eric",2020,L,8,0.809106373077812
"Happ, J.A.","Matzek, Tyler",2020,L,9,0.892082739553639
"Happ, J.A.","Newcomb, Sean",2020,L,10,0.8929760833625793
"Hart, Kyle","Castano, Daniel",2020,L,1,0.5291642474356589
"Hart, Kyle","Keuchel, Dallas",2020,L,2,0.5794783695351777
"Hart, Kyle","Miley, Wade",2020,L,3,0.6058336321062976
"Hart, Kyle","Fried, Max",2020,L,4,0.731010552999204
"Hart, Kyle","Selman, Sam",2020,L,5,0.8822855752483441
"Hart, Kyle","Kershaw, Clayton",2020,L,6,0.8896237397650512
"Hart, Kyle","Anderson, Brett",2020,L,7,0.9127189252063402
"Hart, Kyle","Anderson, Tyler",2020,L,8,0.9162492999939078
"Hart, Kyle","Erlin, Robbie",2020,L,9,1.010000229755003
"Hart, Kyle","Thielbar, Caleb",2020,L,10,1.0442316889761998
"Heaney, Andrew","Strahm, Matt",2020,L,1,0.6833945298190833
"Heaney, Andrew","Watson, Tony",2020,L,2,0.7120430217339045
"Heaney, Andrew","Allard, Kolby",2020,L,3,0.8375272549214978
"Heaney, Andrew","Sheffield, Justus",2020,L,4,0.8557719702703522
"Heaney, Andrew","Rogers, Taylor",2020,L,5,0.8841758677014995
"Heaney, Andrew","Fry, Paul",2020,L,6,0.8981788947222059
"Heaney, Andrew","Akin, Keegan",2020,L,7,0.9040136905989077
"Heaney, Andrew","Boyd, Matthew",2020,L,8,1.0247292908216716
"Heaney, Andrew","Kay, Anthony",2020,L,9,1.0687387556182897
"Heaney, Andrew","Pérez, Martín",2020,L,10,1.0795170680855652
"Hearn, Taylor","Matzek, Tyler",2020,L,1,0.4282095863129552
"Hearn, Taylor","Skubal, Tarik",2020,L,2,0.4519933576682051
"Hearn, Taylor","Ray, Robbie",2020,L,3,0.5421045162444864
"Hearn, Taylor","Martin, Brett",2020,L,4,0.5927145431690359
"Hearn, Taylor","Happ, J.A.",2020,L,5,0.7727146812358545
"Hearn, Taylor","Morejon, Adrian",2020,L,6,0.9290677249468424
"Hearn, Taylor","Wilson, Justin",2020,L,7,0.9456207835608259
"Hearn, Taylor","Borucki, Ryan",2020,L,8,0.9961559273416563
"Hearn, Taylor","Means, John",2020,L,9,1.0058178322017515
"Hearn, Taylor","Garrett, Amir",2020,L,10,1.0909173637270182
"Hill, Rich","Smeltzer, Devin",2020,L,1,0.8889708265881039
"Hill, Rich","LeBlanc, Wade",2020,L,2,0.9065873542521019
"Hill, Rich","Thielbar, Caleb",2020,L,3,1.107398885996356
"Hill, Rich","Milone, Tommy",2020,L,4,1.2619537256150302
"Hill, Rich","Keuchel, Dallas",2020,L,5,1.2721733521852303
"Hill, Rich","Hart, Kyle",2020,L,6,1.6080617393569518
"Hill, Rich","Erlin, Robbie",2020,L,7,1.651766030192404
"Hill, Rich","Castano, Daniel",2020,L,8,1.681197296606922
"Hill, Rich","Miley, Wade",2020,L,9,1.6886591548415426
"Hill, Rich","Ryu, Hyun Jin",2020,L,10,1.6924285461602266
"Hill, Tim","Kolarek, Adam",2020,L,1,2.406531794527362
"Hill, Tim","Loup, Aaron",2020,L,2,3.0519687412966756
"Hill, Tim","Milner, Hoby",2020,L,3,4.091206654516301
"Hill, Tim","González, Victor",2020,L,4,4.176228760382509
"Hill, Tim","Hader, Josh",2020,L,5,4.177077169185032
"Hill, Tim","Wood, Alex",2020,L,6,4.41220982818225
"Hill, Tim","Manaea, Sean",2020,L,7,4.722900562362719
"Hill, Tim","Watson, Tony",2020,L,8,4.801932506194089
"Hill, Tim","Miller, Andrew",2020,L,9,4.815694484464456
"Hill, Tim","Rodríguez, Joely",2020,L,10,4.91172398670225
"Holland, Derek","Turley, Nik",2020,L,1,0.411157533019821
"Holland, Derek","Alexander, Tyler",2020,L,2,0.5099296950366
"Holland, Derek","Fried, Max",2020,L,3,0.5539715751517167
"Holland, Derek","Springs, Jeffrey",2020,L,4,0.6273837813960184
"Holland, Derek","Boyd, Matthew",2020,L,5,0.6454658711160729
"Holland, Derek","Castano, Daniel",2020,L,6,0.6726919515918434
"Holland, Derek","Kershaw, Clayton",2020,L,7,0.7663134236047918
"Holland, Derek","Anderson, Tyler",2020,L,8,0.7697661215299967
"Holland, Derek","Erlin, Robbie",2020,L,9,0.7823386661578852
"Holland, Derek","Paxton, James",2020,L,10,0.7901350514173968
"Howard, Sam","Young, Alex",2020,L,1,0.4809727899608837
"Howard, Sam","Minor, Mike",2020,L,2,0.5508873844401124
"Howard, Sam","Lauer, Eric",2020,L,3,0.5733860937788965
"Howard, Sam","Urías, Julio",2020,L,4,0.6102920125497632
"Howard, Sam","Sandoval, Patrick",2020,L,5,0.6584174834624519
"Howard, Sam","Benjamin, Wes",2020,L,6,0.712300841232244
"Howard, Sam","Osich, Josh",2020,L,7,0.7569652141270964
"Howard, Sam","Smith, Caleb",2020,L,8,0.7649773856720862
"Howard, Sam","Detwiler, Ross",2020,L,9,0.7773512583355937
"Howard, Sam","Norris, Daniel",2020,L,10,0.8206263223820529
"Kay, Anthony","Akin, Keegan",2020,L,1,0.5040244145689298
"Kay, Anthony","Lauer, Eric",2020,L,2,0.5951690825889522
"Kay, Anthony","Allard, Kolby",2020,L,3,0.6597141375221733
"Kay, Anthony","Fry, Paul",2020,L,4,0.8105274681564045
"Kay, Anthony","Rogers, Taylor",2020,L,5,0.8214291210356731
"Kay, Anthony","Urías, Julio",2020,L,6,0.8628618310171922
"Kay, Anthony","Morejon, Adrian",2020,L,7,0.9111131565229166
"Kay, Anthony","Happ, J.A.",2020,L,8,0.9387672536686893
"Kay, Anthony","Raley, Brooks",2020,L,9,0.9601924369185001
"Kay, Anthony","Howard, Sam",2020,L,10,0.9646889836951371
"Kershaw, Clayton","Fried, Max",2020,L,1,0.5255618230166824
"Kershaw, Clayton","Smith, Will",2020,L,2,0.560298796127476
"Kershaw, Clayton","Holland, Derek",2020,L,3,0.7663134236047918
"Kershaw, Clayton","Osich, Josh",2020,L,4,0.7684352197969909
"Kershaw, Clayton","Anderson, Tyler",2020,L,5,0.7698059081247214
"Kershaw, Clayton","Happ, J.A.",2020,L,6,0.7704329166082715
"Kershaw, Clayton","Springs, Jeffrey",2020,L,7,0.8285290366542578
"Kershaw, Clayton","Anderson, Brett",2020,L,8,0.868279135210805
"Kershaw, Clayton","Castano, Daniel",2020,L,9,0.8823937124256038
"Kershaw, Clayton","Turley, Nik",2020,L,10,0.8848827855341613
"Keuchel, Dallas","Miley, Wade",2020,L,1,0.5558549947268884
"Keuchel, Dallas","Hart, Kyle",2020,L,2,0.5794783695351777
"Keuchel, Dallas","Castano, Daniel",2020,L,3,0.7321098426865844
"Keuchel, Dallas","Anderson, Brett",2020,L,4,0.8507165252057227
"Keuchel, Dallas","Smeltzer, Devin",2020,L,5,0.8815044825569722
"Keuchel, Dallas","Anderson, Tyler",2020,L,6,0.9413185283776462
"Keuchel, Dallas","Erlin, Robbie",2020,L,7,1.05950071948214
"Keuchel, Dallas","Thielbar, Caleb",2020,L,8,1.1634304491165361
"Keuchel, Dallas","Selman, Sam",2020,L,9,1.1959006445521982
"Keuchel, Dallas","Fried, Max",2020,L,10,1.196638772604414
"Kickham, Mike","Bumgarner, Madison",2020,L,1,0.11383136528099674
"Kickham, Mike","Ryu, Hyun Jin",2020,L,2,0.3175035564341872
"Kickham, Mike","Gonzales, Marco",2020,L,3,0.5080046049842012
"Kickham, Mike","Kim, Kwang Hyun",2020,L,4,0.667876332177746
"Kickham, Mike","Selman, Sam",2020,L,5,0.7603974208150847
"Kickham, Mike","Dayton, Grant",2020,L,6,0.7934486452322873
"Kickham, Mike","Lester, Jon",2020,L,7,0.840063581161674
"Kickham, Mike","Thorpe, Lewis",2020,L,8,0.9262969015751121
"Kickham, Mike","Bleier, Richard",2020,L,9,1.0317905170505948
"Kickham, Mike","Margevicius, Nick",2020,L,10,1.0394050275762023
"Kikuchi, Yusei","Baragar, Caleb",2020,L,1,0.6353681394001275
"Kikuchi, Yusei","Rogers, Trevor",2020,L,2,0.8436246964043144
"Kikuchi, Yusei","Reed, Cody",2020,L,3,0.8795493035254971
"Kikuchi, Yusei","Taylor, Blake",2020,L,4,0.9388641790901529
"Kikuchi, Yusei","Garrett, Amir",2020,L,5,0.9806799681139409
"Kikuchi, Yusei","Borucki, Ryan",2020,L,6,1.1998155449729386
"Kikuchi, Yusei","Matzek, Tyler",2020,L,7,1.2418650521350296
"Kikuchi, Yusei","Brault, Steven",2020,L,8,1.270064921605562
"Kikuchi, Yusei","Matz, Steven",2020,L,9,1.3032411323537298
"Kikuchi, Yusei","Beeks, Jalen",2020,L,10,1.3079793737377505
"Kim, Kwang Hyun","Bubic, Kris",2020,L,1,0.4738509843402071
"Kim, Kwang Hyun","Ryu, Hyun Jin",2020,L,2,0.613910282178714
"Kim, Kwang Hyun","Kickham, Mike",2020,L,3,0.667876332177746
"Kim, Kwang Hyun","Gonzales, Marco",2020,L,4,0.6935717438181594
"Kim, Kwang Hyun","Bumgarner, Madison",2020,L,5,0.7185437071118798
"Kim, Kwang Hyun","Selman, Sam",2020,L,6,0.7324075238660693
"Kim, Kwang Hyun","Thorpe, Lewis",2020,L,7,0.7869018445208396
"Kim, Kwang Hyun","Margevicius, Nick",2020,L,8,0.8505336352120654
"Kim, Kwang Hyun","Lester, Jon",2020,L,9,0.8839340994531748
"Kim, Kwang Hyun","Freeland, Kyle",2020,L,10,0.9073666933421696
"Kolarek, Adam","Loup, Aaron",2020,L,1,1.259372533553932
"Kolarek, Adam","Milner, Hoby",2020,L,2,2.0254932405596002
"Kolarek, Adam","González, Victor",2020,L,3,2.26959024890322
"Kolarek, Adam","Wood, Alex",2020,L,4,2.2811668476453333
"Kolarek, Adam","Hill, Tim",2020,L,5,2.406531794527362
"Kolarek, Adam","Watson, Tony",2020,L,6,2.6396099040603787
"Kolarek, Adam","Hader, Josh",2020,L,7,2.6465943450655103
"Kolarek, Adam","Strahm, Matt",2020,L,8,3.0048279058307528
"Kolarek, Adam","Hall, Matt",2020,L,9,3.0627964192719035
"Kolarek, Adam","Heaney, Andrew",2020,L,10,3.070633954131554
"Lauer, Eric","Howard, Sam",2020,L,1,0.5733860937788965
"Lauer, Eric","Kay, Anthony",2020,L,2,0.5951690825889522
"Lauer, Eric","Akin, Keegan",2020,L,3,0.6679835165315083
"Lauer, Eric","Osich, Josh",2020,L,4,0.73192161139029
"Lauer, Eric","Urías, Julio",2020,L,5,0.7435395801028923
"Lauer, Eric","Benjamin, Wes",2020,L,6,0.745295297573655
"Lauer, Eric","Happ, J.A.",2020,L,7,0.809106373077812
"Lauer, Eric","Young, Alex",2020,L,8,0.8187596434720453
"Lauer, Eric","Anderson, Tyler",2020,L,9,0.8273171398255754
"Lauer, Eric","Raley, Brooks",2020,L,10,0.8278813061037241
"LeBlanc, Wade","Smeltzer, Devin",2020,L,1,0.8017550949342643
"LeBlanc, Wade","Milone, Tommy",2020,L,2,0.8218995255057404
"LeBlanc, Wade","Hill, Rich",2020,L,3,0.9065873542521019
"LeBlanc, Wade","Erlin, Robbie",2020,L,4,1.1728877186285336
"LeBlanc, Wade","Pérez, Oliver",2020,L,5,1.233585542202032
"LeBlanc, Wade","Keuchel, Dallas",2020,L,6,1.3284167425681084
"LeBlanc, Wade","Hall, Matt",2020,L,7,1.3411297802832407
"LeBlanc, Wade","Boyd, Matthew",2020,L,8,1.3970974375659397
"LeBlanc, Wade","Gonzalez, Gio",2020,L,9,1.3992225846534698
"LeBlanc, Wade","Castano, Daniel",2020,L,10,1.433757642329539
"Lester, Jon","Dayton, Grant",2020,L,1,0.4228001278584594
"Lester, Jon","Turley, Nik",2020,L,2,0.5337721872569408
"Lester, Jon","Selman, Sam",2020,L,3,0.5784429388995549
"Lester, Jon","Gonzalez, Gio",2020,L,4,0.5958338764329401
"Lester, Jon","Alexander, Tyler",2020,L,5,0.5968247018539559
"Lester, Jon","Gonzales, Marco",2020,L,6,0.6139071990639152
"Lester, Jon","Fleming, Josh",2020,L,7,0.6355663393932602
"Lester, Jon","Shreve, Chasen",2020,L,8,0.6514925378405414
"Lester, Jon","Springs, Jeffrey",2020,L,9,0.6575760441311649
"Lester, Jon","Freeland, Kyle",2020,L,10,0.7080020076154582
"Loup, Aaron","Kolarek, Adam",2020,L,1,1.259372533553932
"Loup, Aaron","Milner, Hoby",2020,L,2,1.75579371279055
"Loup, Aaron","González, Victor",2020,L,3,1.7910192838820218
"Loup, Aaron","Wood, Alex",2020,L,4,1.7914466016081647
"Loup, Aaron","Watson, Tony",2020,L,5,1.8003279412004545
"Loup, Aaron","Hader, Josh",2020,L,6,2.051362774700052
"Loup, Aaron","Strahm, Matt",2020,L,7,2.1952652859951116
"Loup, Aaron","Heaney, Andrew",2020,L,8,2.2641046481814153
"Loup, Aaron","Ryan, Kyle",2020,L,9,2.4122168819933445
"Loup, Aaron","Fry, Paul",2020,L,10,2.4441991661576914
"Luzardo, Jesús","Norris, Daniel",2020,L,1,0.9181081482019097
"Luzardo, Jesús","Peralta, Wandy",2020,L,2,0.9868425747536186
"Luzardo, Jesús","Urías, Julio",2020,L,3,1.0564968042251657
"Luzardo, Jesús","Kay, Anthony",2020,L,4,1.2278454431189205
"Luzardo, Jesús","Pomeranz, Drew",2020,L,5,1.2516065407851917
"Luzardo, Jesús","Akin, Keegan",2020,L,6,1.3426203844684086
"Luzardo, Jesús","Rogers, Taylor",2020,L,7,1.3539440567643877
"Luzardo, Jesús","Alexander, Scott",2020,L,8,1.3551637665636271
"Luzardo, Jesús","Cabrera, Génesis",2020,L,9,1.372926780640393
"Luzardo, Jesús","Strahm, Matt",2020,L,10,1.4089073976847417
"Manaea, Sean","Miller, Andrew",2020,L,1,0.9482997489059497
"Manaea, Sean","Brault, Steven",2020,L,2,1.0457976819430168
"Manaea, Sean","Thorpe, Lewis",2020,L,3,1.1330941122271725
"Manaea, Sean","Ryan, Kyle",2020,L,4,1.308618315252265
"Manaea, Sean","Peterson, David",2020,L,5,1.3375458217545961
"Manaea, Sean","Rogers, Trevor",2020,L,6,1.360146839626497
"Manaea, Sean","Bumgarner, Madison",2020,L,7,1.4314107526463185
"Manaea, Sean","Kickham, Mike",2020,L,8,1.4868070267082363
"Manaea, Sean","Dayton, Grant",2020,L,9,1.6248382147470752
"Manaea, Sean","Suter, Brent",2020,L,10,1.6251623343870538
"Margevicius, Nick","Springs, Jeffrey",2020,L,1,0.38127863432740955
"Margevicius, Nick","Bleier, Richard",2020,L,2,0.39295496459148216
"Margevicius, Nick","Turley, Nik",2020,L,3,0.5445135564633705
"Margevicius, Nick","Selman, Sam",2020,L,4,0.7197432085062017
"Margevicius, Nick","Lester, Jon",2020,L,5,0.743140365536394
"Margevicius, Nick","Fried, Max",2020,L,6,0.8246181877644624
"Margevicius, Nick","Kim, Kwang Hyun",2020,L,7,0.8505336352120654
"Margevicius, Nick","Corbin, Patrick",2020,L,8,0.8582738459877508
"Margevicius, Nick","Paxton, James",2020,L,9,0.8654863050916455
"Margevicius, Nick","Bubic, Kris",2020,L,10,0.8703057457740362
"Martin, Brett","Hearn, Taylor",2020,L,1,0.5927145431690359
"Martin, Brett","Matzek, Tyler",2020,L,2,0.6671131978538849
"Martin, Brett","Skubal, Tarik",2020,L,3,0.8240303718702943
"Martin, Brett","Means, John",2020,L,4,0.9293777727722204
"Martin, Brett","Ray, Robbie",2020,L,5,0.9480049627555898
"Martin, Brett","Happ, J.A.",2020,L,6,1.0714352540459748
"Martin, Brett","Wilson, Justin",2020,L,7,1.1671546325753224
"Martin, Brett","Taylor, Blake",2020,L,8,1.2764649947386681
"Martin, Brett","Beeks, Jalen",2020,L,9,1.2885008744672928
"Martin, Brett","Smith, Will",2020,L,10,1.3050596967515429
"Matz, Steven","García, Jarlín",2020,L,1,0.3560297446619298
"Matz, Steven","Borucki, Ryan",2020,L,2,0.5864207683516717
"Matz, Steven","Paxton, James",2020,L,3,0.6305665453176138
"Matz, Steven","Shreve, Chasen",2020,L,4,0.6427877589886594
"Matz, Steven","Fleming, Josh",2020,L,5,0.7486007736759437
"Matz, Steven","Reed, Cody",2020,L,6,0.779576440206213
"Matz, Steven","Baragar, Caleb",2020,L,7,0.7806048177354229
"Matz, Steven","Freeland, Kyle",2020,L,8,0.8000945439032426
"Matz, Steven","Garrett, Amir",2020,L,9,0.8207989206123792
"Matz, Steven","Alexander, Tyler",2020,L,10,0.8509877138743135
"Matzek, Tyler","Ray, Robbie",2020,L,1,0.42693599254472553
"Matzek, Tyler","Hearn, Taylor",2020,L,2,0.4282095863129552
"Matzek, Tyler","Skubal, Tarik",2020,L,3,0.6357086633106355
"Matzek, Tyler","Martin, Brett",2020,L,4,0.6671131978538849
"Matzek, Tyler","Garrett, Amir",2020,L,5,0.7601623132325581
"Matzek, Tyler","Borucki, Ryan",2020,L,6,0.7780008515072924
"Matzek, Tyler","Happ, J.A.",2020,L,7,0.892082739553639
"Matzek, Tyler","Taylor, Blake",2020,L,8,0.9196815181536113
"Matzek, Tyler","Morejon, Adrian",2020,L,9,0.9293540556154242
"Matzek, Tyler","Beeks, Jalen",2020,L,10,0.9770796893247239
"McFarland, T.J.","Morgan, Adam",2020,L,1,0.2807231940705786
"McFarland, T.J.","Raley, Brooks",2020,L,2,0.5122974373729241
"McFarland, T.J.","Akin, Keegan",2020,L,3,0.8831094669755942
"McFarland, T.J.","Young, Alex",2020,L,4,0.9071309454347755
"McFarland, T.J.","Sheffield, Justus",2020,L,5,0.9983604611759461
"McFarland, T.J.","Allard, Kolby",2020,L,6,1.0009126176173735
"McFarland, T.J.","Boyd, Matthew",2020,L,7,1.0513517288700638
"McFarland, T.J.","Erlin, Robbie",2020,L,8,1.1022473900869991
"McFarland, T.J.","Howard, Sam",2020,L,9,1.1339334821548734
"McFarland, T.J.","Pérez, Martín",2020,L,10,1.139826379098602
"McGee, Jake","Ferguson, Caleb",2020,L,1,0.3061841855277493
"McGee, Jake","Scott, Tanner",2020,L,2,0.5876140978085385
"McGee, Jake","Alexander, Scott",2020,L,3,0.8030517365171264
"McGee, Jake","Wilson, Justin",2020,L,4,1.1501239555269729
"McGee, Jake","Minter, A.J.",2020,L,5,1.3095092877125896
"McGee, Jake","Morejon, Adrian",2020,L,6,1.3430003656335348
"McGee, Jake","Rodríguez, Joely",2020,L,7,1.3928187487050694
"McGee, Jake","Borucki, Ryan",2020,L,8,1.405648626688783
"McGee, Jake","Britton, Zack",2020,L,9,1.4771915133524132
"McGee, Jake","Baragar, Caleb",2020,L,10,1.4941642142064249
"Means, John","Osich, Josh",2020,L,1,0.6894028585411672
"Means, John","Happ, J.A.",2020,L,2,0.7647094814675099
"Means, John","Newcomb, Sean",2020,L,3,0.776852983473457
"Means, John","Sandoval, Patrick",2020,L,4,0.8881205211200587
"Means, John","Martin, Brett",2020,L,5,0.9293777727722204
"Means, John","Kershaw, Clayton",2020,L,6,0.9514380412481251
"Means, John","Cabrera, Génesis",2020,L,7,0.9655916562893605
"Means, John","Hearn, Taylor",2020,L,8,1.0058178322017515
"Means, John","Benjamin, Wes",2020,L,9,1.0670449642839617
"Means, John","Misiewicz, Anthony",2020,L,10,1.1132684039407634
"Miley, Wade","Keuchel, Dallas",2020,L,1,0.5558549947268884
"Miley, Wade","Castano, Daniel",2020,L,2,0.5801321447061814
"Miley, Wade","Hart, Kyle",2020,L,3,0.6058336321062976
"Miley, Wade","Anderson, Tyler",2020,L,4,0.64672601737361
"Miley, Wade","Anderson, Brett",2020,L,5,0.658110999200728
"Miley, Wade","Smith, Will",2020,L,6,0.8777740979143335
"Miley, Wade","Kershaw, Clayton",2020,L,7,0.9557946540508364
"Miley, Wade","Fried, Max",2020,L,8,1.0223911171192648
"Miley, Wade","Webb, Tyler",2020,L,9,1.0573013613619615
"Miley, Wade","Erlin, Robbie",2020,L,10,1.0591560520077032
"Miller, Andrew","Thorpe, Lewis",2020,L,1,0.9046940402678392
"Miller, Andrew","Manaea, Sean",2020,L,2,0.9482997489059497
"Miller, Andrew","Bumgarner, Madison",2020,L,3,1.2871468141793723
"Miller, Andrew","Kickham, Mike",2020,L,4,1.338592053462834
"Miller, Andrew","Kim, Kwang Hyun",2020,L,5,1.4209719959180902
"Miller, Andrew","Gonzales, Marco",2020,L,6,1.47861939829465
"Miller, Andrew","Brault, Steven",2020,L,7,1.5313009267457984
"Miller, Andrew","Ryu, Hyun Jin",2020,L,8,1.553279650840634
"Miller, Andrew","Bubic, Kris",2020,L,9,1.5909653757439028
"Miller, Andrew","Peterson, David",2020,L,10,1.601235422817463
"Milner, Hoby","Hall, Matt",2020,L,1,1.3921552588001722
"Milner, Hoby","Watson, Tony",2020,L,2,1.5134930064792727
"Milner, Hoby","Yarbrough, Ryan",2020,L,3,1.6429742643744156
"Milner, Hoby","Pérez, Oliver",2020,L,4,1.6617182207335726
"Milner, Hoby","Claudio, Alex",2020,L,5,1.6972896705912925
"Milner, Hoby","Loup, Aaron",2020,L,6,1.75579371279055
"Milner, Hoby","Wood, Alex",2020,L,7,2.015037009076795
"Milner, Hoby","Kolarek, Adam",2020,L,8,2.0254932405596002
"Milner, Hoby","Gonzalez, Gio",2020,L,9,2.082712123913455
"Milner, Hoby","Heaney, Andrew",2020,L,10,2.1470365607402573
"Milone, Tommy","LeBlanc, Wade",2020,L,1,0.8218995255057404
"Milone, Tommy","Erlin, Robbie",2020,L,2,1.1514583305564232
"Milone, Tommy","Smeltzer, Devin",2020,L,3,1.1576318125114156
"Milone, Tommy","Selman, Sam",2020,L,4,1.1630793686796506
"Milone, Tommy","Ryu, Hyun Jin",2020,L,5,1.1848505148299733
"Milone, Tommy","Castano, Daniel",2020,L,6,1.1850824902068646
"Milone, Tommy","Miley, Wade",2020,L,7,1.1898303669802794
"Milone, Tommy","Keuchel, Dallas",2020,L,8,1.2298928142360492
"Milone, Tommy","Hill, Rich",2020,L,9,1.2619537256150302
"Milone, Tommy","Thielbar, Caleb",2020,L,10,1.3472916361932699
"Minor, Mike","Valdez, Framber",2020,L,1,0.32602687049765033
"Minor, Mike","Howard, Sam",2020,L,2,0.5508873844401124
"Minor, Mike","Misiewicz, Anthony",2020,L,3,0.6014553198018839
"Minor, Mike","Urías, Julio",2020,L,4,0.6773605985036021
"Minor, Mike","Pérez, Martín",2020,L,5,0.6883258915749983
"Minor, Mike","Allard, Kolby",2020,L,6,0.7449034477308254
"Minor, Mike","Peralta, Wandy",2020,L,7,0.8047555289429364
"Minor, Mike","Sheffield, Justus",2020,L,8,0.8202300193724854
"Minor, Mike","Akin, Keegan",2020,L,9,0.8734963961544158
"Minor, Mike","Lauer, Eric",2020,L,10,0.8742705056695744
"Minter, A.J.","Fry, Paul",2020,L,1,0.6971924751712971
"Minter, A.J.","Borucki, Ryan",2020,L,2,0.7966369116903115
"Minter, A.J.","Morejon, Adrian",2020,L,3,0.8184321375049065
"Minter, A.J.","Alexander, Scott",2020,L,4,0.8332723884272448
"Minter, A.J.","Matz, Steven",2020,L,5,0.887699623275207
"Minter, A.J.","Scott, Tanner",2020,L,6,0.9384878020310795
"Minter, A.J.","Reed, Cody",2020,L,7,0.9451172683980241
"Minter, A.J.","García, Jarlín",2020,L,8,0.9929438172911023
"Minter, A.J.","Diekman, Jake",2020,L,9,1.023607437518322
"Minter, A.J.","Strahm, Matt",2020,L,10,1.0354627574268538
"Misiewicz, Anthony","Valdez, Framber",2020,L,1,0.3405966840549039
"Misiewicz, Anthony","Minor, Mike",2020,L,2,0.6014553198018839
"Misiewicz, Anthony","Peralta, Wandy",2020,L,3,0.7119376008862656
"Misiewicz, Anthony","Pérez, Martín",2020,L,4,0.7740538056771947
"Misiewicz, Anthony","Cabrera, Génesis",2020,L,5,0.8032868984337842
"Misiewicz, Anthony","Urías, Julio",2020,L,6,0.8081660528014015
"Misiewicz, Anthony","Morejon, Adrian",2020,L,7,0.815067976218037
"Misiewicz, Anthony","Rogers, Taylor",2020,L,8,0.9019249619473467
"Misiewicz, Anthony","Happ, J.A.",2020,L,9,0.9058326523316516
"Misiewicz, Anthony","Allard, Kolby",2020,L,10,0.9154406383806665
"Montgomery, Jordan","Smith, Will",2020,L,1,0.9058855516939801
"Montgomery, Jordan","Newcomb, Sean",2020,L,2,1.0141799297820693
"Montgomery, Jordan","Webb, Tyler",2020,L,3,1.1527756023278448
"Montgomery, Jordan","Gomber, Austin",2020,L,4,1.1538359947811856
"Montgomery, Jordan","Means, John",2020,L,5,1.206284417694146
"Montgomery, Jordan","Osich, Josh",2020,L,6,1.252806922887189
"Montgomery, Jordan","Martin, Brett",2020,L,7,1.3116394658228725
"Montgomery, Jordan","Kershaw, Clayton",2020,L,8,1.318231724687674
"Montgomery, Jordan","Smyly, Drew",2020,L,9,1.3265664225101035
"Montgomery, Jordan","Benjamin, Wes",2020,L,10,1.333270012967177
"Morejon, Adrian","Borucki, Ryan",2020,L,1,0.5165526721416867
"Morejon, Adrian","Ray, Robbie",2020,L,2,0.6139681309931986
"Morejon, Adrian","Alexander, Scott",2020,L,3,0.7209236607780423
"Morejon, Adrian","García, Jarlín",2020,L,4,0.7342903357752354
"Morejon, Adrian","Happ, J.A.",2020,L,5,0.7696617814188258
"Morejon, Adrian","Misiewicz, Anthony",2020,L,6,0.815067976218037
"Morejon, Adrian","Minter, A.J.",2020,L,7,0.8184321375049065
"Morejon, Adrian","Cabrera, Génesis",2020,L,8,0.8970998857941401
"Morejon, Adrian","Kay, Anthony",2020,L,9,0.9111131565229166
"Morejon, Adrian","Matz, Steven",2020,L,10,0.9290024536191417
"Morgan, Adam","McFarland, T.J.",2020,L,1,0.2807231940705786
"Morgan, Adam","Raley, Brooks",2020,L,2,0.5533079789365054
"Morgan, Adam","Young, Alex",2020,L,3,0.836963857073681
"Morgan, Adam","Akin, Keegan",2020,L,4,0.9384552339476242
"Morgan, Adam","Allard, Kolby",2020,L,5,0.9797106339332116
"Morgan, Adam","Howard, Sam",2020,L,6,1.0021105081480453
"Morgan, Adam","Minor, Mike",2020,L,7,1.0166932159482005
"Morgan, Adam","Sheffield, Justus",2020,L,8,1.0242429011341136
"Morgan, Adam","Boyd, Matthew",2020,L,9,1.033050265885377
"Morgan, Adam","Erlin, Robbie",2020,L,10,1.0466975507875453
"Newcomb, Sean","Smyly, Drew",2020,L,1,0.47738398238182805
"Newcomb, Sean","Benjamin, Wes",2020,L,2,0.4808460597396876
"Newcomb, Sean","Osich, Josh",2020,L,3,0.5115171174828447
"Newcomb, Sean","Sandoval, Patrick",2020,L,4,0.7006317039411702
"Newcomb, Sean","Means, John",2020,L,5,0.776852983473457
"Newcomb, Sean","Happ, J.A.",2020,L,6,0.8929760833625793
"Newcomb, Sean","Lauer, Eric",2020,L,7,0.9353995636377658
"Newcomb, Sean","Montgomery, Jordan",2020,L,8,1.0141799297820693
"Newcomb, Sean","Anderson, Brett",2020,L,9,1.0162068126506887
"Newcomb, Sean","Smith, Will",2020,L,10,1.0259102035841408
"Norris, Daniel","Urías, Julio",2020,L,1,0.4475440970245301
"Norris, Daniel","Peralta, Wandy",2020,L,2,0.716974688219341
"Norris, Daniel","Detwiler, Ross",2020,L,3,0.7534288339520339
"Norris, Daniel","Howard, Sam",2020,L,4,0.8206263223820529
"Norris, Daniel","Luzardo, Jesús",2020,L,5,0.9181081482019097
"Norris, Daniel","Lauer, Eric",2020,L,6,0.935445327383022
"Norris, Daniel","Cabrera, Génesis",2020,L,7,0.989397445015545
"Norris, Daniel","Smith, Caleb",2020,L,8,1.000435993894401
"Norris, Daniel","Young, Alex",2020,L,9,1.0087143487794736
"Norris, Daniel","Minor, Mike",2020,L,10,1.0535306286871544
"Osich, Josh","Benjamin, Wes",2020,L,1,0.49721288119368423
"Osich, Josh","Newcomb, Sean",2020,L,2,0.5115171174828447
"Osich, Josh","Sandoval, Patrick",2020,L,3,0.563059975172586
"Osich, Josh","Happ, J.A.",2020,L,4,0.6649432201919967
"Osich, Josh","Means, John",2020,L,5,0.6894028585411672
"Osich, Josh","Anderson, Brett",2020,L,6,0.6904570128112486
"Osich, Josh","Anderson, Tyler",2020,L,7,0.6967936549487588
"Osich, Josh","Lauer, Eric",2020,L,8,0.73192161139029
"Osich, Josh","Howard, Sam",2020,L,9,0.7569652141270964
"Osich, Josh","Kershaw, Clayton",2020,L,10,0.7684352197969909
"Paxton, James","Fleming, Josh",2020,L,1,0.2676715021781614
"Paxton, James","Shreve, Chasen",2020,L,2,0.4077924734000608
"Paxton, James","Alexander, Tyler",2020,L,3,0.4658586540502512
"Paxton, James","Springs, Jeffrey",2020,L,4,0.5407996153617728
"Paxton, James","Turley, Nik",2020,L,5,0.629029698421914
"Paxton, James","Matz, Steven",2020,L,6,0.6305665453176138
"Paxton, James","Freeland, Kyle",2020,L,7,0.636973247785751
"Paxton, James","García, Jarlín",2020,L,8,0.6631984235824947
"Paxton, James","Garrett, Amir",2020,L,9,0.6657694672832822
"Paxton, James","Lester, Jon",2020,L,10,0.7081206876850294
"Peralta, Wandy","Urías, Julio",2020,L,1,0.45487594926004904
"Peralta, Wandy","Cabrera, Génesis",2020,L,2,0.6056623693390611
"Peralta, Wandy","Misiewicz, Anthony",2020,L,3,0.7119376008862656
"Peralta, Wandy","Norris, Daniel",2020,L,4,0.716974688219341
"Peralta, Wandy","Minor, Mike",2020,L,5,0.8047555289429364
"Peralta, Wandy","Valdez, Framber",2020,L,6,0.8239857775017698
"Peralta, Wandy","Howard, Sam",2020,L,7,0.9848040961776408
"Peralta, Wandy","Luzardo, Jesús",2020,L,8,0.9868425747536186
"Peralta, Wandy","Britton, Zack",2020,L,9,1.0080337324488913
"Peralta, Wandy","Morejon, Adrian",2020,L,10,1.0597580712181192
"Peterson, David","Brault, Steven",2020,L,1,0.6442672342988349
"Peterson, David","Duffy, Danny",2020,L,2,0.8654632688767361
"Peterson, David","Thorpe, Lewis",2020,L,3,0.8948281958939668
"Peterson, David","Rogers, Trevor",2020,L,4,1.0315026665439584
"Peterson, David","Bubic, Kris",2020,L,5,1.0841479258160336
"Peterson, David","Kim, Kwang Hyun",2020,L,6,1.2532680546991608
"Peterson, David","Bleier, Richard",2020,L,7,1.2813933681662846
"Peterson, David","Margevicius, Nick",2020,L,8,1.2894134981831977
"Peterson, David","Manaea, Sean",2020,L,9,1.3375458217545961
"Peterson, David","Snell, Blake",2020,L,10,1.3666716887402786
"Pomeranz, Drew","Norris, Daniel",2020,L,1,1.0611592750455223
"Pomeranz, Drew","Luzardo, Jesús",2020,L,2,1.2516065407851917
"Pomeranz, Drew","Britton, Zack",2020,L,3,1.288887832244619
"Pomeranz, Drew","Urías, Julio",2020,L,4,1.3980717373079132
"Pomeranz, Drew","Peralta, Wandy",2020,L,5,1.4241571635116546
"Pomeranz, Drew","Cabrera, Génesis",2020,L,6,1.4281330443860416
"Pomeranz, Drew","Detwiler, Ross",2020,L,7,1.4530579761470102
"Pomeranz, Drew","Smyly, Drew",2020,L,8,1.705667558122328
"Pomeranz, Drew","Smith, Caleb",2020,L,9,1.7557963401530603
"Pomeranz, Drew","Wilson, Justin",2020,L,10,1.7936967420776682
"Pérez, Martín","Allard, Kolby",2020,L,1,0.38647202568474537
"Pérez, Martín","Sheffield, Justus",2020,L,2,0.4020640544438961
"Pérez, Martín","Rogers, Taylor",2020,L,3,0.486465355346515
"Pérez, Martín","Valdez, Framber",2020,L,4,0.5395197089230485
"Pérez, Martín","Minor, Mike",2020,L,5,0.6883258915749983
"Pérez, Martín","Misiewicz, Anthony",2020,L,6,0.7740538056771947
"Pérez, Martín","Akin, Keegan",2020,L,7,0.9061369886445685
"Pérez, Martín","Kay, Anthony",2020,L,8,0.9757302353874895
"Pérez, Martín","Holland, Derek",2020,L,9,1.032943766786361
"Pérez, Martín","Fry, Paul",2020,L,10,1.0456891871903435
"Pérez, Oliver","Gonzalez, Gio",2020,L,1,0.5245818836436756
"Pérez, Oliver","Hall, Matt",2020,L,2,0.7126875202642706
"Pérez, Oliver","Erlin, Robbie",2020,L,3,0.7851454548909788
"Pérez, Oliver","Gonzales, Marco",2020,L,4,0.8451818015908397
"Pérez, Oliver","Boyd, Matthew",2020,L,5,0.8901592661707677
"Pérez, Oliver","Dayton, Grant",2020,L,6,0.9412091468830325
"Pérez, Oliver","Selman, Sam",2020,L,7,1.00116689845418
"Pérez, Oliver","Lester, Jon",2020,L,8,1.0453352526239383
"Pérez, Oliver","Watson, Tony",2020,L,9,1.1780148917987194
"Pérez, Oliver","Ryu, Hyun Jin",2020,L,10,1.178823468978038
"Raley, Brooks","McFarland, T.J.",2020,L,1,0.5122974373729241
"Raley, Brooks","Akin, Keegan",2020,L,2,0.5224808920443689
"Raley, Brooks","Morgan, Adam",2020,L,3,0.5533079789365054
"Raley, Brooks","Young, Alex",2020,L,4,0.6767978813163237
"Raley, Brooks","Lauer, Eric",2020,L,5,0.8278813061037241
"Raley, Brooks","Allard, Kolby",2020,L,6,0.8357621662644484
"Raley, Brooks","Howard, Sam",2020,L,7,0.8482361816825696
"Raley, Brooks","Boyd, Matthew",2020,L,8,0.8892352910791722
"Raley, Brooks","Kay, Anthony",2020,L,9,0.9601924369185001
"Raley, Brooks","Anderson, Tyler",2020,L,10,0.9806712188188148
"Ray, Robbie","Matzek, Tyler",2020,L,1,0.42693599254472553
"Ray, Robbie","Borucki, Ryan",2020,L,2,0.5403279234829462
"Ray, Robbie","Hearn, Taylor",2020,L,3,0.5421045162444864
"Ray, Robbie","Happ, J.A.",2020,L,4,0.5826935762554323
"Ray, Robbie","Morejon, Adrian",2020,L,5,0.6139681309931986
"Ray, Robbie","Skubal, Tarik",2020,L,6,0.6176501478892628
"Ray, Robbie","Garrett, Amir",2020,L,7,0.6870436962702096
"Ray, Robbie","García, Jarlín",2020,L,8,0.7151043754460813
"Ray, Robbie","Martin, Brett",2020,L,9,0.9480049627555898
"Ray, Robbie","Matz, Steven",2020,L,10,0.9525342200224987
"Reed, Cody","Baragar, Caleb",2020,L,1,0.4005918038464074
"Reed, Cody","Matz, Steven",2020,L,2,0.779576440206213
"Reed, Cody","Borucki, Ryan",2020,L,3,0.8262117583179962
"Reed, Cody","Diekman, Jake",2020,L,4,0.8545480430276107
"Reed, Cody","Kikuchi, Yusei",2020,L,5,0.8795493035254971
"Reed, Cody","Rogers, Trevor",2020,L,6,0.9434698729350323
"Reed, Cody","Minter, A.J.",2020,L,7,0.9451172683980241
"Reed, Cody","Hader, Josh",2020,L,8,0.9527030911313987
"Reed, Cody","Garrett, Amir",2020,L,9,0.9917844948190944
"Reed, Cody","García, Jarlín",2020,L,10,1.064109342435449
"Rodríguez, Joely","Scott, Tanner",2020,L,1,0.8740930907203386
"Rodríguez, Joely","Diekman, Jake",2020,L,2,1.1170927448301198
"Rodríguez, Joely","Minter, A.J.",2020,L,3,1.2234775596509329
"Rodríguez, Joely","Reed, Cody",2020,L,4,1.2291432948235907
"Rodríguez, Joely","Ferguson, Caleb",2020,L,5,1.2696155480487263
"Rodríguez, Joely","González, Victor",2020,L,6,1.3151622172571078
"Rodríguez, Joely","Baragar, Caleb",2020,L,7,1.3792283608966809
"Rodríguez, Joely","McGee, Jake",2020,L,8,1.3928187487050694
"Rodríguez, Joely","Fry, Paul",2020,L,9,1.4597647660160071
"Rodríguez, Joely","Hader, Josh",2020,L,10,1.5042038065195737
"Rogers, Taylor","Sheffield, Justus",2020,L,1,0.3464524017579024
"Rogers, Taylor","Allard, Kolby",2020,L,2,0.47960849753092755
"Rogers, Taylor","Pérez, Martín",2020,L,3,0.486465355346515
"Rogers, Taylor","Valdez, Framber",2020,L,4,0.7702977594235073
"Rogers, Taylor","Fry, Paul",2020,L,5,0.7911378722111173
"Rogers, Taylor","Strahm, Matt",2020,L,6,0.8011520322886978
"Rogers, Taylor","Akin, Keegan",2020,L,7,0.8100649672143576
"Rogers, Taylor","Kay, Anthony",2020,L,8,0.8214291210356731
"Rogers, Taylor","Minor, Mike",2020,L,9,0.8743564800958507
"Rogers, Taylor","Heaney, Andrew",2020,L,10,0.8841758677014995
"Rogers, Trevor","Brault, Steven",2020,L,1,0.5219200121728345
"Rogers, Trevor","Kikuchi, Yusei",2020,L,2,0.8436246964043144
"Rogers, Trevor","Reed, Cody",2020,L,3,0.9434698729350323
"Rogers, Trevor","Baragar, Caleb",2020,L,4,0.9508832712144865
"Rogers, Trevor","Fleming, Josh",2020,L,5,0.9739493471756557
"Rogers, Trevor","Peterson, David",2020,L,6,1.0315026665439584
"Rogers, Trevor","Hader, Josh",2020,L,7,1.0341958217541096
"Rogers, Trevor","Garrett, Amir",2020,L,8,1.0349882109264275
"Rogers, Trevor","Paxton, James",2020,L,9,1.1317440506473948
"Rogers, Trevor","Matz, Steven",2020,L,10,1.1823385854331219
"Ryan, Kyle","Dayton, Grant",2020,L,1,0.5810608360228177
"Ryan, Kyle","Lester, Jon",2020,L,2,0.8732881938946856
"Ryan, Kyle","Bumgarner, Madison",2020,L,3,1.024055893429378
"Ryan, Kyle","Fleming, Josh",2020,L,4,1.0388223621626287
"Ryan, Kyle","Gonzales, Marco",2020,L,5,1.0429138412554566
"Ryan, Kyle","Kickham, Mike",2020,L,6,1.1041988177509647
"Ryan, Kyle","Gonzalez, Gio",2020,L,7,1.1278301778444773
"Ryan, Kyle","Paxton, James",2020,L,8,1.2227757096708383
"Ryan, Kyle","Alexander, Tyler",2020,L,9,1.2374314171742105
"Ryan, Kyle","Shreve, Chasen",2020,L,10,1.3021591241840476
"Ryu, Hyun Jin","Kickham, Mike",2020,L,1,0.3175035564341872
"Ryu, Hyun Jin","Bumgarner, Madison",2020,L,2,0.384692891935116
"Ryu, Hyun Jin","Gonzales, Marco",2020,L,3,0.46866772358675207
"Ryu, Hyun Jin","Selman, Sam",2020,L,4,0.5634542997415447
"Ryu, Hyun Jin","Kim, Kwang Hyun",2020,L,5,0.613910282178714
"Ryu, Hyun Jin","Lester, Jon",2020,L,6,0.8567314679534163
"Ryu, Hyun Jin","Dayton, Grant",2020,L,7,0.8722861523235291
"Ryu, Hyun Jin","Thielbar, Caleb",2020,L,8,0.9521701837209978
"Ryu, Hyun Jin","Margevicius, Nick",2020,L,9,1.0038627032793837
"Ryu, Hyun Jin","Gonzalez, Gio",2020,L,10,1.0063182851770278
"Sandoval, Patrick","Benjamin, Wes",2020,L,1,0.5243266897384483
"Sandoval, Patrick","Osich, Josh",2020,L,2,0.563059975172586
"Sandoval, Patrick","Smyly, Drew",2020,L,3,0.6582050894113712
"Sandoval, Patrick","Howard, Sam",2020,L,4,0.6584174834624519
"Sandoval, Patrick","Newcomb, Sean",2020,L,5,0.7006317039411702
"Sandoval, Patrick","Smith, Caleb",2020,L,6,0.7041508062328367
"Sandoval, Patrick","Detwiler, Ross",2020,L,7,0.7726284823691287
"Sandoval, Patrick","Means, John",2020,L,8,0.8881205211200587
"Sandoval, Patrick","Urías, Julio",2020,L,9,0.9033428628168204
"Sandoval, Patrick","Anderson, Brett",2020,L,10,0.9348445289534739
"Scott, Tanner","Ferguson, Caleb",2020,L,1,0.49744453346307155
"Scott, Tanner","McGee, Jake",2020,L,2,0.5876140978085385
"Scott, Tanner","Alexander, Scott",2020,L,3,0.7849570406050314
"Scott, Tanner","Rodríguez, Joely",2020,L,4,0.8740930907203386
"Scott, Tanner","Minter, A.J.",2020,L,5,0.9384878020310795
"Scott, Tanner","Morejon, Adrian",2020,L,6,1.172760806155004
"Scott, Tanner","Borucki, Ryan",2020,L,7,1.1950714417241193
"Scott, Tanner","Diekman, Jake",2020,L,8,1.2767051559489044
"Scott, Tanner","Baragar, Caleb",2020,L,9,1.2937652352756803
"Scott, Tanner","Reed, Cody",2020,L,10,1.3014650656330844
"Selman, Sam","Ryu, Hyun Jin",2020,L,1,0.5634542997415447
"Selman, Sam","Lester, Jon",2020,L,2,0.5784429388995549
"Selman, Sam","Gonzales, Marco",2020,L,3,0.582981993850837
"Selman, Sam","Turley, Nik",2020,L,4,0.6424640825236292
"Selman, Sam","Castano, Daniel",2020,L,5,0.6468354030202925
"Selman, Sam","Gonzalez, Gio",2020,L,6,0.66149172504302
"Selman, Sam","Margevicius, Nick",2020,L,7,0.7197432085062017
"Selman, Sam","Erlin, Robbie",2020,L,8,0.7252553645912388
"Selman, Sam","Kim, Kwang Hyun",2020,L,9,0.7324075238660693
"Selman, Sam","Kickham, Mike",2020,L,10,0.7603974208150847
"Sheffield, Justus","Rogers, Taylor",2020,L,1,0.3464524017579024
"Sheffield, Justus","Pérez, Martín",2020,L,2,0.4020640544438961
"Sheffield, Justus","Allard, Kolby",2020,L,3,0.4492611211988334
"Sheffield, Justus","Akin, Keegan",2020,L,4,0.7837053643405607
"Sheffield, Justus","Valdez, Framber",2020,L,5,0.7913767955730134
"Sheffield, Justus","Minor, Mike",2020,L,6,0.8202300193724854
"Sheffield, Justus","Heaney, Andrew",2020,L,7,0.8557719702703522
"Sheffield, Justus","Kay, Anthony",2020,L,8,0.9775000326361503
"Sheffield, Justus","McFarland, T.J.",2020,L,9,0.9983604611759461
"Sheffield, Justus","Strahm, Matt",2020,L,10,0.9993291158548737
"Shreve, Chasen","Freeland, Kyle",2020,L,1,0.2554307041152713
"Shreve, Chasen","Paxton, James",2020,L,2,0.4077924734000608
"Shreve, Chasen","Fleming, Josh",2020,L,3,0.41489514163695373
"Shreve, Chasen","Alexander, Tyler",2020,L,4,0.5032210187110997
"Shreve, Chasen","Springs, Jeffrey",2020,L,5,0.5946649079162469
"Shreve, Chasen","Matz, Steven",2020,L,6,0.6427877589886594
"Shreve, Chasen","Lester, Jon",2020,L,7,0.6514925378405414
"Shreve, Chasen","Turley, Nik",2020,L,8,0.685077407277299
"Shreve, Chasen","García, Jarlín",2020,L,9,0.7180202874680983
"Shreve, Chasen","Fried, Max",2020,L,10,0.8674403875351447
"Skubal, Tarik","Hearn, Taylor",2020,L,1,0.4519933576682051
"Skubal, Tarik","Ray, Robbie",2020,L,2,0.6176501478892628
"Skubal, Tarik","Matzek, Tyler",2020,L,3,0.6357086633106355
"Skubal, Tarik","Happ, J.A.",2020,L,4,0.7871309157352299
"Skubal, Tarik","Martin, Brett",2020,L,5,0.8240303718702943
"Skubal, Tarik","Garrett, Amir",2020,L,6,0.996437524764356
"Skubal, Tarik","Morejon, Adrian",2020,L,7,1.1021645351587706
"Skubal, Tarik","Borucki, Ryan",2020,L,8,1.1043221227659574
"Skubal, Tarik","Smith, Will",2020,L,9,1.1907876018279842
"Skubal, Tarik","Means, John",2020,L,10,1.1988826837119377
"Smeltzer, Devin","LeBlanc, Wade",2020,L,1,0.8017550949342643
"Smeltzer, Devin","Keuchel, Dallas",2020,L,2,0.8815044825569722
"Smeltzer, Devin","Hill, Rich",2020,L,3,0.8889708265881039
"Smeltzer, Devin","Milone, Tommy",2020,L,4,1.1576318125114156
"Smeltzer, Devin","Miley, Wade",2020,L,5,1.2708008532822377
"Smeltzer, Devin","Erlin, Robbie",2020,L,6,1.3182947481168135
"Smeltzer, Devin","Morgan, Adam",2020,L,7,1.329810768779504
"Smeltzer, Devin","Castano, Daniel",2020,L,8,1.3487039524634
"Smeltzer, Devin","Hart, Kyle",2020,L,9,1.4072063104443158
"Smeltzer, Devin","McFarland, T.J.",2020,L,10,1.4268305644463561
"Smith, Caleb","Detwiler, Ross",2020,L,1,0.3531632470948786
"Smith, Caleb","Sandoval, Patrick",2020,L,2,0.7041508062328367
"Smith, Caleb","Young, Alex",2020,L,3,0.7317485398648638
"Smith, Caleb","Howard, Sam",2020,L,4,0.7649773856720862
"Smith, Caleb","Benjamin, Wes",2020,L,5,0.7952850818923249
"Smith, Caleb","Smyly, Drew",2020,L,6,0.8075539132763511
"Smith, Caleb","Fry, Jace",2020,L,7,0.9129905981459235
"Smith, Caleb","Hand, Brad",2020,L,8,0.9848438036413731
"Smith, Caleb","Norris, Daniel",2020,L,9,1.000435993894401
"Smith, Caleb","Urías, Julio",2020,L,10,1.0809951486510996
"Smith, Will","Kershaw, Clayton",2020,L,1,0.560298796127476
"Smith, Will","Anderson, Tyler",2020,L,2,0.8414626662317918
"Smith, Will","Webb, Tyler",2020,L,3,0.8712238275683507
"Smith, Will","Miley, Wade",2020,L,4,0.8777740979143335
"Smith, Will","Osich, Josh",2020,L,5,0.9007260139683327
"Smith, Will","Montgomery, Jordan",2020,L,6,0.9058855516939801
"Smith, Will","Anderson, Brett",2020,L,7,0.9396198254306279
"Smith, Will","Happ, J.A.",2020,L,8,0.9842423116823128
"Smith, Will","Fried, Max",2020,L,9,0.9931062995569272
"Smith, Will","Gomber, Austin",2020,L,10,1.0105911492469701
"Smyly, Drew","Benjamin, Wes",2020,L,1,0.4611884824934963
"Smyly, Drew","Newcomb, Sean",2020,L,2,0.47738398238182805
"Smyly, Drew","Sandoval, Patrick",2020,L,3,0.6582050894113712
"Smyly, Drew","Detwiler, Ross",2020,L,4,0.6878871046781507
"Smyly, Drew","Smith, Caleb",2020,L,5,0.8075539132763511
"Smyly, Drew","Osich, Josh",2020,L,6,0.8118786316812203
"Smyly, Drew","Howard, Sam",2020,L,7,1.0097613097116285
"Smyly, Drew","Lauer, Eric",2020,L,8,1.0451454303747165
"Smyly, Drew","Means, John",2020,L,9,1.1303766541820917
"Smyly, Drew","Norris, Daniel",2020,L,10,1.155065405734746
"Snell, Blake","Peterson, David",2020,L,1,1.3666716887402786
"Snell, Blake","Kikuchi, Yusei",2020,L,2,1.403146098072941
"Snell, Blake","Gomber, Austin",2020,L,3,1.4328669421148075
"Snell, Blake","Taylor, Blake",2020,L,4,1.5231081258385677
"Snell, Blake","Garrett, Amir",2020,L,5,1.5731012146804952
"Snell, Blake","Matzek, Tyler",2020,L,6,1.5903794151543145
"Snell, Blake","Martin, Brett",2020,L,7,1.6060089158868294
"Snell, Blake","Brault, Steven",2020,L,8,1.6532392513033367
"Snell, Blake","Rogers, Trevor",2020,L,9,1.6610829986409668
"Snell, Blake","Beeks, Jalen",2020,L,10,1.7319236420864046
"Soto, Gregory","Chapman, Aroldis",2020,L,1,1.3233162399001193
"Soto, Gregory","Kikuchi, Yusei",2020,L,2,1.3481131397210124
"Soto, Gregory","Alvarado, José",2020,L,3,1.5358034218279426
"Soto, Gregory","Baragar, Caleb",2020,L,4,1.6144467766069424
"Soto, Gregory","Ferguson, Caleb",2020,L,5,1.6183725270645815
"Soto, Gregory","Taylor, Blake",2020,L,6,1.6193497171697953
"Soto, Gregory","McGee, Jake",2020,L,7,1.6354983073226628
"Soto, Gregory","Reed, Cody",2020,L,8,1.6920271176533062
"Soto, Gregory","Scott, Tanner",2020,L,9,1.7955849179927645
"Soto, Gregory","Rodríguez, Joely",2020,L,10,1.8914946778549702
"Springs, Jeffrey","Turley, Nik",2020,L,1,0.33420584148262755
"Springs, Jeffrey","Margevicius, Nick",2020,L,2,0.38127863432740955
"Springs, Jeffrey","Paxton, James",2020,L,3,0.5407996153617728
"Springs, Jeffrey","Shreve, Chasen",2020,L,4,0.5946649079162469
"Springs, Jeffrey","Holland, Derek",2020,L,5,0.6273837813960184
"Springs, Jeffrey","Alexander, Tyler",2020,L,6,0.6300958740189236
"Springs, Jeffrey","Fried, Max",2020,L,7,0.6328443957157764
"Springs, Jeffrey","Bleier, Richard",2020,L,8,0.6488359345045869
"Springs, Jeffrey","Lester, Jon",2020,L,9,0.6575760441311649
"Springs, Jeffrey","Fleming, Josh",2020,L,10,0.6635969280294909
"Strahm, Matt","Fry, Paul",2020,L,1,0.6492076711275765
"Strahm, Matt","Heaney, Andrew",2020,L,2,0.6833945298190833
"Strahm, Matt","Rogers, Taylor",2020,L,3,0.8011520322886978
"Strahm, Matt","Sheffield, Justus",2020,L,4,0.9993291158548737
"Strahm, Matt","Minter, A.J.",2020,L,5,1.0354627574268538
"Strahm, Matt","Allard, Kolby",2020,L,6,1.0461148659653345
"Strahm, Matt","Kay, Anthony",2020,L,7,1.0568349141930178
"Strahm, Matt","Akin, Keegan",2020,L,8,1.120234132773731
"Strahm, Matt","Watson, Tony",2020,L,9,1.177913624960506
"Strahm, Matt","Pérez, Martín",2020,L,10,1.2204676818218567
"Suter, Brent","Thorpe, Lewis",2020,L,1,1.2248777174569596
"Suter, Brent","Peterson, David",2020,L,2,1.4731475773853657
"Suter, Brent","Manaea, Sean",2020,L,3,1.6251623343870538
"Suter, Brent","Corbin, Patrick",2020,L,4,1.6489126990247638
"Suter, Brent","Miller, Andrew",2020,L,5,1.6514213033901388
"Suter, Brent","Kickham, Mike",2020,L,6,1.6920806682738176
"Suter, Brent","Bumgarner, Madison",2020,L,7,1.7395616897663253
"Suter, Brent","Kim, Kwang Hyun",2020,L,8,1.827612445714726
"Suter, Brent","Brault, Steven",2020,L,9,1.8286908687627725
"Suter, Brent","Bleier, Richard",2020,L,10,1.8766470515110716
"Taylor, Blake","Beeks, Jalen",2020,L,1,0.6378539130114513
"Taylor, Blake","Matzek, Tyler",2020,L,2,0.9196815181536113
"Taylor, Blake","Baragar, Caleb",2020,L,3,0.9249559055272476
"Taylor, Blake","Kikuchi, Yusei",2020,L,4,0.9388641790901529
"Taylor, Blake","Borucki, Ryan",2020,L,5,1.03987137276823
"Taylor, Blake","Ray, Robbie",2020,L,6,1.1449168513101067
"Taylor, Blake","Garrett, Amir",2020,L,7,1.1484623009974022
"Taylor, Blake","Matz, Steven",2020,L,8,1.1995886569772862
"Taylor, Blake","García, Jarlín",2020,L,9,1.2006407592387895
"Taylor, Blake","Reed, Cody",2020,L,10,1.2233028788483826
"Thielbar, Caleb","Ryu, Hyun Jin",2020,L,1,0.9521701837209978
"Thielbar, Caleb","Hart, Kyle",2020,L,2,1.0442316889761998
"Thielbar, Caleb","Selman, Sam",2020,L,3,1.0659645806527454
"Thielbar, Caleb","Kim, Kwang Hyun",2020,L,4,1.0870818692339435
"Thielbar, Caleb","Hill, Rich",2020,L,5,1.107398885996356
"Thielbar, Caleb","Keuchel, Dallas",2020,L,6,1.1634304491165361
"Thielbar, Caleb","Gonzales, Marco",2020,L,7,1.226758262576531
"Thielbar, Caleb","Kickham, Mike",2020,L,8,1.2432970821374145
"Thielbar, Caleb","Castano, Daniel",2020,L,9,1.2728128591796717
"Thielbar, Caleb","Bumgarner, Madison",2020,L,10,1.311610425295332
"Thorpe, Lewis","Kim, Kwang Hyun",2020,L,1,0.7869018445208396
"Thorpe, Lewis","Peterson, David",2020,L,2,0.8948281958939668
"Thorpe, Lewis","Miller, Andrew",2020,L,3,0.9046940402678392
"Thorpe, Lewis","Kickham, Mike",2020,L,4,0.9262969015751121
"Thorpe, Lewis","Bubic, Kris",2020,L,5,0.9390003838234542
"Thorpe, Lewis","Bumgarner, Madison",2020,L,6,0.9484799533269865
"Thorpe, Lewis","Brault, Steven",2020,L,7,1.063543201563065
"Thorpe, Lewis","Duffy, Danny",2020,L,8,1.0821339410053816
"Thorpe, Lewis","Ryu, Hyun Jin",2020,L,9,1.1018688353719528
"Thorpe, Lewis","Manaea, Sean",2020,L,10,1.1330941122271725
"Turley, Nik","Springs, Jeffrey",2020,L,1,0.33420584148262755
"Turley, Nik","Holland, Derek",2020,L,2,0.411157533019821
"Turley, Nik","Alexander, Tyler",2020,L,3,0.4765518779625425
"Turley, Nik","Lester, Jon",2020,L,4,0.5337721872569408
"Turley, Nik","Margevicius, Nick",2020,L,5,0.5445135564633705
"Turley, Nik","Fried, Max",2020,L,6,0.6221909228247536
"Turley, Nik","Paxton, James",2020,L,7,0.629029698421914
"Turley, Nik","Selman, Sam",2020,L,8,0.6424640825236292
"Turley, Nik","Shreve, Chasen",2020,L,9,0.685077407277299
"Turley, Nik","Castano, Daniel",2020,L,10,0.7037216758780648
"Urías, Julio","Norris, Daniel",2020,L,1,0.4475440970245301
"Urías, Julio","Peralta, Wandy",2020,L,2,0.45487594926004904
"Urías, Julio","Howard, Sam",2020,L,3,0.6102920125497632
"Urías, Julio","Minor, Mike",2020,L,4,0.6773605985036021
"Urías, Julio","Cabrera, Génesis",2020,L,5,0.7332010044948039
"Urías, Julio","Lauer, Eric",2020,L,6,0.7435395801028923
"Urías, Julio","Valdez, Framber",2020,L,7,0.8057671378581229
"Urías, Julio","Misiewicz, Anthony",2020,L,8,0.8081660528014015
"Urías, Julio","Kay, Anthony",2020,L,9,0.8628618310171922
"Urías, Julio","Sandoval, Patrick",2020,L,10,0.9033428628168204
"Valdez, Framber","Minor, Mike",2020,L,1,0.32602687049765033
"Valdez, Framber","Misiewicz, Anthony",2020,L,2,0.3405966840549039
"Valdez, Framber","Pérez, Martín",2020,L,3,0.5395197089230485
"Valdez, Framber","Allard, Kolby",2020,L,4,0.6907670030399686
"Valdez, Framber","Rogers, Taylor",2020,L,5,0.7702977594235073
"Valdez, Framber","Sheffield, Justus",2020,L,6,0.7913767955730134
"Valdez, Framber","Urías, Julio",2020,L,7,0.8057671378581229
"Valdez, Framber","Howard, Sam",2020,L,8,0.8211318842833357
"Valdez, Framber","Peralta, Wandy",2020,L,9,0.8239857775017698
"Valdez, Framber","Kay, Anthony",2020,L,10,0.9668669250723683
"Watson, Tony","Heaney, Andrew",2020,L,1,0.7120430217339045
"Watson, Tony","Hall, Matt",2020,L,2,1.13452410785166
"Watson, Tony","Strahm, Matt",2020,L,3,1.177913624960506
"Watson, Tony","Pérez, Oliver",2020,L,4,1.1780148917987194
"Watson, Tony","Gonzalez, Gio",2020,L,5,1.3015378195852858
"Watson, Tony","Wood, Alex",2020,L,6,1.3511999192391704
"Watson, Tony","Boyd, Matthew",2020,L,7,1.3733424688925309
"Watson, Tony","Sheffield, Justus",2020,L,8,1.4425394737608637
"Watson, Tony","Fry, Paul",2020,L,9,1.4477354082846723
"Watson, Tony","Allard, Kolby",2020,L,10,1.483290210471569
"Webb, Tyler","Corbin, Patrick",2020,L,1,0.7865771381516206
"Webb, Tyler","Gomber, Austin",2020,L,2,0.8217175204339788
"Webb, Tyler","Smith, Will",2020,L,3,0.8712238275683507
"Webb, Tyler","Miley, Wade",2020,L,4,1.0573013613619615
"Webb, Tyler","Montgomery, Jordan",2020,L,5,1.1527756023278448
"Webb, Tyler","Margevicius, Nick",2020,L,6,1.2545320144278431
"Webb, Tyler","Kershaw, Clayton",2020,L,7,1.2640530426156902
"Webb, Tyler","Bleier, Richard",2020,L,8,1.2669408524547212
"Webb, Tyler","Hart, Kyle",2020,L,9,1.296349625384078
"Webb, Tyler","Castano, Daniel",2020,L,10,1.414639479375112
"Wilson, Justin","Britton, Zack",2020,L,1,0.6936546856381904
"Wilson, Justin","Hearn, Taylor",2020,L,2,0.9456207835608259
"Wilson, Justin","Cabrera, Génesis",2020,L,3,0.9471358329859004
"Wilson, Justin","Ferguson, Caleb",2020,L,4,1.0535609340788223
"Wilson, Justin","Alexander, Scott",2020,L,5,1.0563865688428602
"Wilson, Justin","Matzek, Tyler",2020,L,6,1.126705655259491
"Wilson, Justin","McGee, Jake",2020,L,7,1.1501239555269729
"Wilson, Justin","Martin, Brett",2020,L,8,1.1671546325753224
"Wilson, Justin","Morejon, Adrian",2020,L,9,1.1762585252405964
"Wilson, Justin","Ray, Robbie",2020,L,10,1.2501108793813125
"Wood, Alex","González, Victor",2020,L,1,1.0283883500216737
"Wood, Alex","Fry, Paul",2020,L,2,1.0942433922155461
"Wood, Alex","Matz, Steven",2020,L,3,1.1261246554615347
"Wood, Alex","Shreve, Chasen",2020,L,4,1.1292281767594594
"Wood, Alex","Freeland, Kyle",2020,L,5,1.2015645271454827
"Wood, Alex","Fleming, Josh",2020,L,6,1.2139435720318426
"Wood, Alex","Minter, A.J.",2020,L,7,1.2223715930347887
"Wood, Alex","Alexander, Tyler",2020,L,8,1.2275356418314385
"Wood, Alex","Strahm, Matt",2020,L,9,1.2493828465660313
"Wood, Alex","Reed, Cody",2020,L,10,1.2826583263019236
"Yarbrough, Ryan","Gonzales, Marco",2020,L,1,1.2149501986362081
"Yarbrough, Ryan","Pérez, Oliver",2020,L,2,1.2458447947986968
"Yarbrough, Ryan","Bumgarner, Madison",2020,L,3,1.3022040884488535
"Yarbrough, Ryan","Ryu, Hyun Jin",2020,L,4,1.337093336059236
"Yarbrough, Ryan","Kickham, Mike",2020,L,5,1.367285305633494
"Yarbrough, Ryan","Hall, Matt",2020,L,6,1.4872546298127365
"Yarbrough, Ryan","Dayton, Grant",2020,L,7,1.5478832632061463
"Yarbrough, Ryan","Gonzalez, Gio",2020,L,8,1.5747917012525359
"Yarbrough, Ryan","LeBlanc, Wade",2020,L,9,1.616206714763645
"Yarbrough, Ryan","Thielbar, Caleb",2020,L,10,1.6335293454466409
"Young, Alex","Howard, Sam",2020,L,1,0.4809727899608837
"Young, Alex","Raley, Brooks",2020,L,2,0.6767978813163237
"Young, Alex","Hand, Brad",2020,L,3,0.6972337437273015
"Young, Alex","Smith, Caleb",2020,L,4,0.7317485398648638
"Young, Alex","Detwiler, Ross",2020,L,5,0.8037673606256872
"Young, Alex","Lauer, Eric",2020,L,6,0.8187596434720453
"Young, Alex","Morgan, Adam",2020,L,7,0.836963857073681
"Young, Alex","Akin, Keegan",2020,L,8,0.8545903813770371
"Young, Alex","Minor, Mike",2020,L,9,0.8937983932671335
"Young, Alex","McFarland, T.J.",2020,L,10,0.9071309454347755
"Adam, Jason","Tepera, Ryan",2020,R,1,0.27942428321479057
"Adam, Jason","Gray, Jon",2020,R,2,0.28984780098912183
"Adam, Jason","Carrasco, Carlos",2020,R,3,0.32972556056041386
"Adam, Jason","Velasquez, Vince",2020,R,4,0.3503693783427194
"Adam, Jason","Jiménez, Joe",2020,R,5,0.3519697127525089
"Adam, Jason","Stammen, Craig",2020,R,6,0.3802386107118972
"Adam, Jason","Almonte, Yency",2020,R,7,0.38783426611874056
"Adam, Jason","Fedde, Erick",2020,R,8,0.40564113779807265
"Adam, Jason","Sulser, Cole",2020,R,9,0.409154014918237
"Adam, Jason","Kuhl, Chad",2020,R,10,0.4186448233989725
"Alcala, Jorge","Buttrey, Ty",2020,R,1,0.5965801138256196
"Alcala, Jorge","Familia, Jeurys",2020,R,2,0.9298335885252682
"Alcala, Jorge","Jones, Nate",2020,R,3,0.963971718656421
"Alcala, Jorge","Treinen, Blake",2020,R,4,1.0081652334251874
"Alcala, Jorge","Gallegos, Giovanny",2020,R,5,1.0452944079747684
"Alcala, Jorge","Ynoa, Huascar",2020,R,6,1.0455864252007232
"Alcala, Jorge","Kinley, Tyler",2020,R,7,1.0564870562601907
"Alcala, Jorge","Dolis, Rafael",2020,R,8,1.0905715922664347
"Alcala, Jorge","Montas, Frankie",2020,R,9,1.1135498735602671
"Alcala, Jorge","Lamet, Dinelson",2020,R,10,1.1995081129750036
"Alcantara, Sandy","Richards, Garrett",2020,R,1,0.5644485667500275
"Alcantara, Sandy","Ureña, José",2020,R,2,0.6053355347321356
"Alcantara, Sandy","Sánchez, Sixto",2020,R,3,0.6085731587483764
"Alcantara, Sandy","Coonrod, Sam",2020,R,4,0.6726122500397994
"Alcantara, Sandy","Estévez, Carlos",2020,R,5,0.6780724000337462
"Alcantara, Sandy","Phillips, Evan",2020,R,6,0.7638584476098778
"Alcantara, Sandy","Hatch, Thomas",2020,R,7,0.7768377069081054
"Alcantara, Sandy","Lamet, Dinelson",2020,R,8,0.7780159707196778
"Alcantara, Sandy","Rainey, Tanner",2020,R,9,0.7929031394492242
"Alcantara, Sandy","Montas, Frankie",2020,R,10,0.7998783422105679
"Almonte, Yency","Fedde, Erick",2020,R,1,0.25282785086383835
"Almonte, Yency","Carrasco, Carlos",2020,R,2,0.3381357071694909
"Almonte, Yency","Kuhl, Chad",2020,R,3,0.3558343373389848
"Almonte, Yency","Velasquez, Vince",2020,R,4,0.3828457695034722
"Almonte, Yency","Adam, Jason",2020,R,5,0.38783426611874056
"Almonte, Yency","Stratton, Chris",2020,R,6,0.4370379435862953
"Almonte, Yency","Wittgren, Nick",2020,R,7,0.43802900932729005
"Almonte, Yency","Soria, Joakim",2020,R,8,0.46791958762264807
"Almonte, Yency","Kintzler, Brandon",2020,R,9,0.4697174555866171
"Almonte, Yency","Bieber, Shane",2020,R,10,0.470669714041113
"Altavilla, Dan","Castillo, Luis",2020,R,1,0.5746627418540129
"Altavilla, Dan","Garcia, Bryan",2020,R,2,1.1823499763115346
"Altavilla, Dan","Cisnero, José",2020,R,3,1.2029685867685544
"Altavilla, Dan","García, Rony",2020,R,4,1.2407518741220287
"Altavilla, Dan","Bard, Daniel",2020,R,5,1.2960741728226224
"Altavilla, Dan","Gott, Trevor",2020,R,6,1.3616221389233172
"Altavilla, Dan","Kelly, Joe",2020,R,7,1.4230953642133664
"Altavilla, Dan","Montero, Rafael",2020,R,8,1.453104423629518
"Altavilla, Dan","Sánchez, Sixto",2020,R,9,1.460868953001811
"Altavilla, Dan","Iglesias, Raisel",2020,R,10,1.4645137070946384
"Alzolay, Adbert","Plesac, Zach",2020,R,1,0.24164978460460906
"Alzolay, Adbert","López, Reynaldo",2020,R,2,0.3152501431705881
"Alzolay, Adbert","Lockett, Walker",2020,R,3,0.3556360201850748
"Alzolay, Adbert","Garcia, Luis",2020,R,4,0.4184730682530889
"Alzolay, Adbert","Hartlieb, Geoff",2020,R,5,0.44190762092304625
"Alzolay, Adbert","Plutko, Adam",2020,R,6,0.44724981282992265
"Alzolay, Adbert","Harvey, Matt",2020,R,7,0.4901848343046598
"Alzolay, Adbert","López, Jorge",2020,R,8,0.49915504219827284
"Alzolay, Adbert","Wick, Rowan",2020,R,9,0.5258868853284073
"Alzolay, Adbert","Odorizzi, Jake",2020,R,10,0.5382202089068037
"Anderson, Chase","Cessa, Luis",2020,R,1,0.30620974508019294
"Anderson, Chase","Porcello, Rick",2020,R,2,0.5576374956332021
"Anderson, Chase","Newberry, Jake",2020,R,3,0.5897182786114074
"Anderson, Chase","Greene, Shane",2020,R,4,0.6118534923595469
"Anderson, Chase","Urquidy, José",2020,R,5,0.6327413485561406
"Anderson, Chase","Junis, Jakob",2020,R,6,0.6593589437603019
"Anderson, Chase","Bedrosian, Cam",2020,R,7,0.6699839372041417
"Anderson, Chase","Covey, Dylan",2020,R,8,0.7118766231724123
"Anderson, Chase","Barria, Jaime",2020,R,9,0.720756836964525
"Anderson, Chase","Bacus, Dakota",2020,R,10,0.736364536182796
"Anderson, Ian","Oviedo, Johan",2020,R,1,0.48636092176626844
"Anderson, Ian","Jansen, Kenley",2020,R,2,0.6126221690169299
"Anderson, Ian","Slegers, Aaron",2020,R,3,0.6291999015868536
"Anderson, Ian","McKenzie, Triston",2020,R,4,0.6637224963408533
"Anderson, Ian","Wacha, Michael",2020,R,5,0.8273210104130094
"Anderson, Ian","Hernández, Carlos",2020,R,6,0.8586319525428783
"Anderson, Ian","López, Yoan",2020,R,7,0.8663491631879219
"Anderson, Ian","Paddack, Chris",2020,R,8,0.9012375169626897
"Anderson, Ian","Barnes, Matt",2020,R,9,0.9555731081783793
"Anderson, Ian","Pearson, Nate",2020,R,10,0.9619621798766415
"Anderson, Nick","Colomé, Alex",2020,R,1,0.31874068363661373
"Anderson, Nick","Guerra, Javy",2020,R,2,0.435326266456607
"Anderson, Nick","Stanek, Ryne",2020,R,3,0.49287873672701277
"Anderson, Nick","Gsellman, Robert",2020,R,4,0.49931312825931184
"Anderson, Nick","Clarke, Taylor",2020,R,5,0.6516119259392417
"Anderson, Nick","Gibaut, Ian",2020,R,6,0.6744054264351125
"Anderson, Nick","Cease, Dylan",2020,R,7,0.7285429837372118
"Anderson, Nick","Lamet, Dinelson",2020,R,8,0.7410997351775153
"Anderson, Nick","Trivino III, Lou",2020,R,9,0.7425305639682473
"Anderson, Nick","Harvey, Matt",2020,R,10,0.7431215273405096
"Anderson, Shaun","Wittgren, Nick",2020,R,1,0.32804173565661826
"Anderson, Shaun","Pearson, Nate",2020,R,2,0.45437120759573635
"Anderson, Shaun","Armstrong, Shawn",2020,R,3,0.538756078220465
"Anderson, Shaun","Sulser, Cole",2020,R,4,0.5389229373914268
"Anderson, Shaun","Jiménez, Joe",2020,R,5,0.5634083221927007
"Anderson, Shaun","Eflin, Zach",2020,R,6,0.5755035666166031
"Anderson, Shaun","Rodríguez, Richard",2020,R,7,0.5854092589829093
"Anderson, Shaun","Eovaldi, Nathan",2020,R,8,0.5884731510647057
"Anderson, Shaun","Velasquez, Vince",2020,R,9,0.5975021848620933
"Anderson, Shaun","Stammen, Craig",2020,R,10,0.6001906836400405
"Andriese, Matt","Santana, Dennis",2020,R,1,0.3941517041915264
"Andriese, Matt","Marshall, Evan",2020,R,2,0.4745673638225791
"Andriese, Matt","Boxberger, Brad",2020,R,3,0.5243604813049947
"Andriese, Matt","Stashak, Cody",2020,R,4,0.5749821677066494
"Andriese, Matt","Mayers, Mike",2020,R,5,0.5759430843023275
"Andriese, Matt","Greene, Shane",2020,R,6,0.6657663101718932
"Andriese, Matt","Javier, Cristian",2020,R,7,0.6716489275089496
"Andriese, Matt","Sadler, Casey",2020,R,8,0.7042943449903624
"Andriese, Matt","Cueto, Johnny",2020,R,9,0.7679902183797905
"Andriese, Matt","Johnson, Pierce",2020,R,10,0.7938729152064768
"Antone, Tejay","Voth, Austin",2020,R,1,0.14889348544255607
"Antone, Tejay","Woodford, Jake",2020,R,2,0.33309210868340944
"Antone, Tejay","Hale, David",2020,R,3,0.40977355592714204
"Antone, Tejay","Betances, Dellin",2020,R,4,0.43122975375125006
"Antone, Tejay","Morton, Charlie",2020,R,5,0.4405150085723555
"Antone, Tejay","Darvish, Yu",2020,R,6,0.4428406714345993
"Antone, Tejay","Kelly, Merrill",2020,R,7,0.4588014732650078
"Antone, Tejay","Bauer, Trevor",2020,R,8,0.4684296230356456
"Antone, Tejay","Houck, Tanner",2020,R,9,0.4852120317102733
"Antone, Tejay","Soria, Joakim",2020,R,10,0.4912459006650106
"Armstrong, Shawn","Curtiss, John",2020,R,1,0.27060046345654476
"Armstrong, Shawn","Kilome, Franklyn",2020,R,2,0.3930455738636817
"Armstrong, Shawn","Underwood Jr., Duane",2020,R,3,0.515602033972301
"Armstrong, Shawn","Anderson, Shaun",2020,R,4,0.538756078220465
"Armstrong, Shawn","Howard, Spencer",2020,R,5,0.5591347231991496
"Armstrong, Shawn","Hoffman, Jeff",2020,R,6,0.5841598981348669
"Armstrong, Shawn","Martin, Chris",2020,R,7,0.5842460053904825
"Armstrong, Shawn","Hudson, Dakota",2020,R,8,0.6125767945588564
"Armstrong, Shawn","Bradley, Archie",2020,R,9,0.6511510208456254
"Armstrong, Shawn","Hunter, Tommy",2020,R,10,0.7016119448970705
"Arrieta, Jake","Brubaker, JT",2020,R,1,0.198524310804051
"Arrieta, Jake","Peña, Félix",2020,R,2,0.4749158719244868
"Arrieta, Jake","Lakins, Travis",2020,R,3,0.6136078698533306
"Arrieta, Jake","Perdomo, Luis",2020,R,4,0.6228244340242339
"Arrieta, Jake","Nova, Iván",2020,R,5,0.6404285747676853
"Arrieta, Jake","Wendelken, J.B.",2020,R,6,0.6567503801121333
"Arrieta, Jake","Senzatela, Antonio",2020,R,7,0.6580597293869559
"Arrieta, Jake","González, Chi Chi",2020,R,8,0.6946444019068237
"Arrieta, Jake","Santana, Dennis",2020,R,9,0.6952255850615086
"Arrieta, Jake","Johnson, Pierce",2020,R,10,0.7013673409757766
"Bacus, Dakota","Greene, Shane",2020,R,1,0.6546742679375511
"Bacus, Dakota","Godley, Zack",2020,R,2,0.7013535976704669
"Bacus, Dakota","Anderson, Chase",2020,R,3,0.736364536182796
"Bacus, Dakota","Cessa, Luis",2020,R,4,0.7998963024136511
"Bacus, Dakota","Marshall, Evan",2020,R,5,0.8546101828243432
"Bacus, Dakota","Stashak, Cody",2020,R,6,0.9166581612395325
"Bacus, Dakota","Sims, Lucas",2020,R,7,1.0315835718523285
"Bacus, Dakota","Boxberger, Brad",2020,R,8,1.0330014895669362
"Bacus, Dakota","Junis, Jakob",2020,R,9,1.0519655262966705
"Bacus, Dakota","Fiers, Mike",2020,R,10,1.0615196943115466
"Bard, Daniel","Paredes, Enoli",2020,R,1,0.5664291618535582
"Bard, Daniel","Sánchez, Sixto",2020,R,2,0.6038656977698539
"Bard, Daniel","Garcia, Bryan",2020,R,3,0.6606875604911235
"Bard, Daniel","Cisnero, José",2020,R,4,0.6682596496608498
"Bard, Daniel","Montero, Rafael",2020,R,5,0.8163356710095648
"Bard, Daniel","Gott, Trevor",2020,R,6,0.832331929586017
"Bard, Daniel","Hernández, Jonathan",2020,R,7,0.844671819744321
"Bard, Daniel","Stock, Robert",2020,R,8,0.8729964321003858
"Bard, Daniel","Nelson, Nick",2020,R,9,0.9229236465318394
"Bard, Daniel","Hudson, Daniel",2020,R,10,0.9449560086125928
"Barlow, Scott","Williams, Trevor",2020,R,1,0.3089588201274554
"Barlow, Scott","Maton, Phil",2020,R,2,0.37968819715338387
"Barlow, Scott","Wojciechowski, Asher",2020,R,3,0.56526023978457
"Barlow, Scott","Clevinger, Mike",2020,R,4,0.7832478658569125
"Barlow, Scott","García, Deivi",2020,R,5,0.82485356410746
"Barlow, Scott","Ottavino, Adam",2020,R,6,0.8692197553842279
"Barlow, Scott","Nola, Aaron",2020,R,7,0.8760127644714347
"Barlow, Scott","Mengden, Daniel",2020,R,8,0.8922447973044624
"Barlow, Scott","Toussaint, Touki",2020,R,9,0.9359356783430532
"Barlow, Scott","Petit, Yusmeiro",2020,R,10,0.9835931492256665
"Barnes, Jacob","Finnegan, Kyle",2020,R,1,0.3181080337909288
"Barnes, Jacob","Eovaldi, Nathan",2020,R,2,0.44376325398713945
"Barnes, Jacob","Funkhouser, Kyle",2020,R,3,0.4452949305815813
"Barnes, Jacob","Cole, Gerrit",2020,R,4,0.4755485495353191
"Barnes, Jacob","Woodruff, Brandon",2020,R,5,0.4963778896256795
"Barnes, Jacob","Weems, Jordan",2020,R,6,0.5075543637590622
"Barnes, Jacob","Green, Chad",2020,R,7,0.5243837471090222
"Barnes, Jacob","Jiménez, Joe",2020,R,8,0.5641769304606054
"Barnes, Jacob","Sulser, Cole",2020,R,9,0.5691129442342636
"Barnes, Jacob","James, Josh",2020,R,10,0.5920672606329763
"Barnes, Matt","Wacha, Michael",2020,R,1,0.22573488952576484
"Barnes, Matt","López, Yoan",2020,R,2,0.4536900151378145
"Barnes, Matt","Font, Wilmer",2020,R,3,0.5003832304333911
"Barnes, Matt","Ginkel, Kevin",2020,R,4,0.6347945375838245
"Barnes, Matt","Pearson, Nate",2020,R,5,0.6697211515552651
"Barnes, Matt","Neverauskas, Dovydas",2020,R,6,0.7084799377460951
"Barnes, Matt","McKenzie, Triston",2020,R,7,0.7172194941905373
"Barnes, Matt","Paddack, Chris",2020,R,8,0.7371547311557874
"Barnes, Matt","Houser, Adrian",2020,R,9,0.7746262259143815
"Barnes, Matt","Fulmer, Michael",2020,R,10,0.8093511766336271
"Barria, Jaime","Covey, Dylan",2020,R,1,0.09608947230434249
"Barria, Jaime","Newberry, Jake",2020,R,2,0.3382050720115427
"Barria, Jaime","Bedrosian, Cam",2020,R,3,0.3516209277206992
"Barria, Jaime","Mejía, Humberto",2020,R,4,0.35524328015281087
"Barria, Jaime","Porcello, Rick",2020,R,5,0.4293769607612066
"Barria, Jaime","Nova, Iván",2020,R,6,0.43706066949730205
"Barria, Jaime","Urquidy, José",2020,R,7,0.48227616921012345
"Barria, Jaime","Musgrove, Joe",2020,R,8,0.5316004626157225
"Barria, Jaime","Cobb, Alex",2020,R,9,0.6564922627230763
"Barria, Jaime","Cessa, Luis",2020,R,10,0.6773468952342412
"Bass, Anthony","Burnes, Corbin",2020,R,1,0.43263900615954975
"Bass, Anthony","Gibaut, Ian",2020,R,2,0.4478400803360016
"Bass, Anthony","Guerra, Junior",2020,R,3,0.4598852344276542
"Bass, Anthony","Merryweather, Julian",2020,R,4,0.5214065219190872
"Bass, Anthony","Kintzler, Brandon",2020,R,5,0.5276403324979176
"Bass, Anthony","Rondón, Héctor",2020,R,6,0.5874038409710867
"Bass, Anthony","Fulmer, Michael",2020,R,7,0.6015675404743452
"Bass, Anthony","Houser, Adrian",2020,R,8,0.6091219479179315
"Bass, Anthony","Trivino III, Lou",2020,R,9,0.6142449291543716
"Bass, Anthony","Hatch, Thomas",2020,R,10,0.641968177332446
"Bassitt, Chris","Bauer, Trevor",2020,R,1,0.25882131059431357
"Bassitt, Chris","Gray, Sonny",2020,R,2,0.30168520573822877
"Bassitt, Chris","Dunning, Dane",2020,R,3,0.30555271012739077
"Bassitt, Chris","Kelly, Merrill",2020,R,4,0.3237047539900568
"Bassitt, Chris","Betances, Dellin",2020,R,5,0.32816500786942193
"Bassitt, Chris","Cole, A.J.",2020,R,6,0.36308030284519033
"Bassitt, Chris","Jeffress, Jeremy",2020,R,7,0.413227307561072
"Bassitt, Chris","Bieber, Shane",2020,R,8,0.4510663610274996
"Bassitt, Chris","Dunn, Justin",2020,R,9,0.4583621192062623
"Bassitt, Chris","Smith, Riley",2020,R,10,0.47435734962272513
"Bauer, Trevor","Bassitt, Chris",2020,R,1,0.25882131059431357
"Bauer, Trevor","Dunn, Justin",2020,R,2,0.28118705698396707
"Bauer, Trevor","Dunning, Dane",2020,R,3,0.35252339292056467
"Bauer, Trevor","Morton, Charlie",2020,R,4,0.35987611399874914
"Bauer, Trevor","Cole, A.J.",2020,R,5,0.3683724346574519
"Bauer, Trevor","Darvish, Yu",2020,R,6,0.3779493402302118
"Bauer, Trevor","Betances, Dellin",2020,R,7,0.38555733508759266
"Bauer, Trevor","Kelly, Merrill",2020,R,8,0.39671620087808657
"Bauer, Trevor","Gray, Sonny",2020,R,9,0.45686418344273283
"Bauer, Trevor","Woodford, Jake",2020,R,10,0.45767685732877017
"Bedrosian, Cam","Porcello, Rick",2020,R,1,0.2118530000003243
"Bedrosian, Cam","Barria, Jaime",2020,R,2,0.3516209277206992
"Bedrosian, Cam","Urquidy, José",2020,R,3,0.36423065730733156
"Bedrosian, Cam","Covey, Dylan",2020,R,4,0.3662005536891107
"Bedrosian, Cam","Lail, Brady",2020,R,5,0.37061820595718376
"Bedrosian, Cam","Newberry, Jake",2020,R,6,0.4930779817709635
"Bedrosian, Cam","Musgrove, Joe",2020,R,7,0.5597948757606754
"Bedrosian, Cam","Plutko, Adam",2020,R,8,0.5696616977754705
"Bedrosian, Cam","Cessa, Luis",2020,R,9,0.5841097828398175
"Bedrosian, Cam","Kremer, Dean",2020,R,10,0.5911373846102738
"Berríos, José","Houck, Tanner",2020,R,1,0.528364841298622
"Berríos, José","Scherzer, Max",2020,R,2,0.5833464714564528
"Berríos, José","Flaherty, Jack",2020,R,3,0.6950373561208872
"Berríos, José","Wilson, Bryse",2020,R,4,0.755620614999725
"Berríos, José","Kennedy, Ian",2020,R,5,0.7632442784211314
"Berríos, José","Hughes, Jared",2020,R,6,0.7681492263298997
"Berríos, José","Stammen, Craig",2020,R,7,0.785304252725263
"Berríos, José","Webb, Logan",2020,R,8,0.7954799121905091
"Berríos, José","Elledge, Seth",2020,R,9,0.8126541851905144
"Berríos, José","King, Michael",2020,R,10,0.8776248984766718
"Betances, Dellin","Smith, Riley",2020,R,1,0.27194204231413494
"Betances, Dellin","Kelly, Merrill",2020,R,2,0.2766958935258084
"Betances, Dellin","Dunning, Dane",2020,R,3,0.30513627031182816
"Betances, Dellin","Bassitt, Chris",2020,R,4,0.32816500786942193
"Betances, Dellin","López, Jorge",2020,R,5,0.37306181299092867
"Betances, Dellin","Bauer, Trevor",2020,R,6,0.38555733508759266
"Betances, Dellin","Garcia, Luis",2020,R,7,0.41229302037378524
"Betances, Dellin","Voth, Austin",2020,R,8,0.4310518751389622
"Betances, Dellin","Antone, Tejay",2020,R,9,0.43122975375125006
"Betances, Dellin","Gray, Jon",2020,R,10,0.4499158272867079
"Bieber, Shane","Jeffress, Jeremy",2020,R,1,0.14792056395866693
"Bieber, Shane","Carrasco, Carlos",2020,R,2,0.22858036813646337
"Bieber, Shane","Singer, Brady",2020,R,3,0.3142277454840985
"Bieber, Shane","Fedde, Erick",2020,R,4,0.39420959723382554
"Bieber, Shane","Mize, Casey",2020,R,5,0.4476152249921954
"Bieber, Shane","Bassitt, Chris",2020,R,6,0.4510663610274996
"Bieber, Shane","Almonte, Yency",2020,R,7,0.470669714041113
"Bieber, Shane","Kelly, Merrill",2020,R,8,0.48033078140765534
"Bieber, Shane","Gray, Sonny",2020,R,9,0.48277496795467995
"Bieber, Shane","Gray, Jon",2020,R,10,0.4914286073184973
"Bielak, Brandon","Cobb, Alex",2020,R,1,0.4355694406944836
"Bielak, Brandon","Canning, Griffin",2020,R,2,0.5251798206321195
"Bielak, Brandon","Johnson, Pierce",2020,R,3,0.6366610192885497
"Bielak, Brandon","Greene, Shane",2020,R,4,0.7097991710856184
"Bielak, Brandon","Phelps, David",2020,R,5,0.738070956276264
"Bielak, Brandon","Gallegos, Giovanny",2020,R,6,0.7707971249960466
"Bielak, Brandon","Castillo, Diego",2020,R,7,0.7915708865065614
"Bielak, Brandon","González, Chi Chi",2020,R,8,0.7982734110016991
"Bielak, Brandon","Newberry, Jake",2020,R,9,0.8104906689309244
"Bielak, Brandon","Mayers, Mike",2020,R,10,0.8203553058995766
"Boxberger, Brad","Mayers, Mike",2020,R,1,0.3736935487496132
"Boxberger, Brad","Stashak, Cody",2020,R,2,0.49619433505516397
"Boxberger, Brad","Andriese, Matt",2020,R,3,0.5243604813049947
"Boxberger, Brad","Canning, Griffin",2020,R,4,0.6057322031623894
"Boxberger, Brad","Santana, Dennis",2020,R,5,0.623898679064752
"Boxberger, Brad","Lugo, Seth",2020,R,6,0.6285661160684025
"Boxberger, Brad","Javier, Cristian",2020,R,7,0.6289634809658878
"Boxberger, Brad","González, Chi Chi",2020,R,8,0.6424170209867668
"Boxberger, Brad","Johnson, Pierce",2020,R,9,0.6469517501628884
"Boxberger, Brad","Sims, Lucas",2020,R,10,0.6677698841877565
"Brach, Brad","Marshall, Evan",2020,R,1,0.6645558324809037
"Brach, Brad","Andriese, Matt",2020,R,2,0.8529850180096925
"Brach, Brad","Cueto, Johnny",2020,R,3,0.868604665415035
"Brach, Brad","Santana, Dennis",2020,R,4,0.9161534092831934
"Brach, Brad","Greene, Shane",2020,R,5,0.9648213643169314
"Brach, Brad","Mayers, Mike",2020,R,6,1.1163124068600587
"Brach, Brad","Phelps, David",2020,R,7,1.1353142702368932
"Brach, Brad","Maeda, Kenta",2020,R,8,1.204108983881814
"Brach, Brad","Boxberger, Brad",2020,R,9,1.242803225958038
"Brach, Brad","Johnson, Pierce",2020,R,10,1.257781448024117
"Bradley, Archie","Hunter, Tommy",2020,R,1,0.17443525194645665
"Bradley, Archie","Hudson, Dakota",2020,R,2,0.23271268882222257
"Bradley, Archie","Sneed, Cy",2020,R,3,0.3429706305259242
"Bradley, Archie","Underwood Jr., Duane",2020,R,4,0.38182954054438867
"Bradley, Archie","Gsellman, Robert",2020,R,5,0.4643439895315548
"Bradley, Archie","Fulmer, Michael",2020,R,6,0.4897916987453446
"Bradley, Archie","Curtiss, John",2020,R,7,0.5612888143839737
"Bradley, Archie","Martin, Chris",2020,R,8,0.5916751160897311
"Bradley, Archie","Hartlieb, Geoff",2020,R,9,0.6204298845037978
"Bradley, Archie","Wick, Rowan",2020,R,10,0.6261300640868981
"Brasier, Ryan","May, Trevor",2020,R,1,0.3666490048673957
"Brasier, Ryan","Patiño, Luis",2020,R,2,0.4362574510927549
"Brasier, Ryan","Woodruff, Brandon",2020,R,3,0.6068168960326811
"Brasier, Ryan","Hendriks, Liam",2020,R,4,0.6469582563430979
"Brasier, Ryan","Funkhouser, Kyle",2020,R,5,0.7014702268225567
"Brasier, Ryan","López, Yoan",2020,R,6,0.7112693599323349
"Brasier, Ryan","Wheeler, Zack",2020,R,7,0.7311438526112458
"Brasier, Ryan","Hernández, Carlos",2020,R,8,0.7840398454791173
"Brasier, Ryan","Barnes, Jacob",2020,R,9,0.8071511406261148
"Brasier, Ryan","Pagán, Emilio",2020,R,10,0.8245081478227707
"Brewer, Colten","Cody, Kyle",2020,R,1,0.3655378584954831
"Brewer, Colten","Walker, Taijuan",2020,R,2,0.49043969029655804
"Brewer, Colten","Pineda, Michael",2020,R,3,0.5070069942634701
"Brewer, Colten","Ponce de Leon, Daniel",2020,R,4,0.5491124895509161
"Brewer, Colten","Hahn, Jesse",2020,R,5,0.5491196297179392
"Brewer, Colten","Sneed, Cy",2020,R,6,0.5491910676387406
"Brewer, Colten","Melancon, Mark",2020,R,7,0.5914924634181155
"Brewer, Colten","Keller, Mitch",2020,R,8,0.6209117136517298
"Brewer, Colten","Hunter, Tommy",2020,R,9,0.6223094422192967
"Brewer, Colten","Wick, Rowan",2020,R,10,0.7093895771573518
"Brice, Austin","Dobnak, Randy",2020,R,1,1.2770488386976924
"Brice, Austin","Martinez, Carlos",2020,R,2,1.3707879563342704
"Brice, Austin","García, Rony",2020,R,3,1.3965461558250831
"Brice, Austin","García, Yimi",2020,R,4,1.5846106605332437
"Brice, Austin","Sims, Lucas",2020,R,5,1.6332180690931735
"Brice, Austin","Herget, Jimmy",2020,R,6,1.680223983045799
"Brice, Austin","Castillo, Luis",2020,R,7,1.7280133628157583
"Brice, Austin","Weber, Ryan",2020,R,8,1.7282824155329342
"Brice, Austin","Gott, Trevor",2020,R,9,1.7656697636013983
"Brice, Austin","Chavez, Jesse",2020,R,10,1.7969708732794272
"Brubaker, JT","Arrieta, Jake",2020,R,1,0.198524310804051
"Brubaker, JT","Peña, Félix",2020,R,2,0.3810695788824948
"Brubaker, JT","Lakins, Travis",2020,R,3,0.4358317413457533
"Brubaker, JT","Perdomo, Luis",2020,R,4,0.4578254842546536
"Brubaker, JT","González, Chi Chi",2020,R,5,0.5035976111842437
"Brubaker, JT","Johnson, Pierce",2020,R,6,0.5522390285938409
"Brubaker, JT","Foster, Matt",2020,R,7,0.552762825876522
"Brubaker, JT","Santana, Dennis",2020,R,8,0.5969096440664716
"Brubaker, JT","Wright, Kyle",2020,R,9,0.6394256107187811
"Brubaker, JT","Farmer, Buck",2020,R,10,0.6402955626727902
"Buehler, Walker","Graveman, Kendall",2020,R,1,0.4716447430076789
"Buehler, Walker","Hernández, Jonathan",2020,R,2,0.5206833067175706
"Buehler, Walker","Estévez, Carlos",2020,R,3,0.5866226553114725
"Buehler, Walker","James, Josh",2020,R,4,0.6006448210070344
"Buehler, Walker","Rondón, Héctor",2020,R,5,0.6793785817079573
"Buehler, Walker","Hatch, Thomas",2020,R,6,0.6854279050597359
"Buehler, Walker","Burnes, Corbin",2020,R,7,0.692017505610658
"Buehler, Walker","Coonrod, Sam",2020,R,8,0.7311912551955151
"Buehler, Walker","Ureña, José",2020,R,9,0.7401758830008641
"Buehler, Walker","Stock, Robert",2020,R,10,0.7480873834348925
"Bundy, Dylan","Hendricks, Kyle",2020,R,1,0.5050038465472682
"Bundy, Dylan","Wisler, Matt",2020,R,2,0.6089506440155061
"Bundy, Dylan","Tropeano, Nick",2020,R,3,0.721246550098876
"Bundy, Dylan","Tomlin, Josh",2020,R,4,0.7989956249265632
"Bundy, Dylan","Greinke, Zack",2020,R,5,0.808117633035073
"Bundy, Dylan","Junis, Jakob",2020,R,6,0.8285854940464559
"Bundy, Dylan","Hoyt, James",2020,R,7,0.8825327565309694
"Bundy, Dylan","Fiers, Mike",2020,R,8,0.8901605126854143
"Bundy, Dylan","Clippard, Tyler",2020,R,9,0.9510385164866609
"Bundy, Dylan","Mills, Alec",2020,R,10,0.960395380355001
"Burnes, Corbin","Trivino III, Lou",2020,R,1,0.3967697711706532
"Burnes, Corbin","Bass, Anthony",2020,R,2,0.43263900615954975
"Burnes, Corbin","Gibaut, Ian",2020,R,3,0.44676058798981216
"Burnes, Corbin","Rondón, Héctor",2020,R,4,0.4667992506585483
"Burnes, Corbin","Merryweather, Julian",2020,R,5,0.505611252638044
"Burnes, Corbin","Weems, Jordan",2020,R,6,0.5382240625460575
"Burnes, Corbin","Woodruff, Brandon",2020,R,7,0.5890631422347391
"Burnes, Corbin","Graveman, Kendall",2020,R,8,0.6081458180805768
"Burnes, Corbin","Funkhouser, Kyle",2020,R,9,0.6152182494768226
"Burnes, Corbin","Fulmer, Michael",2020,R,10,0.6256211963781142
"Buttrey, Ty","Gallegos, Giovanny",2020,R,1,0.5374658267359241
"Buttrey, Ty","Alcala, Jorge",2020,R,2,0.5965801138256196
"Buttrey, Ty","Ynoa, Huascar",2020,R,3,0.6519136337700148
"Buttrey, Ty","Keller, Brad",2020,R,4,0.8303282700057729
"Buttrey, Ty","Jones, Nate",2020,R,5,0.8768617424742389
"Buttrey, Ty","Bielak, Brandon",2020,R,6,0.9389405112394593
"Buttrey, Ty","Kinley, Tyler",2020,R,7,0.9737138534392165
"Buttrey, Ty","Cobb, Alex",2020,R,8,0.9817099460752013
"Buttrey, Ty","Johnson, Pierce",2020,R,9,1.0602532444820743
"Buttrey, Ty","Márquez, Germán",2020,R,10,1.071150442684556
"Báez, Pedro","Karinchak, James",2020,R,1,0.5961945421518915
"Báez, Pedro","Gonsolin, Tony",2020,R,2,0.5981930396087362
"Báez, Pedro","Ynoa, Huascar",2020,R,3,0.6079634233096048
"Báez, Pedro","Keller, Brad",2020,R,4,0.6120708370097019
"Báez, Pedro","Cease, Dylan",2020,R,5,0.6765364066585292
"Báez, Pedro","Dolis, Rafael",2020,R,6,0.6828799357236778
"Báez, Pedro","Keller, Mitch",2020,R,7,0.7088023287479722
"Báez, Pedro","Ponce de Leon, Daniel",2020,R,8,0.7443714218718378
"Báez, Pedro","Foster, Matt",2020,R,9,0.8154636087345781
"Báez, Pedro","Farmer, Buck",2020,R,10,0.8328984654478364
"Cahill, Trevor","Greinke, Zack",2020,R,1,0.6884086234116525
"Cahill, Trevor","Lindblom, Josh",2020,R,2,0.713381206995522
"Cahill, Trevor","Hoyt, James",2020,R,3,0.7468549923908127
"Cahill, Trevor","Roark, Tanner",2020,R,4,0.7485975471292402
"Cahill, Trevor","Lail, Brady",2020,R,5,0.749104262613493
"Cahill, Trevor","Kremer, Dean",2020,R,6,0.7655233923313349
"Cahill, Trevor","Hirano, Yoshihisa",2020,R,7,0.8323311289902653
"Cahill, Trevor","Bedrosian, Cam",2020,R,8,0.8581837339842289
"Cahill, Trevor","Junis, Jakob",2020,R,9,0.8905460407169553
"Cahill, Trevor","Clippard, Tyler",2020,R,10,0.8962648581746414
"Canning, Griffin","Johnson, Pierce",2020,R,1,0.3247051995131188
"Canning, Griffin","González, Chi Chi",2020,R,2,0.41838361405662006
"Canning, Griffin","Mayers, Mike",2020,R,3,0.43622703284298
"Canning, Griffin","Bielak, Brandon",2020,R,4,0.5251798206321195
"Canning, Griffin","Cobb, Alex",2020,R,5,0.5412352848987004
"Canning, Griffin","Boxberger, Brad",2020,R,6,0.6057322031623894
"Canning, Griffin","Farmer, Buck",2020,R,7,0.6406932055587953
"Canning, Griffin","Foster, Matt",2020,R,8,0.6419481417060926
"Canning, Griffin","Lorenzen, Michael",2020,R,9,0.6763114543175637
"Canning, Griffin","Castillo, Diego",2020,R,10,0.7165790857332364
"Carrasco, Carlos","Bieber, Shane",2020,R,1,0.22858036813646337
"Carrasco, Carlos","Fedde, Erick",2020,R,2,0.2585537154570845
"Carrasco, Carlos","Adam, Jason",2020,R,3,0.32972556056041386
"Carrasco, Carlos","Gray, Jon",2020,R,4,0.3328854836068656
"Carrasco, Carlos","Almonte, Yency",2020,R,5,0.3381357071694909
"Carrasco, Carlos","Jeffress, Jeremy",2020,R,6,0.34177083487590365
"Carrasco, Carlos","Kintzler, Brandon",2020,R,7,0.37661676884101064
"Carrasco, Carlos","Singer, Brady",2020,R,8,0.4162290447267131
"Carrasco, Carlos","Smith, Riley",2020,R,9,0.4369754765119967
"Carrasco, Carlos","Tepera, Ryan",2020,R,10,0.4434172140681295
"Castellani, Ryan","McCullers Jr., Lance",2020,R,1,0.3067836157350766
"Castellani, Ryan","Webb, Jacob",2020,R,2,0.3442470512154303
"Castellani, Ryan","Tanaka, Masahiro",2020,R,3,0.35132570721614387
"Castellani, Ryan","Javier, Cristian",2020,R,4,0.4590388849142623
"Castellani, Ryan","Chavez, Jesse",2020,R,5,0.5398067774957406
"Castellani, Ryan","Vincent, Nick",2020,R,6,0.6595116785070997
"Castellani, Ryan","Lugo, Seth",2020,R,7,0.6809523573218264
"Castellani, Ryan","Sadler, Casey",2020,R,8,0.7165883088387194
"Castellani, Ryan","Newsome, Ljay",2020,R,9,0.7306418615930994
"Castellani, Ryan","King, Michael",2020,R,10,0.7525894158928849
"Castellanos, Humberto","Newsome, Ljay",2020,R,1,0.32681667570793216
"Castellanos, Humberto","Dugger, Robert",2020,R,2,0.3953370499427962
"Castellanos, Humberto","Teheran, Julio",2020,R,3,0.6251767638177146
"Castellanos, Humberto","Tanaka, Masahiro",2020,R,4,0.6375669604595674
"Castellanos, Humberto","Crichton, Stefan",2020,R,5,0.787969141698561
"Castellanos, Humberto","Davies, Zach",2020,R,6,0.7880605446401585
"Castellanos, Humberto","Castellani, Ryan",2020,R,7,0.8559523805602841
"Castellanos, Humberto","Yamaguchi, Shun",2020,R,8,0.8920397090128762
"Castellanos, Humberto","Smith, Josh A.",2020,R,9,0.9599498932560364
"Castellanos, Humberto","Webb, Jacob",2020,R,10,1.0853587938045646
"Castillo, Diego","Canning, Griffin",2020,R,1,0.7165790857332364
"Castillo, Diego","Bielak, Brandon",2020,R,2,0.7915708865065614
"Castillo, Diego","Gonsolin, Tony",2020,R,3,0.9227449840331322
"Castillo, Diego","Márquez, Germán",2020,R,4,0.9499447196349464
"Castillo, Diego","Lorenzen, Michael",2020,R,5,1.0091443155080952
"Castillo, Diego","Johnson, Pierce",2020,R,6,1.0133725889214462
"Castillo, Diego","Cobb, Alex",2020,R,7,1.0381616544010062
"Castillo, Diego","González, Chi Chi",2020,R,8,1.0414579093751775
"Castillo, Diego","Kinley, Tyler",2020,R,9,1.0550101564459062
"Castillo, Diego","Ynoa, Huascar",2020,R,10,1.0940893109119665
"Castillo, Luis","Altavilla, Dan",2020,R,1,0.5746627418540129
"Castillo, Luis","García, Rony",2020,R,2,1.2609353647592387
"Castillo, Luis","Garcia, Bryan",2020,R,3,1.4116395990540664
"Castillo, Luis","Phelps, David",2020,R,4,1.4768953163369265
"Castillo, Luis","Gott, Trevor",2020,R,5,1.5399902966010879
"Castillo, Luis","Martinez, Carlos",2020,R,6,1.6024028561044998
"Castillo, Luis","Kelly, Joe",2020,R,7,1.6640401102706703
"Castillo, Luis","Cisnero, José",2020,R,8,1.6863991315203477
"Castillo, Luis","Mayers, Mike",2020,R,9,1.6960596156518033
"Castillo, Luis","Bard, Daniel",2020,R,10,1.6963090106281389
"Castro, Miguel","Kimbrel, Craig",2020,R,1,0.6775273101488426
"Castro, Miguel","May, Dustin",2020,R,2,0.7266528140758868
"Castro, Miguel","Hudson, Daniel",2020,R,3,0.8406176188967273
"Castro, Miguel","Wilson, Bryse",2020,R,4,0.932151034357369
"Castro, Miguel","Widener, Taylor",2020,R,5,1.0117858710768064
"Castro, Miguel","Pagán, Emilio",2020,R,6,1.095183184305049
"Castro, Miguel","Cole, Gerrit",2020,R,7,1.1058320752541964
"Castro, Miguel","Finnegan, Kyle",2020,R,8,1.1106046770522553
"Castro, Miguel","Kennedy, Ian",2020,R,9,1.1287742787522792
"Castro, Miguel","Paredes, Enoli",2020,R,10,1.133722753490489
"Cease, Dylan","Harvey, Matt",2020,R,1,0.32592437712694405
"Cease, Dylan","Perdomo, Luis",2020,R,2,0.3473670590198129
"Cease, Dylan","Clarke, Taylor",2020,R,3,0.34957281164715304
"Cease, Dylan","Foster, Matt",2020,R,4,0.37580823728324647
"Cease, Dylan","Farmer, Buck",2020,R,5,0.4427870914142261
"Cease, Dylan","Keller, Mitch",2020,R,6,0.44745817749044514
"Cease, Dylan","Lamet, Dinelson",2020,R,7,0.45759334061685414
"Cease, Dylan","Keller, Brad",2020,R,8,0.4956379571254879
"Cease, Dylan","Lakins, Travis",2020,R,9,0.4984951587946398
"Cease, Dylan","Gonsolin, Tony",2020,R,10,0.5313100179138368
"Cessa, Luis","Anderson, Chase",2020,R,1,0.30620974508019294
"Cessa, Luis","Porcello, Rick",2020,R,2,0.42903660120408615
"Cessa, Luis","Urquidy, José",2020,R,3,0.4664122964024504
"Cessa, Luis","Newberry, Jake",2020,R,4,0.4766548876789595
"Cessa, Luis","Stashak, Cody",2020,R,5,0.5416392691451476
"Cessa, Luis","Greene, Shane",2020,R,6,0.5506143554716179
"Cessa, Luis","Bedrosian, Cam",2020,R,7,0.5841097828398175
"Cessa, Luis","Covey, Dylan",2020,R,8,0.6382061902369662
"Cessa, Luis","Holland, Greg",2020,R,9,0.6456002075918923
"Cessa, Luis","Junis, Jakob",2020,R,10,0.6475693452598545
"Chatwood, Tyler","Tate, Dillon",2020,R,1,0.4578156430452533
"Chatwood, Tyler","Kelly, Joe",2020,R,2,0.4871922205004256
"Chatwood, Tyler","King, Michael",2020,R,3,0.48769535402155706
"Chatwood, Tyler","Turnbull, Spencer",2020,R,4,0.4881957889648474
"Chatwood, Tyler","Iglesias, Raisel",2020,R,5,0.5179077639113863
"Chatwood, Tyler","Stock, Robert",2020,R,6,0.6338342564137088
"Chatwood, Tyler","Neris, Héctor",2020,R,7,0.6513775856635851
"Chatwood, Tyler","Paredes, Enoli",2020,R,8,0.6763217544976629
"Chatwood, Tyler","Kennedy, Ian",2020,R,9,0.697177824400495
"Chatwood, Tyler","Phillips, Evan",2020,R,10,0.7201048624476901
"Chavez, Jesse","McCullers Jr., Lance",2020,R,1,0.5150226125428902
"Chavez, Jesse","Castellani, Ryan",2020,R,2,0.5398067774957406
"Chavez, Jesse","Webb, Jacob",2020,R,3,0.7011196629674822
"Chavez, Jesse","Javier, Cristian",2020,R,4,0.7427634722136061
"Chavez, Jesse","Kelly, Joe",2020,R,5,0.7629825055633331
"Chavez, Jesse","Tanaka, Masahiro",2020,R,6,0.8102817090718789
"Chavez, Jesse","Lugo, Seth",2020,R,7,0.8172456367200837
"Chavez, Jesse","Chatwood, Tyler",2020,R,8,0.8490942084189848
"Chavez, Jesse","King, Michael",2020,R,9,0.8665813053767186
"Chavez, Jesse","Winkler, Dan",2020,R,10,0.8793034398571847
"Cishek, Steve","Thompson, Ryan",2020,R,1,2.1001494979397557
"Cishek, Steve","Valdez, Phillips",2020,R,2,2.1113094670670667
"Cishek, Steve","O'Day, Darren",2020,R,3,2.293088845174503
"Cishek, Steve","Peralta, Freddy",2020,R,4,2.3357353279040414
"Cishek, Steve","Schreiber, John",2020,R,5,2.3606667917430646
"Cishek, Steve","Nola, Aaron",2020,R,6,2.627021525889979
"Cishek, Steve","Ottavino, Adam",2020,R,7,2.708255266790546
"Cishek, Steve","Grotz, Zac",2020,R,8,2.771497774267392
"Cishek, Steve","Ramírez, Yohan",2020,R,9,3.1145351572787328
"Cishek, Steve","Maton, Phil",2020,R,10,3.1384237659539074
"Cisnero, José","Montero, Rafael",2020,R,1,0.46098006164896416
"Cisnero, José","Paredes, Enoli",2020,R,2,0.5041642877872207
"Cisnero, José","Hernández, Jonathan",2020,R,3,0.6152491662186966
"Cisnero, José","Robles, Hansel",2020,R,4,0.6293500357119236
"Cisnero, José","Bard, Daniel",2020,R,5,0.6682596496608498
"Cisnero, José","Iglesias, Raisel",2020,R,6,0.8202478436308228
"Cisnero, José","Sánchez, Sixto",2020,R,7,0.8247342515704842
"Cisnero, José","Kelly, Joe",2020,R,8,0.8476185101923063
"Cisnero, José","Stock, Robert",2020,R,9,0.8514652220676004
"Cisnero, José","Garcia, Bryan",2020,R,10,0.8753200952361883
"Clarke, Taylor","Harvey, Matt",2020,R,1,0.15468687275190046
"Clarke, Taylor","Cease, Dylan",2020,R,2,0.34957281164715304
"Clarke, Taylor","Sneed, Cy",2020,R,3,0.37960132391713347
"Clarke, Taylor","Keller, Mitch",2020,R,4,0.4285536521360472
"Clarke, Taylor","Cody, Kyle",2020,R,5,0.4757861268060896
"Clarke, Taylor","Colomé, Alex",2020,R,6,0.48340578951973845
"Clarke, Taylor","Perdomo, Luis",2020,R,7,0.523900765823911
"Clarke, Taylor","Pressly, Ryan",2020,R,8,0.5255786389573163
"Clarke, Taylor","Alzolay, Adbert",2020,R,9,0.5611797874260698
"Clarke, Taylor","Lakins, Travis",2020,R,10,0.5712667446600038
"Clevinger, Mike","Soria, Joakim",2020,R,1,0.5675179188883367
"Clevinger, Mike","Williams, Trevor",2020,R,2,0.5701295380600303
"Clevinger, Mike","Wojciechowski, Asher",2020,R,3,0.5982662439138722
"Clevinger, Mike","Hale, David",2020,R,4,0.6343221237915615
"Clevinger, Mike","Jeffress, Jeremy",2020,R,5,0.6448063543381072
"Clevinger, Mike","Cole, A.J.",2020,R,6,0.6489039463567148
"Clevinger, Mike","Darvish, Yu",2020,R,7,0.6572444711150208
"Clevinger, Mike","Almonte, Yency",2020,R,8,0.6661653074578696
"Clevinger, Mike","Mengden, Daniel",2020,R,9,0.6891610170718129
"Clevinger, Mike","Stratton, Chris",2020,R,10,0.7195462340923422
"Clippard, Tyler","Wisler, Matt",2020,R,1,0.4186461331388425
"Clippard, Tyler","Lindblom, Josh",2020,R,2,0.6402417531032742
"Clippard, Tyler","Hendricks, Kyle",2020,R,3,0.6559320871630305
"Clippard, Tyler","Hoyt, James",2020,R,4,0.7311179440674853
"Clippard, Tyler","Greinke, Zack",2020,R,5,0.7368867583140646
"Clippard, Tyler","Yamamoto, Jordan",2020,R,6,0.8431230265241035
"Clippard, Tyler","Cahill, Trevor",2020,R,7,0.8962648581746414
"Clippard, Tyler","Bundy, Dylan",2020,R,8,0.9510385164866609
"Clippard, Tyler","Eshelman, Thomas",2020,R,9,0.95989391367234
"Clippard, Tyler","Roark, Tanner",2020,R,10,1.0280295296657487
"Cobb, Alex","Newberry, Jake",2020,R,1,0.40050956795131043
"Cobb, Alex","Bielak, Brandon",2020,R,2,0.4355694406944836
"Cobb, Alex","Johnson, Pierce",2020,R,3,0.5024118852523818
"Cobb, Alex","Canning, Griffin",2020,R,4,0.5412352848987004
"Cobb, Alex","González, Chi Chi",2020,R,5,0.5649734207468583
"Cobb, Alex","Greene, Shane",2020,R,6,0.5718495702596632
"Cobb, Alex","Covey, Dylan",2020,R,7,0.5865389562730512
"Cobb, Alex","Ynoa, Huascar",2020,R,8,0.6487999209558448
"Cobb, Alex","Foster, Matt",2020,R,9,0.6517187896765788
"Cobb, Alex","Barria, Jaime",2020,R,10,0.6564922627230763
"Cody, Kyle","Keller, Mitch",2020,R,1,0.3649037865818247
"Cody, Kyle","Brewer, Colten",2020,R,2,0.3655378584954831
"Cody, Kyle","Ponce de Leon, Daniel",2020,R,3,0.3780811360966856
"Cody, Kyle","Sneed, Cy",2020,R,4,0.4546538237276325
"Cody, Kyle","Walker, Taijuan",2020,R,5,0.4559097575592991
"Cody, Kyle","Clarke, Taylor",2020,R,6,0.4757861268060896
"Cody, Kyle","Colomé, Alex",2020,R,7,0.5826933738034175
"Cody, Kyle","Harvey, Matt",2020,R,8,0.6145714220995384
"Cody, Kyle","Hunter, Tommy",2020,R,9,0.6284707428489893
"Cody, Kyle","Cease, Dylan",2020,R,10,0.6768040530626901
"Cole, A.J.","Dunning, Dane",2020,R,1,0.24237008179708683
"Cole, A.J.","Dunn, Justin",2020,R,2,0.2989227861795905
"Cole, A.J.","Darvish, Yu",2020,R,3,0.311634618812206
"Cole, A.J.","Bassitt, Chris",2020,R,4,0.36308030284519033
"Cole, A.J.","Bauer, Trevor",2020,R,5,0.3683724346574519
"Cole, A.J.","Gray, Sonny",2020,R,6,0.38195911761407986
"Cole, A.J.","Jeffress, Jeremy",2020,R,7,0.4961386199277399
"Cole, A.J.","Hale, David",2020,R,8,0.5141417920989652
"Cole, A.J.","Betances, Dellin",2020,R,9,0.5163380401824775
"Cole, A.J.","Soria, Joakim",2020,R,10,0.5305094269066251
"Cole, Gerrit","Funkhouser, Kyle",2020,R,1,0.2664168966006789
"Cole, Gerrit","Pagán, Emilio",2020,R,2,0.3170143801146714
"Cole, Gerrit","Finnegan, Kyle",2020,R,3,0.3544116738549238
"Cole, Gerrit","Graveman, Kendall",2020,R,4,0.37686542174890936
"Cole, Gerrit","Rondón, Héctor",2020,R,5,0.37917924215928117
"Cole, Gerrit","Eovaldi, Nathan",2020,R,6,0.39925960286313616
"Cole, Gerrit","Stock, Robert",2020,R,7,0.414111413815892
"Cole, Gerrit","James, Josh",2020,R,8,0.435064371926272
"Cole, Gerrit","Barnes, Jacob",2020,R,9,0.4755485495353191
"Cole, Gerrit","Mahle, Tyler",2020,R,10,0.550799789119747
"Colomé, Alex","Anderson, Nick",2020,R,1,0.31874068363661373
"Colomé, Alex","Gsellman, Robert",2020,R,2,0.47134490564958265
"Colomé, Alex","Guerra, Javy",2020,R,3,0.4731212502689856
"Colomé, Alex","Clarke, Taylor",2020,R,4,0.48340578951973845
"Colomé, Alex","Cease, Dylan",2020,R,5,0.5441156580638775
"Colomé, Alex","Stanek, Ryne",2020,R,6,0.5772939914041874
"Colomé, Alex","Cody, Kyle",2020,R,7,0.5826933738034175
"Colomé, Alex","Harvey, Matt",2020,R,8,0.5965317765814756
"Colomé, Alex","Sneed, Cy",2020,R,9,0.6168766878748506
"Colomé, Alex","Keller, Mitch",2020,R,10,0.6469454094079413
"Coonrod, Sam","Estévez, Carlos",2020,R,1,0.4569577676725666
"Coonrod, Sam","Alcantara, Sandy",2020,R,2,0.6726122500397994
"Coonrod, Sam","Rasmussen, Drew",2020,R,3,0.6767447246282116
"Coonrod, Sam","Sánchez, Sixto",2020,R,4,0.6776349371541052
"Coonrod, Sam","Loáisiga, Jonathan",2020,R,5,0.692853788583639
"Coonrod, Sam","Buehler, Walker",2020,R,6,0.7311912551955151
"Coonrod, Sam","Hernández, Jonathan",2020,R,7,0.7835736972453987
"Coonrod, Sam","James, Josh",2020,R,8,0.7935087123095512
"Coonrod, Sam","Rainey, Tanner",2020,R,9,0.8258114501075285
"Coonrod, Sam","Reyes, Alex",2020,R,10,0.8316686180503061
"Cordero, Jimmy","Hendriks, Liam",2020,R,1,0.6306351665383956
"Cordero, Jimmy","Patiño, Luis",2020,R,2,0.842806507572029
"Cordero, Jimmy","Green, Chad",2020,R,3,1.0088395840645525
"Cordero, Jimmy","Ginkel, Kevin",2020,R,4,1.01189745728436
"Cordero, Jimmy","Romano, Jordan",2020,R,5,1.0341344657394138
"Cordero, Jimmy","Wheeler, Zack",2020,R,6,1.192949316883742
"Cordero, Jimmy","Brasier, Ryan",2020,R,7,1.2259362644026575
"Cordero, Jimmy","López, Yoan",2020,R,8,1.2356229793860638
"Cordero, Jimmy","Barnes, Matt",2020,R,9,1.2794885937178226
"Cordero, Jimmy","Heuer, Codi",2020,R,10,1.2875392495467615
"Covey, Dylan","Barria, Jaime",2020,R,1,0.09608947230434249
"Covey, Dylan","Newberry, Jake",2020,R,2,0.2593928051778608
"Covey, Dylan","Bedrosian, Cam",2020,R,3,0.3662005536891107
"Covey, Dylan","Mejía, Humberto",2020,R,4,0.3854493198246183
"Covey, Dylan","Porcello, Rick",2020,R,5,0.402514571335234
"Covey, Dylan","Urquidy, José",2020,R,6,0.42277762297676463
"Covey, Dylan","Nova, Iván",2020,R,7,0.4506543042915545
"Covey, Dylan","Musgrove, Joe",2020,R,8,0.5617469356401613
"Covey, Dylan","Cobb, Alex",2020,R,9,0.5865389562730512
"Covey, Dylan","Cessa, Luis",2020,R,10,0.6382061902369662
"Crichton, Stefan","Yamaguchi, Shun",2020,R,1,0.42382231471341825
"Crichton, Stefan","Vincent, Nick",2020,R,2,0.5904928529870657
"Crichton, Stefan","Dugger, Robert",2020,R,3,0.6210905902715596
"Crichton, Stefan","Houck, Tanner",2020,R,4,0.7162608979629326
"Crichton, Stefan","Castellani, Ryan",2020,R,5,0.7530066646530089
"Crichton, Stefan","Castellanos, Humberto",2020,R,6,0.787969141698561
"Crichton, Stefan","Teheran, Julio",2020,R,7,0.7934388058119632
"Crichton, Stefan","Newsome, Ljay",2020,R,8,0.7981019779848301
"Crichton, Stefan","Woodford, Jake",2020,R,9,0.7986716040437969
"Crichton, Stefan","Tanaka, Masahiro",2020,R,10,0.7987196698601556
"Cueto, Johnny","Andriese, Matt",2020,R,1,0.7679902183797905
"Cueto, Johnny","Dobnak, Randy",2020,R,2,0.7856686804493266
"Cueto, Johnny","Maeda, Kenta",2020,R,3,0.8435827434248067
"Cueto, Johnny","Marshall, Evan",2020,R,4,0.8507775198342724
"Cueto, Johnny","Brach, Brad",2020,R,5,0.868604665415035
"Cueto, Johnny","Tanaka, Masahiro",2020,R,6,0.9426301921131666
"Cueto, Johnny","Javier, Cristian",2020,R,7,0.9571277324150397
"Cueto, Johnny","Sims, Lucas",2020,R,8,0.9651525816937746
"Cueto, Johnny","Zuber, Tyler",2020,R,9,0.994209205336677
"Cueto, Johnny","Martinez, Carlos",2020,R,10,1.008765259170429
"Curtiss, John","Armstrong, Shawn",2020,R,1,0.27060046345654476
"Curtiss, John","Martin, Chris",2020,R,2,0.5064889835702757
"Curtiss, John","Underwood Jr., Duane",2020,R,3,0.5406048511125253
"Curtiss, John","Hudson, Dakota",2020,R,4,0.5590629644026752
"Curtiss, John","Bradley, Archie",2020,R,5,0.5612888143839737
"Curtiss, John","Kilome, Franklyn",2020,R,6,0.564711227239966
"Curtiss, John","Hunter, Tommy",2020,R,7,0.6332107731018405
"Curtiss, John","Howard, Spencer",2020,R,8,0.6818882632500954
"Curtiss, John","Jackson, Luke",2020,R,9,0.740169890107638
"Curtiss, John","Hoffman, Jeff",2020,R,10,0.7464861344156697
"Darvish, Yu","Hale, David",2020,R,1,0.2890522301738293
"Darvish, Yu","Dunn, Justin",2020,R,2,0.29710451561589557
"Darvish, Yu","Cole, A.J.",2020,R,3,0.311634618812206
"Darvish, Yu","Dunning, Dane",2020,R,4,0.3325288756635795
"Darvish, Yu","Soria, Joakim",2020,R,5,0.3401511216341858
"Darvish, Yu","Bauer, Trevor",2020,R,6,0.3779493402302118
"Darvish, Yu","Woodford, Jake",2020,R,7,0.43364063301710204
"Darvish, Yu","Antone, Tejay",2020,R,8,0.4428406714345993
"Darvish, Yu","Voth, Austin",2020,R,9,0.49962571635069586
"Darvish, Yu","Morton, Charlie",2020,R,10,0.5063487022433726
"Davies, Zach","Yamamoto, Jordan",2020,R,1,0.6423463805230408
"Davies, Zach","Smith, Josh A.",2020,R,2,0.6573045024533373
"Davies, Zach","Maeda, Kenta",2020,R,3,0.7039884048383128
"Davies, Zach","Mills, Alec",2020,R,4,0.741946484007051
"Davies, Zach","Goody, Nick",2020,R,5,0.765538523415383
"Davies, Zach","Castellanos, Humberto",2020,R,6,0.7880605446401585
"Davies, Zach","Newsome, Ljay",2020,R,7,0.9018795818121585
"Davies, Zach","Lindblom, Josh",2020,R,8,0.9138287631590474
"Davies, Zach","Yamaguchi, Shun",2020,R,9,0.9429576801322775
"Davies, Zach","Tanaka, Masahiro",2020,R,10,0.9780871839682157
"DeSclafani, Anthony","Hembree, Heath",2020,R,1,0.167203195859858
"DeSclafani, Anthony","Mize, Casey",2020,R,2,0.2993164181915386
"DeSclafani, Anthony","Velasquez, Vince",2020,R,3,0.3478142765052021
"DeSclafani, Anthony","Pagán, Emilio",2020,R,4,0.3969582379841669
"DeSclafani, Anthony","Singer, Brady",2020,R,5,0.4127307905837895
"DeSclafani, Anthony","Adam, Jason",2020,R,6,0.4399828772184435
"DeSclafani, Anthony","Eovaldi, Nathan",2020,R,7,0.4452039380107043
"DeSclafani, Anthony","Mahle, Tyler",2020,R,8,0.4571787739702921
"DeSclafani, Anthony","Carrasco, Carlos",2020,R,9,0.49151172414599276
"DeSclafani, Anthony","Sulser, Cole",2020,R,10,0.5308583111589237
"Dobnak, Randy","Martinez, Carlos",2020,R,1,0.5498636602392519
"Dobnak, Randy","Sims, Lucas",2020,R,2,0.6419420288622713
"Dobnak, Randy","Javier, Cristian",2020,R,3,0.7455820960589941
"Dobnak, Randy","Cueto, Johnny",2020,R,4,0.7856686804493266
"Dobnak, Randy","Zuber, Tyler",2020,R,5,0.8348369070472463
"Dobnak, Randy","McCullers Jr., Lance",2020,R,6,0.835434085333889
"Dobnak, Randy","Tanaka, Masahiro",2020,R,7,0.8881134880677446
"Dobnak, Randy","Castellani, Ryan",2020,R,8,0.9405523518965331
"Dobnak, Randy","Boxberger, Brad",2020,R,9,0.9997160411880156
"Dobnak, Randy","Chavez, Jesse",2020,R,10,1.0049920987847398
"Dolis, Rafael","Báez, Pedro",2020,R,1,0.6828799357236778
"Dolis, Rafael","Karinchak, James",2020,R,2,0.7419120303207066
"Dolis, Rafael","Ponce de Leon, Daniel",2020,R,3,0.7703718063687081
"Dolis, Rafael","Colomé, Alex",2020,R,4,0.772313274290424
"Dolis, Rafael","Anderson, Nick",2020,R,5,0.8493232802396334
"Dolis, Rafael","Guerra, Javy",2020,R,6,0.855218786765461
"Dolis, Rafael","Stanek, Ryne",2020,R,7,0.8634957399598175
"Dolis, Rafael","Keller, Brad",2020,R,8,0.9134553573091114
"Dolis, Rafael","Ynoa, Huascar",2020,R,9,0.91543742328549
"Dolis, Rafael","Keller, Mitch",2020,R,10,0.9417918299004708
"Duffey, Tyler","Shoemaker, Matt",2020,R,1,0.4194602969698307
"Duffey, Tyler","Samardzija, Jeff",2020,R,2,0.4236837234055225
"Duffey, Tyler","Gant, John",2020,R,3,0.4693984312780487
"Duffey, Tyler","Kremer, Dean",2020,R,4,0.5086007596659735
"Duffey, Tyler","Voth, Austin",2020,R,5,0.5587151645127564
"Duffey, Tyler","Lockett, Walker",2020,R,6,0.5871375721704173
"Duffey, Tyler","Plutko, Adam",2020,R,7,0.5942196669611751
"Duffey, Tyler","Hartlieb, Geoff",2020,R,8,0.5964927067738911
"Duffey, Tyler","Wick, Rowan",2020,R,9,0.6304713753539672
"Duffey, Tyler","Rea, Colin",2020,R,10,0.6564386661232218
"Dugger, Robert","Castellanos, Humberto",2020,R,1,0.3953370499427962
"Dugger, Robert","Newsome, Ljay",2020,R,2,0.4499370949167715
"Dugger, Robert","Teheran, Julio",2020,R,3,0.5432638915904732
"Dugger, Robert","Crichton, Stefan",2020,R,4,0.6210905902715596
"Dugger, Robert","Tanaka, Masahiro",2020,R,5,0.7681447535103576
"Dugger, Robert","Castellani, Ryan",2020,R,6,0.8234306089523378
"Dugger, Robert","Yamaguchi, Shun",2020,R,7,0.854628097230126
"Dugger, Robert","Chavez, Jesse",2020,R,8,1.0315277057087564
"Dugger, Robert","McCullers Jr., Lance",2020,R,9,1.0543810399361493
"Dugger, Robert","Hernández, Elieser",2020,R,10,1.0643399401566687
"Dunn, Justin","Bauer, Trevor",2020,R,1,0.28118705698396707
"Dunn, Justin","Darvish, Yu",2020,R,2,0.29710451561589557
"Dunn, Justin","Cole, A.J.",2020,R,3,0.2989227861795905
"Dunn, Justin","Dunning, Dane",2020,R,4,0.3910657297721458
"Dunn, Justin","Woodford, Jake",2020,R,5,0.44965432449076925
"Dunn, Justin","Bassitt, Chris",2020,R,6,0.4583621192062623
"Dunn, Justin","Hale, David",2020,R,7,0.5430017541711675
"Dunn, Justin","Betances, Dellin",2020,R,8,0.5480370671846005
"Dunn, Justin","Gray, Sonny",2020,R,9,0.5531234790797898
"Dunn, Justin","Mengden, Daniel",2020,R,10,0.56129804111413
"Dunning, Dane","Cole, A.J.",2020,R,1,0.24237008179708683
"Dunning, Dane","Betances, Dellin",2020,R,2,0.30513627031182816
"Dunning, Dane","Bassitt, Chris",2020,R,3,0.30555271012739077
"Dunning, Dane","Darvish, Yu",2020,R,4,0.3325288756635795
"Dunning, Dane","Bauer, Trevor",2020,R,5,0.35252339292056467
"Dunning, Dane","Dunn, Justin",2020,R,6,0.3910657297721458
"Dunning, Dane","Rea, Colin",2020,R,7,0.42060612056185764
"Dunning, Dane","Stratton, Chris",2020,R,8,0.44333995254006303
"Dunning, Dane","López, Jorge",2020,R,9,0.4491530058895059
"Dunning, Dane","Smith, Riley",2020,R,10,0.45096583844896526
"Díaz, Edwin","Widener, Taylor",2020,R,1,1.1230159108481188
"Díaz, Edwin","Castro, Miguel",2020,R,2,1.208859068249995
"Díaz, Edwin","deGrom, Jacob",2020,R,3,1.2964604504550414
"Díaz, Edwin","Kimbrel, Craig",2020,R,4,1.451857353199954
"Díaz, Edwin","Wheeler, Zack",2020,R,5,1.4562852576330079
"Díaz, Edwin","Heuer, Codi",2020,R,6,1.48457596186734
"Díaz, Edwin","Ramírez, Yohan",2020,R,7,1.5521266091206534
"Díaz, Edwin","May, Dustin",2020,R,8,1.6038344329301846
"Díaz, Edwin","López, Pablo",2020,R,9,1.7959714601080927
"Díaz, Edwin","Hudson, Daniel",2020,R,10,1.813312699329001
"Díaz, Jairo","Lamet, Dinelson",2020,R,1,0.3873991623360362
"Díaz, Jairo","Gonsolin, Tony",2020,R,2,0.44286940837336675
"Díaz, Jairo","Lorenzen, Michael",2020,R,3,0.49007012575463066
"Díaz, Jairo","Perdomo, Luis",2020,R,4,0.49961531089509686
"Díaz, Jairo","Farmer, Buck",2020,R,5,0.5008441291783032
"Díaz, Jairo","Montas, Frankie",2020,R,6,0.5208804160117606
"Díaz, Jairo","Foster, Matt",2020,R,7,0.5226065327806405
"Díaz, Jairo","Cease, Dylan",2020,R,8,0.5444572242068241
"Díaz, Jairo","Harvey, Matt",2020,R,9,0.6471949177040552
"Díaz, Jairo","Pressly, Ryan",2020,R,10,0.6474503794820572
"Eflin, Zach","Stammen, Craig",2020,R,1,0.38247518762886495
"Eflin, Zach","Mahle, Tyler",2020,R,2,0.4165987878577742
"Eflin, Zach","López, Pablo",2020,R,3,0.4354808262057088
"Eflin, Zach","Kuhl, Chad",2020,R,4,0.4935952321225922
"Eflin, Zach","Rodríguez, Richard",2020,R,5,0.5028151675820206
"Eflin, Zach","Velasquez, Vince",2020,R,6,0.5201278452393813
"Eflin, Zach","Wittgren, Nick",2020,R,7,0.5252346712928836
"Eflin, Zach","Jiménez, Joe",2020,R,8,0.5648706280482013
"Eflin, Zach","Anderson, Shaun",2020,R,9,0.5755035666166031
"Eflin, Zach","Eovaldi, Nathan",2020,R,10,0.6102599741043117
"Elledge, Seth","Floro, Dylan",2020,R,1,0.4295713784042665
"Elledge, Seth","Suero, Wander",2020,R,2,0.4634610796709976
"Elledge, Seth","Gausman, Kevin",2020,R,3,0.48803019504044653
"Elledge, Seth","Scherzer, Max",2020,R,4,0.5116202668225343
"Elledge, Seth","Senzatela, Antonio",2020,R,5,0.5368349793794851
"Elledge, Seth","Wendelken, J.B.",2020,R,6,0.5572755299612946
"Elledge, Seth","King, Michael",2020,R,7,0.617910941195097
"Elledge, Seth","Houck, Tanner",2020,R,8,0.6311429275561448
"Elledge, Seth","Lynn, Lance",2020,R,9,0.6717979241538307
"Elledge, Seth","Voth, Austin",2020,R,10,0.782164467590538
"Eovaldi, Nathan","Jiménez, Joe",2020,R,1,0.25338674392573574
"Eovaldi, Nathan","Mahle, Tyler",2020,R,2,0.3145735307691242
"Eovaldi, Nathan","Sulser, Cole",2020,R,3,0.32835466354200166
"Eovaldi, Nathan","Velasquez, Vince",2020,R,4,0.34052696870572885
"Eovaldi, Nathan","Pagán, Emilio",2020,R,5,0.3771110928514059
"Eovaldi, Nathan","Cole, Gerrit",2020,R,6,0.39925960286313616
"Eovaldi, Nathan","Funkhouser, Kyle",2020,R,7,0.41191789045570104
"Eovaldi, Nathan","Adam, Jason",2020,R,8,0.43246284525208256
"Eovaldi, Nathan","Barnes, Jacob",2020,R,9,0.44376325398713945
"Eovaldi, Nathan","DeSclafani, Anthony",2020,R,10,0.4452039380107043
"Eshelman, Thomas","Yamamoto, Jordan",2020,R,1,0.9281221231712138
"Eshelman, Thomas","Clippard, Tyler",2020,R,2,0.95989391367234
"Eshelman, Thomas","Wainwright, Adam",2020,R,3,1.0248055144546155
"Eshelman, Thomas","Lindblom, Josh",2020,R,4,1.1105856916865595
"Eshelman, Thomas","Sánchez, Aníbal",2020,R,5,1.1231592156210528
"Eshelman, Thomas","Harper, Ryne",2020,R,6,1.2462391103222774
"Eshelman, Thomas","Davies, Zach",2020,R,7,1.2924984865888356
"Eshelman, Thomas","Wisler, Matt",2020,R,8,1.3090653036609312
"Eshelman, Thomas","Smith, Josh A.",2020,R,9,1.424690631983171
"Eshelman, Thomas","Hendricks, Kyle",2020,R,10,1.559238942716057
"Estévez, Carlos","James, Josh",2020,R,1,0.3711476964578209
"Estévez, Carlos","Loáisiga, Jonathan",2020,R,2,0.3885106411176434
"Estévez, Carlos","Coonrod, Sam",2020,R,3,0.4569577676725666
"Estévez, Carlos","Ureña, José",2020,R,4,0.48447995740026073
"Estévez, Carlos","Hernández, Jonathan",2020,R,5,0.5427978092489049
"Estévez, Carlos","Stock, Robert",2020,R,6,0.5597651153431098
"Estévez, Carlos","Nelson, Nick",2020,R,7,0.5616935723299525
"Estévez, Carlos","Graveman, Kendall",2020,R,8,0.5734354956612645
"Estévez, Carlos","Buehler, Walker",2020,R,9,0.5866226553114725
"Estévez, Carlos","Sánchez, Sixto",2020,R,10,0.5929389388819525
"Fairbanks, Pete","Staumont, Josh",2020,R,1,1.0171793275401624
"Fairbanks, Pete","Font, Wilmer",2020,R,2,1.0219727601415054
"Fairbanks, Pete","Quantrill, Cal",2020,R,3,1.2846572894809025
"Fairbanks, Pete","Barnes, Matt",2020,R,4,1.4230229453031027
"Fairbanks, Pete","Cordero, Jimmy",2020,R,5,1.5103112102162992
"Fairbanks, Pete","Hendriks, Liam",2020,R,6,1.519931005731799
"Fairbanks, Pete","Green, Chad",2020,R,7,1.5508336190822685
"Fairbanks, Pete","Neverauskas, Dovydas",2020,R,8,1.5679483878121856
"Fairbanks, Pete","López, Yoan",2020,R,9,1.5979910989611397
"Fairbanks, Pete","Ginkel, Kevin",2020,R,10,1.599375000353961
"Familia, Jeurys","Jones, Nate",2020,R,1,0.6184281193983204
"Familia, Jeurys","Montas, Frankie",2020,R,2,0.7361081928291912
"Familia, Jeurys","Treinen, Blake",2020,R,3,0.8047027037660746
"Familia, Jeurys","Alcala, Jorge",2020,R,4,0.9298335885252682
"Familia, Jeurys","Graterol, Brusdar",2020,R,5,0.9599196282427966
"Familia, Jeurys","Lamet, Dinelson",2020,R,6,1.021152776372367
"Familia, Jeurys","Stanek, Ryne",2020,R,7,1.0298103125095615
"Familia, Jeurys","Alcantara, Sandy",2020,R,8,1.0648776355608816
"Familia, Jeurys","Guerra, Javy",2020,R,9,1.0753260987030535
"Familia, Jeurys","Lorenzen, Michael",2020,R,10,1.1008853350284307
"Farmer, Buck","Foster, Matt",2020,R,1,0.13563223869954286
"Farmer, Buck","Perdomo, Luis",2020,R,2,0.3083613987085777
"Farmer, Buck","González, Chi Chi",2020,R,3,0.3237094415323091
"Farmer, Buck","Lakins, Travis",2020,R,4,0.32443631662170014
"Farmer, Buck","Gonsolin, Tony",2020,R,5,0.3774032361269311
"Farmer, Buck","Cease, Dylan",2020,R,6,0.4427870914142261
"Farmer, Buck","Díaz, Jairo",2020,R,7,0.5008441291783032
"Farmer, Buck","Harvey, Matt",2020,R,8,0.5277189421035137
"Farmer, Buck","Johnson, Pierce",2020,R,9,0.5963455342862721
"Farmer, Buck","Brubaker, JT",2020,R,10,0.6402955626727902
"Fedde, Erick","Almonte, Yency",2020,R,1,0.25282785086383835
"Fedde, Erick","Kintzler, Brandon",2020,R,2,0.2578525143644965
"Fedde, Erick","Carrasco, Carlos",2020,R,3,0.2585537154570845
"Fedde, Erick","Bieber, Shane",2020,R,4,0.39420959723382554
"Fedde, Erick","Adam, Jason",2020,R,5,0.40564113779807265
"Fedde, Erick","Stratton, Chris",2020,R,6,0.4119335771256971
"Fedde, Erick","Guerra, Junior",2020,R,7,0.4207151787241444
"Fedde, Erick","Sulser, Cole",2020,R,8,0.43471265261263475
"Fedde, Erick","Jeffress, Jeremy",2020,R,9,0.4591270816179903
"Fedde, Erick","Velasquez, Vince",2020,R,10,0.4792696496428766
"Fiers, Mike","Tropeano, Nick",2020,R,1,0.45776924796569707
"Fiers, Mike","Godley, Zack",2020,R,2,0.5788280772442748
"Fiers, Mike","Tomlin, Josh",2020,R,3,0.7211669927947424
"Fiers, Mike","Bundy, Dylan",2020,R,4,0.8901605126854143
"Fiers, Mike","Anderson, Chase",2020,R,5,0.9416307910721966
"Fiers, Mike","Hendricks, Kyle",2020,R,6,1.0343304092577916
"Fiers, Mike","Bacus, Dakota",2020,R,7,1.0615196943115466
"Fiers, Mike","Greinke, Zack",2020,R,8,1.0680193591896918
"Fiers, Mike","Wisler, Matt",2020,R,9,1.1467050525191838
"Fiers, Mike","Junis, Jakob",2020,R,10,1.172066423018167
"Finnegan, Kyle","Barnes, Jacob",2020,R,1,0.3181080337909288
"Finnegan, Kyle","Cole, Gerrit",2020,R,2,0.3544116738549238
"Finnegan, Kyle","Funkhouser, Kyle",2020,R,3,0.43051333721115365
"Finnegan, Kyle","Loáisiga, Jonathan",2020,R,4,0.4686152101982943
"Finnegan, Kyle","James, Josh",2020,R,5,0.5375960345852053
"Finnegan, Kyle","Eovaldi, Nathan",2020,R,6,0.5491299854569645
"Finnegan, Kyle","Pagán, Emilio",2020,R,7,0.576416276128675
"Finnegan, Kyle","Graveman, Kendall",2020,R,8,0.5971473853966167
"Finnegan, Kyle","Woodruff, Brandon",2020,R,9,0.5996956937806964
"Finnegan, Kyle","Hudson, Daniel",2020,R,10,0.6069799019385002
"Flaherty, Jack","Webb, Logan",2020,R,1,0.43940252193346996
"Flaherty, Jack","Soria, Joakim",2020,R,2,0.5069143855229187
"Flaherty, Jack","Hale, David",2020,R,3,0.5107901843301939
"Flaherty, Jack","Kuhl, Chad",2020,R,4,0.5229154626469976
"Flaherty, Jack","Hughes, Jared",2020,R,5,0.54095433884283
"Flaherty, Jack","Stammen, Craig",2020,R,6,0.5461772459626523
"Flaherty, Jack","Morton, Charlie",2020,R,7,0.6022479454182206
"Flaherty, Jack","Mazza, Chris",2020,R,8,0.6176776981014344
"Flaherty, Jack","Almonte, Yency",2020,R,9,0.6700850610266623
"Flaherty, Jack","Singer, Brady",2020,R,10,0.6764619433539368
"Floro, Dylan","Suero, Wander",2020,R,1,0.32451587617607475
"Floro, Dylan","Elledge, Seth",2020,R,2,0.4295713784042665
"Floro, Dylan","Gausman, Kevin",2020,R,3,0.4338746707527891
"Floro, Dylan","Senzatela, Antonio",2020,R,4,0.49856069031504757
"Floro, Dylan","Martin, Chris",2020,R,5,0.5720164667028673
"Floro, Dylan","Wendelken, J.B.",2020,R,6,0.6034216687689203
"Floro, Dylan","Lynn, Lance",2020,R,7,0.7550847493767426
"Floro, Dylan","Arrieta, Jake",2020,R,8,0.7811700706485963
"Floro, Dylan","Phillips, Evan",2020,R,9,0.782503477768803
"Floro, Dylan","Peña, Félix",2020,R,10,0.8044316469337399
"Font, Wilmer","Barnes, Matt",2020,R,1,0.5003832304333911
"Font, Wilmer","Quantrill, Cal",2020,R,2,0.5468019307742512
"Font, Wilmer","Wacha, Michael",2020,R,3,0.6976686926126353
"Font, Wilmer","Neverauskas, Dovydas",2020,R,4,0.6997491330856757
"Font, Wilmer","López, Yoan",2020,R,5,0.8510616267719192
"Font, Wilmer","Fulmer, Michael",2020,R,6,0.8792813240757541
"Font, Wilmer","Ginkel, Kevin",2020,R,7,0.8832220196923256
"Font, Wilmer","Hudson, Dakota",2020,R,8,0.8885495898484089
"Font, Wilmer","Weems, Jordan",2020,R,9,0.9146589753015578
"Font, Wilmer","Curtiss, John",2020,R,10,0.9147270916824886
"Foster, Matt","Farmer, Buck",2020,R,1,0.13563223869954286
"Foster, Matt","Perdomo, Luis",2020,R,2,0.2489934989958767
"Foster, Matt","González, Chi Chi",2020,R,3,0.30772631269942935
"Foster, Matt","Lakins, Travis",2020,R,4,0.3180481711349653
"Foster, Matt","Cease, Dylan",2020,R,5,0.37580823728324647
"Foster, Matt","Gonsolin, Tony",2020,R,6,0.4120188621306433
"Foster, Matt","Harvey, Matt",2020,R,7,0.5203608653220408
"Foster, Matt","Díaz, Jairo",2020,R,8,0.5226065327806405
"Foster, Matt","Keller, Brad",2020,R,9,0.5465774963255399
"Foster, Matt","Brubaker, JT",2020,R,10,0.552762825876522
"Fulmer, Michael","Houser, Adrian",2020,R,1,0.26428737877405345
"Fulmer, Michael","Hudson, Dakota",2020,R,2,0.3986152487146863
"Fulmer, Michael","Merryweather, Julian",2020,R,3,0.41719940554190205
"Fulmer, Michael","Gibaut, Ian",2020,R,4,0.4224122917876105
"Fulmer, Michael","Guerra, Junior",2020,R,5,0.4670232519533899
"Fulmer, Michael","Bradley, Archie",2020,R,6,0.4897916987453446
"Fulmer, Michael","Kintzler, Brandon",2020,R,7,0.5234094734172086
"Fulmer, Michael","Weems, Jordan",2020,R,8,0.5436176841578759
"Fulmer, Michael","Hunter, Tommy",2020,R,9,0.5505598273556704
"Fulmer, Michael","Gsellman, Robert",2020,R,10,0.5559967605365486
"Funkhouser, Kyle","Cole, Gerrit",2020,R,1,0.2664168966006789
"Funkhouser, Kyle","Pagán, Emilio",2020,R,2,0.2897348411054069
"Funkhouser, Kyle","Eovaldi, Nathan",2020,R,3,0.41191789045570104
"Funkhouser, Kyle","Rondón, Héctor",2020,R,4,0.4124049438179014
"Funkhouser, Kyle","Finnegan, Kyle",2020,R,5,0.43051333721115365
"Funkhouser, Kyle","Graveman, Kendall",2020,R,6,0.4346696831345742
"Funkhouser, Kyle","Barnes, Jacob",2020,R,7,0.4452949305815813
"Funkhouser, Kyle","Woodruff, Brandon",2020,R,8,0.5131972660582966
"Funkhouser, Kyle","Sulser, Cole",2020,R,9,0.5520197743683333
"Funkhouser, Kyle","Hembree, Heath",2020,R,10,0.5799628628865479
"Gallegos, Giovanny","Ynoa, Huascar",2020,R,1,0.49938466458242353
"Gallegos, Giovanny","Buttrey, Ty",2020,R,2,0.5374658267359241
"Gallegos, Giovanny","Keller, Brad",2020,R,3,0.6016437176704729
"Gallegos, Giovanny","Cobb, Alex",2020,R,4,0.6929069737883623
"Gallegos, Giovanny","Bielak, Brandon",2020,R,5,0.7707971249960466
"Gallegos, Giovanny","Mejía, Humberto",2020,R,6,0.8014081420165445
"Gallegos, Giovanny","Newberry, Jake",2020,R,7,0.8318888289610901
"Gallegos, Giovanny","Covey, Dylan",2020,R,8,0.8800110285796827
"Gallegos, Giovanny","Barria, Jaime",2020,R,9,0.9257220327946863
"Gallegos, Giovanny","Walker, Taijuan",2020,R,10,0.9933348532500612
"Gallen, Zac","Kuhl, Chad",2020,R,1,0.6098844322016544
"Gallen, Zac","Samardzija, Jeff",2020,R,2,0.6532776259565053
"Gallen, Zac","Soria, Joakim",2020,R,3,0.6604675113834386
"Gallen, Zac","Hale, David",2020,R,4,0.6625427324188246
"Gallen, Zac","Antone, Tejay",2020,R,5,0.6637795833949535
"Gallen, Zac","Howard, Spencer",2020,R,6,0.6653871688253871
"Gallen, Zac","Stammen, Craig",2020,R,7,0.6683631318868539
"Gallen, Zac","Voth, Austin",2020,R,8,0.6704546048760592
"Gallen, Zac","Rea, Colin",2020,R,9,0.6835521503779741
"Gallen, Zac","Stratton, Chris",2020,R,10,0.7034546817521199
"Gant, John","Pineda, Michael",2020,R,1,0.41662431262399696
"Gant, John","Hartlieb, Geoff",2020,R,2,0.41716604378107075
"Gant, John","Melancon, Mark",2020,R,3,0.45375995693235205
"Gant, John","Duffey, Tyler",2020,R,4,0.4693984312780487
"Gant, John","Hahn, Jesse",2020,R,5,0.5116404717679656
"Gant, John","Shoemaker, Matt",2020,R,6,0.5286460609046084
"Gant, John","Wick, Rowan",2020,R,7,0.5379284577863952
"Gant, John","Lockett, Walker",2020,R,8,0.5404967664942599
"Gant, John","Kremer, Dean",2020,R,9,0.5808381112964061
"Gant, John","Plutko, Adam",2020,R,10,0.6005727867846611
"Garcia, Bryan","Richards, Garrett",2020,R,1,0.6112562429004215
"Garcia, Bryan","Iglesias, Raisel",2020,R,2,0.6161822663257386
"Garcia, Bryan","Bard, Daniel",2020,R,3,0.6606875604911235
"Garcia, Bryan","Kelly, Joe",2020,R,4,0.6664066666908122
"Garcia, Bryan","Sánchez, Sixto",2020,R,5,0.7477356542298613
"Garcia, Bryan","Wendelken, J.B.",2020,R,6,0.8085213529662318
"Garcia, Bryan","Gott, Trevor",2020,R,7,0.8182830956692998
"Garcia, Bryan","Chatwood, Tyler",2020,R,8,0.838754377117085
"Garcia, Bryan","García, Rony",2020,R,9,0.8487152103526119
"Garcia, Bryan","Cisnero, José",2020,R,10,0.8753200952361883
"Garcia, Luis","Betances, Dellin",2020,R,1,0.41229302037378524
"Garcia, Luis","Neris, Héctor",2020,R,2,0.4145785444638338
"Garcia, Luis","Alzolay, Adbert",2020,R,3,0.4184730682530889
"Garcia, Luis","Smith, Riley",2020,R,4,0.46977755455065645
"Garcia, Luis","López, Jorge",2020,R,5,0.4987208539201516
"Garcia, Luis","Lockett, Walker",2020,R,6,0.5051548692960118
"Garcia, Luis","López, Reynaldo",2020,R,7,0.5225427617757797
"Garcia, Luis","Odorizzi, Jake",2020,R,8,0.5496525369203917
"Garcia, Luis","Wright, Kyle",2020,R,9,0.5529728698097592
"Garcia, Luis","Kelly, Merrill",2020,R,10,0.5768172743589969
"García, Deivi","Hernández, Elieser",2020,R,1,0.332461249510545
"García, Deivi","Morton, Charlie",2020,R,2,0.47601146640020675
"García, Deivi","Bauer, Trevor",2020,R,3,0.5872491245197926
"García, Deivi","Mengden, Daniel",2020,R,4,0.5893154586217496
"García, Deivi","Webb, Logan",2020,R,5,0.6296308962156232
"García, Deivi","Hale, David",2020,R,6,0.6353381124044378
"García, Deivi","Dunn, Justin",2020,R,7,0.636271333181444
"García, Deivi","Darvish, Yu",2020,R,8,0.662782701496194
"García, Deivi","Woodford, Jake",2020,R,9,0.6852639923349093
"García, Deivi","Soria, Joakim",2020,R,10,0.6939446567438179
"García, Rony","Gott, Trevor",2020,R,1,0.5136556625903167
"García, Rony","García, Yimi",2020,R,2,0.5172018846089003
"García, Rony","Garcia, Bryan",2020,R,3,0.8487152103526119
"García, Rony","Kelly, Joe",2020,R,4,0.9024356771944834
"García, Rony","Zuber, Tyler",2020,R,5,0.956779984917871
"García, Rony","Iglesias, Raisel",2020,R,6,1.1621015522331148
"García, Rony","Bard, Daniel",2020,R,7,1.1645760079832415
"García, Rony","Dobnak, Randy",2020,R,8,1.165953970542029
"García, Rony","McCullers Jr., Lance",2020,R,9,1.2156132631614256
"García, Rony","Chavez, Jesse",2020,R,10,1.2158251127936455
"García, Yimi","Gott, Trevor",2020,R,1,0.43873896676143065
"García, Yimi","García, Rony",2020,R,2,0.5172018846089003
"García, Yimi","Williams, Taylor",2020,R,3,0.8109324680220471
"García, Yimi","Kelly, Joe",2020,R,4,0.8685085793699446
"García, Yimi","Zuber, Tyler",2020,R,5,0.9242227383071855
"García, Yimi","Chavez, Jesse",2020,R,6,0.9541986132136017
"García, Yimi","Garcia, Bryan",2020,R,7,0.9954623677784459
"García, Yimi","Gerber, Joey",2020,R,8,1.0073180349021058
"García, Yimi","Chatwood, Tyler",2020,R,9,1.0443258953494554
"García, Yimi","King, Michael",2020,R,10,1.0727104996825327
"Gausman, Kevin","Suero, Wander",2020,R,1,0.4202386250407248
"Gausman, Kevin","Floro, Dylan",2020,R,2,0.4338746707527891
"Gausman, Kevin","Elledge, Seth",2020,R,3,0.48803019504044653
"Gausman, Kevin","Senzatela, Antonio",2020,R,4,0.5141590779362414
"Gausman, Kevin","Rea, Colin",2020,R,5,0.5314108569439333
"Gausman, Kevin","Tepera, Ryan",2020,R,6,0.5519731862876264
"Gausman, Kevin","Martin, Chris",2020,R,7,0.5561356697116507
"Gausman, Kevin","López, Jorge",2020,R,8,0.5930574571021978
"Gausman, Kevin","Gray, Jon",2020,R,9,0.603420886641127
"Gausman, Kevin","Hartlieb, Geoff",2020,R,10,0.6132065159852714
"Gerber, Joey","Givens, Mychal",2020,R,1,0.6857800295338912
"Gerber, Joey","Williams, Taylor",2020,R,2,0.7466868898096002
"Gerber, Joey","Kennedy, Ian",2020,R,3,0.7513518106158051
"Gerber, Joey","Winkler, Dan",2020,R,4,0.8829965774620518
"Gerber, Joey","Wilson, Bryse",2020,R,5,0.8900155761034994
"Gerber, Joey","Berríos, José",2020,R,6,0.9016318610292702
"Gerber, Joey","Scherzer, Max",2020,R,7,0.9800342066166973
"Gerber, Joey","García, Yimi",2020,R,8,1.0073180349021058
"Gerber, Joey","Hughes, Jared",2020,R,9,1.0405918894612871
"Gerber, Joey","Kimbrel, Craig",2020,R,10,1.0745652587316135
"Gibaut, Ian","Trivino III, Lou",2020,R,1,0.40052780408615907
"Gibaut, Ian","Fulmer, Michael",2020,R,2,0.4224122917876105
"Gibaut, Ian","Burnes, Corbin",2020,R,3,0.44676058798981216
"Gibaut, Ian","Bass, Anthony",2020,R,4,0.4478400803360016
"Gibaut, Ian","Gsellman, Robert",2020,R,5,0.5239164613188668
"Gibaut, Ian","Houser, Adrian",2020,R,6,0.5613307187730227
"Gibaut, Ian","Merryweather, Julian",2020,R,7,0.5770312589262385
"Gibaut, Ian","Weems, Jordan",2020,R,8,0.6445019174333688
"Gibaut, Ian","Guerra, Junior",2020,R,9,0.6555488063687736
"Gibaut, Ian","Anderson, Nick",2020,R,10,0.6744054264351125
"Gibson, Kyle","Pivetta, Nick",2020,R,1,0.12851919689065536
"Gibson, Kyle","Giolito, Lucas",2020,R,2,0.40876628139623233
"Gibson, Kyle","Hill, Cam",2020,R,3,0.4892334668259806
"Gibson, Kyle","Jackson, Luke",2020,R,4,0.5248877680970957
"Gibson, Kyle","Harris, Will",2020,R,5,0.5305890229090074
"Gibson, Kyle","Ponce, Cody",2020,R,6,0.56509419816198
"Gibson, Kyle","Lyles, Jordan",2020,R,7,0.5765332482606791
"Gibson, Kyle","Richards, Trevor",2020,R,8,0.5994450221474841
"Gibson, Kyle","Neverauskas, Dovydas",2020,R,9,0.7234049867704502
"Gibson, Kyle","Howard, Spencer",2020,R,10,0.8020421032385453
"Ginkel, Kevin","Wacha, Michael",2020,R,1,0.624055747888439
"Ginkel, Kevin","Barnes, Matt",2020,R,2,0.6347945375838245
"Ginkel, Kevin","Paddack, Chris",2020,R,3,0.6667143892370407
"Ginkel, Kevin","McKenzie, Triston",2020,R,4,0.7790238934706097
"Ginkel, Kevin","Slegers, Aaron",2020,R,5,0.7845133233543786
"Ginkel, Kevin","Jansen, Kenley",2020,R,6,0.8177411872991743
"Ginkel, Kevin","López, Yoan",2020,R,7,0.8380517361281247
"Ginkel, Kevin","Font, Wilmer",2020,R,8,0.8832220196923256
"Ginkel, Kevin","Neverauskas, Dovydas",2020,R,9,0.9057182985321711
"Ginkel, Kevin","Jackson, Luke",2020,R,10,0.9629493768171592
"Giolito, Lucas","Pivetta, Nick",2020,R,1,0.3853714558875777
"Giolito, Lucas","Harris, Will",2020,R,2,0.3869916924477766
"Giolito, Lucas","Gibson, Kyle",2020,R,3,0.40876628139623233
"Giolito, Lucas","Waguespack, Jacob",2020,R,4,0.5171152077104383
"Giolito, Lucas","Ponce, Cody",2020,R,5,0.5260606214182479
"Giolito, Lucas","Neverauskas, Dovydas",2020,R,6,0.5796805043808771
"Giolito, Lucas","Jackson, Luke",2020,R,7,0.6645887679008812
"Giolito, Lucas","Richards, Trevor",2020,R,8,0.6805151742074474
"Giolito, Lucas","Lyles, Jordan",2020,R,9,0.7314997606824637
"Giolito, Lucas","McKenzie, Triston",2020,R,10,0.7602127561174955
"Givens, Mychal","Williams, Taylor",2020,R,1,0.5845229984471764
"Givens, Mychal","Gerber, Joey",2020,R,2,0.6857800295338912
"Givens, Mychal","Kimbrel, Craig",2020,R,3,0.8266538573252667
"Givens, Mychal","García, Yimi",2020,R,4,1.2139155516375217
"Givens, Mychal","Kennedy, Ian",2020,R,5,1.3010601280771692
"Givens, Mychal","Grotz, Zac",2020,R,6,1.3152887404297482
"Givens, Mychal","Gott, Trevor",2020,R,7,1.3310395205511143
"Givens, Mychal","Castro, Miguel",2020,R,8,1.353381367612069
"Givens, Mychal","Winkler, Dan",2020,R,9,1.3691850814836644
"Givens, Mychal","Wilson, Bryse",2020,R,10,1.3896340069101423
"Glasnow, Tyler","Romano, Jordan",2020,R,1,0.5591782691812752
"Glasnow, Tyler","Jansen, Kenley",2020,R,2,0.648281933682562
"Glasnow, Tyler","Anderson, Ian",2020,R,3,1.0902380705396493
"Glasnow, Tyler","Oviedo, Johan",2020,R,4,1.131822118461726
"Glasnow, Tyler","Patiño, Luis",2020,R,5,1.196312026039976
"Glasnow, Tyler","Heuer, Codi",2020,R,6,1.2000850559226943
"Glasnow, Tyler","Wheeler, Zack",2020,R,7,1.205730810600564
"Glasnow, Tyler","Hendriks, Liam",2020,R,8,1.2075449574547563
"Glasnow, Tyler","Slegers, Aaron",2020,R,9,1.2685234835496775
"Glasnow, Tyler","Ginkel, Kevin",2020,R,10,1.2699479593802816
"Godley, Zack","Fiers, Mike",2020,R,1,0.5788280772442748
"Godley, Zack","Bacus, Dakota",2020,R,2,0.7013535976704669
"Godley, Zack","Anderson, Chase",2020,R,3,0.8496129552919618
"Godley, Zack","Tropeano, Nick",2020,R,4,0.9259093404937832
"Godley, Zack","Greene, Shane",2020,R,5,1.0055618702972755
"Godley, Zack","Tomlin, Josh",2020,R,6,1.0310523138033754
"Godley, Zack","Cessa, Luis",2020,R,7,1.1007694876343856
"Godley, Zack","Marshall, Evan",2020,R,8,1.2443687614775278
"Godley, Zack","Bundy, Dylan",2020,R,9,1.2566162757413815
"Godley, Zack","Newberry, Jake",2020,R,10,1.2925896780316002
"Gonsolin, Tony","Farmer, Buck",2020,R,1,0.3774032361269311
"Gonsolin, Tony","Foster, Matt",2020,R,2,0.4120188621306433
"Gonsolin, Tony","Díaz, Jairo",2020,R,3,0.44286940837336675
"Gonsolin, Tony","Cease, Dylan",2020,R,4,0.5313100179138368
"Gonsolin, Tony","Perdomo, Luis",2020,R,5,0.5869954785610858
"Gonsolin, Tony","Báez, Pedro",2020,R,6,0.5981930396087362
"Gonsolin, Tony","González, Chi Chi",2020,R,7,0.6123063223806476
"Gonsolin, Tony","Ynoa, Huascar",2020,R,8,0.6374619244849183
"Gonsolin, Tony","Lamet, Dinelson",2020,R,9,0.641998597271913
"Gonsolin, Tony","Keller, Brad",2020,R,10,0.6795410729165604
"González, Chi Chi","Johnson, Pierce",2020,R,1,0.2825667764348093
"González, Chi Chi","Foster, Matt",2020,R,2,0.30772631269942935
"González, Chi Chi","Farmer, Buck",2020,R,3,0.3237094415323091
"González, Chi Chi","Lakins, Travis",2020,R,4,0.3947170657831474
"González, Chi Chi","Perdomo, Luis",2020,R,5,0.4068893424302038
"González, Chi Chi","Canning, Griffin",2020,R,6,0.41838361405662006
"González, Chi Chi","Mayers, Mike",2020,R,7,0.5021571170135798
"González, Chi Chi","Brubaker, JT",2020,R,8,0.5035976111842437
"González, Chi Chi","Lorenzen, Michael",2020,R,9,0.5604883571817229
"González, Chi Chi","Peña, Félix",2020,R,10,0.5630708985934868
"Goody, Nick","Maeda, Kenta",2020,R,1,0.25771123702101656
"Goody, Nick","Sadler, Casey",2020,R,2,0.5908018679187651
"Goody, Nick","Roark, Tanner",2020,R,3,0.6542780232976144
"Goody, Nick","Junis, Jakob",2020,R,4,0.655018208010581
"Goody, Nick","Smith, Josh A.",2020,R,5,0.6675958637985137
"Goody, Nick","Lail, Brady",2020,R,6,0.6923974005072493
"Goody, Nick","Kremer, Dean",2020,R,7,0.6972926415984545
"Goody, Nick","Plutko, Adam",2020,R,8,0.7486643729386222
"Goody, Nick","Davies, Zach",2020,R,9,0.765538523415383
"Goody, Nick","Yamaguchi, Shun",2020,R,10,0.7999832490146859
"Gott, Trevor","García, Yimi",2020,R,1,0.43873896676143065
"Gott, Trevor","García, Rony",2020,R,2,0.5136556625903167
"Gott, Trevor","Garcia, Bryan",2020,R,3,0.8182830956692998
"Gott, Trevor","Bard, Daniel",2020,R,4,0.832331929586017
"Gott, Trevor","Kelly, Joe",2020,R,5,0.9617696929292457
"Gott, Trevor","Williams, Taylor",2020,R,6,1.0479411855424312
"Gott, Trevor","Paredes, Enoli",2020,R,7,1.0790345135136894
"Gott, Trevor","Chatwood, Tyler",2020,R,8,1.139247989399195
"Gott, Trevor","Gerber, Joey",2020,R,9,1.1924761498175371
"Gott, Trevor","Iglesias, Raisel",2020,R,10,1.2066390995995173
"Graterol, Brusdar","Familia, Jeurys",2020,R,1,0.9599196282427966
"Graterol, Brusdar","Treinen, Blake",2020,R,2,0.997476632635497
"Graterol, Brusdar","Alcala, Jorge",2020,R,3,1.472050283323747
"Graterol, Brusdar","Jones, Nate",2020,R,4,1.5578160333722222
"Graterol, Brusdar","Kinley, Tyler",2020,R,5,1.6767474597445857
"Graterol, Brusdar","Montas, Frankie",2020,R,6,1.6767618184159379
"Graterol, Brusdar","Buttrey, Ty",2020,R,7,1.8404118685239474
"Graterol, Brusdar","Márquez, Germán",2020,R,8,1.860918452099874
"Graterol, Brusdar","Stanek, Ryne",2020,R,9,1.9085253831769278
"Graterol, Brusdar","Alcantara, Sandy",2020,R,10,1.9188062347868926
"Graveman, Kendall","Rondón, Héctor",2020,R,1,0.3299960151261635
"Graveman, Kendall","James, Josh",2020,R,2,0.3710528563627044
"Graveman, Kendall","Cole, Gerrit",2020,R,3,0.37686542174890936
"Graveman, Kendall","Stock, Robert",2020,R,4,0.3996352663848411
"Graveman, Kendall","Funkhouser, Kyle",2020,R,5,0.4346696831345742
"Graveman, Kendall","Buehler, Walker",2020,R,6,0.4716447430076789
"Graveman, Kendall","Hernández, Jonathan",2020,R,7,0.5217963057875528
"Graveman, Kendall","Pagán, Emilio",2020,R,8,0.5698254382945218
"Graveman, Kendall","Estévez, Carlos",2020,R,9,0.5734354956612645
"Graveman, Kendall","Finnegan, Kyle",2020,R,10,0.5971473853966167
"Gray, Jon","Smith, Riley",2020,R,1,0.26585891215006535
"Gray, Jon","Tepera, Ryan",2020,R,2,0.27661517521541285
"Gray, Jon","Adam, Jason",2020,R,3,0.28984780098912183
"Gray, Jon","Carrasco, Carlos",2020,R,4,0.3328854836068656
"Gray, Jon","Kelly, Merrill",2020,R,5,0.36842735071137445
"Gray, Jon","López, Jorge",2020,R,6,0.4438382683482959
"Gray, Jon","Betances, Dellin",2020,R,7,0.4499158272867079
"Gray, Jon","Rea, Colin",2020,R,8,0.46148538688259283
"Gray, Jon","Bieber, Shane",2020,R,9,0.4914286073184973
"Gray, Jon","Guerra, Junior",2020,R,10,0.5169958748408935
"Gray, Sonny","Bassitt, Chris",2020,R,1,0.30168520573822877
"Gray, Sonny","Jeffress, Jeremy",2020,R,2,0.3676569888311355
"Gray, Sonny","Cole, A.J.",2020,R,3,0.38195911761407986
"Gray, Sonny","Bauer, Trevor",2020,R,4,0.45686418344273283
"Gray, Sonny","Dunning, Dane",2020,R,5,0.4815500876730209
"Gray, Sonny","Bieber, Shane",2020,R,6,0.48277496795467995
"Gray, Sonny","Zimmer, Kyle",2020,R,7,0.5070829183604559
"Gray, Sonny","Dunn, Justin",2020,R,8,0.5531234790797898
"Gray, Sonny","Kelly, Merrill",2020,R,9,0.5971987381830494
"Gray, Sonny","Betances, Dellin",2020,R,10,0.6166538047977586
"Green, Chad","Weems, Jordan",2020,R,1,0.49815090622200664
"Green, Chad","Barnes, Jacob",2020,R,2,0.5243837471090222
"Green, Chad","Rasmussen, Drew",2020,R,3,0.5357901309180142
"Green, Chad","Middleton, Keynan",2020,R,4,0.5409331688962983
"Green, Chad","Woodruff, Brandon",2020,R,5,0.5555999086871799
"Green, Chad","Finnegan, Kyle",2020,R,6,0.7428720130478356
"Green, Chad","Anderson, Shaun",2020,R,7,0.8013895648439834
"Green, Chad","Rainey, Tanner",2020,R,8,0.8189657318314149
"Green, Chad","Trivino III, Lou",2020,R,9,0.8386576342612663
"Green, Chad","Reyes, Alex",2020,R,10,0.8583555587146845
"Greene, Shane","Marshall, Evan",2020,R,1,0.36103642187771057
"Greene, Shane","Cessa, Luis",2020,R,2,0.5506143554716179
"Greene, Shane","Cobb, Alex",2020,R,3,0.5718495702596632
"Greene, Shane","Anderson, Chase",2020,R,4,0.6118534923595469
"Greene, Shane","Bacus, Dakota",2020,R,5,0.6546742679375511
"Greene, Shane","Newberry, Jake",2020,R,6,0.660040256647279
"Greene, Shane","Andriese, Matt",2020,R,7,0.6657663101718932
"Greene, Shane","Stashak, Cody",2020,R,8,0.6796629087167013
"Greene, Shane","Bielak, Brandon",2020,R,9,0.7097991710856184
"Greene, Shane","Santana, Dennis",2020,R,10,0.7102701868201741
"Greinke, Zack","Hoyt, James",2020,R,1,0.5347638420625384
"Greinke, Zack","Wisler, Matt",2020,R,2,0.5880403231334457
"Greinke, Zack","Cahill, Trevor",2020,R,3,0.6884086234116525
"Greinke, Zack","Hendricks, Kyle",2020,R,4,0.711802791766773
"Greinke, Zack","Clippard, Tyler",2020,R,5,0.7368867583140646
"Greinke, Zack","Roark, Tanner",2020,R,6,0.7681413162390663
"Greinke, Zack","Bundy, Dylan",2020,R,7,0.808117633035073
"Greinke, Zack","Junis, Jakob",2020,R,8,0.862415276999468
"Greinke, Zack","Lail, Brady",2020,R,9,0.9716129679770703
"Greinke, Zack","Scrubb, Andre",2020,R,10,1.0018703359646244
"Grotz, Zac","Nola, Aaron",2020,R,1,0.8463424188120672
"Grotz, Zac","Schreiber, John",2020,R,2,1.0212137765252556
"Grotz, Zac","Hughes, Jared",2020,R,3,1.0717323838787314
"Grotz, Zac","Gerber, Joey",2020,R,4,1.1790213281240884
"Grotz, Zac","Valdez, Phillips",2020,R,5,1.2463483877560058
"Grotz, Zac","Winkler, Dan",2020,R,6,1.2857040399038366
"Grotz, Zac","Teheran, Julio",2020,R,7,1.3027496636112552
"Grotz, Zac","Givens, Mychal",2020,R,8,1.3152887404297482
"Grotz, Zac","Williams, Taylor",2020,R,9,1.3793322472391056
"Grotz, Zac","Dugger, Robert",2020,R,10,1.3823809305138572
"Gsellman, Robert","Trivino III, Lou",2020,R,1,0.4175787202848311
"Gsellman, Robert","Bradley, Archie",2020,R,2,0.4643439895315548
"Gsellman, Robert","Colomé, Alex",2020,R,3,0.47134490564958265
"Gsellman, Robert","Anderson, Nick",2020,R,4,0.49931312825931184
"Gsellman, Robert","Reyes, Alex",2020,R,5,0.5094569790462808
"Gsellman, Robert","Gibaut, Ian",2020,R,6,0.5239164613188668
"Gsellman, Robert","Fulmer, Michael",2020,R,7,0.5559967605365486
"Gsellman, Robert","Clarke, Taylor",2020,R,8,0.5881850893355403
"Gsellman, Robert","Sneed, Cy",2020,R,9,0.5926753843784287
"Gsellman, Robert","Hunter, Tommy",2020,R,10,0.5950200265969255
"Guerra, Javy","Stanek, Ryne",2020,R,1,0.12931295273590152
"Guerra, Javy","Lamet, Dinelson",2020,R,2,0.4122796537893683
"Guerra, Javy","Anderson, Nick",2020,R,3,0.435326266456607
"Guerra, Javy","Colomé, Alex",2020,R,4,0.4731212502689856
"Guerra, Javy","Montas, Frankie",2020,R,5,0.4734088277474549
"Guerra, Javy","Cease, Dylan",2020,R,6,0.6439461373995873
"Guerra, Javy","Gsellman, Robert",2020,R,7,0.6483711642089482
"Guerra, Javy","Díaz, Jairo",2020,R,8,0.6601633980326843
"Guerra, Javy","Reyes, Alex",2020,R,9,0.7045066966257053
"Guerra, Javy","Jones, Nate",2020,R,10,0.7406798744325843
"Guerra, Junior","Kintzler, Brandon",2020,R,1,0.23787176605239163
"Guerra, Junior","Tepera, Ryan",2020,R,2,0.382572102725883
"Guerra, Junior","López, Jorge",2020,R,3,0.404973608730291
"Guerra, Junior","Fedde, Erick",2020,R,4,0.4207151787241444
"Guerra, Junior","Carrasco, Carlos",2020,R,5,0.44367780359028386
"Guerra, Junior","Houser, Adrian",2020,R,6,0.4562740200071194
"Guerra, Junior","Bass, Anthony",2020,R,7,0.4598852344276542
"Guerra, Junior","Merryweather, Julian",2020,R,8,0.463186927120291
"Guerra, Junior","Fulmer, Michael",2020,R,9,0.4670232519533899
"Guerra, Junior","Sulser, Cole",2020,R,10,0.4680728281002482
"Hahn, Jesse","Wick, Rowan",2020,R,1,0.22698579145720152
"Hahn, Jesse","Shoemaker, Matt",2020,R,2,0.3902885218969648
"Hahn, Jesse","Hartlieb, Geoff",2020,R,3,0.44133760852912235
"Hahn, Jesse","Underwood Jr., Duane",2020,R,4,0.4610682839095201
"Hahn, Jesse","Hunter, Tommy",2020,R,5,0.4905786359441565
"Hahn, Jesse","López, Reynaldo",2020,R,6,0.505119834415485
"Hahn, Jesse","Gant, John",2020,R,7,0.5116404717679656
"Hahn, Jesse","Pineda, Michael",2020,R,8,0.5169887776065366
"Hahn, Jesse","Lockett, Walker",2020,R,9,0.5172932093512868
"Hahn, Jesse","Sneed, Cy",2020,R,10,0.5283912052437908
"Hale, David","Soria, Joakim",2020,R,1,0.10699170230604364
"Hale, David","Darvish, Yu",2020,R,2,0.2890522301738293
"Hale, David","Morton, Charlie",2020,R,3,0.39463923501849885
"Hale, David","Antone, Tejay",2020,R,4,0.40977355592714204
"Hale, David","Dunning, Dane",2020,R,5,0.47963711667343056
"Hale, David","Bauer, Trevor",2020,R,6,0.48798471569763757
"Hale, David","Stratton, Chris",2020,R,7,0.5023384716109999
"Hale, David","Woodford, Jake",2020,R,8,0.50800638264724
"Hale, David","Flaherty, Jack",2020,R,9,0.5107901843301939
"Hale, David","Cole, A.J.",2020,R,10,0.5141417920989652
"Harper, Ryne","Wainwright, Adam",2020,R,1,1.1044322898918078
"Harper, Ryne","Eshelman, Thomas",2020,R,2,1.2462391103222774
"Harper, Ryne","Parker, Blake",2020,R,3,1.651434132442616
"Harper, Ryne","Clippard, Tyler",2020,R,4,1.7950378413899686
"Harper, Ryne","Sánchez, Aníbal",2020,R,5,2.0262461654375223
"Harper, Ryne","Lindblom, Josh",2020,R,6,2.0537669164965786
"Harper, Ryne","Yamamoto, Jordan",2020,R,7,2.0554343055008686
"Harper, Ryne","Hoyt, James",2020,R,8,2.0956616883915395
"Harper, Ryne","Wisler, Matt",2020,R,9,2.1525998648536535
"Harper, Ryne","Greinke, Zack",2020,R,10,2.239070298746101
"Harris, Will","Ponce, Cody",2020,R,1,0.2750920172351499
"Harris, Will","Giolito, Lucas",2020,R,2,0.3869916924477766
"Harris, Will","Gibson, Kyle",2020,R,3,0.5305890229090074
"Harris, Will","Hoffman, Jeff",2020,R,4,0.5317031792518051
"Harris, Will","Waguespack, Jacob",2020,R,5,0.5367535529533242
"Harris, Will","Pivetta, Nick",2020,R,6,0.5523710360105482
"Harris, Will","Kilome, Franklyn",2020,R,7,0.5974166910753939
"Harris, Will","Richards, Trevor",2020,R,8,0.6104102102239416
"Harris, Will","Underwood Jr., Duane",2020,R,9,0.6135476481608583
"Harris, Will","Hahn, Jesse",2020,R,10,0.6185030873068098
"Hartlieb, Geoff","Lockett, Walker",2020,R,1,0.17101934753622264
"Hartlieb, Geoff","López, Reynaldo",2020,R,2,0.2928914361842602
"Hartlieb, Geoff","Wick, Rowan",2020,R,3,0.3002011749203672
"Hartlieb, Geoff","Gant, John",2020,R,4,0.41716604378107075
"Hartlieb, Geoff","Hahn, Jesse",2020,R,5,0.44133760852912235
"Hartlieb, Geoff","Alzolay, Adbert",2020,R,6,0.44190762092304625
"Hartlieb, Geoff","Sneed, Cy",2020,R,7,0.44843664802093003
"Hartlieb, Geoff","Plesac, Zach",2020,R,8,0.4737289099709601
"Hartlieb, Geoff","López, Jorge",2020,R,9,0.47386402170578545
"Hartlieb, Geoff","Hunter, Tommy",2020,R,10,0.5120604052600373
"Harvey, Matt","Clarke, Taylor",2020,R,1,0.15468687275190046
"Harvey, Matt","Cease, Dylan",2020,R,2,0.32592437712694405
"Harvey, Matt","Perdomo, Luis",2020,R,3,0.4023002840008608
"Harvey, Matt","Lakins, Travis",2020,R,4,0.44917311738818344
"Harvey, Matt","Sneed, Cy",2020,R,5,0.47187570749513313
"Harvey, Matt","Pressly, Ryan",2020,R,6,0.4777496964085952
"Harvey, Matt","Alzolay, Adbert",2020,R,7,0.4901848343046598
"Harvey, Matt","Keller, Mitch",2020,R,8,0.5030407824020824
"Harvey, Matt","Foster, Matt",2020,R,9,0.5203608653220408
"Harvey, Matt","Farmer, Buck",2020,R,10,0.5277189421035137
"Hatch, Thomas","Turnbull, Spencer",2020,R,1,0.31934775125714104
"Hatch, Thomas","Phillips, Evan",2020,R,2,0.378970132584025
"Hatch, Thomas","Ureña, José",2020,R,3,0.37917086991914917
"Hatch, Thomas","Rondón, Héctor",2020,R,4,0.49605121597342117
"Hatch, Thomas","James, Josh",2020,R,5,0.49905018706410703
"Hatch, Thomas","Tate, Dillon",2020,R,6,0.509486679122581
"Hatch, Thomas","Neris, Héctor",2020,R,7,0.5895464324536579
"Hatch, Thomas","Trivino III, Lou",2020,R,8,0.5903451483560681
"Hatch, Thomas","Wright, Kyle",2020,R,9,0.6030030714822737
"Hatch, Thomas","Graveman, Kendall",2020,R,10,0.6286365844551582
"Hembree, Heath","DeSclafani, Anthony",2020,R,1,0.167203195859858
"Hembree, Heath","Mize, Casey",2020,R,2,0.2857410889935082
"Hembree, Heath","Pagán, Emilio",2020,R,3,0.3388214745585871
"Hembree, Heath","Velasquez, Vince",2020,R,4,0.43581903129626604
"Hembree, Heath","Singer, Brady",2020,R,5,0.48324799993180934
"Hembree, Heath","Eovaldi, Nathan",2020,R,6,0.5180691088521372
"Hembree, Heath","Mahle, Tyler",2020,R,7,0.5367956047827585
"Hembree, Heath","Funkhouser, Kyle",2020,R,8,0.5799628628865479
"Hembree, Heath","Adam, Jason",2020,R,9,0.5991029780465843
"Hembree, Heath","Sulser, Cole",2020,R,10,0.6117917996611625
"Hendricks, Kyle","Wisler, Matt",2020,R,1,0.36311873510192355
"Hendricks, Kyle","Bundy, Dylan",2020,R,2,0.5050038465472682
"Hendricks, Kyle","Hoyt, James",2020,R,3,0.6558083837501021
"Hendricks, Kyle","Clippard, Tyler",2020,R,4,0.6559320871630305
"Hendricks, Kyle","Greinke, Zack",2020,R,5,0.711802791766773
"Hendricks, Kyle","Tropeano, Nick",2020,R,6,0.7948570111510033
"Hendricks, Kyle","Tomlin, Josh",2020,R,7,0.8456995075274735
"Hendricks, Kyle","Fiers, Mike",2020,R,8,1.0343304092577916
"Hendricks, Kyle","Cahill, Trevor",2020,R,9,1.0577839414667343
"Hendricks, Kyle","Lindblom, Josh",2020,R,10,1.094476160942405
"Hendriks, Liam","Patiño, Luis",2020,R,1,0.2699076994018198
"Hendriks, Liam","Cordero, Jimmy",2020,R,2,0.6306351665383956
"Hendriks, Liam","Brasier, Ryan",2020,R,3,0.6469582563430979
"Hendriks, Liam","Wheeler, Zack",2020,R,4,0.7429598178929089
"Hendriks, Liam","López, Yoan",2020,R,5,0.81111999529333
"Hendriks, Liam","Green, Chad",2020,R,6,0.868571467033473
"Hendriks, Liam","Woodruff, Brandon",2020,R,7,0.8715247299549306
"Hendriks, Liam","May, Trevor",2020,R,8,0.895700617843681
"Hendriks, Liam","Romano, Jordan",2020,R,9,0.9905689440953481
"Hendriks, Liam","Heuer, Codi",2020,R,10,1.0073138359677818
"Herget, Jimmy","Martinez, Carlos",2020,R,1,1.6791635402549518
"Herget, Jimmy","Brice, Austin",2020,R,2,1.680223983045799
"Herget, Jimmy","Phelps, David",2020,R,3,1.8666852132106697
"Herget, Jimmy","Dobnak, Randy",2020,R,4,1.9192259512001653
"Herget, Jimmy","Weber, Ryan",2020,R,5,1.9337540711105932
"Herget, Jimmy","Sims, Lucas",2020,R,6,1.9442422496026952
"Herget, Jimmy","Bacus, Dakota",2020,R,7,1.9988968209070754
"Herget, Jimmy","Castillo, Luis",2020,R,8,2.0416641952154992
"Herget, Jimmy","Marshall, Evan",2020,R,9,2.0697455248878636
"Herget, Jimmy","Cueto, Johnny",2020,R,10,2.0722798537769522
"Hernández, Carlos","Oviedo, Johan",2020,R,1,0.4209000306997627
"Hernández, Carlos","Williams, Devin",2020,R,2,0.4377424908389014
"Hernández, Carlos","May, Trevor",2020,R,3,0.44574042365358035
"Hernández, Carlos","Pearson, Nate",2020,R,4,0.5679845019270281
"Hernández, Carlos","López, Yoan",2020,R,5,0.6874723511458122
"Hernández, Carlos","Wittgren, Nick",2020,R,6,0.718859307238425
"Hernández, Carlos","Velasquez, Vince",2020,R,7,0.7387601847628159
"Hernández, Carlos","Almonte, Yency",2020,R,8,0.7656638443333557
"Hernández, Carlos","Brasier, Ryan",2020,R,9,0.7840398454791173
"Hernández, Carlos","Oswalt, Corey",2020,R,10,0.8072869091732168
"Hernández, Elieser","García, Deivi",2020,R,1,0.332461249510545
"Hernández, Elieser","Morton, Charlie",2020,R,2,0.4719524858460701
"Hernández, Elieser","Woodford, Jake",2020,R,3,0.48221668587406186
"Hernández, Elieser","Yamaguchi, Shun",2020,R,4,0.5176519476521941
"Hernández, Elieser","Hughes, Jared",2020,R,5,0.5599845264024027
"Hernández, Elieser","Bauer, Trevor",2020,R,6,0.6133154622372398
"Hernández, Elieser","Webb, Logan",2020,R,7,0.6165399007217482
"Hernández, Elieser","Mengden, Daniel",2020,R,8,0.6330737814345562
"Hernández, Elieser","Hale, David",2020,R,9,0.6392755392055394
"Hernández, Elieser","Dunn, Justin",2020,R,10,0.6447199156363247
"Hernández, Jonathan","Paredes, Enoli",2020,R,1,0.5089672411166875
"Hernández, Jonathan","Buehler, Walker",2020,R,2,0.5206833067175706
"Hernández, Jonathan","Graveman, Kendall",2020,R,3,0.5217963057875528
"Hernández, Jonathan","Stock, Robert",2020,R,4,0.535191635057411
"Hernández, Jonathan","Estévez, Carlos",2020,R,5,0.5427978092489049
"Hernández, Jonathan","Cisnero, José",2020,R,6,0.6152491662186966
"Hernández, Jonathan","James, Josh",2020,R,7,0.6465790747690288
"Hernández, Jonathan","Montero, Rafael",2020,R,8,0.6655863647828302
"Hernández, Jonathan","Cole, Gerrit",2020,R,9,0.7720802406540953
"Hernández, Jonathan","Ureña, José",2020,R,10,0.7810784556419933
"Heuer, Codi","Wheeler, Zack",2020,R,1,0.46918553480378383
"Heuer, Codi","Patiño, Luis",2020,R,2,0.9275085933699753
"Heuer, Codi","deGrom, Jacob",2020,R,3,0.9399197599832784
"Heuer, Codi","Hendriks, Liam",2020,R,4,1.0073138359677818
"Heuer, Codi","Romano, Jordan",2020,R,5,1.0536712588279251
"Heuer, Codi","Brasier, Ryan",2020,R,6,1.1826956355872913
"Heuer, Codi","Glasnow, Tyler",2020,R,7,1.2000850559226943
"Heuer, Codi","Cordero, Jimmy",2020,R,8,1.2875392495467615
"Heuer, Codi","May, Trevor",2020,R,9,1.3710489157636478
"Heuer, Codi","Díaz, Edwin",2020,R,10,1.48457596186734
"Hill, Cam","Lyles, Jordan",2020,R,1,0.35877359044738294
"Hill, Cam","Richards, Trevor",2020,R,2,0.4580461583408305
"Hill, Cam","Gibson, Kyle",2020,R,3,0.4892334668259806
"Hill, Cam","Ponce, Cody",2020,R,4,0.5148450084368744
"Hill, Cam","Shoemaker, Matt",2020,R,5,0.5355839432689494
"Hill, Cam","Howard, Spencer",2020,R,6,0.5649577754570534
"Hill, Cam","Pivetta, Nick",2020,R,7,0.5759755226044999
"Hill, Cam","Harris, Will",2020,R,8,0.6190920398115973
"Hill, Cam","Samardzija, Jeff",2020,R,9,0.6688218552914961
"Hill, Cam","Hahn, Jesse",2020,R,10,0.6710233456942444
"Hirano, Yoshihisa","Shoemaker, Matt",2020,R,1,0.5311807811360332
"Hirano, Yoshihisa","Richards, Trevor",2020,R,2,0.6669359098521264
"Hirano, Yoshihisa","Hill, Cam",2020,R,3,0.7238931869548189
"Hirano, Yoshihisa","Kremer, Dean",2020,R,4,0.76154619486156
"Hirano, Yoshihisa","Duffey, Tyler",2020,R,5,0.7748776507052599
"Hirano, Yoshihisa","Cahill, Trevor",2020,R,6,0.8323311289902653
"Hirano, Yoshihisa","Hahn, Jesse",2020,R,7,0.848064424287141
"Hirano, Yoshihisa","Dunn, Justin",2020,R,8,0.8640321698442753
"Hirano, Yoshihisa","Samardzija, Jeff",2020,R,9,0.902418765046719
"Hirano, Yoshihisa","Cole, A.J.",2020,R,10,0.9053750890415678
"Hoffman, Jeff","Kilome, Franklyn",2020,R,1,0.21626650900901617
"Hoffman, Jeff","Stratton, Chris",2020,R,2,0.3413875227838444
"Hoffman, Jeff","Underwood Jr., Duane",2020,R,3,0.40087685222884806
"Hoffman, Jeff","Ponce, Cody",2020,R,4,0.4518813428598746
"Hoffman, Jeff","Rea, Colin",2020,R,5,0.4654533118796077
"Hoffman, Jeff","Howard, Spencer",2020,R,6,0.4755881470749862
"Hoffman, Jeff","Holder, Jonathan",2020,R,7,0.512113360964328
"Hoffman, Jeff","Harris, Will",2020,R,8,0.5317031792518051
"Hoffman, Jeff","Fedde, Erick",2020,R,9,0.5551214456155897
"Hoffman, Jeff","Hudson, Dakota",2020,R,10,0.5601068541998826
"Holder, Jonathan","López, Reynaldo",2020,R,1,0.3913521409798462
"Holder, Jonathan","Wick, Rowan",2020,R,2,0.4084056452868499
"Holder, Jonathan","López, Jorge",2020,R,3,0.40907659453484435
"Holder, Jonathan","Stratton, Chris",2020,R,4,0.46105710822169876
"Holder, Jonathan","Dunning, Dane",2020,R,5,0.4717638246291163
"Holder, Jonathan","Guerra, Junior",2020,R,6,0.4743510278878655
"Holder, Jonathan","Rea, Colin",2020,R,7,0.4913580357407978
"Holder, Jonathan","Hoffman, Jeff",2020,R,8,0.512113360964328
"Holder, Jonathan","Lockett, Walker",2020,R,9,0.5163200875440304
"Holder, Jonathan","Houser, Adrian",2020,R,10,0.5406325774857712
"Holland, Greg","Urquidy, José",2020,R,1,0.5932626062867016
"Holland, Greg","Odorizzi, Jake",2020,R,2,0.6256680790977828
"Holland, Greg","Cessa, Luis",2020,R,3,0.6456002075918923
"Holland, Greg","Porcello, Rick",2020,R,4,0.6498782199656868
"Holland, Greg","Stashak, Cody",2020,R,5,0.7838674340498507
"Holland, Greg","Lail, Brady",2020,R,6,0.8036555592863294
"Holland, Greg","Scrubb, Andre",2020,R,7,0.8211051946898307
"Holland, Greg","Bedrosian, Cam",2020,R,8,0.831090675087418
"Holland, Greg","Anderson, Chase",2020,R,9,0.8361460720554329
"Holland, Greg","Plesac, Zach",2020,R,10,0.8433534095689665
"Houck, Tanner","Scherzer, Max",2020,R,1,0.4301820281297989
"Houck, Tanner","Antone, Tejay",2020,R,2,0.4852120317102733
"Houck, Tanner","Voth, Austin",2020,R,3,0.5150788781074662
"Houck, Tanner","Berríos, José",2020,R,4,0.528364841298622
"Houck, Tanner","Vincent, Nick",2020,R,5,0.5562875867341368
"Houck, Tanner","King, Michael",2020,R,6,0.5614054326897276
"Houck, Tanner","Elledge, Seth",2020,R,7,0.6311429275561448
"Houck, Tanner","Webb, Logan",2020,R,8,0.6443447896729982
"Houck, Tanner","Woodford, Jake",2020,R,9,0.645320885108031
"Houck, Tanner","Morton, Charlie",2020,R,10,0.6873094773901561
"Houser, Adrian","Fulmer, Michael",2020,R,1,0.26428737877405345
"Houser, Adrian","Merryweather, Julian",2020,R,2,0.3127632821826118
"Houser, Adrian","Kintzler, Brandon",2020,R,3,0.42787750556669585
"Houser, Adrian","Guerra, Junior",2020,R,4,0.4562740200071194
"Houser, Adrian","Hudson, Dakota",2020,R,5,0.5316215638880205
"Houser, Adrian","Fedde, Erick",2020,R,6,0.5380449346766729
"Houser, Adrian","Holder, Jonathan",2020,R,7,0.5406325774857712
"Houser, Adrian","Gibaut, Ian",2020,R,8,0.5613307187730227
"Houser, Adrian","Hoffman, Jeff",2020,R,9,0.5666173892850821
"Houser, Adrian","Sulser, Cole",2020,R,10,0.589482338808855
"Howard, Spencer","Kilome, Franklyn",2020,R,1,0.38627371544637684
"Howard, Spencer","Underwood Jr., Duane",2020,R,2,0.4438770054409363
"Howard, Spencer","Hoffman, Jeff",2020,R,3,0.4755881470749862
"Howard, Spencer","Rea, Colin",2020,R,4,0.5569196757371736
"Howard, Spencer","Armstrong, Shawn",2020,R,5,0.5591347231991496
"Howard, Spencer","Hill, Cam",2020,R,6,0.5649577754570534
"Howard, Spencer","Stratton, Chris",2020,R,7,0.6095726707468226
"Howard, Spencer","Hahn, Jesse",2020,R,8,0.6432604265785604
"Howard, Spencer","Jackson, Luke",2020,R,9,0.6458057009264195
"Howard, Spencer","Wick, Rowan",2020,R,10,0.6559025915181393
"Hoyt, James","Greinke, Zack",2020,R,1,0.5347638420625384
"Hoyt, James","Hendricks, Kyle",2020,R,2,0.6558083837501021
"Hoyt, James","Wisler, Matt",2020,R,3,0.7223293250047783
"Hoyt, James","Clippard, Tyler",2020,R,4,0.7311179440674853
"Hoyt, James","Cahill, Trevor",2020,R,5,0.7468549923908127
"Hoyt, James","Bundy, Dylan",2020,R,6,0.8825327565309694
"Hoyt, James","Lindblom, Josh",2020,R,7,1.0347967791084882
"Hoyt, James","Roark, Tanner",2020,R,8,1.1895263065009043
"Hoyt, James","Tropeano, Nick",2020,R,9,1.240217648904712
"Hoyt, James","Junis, Jakob",2020,R,10,1.2621692589687141
"Hudson, Dakota","Hunter, Tommy",2020,R,1,0.2303255267636624
"Hudson, Dakota","Bradley, Archie",2020,R,2,0.23271268882222257
"Hudson, Dakota","Underwood Jr., Duane",2020,R,3,0.3173029742949826
"Hudson, Dakota","Fulmer, Michael",2020,R,4,0.3986152487146863
"Hudson, Dakota","Sneed, Cy",2020,R,5,0.48633391202337484
"Hudson, Dakota","Houser, Adrian",2020,R,6,0.5316215638880205
"Hudson, Dakota","Kilome, Franklyn",2020,R,7,0.5426739354642971
"Hudson, Dakota","Curtiss, John",2020,R,8,0.5590629644026752
"Hudson, Dakota","Hoffman, Jeff",2020,R,9,0.5601068541998826
"Hudson, Dakota","Wick, Rowan",2020,R,10,0.6095793789246158
"Hudson, Daniel","May, Dustin",2020,R,1,0.4492450563516916
"Hudson, Daniel","Loáisiga, Jonathan",2020,R,2,0.4887880134751477
"Hudson, Daniel","Finnegan, Kyle",2020,R,3,0.6069799019385002
"Hudson, Daniel","Estévez, Carlos",2020,R,4,0.6975148750900831
"Hudson, Daniel","Nelson, Nick",2020,R,5,0.7663884485053819
"Hudson, Daniel","Cole, Gerrit",2020,R,6,0.7834003855298317
"Hudson, Daniel","Stock, Robert",2020,R,7,0.7865122826563212
"Hudson, Daniel","Hernández, Jonathan",2020,R,8,0.8099351569119247
"Hudson, Daniel","Castro, Miguel",2020,R,9,0.8406176188967273
"Hudson, Daniel","James, Josh",2020,R,10,0.849297256771827
"Hughes, Jared","Webb, Logan",2020,R,1,0.4741663644743236
"Hughes, Jared","Flaherty, Jack",2020,R,2,0.54095433884283
"Hughes, Jared","Hernández, Elieser",2020,R,3,0.5599845264024027
"Hughes, Jared","Morton, Charlie",2020,R,4,0.6174611524948813
"Hughes, Jared","García, Deivi",2020,R,5,0.7042071711114751
"Hughes, Jared","Winkler, Dan",2020,R,6,0.7154912057006779
"Hughes, Jared","Houck, Tanner",2020,R,7,0.7505480063981704
"Hughes, Jared","Berríos, José",2020,R,8,0.7681492263298997
"Hughes, Jared","Mazza, Chris",2020,R,9,0.7749178732223695
"Hughes, Jared","Hale, David",2020,R,10,0.7784326499572263
"Hunter, Tommy","Bradley, Archie",2020,R,1,0.17443525194645665
"Hunter, Tommy","Hudson, Dakota",2020,R,2,0.2303255267636624
"Hunter, Tommy","Sneed, Cy",2020,R,3,0.26849459345040105
"Hunter, Tommy","Underwood Jr., Duane",2020,R,4,0.2963287468450562
"Hunter, Tommy","Wick, Rowan",2020,R,5,0.4707072697207198
"Hunter, Tommy","Hahn, Jesse",2020,R,6,0.4905786359441565
"Hunter, Tommy","Hartlieb, Geoff",2020,R,7,0.5120604052600373
"Hunter, Tommy","Fulmer, Michael",2020,R,8,0.5505598273556704
"Hunter, Tommy","Gsellman, Robert",2020,R,9,0.5950200265969255
"Hunter, Tommy","López, Reynaldo",2020,R,10,0.5984206383417606
"Iglesias, Raisel","Kelly, Joe",2020,R,1,0.3849086362917509
"Iglesias, Raisel","Richards, Garrett",2020,R,2,0.4605180052039534
"Iglesias, Raisel","Tate, Dillon",2020,R,3,0.467818921113999
"Iglesias, Raisel","Chatwood, Tyler",2020,R,4,0.5179077639113863
"Iglesias, Raisel","Turnbull, Spencer",2020,R,5,0.5736001171138766
"Iglesias, Raisel","Wright, Kyle",2020,R,6,0.5979683905969543
"Iglesias, Raisel","Weaver, Luke",2020,R,7,0.6077106097228687
"Iglesias, Raisel","Garcia, Bryan",2020,R,8,0.6161822663257386
"Iglesias, Raisel","Neris, Héctor",2020,R,9,0.6453798340926326
"Iglesias, Raisel","Wendelken, J.B.",2020,R,10,0.6675583496140065
"Jackson, Luke","Pivetta, Nick",2020,R,1,0.44145489240706665
"Jackson, Luke","Gibson, Kyle",2020,R,2,0.5248877680970957
"Jackson, Luke","Neverauskas, Dovydas",2020,R,3,0.5599592544226699
"Jackson, Luke","McKenzie, Triston",2020,R,4,0.5696480221426876
"Jackson, Luke","Paddack, Chris",2020,R,5,0.5769807588200881
"Jackson, Luke","Kilome, Franklyn",2020,R,6,0.5889334021410114
"Jackson, Luke","Ponce, Cody",2020,R,7,0.6151943682060491
"Jackson, Luke","Howard, Spencer",2020,R,8,0.6458057009264195
"Jackson, Luke","Giolito, Lucas",2020,R,9,0.6645887679008812
"Jackson, Luke","Harris, Will",2020,R,10,0.6682601661054192
"James, Josh","Ureña, José",2020,R,1,0.28614659419141514
"James, Josh","Rondón, Héctor",2020,R,2,0.3694030815479727
"James, Josh","Graveman, Kendall",2020,R,3,0.3710528563627044
"James, Josh","Estévez, Carlos",2020,R,4,0.3711476964578209
"James, Josh","Stock, Robert",2020,R,5,0.37792016912844884
"James, Josh","Cole, Gerrit",2020,R,6,0.435064371926272
"James, Josh","Nelson, Nick",2020,R,7,0.452464903211636
"James, Josh","Hatch, Thomas",2020,R,8,0.49905018706410703
"James, Josh","Phillips, Evan",2020,R,9,0.5232337167900599
"James, Josh","Loáisiga, Jonathan",2020,R,10,0.5299764303121604
"Jansen, Kenley","Anderson, Ian",2020,R,1,0.6126221690169299
"Jansen, Kenley","Glasnow, Tyler",2020,R,2,0.648281933682562
"Jansen, Kenley","Slegers, Aaron",2020,R,3,0.70092831507819
"Jansen, Kenley","Romano, Jordan",2020,R,4,0.804837496695935
"Jansen, Kenley","Ginkel, Kevin",2020,R,5,0.8177411872991743
"Jansen, Kenley","Oviedo, Johan",2020,R,6,0.8925483173724563
"Jansen, Kenley","McKenzie, Triston",2020,R,7,0.9795222176970224
"Jansen, Kenley","López, Yoan",2020,R,8,1.0385795054157345
"Jansen, Kenley","Wacha, Michael",2020,R,9,1.0415422749828247
"Jansen, Kenley","Barnes, Matt",2020,R,10,1.0816376603762752
"Javier, Cristian","McCullers Jr., Lance",2020,R,1,0.3202011171490969
"Javier, Cristian","Lugo, Seth",2020,R,2,0.4429426029117232
"Javier, Cristian","Castellani, Ryan",2020,R,3,0.4590388849142623
"Javier, Cristian","Tanaka, Masahiro",2020,R,4,0.5067793631625431
"Javier, Cristian","Webb, Jacob",2020,R,5,0.5345313313351862
"Javier, Cristian","Sadler, Casey",2020,R,6,0.5926656132291638
"Javier, Cristian","Boxberger, Brad",2020,R,7,0.6289634809658878
"Javier, Cristian","Stashak, Cody",2020,R,8,0.6536582742222085
"Javier, Cristian","Sims, Lucas",2020,R,9,0.6541111587545504
"Javier, Cristian","Andriese, Matt",2020,R,10,0.6716489275089496
"Jeffress, Jeremy","Bieber, Shane",2020,R,1,0.14792056395866693
"Jeffress, Jeremy","Carrasco, Carlos",2020,R,2,0.34177083487590365
"Jeffress, Jeremy","Gray, Sonny",2020,R,3,0.3676569888311355
"Jeffress, Jeremy","Singer, Brady",2020,R,4,0.3991345184419226
"Jeffress, Jeremy","Bassitt, Chris",2020,R,5,0.413227307561072
"Jeffress, Jeremy","Fedde, Erick",2020,R,6,0.4591270816179903
"Jeffress, Jeremy","Cole, A.J.",2020,R,7,0.4961386199277399
"Jeffress, Jeremy","Dunning, Dane",2020,R,8,0.5012371662409294
"Jeffress, Jeremy","Almonte, Yency",2020,R,9,0.5337478871821529
"Jeffress, Jeremy","Kelly, Merrill",2020,R,10,0.5354749642215927
"Jiménez, Joe","Eovaldi, Nathan",2020,R,1,0.25338674392573574
"Jiménez, Joe","Mahle, Tyler",2020,R,2,0.29291562055759846
"Jiménez, Joe","Adam, Jason",2020,R,3,0.3519697127525089
"Jiménez, Joe","Tepera, Ryan",2020,R,4,0.3920999476848191
"Jiménez, Joe","Stammen, Craig",2020,R,5,0.41842819591571084
"Jiménez, Joe","Velasquez, Vince",2020,R,6,0.42700956971534687
"Jiménez, Joe","Sulser, Cole",2020,R,7,0.4528892263790619
"Jiménez, Joe","Wittgren, Nick",2020,R,8,0.5328028693874208
"Jiménez, Joe","Gray, Jon",2020,R,9,0.5402794927050327
"Jiménez, Joe","DeSclafani, Anthony",2020,R,10,0.5480146152407094
"Johnson, Pierce","González, Chi Chi",2020,R,1,0.2825667764348093
"Johnson, Pierce","Canning, Griffin",2020,R,2,0.3247051995131188
"Johnson, Pierce","Mayers, Mike",2020,R,3,0.36238821009365757
"Johnson, Pierce","Cobb, Alex",2020,R,4,0.5024118852523818
"Johnson, Pierce","Santana, Dennis",2020,R,5,0.5061914264954948
"Johnson, Pierce","Brubaker, JT",2020,R,6,0.5522390285938409
"Johnson, Pierce","Foster, Matt",2020,R,7,0.556539143188182
"Johnson, Pierce","Farmer, Buck",2020,R,8,0.5963455342862721
"Johnson, Pierce","Peña, Félix",2020,R,9,0.6076214548568759
"Johnson, Pierce","Lakins, Travis",2020,R,10,0.622328377258642
"Jones, Nate","Montas, Frankie",2020,R,1,0.315813028411569
"Jones, Nate","Lamet, Dinelson",2020,R,2,0.49313179724136713
"Jones, Nate","Lorenzen, Michael",2020,R,3,0.5496882922427669
"Jones, Nate","Familia, Jeurys",2020,R,4,0.6184281193983204
"Jones, Nate","Díaz, Jairo",2020,R,5,0.6725835640663909
"Jones, Nate","Stanek, Ryne",2020,R,6,0.7242770359733742
"Jones, Nate","Guerra, Javy",2020,R,7,0.7406798744325843
"Jones, Nate","Gonsolin, Tony",2020,R,8,0.820087120831876
"Jones, Nate","Alcantara, Sandy",2020,R,9,0.8291171081239354
"Jones, Nate","Perdomo, Luis",2020,R,10,0.8406669194723886
"Junis, Jakob","Roark, Tanner",2020,R,1,0.3242560197307877
"Junis, Jakob","Lail, Brady",2020,R,2,0.48242708809011936
"Junis, Jakob","Maeda, Kenta",2020,R,3,0.6212090671526541
"Junis, Jakob","Cessa, Luis",2020,R,4,0.6475693452598545
"Junis, Jakob","Goody, Nick",2020,R,5,0.655018208010581
"Junis, Jakob","Anderson, Chase",2020,R,6,0.6593589437603019
"Junis, Jakob","Bedrosian, Cam",2020,R,7,0.7094202054162508
"Junis, Jakob","Sadler, Casey",2020,R,8,0.7198333099038022
"Junis, Jakob","Porcello, Rick",2020,R,9,0.7210087864552331
"Junis, Jakob","Stashak, Cody",2020,R,10,0.7289346161549406
"Karinchak, James","Báez, Pedro",2020,R,1,0.5961945421518915
"Karinchak, James","Dolis, Rafael",2020,R,2,0.7419120303207066
"Karinchak, James","Ponce de Leon, Daniel",2020,R,3,0.8231292771250875
"Karinchak, James","Keller, Brad",2020,R,4,1.0609424942673122
"Karinchak, James","Keller, Mitch",2020,R,5,1.0737833693014895
"Karinchak, James","Ynoa, Huascar",2020,R,6,1.0786867405022154
"Karinchak, James","Cody, Kyle",2020,R,7,1.0966391058178078
"Karinchak, James","Scrubb, Andre",2020,R,8,1.106340994553066
"Karinchak, James","Gonsolin, Tony",2020,R,9,1.1789769893572204
"Karinchak, James","Cease, Dylan",2020,R,10,1.2104077496690009
"Keller, Brad","Ynoa, Huascar",2020,R,1,0.2670917434429185
"Keller, Brad","Keller, Mitch",2020,R,2,0.4365746176681341
"Keller, Brad","Cease, Dylan",2020,R,3,0.4956379571254879
"Keller, Brad","Foster, Matt",2020,R,4,0.5465774963255399
"Keller, Brad","Walker, Taijuan",2020,R,5,0.5964395259683136
"Keller, Brad","Gallegos, Giovanny",2020,R,6,0.6016437176704729
"Keller, Brad","Newberry, Jake",2020,R,7,0.6081710981358956
"Keller, Brad","Báez, Pedro",2020,R,8,0.6120708370097019
"Keller, Brad","Farmer, Buck",2020,R,9,0.6403532188574371
"Keller, Brad","Covey, Dylan",2020,R,10,0.6560337099331242
"Keller, Mitch","Walker, Taijuan",2020,R,1,0.3426177890487613
"Keller, Mitch","Cody, Kyle",2020,R,2,0.3649037865818247
"Keller, Mitch","Clarke, Taylor",2020,R,3,0.4285536521360472
"Keller, Mitch","Keller, Brad",2020,R,4,0.4365746176681341
"Keller, Mitch","Cease, Dylan",2020,R,5,0.44745817749044514
"Keller, Mitch","Ponce de Leon, Daniel",2020,R,6,0.4570669772489074
"Keller, Mitch","Harvey, Matt",2020,R,7,0.5030407824020824
"Keller, Mitch","Sneed, Cy",2020,R,8,0.5776843316966833
"Keller, Mitch","Brewer, Colten",2020,R,9,0.6209117136517298
"Keller, Mitch","Urquidy, José",2020,R,10,0.6322158849859222
"Kelly, Joe","Iglesias, Raisel",2020,R,1,0.3849086362917509
"Kelly, Joe","Chatwood, Tyler",2020,R,2,0.4871922205004256
"Kelly, Joe","Garcia, Bryan",2020,R,3,0.6664066666908122
"Kelly, Joe","Tate, Dillon",2020,R,4,0.7018069343928836
"Kelly, Joe","McCullers Jr., Lance",2020,R,5,0.7220846998555385
"Kelly, Joe","Weaver, Luke",2020,R,6,0.7365816231693592
"Kelly, Joe","Lugo, Seth",2020,R,7,0.742775630178619
"Kelly, Joe","King, Michael",2020,R,8,0.7433029928241515
"Kelly, Joe","Chavez, Jesse",2020,R,9,0.7629825055633331
"Kelly, Joe","Turnbull, Spencer",2020,R,10,0.7934690255353867
"Kelly, Merrill","Betances, Dellin",2020,R,1,0.2766958935258084
"Kelly, Merrill","Bassitt, Chris",2020,R,2,0.3237047539900568
"Kelly, Merrill","Smith, Riley",2020,R,3,0.32754490393077895
"Kelly, Merrill","Gray, Jon",2020,R,4,0.36842735071137445
"Kelly, Merrill","Bauer, Trevor",2020,R,5,0.39671620087808657
"Kelly, Merrill","Morton, Charlie",2020,R,6,0.41222049575714925
"Kelly, Merrill","Dunning, Dane",2020,R,7,0.4523057846376526
"Kelly, Merrill","Antone, Tejay",2020,R,8,0.4588014732650078
"Kelly, Merrill","Bieber, Shane",2020,R,9,0.48033078140765534
"Kelly, Merrill","Carrasco, Carlos",2020,R,10,0.4838598975889616
"Kennedy, Ian","Wilson, Bryse",2020,R,1,0.4519068583878589
"Kennedy, Ian","Mahle, Tyler",2020,R,2,0.5905962529686499
"Kennedy, Ian","DeSclafani, Anthony",2020,R,3,0.6210968691641433
"Kennedy, Ian","Hembree, Heath",2020,R,4,0.6656138732193679
"Kennedy, Ian","Winkler, Dan",2020,R,5,0.6910989886968055
"Kennedy, Ian","Chatwood, Tyler",2020,R,6,0.697177824400495
"Kennedy, Ian","Pagán, Emilio",2020,R,7,0.7097388207882802
"Kennedy, Ian","Jiménez, Joe",2020,R,8,0.7464971896609935
"Kennedy, Ian","Webb, Logan",2020,R,9,0.747191035234827
"Kennedy, Ian","Gerber, Joey",2020,R,10,0.7513518106158051
"Kilome, Franklyn","Hoffman, Jeff",2020,R,1,0.21626650900901617
"Kilome, Franklyn","Underwood Jr., Duane",2020,R,2,0.3691076093108105
"Kilome, Franklyn","Howard, Spencer",2020,R,3,0.38627371544637684
"Kilome, Franklyn","Armstrong, Shawn",2020,R,4,0.3930455738636817
"Kilome, Franklyn","Stratton, Chris",2020,R,5,0.510664324509071
"Kilome, Franklyn","Ponce, Cody",2020,R,6,0.5305059729897096
"Kilome, Franklyn","Hudson, Dakota",2020,R,7,0.5426739354642971
"Kilome, Franklyn","Curtiss, John",2020,R,8,0.564711227239966
"Kilome, Franklyn","Rea, Colin",2020,R,9,0.5717520393087531
"Kilome, Franklyn","Jackson, Luke",2020,R,10,0.5889334021410114
"Kimbrel, Craig","Castro, Miguel",2020,R,1,0.6775273101488426
"Kimbrel, Craig","Givens, Mychal",2020,R,2,0.8266538573252667
"Kimbrel, Craig","Gerber, Joey",2020,R,3,1.0745652587316135
"Kimbrel, Craig","Widener, Taylor",2020,R,4,1.1755301654313026
"Kimbrel, Craig","Wilson, Bryse",2020,R,5,1.1889383056777565
"Kimbrel, Craig","May, Dustin",2020,R,6,1.2540303021865105
"Kimbrel, Craig","Williams, Taylor",2020,R,7,1.2899870615040325
"Kimbrel, Craig","Kennedy, Ian",2020,R,8,1.3076193096008633
"Kimbrel, Craig","Hudson, Daniel",2020,R,9,1.3594558997514798
"Kimbrel, Craig","Paredes, Enoli",2020,R,10,1.3795925555057196
"King, Michael","Scherzer, Max",2020,R,1,0.40809716275581126
"King, Michael","Chatwood, Tyler",2020,R,2,0.48769535402155706
"King, Michael","Houck, Tanner",2020,R,3,0.5614054326897276
"King, Michael","Vincent, Nick",2020,R,4,0.5845831286292371
"King, Michael","Tate, Dillon",2020,R,5,0.617050369188677
"King, Michael","Elledge, Seth",2020,R,6,0.617910941195097
"King, Michael","McCullers Jr., Lance",2020,R,7,0.6568839942517221
"King, Michael","Kelly, Merrill",2020,R,8,0.6583254259723196
"King, Michael","Neris, Héctor",2020,R,9,0.6603720065463582
"King, Michael","Wendelken, J.B.",2020,R,10,0.70810535839526
"Kinley, Tyler","Buttrey, Ty",2020,R,1,0.9737138534392165
"Kinley, Tyler","Castillo, Diego",2020,R,2,1.0550101564459062
"Kinley, Tyler","Alcala, Jorge",2020,R,3,1.0564870562601907
"Kinley, Tyler","Márquez, Germán",2020,R,4,1.0619105327757181
"Kinley, Tyler","Ynoa, Huascar",2020,R,5,1.099051695622102
"Kinley, Tyler","Gallegos, Giovanny",2020,R,6,1.1270095527118724
"Kinley, Tyler","Jones, Nate",2020,R,7,1.2377456511586271
"Kinley, Tyler","Bielak, Brandon",2020,R,8,1.2446961776063734
"Kinley, Tyler","Báez, Pedro",2020,R,9,1.2717182531238158
"Kinley, Tyler","Familia, Jeurys",2020,R,10,1.3026669485972813
"Kintzler, Brandon","Guerra, Junior",2020,R,1,0.23787176605239163
"Kintzler, Brandon","Fedde, Erick",2020,R,2,0.2578525143644965
"Kintzler, Brandon","Sulser, Cole",2020,R,3,0.2999988251181608
"Kintzler, Brandon","Merryweather, Julian",2020,R,4,0.32798454349284745
"Kintzler, Brandon","Carrasco, Carlos",2020,R,5,0.37661676884101064
"Kintzler, Brandon","Adam, Jason",2020,R,6,0.4247194633005329
"Kintzler, Brandon","Houser, Adrian",2020,R,7,0.42787750556669585
"Kintzler, Brandon","Tepera, Ryan",2020,R,8,0.4402558684978191
"Kintzler, Brandon","Almonte, Yency",2020,R,9,0.4697174555866171
"Kintzler, Brandon","Velasquez, Vince",2020,R,10,0.5134006490895299
"Kremer, Dean","Plutko, Adam",2020,R,1,0.23313583590678363
"Kremer, Dean","Lail, Brady",2020,R,2,0.400957193586818
"Kremer, Dean","Plesac, Zach",2020,R,3,0.48365963079725016
"Kremer, Dean","Duffey, Tyler",2020,R,4,0.5086007596659735
"Kremer, Dean","Shoemaker, Matt",2020,R,5,0.5295599434250421
"Kremer, Dean","Gant, John",2020,R,6,0.5808381112964061
"Kremer, Dean","Bedrosian, Cam",2020,R,7,0.5911373846102738
"Kremer, Dean","Lockett, Walker",2020,R,8,0.6141295676808256
"Kremer, Dean","Hartlieb, Geoff",2020,R,9,0.6322311041471652
"Kremer, Dean","Alzolay, Adbert",2020,R,10,0.63536925012269
"Kuhl, Chad","Stammen, Craig",2020,R,1,0.2165438565612757
"Kuhl, Chad","Almonte, Yency",2020,R,2,0.3558343373389848
"Kuhl, Chad","Wittgren, Nick",2020,R,3,0.37515136465593957
"Kuhl, Chad","Velasquez, Vince",2020,R,4,0.41042302080101006
"Kuhl, Chad","Adam, Jason",2020,R,5,0.4186448233989725
"Kuhl, Chad","Eflin, Zach",2020,R,6,0.4935952321225922
"Kuhl, Chad","Flaherty, Jack",2020,R,7,0.5229154626469976
"Kuhl, Chad","Soria, Joakim",2020,R,8,0.5337419371039553
"Kuhl, Chad","Stratton, Chris",2020,R,9,0.5624457597187111
"Kuhl, Chad","Fedde, Erick",2020,R,10,0.5647615333585506
"Lail, Brady","Bedrosian, Cam",2020,R,1,0.37061820595718376
"Lail, Brady","Roark, Tanner",2020,R,2,0.38152925138193605
"Lail, Brady","Kremer, Dean",2020,R,3,0.400957193586818
"Lail, Brady","Plutko, Adam",2020,R,4,0.42974772933075395
"Lail, Brady","Porcello, Rick",2020,R,5,0.44035400679716474
"Lail, Brady","Junis, Jakob",2020,R,6,0.48242708809011936
"Lail, Brady","Urquidy, José",2020,R,7,0.5985007445922533
"Lail, Brady","Cessa, Luis",2020,R,8,0.6576471099530019
"Lail, Brady","Odorizzi, Jake",2020,R,9,0.6604605361368944
"Lail, Brady","Plesac, Zach",2020,R,10,0.6696964518436085
"Lakins, Travis","Perdomo, Luis",2020,R,1,0.2939981496089811
"Lakins, Travis","Foster, Matt",2020,R,2,0.3180481711349653
"Lakins, Travis","Farmer, Buck",2020,R,3,0.32443631662170014
"Lakins, Travis","González, Chi Chi",2020,R,4,0.3947170657831474
"Lakins, Travis","Brubaker, JT",2020,R,5,0.4358317413457533
"Lakins, Travis","Harvey, Matt",2020,R,6,0.44917311738818344
"Lakins, Travis","Cease, Dylan",2020,R,7,0.4984951587946398
"Lakins, Travis","Wright, Kyle",2020,R,8,0.5390997679205811
"Lakins, Travis","Peña, Félix",2020,R,9,0.5574837324528139
"Lakins, Travis","Alzolay, Adbert",2020,R,10,0.5604794073413887
"Lamet, Dinelson","Montas, Frankie",2020,R,1,0.33288433610925644
"Lamet, Dinelson","Díaz, Jairo",2020,R,2,0.3873991623360362
"Lamet, Dinelson","Guerra, Javy",2020,R,3,0.4122796537893683
"Lamet, Dinelson","Stanek, Ryne",2020,R,4,0.4550090457354069
"Lamet, Dinelson","Cease, Dylan",2020,R,5,0.45759334061685414
"Lamet, Dinelson","Jones, Nate",2020,R,6,0.49313179724136713
"Lamet, Dinelson","Perdomo, Luis",2020,R,7,0.5060191294755
"Lamet, Dinelson","Lorenzen, Michael",2020,R,8,0.5783361436013547
"Lamet, Dinelson","Foster, Matt",2020,R,9,0.5983746635165443
"Lamet, Dinelson","Gonsolin, Tony",2020,R,10,0.641998597271913
"Lindblom, Josh","Yamamoto, Jordan",2020,R,1,0.5276611651238418
"Lindblom, Josh","Clippard, Tyler",2020,R,2,0.6402417531032742
"Lindblom, Josh","Cahill, Trevor",2020,R,3,0.713381206995522
"Lindblom, Josh","Goody, Nick",2020,R,4,0.8316935904691087
"Lindblom, Josh","Mills, Alec",2020,R,5,0.8387748533951527
"Lindblom, Josh","Smith, Josh A.",2020,R,6,0.8459028044804021
"Lindblom, Josh","Wisler, Matt",2020,R,7,0.8736017631427192
"Lindblom, Josh","Maeda, Kenta",2020,R,8,0.902182827301764
"Lindblom, Josh","Davies, Zach",2020,R,9,0.9138287631590474
"Lindblom, Josh","Hirano, Yoshihisa",2020,R,10,0.9482076264211787
"Lockett, Walker","López, Reynaldo",2020,R,1,0.16196095955539505
"Lockett, Walker","Hartlieb, Geoff",2020,R,2,0.17101934753622264
"Lockett, Walker","Wick, Rowan",2020,R,3,0.3182034812610006
"Lockett, Walker","López, Jorge",2020,R,4,0.34506503749192474
"Lockett, Walker","Alzolay, Adbert",2020,R,5,0.3556360201850748
"Lockett, Walker","Plesac, Zach",2020,R,6,0.3983161716955578
"Lockett, Walker","Rea, Colin",2020,R,7,0.4687454353009653
"Lockett, Walker","Plutko, Adam",2020,R,8,0.4962539749524973
"Lockett, Walker","Betances, Dellin",2020,R,9,0.5023219959962871
"Lockett, Walker","Garcia, Luis",2020,R,10,0.5051548692960118
"Lorenzen, Michael","Díaz, Jairo",2020,R,1,0.49007012575463066
"Lorenzen, Michael","Jones, Nate",2020,R,2,0.5496882922427669
"Lorenzen, Michael","González, Chi Chi",2020,R,3,0.5604883571817229
"Lorenzen, Michael","Lamet, Dinelson",2020,R,4,0.5783361436013547
"Lorenzen, Michael","Perdomo, Luis",2020,R,5,0.5955537862975664
"Lorenzen, Michael","Foster, Matt",2020,R,6,0.6216417649968811
"Lorenzen, Michael","Montas, Frankie",2020,R,7,0.6286989717940503
"Lorenzen, Michael","Farmer, Buck",2020,R,8,0.6420790750994768
"Lorenzen, Michael","Johnson, Pierce",2020,R,9,0.6531424828306702
"Lorenzen, Michael","Canning, Griffin",2020,R,10,0.6763114543175637
"Loáisiga, Jonathan","Estévez, Carlos",2020,R,1,0.3885106411176434
"Loáisiga, Jonathan","Nelson, Nick",2020,R,2,0.46248884256053896
"Loáisiga, Jonathan","Finnegan, Kyle",2020,R,3,0.4686152101982943
"Loáisiga, Jonathan","Hudson, Daniel",2020,R,4,0.4887880134751477
"Loáisiga, Jonathan","James, Josh",2020,R,5,0.5299764303121604
"Loáisiga, Jonathan","Middleton, Keynan",2020,R,6,0.5992994999825789
"Loáisiga, Jonathan","Rasmussen, Drew",2020,R,7,0.6094567757000853
"Loáisiga, Jonathan","Lynn, Lance",2020,R,8,0.6306409498256599
"Loáisiga, Jonathan","Barnes, Jacob",2020,R,9,0.6478909254065219
"Loáisiga, Jonathan","Ureña, José",2020,R,10,0.6614911811707115
"Lugo, Seth","Weaver, Luke",2020,R,1,0.3312707511702864
"Lugo, Seth","Javier, Cristian",2020,R,2,0.4429426029117232
"Lugo, Seth","McCullers Jr., Lance",2020,R,3,0.4974252794749349
"Lugo, Seth","Webb, Jacob",2020,R,4,0.5410097477153732
"Lugo, Seth","Odorizzi, Jake",2020,R,5,0.5994666153332577
"Lugo, Seth","Garcia, Luis",2020,R,6,0.6036254698037721
"Lugo, Seth","Boxberger, Brad",2020,R,7,0.6285661160684025
"Lugo, Seth","Stashak, Cody",2020,R,8,0.6784488034480727
"Lugo, Seth","Sadler, Casey",2020,R,9,0.6794822303573922
"Lugo, Seth","Castellani, Ryan",2020,R,10,0.6809523573218264
"Lyles, Jordan","Hill, Cam",2020,R,1,0.35877359044738294
"Lyles, Jordan","Richards, Trevor",2020,R,2,0.38139033494250274
"Lyles, Jordan","Ponce, Cody",2020,R,3,0.3993800227441415
"Lyles, Jordan","Gibson, Kyle",2020,R,4,0.5765332482606791
"Lyles, Jordan","Pivetta, Nick",2020,R,5,0.6122651916524958
"Lyles, Jordan","Harris, Will",2020,R,6,0.6213811974627333
"Lyles, Jordan","Jackson, Luke",2020,R,7,0.6965618149973626
"Lyles, Jordan","Hoffman, Jeff",2020,R,8,0.7184337184430549
"Lyles, Jordan","Giolito, Lucas",2020,R,9,0.7314997606824637
"Lyles, Jordan","Howard, Spencer",2020,R,10,0.7341064864087309
"Lynn, Lance","Nelson, Nick",2020,R,1,0.292618143325677
"Lynn, Lance","Loáisiga, Jonathan",2020,R,2,0.6306409498256599
"Lynn, Lance","Jiménez, Joe",2020,R,3,0.645348855794915
"Lynn, Lance","Elledge, Seth",2020,R,4,0.6717979241538307
"Lynn, Lance","Stock, Robert",2020,R,5,0.6930722168743352
"Lynn, Lance","Ureña, José",2020,R,6,0.6994858555323237
"Lynn, Lance","James, Josh",2020,R,7,0.7196377912053046
"Lynn, Lance","Mahle, Tyler",2020,R,8,0.7345874330643818
"Lynn, Lance","Wilson, Bryse",2020,R,9,0.7371895758792475
"Lynn, Lance","Finnegan, Kyle",2020,R,10,0.744214513996645
"López, Jorge","Smith, Riley",2020,R,1,0.24236443656603388
"López, Jorge","López, Reynaldo",2020,R,2,0.30818059553752924
"López, Jorge","Lockett, Walker",2020,R,3,0.34506503749192474
"López, Jorge","Betances, Dellin",2020,R,4,0.37306181299092867
"López, Jorge","Rea, Colin",2020,R,5,0.3740353198950288
"López, Jorge","Guerra, Junior",2020,R,6,0.404973608730291
"López, Jorge","Holder, Jonathan",2020,R,7,0.40907659453484435
"López, Jorge","Gray, Jon",2020,R,8,0.4438382683482959
"López, Jorge","Dunning, Dane",2020,R,9,0.4491530058895059
"López, Jorge","Tepera, Ryan",2020,R,10,0.4660439481871627
"López, Pablo","Eflin, Zach",2020,R,1,0.4354808262057088
"López, Pablo","Mahle, Tyler",2020,R,2,0.5145656827865808
"López, Pablo","Velasquez, Vince",2020,R,3,0.5521972284882063
"López, Pablo","Williams, Devin",2020,R,4,0.5735519881702108
"López, Pablo","Oswalt, Corey",2020,R,5,0.5927656687357133
"López, Pablo","Stammen, Craig",2020,R,6,0.6089093317412158
"López, Pablo","Hembree, Heath",2020,R,7,0.6306159688639825
"López, Pablo","DeSclafani, Anthony",2020,R,8,0.6450224104917465
"López, Pablo","Wilson, Bryse",2020,R,9,0.659457052165767
"López, Pablo","Kuhl, Chad",2020,R,10,0.6703640171707788
"López, Reynaldo","Lockett, Walker",2020,R,1,0.16196095955539505
"López, Reynaldo","Wick, Rowan",2020,R,2,0.2838759645012881
"López, Reynaldo","Hartlieb, Geoff",2020,R,3,0.2928914361842602
"López, Reynaldo","López, Jorge",2020,R,4,0.30818059553752924
"López, Reynaldo","Alzolay, Adbert",2020,R,5,0.3152501431705881
"López, Reynaldo","Plesac, Zach",2020,R,6,0.3212471694076769
"López, Reynaldo","Holder, Jonathan",2020,R,7,0.3913521409798462
"López, Reynaldo","Betances, Dellin",2020,R,8,0.48696128687646834
"López, Reynaldo","Rea, Colin",2020,R,9,0.49076378824707517
"López, Reynaldo","Dunning, Dane",2020,R,10,0.49246374962543743
"López, Yoan","Barnes, Matt",2020,R,1,0.4536900151378145
"López, Yoan","Wacha, Michael",2020,R,2,0.49573524099170396
"López, Yoan","Pearson, Nate",2020,R,3,0.4982599475379002
"López, Yoan","May, Trevor",2020,R,4,0.6007203841728086
"López, Yoan","Hernández, Carlos",2020,R,5,0.6874723511458122
"López, Yoan","Merryweather, Julian",2020,R,6,0.7009276446644755
"López, Yoan","Brasier, Ryan",2020,R,7,0.7112693599323349
"López, Yoan","Patiño, Luis",2020,R,8,0.7539966643501026
"López, Yoan","Oviedo, Johan",2020,R,9,0.7592742199485584
"López, Yoan","Wittgren, Nick",2020,R,10,0.7719094896026025
"Maeda, Kenta","Goody, Nick",2020,R,1,0.25771123702101656
"Maeda, Kenta","Junis, Jakob",2020,R,2,0.6212090671526541
"Maeda, Kenta","Sadler, Casey",2020,R,3,0.6973613341957683
"Maeda, Kenta","Davies, Zach",2020,R,4,0.7039884048383128
"Maeda, Kenta","Roark, Tanner",2020,R,5,0.7295553428536057
"Maeda, Kenta","Mills, Alec",2020,R,6,0.73871394762844
"Maeda, Kenta","Lail, Brady",2020,R,7,0.8086527625563117
"Maeda, Kenta","Smith, Josh A.",2020,R,8,0.8105638201130391
"Maeda, Kenta","Cueto, Johnny",2020,R,9,0.8435827434248067
"Maeda, Kenta","Andriese, Matt",2020,R,10,0.8605972435362139
"Mahle, Tyler","Jiménez, Joe",2020,R,1,0.29291562055759846
"Mahle, Tyler","Eovaldi, Nathan",2020,R,2,0.3145735307691242
"Mahle, Tyler","Velasquez, Vince",2020,R,3,0.3791819611943302
"Mahle, Tyler","Stammen, Craig",2020,R,4,0.3948836389330308
"Mahle, Tyler","Eflin, Zach",2020,R,5,0.4165987878577742
"Mahle, Tyler","DeSclafani, Anthony",2020,R,6,0.4571787739702921
"Mahle, Tyler","Pagán, Emilio",2020,R,7,0.47078681119671256
"Mahle, Tyler","Adam, Jason",2020,R,8,0.4795897496759376
"Mahle, Tyler","Wilson, Bryse",2020,R,9,0.5051201574035648
"Mahle, Tyler","López, Pablo",2020,R,10,0.5145656827865808
"Marshall, Evan","Greene, Shane",2020,R,1,0.36103642187771057
"Marshall, Evan","Andriese, Matt",2020,R,2,0.4745673638225791
"Marshall, Evan","Santana, Dennis",2020,R,3,0.5855521172497695
"Marshall, Evan","Mayers, Mike",2020,R,4,0.6316672666281326
"Marshall, Evan","Brach, Brad",2020,R,5,0.6645558324809037
"Marshall, Evan","Boxberger, Brad",2020,R,6,0.6729567638917984
"Marshall, Evan","Stashak, Cody",2020,R,7,0.7682125481715012
"Marshall, Evan","Cobb, Alex",2020,R,8,0.7854895602363129
"Marshall, Evan","Johnson, Pierce",2020,R,9,0.7967693820977972
"Marshall, Evan","Canning, Griffin",2020,R,10,0.8273680070169145
"Martin, Chris","Curtiss, John",2020,R,1,0.5064889835702757
"Martin, Chris","Gausman, Kevin",2020,R,2,0.5561356697116507
"Martin, Chris","Floro, Dylan",2020,R,3,0.5720164667028673
"Martin, Chris","Armstrong, Shawn",2020,R,4,0.5842460053904825
"Martin, Chris","Bradley, Archie",2020,R,5,0.5916751160897311
"Martin, Chris","Underwood Jr., Duane",2020,R,6,0.6067536413653127
"Martin, Chris","Suero, Wander",2020,R,7,0.6171307564113684
"Martin, Chris","Hunter, Tommy",2020,R,8,0.6392456157510772
"Martin, Chris","Sneed, Cy",2020,R,9,0.6861924387393551
"Martin, Chris","Hartlieb, Geoff",2020,R,10,0.6978313189353123
"Martinez, Carlos","Sims, Lucas",2020,R,1,0.432205307010572
"Martinez, Carlos","Dobnak, Randy",2020,R,2,0.5498636602392519
"Martinez, Carlos","Boxberger, Brad",2020,R,3,0.7171036097175216
"Martinez, Carlos","Javier, Cristian",2020,R,4,0.8358608326843905
"Martinez, Carlos","Mayers, Mike",2020,R,5,0.9008072557904199
"Martinez, Carlos","Andriese, Matt",2020,R,6,0.9596591510875878
"Martinez, Carlos","Marshall, Evan",2020,R,7,0.9962060187025886
"Martinez, Carlos","Cueto, Johnny",2020,R,8,1.008765259170429
"Martinez, Carlos","McCullers Jr., Lance",2020,R,9,1.014004515214794
"Martinez, Carlos","Stashak, Cody",2020,R,10,1.0429823337851671
"Maton, Phil","Williams, Trevor",2020,R,1,0.3714106885793142
"Maton, Phil","Barlow, Scott",2020,R,2,0.37968819715338387
"Maton, Phil","Ottavino, Adam",2020,R,3,0.6816705462594435
"Maton, Phil","Oswalt, Corey",2020,R,4,0.7514455171117294
"Maton, Phil","Wojciechowski, Asher",2020,R,5,0.8229946746546964
"Maton, Phil","Nola, Aaron",2020,R,6,0.8592459522438489
"Maton, Phil","Clevinger, Mike",2020,R,7,0.8682578212542222
"Maton, Phil","Mazza, Chris",2020,R,8,0.8972454051033255
"Maton, Phil","Williams, Devin",2020,R,9,0.9106473934417585
"Maton, Phil","Walden, Marcus",2020,R,10,0.9470161232222309
"May, Dustin","Hudson, Daniel",2020,R,1,0.4492450563516916
"May, Dustin","Castro, Miguel",2020,R,2,0.7266528140758868
"May, Dustin","Loáisiga, Jonathan",2020,R,3,0.895995717959549
"May, Dustin","Hernández, Jonathan",2020,R,4,0.8999366639631503
"May, Dustin","Finnegan, Kyle",2020,R,5,0.9563694294522024
"May, Dustin","Estévez, Carlos",2020,R,6,0.9913503665134877
"May, Dustin","Paredes, Enoli",2020,R,7,1.0728915603212907
"May, Dustin","Bard, Daniel",2020,R,8,1.0750993105759725
"May, Dustin","Stock, Robert",2020,R,9,1.0754841044224304
"May, Dustin","Cole, Gerrit",2020,R,10,1.0898045805558523
"May, Trevor","Brasier, Ryan",2020,R,1,0.3666490048673957
"May, Trevor","Hernández, Carlos",2020,R,2,0.44574042365358035
"May, Trevor","López, Yoan",2020,R,3,0.6007203841728086
"May, Trevor","Pearson, Nate",2020,R,4,0.651421944892808
"May, Trevor","Patiño, Luis",2020,R,5,0.6783107192075999
"May, Trevor","Velasquez, Vince",2020,R,6,0.7538584648712252
"May, Trevor","Sulser, Cole",2020,R,7,0.7651194820091692
"May, Trevor","Oviedo, Johan",2020,R,8,0.7727967906468626
"May, Trevor","Funkhouser, Kyle",2020,R,9,0.7774849114292839
"May, Trevor","Williams, Devin",2020,R,10,0.7851467694427225
"Mayers, Mike","Johnson, Pierce",2020,R,1,0.36238821009365757
"Mayers, Mike","Boxberger, Brad",2020,R,2,0.3736935487496132
"Mayers, Mike","Canning, Griffin",2020,R,3,0.43622703284298
"Mayers, Mike","Santana, Dennis",2020,R,4,0.44573336054614876
"Mayers, Mike","González, Chi Chi",2020,R,5,0.5021571170135798
"Mayers, Mike","Andriese, Matt",2020,R,6,0.5759430843023275
"Mayers, Mike","Marshall, Evan",2020,R,7,0.6316672666281326
"Mayers, Mike","Peña, Félix",2020,R,8,0.672501851379653
"Mayers, Mike","Greene, Shane",2020,R,9,0.7175281415156353
"Mayers, Mike","Cobb, Alex",2020,R,10,0.7404132655100832
"Mazza, Chris","Flaherty, Jack",2020,R,1,0.6176776981014344
"Mazza, Chris","Hughes, Jared",2020,R,2,0.7749178732223695
"Mazza, Chris","Ottavino, Adam",2020,R,3,0.8053612396700427
"Mazza, Chris","Maton, Phil",2020,R,4,0.8972454051033255
"Mazza, Chris","Williams, Devin",2020,R,5,0.9071561400076624
"Mazza, Chris","Kuhl, Chad",2020,R,6,0.9263816584526553
"Mazza, Chris","Williams, Trevor",2020,R,7,0.9340485696451185
"Mazza, Chris","Berríos, José",2020,R,8,0.9454044343331065
"Mazza, Chris","López, Pablo",2020,R,9,0.950186389478556
"Mazza, Chris","Gallen, Zac",2020,R,10,0.9534847162445786
"McCullers Jr., Lance","Castellani, Ryan",2020,R,1,0.3067836157350766
"McCullers Jr., Lance","Javier, Cristian",2020,R,2,0.3202011171490969
"McCullers Jr., Lance","Webb, Jacob",2020,R,3,0.46461740386104117
"McCullers Jr., Lance","Lugo, Seth",2020,R,4,0.4974252794749349
"McCullers Jr., Lance","Chavez, Jesse",2020,R,5,0.5150226125428902
"McCullers Jr., Lance","Tanaka, Masahiro",2020,R,6,0.5629705809060386
"McCullers Jr., Lance","King, Michael",2020,R,7,0.6568839942517221
"McCullers Jr., Lance","Vincent, Nick",2020,R,8,0.6776738297027621
"McCullers Jr., Lance","Kelly, Joe",2020,R,9,0.7220846998555385
"McCullers Jr., Lance","Zuber, Tyler",2020,R,10,0.7291158229808941
"McKenzie, Triston","Paddack, Chris",2020,R,1,0.4823700193199416
"McKenzie, Triston","Wacha, Michael",2020,R,2,0.5278491708440574
"McKenzie, Triston","Jackson, Luke",2020,R,3,0.5696480221426876
"McKenzie, Triston","Slegers, Aaron",2020,R,4,0.5822844759292075
"McKenzie, Triston","Ponce, Cody",2020,R,5,0.660001252747634
"McKenzie, Triston","Anderson, Ian",2020,R,6,0.6637224963408533
"McKenzie, Triston","Barnes, Matt",2020,R,7,0.7172194941905373
"McKenzie, Triston","Neverauskas, Dovydas",2020,R,8,0.7364768580446036
"McKenzie, Triston","Lyles, Jordan",2020,R,9,0.743066577907581
"McKenzie, Triston","Pivetta, Nick",2020,R,10,0.7440074333052279
"Mejía, Humberto","Barria, Jaime",2020,R,1,0.35524328015281087
"Mejía, Humberto","Covey, Dylan",2020,R,2,0.3854493198246183
"Mejía, Humberto","Musgrove, Joe",2020,R,3,0.4456698537158059
"Mejía, Humberto","Nova, Iván",2020,R,4,0.5366103024388904
"Mejía, Humberto","Newberry, Jake",2020,R,5,0.572259156594414
"Mejía, Humberto","Walker, Taijuan",2020,R,6,0.5931408351134464
"Mejía, Humberto","Bedrosian, Cam",2020,R,7,0.6080651853927973
"Mejía, Humberto","Porcello, Rick",2020,R,8,0.6777516044928837
"Mejía, Humberto","Urquidy, José",2020,R,9,0.6818752492208348
"Mejía, Humberto","Keller, Brad",2020,R,10,0.6947493105777813
"Melancon, Mark","Pineda, Michael",2020,R,1,0.21878108318016593
"Melancon, Mark","Gant, John",2020,R,2,0.45375995693235205
"Melancon, Mark","Brewer, Colten",2020,R,3,0.5914924634181155
"Melancon, Mark","Walker, Taijuan",2020,R,4,0.6168911332012724
"Melancon, Mark","Nova, Iván",2020,R,5,0.6565042641161822
"Melancon, Mark","Hahn, Jesse",2020,R,6,0.688524020830917
"Melancon, Mark","Hartlieb, Geoff",2020,R,7,0.7617170023087092
"Melancon, Mark","Sneed, Cy",2020,R,8,0.8071549602010673
"Melancon, Mark","Shoemaker, Matt",2020,R,9,0.8211538870758692
"Melancon, Mark","Wick, Rowan",2020,R,10,0.8255869583477586
"Mengden, Daniel","Wojciechowski, Asher",2020,R,1,0.4306661935884606
"Mengden, Daniel","Dunn, Justin",2020,R,2,0.56129804111413
"Mengden, Daniel","Darvish, Yu",2020,R,3,0.5676078035177662
"Mengden, Daniel","García, Deivi",2020,R,4,0.5893154586217496
"Mengden, Daniel","Hernández, Elieser",2020,R,5,0.6330737814345562
"Mengden, Daniel","Cole, A.J.",2020,R,6,0.6746384633767462
"Mengden, Daniel","Clevinger, Mike",2020,R,7,0.6891610170718129
"Mengden, Daniel","Hale, David",2020,R,8,0.7021062391083976
"Mengden, Daniel","Woodford, Jake",2020,R,9,0.7145135295680812
"Mengden, Daniel","Soria, Joakim",2020,R,10,0.738289712887209
"Merryweather, Julian","Houser, Adrian",2020,R,1,0.3127632821826118
"Merryweather, Julian","Kintzler, Brandon",2020,R,2,0.32798454349284745
"Merryweather, Julian","Sulser, Cole",2020,R,3,0.3961566637838148
"Merryweather, Julian","Fulmer, Michael",2020,R,4,0.41719940554190205
"Merryweather, Julian","Guerra, Junior",2020,R,5,0.463186927120291
"Merryweather, Julian","Fedde, Erick",2020,R,6,0.49983784296149214
"Merryweather, Julian","Burnes, Corbin",2020,R,7,0.505611252638044
"Merryweather, Julian","Bass, Anthony",2020,R,8,0.5214065219190872
"Merryweather, Julian","Gibaut, Ian",2020,R,9,0.5770312589262385
"Merryweather, Julian","Pearson, Nate",2020,R,10,0.6026640273077731
"Middleton, Keynan","Rasmussen, Drew",2020,R,1,0.3501040884947113
"Middleton, Keynan","Rainey, Tanner",2020,R,2,0.393545480255379
"Middleton, Keynan","Green, Chad",2020,R,3,0.5409331688962983
"Middleton, Keynan","Loáisiga, Jonathan",2020,R,4,0.5992994999825789
"Middleton, Keynan","Barnes, Jacob",2020,R,5,0.6889381697015525
"Middleton, Keynan","Finnegan, Kyle",2020,R,6,0.7569641795279649
"Middleton, Keynan","Weems, Jordan",2020,R,7,0.7659401699892245
"Middleton, Keynan","Estévez, Carlos",2020,R,8,0.7944410105569962
"Middleton, Keynan","Reyes, Alex",2020,R,9,0.8604372709655951
"Middleton, Keynan","James, Josh",2020,R,10,0.8664858957808256
"Mills, Alec","Maeda, Kenta",2020,R,1,0.73871394762844
"Mills, Alec","Davies, Zach",2020,R,2,0.741946484007051
"Mills, Alec","Lindblom, Josh",2020,R,3,0.8387748533951527
"Mills, Alec","Goody, Nick",2020,R,4,0.8934050609589989
"Mills, Alec","Bundy, Dylan",2020,R,5,0.960395380355001
"Mills, Alec","Yamamoto, Jordan",2020,R,6,1.0133962160003145
"Mills, Alec","Wisler, Matt",2020,R,7,1.017414911915319
"Mills, Alec","Smith, Josh A.",2020,R,8,1.0484960210827174
"Mills, Alec","Clippard, Tyler",2020,R,9,1.0559723669278271
"Mills, Alec","Hendricks, Kyle",2020,R,10,1.101790214335177
"Mize, Casey","Hembree, Heath",2020,R,1,0.2857410889935082
"Mize, Casey","DeSclafani, Anthony",2020,R,2,0.2993164181915386
"Mize, Casey","Singer, Brady",2020,R,3,0.3138551954988259
"Mize, Casey","Bieber, Shane",2020,R,4,0.4476152249921954
"Mize, Casey","Carrasco, Carlos",2020,R,5,0.49671472407991074
"Mize, Casey","Velasquez, Vince",2020,R,6,0.49728905201950147
"Mize, Casey","Almonte, Yency",2020,R,7,0.5289265929566254
"Mize, Casey","Jeffress, Jeremy",2020,R,8,0.5406933552017217
"Mize, Casey","Fedde, Erick",2020,R,9,0.54228044811602
"Mize, Casey","Pagán, Emilio",2020,R,10,0.6004834541293983
"Montas, Frankie","Jones, Nate",2020,R,1,0.315813028411569
"Montas, Frankie","Lamet, Dinelson",2020,R,2,0.33288433610925644
"Montas, Frankie","Stanek, Ryne",2020,R,3,0.43710121380265815
"Montas, Frankie","Guerra, Javy",2020,R,4,0.4734088277474549
"Montas, Frankie","Díaz, Jairo",2020,R,5,0.5208804160117606
"Montas, Frankie","Lorenzen, Michael",2020,R,6,0.6286989717940503
"Montas, Frankie","Familia, Jeurys",2020,R,7,0.7361081928291912
"Montas, Frankie","Cease, Dylan",2020,R,8,0.7517879918871039
"Montas, Frankie","Gonsolin, Tony",2020,R,9,0.7608592246534716
"Montas, Frankie","Alcantara, Sandy",2020,R,10,0.7998783422105679
"Montero, Rafael","Cisnero, José",2020,R,1,0.46098006164896416
"Montero, Rafael","Robles, Hansel",2020,R,2,0.49989010464910927
"Montero, Rafael","Paredes, Enoli",2020,R,3,0.5428256585553703
"Montero, Rafael","Hernández, Jonathan",2020,R,4,0.6655863647828302
"Montero, Rafael","Bard, Daniel",2020,R,5,0.8163356710095648
"Montero, Rafael","Stock, Robert",2020,R,6,0.9719651104499237
"Montero, Rafael","Graveman, Kendall",2020,R,7,1.0806101159225148
"Montero, Rafael","Buehler, Walker",2020,R,8,1.0844342529796493
"Montero, Rafael","Kelly, Joe",2020,R,9,1.0927365136754061
"Montero, Rafael","Chatwood, Tyler",2020,R,10,1.121259427498796
"Morton, Charlie","Webb, Logan",2020,R,1,0.2834128946506007
"Morton, Charlie","Bauer, Trevor",2020,R,2,0.35987611399874914
"Morton, Charlie","Hale, David",2020,R,3,0.39463923501849885
"Morton, Charlie","Kelly, Merrill",2020,R,4,0.41222049575714925
"Morton, Charlie","Antone, Tejay",2020,R,5,0.4405150085723555
"Morton, Charlie","Hernández, Elieser",2020,R,6,0.4719524858460701
"Morton, Charlie","Soria, Joakim",2020,R,7,0.4742100926189867
"Morton, Charlie","García, Deivi",2020,R,8,0.47601146640020675
"Morton, Charlie","Woodford, Jake",2020,R,9,0.4839029525510561
"Morton, Charlie","Bassitt, Chris",2020,R,10,0.4906211710688125
"Musgrove, Joe","Scrubb, Andre",2020,R,1,0.4318867853626587
"Musgrove, Joe","Mejía, Humberto",2020,R,2,0.4456698537158059
"Musgrove, Joe","Barria, Jaime",2020,R,3,0.5316004626157225
"Musgrove, Joe","Bedrosian, Cam",2020,R,4,0.5597948757606754
"Musgrove, Joe","Covey, Dylan",2020,R,5,0.5617469356401613
"Musgrove, Joe","Porcello, Rick",2020,R,6,0.5736356851941892
"Musgrove, Joe","Urquidy, José",2020,R,7,0.6134017469764017
"Musgrove, Joe","Newberry, Jake",2020,R,8,0.6620132313024023
"Musgrove, Joe","Anderson, Chase",2020,R,9,0.7625807884831011
"Musgrove, Joe","Walker, Taijuan",2020,R,10,0.8452259116668642
"Márquez, Germán","Phelps, David",2020,R,1,0.88277884575218
"Márquez, Germán","Bielak, Brandon",2020,R,2,0.9151357251924508
"Márquez, Germán","Castillo, Diego",2020,R,3,0.9499447196349464
"Márquez, Germán","Kinley, Tyler",2020,R,4,1.0619105327757181
"Márquez, Germán","Buttrey, Ty",2020,R,5,1.071150442684556
"Márquez, Germán","Canning, Griffin",2020,R,6,1.1559152034510312
"Márquez, Germán","Gallegos, Giovanny",2020,R,7,1.276869369308777
"Márquez, Germán","Johnson, Pierce",2020,R,8,1.2831373342775847
"Márquez, Germán","Cobb, Alex",2020,R,9,1.3110614979046114
"Márquez, Germán","Jones, Nate",2020,R,10,1.3315879428699968
"Nelson, Nick","Lynn, Lance",2020,R,1,0.292618143325677
"Nelson, Nick","Ureña, José",2020,R,2,0.4392644845146755
"Nelson, Nick","James, Josh",2020,R,3,0.452464903211636
"Nelson, Nick","Loáisiga, Jonathan",2020,R,4,0.46248884256053896
"Nelson, Nick","Stock, Robert",2020,R,5,0.47339520675420516
"Nelson, Nick","Estévez, Carlos",2020,R,6,0.5616935723299525
"Nelson, Nick","Phillips, Evan",2020,R,7,0.5797902887652399
"Nelson, Nick","Cole, Gerrit",2020,R,8,0.603571827189539
"Nelson, Nick","Finnegan, Kyle",2020,R,9,0.6262522940768965
"Nelson, Nick","Jiménez, Joe",2020,R,10,0.6732518020912004
"Neris, Héctor","Tate, Dillon",2020,R,1,0.23078124972673686
"Neris, Héctor","Wright, Kyle",2020,R,2,0.28503755967556244
"Neris, Héctor","Garcia, Luis",2020,R,3,0.4145785444638338
"Neris, Héctor","Phillips, Evan",2020,R,4,0.41534051265492566
"Neris, Héctor","Senzatela, Antonio",2020,R,5,0.42207012337616046
"Neris, Héctor","Turnbull, Spencer",2020,R,6,0.4633559325023253
"Neris, Héctor","Smith, Riley",2020,R,7,0.478654351007154
"Neris, Héctor","López, Jorge",2020,R,8,0.52863582523648
"Neris, Héctor","Hatch, Thomas",2020,R,9,0.5895464324536579
"Neris, Héctor","Tepera, Ryan",2020,R,10,0.5959155988144692
"Neverauskas, Dovydas","Jackson, Luke",2020,R,1,0.5599592544226699
"Neverauskas, Dovydas","Giolito, Lucas",2020,R,2,0.5796805043808771
"Neverauskas, Dovydas","Pivetta, Nick",2020,R,3,0.619383474914635
"Neverauskas, Dovydas","Font, Wilmer",2020,R,4,0.6997491330856757
"Neverauskas, Dovydas","Wacha, Michael",2020,R,5,0.7039874930365743
"Neverauskas, Dovydas","Barnes, Matt",2020,R,6,0.7084799377460951
"Neverauskas, Dovydas","Gibson, Kyle",2020,R,7,0.7234049867704502
"Neverauskas, Dovydas","McKenzie, Triston",2020,R,8,0.7364768580446036
"Neverauskas, Dovydas","Harris, Will",2020,R,9,0.7526463576373986
"Neverauskas, Dovydas","Quantrill, Cal",2020,R,10,0.7937997804203147
"Newberry, Jake","Covey, Dylan",2020,R,1,0.2593928051778608
"Newberry, Jake","Barria, Jaime",2020,R,2,0.3382050720115427
"Newberry, Jake","Urquidy, José",2020,R,3,0.3666973794459623
"Newberry, Jake","Cobb, Alex",2020,R,4,0.40050956795131043
"Newberry, Jake","Porcello, Rick",2020,R,5,0.4099322456489558
"Newberry, Jake","Cessa, Luis",2020,R,6,0.4766548876789595
"Newberry, Jake","Bedrosian, Cam",2020,R,7,0.4930779817709635
"Newberry, Jake","Mejía, Humberto",2020,R,8,0.572259156594414
"Newberry, Jake","Anderson, Chase",2020,R,9,0.5897182786114074
"Newberry, Jake","Keller, Brad",2020,R,10,0.6081710981358956
"Newsome, Ljay","Castellanos, Humberto",2020,R,1,0.32681667570793216
"Newsome, Ljay","Dugger, Robert",2020,R,2,0.4499370949167715
"Newsome, Ljay","Tanaka, Masahiro",2020,R,3,0.5745155120599029
"Newsome, Ljay","Teheran, Julio",2020,R,4,0.6785353078923863
"Newsome, Ljay","Castellani, Ryan",2020,R,5,0.7306418615930994
"Newsome, Ljay","Crichton, Stefan",2020,R,6,0.7981019779848301
"Newsome, Ljay","Yamaguchi, Shun",2020,R,7,0.8206381459023399
"Newsome, Ljay","Smith, Josh A.",2020,R,8,0.8981417189355562
"Newsome, Ljay","Webb, Jacob",2020,R,9,0.9011638807181531
"Newsome, Ljay","Davies, Zach",2020,R,10,0.9018795818121585
"Nola, Aaron","Grotz, Zac",2020,R,1,0.8463424188120672
"Nola, Aaron","Maton, Phil",2020,R,2,0.8592459522438489
"Nola, Aaron","Barlow, Scott",2020,R,3,0.8760127644714347
"Nola, Aaron","Ottavino, Adam",2020,R,4,1.0161925024274852
"Nola, Aaron","Hughes, Jared",2020,R,5,1.0710830759526628
"Nola, Aaron","Williams, Trevor",2020,R,6,1.084163641127348
"Nola, Aaron","Valdez, Phillips",2020,R,7,1.0996334686506808
"Nola, Aaron","García, Deivi",2020,R,8,1.1611085487708757
"Nola, Aaron","Mazza, Chris",2020,R,9,1.175963802082864
"Nola, Aaron","Oswalt, Corey",2020,R,10,1.2213361058074772
"Nova, Iván","Barria, Jaime",2020,R,1,0.43706066949730205
"Nova, Iván","Covey, Dylan",2020,R,2,0.4506543042915545
"Nova, Iván","Mejía, Humberto",2020,R,3,0.5366103024388904
"Nova, Iván","Walker, Taijuan",2020,R,4,0.6203482634583289
"Nova, Iván","Bedrosian, Cam",2020,R,5,0.6314423829590192
"Nova, Iván","Arrieta, Jake",2020,R,6,0.6404285747676853
"Nova, Iván","Melancon, Mark",2020,R,7,0.6565042641161822
"Nova, Iván","Newberry, Jake",2020,R,8,0.659828476926005
"Nova, Iván","Brubaker, JT",2020,R,9,0.6640962408504177
"Nova, Iván","Gant, John",2020,R,10,0.7012525059375446
"O'Day, Darren","Thompson, Ryan",2020,R,1,1.2835554081076517
"O'Day, Darren","Schreiber, John",2020,R,2,1.6901269124365932
"O'Day, Darren","Cishek, Steve",2020,R,3,2.293088845174503
"O'Day, Darren","Grotz, Zac",2020,R,4,2.412939798546543
"O'Day, Darren","Valdez, Phillips",2020,R,5,2.474255144577664
"O'Day, Darren","Yardley, Eric",2020,R,6,2.5620824224133654
"O'Day, Darren","Nola, Aaron",2020,R,7,2.6567430081101255
"O'Day, Darren","Romo, Sergio",2020,R,8,2.726197413142397
"O'Day, Darren","Teheran, Julio",2020,R,9,2.8336841671692823
"O'Day, Darren","Ramirez, Noé",2020,R,10,3.0943530757639834
"Odorizzi, Jake","Stashak, Cody",2020,R,1,0.4326604123945098
"Odorizzi, Jake","Sadler, Casey",2020,R,2,0.4471836468145338
"Odorizzi, Jake","Alzolay, Adbert",2020,R,3,0.5382202089068037
"Odorizzi, Jake","Garcia, Luis",2020,R,4,0.5496525369203917
"Odorizzi, Jake","Plutko, Adam",2020,R,5,0.5819152902409199
"Odorizzi, Jake","Lugo, Seth",2020,R,6,0.5994666153332577
"Odorizzi, Jake","Plesac, Zach",2020,R,7,0.603679157618067
"Odorizzi, Jake","Lakins, Travis",2020,R,8,0.6133282449225914
"Odorizzi, Jake","Holland, Greg",2020,R,9,0.6256680790977828
"Odorizzi, Jake","Lail, Brady",2020,R,10,0.6604605361368944
"Oswalt, Corey","Walden, Marcus",2020,R,1,0.3308694047081721
"Oswalt, Corey","López, Pablo",2020,R,2,0.5927656687357133
"Oswalt, Corey","Williams, Devin",2020,R,3,0.6485400411558588
"Oswalt, Corey","Mize, Casey",2020,R,4,0.692840221325182
"Oswalt, Corey","Hembree, Heath",2020,R,5,0.7340794416268056
"Oswalt, Corey","Ramírez, Yohan",2020,R,6,0.7429395853387523
"Oswalt, Corey","Maton, Phil",2020,R,7,0.7514455171117294
"Oswalt, Corey","Singer, Brady",2020,R,8,0.7757339150555824
"Oswalt, Corey","DeSclafani, Anthony",2020,R,9,0.796425644479849
"Oswalt, Corey","Hernández, Carlos",2020,R,10,0.8072869091732168
"Ottavino, Adam","Maton, Phil",2020,R,1,0.6816705462594435
"Ottavino, Adam","Peralta, Freddy",2020,R,2,0.7186346980295061
"Ottavino, Adam","Mazza, Chris",2020,R,3,0.8053612396700427
"Ottavino, Adam","Toussaint, Touki",2020,R,4,0.8208009974768419
"Ottavino, Adam","Williams, Trevor",2020,R,5,0.8415284093980281
"Ottavino, Adam","Barlow, Scott",2020,R,6,0.8692197553842279
"Ottavino, Adam","Nola, Aaron",2020,R,7,1.0161925024274852
"Ottavino, Adam","Wojciechowski, Asher",2020,R,8,1.1342279682971301
"Ottavino, Adam","Ramírez, Yohan",2020,R,9,1.161150959023362
"Ottavino, Adam","Williams, Devin",2020,R,10,1.1696460608265549
"Oviedo, Johan","Hernández, Carlos",2020,R,1,0.4209000306997627
"Oviedo, Johan","Anderson, Ian",2020,R,2,0.48636092176626844
"Oviedo, Johan","Williams, Devin",2020,R,3,0.6380972756163145
"Oviedo, Johan","López, Yoan",2020,R,4,0.7592742199485584
"Oviedo, Johan","Pearson, Nate",2020,R,5,0.7621539772828022
"Oviedo, Johan","May, Trevor",2020,R,6,0.7727967906468626
"Oviedo, Johan","Jansen, Kenley",2020,R,7,0.8925483173724563
"Oviedo, Johan","Wacha, Michael",2020,R,8,0.9256980818601264
"Oviedo, Johan","McKenzie, Triston",2020,R,9,0.9536982759416065
"Oviedo, Johan","Slegers, Aaron",2020,R,10,0.95410212020475
"Paddack, Chris","McKenzie, Triston",2020,R,1,0.4823700193199416
"Paddack, Chris","Wacha, Michael",2020,R,2,0.5414622611990092
"Paddack, Chris","Jackson, Luke",2020,R,3,0.5769807588200881
"Paddack, Chris","Ginkel, Kevin",2020,R,4,0.6667143892370407
"Paddack, Chris","Kilome, Franklyn",2020,R,5,0.6714356630324705
"Paddack, Chris","Rodríguez, Richard",2020,R,6,0.6748020121278963
"Paddack, Chris","Slegers, Aaron",2020,R,7,0.6939070480967938
"Paddack, Chris","Pearson, Nate",2020,R,8,0.7000392497582375
"Paddack, Chris","Anderson, Shaun",2020,R,9,0.7101400263414596
"Paddack, Chris","Armstrong, Shawn",2020,R,10,0.7176100004404745
"Pagán, Emilio","Funkhouser, Kyle",2020,R,1,0.2897348411054069
"Pagán, Emilio","Cole, Gerrit",2020,R,2,0.3170143801146714
"Pagán, Emilio","Hembree, Heath",2020,R,3,0.3388214745585871
"Pagán, Emilio","Eovaldi, Nathan",2020,R,4,0.3771110928514059
"Pagán, Emilio","DeSclafani, Anthony",2020,R,5,0.3969582379841669
"Pagán, Emilio","Mahle, Tyler",2020,R,6,0.47078681119671256
"Pagán, Emilio","Velasquez, Vince",2020,R,7,0.5136975457729106
"Pagán, Emilio","Rondón, Héctor",2020,R,8,0.5211494476930154
"Pagán, Emilio","Graveman, Kendall",2020,R,9,0.5698254382945218
"Pagán, Emilio","Finnegan, Kyle",2020,R,10,0.576416276128675
"Paredes, Enoli","Stock, Robert",2020,R,1,0.49607269562919487
"Paredes, Enoli","Cisnero, José",2020,R,2,0.5041642877872207
"Paredes, Enoli","Hernández, Jonathan",2020,R,3,0.5089672411166875
"Paredes, Enoli","Montero, Rafael",2020,R,4,0.5428256585553703
"Paredes, Enoli","Robles, Hansel",2020,R,5,0.5503706969426547
"Paredes, Enoli","Bard, Daniel",2020,R,6,0.5664291618535582
"Paredes, Enoli","Chatwood, Tyler",2020,R,7,0.6763217544976629
"Paredes, Enoli","Graveman, Kendall",2020,R,8,0.7621457701551523
"Paredes, Enoli","Turnbull, Spencer",2020,R,9,0.7915805801435463
"Paredes, Enoli","James, Josh",2020,R,10,0.8161280651311023
"Parker, Blake","Wainwright, Adam",2020,R,1,0.9139718608092164
"Parker, Blake","Richards, Trevor",2020,R,2,1.166478850218258
"Parker, Blake","Hirano, Yoshihisa",2020,R,3,1.2751959529260084
"Parker, Blake","Waguespack, Jacob",2020,R,4,1.4077343203310313
"Parker, Blake","Lyles, Jordan",2020,R,5,1.470063740707913
"Parker, Blake","Petit, Yusmeiro",2020,R,6,1.4830304806352892
"Parker, Blake","Workman, Brandon",2020,R,7,1.5361950604606986
"Parker, Blake","Hill, Cam",2020,R,8,1.5513872725659004
"Parker, Blake","Gibson, Kyle",2020,R,9,1.5525527203861846
"Parker, Blake","Giolito, Lucas",2020,R,10,1.5588123109617278
"Patiño, Luis","Hendriks, Liam",2020,R,1,0.2699076994018198
"Patiño, Luis","Brasier, Ryan",2020,R,2,0.4362574510927549
"Patiño, Luis","Wheeler, Zack",2020,R,3,0.563682588658377
"Patiño, Luis","May, Trevor",2020,R,4,0.6783107192075999
"Patiño, Luis","López, Yoan",2020,R,5,0.7539966643501026
"Patiño, Luis","Woodruff, Brandon",2020,R,6,0.8285055977917215
"Patiño, Luis","Cordero, Jimmy",2020,R,7,0.842806507572029
"Patiño, Luis","Heuer, Codi",2020,R,8,0.9275085933699753
"Patiño, Luis","Green, Chad",2020,R,9,0.9289833378499096
"Patiño, Luis","Romano, Jordan",2020,R,10,0.9668087939723744
"Pearson, Nate","Wittgren, Nick",2020,R,1,0.29085688238583807
"Pearson, Nate","Anderson, Shaun",2020,R,2,0.45437120759573635
"Pearson, Nate","Sulser, Cole",2020,R,3,0.4900649297837532
"Pearson, Nate","López, Yoan",2020,R,4,0.4982599475379002
"Pearson, Nate","Velasquez, Vince",2020,R,5,0.5378694006675703
"Pearson, Nate","Wacha, Michael",2020,R,6,0.5603705181868895
"Pearson, Nate","Almonte, Yency",2020,R,7,0.5604823896546662
"Pearson, Nate","Hernández, Carlos",2020,R,8,0.5679845019270281
"Pearson, Nate","Fedde, Erick",2020,R,9,0.5975376159518587
"Pearson, Nate","Merryweather, Julian",2020,R,10,0.6026640273077731
"Peralta, Freddy","Ottavino, Adam",2020,R,1,0.7186346980295061
"Peralta, Freddy","Ramírez, Yohan",2020,R,2,1.022046281075969
"Peralta, Freddy","Maton, Phil",2020,R,3,1.137342270484052
"Peralta, Freddy","Valdez, Phillips",2020,R,4,1.220966926728672
"Peralta, Freddy","Nola, Aaron",2020,R,5,1.2353149190037043
"Peralta, Freddy","Mazza, Chris",2020,R,6,1.2638305395262683
"Peralta, Freddy","Oswalt, Corey",2020,R,7,1.3900057135497046
"Peralta, Freddy","Barlow, Scott",2020,R,8,1.414820593829462
"Peralta, Freddy","Williams, Trevor",2020,R,9,1.4333124051360229
"Peralta, Freddy","Widener, Taylor",2020,R,10,1.4630299874558332
"Perdomo, Luis","Foster, Matt",2020,R,1,0.2489934989958767
"Perdomo, Luis","Lakins, Travis",2020,R,2,0.2939981496089811
"Perdomo, Luis","Farmer, Buck",2020,R,3,0.3083613987085777
"Perdomo, Luis","Cease, Dylan",2020,R,4,0.3473670590198129
"Perdomo, Luis","Harvey, Matt",2020,R,5,0.4023002840008608
"Perdomo, Luis","González, Chi Chi",2020,R,6,0.4068893424302038
"Perdomo, Luis","Brubaker, JT",2020,R,7,0.4578254842546536
"Perdomo, Luis","Wright, Kyle",2020,R,8,0.459171431192059
"Perdomo, Luis","Díaz, Jairo",2020,R,9,0.49961531089509686
"Perdomo, Luis","Lamet, Dinelson",2020,R,10,0.5060191294755
"Petit, Yusmeiro","Toussaint, Touki",2020,R,1,0.9067900663424974
"Petit, Yusmeiro","Wojciechowski, Asher",2020,R,2,0.9141334232143049
"Petit, Yusmeiro","Barlow, Scott",2020,R,3,0.9835931492256665
"Petit, Yusmeiro","Williams, Trevor",2020,R,4,1.0510029426827152
"Petit, Yusmeiro","Maton, Phil",2020,R,5,1.238307913864785
"Petit, Yusmeiro","Mengden, Daniel",2020,R,6,1.240190126128989
"Petit, Yusmeiro","Clevinger, Mike",2020,R,7,1.30633070662896
"Petit, Yusmeiro","Ottavino, Adam",2020,R,8,1.331290577947641
"Petit, Yusmeiro","Workman, Brandon",2020,R,9,1.467812170543899
"Petit, Yusmeiro","Parker, Blake",2020,R,10,1.4830304806352892
"Peña, Félix","Wendelken, J.B.",2020,R,1,0.33337428246290135
"Peña, Félix","Brubaker, JT",2020,R,2,0.3810695788824948
"Peña, Félix","Senzatela, Antonio",2020,R,3,0.4381896320856499
"Peña, Félix","Wright, Kyle",2020,R,4,0.4617883363662898
"Peña, Félix","Arrieta, Jake",2020,R,5,0.4749158719244868
"Peña, Félix","Santana, Dennis",2020,R,6,0.5411405717851498
"Peña, Félix","Lakins, Travis",2020,R,7,0.5574837324528139
"Peña, Félix","González, Chi Chi",2020,R,8,0.5630708985934868
"Peña, Félix","Perdomo, Luis",2020,R,9,0.568456740979836
"Peña, Félix","Richards, Garrett",2020,R,10,0.6068893854870074
"Phelps, David","Bielak, Brandon",2020,R,1,0.738070956276264
"Phelps, David","Mayers, Mike",2020,R,2,0.8200897005401951
"Phelps, David","Canning, Griffin",2020,R,3,0.8221555717496063
"Phelps, David","Johnson, Pierce",2020,R,4,0.8582310462050918
"Phelps, David","Márquez, Germán",2020,R,5,0.88277884575218
"Phelps, David","Marshall, Evan",2020,R,6,0.9181894194263484
"Phelps, David","Cobb, Alex",2020,R,7,1.0167762515839935
"Phelps, David","Greene, Shane",2020,R,8,1.0280796237790812
"Phelps, David","Santana, Dennis",2020,R,9,1.0468501872314884
"Phelps, David","Boxberger, Brad",2020,R,10,1.101688040257954
"Phillips, Evan","Ureña, José",2020,R,1,0.30805887359293227
"Phillips, Evan","Turnbull, Spencer",2020,R,2,0.3772075115322472
"Phillips, Evan","Hatch, Thomas",2020,R,3,0.378970132584025
"Phillips, Evan","Tate, Dillon",2020,R,4,0.39421841222985404
"Phillips, Evan","Neris, Héctor",2020,R,5,0.41534051265492566
"Phillips, Evan","Senzatela, Antonio",2020,R,6,0.4483151962721245
"Phillips, Evan","Wright, Kyle",2020,R,7,0.4742838833837698
"Phillips, Evan","Richards, Garrett",2020,R,8,0.5209654896612671
"Phillips, Evan","James, Josh",2020,R,9,0.5232337167900599
"Phillips, Evan","Tepera, Ryan",2020,R,10,0.5496785268556624
"Pineda, Michael","Melancon, Mark",2020,R,1,0.21878108318016593
"Pineda, Michael","Gant, John",2020,R,2,0.41662431262399696
"Pineda, Michael","Brewer, Colten",2020,R,3,0.5070069942634701
"Pineda, Michael","Hahn, Jesse",2020,R,4,0.5169887776065366
"Pineda, Michael","Shoemaker, Matt",2020,R,5,0.641915711149905
"Pineda, Michael","Walker, Taijuan",2020,R,6,0.6795711623521433
"Pineda, Michael","Wick, Rowan",2020,R,7,0.6851350409259525
"Pineda, Michael","Hartlieb, Geoff",2020,R,8,0.6960147250205105
"Pineda, Michael","Sneed, Cy",2020,R,9,0.7601630187894813
"Pineda, Michael","Kremer, Dean",2020,R,10,0.7849439281961896
"Pivetta, Nick","Gibson, Kyle",2020,R,1,0.12851919689065536
"Pivetta, Nick","Giolito, Lucas",2020,R,2,0.3853714558875777
"Pivetta, Nick","Jackson, Luke",2020,R,3,0.44145489240706665
"Pivetta, Nick","Harris, Will",2020,R,4,0.5523710360105482
"Pivetta, Nick","Hill, Cam",2020,R,5,0.5759755226044999
"Pivetta, Nick","Ponce, Cody",2020,R,6,0.5788976715851888
"Pivetta, Nick","Lyles, Jordan",2020,R,7,0.6122651916524958
"Pivetta, Nick","Neverauskas, Dovydas",2020,R,8,0.619383474914635
"Pivetta, Nick","Richards, Trevor",2020,R,9,0.6808050796481
"Pivetta, Nick","McKenzie, Triston",2020,R,10,0.7440074333052279
"Plesac, Zach","Alzolay, Adbert",2020,R,1,0.24164978460460906
"Plesac, Zach","López, Reynaldo",2020,R,2,0.3212471694076769
"Plesac, Zach","Plutko, Adam",2020,R,3,0.36886249258486925
"Plesac, Zach","Lockett, Walker",2020,R,4,0.3983161716955578
"Plesac, Zach","Wick, Rowan",2020,R,5,0.4420576409232816
"Plesac, Zach","Hartlieb, Geoff",2020,R,6,0.4737289099709601
"Plesac, Zach","Kremer, Dean",2020,R,7,0.48365963079725016
"Plesac, Zach","Garcia, Luis",2020,R,8,0.5787624751140369
"Plesac, Zach","Hahn, Jesse",2020,R,9,0.5844380634790547
"Plesac, Zach","López, Jorge",2020,R,10,0.5956352309714418
"Plutko, Adam","Kremer, Dean",2020,R,1,0.23313583590678363
"Plutko, Adam","Plesac, Zach",2020,R,2,0.36886249258486925
"Plutko, Adam","Lail, Brady",2020,R,3,0.42974772933075395
"Plutko, Adam","Alzolay, Adbert",2020,R,4,0.44724981282992265
"Plutko, Adam","Lockett, Walker",2020,R,5,0.4962539749524973
"Plutko, Adam","Hartlieb, Geoff",2020,R,6,0.5329321934391021
"Plutko, Adam","López, Reynaldo",2020,R,7,0.5341082758076411
"Plutko, Adam","Bedrosian, Cam",2020,R,8,0.5696616977754705
"Plutko, Adam","Odorizzi, Jake",2020,R,9,0.5819152902409199
"Plutko, Adam","Duffey, Tyler",2020,R,10,0.5942196669611751
"Ponce de Leon, Daniel","Cody, Kyle",2020,R,1,0.3780811360966856
"Ponce de Leon, Daniel","Keller, Mitch",2020,R,2,0.4570669772489074
"Ponce de Leon, Daniel","Walker, Taijuan",2020,R,3,0.46868561579358603
"Ponce de Leon, Daniel","Brewer, Colten",2020,R,4,0.5491124895509161
"Ponce de Leon, Daniel","Keller, Brad",2020,R,5,0.7117989069060513
"Ponce de Leon, Daniel","Báez, Pedro",2020,R,6,0.7443714218718378
"Ponce de Leon, Daniel","Colomé, Alex",2020,R,7,0.7638158230517625
"Ponce de Leon, Daniel","Clarke, Taylor",2020,R,8,0.7639661582717489
"Ponce de Leon, Daniel","Dolis, Rafael",2020,R,9,0.7703718063687081
"Ponce de Leon, Daniel","Sneed, Cy",2020,R,10,0.817424607932484
"Ponce, Cody","Harris, Will",2020,R,1,0.2750920172351499
"Ponce, Cody","Lyles, Jordan",2020,R,2,0.3993800227441415
"Ponce, Cody","Hoffman, Jeff",2020,R,3,0.4518813428598746
"Ponce, Cody","Hill, Cam",2020,R,4,0.5148450084368744
"Ponce, Cody","Richards, Trevor",2020,R,5,0.515589065195002
"Ponce, Cody","Giolito, Lucas",2020,R,6,0.5260606214182479
"Ponce, Cody","Kilome, Franklyn",2020,R,7,0.5305059729897096
"Ponce, Cody","Gibson, Kyle",2020,R,8,0.56509419816198
"Ponce, Cody","Pivetta, Nick",2020,R,9,0.5788976715851888
"Ponce, Cody","Jackson, Luke",2020,R,10,0.6151943682060491
"Porcello, Rick","Urquidy, José",2020,R,1,0.18897012274225206
"Porcello, Rick","Bedrosian, Cam",2020,R,2,0.2118530000003243
"Porcello, Rick","Covey, Dylan",2020,R,3,0.402514571335234
"Porcello, Rick","Newberry, Jake",2020,R,4,0.4099322456489558
"Porcello, Rick","Cessa, Luis",2020,R,5,0.42903660120408615
"Porcello, Rick","Barria, Jaime",2020,R,6,0.4293769607612066
"Porcello, Rick","Lail, Brady",2020,R,7,0.44035400679716474
"Porcello, Rick","Anderson, Chase",2020,R,8,0.5576374956332021
"Porcello, Rick","Musgrove, Joe",2020,R,9,0.5736356851941892
"Porcello, Rick","Scrubb, Andre",2020,R,10,0.6297396794225958
"Pressly, Ryan","Harvey, Matt",2020,R,1,0.4777496964085952
"Pressly, Ryan","Clarke, Taylor",2020,R,2,0.5255786389573163
"Pressly, Ryan","Alzolay, Adbert",2020,R,3,0.6238632103246058
"Pressly, Ryan","Díaz, Jairo",2020,R,4,0.6474503794820572
"Pressly, Ryan","Cease, Dylan",2020,R,5,0.6625864353818438
"Pressly, Ryan","Farmer, Buck",2020,R,6,0.7167348822951725
"Pressly, Ryan","Perdomo, Luis",2020,R,7,0.7289719028903241
"Pressly, Ryan","Plesac, Zach",2020,R,8,0.7456850518635486
"Pressly, Ryan","Anderson, Nick",2020,R,9,0.7578696865253021
"Pressly, Ryan","Gonsolin, Tony",2020,R,10,0.7635431491522825
"Quantrill, Cal","Font, Wilmer",2020,R,1,0.5468019307742512
"Quantrill, Cal","Hudson, Dakota",2020,R,2,0.618932778049963
"Quantrill, Cal","Bradley, Archie",2020,R,3,0.6884444056060498
"Quantrill, Cal","Fulmer, Michael",2020,R,4,0.7377814396977662
"Quantrill, Cal","Hunter, Tommy",2020,R,5,0.7492435674624639
"Quantrill, Cal","Gsellman, Robert",2020,R,6,0.7806655635740292
"Quantrill, Cal","Neverauskas, Dovydas",2020,R,7,0.7937997804203147
"Quantrill, Cal","Colomé, Alex",2020,R,8,0.803276573053638
"Quantrill, Cal","Anderson, Nick",2020,R,9,0.8156339635281362
"Quantrill, Cal","Curtiss, John",2020,R,10,0.8232174277384643
"Rainey, Tanner","Middleton, Keynan",2020,R,1,0.393545480255379
"Rainey, Tanner","Rasmussen, Drew",2020,R,2,0.5693531653903642
"Rainey, Tanner","Loáisiga, Jonathan",2020,R,3,0.7109139886323599
"Rainey, Tanner","Reyes, Alex",2020,R,4,0.7393783209524766
"Rainey, Tanner","Estévez, Carlos",2020,R,5,0.7894545935528425
"Rainey, Tanner","Alcantara, Sandy",2020,R,6,0.7929031394492242
"Rainey, Tanner","Green, Chad",2020,R,7,0.8189657318314149
"Rainey, Tanner","Ureña, José",2020,R,8,0.8240365834503499
"Rainey, Tanner","Coonrod, Sam",2020,R,9,0.8258114501075285
"Rainey, Tanner","Weems, Jordan",2020,R,10,0.8364969698313652
"Ramirez, Noé","Weber, Ryan",2020,R,1,0.8422899130111411
"Ramirez, Noé","Castellanos, Humberto",2020,R,2,1.1800389363188108
"Ramirez, Noé","Dugger, Robert",2020,R,3,1.3780116109458227
"Ramirez, Noé","Teheran, Julio",2020,R,4,1.3889411734364039
"Ramirez, Noé","Davies, Zach",2020,R,5,1.4148741714587212
"Ramirez, Noé","Newsome, Ljay",2020,R,6,1.459711816227121
"Ramirez, Noé","Cueto, Johnny",2020,R,7,1.5117453611620846
"Ramirez, Noé","Dobnak, Randy",2020,R,8,1.648351495868742
"Ramirez, Noé","Tanaka, Masahiro",2020,R,9,1.689712941917422
"Ramirez, Noé","Mills, Alec",2020,R,10,1.7184634718021665
"Ramírez, Yohan","Widener, Taylor",2020,R,1,0.5005753054919413
"Ramírez, Yohan","Oswalt, Corey",2020,R,2,0.7429395853387523
"Ramírez, Yohan","López, Pablo",2020,R,3,0.8395047834289399
"Ramírez, Yohan","Walden, Marcus",2020,R,4,0.888595713680407
"Ramírez, Yohan","Mazza, Chris",2020,R,5,1.0021620391877957
"Ramírez, Yohan","Peralta, Freddy",2020,R,6,1.022046281075969
"Ramírez, Yohan","Williams, Devin",2020,R,7,1.0454116707464127
"Ramírez, Yohan","Maton, Phil",2020,R,8,1.1261638647362204
"Ramírez, Yohan","Ottavino, Adam",2020,R,9,1.161150959023362
"Ramírez, Yohan","Eflin, Zach",2020,R,10,1.187082445380846
"Rasmussen, Drew","Middleton, Keynan",2020,R,1,0.3501040884947113
"Rasmussen, Drew","Green, Chad",2020,R,2,0.5357901309180142
"Rasmussen, Drew","Rainey, Tanner",2020,R,3,0.5693531653903642
"Rasmussen, Drew","Loáisiga, Jonathan",2020,R,4,0.6094567757000853
"Rasmussen, Drew","Estévez, Carlos",2020,R,5,0.6653960699751154
"Rasmussen, Drew","Coonrod, Sam",2020,R,6,0.6767447246282116
"Rasmussen, Drew","Barnes, Jacob",2020,R,7,0.7036449577217239
"Rasmussen, Drew","Woodruff, Brandon",2020,R,8,0.7110204179427465
"Rasmussen, Drew","Reyes, Alex",2020,R,9,0.7192277802679319
"Rasmussen, Drew","Finnegan, Kyle",2020,R,10,0.7300085528723467
"Rea, Colin","Stratton, Chris",2020,R,1,0.2646873402801249
"Rea, Colin","López, Jorge",2020,R,2,0.3740353198950288
"Rea, Colin","Dunning, Dane",2020,R,3,0.42060612056185764
"Rea, Colin","Smith, Riley",2020,R,4,0.44299010766132607
"Rea, Colin","Gray, Jon",2020,R,5,0.46148538688259283
"Rea, Colin","Hoffman, Jeff",2020,R,6,0.4654533118796077
"Rea, Colin","Lockett, Walker",2020,R,7,0.4687454353009653
"Rea, Colin","Betances, Dellin",2020,R,8,0.47772050515825565
"Rea, Colin","López, Reynaldo",2020,R,9,0.49076378824707517
"Rea, Colin","Holder, Jonathan",2020,R,10,0.4913580357407978
"Reyes, Alex","Trivino III, Lou",2020,R,1,0.35123646627507
"Reyes, Alex","Gsellman, Robert",2020,R,2,0.5094569790462808
"Reyes, Alex","Weems, Jordan",2020,R,3,0.5686791607141305
"Reyes, Alex","Burnes, Corbin",2020,R,4,0.6959815891990015
"Reyes, Alex","Gibaut, Ian",2020,R,5,0.6976117299734326
"Reyes, Alex","Hatch, Thomas",2020,R,6,0.7027890839292819
"Reyes, Alex","Guerra, Javy",2020,R,7,0.7045066966257053
"Reyes, Alex","Rasmussen, Drew",2020,R,8,0.7192277802679319
"Reyes, Alex","Ureña, José",2020,R,9,0.7263055051722395
"Reyes, Alex","James, Josh",2020,R,10,0.7315328433975884
"Richards, Garrett","Iglesias, Raisel",2020,R,1,0.4605180052039534
"Richards, Garrett","Wendelken, J.B.",2020,R,2,0.46283648903453156
"Richards, Garrett","Senzatela, Antonio",2020,R,3,0.5040036160498159
"Richards, Garrett","Phillips, Evan",2020,R,4,0.5209654896612671
"Richards, Garrett","Ureña, José",2020,R,5,0.5381537597831129
"Richards, Garrett","Tate, Dillon",2020,R,6,0.5629507018252283
"Richards, Garrett","Alcantara, Sandy",2020,R,7,0.5644485667500275
"Richards, Garrett","Wright, Kyle",2020,R,8,0.5654147148001096
"Richards, Garrett","Peña, Félix",2020,R,9,0.6068893854870074
"Richards, Garrett","Garcia, Bryan",2020,R,10,0.6112562429004215
"Richards, Trevor","Lyles, Jordan",2020,R,1,0.38139033494250274
"Richards, Trevor","Hill, Cam",2020,R,2,0.4580461583408305
"Richards, Trevor","Ponce, Cody",2020,R,3,0.515589065195002
"Richards, Trevor","Gibson, Kyle",2020,R,4,0.5994450221474841
"Richards, Trevor","Harris, Will",2020,R,5,0.6104102102239416
"Richards, Trevor","Hirano, Yoshihisa",2020,R,6,0.6669359098521264
"Richards, Trevor","Giolito, Lucas",2020,R,7,0.6805151742074474
"Richards, Trevor","Pivetta, Nick",2020,R,8,0.6808050796481
"Richards, Trevor","Waguespack, Jacob",2020,R,9,0.706032484092516
"Richards, Trevor","Shoemaker, Matt",2020,R,10,0.7389992588417303
"Roark, Tanner","Junis, Jakob",2020,R,1,0.3242560197307877
"Roark, Tanner","Lail, Brady",2020,R,2,0.38152925138193605
"Roark, Tanner","Goody, Nick",2020,R,3,0.6542780232976144
"Roark, Tanner","Kremer, Dean",2020,R,4,0.6667337006735141
"Roark, Tanner","Bedrosian, Cam",2020,R,5,0.6972984889916198
"Roark, Tanner","Porcello, Rick",2020,R,6,0.7245606029614632
"Roark, Tanner","Maeda, Kenta",2020,R,7,0.7295553428536057
"Roark, Tanner","Sadler, Casey",2020,R,8,0.7365250258782701
"Roark, Tanner","Plutko, Adam",2020,R,9,0.7452231503229203
"Roark, Tanner","Cahill, Trevor",2020,R,10,0.7485975471292402
"Robles, Hansel","Montero, Rafael",2020,R,1,0.49989010464910927
"Robles, Hansel","Paredes, Enoli",2020,R,2,0.5503706969426547
"Robles, Hansel","Cisnero, José",2020,R,3,0.6293500357119236
"Robles, Hansel","Kelly, Joe",2020,R,4,0.8004775004333503
"Robles, Hansel","Chatwood, Tyler",2020,R,5,0.8086855010513598
"Robles, Hansel","Hernández, Jonathan",2020,R,6,0.8332268632943544
"Robles, Hansel","Stock, Robert",2020,R,7,0.891672160036933
"Robles, Hansel","Turnbull, Spencer",2020,R,8,0.9525872972998791
"Robles, Hansel","Iglesias, Raisel",2020,R,9,0.9559217478705065
"Robles, Hansel","Bard, Daniel",2020,R,10,1.0065830027157816
"Rodríguez, Richard","Eflin, Zach",2020,R,1,0.5028151675820206
"Rodríguez, Richard","Kuhl, Chad",2020,R,2,0.5835862490583995
"Rodríguez, Richard","Anderson, Shaun",2020,R,3,0.5854092589829093
"Rodríguez, Richard","Wittgren, Nick",2020,R,4,0.6037480400728892
"Rodríguez, Richard","Stammen, Craig",2020,R,5,0.6122001080336167
"Rodríguez, Richard","Paddack, Chris",2020,R,6,0.6748020121278963
"Rodríguez, Richard","Gallen, Zac",2020,R,7,0.7262705653771643
"Rodríguez, Richard","Williams, Devin",2020,R,8,0.7310185361222157
"Rodríguez, Richard","Pearson, Nate",2020,R,9,0.7538988655758396
"Rodríguez, Richard","Velasquez, Vince",2020,R,10,0.8283523954482236
"Rogers, Tyler","Yardley, Eric",2020,R,1,2.8283840490764325
"Rogers, Tyler","O'Day, Darren",2020,R,2,5.18479190501036
"Rogers, Tyler","Thompson, Ryan",2020,R,3,5.63530114897585
"Rogers, Tyler","Schreiber, John",2020,R,4,6.480551390466451
"Rogers, Tyler","Romo, Sergio",2020,R,5,6.728796599355567
"Rogers, Tyler","Ramirez, Noé",2020,R,6,6.757969098901037
"Rogers, Tyler","Cishek, Steve",2020,R,7,6.951934854190043
"Rogers, Tyler","Grotz, Zac",2020,R,8,7.190114009195244
"Rogers, Tyler","Brice, Austin",2020,R,9,7.282295860828454
"Rogers, Tyler","Weber, Ryan",2020,R,10,7.294083859758524
"Romano, Jordan","Glasnow, Tyler",2020,R,1,0.5591782691812752
"Romano, Jordan","Jansen, Kenley",2020,R,2,0.804837496695935
"Romano, Jordan","Patiño, Luis",2020,R,3,0.9668087939723744
"Romano, Jordan","Hendriks, Liam",2020,R,4,0.9905689440953481
"Romano, Jordan","Wheeler, Zack",2020,R,5,1.0130656302723007
"Romano, Jordan","Cordero, Jimmy",2020,R,6,1.0341344657394138
"Romano, Jordan","Heuer, Codi",2020,R,7,1.0536712588279251
"Romano, Jordan","Ginkel, Kevin",2020,R,8,1.0646627691147668
"Romano, Jordan","Oviedo, Johan",2020,R,9,1.1223909709250899
"Romano, Jordan","Anderson, Ian",2020,R,10,1.1810168119055533
"Romo, Sergio","Ramirez, Noé",2020,R,1,2.0250099700919857
"Romo, Sergio","Eshelman, Thomas",2020,R,2,2.045537444257199
"Romo, Sergio","Teheran, Julio",2020,R,3,2.1687387984621416
"Romo, Sergio","Davies, Zach",2020,R,4,2.2399672732456395
"Romo, Sergio","Schreiber, John",2020,R,5,2.3751391448670183
"Romo, Sergio","Mills, Alec",2020,R,6,2.385443663267059
"Romo, Sergio","Yamamoto, Jordan",2020,R,7,2.42024548477493
"Romo, Sergio","Castellanos, Humberto",2020,R,8,2.4714221437773185
"Romo, Sergio","Smith, Josh A.",2020,R,9,2.5416249480796114
"Romo, Sergio","Lindblom, Josh",2020,R,10,2.5887779124972683
"Rondón, Héctor","Graveman, Kendall",2020,R,1,0.3299960151261635
"Rondón, Héctor","James, Josh",2020,R,2,0.3694030815479727
"Rondón, Héctor","Cole, Gerrit",2020,R,3,0.37917924215928117
"Rondón, Héctor","Funkhouser, Kyle",2020,R,4,0.4124049438179014
"Rondón, Héctor","Burnes, Corbin",2020,R,5,0.4667992506585483
"Rondón, Héctor","Stock, Robert",2020,R,6,0.4954439275135091
"Rondón, Héctor","Hatch, Thomas",2020,R,7,0.49605121597342117
"Rondón, Héctor","Eovaldi, Nathan",2020,R,8,0.49695321912523993
"Rondón, Héctor","Turnbull, Spencer",2020,R,9,0.5186696162749861
"Rondón, Héctor","Pagán, Emilio",2020,R,10,0.5211494476930154
"Rosenthal, Trevor","Staumont, Josh",2020,R,1,0.744297408573712
"Rosenthal, Trevor","Reyes, Alex",2020,R,2,0.911092759426765
"Rosenthal, Trevor","Buehler, Walker",2020,R,3,0.9243864090367975
"Rosenthal, Trevor","Coonrod, Sam",2020,R,4,0.9796792542934636
"Rosenthal, Trevor","Rasmussen, Drew",2020,R,5,1.069147994748905
"Rosenthal, Trevor","Trivino III, Lou",2020,R,6,1.0971924989255983
"Rosenthal, Trevor","Woodruff, Brandon",2020,R,7,1.168095217119123
"Rosenthal, Trevor","Stanek, Ryne",2020,R,8,1.1898343966272398
"Rosenthal, Trevor","Burnes, Corbin",2020,R,9,1.190796957448914
"Rosenthal, Trevor","Estévez, Carlos",2020,R,10,1.2094580754312885
"Sadler, Casey","Odorizzi, Jake",2020,R,1,0.4471836468145338
"Sadler, Casey","Stashak, Cody",2020,R,2,0.5099242722065933
"Sadler, Casey","Webb, Jacob",2020,R,3,0.5635544924046353
"Sadler, Casey","Goody, Nick",2020,R,4,0.5908018679187651
"Sadler, Casey","Javier, Cristian",2020,R,5,0.5926656132291638
"Sadler, Casey","Garcia, Luis",2020,R,6,0.6301937263962628
"Sadler, Casey","Tanaka, Masahiro",2020,R,7,0.6307056414828288
"Sadler, Casey","Plutko, Adam",2020,R,8,0.6399216864406476
"Sadler, Casey","Lail, Brady",2020,R,9,0.6791821390518658
"Sadler, Casey","Lugo, Seth",2020,R,10,0.6794822303573922
"Samardzija, Jeff","Duffey, Tyler",2020,R,1,0.4236837234055225
"Samardzija, Jeff","Gallen, Zac",2020,R,2,0.6532776259565053
"Samardzija, Jeff","Shoemaker, Matt",2020,R,3,0.6642779624854314
"Samardzija, Jeff","Hill, Cam",2020,R,4,0.6688218552914961
"Samardzija, Jeff","Howard, Spencer",2020,R,5,0.6691391094386806
"Samardzija, Jeff","Voth, Austin",2020,R,6,0.7061530126889329
"Samardzija, Jeff","Gant, John",2020,R,7,0.7182172784525075
"Samardzija, Jeff","Woodford, Jake",2020,R,8,0.7432503575409487
"Samardzija, Jeff","Darvish, Yu",2020,R,9,0.7786680532406524
"Samardzija, Jeff","Antone, Tejay",2020,R,10,0.7894437815268048
"Santana, Dennis","Andriese, Matt",2020,R,1,0.3941517041915264
"Santana, Dennis","Mayers, Mike",2020,R,2,0.44573336054614876
"Santana, Dennis","Johnson, Pierce",2020,R,3,0.5061914264954948
"Santana, Dennis","Peña, Félix",2020,R,4,0.5411405717851498
"Santana, Dennis","Marshall, Evan",2020,R,5,0.5855521172497695
"Santana, Dennis","Brubaker, JT",2020,R,6,0.5969096440664716
"Santana, Dennis","González, Chi Chi",2020,R,7,0.5991852080537379
"Santana, Dennis","Boxberger, Brad",2020,R,8,0.623898679064752
"Santana, Dennis","Lakins, Travis",2020,R,9,0.685632315014608
"Santana, Dennis","Arrieta, Jake",2020,R,10,0.6952255850615086
"Scherzer, Max","King, Michael",2020,R,1,0.40809716275581126
"Scherzer, Max","Houck, Tanner",2020,R,2,0.4301820281297989
"Scherzer, Max","Elledge, Seth",2020,R,3,0.5116202668225343
"Scherzer, Max","Berríos, José",2020,R,4,0.5833464714564528
"Scherzer, Max","Vincent, Nick",2020,R,5,0.6717426687871507
"Scherzer, Max","Chatwood, Tyler",2020,R,6,0.7838815933884754
"Scherzer, Max","Kennedy, Ian",2020,R,7,0.7854825158023774
"Scherzer, Max","Wendelken, J.B.",2020,R,8,0.8308619400752691
"Scherzer, Max","Antone, Tejay",2020,R,9,0.8499341819501103
"Scherzer, Max","Zuber, Tyler",2020,R,10,0.8500619605091289
"Schreiber, John","Grotz, Zac",2020,R,1,1.0212137765252556
"Schreiber, John","Thompson, Ryan",2020,R,2,1.4638527308917666
"Schreiber, John","Nola, Aaron",2020,R,3,1.4904892266280443
"Schreiber, John","Teheran, Julio",2020,R,4,1.5091183979900191
"Schreiber, John","O'Day, Darren",2020,R,5,1.6901269124365932
"Schreiber, John","Valdez, Phillips",2020,R,6,1.735285249584129
"Schreiber, John","Dugger, Robert",2020,R,7,1.8029606221918866
"Schreiber, John","Hughes, Jared",2020,R,8,1.8316622302855652
"Schreiber, John","Crichton, Stefan",2020,R,9,2.0229976091100923
"Schreiber, John","Castellanos, Humberto",2020,R,10,2.051136601722078
"Scrubb, Andre","Musgrove, Joe",2020,R,1,0.4318867853626587
"Scrubb, Andre","Porcello, Rick",2020,R,2,0.6297396794225958
"Scrubb, Andre","Urquidy, José",2020,R,3,0.649099157443299
"Scrubb, Andre","Bedrosian, Cam",2020,R,4,0.7034069156873152
"Scrubb, Andre","Anderson, Chase",2020,R,5,0.7794083690763512
"Scrubb, Andre","Holland, Greg",2020,R,6,0.8211051946898307
"Scrubb, Andre","Barria, Jaime",2020,R,7,0.8420428988703138
"Scrubb, Andre","Mejía, Humberto",2020,R,8,0.842393699281457
"Scrubb, Andre","Covey, Dylan",2020,R,9,0.8447248126141428
"Scrubb, Andre","Cessa, Luis",2020,R,10,0.8486479102249428
"Senzatela, Antonio","Wendelken, J.B.",2020,R,1,0.2969330949735889
"Senzatela, Antonio","Wright, Kyle",2020,R,2,0.42144048183136235
"Senzatela, Antonio","Neris, Héctor",2020,R,3,0.42207012337616046
"Senzatela, Antonio","Peña, Félix",2020,R,4,0.4381896320856499
"Senzatela, Antonio","Phillips, Evan",2020,R,5,0.4483151962721245
"Senzatela, Antonio","Floro, Dylan",2020,R,6,0.49856069031504757
"Senzatela, Antonio","Richards, Garrett",2020,R,7,0.5040036160498159
"Senzatela, Antonio","Tate, Dillon",2020,R,8,0.5112206182700043
"Senzatela, Antonio","Gausman, Kevin",2020,R,9,0.5141590779362414
"Senzatela, Antonio","Elledge, Seth",2020,R,10,0.5368349793794851
"Shoemaker, Matt","Hahn, Jesse",2020,R,1,0.3902885218969648
"Shoemaker, Matt","Duffey, Tyler",2020,R,2,0.4194602969698307
"Shoemaker, Matt","Wick, Rowan",2020,R,3,0.42063753680987204
"Shoemaker, Matt","Gant, John",2020,R,4,0.5286460609046084
"Shoemaker, Matt","Kremer, Dean",2020,R,5,0.5295599434250421
"Shoemaker, Matt","Hirano, Yoshihisa",2020,R,6,0.5311807811360332
"Shoemaker, Matt","Hill, Cam",2020,R,7,0.5355839432689494
"Shoemaker, Matt","Hartlieb, Geoff",2020,R,8,0.5850183486250978
"Shoemaker, Matt","López, Reynaldo",2020,R,9,0.5920214228397375
"Shoemaker, Matt","Lockett, Walker",2020,R,10,0.5941370841563823
"Sims, Lucas","Martinez, Carlos",2020,R,1,0.432205307010572
"Sims, Lucas","Dobnak, Randy",2020,R,2,0.6419420288622713
"Sims, Lucas","Javier, Cristian",2020,R,3,0.6541111587545504
"Sims, Lucas","Boxberger, Brad",2020,R,4,0.6677698841877565
"Sims, Lucas","Stashak, Cody",2020,R,5,0.786919731024197
"Sims, Lucas","Lugo, Seth",2020,R,6,0.891088580719582
"Sims, Lucas","Andriese, Matt",2020,R,7,0.9143152112042029
"Sims, Lucas","McCullers Jr., Lance",2020,R,8,0.9150764311682529
"Sims, Lucas","Tanaka, Masahiro",2020,R,9,0.947212302235468
"Sims, Lucas","Cueto, Johnny",2020,R,10,0.9651525816937746
"Singer, Brady","Mize, Casey",2020,R,1,0.3138551954988259
"Singer, Brady","Bieber, Shane",2020,R,2,0.3142277454840985
"Singer, Brady","Jeffress, Jeremy",2020,R,3,0.3991345184419226
"Singer, Brady","DeSclafani, Anthony",2020,R,4,0.4127307905837895
"Singer, Brady","Carrasco, Carlos",2020,R,5,0.4162290447267131
"Singer, Brady","Hembree, Heath",2020,R,6,0.48324799993180934
"Singer, Brady","Webb, Logan",2020,R,7,0.5227875869892951
"Singer, Brady","Almonte, Yency",2020,R,8,0.5461877103842828
"Singer, Brady","Kelly, Merrill",2020,R,9,0.5629983936869224
"Singer, Brady","Gray, Jon",2020,R,10,0.5732076799388182
"Slegers, Aaron","McKenzie, Triston",2020,R,1,0.5822844759292075
"Slegers, Aaron","Anderson, Ian",2020,R,2,0.6291999015868536
"Slegers, Aaron","Paddack, Chris",2020,R,3,0.6939070480967938
"Slegers, Aaron","Jansen, Kenley",2020,R,4,0.70092831507819
"Slegers, Aaron","Ginkel, Kevin",2020,R,5,0.7845133233543786
"Slegers, Aaron","Wacha, Michael",2020,R,6,0.9267848766414378
"Slegers, Aaron","Oviedo, Johan",2020,R,7,0.95410212020475
"Slegers, Aaron","Jackson, Luke",2020,R,8,1.014885195864321
"Slegers, Aaron","Barnes, Matt",2020,R,9,1.084670852258057
"Slegers, Aaron","Rodríguez, Richard",2020,R,10,1.1620789344813853
"Smith, Josh A.","Yamaguchi, Shun",2020,R,1,0.46693115066569535
"Smith, Josh A.","Yamamoto, Jordan",2020,R,2,0.561031043291266
"Smith, Josh A.","Woodford, Jake",2020,R,3,0.6447080183783924
"Smith, Josh A.","Davies, Zach",2020,R,4,0.6573045024533373
"Smith, Josh A.","Hernández, Elieser",2020,R,5,0.6646894433988377
"Smith, Josh A.","Goody, Nick",2020,R,6,0.6675958637985137
"Smith, Josh A.","Dunn, Justin",2020,R,7,0.7497152150617452
"Smith, Josh A.","Maeda, Kenta",2020,R,8,0.8105638201130391
"Smith, Josh A.","Mengden, Daniel",2020,R,9,0.8167871543150026
"Smith, Josh A.","Crichton, Stefan",2020,R,10,0.8365484451083486
"Smith, Riley","López, Jorge",2020,R,1,0.24236443656603388
"Smith, Riley","Gray, Jon",2020,R,2,0.26585891215006535
"Smith, Riley","Betances, Dellin",2020,R,3,0.27194204231413494
"Smith, Riley","Kelly, Merrill",2020,R,4,0.32754490393077895
"Smith, Riley","Tepera, Ryan",2020,R,5,0.390134182262515
"Smith, Riley","Carrasco, Carlos",2020,R,6,0.4369754765119967
"Smith, Riley","Rea, Colin",2020,R,7,0.44299010766132607
"Smith, Riley","Dunning, Dane",2020,R,8,0.45096583844896526
"Smith, Riley","Garcia, Luis",2020,R,9,0.46977755455065645
"Smith, Riley","Bassitt, Chris",2020,R,10,0.47435734962272513
"Sneed, Cy","Hunter, Tommy",2020,R,1,0.26849459345040105
"Sneed, Cy","Bradley, Archie",2020,R,2,0.3429706305259242
"Sneed, Cy","Clarke, Taylor",2020,R,3,0.37960132391713347
"Sneed, Cy","Hartlieb, Geoff",2020,R,4,0.44843664802093003
"Sneed, Cy","Cody, Kyle",2020,R,5,0.4546538237276325
"Sneed, Cy","Harvey, Matt",2020,R,6,0.47187570749513313
"Sneed, Cy","Hudson, Dakota",2020,R,7,0.48633391202337484
"Sneed, Cy","Wick, Rowan",2020,R,8,0.49422552005077935
"Sneed, Cy","Underwood Jr., Duane",2020,R,9,0.5167945746892599
"Sneed, Cy","Hahn, Jesse",2020,R,10,0.5283912052437908
"Soria, Joakim","Hale, David",2020,R,1,0.10699170230604364
"Soria, Joakim","Darvish, Yu",2020,R,2,0.3401511216341858
"Soria, Joakim","Stratton, Chris",2020,R,3,0.4466079270392567
"Soria, Joakim","Almonte, Yency",2020,R,4,0.46791958762264807
"Soria, Joakim","Morton, Charlie",2020,R,5,0.4742100926189867
"Soria, Joakim","Antone, Tejay",2020,R,6,0.4912459006650106
"Soria, Joakim","Dunning, Dane",2020,R,7,0.5014831550022738
"Soria, Joakim","Carrasco, Carlos",2020,R,8,0.5038571098648122
"Soria, Joakim","Flaherty, Jack",2020,R,9,0.5069143855229187
"Soria, Joakim","Cole, A.J.",2020,R,10,0.5305094269066251
"Stammen, Craig","Kuhl, Chad",2020,R,1,0.2165438565612757
"Stammen, Craig","Adam, Jason",2020,R,2,0.3802386107118972
"Stammen, Craig","Eflin, Zach",2020,R,3,0.38247518762886495
"Stammen, Craig","Velasquez, Vince",2020,R,4,0.39420897232840674
"Stammen, Craig","Mahle, Tyler",2020,R,5,0.3948836389330308
"Stammen, Craig","Jiménez, Joe",2020,R,6,0.41842819591571084
"Stammen, Craig","Wittgren, Nick",2020,R,7,0.4387532493560054
"Stammen, Craig","Almonte, Yency",2020,R,8,0.49853101082901075
"Stammen, Craig","Flaherty, Jack",2020,R,9,0.5461772459626523
"Stammen, Craig","Eovaldi, Nathan",2020,R,10,0.5463570699631014
"Stanek, Ryne","Guerra, Javy",2020,R,1,0.12931295273590152
"Stanek, Ryne","Montas, Frankie",2020,R,2,0.43710121380265815
"Stanek, Ryne","Lamet, Dinelson",2020,R,3,0.4550090457354069
"Stanek, Ryne","Anderson, Nick",2020,R,4,0.49287873672701277
"Stanek, Ryne","Colomé, Alex",2020,R,5,0.5772939914041874
"Stanek, Ryne","Díaz, Jairo",2020,R,6,0.6527974218126743
"Stanek, Ryne","Cease, Dylan",2020,R,7,0.7099404796341399
"Stanek, Ryne","Jones, Nate",2020,R,8,0.7242770359733742
"Stanek, Ryne","Gsellman, Robert",2020,R,9,0.7548529604556292
"Stanek, Ryne","Reyes, Alex",2020,R,10,0.7755265202042627
"Stashak, Cody","Odorizzi, Jake",2020,R,1,0.4326604123945098
"Stashak, Cody","Boxberger, Brad",2020,R,2,0.49619433505516397
"Stashak, Cody","Sadler, Casey",2020,R,3,0.5099242722065933
"Stashak, Cody","Cessa, Luis",2020,R,4,0.5416392691451476
"Stashak, Cody","Andriese, Matt",2020,R,5,0.5749821677066494
"Stashak, Cody","Javier, Cristian",2020,R,6,0.6536582742222085
"Stashak, Cody","Lugo, Seth",2020,R,7,0.6784488034480727
"Stashak, Cody","Greene, Shane",2020,R,8,0.6796629087167013
"Stashak, Cody","Junis, Jakob",2020,R,9,0.7289346161549406
"Stashak, Cody","Marshall, Evan",2020,R,10,0.7682125481715012
"Staumont, Josh","Rosenthal, Trevor",2020,R,1,0.744297408573712
"Staumont, Josh","Reyes, Alex",2020,R,2,0.7941589093781868
"Staumont, Josh","Green, Chad",2020,R,3,0.8592793750728153
"Staumont, Josh","Trivino III, Lou",2020,R,4,0.8737974151657094
"Staumont, Josh","Weems, Jordan",2020,R,5,0.8757813263056755
"Staumont, Josh","Woodruff, Brandon",2020,R,6,0.8840668634091975
"Staumont, Josh","Rasmussen, Drew",2020,R,7,0.9055714347805811
"Staumont, Josh","Font, Wilmer",2020,R,8,0.9655453231330954
"Staumont, Josh","Gibaut, Ian",2020,R,9,0.9980605625659533
"Staumont, Josh","Burnes, Corbin",2020,R,10,0.9982312661804086
"Stock, Robert","James, Josh",2020,R,1,0.37792016912844884
"Stock, Robert","Graveman, Kendall",2020,R,2,0.3996352663848411
"Stock, Robert","Cole, Gerrit",2020,R,3,0.414111413815892
"Stock, Robert","Nelson, Nick",2020,R,4,0.47339520675420516
"Stock, Robert","Ureña, José",2020,R,5,0.49516935007024
"Stock, Robert","Rondón, Héctor",2020,R,6,0.4954439275135091
"Stock, Robert","Paredes, Enoli",2020,R,7,0.49607269562919487
"Stock, Robert","Turnbull, Spencer",2020,R,8,0.5276636034895031
"Stock, Robert","Hernández, Jonathan",2020,R,9,0.535191635057411
"Stock, Robert","Estévez, Carlos",2020,R,10,0.5597651153431098
"Stratton, Chris","Rea, Colin",2020,R,1,0.2646873402801249
"Stratton, Chris","Hoffman, Jeff",2020,R,2,0.3413875227838444
"Stratton, Chris","Fedde, Erick",2020,R,3,0.4119335771256971
"Stratton, Chris","Almonte, Yency",2020,R,4,0.4370379435862953
"Stratton, Chris","Dunning, Dane",2020,R,5,0.44333995254006303
"Stratton, Chris","Carrasco, Carlos",2020,R,6,0.4462880085947575
"Stratton, Chris","Soria, Joakim",2020,R,7,0.4466079270392567
"Stratton, Chris","Holder, Jonathan",2020,R,8,0.46105710822169876
"Stratton, Chris","Hale, David",2020,R,9,0.5023384716109999
"Stratton, Chris","Darvish, Yu",2020,R,10,0.5090701263018246
"Stripling, Ross","Musgrove, Joe",2020,R,1,0.9008456152114335
"Stripling, Ross","Scrubb, Andre",2020,R,2,0.9968000286115395
"Stripling, Ross","Mejía, Humberto",2020,R,3,1.1014389906527484
"Stripling, Ross","Ponce de Leon, Daniel",2020,R,4,1.1976484045831983
"Stripling, Ross","Karinchak, James",2020,R,5,1.2525921359219228
"Stripling, Ross","Walker, Taijuan",2020,R,6,1.351389006689338
"Stripling, Ross","Barria, Jaime",2020,R,7,1.3733735398566853
"Stripling, Ross","Covey, Dylan",2020,R,8,1.4039541709320178
"Stripling, Ross","Bedrosian, Cam",2020,R,9,1.4403036504055078
"Stripling, Ross","Urquidy, José",2020,R,10,1.4537757404579432
"Suero, Wander","Floro, Dylan",2020,R,1,0.32451587617607475
"Suero, Wander","Gausman, Kevin",2020,R,2,0.4202386250407248
"Suero, Wander","Elledge, Seth",2020,R,3,0.4634610796709976
"Suero, Wander","Martin, Chris",2020,R,4,0.6171307564113684
"Suero, Wander","Senzatela, Antonio",2020,R,5,0.7418171365418361
"Suero, Wander","Gallen, Zac",2020,R,6,0.8287915743705516
"Suero, Wander","Howard, Spencer",2020,R,7,0.8350602865246406
"Suero, Wander","Armstrong, Shawn",2020,R,8,0.8355354666218546
"Suero, Wander","Lynn, Lance",2020,R,9,0.8356995041271424
"Suero, Wander","Rea, Colin",2020,R,10,0.8552113673477892
"Sulser, Cole","Kintzler, Brandon",2020,R,1,0.2999988251181608
"Sulser, Cole","Eovaldi, Nathan",2020,R,2,0.32835466354200166
"Sulser, Cole","Velasquez, Vince",2020,R,3,0.3504498189028684
"Sulser, Cole","Merryweather, Julian",2020,R,4,0.3961566637838148
"Sulser, Cole","Wittgren, Nick",2020,R,5,0.4011725920127545
"Sulser, Cole","Adam, Jason",2020,R,6,0.409154014918237
"Sulser, Cole","Fedde, Erick",2020,R,7,0.43471265261263475
"Sulser, Cole","Jiménez, Joe",2020,R,8,0.4528892263790619
"Sulser, Cole","Guerra, Junior",2020,R,9,0.4680728281002482
"Sulser, Cole","Tepera, Ryan",2020,R,10,0.4749392930665976
"Sánchez, Aníbal","Yamamoto, Jordan",2020,R,1,0.7500551457391694
"Sánchez, Aníbal","Roark, Tanner",2020,R,2,0.9375409312661405
"Sánchez, Aníbal","Hirano, Yoshihisa",2020,R,3,0.9823844750396393
"Sánchez, Aníbal","Zimmer, Kyle",2020,R,4,0.9957304241269895
"Sánchez, Aníbal","Dunn, Justin",2020,R,5,1.0454961732984287
"Sánchez, Aníbal","Lindblom, Josh",2020,R,6,1.0854370388699204
"Sánchez, Aníbal","Smith, Josh A.",2020,R,7,1.086501962142294
"Sánchez, Aníbal","Mengden, Daniel",2020,R,8,1.107820719932464
"Sánchez, Aníbal","Eshelman, Thomas",2020,R,9,1.1231592156210528
"Sánchez, Aníbal","Clippard, Tyler",2020,R,10,1.1249485749127213
"Sánchez, Sixto","Estévez, Carlos",2020,R,1,0.5929389388819525
"Sánchez, Sixto","Bard, Daniel",2020,R,2,0.6038656977698539
"Sánchez, Sixto","Alcantara, Sandy",2020,R,3,0.6085731587483764
"Sánchez, Sixto","Coonrod, Sam",2020,R,4,0.6776349371541052
"Sánchez, Sixto","Loáisiga, Jonathan",2020,R,5,0.685240320647526
"Sánchez, Sixto","Nelson, Nick",2020,R,6,0.6958959246895855
"Sánchez, Sixto","Richards, Garrett",2020,R,7,0.7338360276600943
"Sánchez, Sixto","Garcia, Bryan",2020,R,8,0.7477356542298613
"Sánchez, Sixto","Ureña, José",2020,R,9,0.7585273757384259
"Sánchez, Sixto","Hernández, Jonathan",2020,R,10,0.8152877625771372
"Tanaka, Masahiro","Castellani, Ryan",2020,R,1,0.35132570721614387
"Tanaka, Masahiro","Javier, Cristian",2020,R,2,0.5067793631625431
"Tanaka, Masahiro","Webb, Jacob",2020,R,3,0.5233329584889977
"Tanaka, Masahiro","McCullers Jr., Lance",2020,R,4,0.5629705809060386
"Tanaka, Masahiro","Newsome, Ljay",2020,R,5,0.5745155120599029
"Tanaka, Masahiro","Sadler, Casey",2020,R,6,0.6307056414828288
"Tanaka, Masahiro","Castellanos, Humberto",2020,R,7,0.6375669604595674
"Tanaka, Masahiro","Dugger, Robert",2020,R,8,0.7681447535103576
"Tanaka, Masahiro","Vincent, Nick",2020,R,9,0.7909061388108783
"Tanaka, Masahiro","Crichton, Stefan",2020,R,10,0.7987196698601556
"Tate, Dillon","Neris, Héctor",2020,R,1,0.23078124972673686
"Tate, Dillon","Turnbull, Spencer",2020,R,2,0.29268157542147527
"Tate, Dillon","Wright, Kyle",2020,R,3,0.3762790278933532
"Tate, Dillon","Phillips, Evan",2020,R,4,0.39421841222985404
"Tate, Dillon","Chatwood, Tyler",2020,R,5,0.4578156430452533
"Tate, Dillon","Iglesias, Raisel",2020,R,6,0.467818921113999
"Tate, Dillon","Hatch, Thomas",2020,R,7,0.509486679122581
"Tate, Dillon","Senzatela, Antonio",2020,R,8,0.5112206182700043
"Tate, Dillon","Richards, Garrett",2020,R,9,0.5629507018252283
"Tate, Dillon","Weaver, Luke",2020,R,10,0.5637544332296754
"Teheran, Julio","Dugger, Robert",2020,R,1,0.5432638915904732
"Teheran, Julio","Castellanos, Humberto",2020,R,2,0.6251767638177146
"Teheran, Julio","Newsome, Ljay",2020,R,3,0.6785353078923863
"Teheran, Julio","Crichton, Stefan",2020,R,4,0.7934388058119632
"Teheran, Julio","Yamaguchi, Shun",2020,R,5,0.8557993331703502
"Teheran, Julio","Smith, Josh A.",2020,R,6,0.9407462288421687
"Teheran, Julio","Hernández, Elieser",2020,R,7,0.978057202207806
"Teheran, Julio","Davies, Zach",2020,R,8,0.9915981118674815
"Teheran, Julio","Hughes, Jared",2020,R,9,1.1253812217496864
"Teheran, Julio","Tanaka, Masahiro",2020,R,10,1.1304956320160964
"Tepera, Ryan","Gray, Jon",2020,R,1,0.27661517521541285
"Tepera, Ryan","Adam, Jason",2020,R,2,0.27942428321479057
"Tepera, Ryan","Guerra, Junior",2020,R,3,0.382572102725883
"Tepera, Ryan","Smith, Riley",2020,R,4,0.390134182262515
"Tepera, Ryan","Jiménez, Joe",2020,R,5,0.3920999476848191
"Tepera, Ryan","Kintzler, Brandon",2020,R,6,0.4402558684978191
"Tepera, Ryan","Carrasco, Carlos",2020,R,7,0.4434172140681295
"Tepera, Ryan","López, Jorge",2020,R,8,0.4660439481871627
"Tepera, Ryan","Sulser, Cole",2020,R,9,0.4749392930665976
"Tepera, Ryan","Eovaldi, Nathan",2020,R,10,0.483867529292988
"Thompson, Ryan","O'Day, Darren",2020,R,1,1.2835554081076517
"Thompson, Ryan","Schreiber, John",2020,R,2,1.4638527308917666
"Thompson, Ryan","Valdez, Phillips",2020,R,3,1.8877611176346818
"Thompson, Ryan","Grotz, Zac",2020,R,4,1.944409503840163
"Thompson, Ryan","Cishek, Steve",2020,R,5,2.1001494979397557
"Thompson, Ryan","Nola, Aaron",2020,R,6,2.4105708440894213
"Thompson, Ryan","Givens, Mychal",2020,R,7,2.563301830740893
"Thompson, Ryan","Williams, Taylor",2020,R,8,2.6630481593068147
"Thompson, Ryan","Peralta, Freddy",2020,R,9,2.8285076257239825
"Thompson, Ryan","Teheran, Julio",2020,R,10,2.8423037646111844
"Tomlin, Josh","Tropeano, Nick",2020,R,1,0.6740428179020703
"Tomlin, Josh","Fiers, Mike",2020,R,2,0.7211669927947424
"Tomlin, Josh","Bundy, Dylan",2020,R,3,0.7989956249265632
"Tomlin, Josh","Wisler, Matt",2020,R,4,0.8031527109985634
"Tomlin, Josh","Hendricks, Kyle",2020,R,5,0.8456995075274735
"Tomlin, Josh","Junis, Jakob",2020,R,6,0.9550368836084291
"Tomlin, Josh","Godley, Zack",2020,R,7,1.0310523138033754
"Tomlin, Josh","Greinke, Zack",2020,R,8,1.0442533554340006
"Tomlin, Josh","Bacus, Dakota",2020,R,9,1.06526426568554
"Tomlin, Josh","Anderson, Chase",2020,R,10,1.108401680379176
"Toussaint, Touki","Wojciechowski, Asher",2020,R,1,0.7653546581115677
"Toussaint, Touki","Williams, Trevor",2020,R,2,0.7798990674672068
"Toussaint, Touki","Ottavino, Adam",2020,R,3,0.8208009974768419
"Toussaint, Touki","Petit, Yusmeiro",2020,R,4,0.9067900663424974
"Toussaint, Touki","Barlow, Scott",2020,R,5,0.9359356783430532
"Toussaint, Touki","Maton, Phil",2020,R,6,0.975618093773551
"Toussaint, Touki","Clevinger, Mike",2020,R,7,1.0815428493787203
"Toussaint, Touki","Mazza, Chris",2020,R,8,1.0942398349101152
"Toussaint, Touki","Mengden, Daniel",2020,R,9,1.1298861139534246
"Toussaint, Touki","Lyles, Jordan",2020,R,10,1.1538747764228856
"Treinen, Blake","Familia, Jeurys",2020,R,1,0.8047027037660746
"Treinen, Blake","Graterol, Brusdar",2020,R,2,0.997476632635497
"Treinen, Blake","Alcala, Jorge",2020,R,3,1.0081652334251874
"Treinen, Blake","Jones, Nate",2020,R,4,1.1567891441154892
"Treinen, Blake","Buttrey, Ty",2020,R,5,1.2228439271598557
"Treinen, Blake","Márquez, Germán",2020,R,6,1.3881832018684963
"Treinen, Blake","Montas, Frankie",2020,R,7,1.3893815538553553
"Treinen, Blake","Alcantara, Sandy",2020,R,8,1.4018889749885022
"Treinen, Blake","Lorenzen, Michael",2020,R,9,1.5335966001386008
"Treinen, Blake","Lamet, Dinelson",2020,R,10,1.567651730529277
"Trivino III, Lou","Reyes, Alex",2020,R,1,0.35123646627507
"Trivino III, Lou","Weems, Jordan",2020,R,2,0.39652479602792984
"Trivino III, Lou","Burnes, Corbin",2020,R,3,0.3967697711706532
"Trivino III, Lou","Gibaut, Ian",2020,R,4,0.40052780408615907
"Trivino III, Lou","Gsellman, Robert",2020,R,5,0.4175787202848311
"Trivino III, Lou","Fulmer, Michael",2020,R,6,0.5571832641125362
"Trivino III, Lou","Hatch, Thomas",2020,R,7,0.5903451483560681
"Trivino III, Lou","Bass, Anthony",2020,R,8,0.6142449291543716
"Trivino III, Lou","Rondón, Héctor",2020,R,9,0.6172551472930077
"Trivino III, Lou","James, Josh",2020,R,10,0.6749172522121569
"Tropeano, Nick","Fiers, Mike",2020,R,1,0.45776924796569707
"Tropeano, Nick","Tomlin, Josh",2020,R,2,0.6740428179020703
"Tropeano, Nick","Bundy, Dylan",2020,R,3,0.721246550098876
"Tropeano, Nick","Hendricks, Kyle",2020,R,4,0.7948570111510033
"Tropeano, Nick","Godley, Zack",2020,R,5,0.9259093404937832
"Tropeano, Nick","Wisler, Matt",2020,R,6,1.0102348141482036
"Tropeano, Nick","Greinke, Zack",2020,R,7,1.133442611620425
"Tropeano, Nick","Hoyt, James",2020,R,8,1.240217648904712
"Tropeano, Nick","Anderson, Chase",2020,R,9,1.2559963432277024
"Tropeano, Nick","Junis, Jakob",2020,R,10,1.2890711223194546
"Turnbull, Spencer","Tate, Dillon",2020,R,1,0.29268157542147527
"Turnbull, Spencer","Hatch, Thomas",2020,R,2,0.31934775125714104
"Turnbull, Spencer","Phillips, Evan",2020,R,3,0.3772075115322472
"Turnbull, Spencer","Ureña, José",2020,R,4,0.4338708236425692
"Turnbull, Spencer","Neris, Héctor",2020,R,5,0.4633559325023253
"Turnbull, Spencer","Chatwood, Tyler",2020,R,6,0.4881957889648474
"Turnbull, Spencer","Rondón, Héctor",2020,R,7,0.5186696162749861
"Turnbull, Spencer","Stock, Robert",2020,R,8,0.5276636034895031
"Turnbull, Spencer","James, Josh",2020,R,9,0.5527885118527079
"Turnbull, Spencer","Iglesias, Raisel",2020,R,10,0.5736001171138766
"Underwood Jr., Duane","Hunter, Tommy",2020,R,1,0.2963287468450562
"Underwood Jr., Duane","Hudson, Dakota",2020,R,2,0.3173029742949826
"Underwood Jr., Duane","Kilome, Franklyn",2020,R,3,0.3691076093108105
"Underwood Jr., Duane","Bradley, Archie",2020,R,4,0.38182954054438867
"Underwood Jr., Duane","Hoffman, Jeff",2020,R,5,0.40087685222884806
"Underwood Jr., Duane","Wick, Rowan",2020,R,6,0.4427542945042256
"Underwood Jr., Duane","Howard, Spencer",2020,R,7,0.4438770054409363
"Underwood Jr., Duane","Hahn, Jesse",2020,R,8,0.4610682839095201
"Underwood Jr., Duane","Hartlieb, Geoff",2020,R,9,0.5130791040817348
"Underwood Jr., Duane","Armstrong, Shawn",2020,R,10,0.515602033972301
"Ureña, José","James, Josh",2020,R,1,0.28614659419141514
"Ureña, José","Phillips, Evan",2020,R,2,0.30805887359293227
"Ureña, José","Hatch, Thomas",2020,R,3,0.37917086991914917
"Ureña, José","Turnbull, Spencer",2020,R,4,0.4338708236425692
"Ureña, José","Nelson, Nick",2020,R,5,0.4392644845146755
"Ureña, José","Estévez, Carlos",2020,R,6,0.48447995740026073
"Ureña, José","Stock, Robert",2020,R,7,0.49516935007024
"Ureña, José","Rondón, Héctor",2020,R,8,0.5291535748256293
"Ureña, José","Richards, Garrett",2020,R,9,0.5381537597831129
"Ureña, José","Tate, Dillon",2020,R,10,0.5888880295013409
"Urquidy, José","Porcello, Rick",2020,R,1,0.18897012274225206
"Urquidy, José","Bedrosian, Cam",2020,R,2,0.36423065730733156
"Urquidy, José","Newberry, Jake",2020,R,3,0.3666973794459623
"Urquidy, José","Covey, Dylan",2020,R,4,0.42277762297676463
"Urquidy, José","Cessa, Luis",2020,R,5,0.4664122964024504
"Urquidy, José","Barria, Jaime",2020,R,6,0.48227616921012345
"Urquidy, José","Holland, Greg",2020,R,7,0.5932626062867016
"Urquidy, José","Lail, Brady",2020,R,8,0.5985007445922533
"Urquidy, José","Musgrove, Joe",2020,R,9,0.6134017469764017
"Urquidy, José","Keller, Mitch",2020,R,10,0.6322158849859222
"Valdez, Phillips","Nola, Aaron",2020,R,1,1.0996334686506808
"Valdez, Phillips","Peralta, Freddy",2020,R,2,1.220966926728672
"Valdez, Phillips","Grotz, Zac",2020,R,3,1.2463483877560058
"Valdez, Phillips","Ramírez, Yohan",2020,R,4,1.3778461348193503
"Valdez, Phillips","Ottavino, Adam",2020,R,5,1.6009885604238687
"Valdez, Phillips","Maton, Phil",2020,R,6,1.6393535127746508
"Valdez, Phillips","Widener, Taylor",2020,R,7,1.695180029702132
"Valdez, Phillips","Oswalt, Corey",2020,R,8,1.7178686442182034
"Valdez, Phillips","Walden, Marcus",2020,R,9,1.720495025168835
"Valdez, Phillips","Schreiber, John",2020,R,10,1.735285249584129
"Velasquez, Vince","Eovaldi, Nathan",2020,R,1,0.34052696870572885
"Velasquez, Vince","DeSclafani, Anthony",2020,R,2,0.3478142765052021
"Velasquez, Vince","Adam, Jason",2020,R,3,0.3503693783427194
"Velasquez, Vince","Sulser, Cole",2020,R,4,0.3504498189028684
"Velasquez, Vince","Wittgren, Nick",2020,R,5,0.3526692926127136
"Velasquez, Vince","Mahle, Tyler",2020,R,6,0.3791819611943302
"Velasquez, Vince","Almonte, Yency",2020,R,7,0.3828457695034722
"Velasquez, Vince","Stammen, Craig",2020,R,8,0.39420897232840674
"Velasquez, Vince","Kuhl, Chad",2020,R,9,0.41042302080101006
"Velasquez, Vince","Jiménez, Joe",2020,R,10,0.42700956971534687
"Vincent, Nick","Houck, Tanner",2020,R,1,0.5562875867341368
"Vincent, Nick","King, Michael",2020,R,2,0.5845831286292371
"Vincent, Nick","Crichton, Stefan",2020,R,3,0.5904928529870657
"Vincent, Nick","Yamaguchi, Shun",2020,R,4,0.6523092472218216
"Vincent, Nick","Voth, Austin",2020,R,5,0.6531983587150058
"Vincent, Nick","Castellani, Ryan",2020,R,6,0.6595116785070997
"Vincent, Nick","Scherzer, Max",2020,R,7,0.6717426687871507
"Vincent, Nick","McCullers Jr., Lance",2020,R,8,0.6776738297027621
"Vincent, Nick","Zuber, Tyler",2020,R,9,0.695754789794186
"Vincent, Nick","Antone, Tejay",2020,R,10,0.7023039354572129
"Voth, Austin","Antone, Tejay",2020,R,1,0.14889348544255607
"Voth, Austin","Woodford, Jake",2020,R,2,0.36942656010383096
"Voth, Austin","Betances, Dellin",2020,R,3,0.4310518751389622
"Voth, Austin","Rea, Colin",2020,R,4,0.49175020063457425
"Voth, Austin","Darvish, Yu",2020,R,5,0.49962571635069586
"Voth, Austin","Houck, Tanner",2020,R,6,0.5150788781074662
"Voth, Austin","Dunning, Dane",2020,R,7,0.5239347922906934
"Voth, Austin","Hale, David",2020,R,8,0.5256433000930665
"Voth, Austin","Kelly, Merrill",2020,R,9,0.5324092510647969
"Voth, Austin","Bauer, Trevor",2020,R,10,0.536064370545745
"Wacha, Michael","Barnes, Matt",2020,R,1,0.22573488952576484
"Wacha, Michael","López, Yoan",2020,R,2,0.49573524099170396
"Wacha, Michael","McKenzie, Triston",2020,R,3,0.5278491708440574
"Wacha, Michael","Paddack, Chris",2020,R,4,0.5414622611990092
"Wacha, Michael","Pearson, Nate",2020,R,5,0.5603705181868895
"Wacha, Michael","Ginkel, Kevin",2020,R,6,0.624055747888439
"Wacha, Michael","Kilome, Franklyn",2020,R,7,0.6757575759356983
"Wacha, Michael","Font, Wilmer",2020,R,8,0.6976686926126353
"Wacha, Michael","Neverauskas, Dovydas",2020,R,9,0.7039874930365743
"Wacha, Michael","Jackson, Luke",2020,R,10,0.7160646032807968
"Waguespack, Jacob","Giolito, Lucas",2020,R,1,0.5171152077104383
"Waguespack, Jacob","Harris, Will",2020,R,2,0.5367535529533242
"Waguespack, Jacob","Ponce, Cody",2020,R,3,0.637926637160405
"Waguespack, Jacob","Richards, Trevor",2020,R,4,0.706032484092516
"Waguespack, Jacob","Gibson, Kyle",2020,R,5,0.8441897189780424
"Waguespack, Jacob","Pivetta, Nick",2020,R,6,0.8579142547175104
"Waguespack, Jacob","Lyles, Jordan",2020,R,7,0.8802807788550444
"Waguespack, Jacob","Houser, Adrian",2020,R,8,0.9565085535285014
"Waguespack, Jacob","McKenzie, Triston",2020,R,9,0.9707640538767144
"Waguespack, Jacob","Hoffman, Jeff",2020,R,10,0.9770075201264624
"Wainwright, Adam","Parker, Blake",2020,R,1,0.9139718608092164
"Wainwright, Adam","Eshelman, Thomas",2020,R,2,1.0248055144546155
"Wainwright, Adam","Harper, Ryne",2020,R,3,1.1044322898918078
"Wainwright, Adam","Lindblom, Josh",2020,R,4,1.2056337165896842
"Wainwright, Adam","Clippard, Tyler",2020,R,5,1.2139152811500404
"Wainwright, Adam","Hirano, Yoshihisa",2020,R,6,1.2298494870797612
"Wainwright, Adam","Yamamoto, Jordan",2020,R,7,1.3176614776076236
"Wainwright, Adam","Sánchez, Aníbal",2020,R,8,1.3625664477749135
"Wainwright, Adam","Hoyt, James",2020,R,9,1.4315653968776068
"Wainwright, Adam","Cahill, Trevor",2020,R,10,1.4502385408680474
"Walden, Marcus","Oswalt, Corey",2020,R,1,0.3308694047081721
"Walden, Marcus","Mize, Casey",2020,R,2,0.6222329445013152
"Walden, Marcus","Hembree, Heath",2020,R,3,0.6408512324589992
"Walden, Marcus","Singer, Brady",2020,R,4,0.6648030014199633
"Walden, Marcus","López, Pablo",2020,R,5,0.7195351434557985
"Walden, Marcus","DeSclafani, Anthony",2020,R,6,0.7226345655569749
"Walden, Marcus","Winkler, Dan",2020,R,7,0.7784134437323398
"Walden, Marcus","Flaherty, Jack",2020,R,8,0.8713480289992005
"Walden, Marcus","Webb, Logan",2020,R,9,0.8772908363729949
"Walden, Marcus","Kennedy, Ian",2020,R,10,0.8884884007871017
"Walker, Taijuan","Keller, Mitch",2020,R,1,0.3426177890487613
"Walker, Taijuan","Cody, Kyle",2020,R,2,0.4559097575592991
"Walker, Taijuan","Ponce de Leon, Daniel",2020,R,3,0.46868561579358603
"Walker, Taijuan","Brewer, Colten",2020,R,4,0.49043969029655804
"Walker, Taijuan","Mejía, Humberto",2020,R,5,0.5931408351134464
"Walker, Taijuan","Keller, Brad",2020,R,6,0.5964395259683136
"Walker, Taijuan","Melancon, Mark",2020,R,7,0.6168911332012724
"Walker, Taijuan","Nova, Iván",2020,R,8,0.6203482634583289
"Walker, Taijuan","Sneed, Cy",2020,R,9,0.6575752445640931
"Walker, Taijuan","Pineda, Michael",2020,R,10,0.6795711623521433
"Weaver, Luke","Lugo, Seth",2020,R,1,0.3312707511702864
"Weaver, Luke","Tate, Dillon",2020,R,2,0.5637544332296754
"Weaver, Luke","Wright, Kyle",2020,R,3,0.5746964614666
"Weaver, Luke","Neris, Héctor",2020,R,4,0.604048901743952
"Weaver, Luke","Iglesias, Raisel",2020,R,5,0.6077106097228687
"Weaver, Luke","Garcia, Luis",2020,R,6,0.6446444392347901
"Weaver, Luke","Odorizzi, Jake",2020,R,7,0.69273048677962
"Weaver, Luke","Turnbull, Spencer",2020,R,8,0.7051621650442917
"Weaver, Luke","Kelly, Joe",2020,R,9,0.7365816231693592
"Weaver, Luke","Webb, Jacob",2020,R,10,0.7683403460847945
"Webb, Jacob","Castellani, Ryan",2020,R,1,0.3442470512154303
"Webb, Jacob","McCullers Jr., Lance",2020,R,2,0.46461740386104117
"Webb, Jacob","Tanaka, Masahiro",2020,R,3,0.5233329584889977
"Webb, Jacob","Javier, Cristian",2020,R,4,0.5345313313351862
"Webb, Jacob","Lugo, Seth",2020,R,5,0.5410097477153732
"Webb, Jacob","Sadler, Casey",2020,R,6,0.5635544924046353
"Webb, Jacob","Garcia, Luis",2020,R,7,0.6077866959652645
"Webb, Jacob","Kelly, Merrill",2020,R,8,0.6305637078328774
"Webb, Jacob","Bassitt, Chris",2020,R,9,0.6595535561214861
"Webb, Jacob","Bauer, Trevor",2020,R,10,0.6657581745406153
"Webb, Logan","Morton, Charlie",2020,R,1,0.2834128946506007
"Webb, Logan","Flaherty, Jack",2020,R,2,0.43940252193346996
"Webb, Logan","Winkler, Dan",2020,R,3,0.4680296969429476
"Webb, Logan","Hughes, Jared",2020,R,4,0.4741663644743236
"Webb, Logan","Hale, David",2020,R,5,0.517799600682198
"Webb, Logan","Singer, Brady",2020,R,6,0.5227875869892951
"Webb, Logan","Kelly, Merrill",2020,R,7,0.531411608705246
"Webb, Logan","Soria, Joakim",2020,R,8,0.5678663286004736
"Webb, Logan","Antone, Tejay",2020,R,9,0.5738020305280551
"Webb, Logan","Hernández, Elieser",2020,R,10,0.6165399007217482
"Weber, Ryan","Ramirez, Noé",2020,R,1,0.8422899130111411
"Weber, Ryan","Cueto, Johnny",2020,R,2,1.1055559161080946
"Weber, Ryan","Dobnak, Randy",2020,R,3,1.172960101682047
"Weber, Ryan","Castellanos, Humberto",2020,R,4,1.284716387926098
"Weber, Ryan","Sims, Lucas",2020,R,5,1.362739666628734
"Weber, Ryan","Martinez, Carlos",2020,R,6,1.4593560145062292
"Weber, Ryan","Tanaka, Masahiro",2020,R,7,1.4851330326715657
"Weber, Ryan","Davies, Zach",2020,R,8,1.5062553703780317
"Weber, Ryan","Newsome, Ljay",2020,R,9,1.5325834315026914
"Weber, Ryan","Dugger, Robert",2020,R,10,1.540029454413528
"Weems, Jordan","Trivino III, Lou",2020,R,1,0.39652479602792984
"Weems, Jordan","Green, Chad",2020,R,2,0.49815090622200664
"Weems, Jordan","Barnes, Jacob",2020,R,3,0.5075543637590622
"Weems, Jordan","Burnes, Corbin",2020,R,4,0.5382240625460575
"Weems, Jordan","Fulmer, Michael",2020,R,5,0.5436176841578759
"Weems, Jordan","Reyes, Alex",2020,R,6,0.5686791607141305
"Weems, Jordan","Woodruff, Brandon",2020,R,7,0.5697392435003489
"Weems, Jordan","Sulser, Cole",2020,R,8,0.6211837278658102
"Weems, Jordan","Merryweather, Julian",2020,R,9,0.627432757533978
"Weems, Jordan","Gsellman, Robert",2020,R,10,0.6290413590010715
"Wendelken, J.B.","Senzatela, Antonio",2020,R,1,0.2969330949735889
"Wendelken, J.B.","Peña, Félix",2020,R,2,0.33337428246290135
"Wendelken, J.B.","Richards, Garrett",2020,R,3,0.46283648903453156
"Wendelken, J.B.","Wright, Kyle",2020,R,4,0.5570461173680533
"Wendelken, J.B.","Elledge, Seth",2020,R,5,0.5572755299612946
"Wendelken, J.B.","Neris, Héctor",2020,R,6,0.602893923384542
"Wendelken, J.B.","Floro, Dylan",2020,R,7,0.6034216687689203
"Wendelken, J.B.","Tate, Dillon",2020,R,8,0.6276031958633264
"Wendelken, J.B.","Brubaker, JT",2020,R,9,0.6462008391181782
"Wendelken, J.B.","Arrieta, Jake",2020,R,10,0.6567503801121333
"Wheeler, Zack","Heuer, Codi",2020,R,1,0.46918553480378383
"Wheeler, Zack","Patiño, Luis",2020,R,2,0.563682588658377
"Wheeler, Zack","Brasier, Ryan",2020,R,3,0.7311438526112458
"Wheeler, Zack","Hendriks, Liam",2020,R,4,0.7429598178929089
"Wheeler, Zack","deGrom, Jacob",2020,R,5,0.7555728021075655
"Wheeler, Zack","May, Trevor",2020,R,6,0.9172485967268721
"Wheeler, Zack","Romano, Jordan",2020,R,7,1.0130656302723007
"Wheeler, Zack","Hernández, Carlos",2020,R,8,1.1681714282414453
"Wheeler, Zack","Cordero, Jimmy",2020,R,9,1.192949316883742
"Wheeler, Zack","Glasnow, Tyler",2020,R,10,1.205730810600564
"Wick, Rowan","Hahn, Jesse",2020,R,1,0.22698579145720152
"Wick, Rowan","López, Reynaldo",2020,R,2,0.2838759645012881
"Wick, Rowan","Hartlieb, Geoff",2020,R,3,0.3002011749203672
"Wick, Rowan","Lockett, Walker",2020,R,4,0.3182034812610006
"Wick, Rowan","Holder, Jonathan",2020,R,5,0.4084056452868499
"Wick, Rowan","Shoemaker, Matt",2020,R,6,0.42063753680987204
"Wick, Rowan","Plesac, Zach",2020,R,7,0.4420576409232816
"Wick, Rowan","Underwood Jr., Duane",2020,R,8,0.4427542945042256
"Wick, Rowan","Hunter, Tommy",2020,R,9,0.4707072697207198
"Wick, Rowan","Sneed, Cy",2020,R,10,0.49422552005077935
"Widener, Taylor","Ramírez, Yohan",2020,R,1,0.5005753054919413
"Widener, Taylor","López, Pablo",2020,R,2,0.8700137435207568
"Widener, Taylor","Oswalt, Corey",2020,R,3,0.9988635042177927
"Widener, Taylor","Castro, Miguel",2020,R,4,1.0117858710768064
"Widener, Taylor","Wilson, Bryse",2020,R,5,1.047405281029587
"Widener, Taylor","Walden, Marcus",2020,R,6,1.0624779563962803
"Widener, Taylor","Díaz, Edwin",2020,R,7,1.1230159108481188
"Widener, Taylor","Kimbrel, Craig",2020,R,8,1.1755301654313026
"Widener, Taylor","Eflin, Zach",2020,R,9,1.1911440468198218
"Widener, Taylor","Williams, Devin",2020,R,10,1.2545172486803875
"Williams, Devin","Hernández, Carlos",2020,R,1,0.4377424908389014
"Williams, Devin","López, Pablo",2020,R,2,0.5735519881702108
"Williams, Devin","Kuhl, Chad",2020,R,3,0.6195572046903204
"Williams, Devin","Oviedo, Johan",2020,R,4,0.6380972756163145
"Williams, Devin","Wittgren, Nick",2020,R,5,0.6433650198929978
"Williams, Devin","Oswalt, Corey",2020,R,6,0.6485400411558588
"Williams, Devin","Pearson, Nate",2020,R,7,0.655947698387122
"Williams, Devin","Velasquez, Vince",2020,R,8,0.6605775467001671
"Williams, Devin","Eflin, Zach",2020,R,9,0.6688675788737377
"Williams, Devin","Almonte, Yency",2020,R,10,0.6688901328992687
"Williams, Taylor","Givens, Mychal",2020,R,1,0.5845229984471764
"Williams, Taylor","Gerber, Joey",2020,R,2,0.7466868898096002
"Williams, Taylor","García, Yimi",2020,R,3,0.8109324680220471
"Williams, Taylor","Gott, Trevor",2020,R,4,1.0479411855424312
"Williams, Taylor","García, Rony",2020,R,5,1.2805255560681763
"Williams, Taylor","Kimbrel, Craig",2020,R,6,1.2899870615040325
"Williams, Taylor","Chavez, Jesse",2020,R,7,1.2997732395617907
"Williams, Taylor","Winkler, Dan",2020,R,8,1.370356469485615
"Williams, Taylor","Grotz, Zac",2020,R,9,1.3793322472391056
"Williams, Taylor","Kennedy, Ian",2020,R,10,1.3952478466719729
"Williams, Trevor","Barlow, Scott",2020,R,1,0.3089588201274554
"Williams, Trevor","Maton, Phil",2020,R,2,0.3714106885793142
"Williams, Trevor","Wojciechowski, Asher",2020,R,3,0.4784730202004792
"Williams, Trevor","Clevinger, Mike",2020,R,4,0.5701295380600303
"Williams, Trevor","Toussaint, Touki",2020,R,5,0.7798990674672068
"Williams, Trevor","Mengden, Daniel",2020,R,6,0.8244053730953085
"Williams, Trevor","Ottavino, Adam",2020,R,7,0.8415284093980281
"Williams, Trevor","García, Deivi",2020,R,8,0.8419580372304407
"Williams, Trevor","Soria, Joakim",2020,R,9,0.8431438897866074
"Williams, Trevor","Hale, David",2020,R,10,0.8855322360130271
"Wilson, Bryse","Kennedy, Ian",2020,R,1,0.4519068583878589
"Wilson, Bryse","Mahle, Tyler",2020,R,2,0.5051201574035648
"Wilson, Bryse","López, Pablo",2020,R,3,0.659457052165767
"Wilson, Bryse","Eflin, Zach",2020,R,4,0.6907076917948511
"Wilson, Bryse","Jiménez, Joe",2020,R,5,0.7284833646247577
"Wilson, Bryse","Lynn, Lance",2020,R,6,0.7371895758792475
"Wilson, Bryse","Pagán, Emilio",2020,R,7,0.7392782410955184
"Wilson, Bryse","Berríos, José",2020,R,8,0.755620614999725
"Wilson, Bryse","Eovaldi, Nathan",2020,R,9,0.7716413414168738
"Wilson, Bryse","Cole, Gerrit",2020,R,10,0.7739804561619001
"Winkler, Dan","Webb, Logan",2020,R,1,0.4680296969429476
"Winkler, Dan","Singer, Brady",2020,R,2,0.6274013899597474
"Winkler, Dan","Morton, Charlie",2020,R,3,0.6376227165007015
"Winkler, Dan","Kennedy, Ian",2020,R,4,0.6910989886968055
"Winkler, Dan","Hughes, Jared",2020,R,5,0.7154912057006779
"Winkler, Dan","Kelly, Merrill",2020,R,6,0.7537694627097906
"Winkler, Dan","Walden, Marcus",2020,R,7,0.7784134437323398
"Winkler, Dan","Flaherty, Jack",2020,R,8,0.8234710693390829
"Winkler, Dan","García, Deivi",2020,R,9,0.8484772410977902
"Winkler, Dan","DeSclafani, Anthony",2020,R,10,0.8573143614739651
"Wisler, Matt","Hendricks, Kyle",2020,R,1,0.36311873510192355
"Wisler, Matt","Clippard, Tyler",2020,R,2,0.4186461331388425
"Wisler, Matt","Greinke, Zack",2020,R,3,0.5880403231334457
"Wisler, Matt","Bundy, Dylan",2020,R,4,0.6089506440155061
"Wisler, Matt","Hoyt, James",2020,R,5,0.7223293250047783
"Wisler, Matt","Tomlin, Josh",2020,R,6,0.8031527109985634
"Wisler, Matt","Lindblom, Josh",2020,R,7,0.8736017631427192
"Wisler, Matt","Junis, Jakob",2020,R,8,0.8978929763294557
"Wisler, Matt","Roark, Tanner",2020,R,9,0.9001726382637532
"Wisler, Matt","Cahill, Trevor",2020,R,10,0.9221162738148503
"Wittgren, Nick","Pearson, Nate",2020,R,1,0.29085688238583807
"Wittgren, Nick","Anderson, Shaun",2020,R,2,0.32804173565661826
"Wittgren, Nick","Velasquez, Vince",2020,R,3,0.3526692926127136
"Wittgren, Nick","Kuhl, Chad",2020,R,4,0.37515136465593957
"Wittgren, Nick","Sulser, Cole",2020,R,5,0.4011725920127545
"Wittgren, Nick","Almonte, Yency",2020,R,6,0.43802900932729005
"Wittgren, Nick","Stammen, Craig",2020,R,7,0.4387532493560054
"Wittgren, Nick","Adam, Jason",2020,R,8,0.4845140508766817
"Wittgren, Nick","Eovaldi, Nathan",2020,R,9,0.5211191707365406
"Wittgren, Nick","Eflin, Zach",2020,R,10,0.5252346712928836
"Wojciechowski, Asher","Mengden, Daniel",2020,R,1,0.4306661935884606
"Wojciechowski, Asher","Williams, Trevor",2020,R,2,0.4784730202004792
"Wojciechowski, Asher","Barlow, Scott",2020,R,3,0.56526023978457
"Wojciechowski, Asher","Clevinger, Mike",2020,R,4,0.5982662439138722
"Wojciechowski, Asher","García, Deivi",2020,R,5,0.747490830347172
"Wojciechowski, Asher","Toussaint, Touki",2020,R,6,0.7653546581115677
"Wojciechowski, Asher","Maton, Phil",2020,R,7,0.8229946746546964
"Wojciechowski, Asher","Darvish, Yu",2020,R,8,0.8291637235782017
"Wojciechowski, Asher","Soria, Joakim",2020,R,9,0.8336838002824438
"Wojciechowski, Asher","Hale, David",2020,R,10,0.8404119697122999
"Woodford, Jake","Antone, Tejay",2020,R,1,0.33309210868340944
"Woodford, Jake","Voth, Austin",2020,R,2,0.36942656010383096
"Woodford, Jake","Darvish, Yu",2020,R,3,0.43364063301710204
"Woodford, Jake","Dunn, Justin",2020,R,4,0.44965432449076925
"Woodford, Jake","Yamaguchi, Shun",2020,R,5,0.4562899631625089
"Woodford, Jake","Bauer, Trevor",2020,R,6,0.45767685732877017
"Woodford, Jake","Hernández, Elieser",2020,R,7,0.48221668587406186
"Woodford, Jake","Morton, Charlie",2020,R,8,0.4839029525510561
"Woodford, Jake","Hale, David",2020,R,9,0.50800638264724
"Woodford, Jake","Soria, Joakim",2020,R,10,0.6106828893179405
"Woodruff, Brandon","Barnes, Jacob",2020,R,1,0.4963778896256795
"Woodruff, Brandon","Funkhouser, Kyle",2020,R,2,0.5131972660582966
"Woodruff, Brandon","Green, Chad",2020,R,3,0.5555999086871799
"Woodruff, Brandon","Weems, Jordan",2020,R,4,0.5697392435003489
"Woodruff, Brandon","Burnes, Corbin",2020,R,5,0.5890631422347391
"Woodruff, Brandon","Finnegan, Kyle",2020,R,6,0.5996956937806964
"Woodruff, Brandon","Brasier, Ryan",2020,R,7,0.6068168960326811
"Woodruff, Brandon","Cole, Gerrit",2020,R,8,0.6980920278913583
"Woodruff, Brandon","Graveman, Kendall",2020,R,9,0.7039429135984434
"Woodruff, Brandon","Rasmussen, Drew",2020,R,10,0.7110204179427465
"Workman, Brandon","Slegers, Aaron",2020,R,1,1.2275695951127685
"Workman, Brandon","Toussaint, Touki",2020,R,2,1.2609150346246694
"Workman, Brandon","McKenzie, Triston",2020,R,3,1.362166872757979
"Workman, Brandon","Anderson, Ian",2020,R,4,1.381070103925411
"Workman, Brandon","Lyles, Jordan",2020,R,5,1.4098464172761567
"Workman, Brandon","Petit, Yusmeiro",2020,R,6,1.467812170543899
"Workman, Brandon","Richards, Trevor",2020,R,7,1.4880505501084793
"Workman, Brandon","Parker, Blake",2020,R,8,1.5361950604606986
"Workman, Brandon","Pivetta, Nick",2020,R,9,1.5661660385359633
"Workman, Brandon","Gibson, Kyle",2020,R,10,1.6025967284146863
"Wright, Kyle","Neris, Héctor",2020,R,1,0.28503755967556244
"Wright, Kyle","Tate, Dillon",2020,R,2,0.3762790278933532
"Wright, Kyle","Senzatela, Antonio",2020,R,3,0.42144048183136235
"Wright, Kyle","Perdomo, Luis",2020,R,4,0.459171431192059
"Wright, Kyle","Peña, Félix",2020,R,5,0.4617883363662898
"Wright, Kyle","Phillips, Evan",2020,R,6,0.4742838833837698
"Wright, Kyle","Lakins, Travis",2020,R,7,0.5390997679205811
"Wright, Kyle","Garcia, Luis",2020,R,8,0.5529728698097592
"Wright, Kyle","Wendelken, J.B.",2020,R,9,0.5570461173680533
"Wright, Kyle","Richards, Garrett",2020,R,10,0.5654147148001096
"Yamaguchi, Shun","Crichton, Stefan",2020,R,1,0.42382231471341825
"Yamaguchi, Shun","Woodford, Jake",2020,R,2,0.4562899631625089
"Yamaguchi, Shun","Smith, Josh A.",2020,R,3,0.46693115066569535
"Yamaguchi, Shun","Hernández, Elieser",2020,R,4,0.5176519476521941
"Yamaguchi, Shun","Vincent, Nick",2020,R,5,0.6523092472218216
"Yamaguchi, Shun","Antone, Tejay",2020,R,6,0.7016098292341062
"Yamaguchi, Shun","Morton, Charlie",2020,R,7,0.7158866175486169
"Yamaguchi, Shun","Voth, Austin",2020,R,8,0.7255119089491706
"Yamaguchi, Shun","Houck, Tanner",2020,R,9,0.7349631326437778
"Yamaguchi, Shun","Bauer, Trevor",2020,R,10,0.7462920075441158
"Yamamoto, Jordan","Lindblom, Josh",2020,R,1,0.5276611651238418
"Yamamoto, Jordan","Smith, Josh A.",2020,R,2,0.561031043291266
"Yamamoto, Jordan","Davies, Zach",2020,R,3,0.6423463805230408
"Yamamoto, Jordan","Sánchez, Aníbal",2020,R,4,0.7500551457391694
"Yamamoto, Jordan","Goody, Nick",2020,R,5,0.8017179233899024
"Yamamoto, Jordan","Clippard, Tyler",2020,R,6,0.8431230265241035
"Yamamoto, Jordan","Maeda, Kenta",2020,R,7,0.9054381681830057
"Yamamoto, Jordan","Eshelman, Thomas",2020,R,8,0.9281221231712138
"Yamamoto, Jordan","Roark, Tanner",2020,R,9,0.9826835482968359
"Yamamoto, Jordan","Mengden, Daniel",2020,R,10,0.9924353301344753
"Yardley, Eric","O'Day, Darren",2020,R,1,2.5620824224133654
"Yardley, Eric","Rogers, Tyler",2020,R,2,2.8283840490764325
"Yardley, Eric","Thompson, Ryan",2020,R,3,2.8956361503391346
"Yardley, Eric","Schreiber, John",2020,R,4,3.8262964012037988
"Yardley, Eric","Grotz, Zac",2020,R,5,4.438567532850989
"Yardley, Eric","Cishek, Steve",2020,R,6,4.4628934823897195
"Yardley, Eric","Ramirez, Noé",2020,R,7,4.471482262731759
"Yardley, Eric","Valdez, Phillips",2020,R,8,4.585915738435688
"Yardley, Eric","Romo, Sergio",2020,R,9,4.619386317727364
"Yardley, Eric","Williams, Taylor",2020,R,10,4.699161562597961
"Ynoa, Huascar","Keller, Brad",2020,R,1,0.2670917434429185
"Ynoa, Huascar","Gallegos, Giovanny",2020,R,2,0.49938466458242353
"Ynoa, Huascar","Foster, Matt",2020,R,3,0.6033650833629205
"Ynoa, Huascar","Báez, Pedro",2020,R,4,0.6079634233096048
"Ynoa, Huascar","Cease, Dylan",2020,R,5,0.6194832342810042
"Ynoa, Huascar","Gonsolin, Tony",2020,R,6,0.6374619244849183
"Ynoa, Huascar","Cobb, Alex",2020,R,7,0.6487999209558448
"Ynoa, Huascar","Buttrey, Ty",2020,R,8,0.6519136337700148
"Ynoa, Huascar","Keller, Mitch",2020,R,9,0.6880791741668105
"Ynoa, Huascar","Farmer, Buck",2020,R,10,0.6978592340755178
"Zimmer, Kyle","Gray, Sonny",2020,R,1,0.5070829183604559
"Zimmer, Kyle","Bassitt, Chris",2020,R,2,0.5700264226590792
"Zimmer, Kyle","Plesac, Zach",2020,R,3,0.6177022391835666
"Zimmer, Kyle","Cole, A.J.",2020,R,4,0.6265611947949593
"Zimmer, Kyle","Dunning, Dane",2020,R,5,0.6724876967817776
"Zimmer, Kyle","Bauer, Trevor",2020,R,6,0.6997222728741045
"Zimmer, Kyle","Alzolay, Adbert",2020,R,7,0.7077954701135892
"Zimmer, Kyle","Dunn, Justin",2020,R,8,0.7126073627487997
"Zimmer, Kyle","Betances, Dellin",2020,R,9,0.7266196101150144
"Zimmer, Kyle","López, Reynaldo",2020,R,10,0.734828856788681
"Zuber, Tyler","Vincent, Nick",2020,R,1,0.695754789794186
"Zuber, Tyler","McCullers Jr., Lance",2020,R,2,0.7291158229808941
"Zuber, Tyler","Crichton, Stefan",2020,R,3,0.8334762434426017
"Zuber, Tyler","Dobnak, Randy",2020,R,4,0.8348369070472463
"Zuber, Tyler","Castellani, Ryan",2020,R,5,0.8466047747124288
"Zuber, Tyler","King, Michael",2020,R,6,0.8492180722612889
"Zuber, Tyler","Scherzer, Max",2020,R,7,0.8500619605091289
"Zuber, Tyler","Javier, Cristian",2020,R,8,0.8652306371333912
"Zuber, Tyler","García, Yimi",2020,R,9,0.9242227383071855
"Zuber, Tyler","Andriese, Matt",2020,R,10,0.9352596191215798
"deGrom, Jacob","Wheeler, Zack",2020,R,1,0.7555728021075655
"deGrom, Jacob","Heuer, Codi",2020,R,2,0.9399197599832784
"deGrom, Jacob","Brasier, Ryan",2020,R,3,0.9590308046107536
"deGrom, Jacob","Patiño, Luis",2020,R,4,1.0187583411840009
"deGrom, Jacob","Hendriks, Liam",2020,R,5,1.1450233927905604
"deGrom, Jacob","Woodruff, Brandon",2020,R,6,1.1972646721007942
"deGrom, Jacob","May, Trevor",2020,R,7,1.2356472795785638
"deGrom, Jacob","May, Dustin",2020,R,8,1.2838853422480256
"deGrom, Jacob","Díaz, Edwin",2020,R,9,1.2964604504550414
"deGrom, Jacob","Funkhouser, Kyle",2020,R,10,1.3020045179055524
