player_name,pitch_type,pitches,command_dispersion,dispersion_z,dispersion_z_relative,used_handedness_split,avg_clusters_per_split,raw_command_score,command_score,confidence_score,trusted_command_score
"Yamamoto, Yoshinobu",FF,1095,0.6887117631267017,-3.55174235173371,-3.55174235173371,True,2.0,3.55174235173371,100.0,100.0,100.0
"Nola, Aaron",FF,486,0.7424744451299623,-2.790456354320934,-2.790456354320934,True,1.5,2.790456354320934,99.76377952755907,100.0,99.76377952755907
"Williams, Trevor",ST,398,0.7555267701120465,-2.7761348266051646,-2.7761348266051646,True,1.0,2.7761348266051646,99.68503937007874,100.0,99.68503937007874
"Suarez, Ranger",SI,717,0.7241059755586862,-2.498552913383451,-2.498552913383451,True,1.5,2.498552913383451,99.37007874015748,100.0,99.37007874015748
"deGrom, Jacob",SL,983,0.7522168948093296,-2.462083002223787,-2.462083002223787,True,1.0,2.462083002223787,99.25196850393701,100.0,99.25196850393701
"Yamamoto, Yoshinobu",FC,368,0.7459845279927779,-2.353570026582448,-2.353570026582448,True,1.0,2.353570026582448,99.13385826771653,100.0,99.13385826771653
"McGreevy, Michael",SI,325,0.7410005394275856,-2.2645328256378616,-2.2645328256378616,True,1.0,2.2645328256378616,99.05511811023622,100.0,99.05511811023622
"Nola, Aaron",KC,471,0.8294982777878348,-2.1763535215561194,-2.1763535215561194,True,1.0,2.1763535215561194,98.9763779527559,100.0,98.9763779527559
"Luzardo, Jesús",SI,343,0.7553503214263948,-2.065762542572237,-2.065762542572237,True,1.0,2.065762542572237,98.62204724409449,100.0,98.62204724409449
"Mahle, Tyler",FS,383,0.7803253911910913,-2.0111416464696066,-2.0111416464696066,True,1.0,2.0111416464696066,98.4251968503937,100.0,98.4251968503937
"Suarez, Ranger",FC,436,0.7738123946419377,-1.994295254659875,-1.994295254659875,True,1.0,1.994295254659875,98.38582677165354,100.0,98.38582677165354
"Gallen, Zac",SL,406,0.7979234107534295,-1.9747850282257557,-1.9747850282257557,True,1.0,1.9747850282257557,98.34645669291339,100.0,98.34645669291339
"Flaherty, Jack",SL,733,0.7995006303211322,-1.957969572398155,-1.957969572398155,True,1.0,1.957969572398155,98.26771653543307,100.0,98.26771653543307
"Schwellenbach, Spencer",FF,555,0.8013075009849048,-1.9573732576730578,-1.9573732576730578,True,1.0,1.9573732576730578,98.22834645669292,100.0,98.22834645669292
"Snell, Blake",CH,362,0.7634036713042957,-1.9389964989291937,-1.9389964989291937,True,1.0,1.9389964989291937,98.18897637795276,100.0,98.18897637795276
"Mize, Casey",SI,307,0.764783851109963,-1.935091193999385,-1.935091193999385,True,1.0,1.935091193999385,98.14960629921259,100.0,98.14960629921259
"Gallen, Zac",KC,736,0.8597254922246269,-1.9164373038649583,-1.9164373038649583,True,1.0,1.9164373038649583,98.03149606299213,100.0,98.03149606299213
"Hendricks, Kyle",CH,987,0.7675329024046527,-1.901194907821825,-1.901194907821825,True,1.0,1.901194907821825,97.99212598425197,100.0,97.99212598425197
"Taillon, Jameson",FC,313,0.7819611336171649,-1.8890900524899947,-1.8890900524899947,True,1.0,1.8890900524899947,97.95275590551181,100.0,97.95275590551181
"Gallen, Zac",CH,501,0.7727768598063748,-1.8531884076607612,-1.8531884076607612,True,1.0,1.8531884076607612,97.79527559055119,100.0,97.79527559055119
"Kirby, George",FF,661,0.8088441600772541,-1.8506532649105822,-1.8506532649105822,True,1.0,1.8506532649105822,97.75590551181102,100.0,97.75590551181102
"Eovaldi, Nathan",FC,385,0.7869420168124339,-1.82478380521224,-1.82478380521224,True,1.0,1.82478380521224,97.67716535433071,100.0,97.67716535433071
"deGrom, Jacob",FF,1203,0.8115901556505932,-1.8117696396700533,-1.8117696396700533,True,1.0,1.8117696396700533,97.63779527559055,100.0,97.63779527559055
"Skenes, Paul",FS,405,0.8122649513299036,-1.7598265683731367,-1.7598265683731367,True,1.0,1.7598265683731367,97.08661417322834,100.0,97.08661417322834
"Williams, Trevor",FF,613,0.8168157306582049,-1.7377748735331322,-1.7377748735331322,True,1.0,1.7377748735331322,96.92913385826772,100.0,96.92913385826772
"Kittredge, Andrew",SL,436,0.8205074163455776,-1.734006663423821,-1.734006663423821,True,1.0,1.734006663423821,96.88976377952756,100.0,96.88976377952756
"De Los Santos, Enyel",SL,397,0.8251947212614538,-1.6840331718583947,-1.6840331718583947,True,1.0,1.6840331718583947,96.61417322834646,100.0,96.61417322834646
"Ryan, Joe",FF,1404,0.8209041290536462,-1.6798826640242104,-1.6798826640242104,True,1.0,1.6798826640242104,96.5748031496063,100.0,96.5748031496063
"McGreevy, Michael",FF,373,0.8243028682236915,-1.631756111504809,-1.631756111504809,True,1.0,1.631756111504809,96.33858267716535,100.0,96.33858267716535
"Hendricks, Kyle",SI,987,0.7871820934743985,-1.6248352629113205,-1.6248352629113205,True,1.5,1.6248352629113205,96.25984251968504,100.0,96.25984251968504
"Kelly, Merrill",CH,767,0.7986722238766595,-1.6161258794635107,-1.6161258794635107,True,1.0,1.6161258794635107,96.18110236220473,100.0,96.18110236220473
"Flaherty, Jack",FF,1401,0.8285175973029945,-1.5720750444262133,-1.5720750444262133,True,1.5,1.5720750444262133,95.8267716535433,100.0,95.8267716535433
"Manaea, Sean",FF,663,0.8298251223558246,-1.5535603335357553,-1.5535603335357553,True,1.0,1.5535603335357553,95.62992125984252,100.0,95.62992125984252
"Roupp, Landen",CU,660,0.8886533075877147,-1.5527112592359844,-1.5527112592359844,True,1.0,1.5527112592359844,95.59055118110236,100.0,95.59055118110236
"Berríos, José",CH,434,0.8070205759190525,-1.5396997888289559,-1.5396997888289559,True,1.0,1.5396997888289559,95.51181102362204,100.0,95.51181102362204
"Rogers, Tyler",SI,729,0.7934229100576273,-1.538388731604296,-1.538388731604296,True,1.0,1.538388731604296,95.47244094488188,100.0,95.47244094488188
"López, Pablo",FF,518,0.8317781795104826,-1.5259048109950868,-1.5259048109950868,True,1.0,1.5259048109950868,95.31496062992126,100.0,95.31496062992126
"Spence, Mitch",SL,362,0.8406406651955578,-1.519356931937122,-1.519356931937122,True,1.0,1.519356931937122,95.2755905511811,100.0,95.2755905511811
"Yamamoto, Yoshinobu",CU,595,0.8935788666547577,-1.515005236182245,-1.515005236182245,True,1.0,1.515005236182245,95.23622047244095,100.0,95.23622047244095
"Quintana, Jose",CU,310,0.8950246324772895,-1.5039376439165375,-1.5039376439165375,True,1.0,1.5039376439165375,95.15748031496062,100.0,95.15748031496062
"Skenes, Paul",SI,312,0.7973674315573817,-1.4837500161778403,-1.4837500161778403,True,1.0,1.4837500161778403,95.0,100.0,95.0
"Ross, Joe",FF,307,0.8350595866228185,-1.4794396944244415,-1.4794396944244415,True,1.0,1.4794396944244415,94.92125984251969,100.0,94.92125984251969
"Paddack, Chris",CH,604,0.8138572409800846,-1.477112636186222,-1.477112636186222,True,1.0,1.477112636186222,94.88188976377953,100.0,94.88188976377953
"Lodolo, Nick",CH,541,0.8143455057083062,-1.4726427522877914,-1.4726427522877914,True,1.0,1.4726427522877914,94.84251968503938,100.0,94.84251968503938
"Mize, Casey",SL,406,0.8459644043580526,-1.4625981251370033,-1.4625981251370033,True,1.0,1.4625981251370033,94.7244094488189,100.0,94.7244094488189
"Rogers, Trevor",CH,407,0.8166207251129748,-1.4518139559514962,-1.4518139559514962,True,1.0,1.4518139559514962,94.52755905511812,100.0,94.52755905511812
"Sugano, Tomoyuki",ST,509,0.8802772789814459,-1.4506488561625008,-1.4506488561625008,True,1.0,1.4506488561625008,94.44881889763779,100.0,94.44881889763779
"King, Bryan",FF,656,0.8373086915892305,-1.4475920995158187,-1.4475920995158187,True,1.0,1.4475920995158187,94.37007874015748,100.0,94.37007874015748
"Kelly, Merrill",CU,274,0.8269548801711951,-2.0250235987859693,-2.0250235987859693,True,1.0,2.0250235987859693,98.50393700787401,91.33333333333333,94.30196850393702
"Rogers, Trevor",FF,665,0.8392487610739757,-1.42012048393208,-1.42012048393208,True,1.0,1.42012048393208,94.05511811023622,100.0,94.05511811023622
"Milner, Hoby",ST,406,0.8837833317564425,-1.4133967134096828,-1.4133967134096828,True,1.0,1.4133967134096828,93.97637795275591,100.0,93.97637795275591
"Wilson, Steven",ST,568,0.8845933893030496,-1.4047897752656227,-1.4047897752656227,True,1.0,1.4047897752656227,93.77952755905513,100.0,93.77952755905513
"Duran, Jhoan",FS,456,0.857871731051205,-1.400971551034956,-1.400971551034956,True,1.0,1.400971551034956,93.66141732283465,100.0,93.66141732283465
"Mikolas, Miles",SL,580,0.8524615992559089,-1.3933285725360596,-1.3933285725360596,True,1.0,1.3933285725360596,93.50393700787401,100.0,93.50393700787401
"Suarez, Ranger",CU,404,0.9096708647157843,-1.391818153942248,-1.391818153942248,True,1.0,1.391818153942248,93.46456692913387,100.0,93.46456692913387
"McGreevy, Michael",ST,296,0.8836482825571013,-1.414831623941661,-1.414831623941661,True,1.0,1.414831623941661,94.01574803149606,98.66666666666667,93.4291338582677
"Webb, Logan",CH,792,0.8233154673687874,-1.3905260543609146,-1.3905260543609146,True,1.0,1.3905260543609146,93.34645669291338,100.0,93.34645669291338
"Wentz, Joey",SL,462,0.8527702611301621,-1.39003778777885,-1.39003778777885,True,1.0,1.39003778777885,93.30708661417323,100.0,93.30708661417323
"Freeland, Kyle",FF,828,0.8416867385724879,-1.3855984314140868,-1.3855984314140868,True,1.0,1.3855984314140868,93.18897637795276,100.0,93.18897637795276
"Singer, Brady",SL,809,0.8533807094914961,-1.383529519897038,-1.383529519897038,True,1.0,1.383529519897038,93.07086614173228,100.0,93.07086614173228
"Bazardo, Eduard",ST,574,0.887041882571831,-1.378774302415803,-1.378774302415803,True,1.0,1.378774302415803,92.99212598425197,100.0,92.99212598425197
"Kershaw, Clayton",SL,761,0.8546073440953899,-1.3704518099695449,-1.3704518099695449,True,1.0,1.3704518099695449,92.8740157480315,100.0,92.8740157480315
"Gray, Sonny",ST,523,0.8879725185223023,-1.3688862073120738,-1.3688862073120738,True,1.0,1.3688862073120738,92.83464566929133,100.0,92.83464566929133
"Flaherty, Jack",KC,760,0.9236814913414412,-1.3664957462708156,-1.3664957462708156,True,1.0,1.3664957462708156,92.75590551181102,100.0,92.75590551181102
"Webb, Logan",FF,258,0.7602162687556645,-2.5392300130830643,-2.5392300130830643,True,1.0,2.5392300130830643,99.44881889763779,86.0,92.52874015748031
"Olson, Reese",CH,300,0.827961839657638,-1.3479902259882774,-1.3479902259882774,True,1.0,1.3479902259882774,92.51968503937007,100.0,92.51968503937007
"Wheeler, Zack",FF,979,0.8444821221698466,-1.346015465855607,-1.346015465855607,True,1.0,1.346015465855607,92.48031496062991,100.0,92.48031496062991
"Montero, Rafael",FS,518,0.8663914633716576,-1.3339343976061049,-1.3339343976061049,True,1.0,1.3339343976061049,92.36220472440945,100.0,92.36220472440945
"Pfaadt, Brandon",FC,267,0.7895488801802669,-1.7911276053418201,-1.7911276053418201,True,1.0,1.7911276053418201,97.44094488188976,89.0,92.22460629921261
"Gausman, Kevin",FF,1822,0.8460502137485884,-1.3238111018418368,-1.3238111018418368,True,1.0,1.3238111018418368,92.20472440944883,100.0,92.20472440944883
"Milner, Hoby",SI,386,0.8092332046430946,-1.3193877230617954,-1.3193877230617954,True,1.0,1.3193877230617954,92.08661417322834,100.0,92.08661417322834
"Yamamoto, Yoshinobu",FS,811,0.8684665681734348,-1.3176065232380645,-1.3176065232380645,True,1.0,1.3176065232380645,92.04724409448819,100.0,92.04724409448819
"Kelly, Kevin",SI,347,0.811636340899248,-1.2860999648282196,-1.2860999648282196,True,1.0,1.2860999648282196,91.73228346456693,100.0,91.73228346456693
"Pérez, Martín",CH,260,0.7655870378111523,-1.9190085820691798,-1.9190085820691798,True,1.0,1.9190085820691798,98.07086614173228,86.66666666666667,91.66404199475066
"Gray, Sonny",FF,589,0.8488460179988215,-1.2842221797884215,-1.2842221797884215,True,1.0,1.2842221797884215,91.65354330708662,100.0,91.65354330708662
"Webb, Logan",ST,873,0.8964892659433125,-1.2783949594393222,-1.2783949594393222,True,1.0,1.2783949594393222,91.5748031496063,100.0,91.5748031496063
"Ober, Bailey",SL,418,0.8638786630061065,-1.2716060583702031,-1.2716060583702031,True,1.0,1.2716060583702031,91.49606299212599,100.0,91.49606299212599
"Littell, Zack",FF,682,0.8503224646020443,-1.2633155195720844,-1.2633155195720844,True,1.0,1.2633155195720844,91.33858267716536,100.0,91.33858267716536
"Stewart, Brock",FF,332,0.8504538578839954,-1.261454975008898,-1.261454975008898,True,1.0,1.261454975008898,91.2992125984252,100.0,91.2992125984252
"Castillo, Luis",FF,1452,0.8505919596047825,-1.2594994381506837,-1.2594994381506837,True,1.0,1.2594994381506837,91.25984251968504,100.0,91.25984251968504
"Matthews, Zebby",FF,557,0.8507843320191693,-1.256775421790186,-1.256775421790186,True,1.0,1.256775421790186,91.22047244094487,100.0,91.22047244094487
"Peralta, Wandy",CH,398,0.8384076742032067,-1.2523624549408605,-1.2523624549408605,True,1.0,1.2523624549408605,91.14173228346458,100.0,91.14173228346458
"Iglesias, Raisel",CH,267,0.7986394717037412,-1.6164257135533073,-1.6164257135533073,True,1.0,1.6164257135533073,96.22047244094489,89.0,91.13838582677167
"Irvin, Jake",CU,872,0.9287020867920949,-1.246130793668445,-1.246130793668445,True,1.0,1.246130793668445,90.98425196850394,100.0,90.98425196850394
"Hill, Tim",SI,769,0.8151421592882099,-1.2375380763194983,-1.2375380763194983,True,1.0,1.2375380763194983,90.86614173228347,100.0,90.86614173228347
"Nola, Aaron",SI,284,0.8045937767127168,-1.3836521420655319,-1.3836521420655319,True,1.5,1.3836521420655319,93.11023622047244,94.66666666666667,90.81207349081366
"Thompson, Ryan",SI,334,0.8156873109154884,-1.229986746043064,-1.229986746043064,True,1.0,1.229986746043064,90.62992125984252,100.0,90.62992125984252
"Yamamoto, Yoshinobu",SI,249,0.7494627740184152,-2.1473156605877928,-2.1473156605877928,True,1.0,2.1473156605877928,98.85826771653544,83.0,90.55570866141731
"Gray, Sonny",FC,342,0.8333333561505168,-1.2258432514858313,-1.2258432514858313,True,1.0,1.2258432514858313,90.5511811023622,100.0,90.5511811023622
"Alexander, Jason",SI,500,0.8168869559740248,-1.2133695048972857,-1.2133695048972857,True,1.0,1.2133695048972857,90.35433070866141,100.0,90.35433070866141
"Enns, Dietrich",FF,340,0.854693984034523,-1.2014142823688874,-1.2014142823688874,True,1.0,1.2014142823688874,90.11811023622047,100.0,90.11811023622047
"Eovaldi, Nathan",FS,603,0.8839321835346657,-1.1959159828729007,-1.1959159828729007,True,1.5,1.1959159828729007,90.03937007874015,100.0,90.03937007874015
"De Los Santos, Enyel",FF,540,0.8552174007560295,-1.1940026390868352,-1.1940026390868352,True,1.0,1.1940026390868352,90.0,100.0,90.0
"Paddack, Chris",FF,1109,0.855330913534446,-1.1923952845889572,-1.1923952845889572,True,1.0,1.1923952845889572,89.96062992125984,100.0,89.96062992125984
"Lodolo, Nick",FF,692,0.8555053876535035,-1.1899247102277055,-1.1899247102277055,True,1.0,1.1899247102277055,89.88188976377953,100.0,89.88188976377953
"Mears, Nick",SL,375,0.8717169368931477,-1.1880386521503052,-1.1880386521503052,True,1.0,1.1880386521503052,89.84251968503936,100.0,89.84251968503936
"Williams, Devin",CH,617,0.8456923221213452,-1.1856741841054488,-1.1856741841054488,True,1.0,1.1856741841054488,89.80314960629921,100.0,89.80314960629921
"Springs, Jeffrey",SL,575,0.8724099630386632,-1.1806499849184724,-1.1806499849184724,True,1.0,1.1806499849184724,89.76377952755905,100.0,89.76377952755905
"Mahle, Tyler",FF,684,0.8569945015361946,-1.168838679821392,-1.168838679821392,True,1.0,1.168838679821392,89.64566929133858,100.0,89.64566929133858
"Nola, Aaron",CH,242,0.7396762172665557,-2.156212608600551,-2.156212608600551,True,1.0,2.156212608600551,98.8976377952756,80.66666666666666,89.4479002624672
"Gordon, Tanner",CH,263,0.814842087106972,-1.4680967323320986,-1.4680967323320986,True,1.0,1.4680967323320986,94.76377952755905,87.66666666666667,89.24534120734909
"Gausman, Kevin",FS,1325,0.8910928068148973,-1.1395729214447001,-1.1395729214447001,True,1.0,1.1395729214447001,89.21259842519686,100.0,89.21259842519686
"Alcantara, Sandy",SI,747,0.8222885483372999,-1.1385477380479772,-1.1385477380479772,True,1.0,1.1385477380479772,89.1732283464567,100.0,89.1732283464567
"Rasmussen, Drew",SI,531,0.8226549819989808,-1.1334719729483314,-1.1334719729483314,True,1.0,1.1334719729483314,88.9763779527559,100.0,88.9763779527559
"Bergert, Ryan",SL,325,0.8775676204337098,-1.1256618514484875,-1.1256618514484875,True,1.0,1.1256618514484875,88.81889763779527,100.0,88.81889763779527
"Springs, Jeffrey",CH,720,0.8544938392702063,-1.1050995336924518,-1.1050995336924518,True,1.0,1.1050995336924518,88.7007874015748,100.0,88.7007874015748
"Ragans, Cole",FF,534,0.8618546440102303,-1.100018481999229,-1.100018481999229,True,1.0,1.100018481999229,88.62204724409449,100.0,88.62204724409449
"Gusto, Ryan",FF,769,0.8621481881219307,-1.0958618623230199,-1.0958618623230199,True,1.0,1.0958618623230199,88.58267716535433,100.0,88.58267716535433
"Walker, Taijuan",FS,466,0.8967195222166437,-1.0952993492830676,-1.0952993492830676,True,1.0,1.0952993492830676,88.54330708661418,100.0,88.54330708661418
"Pfaadt, Brandon",CH,457,0.8562672536665695,-1.0888645775357357,-1.0888645775357357,True,1.0,1.0888645775357357,88.4251968503937,100.0,88.4251968503937
"Armstrong, Shawn",ST,261,0.8830896972499106,-1.4207666457278387,-1.4207666457278387,True,1.0,1.4207666457278387,94.09448818897637,87.0,88.36476377952755
"Keller, Mitch",SL,401,0.8813254698739234,-1.0855977078361134,-1.0855977078361134,True,1.0,1.0855977078361134,88.30708661417323,100.0,88.30708661417323
"Bird, Jake",ST,388,0.9151197859583878,-1.0804439199939748,-1.0804439199939748,True,1.0,1.0804439199939748,88.22834645669292,100.0,88.22834645669292
"Sugano, Tomoyuki",CU,249,0.8859138563706417,-1.5736822412787512,-1.5736822412787512,True,1.0,1.5736822412787512,95.90551181102363,83.0,88.10492125984251
"Latz, Jacob",SL,290,0.875273236390534,-1.1501233242323765,-1.1501233242323765,True,1.0,1.1501233242323765,89.40944881889764,96.66666666666667,88.09645669291339
"Rea, Colin",CU,251,0.8918759951080665,-1.5280410180951483,-1.5280410180951483,True,1.0,1.5280410180951483,95.39370078740157,83.66666666666667,87.98261154855643
"Pfaadt, Brandon",ST,542,0.916067377322604,-1.070375672013551,-1.070375672013551,True,1.0,1.070375672013551,87.91338582677164,100.0,87.91338582677164
"Webb, Logan",FC,255,0.8156714412119486,-1.4538693715355906,-1.4538693715355906,True,1.0,1.4538693715355906,94.56692913385827,85.0,87.88484251968504
"Luzardo, Jesús",CH,539,0.85829964789612,-1.0702587563144919,-1.0702587563144919,True,1.0,1.0702587563144919,87.8740157480315,100.0,87.8740157480315
"Ober, Bailey",FF,846,0.8642205608837611,-1.0665168165363268,-1.0665168165363268,True,1.0,1.0665168165363268,87.79527559055119,100.0,87.79527559055119
"Sears, JP",ST,640,0.9165350709569685,-1.0654063828584706,-1.0654063828584706,True,1.0,1.0654063828584706,87.71653543307086,100.0,87.71653543307086
"Abbott, Andrew",CU,308,0.9525451410690308,-1.0636080095538263,-1.0636080095538263,True,1.0,1.0636080095538263,87.63779527559055,100.0,87.63779527559055
"Rodriguez, Eduardo",CH,531,0.8591353153308106,-1.062608528487528,-1.062608528487528,True,1.0,1.062608528487528,87.5984251968504,100.0,87.5984251968504
"Civale, Aaron",CU,351,0.9530691972881403,-1.0595962668033607,-1.0595962668033607,True,1.0,1.0595962668033607,87.51968503937007,100.0,87.51968503937007
"Montero, Rafael",FF,444,0.864831938365096,-1.0578596383909822,-1.0578596383909822,True,1.0,1.0578596383909822,87.44094488188976,100.0,87.44094488188976
"Bednar, David",CU,403,0.9533409614732196,-1.0575158640534794,-1.0575158640534794,True,1.0,1.0575158640534794,87.4015748031496,100.0,87.4015748031496
"Roupp, Landen",CH,315,0.8597705608507322,-1.0567930895321276,-1.0567930895321276,True,1.0,1.0567930895321276,87.36220472440945,100.0,87.36220472440945
"Banks, Tanner",SL,388,0.8842336821926757,-1.054591932365995,-1.054591932365995,True,1.0,1.054591932365995,87.32283464566929,100.0,87.32283464566929
"Kirby, George",ST,696,0.9175663787243644,-1.0544486401664315,-1.0544486401664315,True,1.0,1.0544486401664315,87.28346456692914,100.0,87.28346456692914
"Martinez, Nick",SL,268,0.8626522734738052,-1.2846811554778823,-1.2846811554778823,True,1.0,1.2846811554778823,91.69291338582677,89.33333333333333,87.24776902887139
"Rasmussen, Drew",FF,816,0.8657882543242826,-1.0443180902072993,-1.0443180902072993,True,1.0,1.0443180902072993,87.00787401574803,100.0,87.00787401574803
"Buehler, Walker",SL,323,0.8855969260135883,-1.0400577693856337,-1.0400577693856337,True,1.0,1.0400577693856337,86.8503937007874,100.0,86.8503937007874
"Matz, Steven",SI,698,0.8294579749704367,-1.0392382878134658,-1.0392382878134658,True,1.0,1.0392382878134658,86.81102362204724,100.0,86.81102362204724
"Alexander, Tyler",CH,254,0.823208470417028,-1.3915055720778549,-1.3915055720778549,True,1.0,1.3915055720778549,93.4251968503937,84.66666666666667,86.76968503937009
"Gray, Sonny",CU,498,0.9573048883094629,-1.0271713052660736,-1.0271713052660736,True,1.0,1.0271713052660736,86.5748031496063,100.0,86.5748031496063
"Mize, Casey",FS,610,0.9055424032700362,-1.0258768828704903,-1.0258768828704903,True,1.0,1.0258768828704903,86.53543307086615,100.0,86.53543307086615
"Taillon, Jameson",ST,330,0.9207666422960613,-1.0204455366564988,-1.0204455366564988,True,1.0,1.0204455366564988,86.41732283464567,100.0,86.41732283464567
"Imanaga, Shota",FS,676,0.9064159468561475,-1.0190034421089362,-1.0190034421089362,True,1.0,1.0190034421089362,86.37795275590551,100.0,86.37795275590551
"Alcantara, Sandy",CH,672,0.8645083375505775,-1.0134204874149715,-1.0134204874149715,True,1.0,1.0134204874149715,86.33858267716535,100.0,86.33858267716535
"Kirby, George",KC,252,0.9213440191904682,-1.3865950816465502,-1.3865950816465502,True,1.0,1.3865950816465502,93.22834645669292,84.0,86.31496062992126
"Iglesias, Raisel",FF,387,0.8684554452924508,-1.0065503475867008,-1.0065503475867008,True,1.0,1.0065503475867008,86.18110236220473,100.0,86.18110236220473
"Sugano, Tomoyuki",FS,602,0.9081326327155056,-1.0054957720303044,-1.0054957720303044,True,1.0,1.0054957720303044,86.14173228346456,100.0,86.14173228346456
"Gaddis, Hunter",FF,353,0.8688854205871687,-1.0004618460665886,-1.0004618460665886,True,1.0,1.0004618460665886,86.06299212598425,100.0,86.06299212598425
"Alexander, Tyler",SI,291,0.8289509056516161,-1.0462621096418552,-1.0462621096418552,True,1.0,1.0462621096418552,87.08661417322836,97.0,85.97460629921261
"Fedde, Erick",ST,615,0.9228166503814471,-0.998664006616268,-0.998664006616268,True,1.0,0.998664006616268,85.94488188976378,100.0,85.94488188976378
"Verlander, Justin",SL,607,0.8895881528346122,-0.9975054832732938,-0.9975054832732938,True,1.0,0.9975054832732938,85.8267716535433,100.0,85.8267716535433
"Littell, Zack",SL,782,0.889929108767404,-0.9938703968563972,-0.9938703968563972,True,1.0,0.9938703968563972,85.70866141732284,100.0,85.70866141732284
"Alexander, Tyler",ST,355,0.92330043472916,-0.9935237521080917,-0.9935237521080917,True,1.0,0.9935237521080917,85.66929133858268,100.0,85.66929133858268
"Singer, Brady",ST,316,0.9233422316049157,-0.9930796563450799,-0.9930796563450799,True,1.0,0.9930796563450799,85.62992125984252,100.0,85.62992125984252
"Pfaadt, Brandon",SI,685,0.8335509371264039,-0.9825434023869134,-0.9825434023869134,True,1.0,0.9825434023869134,85.51181102362204,100.0,85.51181102362204
"Whitlock, Garrett",CH,261,0.840567793849308,-1.2325873545358832,-1.2325873545358832,True,1.0,1.2325873545358832,90.74803149606299,87.0,85.45334645669291
"Martin, Chris",FC,230,0.8033464590574528,-1.61299242643351,-1.61299242643351,True,1.0,1.61299242643351,96.14173228346456,76.66666666666667,85.37992125984252
"Greene, Hunter",FF,947,0.8704677305140546,-0.9780561485451663,-0.9780561485451663,True,1.0,0.9780561485451663,85.31496062992126,100.0,85.31496062992126
"Phillips, Tyler",ST,251,0.8925478682979473,-1.3202726826663798,-1.3202726826663798,True,1.0,1.3202726826663798,92.16535433070867,83.66666666666667,85.28156167979003
"Jacob, Alek",FF,247,0.8428827262254446,-1.3686631034254406,-1.3686631034254406,True,1.0,1.3686631034254406,92.79527559055119,82.33333333333334,85.23825459317587
"Severino, Luis",FC,481,0.8526193495382964,-0.9768492857229556,-0.9768492857229556,True,1.0,0.9768492857229556,85.23622047244095,100.0,85.23622047244095
"Houser, Adrian",SL,292,0.8893940520709325,-0.9995748798776707,-0.9995748798776707,True,1.0,0.9995748798776707,85.98425196850393,97.33333333333334,85.0251968503937
"Povich, Cade",CU,430,0.9647715087273149,-0.9700130095727362,-0.9700130095727362,True,1.0,0.9700130095727362,84.96062992125985,100.0,84.96062992125985
"Sheehan, Emmet",FF,606,0.8713863209346594,-0.9650487984929209,-0.9650487984929209,True,1.0,0.9650487984929209,84.84251968503938,100.0,84.84251968503938
"Skubal, Tarik",SI,717,0.8348391486294677,-0.9646993567328656,-0.9646993567328656,True,1.0,0.9646993567328656,84.80314960629921,100.0,84.80314960629921
"Gordon, Tanner",FF,657,0.8714433620708053,-0.964241089193341,-0.964241089193341,True,1.0,0.964241089193341,84.76377952755905,100.0,84.76377952755905
"Walter, Brandon",FC,223,0.7953601814867787,-1.7161001525444857,-1.7161001525444857,True,1.0,1.7161001525444857,96.73228346456693,74.33333333333333,84.74271653543308
"Martinez, Nick",FC,545,0.853644092962706,-0.963619221603217,-0.963619221603217,True,1.0,0.963619221603217,84.72440944881889,100.0,84.72440944881889
"Detmers, Reid",FF,492,0.8715376152838786,-0.9629064524406667,-0.9629064524406667,True,1.0,0.9629064524406667,84.64566929133859,100.0,84.64566929133859
"Wrobleski, Justin",SI,243,0.806546238815253,-1.3566070312179783,-1.3566070312179783,True,1.0,1.3566070312179783,92.63779527559055,81.0,84.54035433070865
"Banda, Anthony",FF,255,0.8533151342080548,-1.220938960571541,-1.220938960571541,True,1.0,1.220938960571541,90.4724409448819,85.0,84.40452755905513
"Hendricks, Kyle",FF,385,0.872920069539307,-0.9433307350935021,-0.9433307350935021,True,1.0,0.9433307350935021,84.25196850393701,100.0,84.25196850393701
"Kelly, Merrill",FC,571,0.8556170516272622,-0.9381471190105996,-0.9381471190105996,True,1.0,0.9381471190105996,84.1732283464567,100.0,84.1732283464567
"Elder, Bryce",SL,883,0.8954031110493186,-0.9355095665340877,-0.9355095665340877,True,1.0,0.9355095665340877,84.09448818897638,100.0,84.09448818897638
"Lopez, Jacob",SL,509,0.8962439229462688,-0.9265452881279549,-0.9265452881279549,True,1.0,0.9265452881279549,83.97637795275591,100.0,83.97637795275591
"Banks, Tanner",FF,233,0.8404193028998391,-1.4035454718937717,-1.4035454718937717,True,1.0,1.4035454718937717,93.74015748031496,77.66666666666666,83.9759186351706
"Weaver, Luke",CH,316,0.8741959374589725,-0.9247340754296345,-0.9247340754296345,True,1.0,0.9247340754296345,83.89763779527559,100.0,83.89763779527559
"Martin, Davis",SI,242,0.8093860994997292,-1.3172698543767476,-1.3172698543767476,True,1.0,1.3172698543767476,92.00787401574803,80.66666666666666,83.89015748031495
"Schreiber, John",FF,331,0.874597846179124,-0.9195732175165063,-0.9195732175165063,True,1.0,0.9195732175165063,83.74015748031496,100.0,83.74015748031496
"Cecconi, Slade",FF,917,0.8747776688927894,-0.9170269064168857,-0.9170269064168857,True,1.0,0.9170269064168857,83.7007874015748,100.0,83.7007874015748
"Martinez, Nick",FF,542,0.8751737457340485,-0.911418411045845,-0.911418411045845,True,1.0,0.911418411045845,83.58267716535434,100.0,83.58267716535434
"Morejon, Adrian",SI,648,0.8388994444700535,-0.908456958511737,-0.908456958511737,True,1.0,0.908456958511737,83.4251968503937,100.0,83.4251968503937
"Allard, Kolby",FF,389,0.8757142707884152,-0.9037645117274435,-0.9037645117274435,True,1.0,0.9037645117274435,83.30708661417323,100.0,83.30708661417323
"Eflin, Zach",SI,205,0.7536634281896872,-2.0891290471079627,-2.0891290471079627,True,1.0,2.0891290471079627,98.70078740157481,68.33333333333333,83.28510498687665
"Estrada, Jeremiah",FF,712,0.875944259219107,-0.900507848084027,-0.900507848084027,True,1.0,0.900507848084027,83.22834645669292,100.0,83.22834645669292
"Lively, Ben",FF,238,0.8473291437904544,-1.305701299721397,-1.305701299721397,True,1.0,1.305701299721397,91.85039370078741,79.33333333333333,83.20538057742783
"Lord, Brad",SI,384,0.8398615641161146,-0.8951298714238336,-0.8951298714238336,True,1.0,0.8951298714238336,83.11023622047244,100.0,83.11023622047244
"Weissert, Greg",FF,360,0.8763727304102545,-0.8944406448500886,-0.8944406448500886,True,1.0,0.8944406448500886,83.07086614173228,100.0,83.07086614173228
"Lauer, Eric",CU,267,0.9546307027457659,-1.0476426672256551,-1.0476426672256551,True,1.0,1.0476426672256551,87.1259842519685,89.0,83.04429133858268
"Smith, Cade",FF,858,0.8765489845160694,-0.8919448656637888,-0.8919448656637888,True,1.0,0.8919448656637888,83.03149606299213,100.0,83.03149606299213
"Abbott, Andrew",ST,465,0.9333512336356513,-0.8867330619294921,-0.8867330619294921,True,1.0,0.8867330619294921,82.8740157480315,100.0,82.8740157480315
"López, Pablo",CH,267,0.8614889049262827,-1.0410622818957826,-1.0410622818957826,True,1.0,1.0410622818957826,86.92913385826772,89.0,82.86909448818898
"Ferguson, Tyler",FF,380,0.877333567788791,-0.8808350728284723,-0.8808350728284723,True,1.0,0.8808350728284723,82.79527559055117,100.0,82.79527559055117
"Holmes, Clay",SL,295,0.8983663872823309,-0.9039167296066473,-0.9039167296066473,True,1.5,0.9039167296066473,83.34645669291338,98.33333333333333,82.79101049868765
"Scott, Tayler",FF,256,0.8627838832333403,-1.086860343631848,-1.086860343631848,True,1.0,1.086860343631848,88.34645669291339,85.33333333333334,82.72519685039371
"Vásquez, Randy",FF,452,0.8774932395927596,-0.8785741010165462,-0.8785741010165462,True,1.0,0.8785741010165462,82.71653543307087,100.0,82.71653543307087
"Kelly, Merrill",SL,198,0.7460871194428675,-2.5274353279357973,-2.5274353279357973,True,1.0,2.5274353279357973,99.40944881889764,66.0,82.61692913385826
"Smith, Shane",FF,1089,0.8777539965504015,-0.8748817513571909,-0.8748817513571909,True,1.0,0.8748817513571909,82.59842519685039,100.0,82.59842519685039
"Heaney, Andrew",FF,909,0.8777560892010962,-0.8748521191734544,-0.8748521191734544,True,1.0,0.8748521191734544,82.55905511811024,100.0,82.55905511811024
"Varland, Louis",FF,578,0.8778386369137271,-0.873683233704895,-0.873683233704895,True,1.0,0.873683233704895,82.51968503937009,100.0,82.51968503937009
"Milner, Hoby",CH,201,0.7596717283912874,-1.9731610628891483,-1.9731610628891483,True,1.0,1.9731610628891483,98.30708661417323,67.0,82.3722440944882
"Lodolo, Nick",SI,543,0.8418380182615793,-0.8677524276415616,-0.8677524276415616,True,1.0,0.8677524276415616,82.36220472440945,100.0,82.36220472440945
"Maton, Phil",CU,385,0.9781469374345572,-0.8676217446778682,-0.8676217446778682,True,1.0,0.8676217446778682,82.3228346456693,100.0,82.3228346456693
"Vásquez, Randy",CU,276,0.9643781507789493,-0.9730242340180353,-0.9730242340180353,True,1.0,0.9730242340180353,85.11811023622047,92.0,82.31023622047245
"Eisert, Brandon",SL,434,0.9019702028168606,-0.8654948115854454,-0.8654948115854454,True,1.0,0.8654948115854454,82.28346456692913,100.0,82.28346456692913
"Ashcraft, Braxton",SL,344,0.9025495267197156,-0.8593183757246345,-0.8593183757246345,True,1.0,0.8593183757246345,82.20472440944881,100.0,82.20472440944881
"Wheeler, Zack",FS,212,0.841685553624564,-1.5283318035362563,-1.5283318035362563,True,1.0,1.5283318035362563,95.43307086614173,70.66666666666667,82.11181102362204
"Sands, Cole",FS,247,0.8923434768659864,-1.1297320770437027,-1.1297320770437027,True,1.0,1.1297320770437027,88.89763779527559,82.33333333333334,82.02919947506561
"Castillo, José",SL,237,0.8686150915581294,-1.2211088373566825,-1.2211088373566825,True,1.0,1.2211088373566825,90.51181102362204,79.0,82.00846456692913
"Freeland, Kyle",FC,388,0.862282575821239,-0.8520911264788215,-0.8520911264788215,True,1.0,0.8520911264788215,82.00787401574803,100.0,82.00787401574803
"Suter, Brent",FF,471,0.8794807700661151,-0.8504304321663763,-0.8504304321663763,True,1.0,0.8504304321663763,81.92913385826772,100.0,81.92913385826772
"Kolek, Stephen",SL,279,0.8945257558636729,-0.944863449577037,-0.944863449577037,True,1.0,0.944863449577037,84.33070866141732,93.0,81.92893700787401
"Scherzer, Max",SL,366,0.9038305366978812,-0.8456609451780838,-0.8456609451780838,True,1.0,0.8456609451780838,81.85039370078741,100.0,81.85039370078741
"Holton, Tyler",SI,276,0.8350223269188981,-0.9621620080508735,-0.9621620080508735,True,1.0,0.9621620080508735,84.60629921259843,92.0,81.83937007874017
"Webb, Jacob",CH,339,0.8830193351532132,-0.8439591166760428,-0.8439591166760428,True,1.0,0.8439591166760428,81.81102362204724,100.0,81.81102362204724
"Duran, Jhoan",FF,406,0.8799831775809474,-0.8433162817597146,-0.8433162817597146,True,1.0,0.8433162817597146,81.77165354330708,100.0,81.77165354330708
"Romero, JoJo",SI,319,0.8436448458693905,-0.8427246164117318,-0.8427246164117318,True,1.0,0.8427246164117318,81.69291338582677,100.0,81.69291338582677
"Vest, Will",SI,203,0.7817758602946647,-1.6997213134132463,-1.6997213134132463,True,1.0,1.6997213134132463,96.65354330708661,67.66666666666666,81.57526246719159
"García, Luis",SI,369,0.8438797659501792,-0.8394705508823703,-0.8394705508823703,True,1.0,0.8394705508823703,81.53543307086613,100.0,81.53543307086613
"Corbin, Patrick",SL,868,0.9045461452303653,-0.8380315168383327,-0.8380315168383327,True,1.0,0.8380315168383327,81.45669291338584,100.0,81.45669291338584
"Abbott, Andrew",CH,526,0.883870130700551,-0.8361703965451562,-0.8361703965451562,True,1.0,0.8361703965451562,81.41732283464566,100.0,81.41732283464566
"Canning, Griffin",CH,312,0.8839822204164555,-0.8351442564466774,-0.8351442564466774,True,1.0,0.8351442564466774,81.37795275590551,100.0,81.37795275590551
"Sasaki, Roki",FF,357,0.8807548933130195,-0.8323886948366137,-0.8323886948366137,True,1.0,0.8323886948366137,81.33858267716535,100.0,81.33858267716535
"Lee, Chase",SI,229,0.8144052366509288,-1.2477457799084437,-1.2477457799084437,True,1.0,1.2477457799084437,91.02362204724409,76.33333333333333,81.31935695538057
"Young, Brandon",FF,411,0.880876411802684,-0.8306679785114368,-0.8306679785114368,True,1.0,0.8306679785114368,81.2992125984252,100.0,81.2992125984252
"Ogasawara, Shinnosuke",FF,261,0.8690738920222782,-0.9977930680385038,-0.9977930680385038,True,1.0,0.9977930680385038,85.86614173228347,87.0,81.20610236220473
"Brogdon, Connor",CH,352,0.8851188295428289,-0.8247390181832247,-0.8247390181832247,True,1.0,0.8247390181832247,81.18110236220473,100.0,81.18110236220473
"Brown, Hunter",SL,252,0.8851074843942988,-1.0452759293031781,-1.0452759293031781,True,1.0,1.0452759293031781,87.04724409448818,84.0,81.12283464566929
"Cannon, Jonathan",FC,418,0.864434221849611,-0.8243120607729416,-0.8243120607729416,True,1.0,0.8243120607729416,81.10236220472441,100.0,81.10236220472441
"Phillips, Tyler",SI,350,0.8450328038135458,-0.8234989031942183,-0.8234989031942183,True,1.0,0.8234989031942183,81.06299212598425,100.0,81.06299212598425
"Kinley, Tyler",SL,783,0.9059403108487252,-0.8231676824984895,-0.8231676824984895,True,1.0,0.8231676824984895,81.02362204724409,100.0,81.02362204724409
"Buehler, Walker",FC,370,0.8648815775558384,-0.818536425099916,-0.818536425099916,True,1.0,0.818536425099916,80.90551181102363,100.0,80.90551181102363
"Woodruff, Brandon",FF,296,0.8809850589698154,-0.8291295216503987,-0.8291295216503987,True,1.0,0.8291295216503987,81.25984251968504,98.66666666666667,80.84330708661416
"Sánchez, Cristopher",SI,1416,0.8459686413373932,-0.8105358707569298,-0.8105358707569298,True,1.0,0.8105358707569298,80.74803149606299,100.0,80.74803149606299
"Hart, Kyle",ST,230,0.9042486374236006,-1.1959509026592243,-1.1959509026592243,True,1.0,1.1959509026592243,90.07874015748033,76.66666666666667,80.73162729658794
"Mlodzinski, Carmen",SL,232,0.8731021309730914,-1.1732704674657364,-1.1732704674657364,True,1.0,1.1732704674657364,89.7244094488189,77.33333333333333,80.72467191601051
"Legumina, Casey",FF,424,0.8823392325657404,-0.8099542618190286,-0.8099542618190286,True,1.0,0.8099542618190286,80.70866141732283,100.0,80.70866141732283
"Ray, Robbie",FF,1593,0.8825362780958567,-0.8071640735817459,-0.8071640735817459,True,1.0,0.8071640735817459,80.66929133858268,100.0,80.66929133858268
"Cameron, Noah",FC,468,0.8659629811041152,-0.8045748441400209,-0.8045748441400209,True,1.0,0.8045748441400209,80.62992125984252,100.0,80.62992125984252
"Weathers, Ryan",FF,291,0.880240684002698,-0.8396699600767541,-0.8396699600767541,True,1.0,0.8396699600767541,81.5748031496063,97.0,80.6281496062992
"Headrick, Brent",FF,234,0.858875586490871,-1.142202292227258,-1.142202292227258,True,1.0,1.142202292227258,89.25196850393701,78.0,80.62086614173228
"Richardson, Lyon",CH,273,0.8757169176281668,-0.9108100617232257,-0.9108100617232257,True,1.0,0.9108100617232257,83.54330708661418,91.0,80.5261811023622
"Pomeranz, Drew",FF,673,0.8830773374459528,-0.7995026085720112,-0.7995026085720112,True,1.0,0.7995026085720112,80.47244094488188,100.0,80.47244094488188
"Blewett, Scott",SL,314,0.9085876420534071,-0.7949432793494715,-0.7949432793494715,True,1.0,0.7949432793494715,80.39370078740158,100.0,80.39370078740158
"Fitts, Richard",SL,206,0.8483628646965163,-1.437027047589167,-1.437027047589167,True,1.0,1.437027047589167,94.25196850393701,68.66666666666667,80.39251968503937
"Boyd, Matthew",FF,1341,0.8834699104173978,-0.7939437284159653,-0.7939437284159653,True,1.0,0.7939437284159653,80.35433070866141,100.0,80.35433070866141
"Anderson, Grant",FF,392,0.8836752657143226,-0.791035872888334,-0.791035872888334,True,1.0,0.791035872888334,80.31496062992126,100.0,80.31496062992126
"Lauer, Eric",FF,846,0.8838292984656994,-0.7888547507345147,-0.7888547507345147,True,1.0,0.7888547507345147,80.2755905511811,100.0,80.2755905511811
"Ohl, Pierson",CH,205,0.8184843163141375,-1.4347534643332012,-1.4347534643332012,True,1.0,1.4347534643332012,94.21259842519684,68.33333333333333,80.21817585301837
"Williams, Trevor",CH,186,0.747023247151807,-2.0889532538136817,-2.0889532538136817,True,1.0,2.0889532538136817,98.66141732283464,62.0,80.17755905511811
"Spence, Mitch",CU,238,0.9515322636609579,-1.0713617646869131,-1.0713617646869131,True,1.0,1.0713617646869131,87.99212598425197,79.33333333333333,80.14448818897638
"Henderson, Logan",FF,200,0.8334379250907609,-1.5024026153743968,-1.5024026153743968,True,1.0,1.5024026153743968,95.11811023622047,66.66666666666666,80.08530183727034
"Holmes, Grant",SL,702,0.9099273834176903,-0.7806596867585377,-0.7806596867585377,True,1.0,0.7806596867585377,80.03937007874016,100.0,80.03937007874016
"Corbin, Patrick",FC,648,0.8678414251897059,-0.7803229825464455,-0.7803229825464455,True,1.0,0.7803229825464455,80.0,100.0,80.0
"Quintana, Jose",CH,498,0.8902010749598375,-0.7782129317298789,-0.7782129317298789,True,1.0,0.7782129317298789,79.88188976377953,100.0,79.88188976377953
"Irvin, Jake",SI,652,0.8485710769411813,-0.7744874581979144,-0.7744874581979144,True,1.0,0.7744874581979144,79.80314960629921,100.0,79.80314960629921
"Keller, Mitch",FF,999,0.8849179352710874,-0.7734395235670931,-0.7734395235670931,True,1.0,0.7734395235670931,79.76377952755905,100.0,79.76377952755905
"Strider, Spencer",SL,744,0.9114409024881861,-0.7645233709307899,-0.7645233709307899,True,1.0,0.7645233709307899,79.7244094488189,100.0,79.7244094488189
"Schwellenbach, Spencer",SL,285,0.905577130779532,-0.827039710550918,-0.827039710550918,True,1.0,0.827039710550918,81.22047244094487,95.0,79.66043307086613
"Kerkering, Orion",ST,536,0.9453107623805462,-0.759661936463707,-0.759661936463707,True,1.0,0.759661936463707,79.56692913385827,100.0,79.56692913385827
"Miller, Shelby",FS,203,0.8590847932512011,-1.3914266224196914,-1.3914266224196914,True,1.5,1.3914266224196914,93.38582677165354,67.66666666666666,79.36410761154855
"Wesneski, Hayden",FF,186,0.8165806452472867,-1.7411037110252277,-1.7411037110252277,True,1.0,1.7411037110252277,96.96850393700788,62.0,79.12795275590551
"Bummer, Aaron",CU,327,0.9938944650603986,-0.7470716443507124,-0.7470716443507124,True,1.0,0.7470716443507124,79.05511811023622,100.0,79.05511811023622
"Yarbrough, Ryan",SI,207,0.8104071569879563,-1.30312637219855,-1.30312637219855,True,1.0,1.30312637219855,91.81102362204724,69.0,78.85570866141732
"Williams, Gavin",FF,1094,0.8873020849924875,-0.7396796788010267,-0.7396796788010267,True,1.0,0.7396796788010267,78.81889763779527,100.0,78.81889763779527
"Severino, Luis",FF,766,0.8873605656215355,-0.7388515861100512,-0.7388515861100512,True,1.0,0.7388515861100512,78.77952755905511,100.0,78.77952755905511
"Sale, Chris",FF,846,0.8873724809243291,-0.7386828639995897,-0.7386828639995897,True,1.0,0.7386828639995897,78.74015748031496,100.0,78.74015748031496
"Messick, Parker",FF,225,0.8633426861100367,-1.0789476281665527,-1.0789476281665527,True,1.0,1.0789476281665527,88.1496062992126,75.0,78.61712598425197
"Sewald, Paul",FF,186,0.8273356775726777,-1.5888111689503113,-1.5888111689503113,True,1.0,1.5888111689503113,96.02362204724409,62.0,78.54212598425197
"Erceg, Lucas",FF,289,0.8860072424292925,-0.7580148041237299,-0.7580148041237299,True,1.0,0.7580148041237299,79.52755905511812,96.33333333333334,78.44560367454069
"Quintana, Jose",FF,268,0.8799838925474015,-0.8433061577493438,-0.8433061577493438,True,1.0,0.8433061577493438,81.73228346456692,89.33333333333333,78.3496062992126
"Priester, Quinn",SL,687,0.9146249496908107,-0.7305767941921328,-0.7305767941921328,True,1.0,0.7305767941921328,78.34645669291339,100.0,78.34645669291339
"Kranick, Max",SL,211,0.8699132764485487,-1.2072682972518576,-1.2072682972518576,True,1.0,1.2072682972518576,90.23622047244095,70.33333333333334,78.30531496062993
"Ross, Joe",SL,190,0.8466525174501973,-1.4552618382037854,-1.4552618382037854,True,1.0,1.4552618382037854,94.64566929133859,63.33333333333333,78.28280839895014
"Misiorowski, Jacob",SL,350,0.9151481856455368,-0.7249983374799036,-0.7249983374799036,True,1.0,0.7249983374799036,78.2283464566929,100.0,78.2283464566929
"Wheeler, Zack",CU,232,0.9577308401927026,-1.0239105685028738,-1.0239105685028738,True,1.0,1.0239105685028738,86.49606299212599,77.33333333333333,78.22808398950131
"Mikolas, Miles",CH,285,0.8918162901610445,-0.7634262309852404,-0.7634262309852404,True,1.0,0.7634262309852404,79.68503937007874,95.0,78.2017716535433
"Erceg, Lucas",SI,230,0.8297043508712248,-1.0358255385783717,-1.0358255385783717,True,1.0,1.0358255385783717,86.77165354330708,76.66666666666667,78.19619422572178
"Gilbert, Logan",FF,875,0.8884520007223767,-0.7233967347448457,-0.7233967347448457,True,1.0,0.7233967347448457,78.11023622047244,100.0,78.11023622047244
"Abel, Mick",FF,303,0.888718081462767,-0.7196289996860173,-0.7196289996860173,True,1.0,0.7196289996860173,77.95275590551181,100.0,77.95275590551181
"Megill, Tylor",FF,522,0.8887242901383969,-0.7195410840976679,-0.7195410840976679,True,1.0,0.7195410840976679,77.91338582677166,100.0,77.91338582677166
"Junis, Jakob",ST,469,0.9492483761617827,-0.7178244171513439,-0.7178244171513439,True,1.0,0.7178244171513439,77.83464566929133,100.0,77.83464566929133
"Pfaadt, Brandon",CU,285,0.9937869038068564,-0.7478950447100516,-0.7478950447100516,True,1.0,0.7478950447100516,79.13385826771653,95.0,77.6781496062992
"Kittredge, Andrew",SI,302,0.852879281818152,-0.7148110740569404,-0.7148110740569404,True,1.0,0.7148110740569404,77.67716535433071,100.0,77.67716535433071
"Yarbrough, Ryan",ST,197,0.8935968984311662,-1.3091266381591873,-1.3091266381591873,True,1.0,1.3091266381591873,91.92913385826772,65.66666666666666,77.54022309711286
"Littell, Zack",SI,454,0.8533474283665547,-0.7083264025859777,-0.7083264025859777,True,1.0,0.7083264025859777,77.44094488188976,100.0,77.44094488188976
"Topa, Justin",FC,196,0.8266280299378495,-1.3124131124131786,-1.3124131124131786,True,1.0,1.3124131124131786,91.96850393700787,65.33333333333333,77.4262467191601
"Burrows, Mike",SL,300,0.9168744437927142,-0.7065939135079264,-0.7065939135079264,True,1.0,0.7065939135079264,77.36220472440945,100.0,77.36220472440945
"Eflin, Zach",FC,245,0.8581024146835846,-0.9060595624449947,-0.9060595624449947,True,1.0,0.9060595624449947,83.38582677165356,81.66666666666667,77.26870078740158
"Sterner, Justin",FF,570,0.8899435226251508,-0.7022766064865966,-0.7022766064865966,True,1.0,0.7022766064865966,77.24409448818898,100.0,77.24409448818898
"Rea, Colin",FF,1090,0.8899926333655257,-0.7015811925381676,-0.7015811925381676,True,1.0,0.7015811925381676,77.20472440944881,100.0,77.20472440944881
"Varland, Louis",KC,485,1.0018025572547955,-0.6947523404515187,-0.6947523404515187,True,1.0,0.6947523404515187,77.08661417322836,100.0,77.08661417322836
"Gordon, Colton",ST,396,0.9515154163504824,-0.6937369004607545,-0.6937369004607545,True,1.0,0.6937369004607545,76.96850393700787,100.0,76.96850393700787
"Milner, Hoby",FF,164,0.76517346340029,-2.4690355449355463,-2.4690355449355463,True,1.0,2.4690355449355463,99.29133858267717,54.666666666666664,76.95485564304462
"Bergert, Ryan",ST,234,0.9265195354135073,-0.9593205024923995,-0.9593205024923995,True,1.0,0.9593205024923995,84.5275590551181,78.0,76.93582677165354
"Harris, Hogan",FF,639,0.8906477667578484,-0.6923044254679802,-0.6923044254679802,True,1.0,0.6923044254679802,76.92913385826772,100.0,76.92913385826772
"Taillon, Jameson",FF,808,0.89104261347313,-0.6867133488276806,-0.6867133488276806,True,1.0,0.6867133488276806,76.85039370078741,100.0,76.85039370078741
"Eflin, Zach",CU,181,0.9019516955717877,-1.450909754659561,-1.450909754659561,True,1.0,1.450909754659561,94.48818897637796,60.333333333333336,76.8490157480315
"Bednar, David",FS,217,0.9034169191825119,-1.042601164517684,-1.042601164517684,True,1.0,1.042601164517684,86.96850393700788,72.33333333333334,76.74599737532809
"Herget, Jimmy",SL,362,0.9189993331005181,-0.6839395012589315,-0.6839395012589315,True,1.0,0.6839395012589315,76.69291338582677,100.0,76.69291338582677
"Orze, Eric",SL,177,0.8411063452193929,-1.5143921052059899,-1.5143921052059899,True,1.0,1.5143921052059899,95.19685039370079,59.0,76.6742125984252
"Junk, Janson",SL,447,0.9190799961920825,-0.6830795153185499,-0.6830795153185499,True,1.0,0.6830795153185499,76.5748031496063,100.0,76.5748031496063
"Snell, Blake",SL,197,0.8691024908215059,-1.215912451925293,-1.215912451925293,True,1.0,1.215912451925293,90.39370078740157,65.66666666666666,76.53195538057741
"Cortes, Nestor",FF,228,0.8713031470098797,-0.9662265512002886,-0.9662265512002886,True,1.0,0.9662265512002886,84.88188976377953,76.0,76.51496062992126
"Harrison, Kyle",FF,345,0.8915957453121705,-0.6788809359328187,-0.6788809359328187,True,1.0,0.6788809359328187,76.49606299212599,100.0,76.49606299212599
"Anderson, Grant",SI,298,0.8551500233200813,-0.683357221228737,-0.683357221228737,True,1.0,0.683357221228737,76.61417322834646,99.33333333333333,76.43687664041995
"Imanaga, Shota",FF,1098,0.8917575146051704,-0.6765902634257301,-0.6765902634257301,True,1.0,0.6765902634257301,76.37795275590551,100.0,76.37795275590551
"Nance, Tommy",SL,207,0.8818325580876464,-1.0801914095418457,-1.0801914095418457,True,1.0,1.0801914095418457,88.18897637795276,69.0,76.35649606299214
"Blackburn, Paul",FC,194,0.8329168394634342,-1.2312207365672498,-1.2312207365672498,True,1.0,1.2312207365672498,90.70866141732283,64.66666666666666,76.33188976377953
"Keller, Mitch",ST,547,0.953216245089313,-0.675665434044487,-0.675665434044487,True,1.0,0.675665434044487,76.29921259842519,100.0,76.29921259842519
"Kremer, Dean",FF,715,0.8919072555337451,-0.6744699139953099,-0.6744699139953099,True,1.0,0.6744699139953099,76.25984251968504,100.0,76.25984251968504
"Green, Chad",SL,337,0.9200991135256422,-0.6722142414806291,-0.6722142414806291,True,1.0,0.6722142414806291,76.22047244094489,100.0,76.22047244094489
"Santana, Dennis",FF,287,0.8895501287053827,-0.7078471113689339,-0.7078471113689339,True,1.0,0.7078471113689339,77.40157480314961,95.66666666666667,76.21502624671916
"King, Michael",CH,265,0.8919383616047487,-0.7623087118421741,-0.7623087118421741,True,1.0,0.7623087118421741,79.64566929133858,88.33333333333333,76.18930446194224
"Woods Richardson, Simeon",SL,510,0.9201990861391987,-0.6711483879357885,-0.6711483879357885,True,1.0,0.6711483879357885,76.18110236220473,100.0,76.18110236220473
"Wacha, Michael",SL,324,0.9202257734594363,-0.6708638622655498,-0.6708638622655498,True,1.0,0.6708638622655498,76.14173228346456,100.0,76.14173228346456
"Finnegan, Kyle",FS,382,0.9506792756089839,-0.6707193118960372,-0.6707193118960372,True,1.0,0.6707193118960372,76.1023622047244,100.0,76.1023622047244
"Treinen, Blake",ST,271,0.947073021480148,-0.7409377666468727,-0.7409377666468727,True,1.0,0.7409377666468727,78.85826771653544,90.33333333333333,76.07053805774278
"Morton, Charlie",CU,976,1.0041800298408978,-0.6683338325702809,-0.6683338325702809,True,1.0,0.6683338325702809,76.0236220472441,100.0,76.0236220472441
"Ober, Bailey",CH,681,0.9022395850586082,-0.668004802120394,-0.668004802120394,True,1.0,0.668004802120394,75.98425196850394,100.0,75.98425196850394
"Ferrer, José A.",SI,747,0.8563657689483232,-0.6665169582420596,-0.6665169582420596,True,1.0,0.6665169582420596,75.90551181102362,100.0,75.90551181102362
"Gaddis, Hunter",SL,580,0.9209510396818383,-0.6631314688969996,-0.6631314688969996,True,1.0,0.6631314688969996,75.82677165354332,100.0,75.82677165354332
"Vest, Will",FF,642,0.8927098614081657,-0.6631049189677071,-0.6631049189677071,True,1.0,0.6631049189677071,75.78740157480314,100.0,75.78740157480314
"Horton, Cade",FF,899,0.8927851138942223,-0.6620393347786229,-0.6620393347786229,True,1.0,0.6620393347786229,75.74803149606299,100.0,75.74803149606299
"Olson, Reese",SL,250,0.9067925289189175,-0.814081797686855,-0.814081797686855,True,1.0,0.814081797686855,80.86614173228347,83.33333333333334,75.7250656167979
"Festa, Matt",FF,326,0.8929712253017716,-0.6594039750226218,-0.6594039750226218,True,1.0,0.6594039750226218,75.70866141732283,100.0,75.70866141732283
"Schwellenbach, Spencer",FS,218,0.9117267876970363,-0.9772153155697729,-0.9772153155697729,True,1.0,0.9772153155697729,85.2755905511811,72.66666666666667,75.63897637795276
"Suarez, Robert",CH,269,0.8949181269422141,-0.735030056774155,-0.735030056774155,True,1.0,0.735030056774155,78.54330708661418,89.66666666666666,75.59586614173229
"Williams, Devin",FF,563,0.8931705455787222,-0.6565815760985185,-0.6565815760985185,True,1.0,0.6565815760985185,75.59055118110236,100.0,75.59055118110236
"Santana, Dennis",SL,466,0.9216578719539604,-0.6555956082642885,-0.6555956082642885,True,1.0,0.6555956082642885,75.51181102362204,100.0,75.51181102362204
"Rocker, Kumar",FF,228,0.875251144507077,-0.9103224351769339,-0.9103224351769339,True,1.0,0.9103224351769339,83.50393700787401,76.0,75.46771653543307
"Eflin, Zach",CH,187,0.8403367113502639,-1.2347028297729508,-1.2347028297729508,True,1.0,1.2347028297729508,90.8267716535433,62.33333333333333,75.45610236220472
"Garcia, Robert",CH,275,0.8969268864779953,-0.7166406024764611,-0.7166406024764611,True,1.0,0.7166406024764611,77.71653543307086,91.66666666666666,75.40846456692913
"Sulser, Cole",FF,153,0.7435927466214464,-2.7746210716558877,-2.7746210716558877,True,1.0,2.7746210716558877,99.64566929133858,51.0,75.328937007874
"Lee, Dylan",SL,612,0.9217754428194038,-0.6543421317446205,-0.6543421317446205,True,1.0,0.6543421317446205,75.31496062992126,100.0,75.31496062992126
"Holmes, Grant",FC,297,0.8775044414465107,-0.6555675348681554,-0.6555675348681554,True,1.0,0.6555675348681554,75.4724409448819,99.0,75.21791338582678
"Schwellenbach, Spencer",FC,177,0.8237100389931948,-1.3500861595184468,-1.3500861595184468,True,1.0,1.3500861595184468,92.55905511811024,59.0,75.11791338582677
"Rea, Colin",SL,264,0.9142505086404816,-0.7345688806909197,-0.7345688806909197,True,1.0,0.7345688806909197,78.50393700787401,88.0,75.08582677165354
"Phillips, Tyler",CU,257,0.993782655620154,-0.7479275653282307,-0.7479275653282307,True,1.0,0.7479275653282307,79.1732283464567,85.66666666666667,74.99455380577427
"Sánchez, Cristopher",SL,505,0.9227541621951696,-0.6439075589255815,-0.6439075589255815,True,1.0,0.6439075589255815,74.96062992125985,100.0,74.96062992125985
"Schwellenbach, Spencer",CU,180,0.9279977895641748,-1.2515223131185573,-1.2515223131185573,True,1.0,1.2515223131185573,91.10236220472441,60.0,74.66929133858268
"Houser, Adrian",SI,868,0.8585010666034599,-0.6369392462338829,-0.6369392462338829,True,1.0,0.6369392462338829,74.60629921259843,100.0,74.60629921259843
"Gusto, Ryan",FC,194,0.8455556741186528,-1.0680456540009444,-1.0680456540009444,True,1.0,1.0680456540009444,87.83464566929133,64.66666666666666,74.47335958005249
"Hendricks, Kyle",CU,212,0.9659777872599389,-0.960778734733828,-0.960778734733828,True,1.0,0.960778734733828,84.56692913385827,70.66666666666667,74.43307086614173
"Miller, Shelby",FF,435,0.8947257100703533,-0.6345602611819656,-0.6345602611819656,True,1.0,0.6345602611819656,74.40944881889764,100.0,74.40944881889764
"Woo, Bryan",FF,1322,0.8948126605596233,-0.6333290318704254,-0.6333290318704254,True,1.0,0.6333290318704254,74.33070866141732,100.0,74.33070866141732
"Rogers, Taylor",SI,445,0.8589742615084998,-0.6303846459460329,-0.6303846459460329,True,1.0,0.6303846459460329,74.17322834645668,100.0,74.17322834645668
"Schwellenbach, Spencer",SI,158,0.7912792037789292,-1.568082918168366,-1.568082918168366,True,1.0,1.568082918168366,95.78740157480316,52.666666666666664,74.1240157480315
"Ribalta, Orlando",FF,184,0.858815199545063,-1.1430573785912044,-1.1430573785912044,True,1.0,1.1430573785912044,89.29133858267716,61.33333333333333,74.10629921259843
"Pivetta, Nick",CU,638,1.009323408973684,-0.6289603585107398,-0.6289603585107398,True,1.0,0.6289603585107398,74.09448818897638,100.0,74.09448818897638
"Berríos, José",SV,670,0.9842807975343018,-0.6237621562419158,-0.6237621562419158,True,1.0,0.6237621562419158,74.05511811023622,100.0,74.05511811023622
"Bassitt, Chris",FF,287,0.8940421895641998,-0.6442389931739373,-0.6442389931739373,True,1.0,0.6442389931739373,75.0,95.66666666666667,73.91751968503937
"McGreevy, Michael",FC,144,0.7104304764361623,-2.8125945693176404,-2.8125945693176404,True,1.0,2.8125945693176404,99.80314960629921,48.0,73.91574803149607
"De Los Santos, Enyel",CH,168,0.8267320404754122,-1.3592485849177787,-1.3592485849177787,True,1.0,1.3592485849177787,92.6771653543307,56.00000000000001,73.90787401574804
"Sears, JP",SI,160,0.7981704396897433,-1.47262690965352,-1.47262690965352,True,1.0,1.47262690965352,94.80314960629921,53.333333333333336,73.90419947506561
"Ginn, J.T.",SL,406,0.9247026227481895,-0.6231341339490878,-0.6231341339490878,True,1.0,0.6231341339490878,73.8976377952756,100.0,73.8976377952756
"McGreevy, Michael",CU,177,0.9332127957467786,-1.21160052136453,-1.21160052136453,True,1.0,1.21160052136453,90.27559055118111,59.0,73.77066929133859
"Kolek, Stephen",FC,256,0.8727389729270798,-0.7170926469799904,-0.7170926469799904,True,1.0,0.7170926469799904,77.79527559055119,85.33333333333334,73.72152230971129
"Johnson, Pierce",CU,698,1.0121451477241463,-0.6073594508922602,-0.6073594508922602,True,1.0,0.6073594508922602,73.66141732283464,100.0,73.66141732283464
"Miller, Bryce",FF,714,0.896700825097494,-0.6065923965328281,-0.6065923965328281,True,1.0,0.6065923965328281,73.62204724409449,100.0,73.62204724409449
"Mahle, Tyler",FC,172,0.8311509062556199,-1.2540200139415045,-1.2540200139415045,True,1.0,1.2540200139415045,91.18110236220473,57.333333333333336,73.61889763779527
"Banks, Tanner",ST,267,0.9527356450686505,-0.6807718547762015,-0.6807718547762015,True,1.0,0.6807718547762015,76.53543307086615,89.0,73.6187007874016
"Eisert, Brandon",CH,356,0.9091250112945846,-0.604971258865859,-0.604971258865859,True,1.0,0.604971258865859,73.46456692913385,100.0,73.46456692913385
"Webb, Jacob",FF,435,0.8970492599673725,-0.6016585171658589,-0.6016585171658589,True,1.0,0.6016585171658589,73.34645669291339,100.0,73.34645669291339
"Smith-Shawver, AJ",FF,332,0.8973205311555281,-0.5978172847468387,-0.5978172847468387,True,1.0,0.5978172847468387,73.18897637795276,100.0,73.18897637795276
"Montero, Keider",KC,230,0.9908600368029641,-0.7888443228204384,-0.7888443228204384,True,1.0,0.7888443228204384,80.23622047244095,76.66666666666667,73.18569553805774
"Veneziano, Anthony",FF,146,0.8120616490331253,-1.8050932370684742,-1.8050932370684742,True,1.0,1.8050932370684742,97.55905511811024,48.66666666666667,73.15551181102363
"Peterson, David",SI,798,0.8616537137640325,-0.5932694142765013,-0.5932694142765013,True,1.0,0.5932694142765013,73.11023622047243,100.0,73.11023622047243
"Burns, Chase",FF,449,0.8976569433517421,-0.5930536478746861,-0.5930536478746861,True,1.0,0.5930536478746861,73.07086614173228,100.0,73.07086614173228
"Scott, Tayler",FS,155,0.8510209571458974,-1.454876575761375,-1.454876575761375,True,1.0,1.454876575761375,94.60629921259842,51.66666666666667,73.05610236220473
"Quintana, Jose",SI,994,0.8616998887098604,-0.5926298082494901,-0.5926298082494901,True,1.0,0.5926298082494901,73.03149606299213,100.0,73.03149606299213
"Lee, Dylan",FF,344,0.8978142978599518,-0.5908254892474325,-0.5908254892474325,True,1.0,0.5908254892474325,72.91338582677164,100.0,72.91338582677164
"Holmes, Grant",CU,299,1.0142899269423333,-0.5909407878439883,-0.5909407878439883,True,1.0,0.5909407878439883,72.95275590551181,99.66666666666667,72.876312335958
"Suarez, Ranger",FF,363,0.8980551914811729,-0.5874144068038425,-0.5874144068038425,True,1.0,0.5874144068038425,72.79527559055119,100.0,72.79527559055119
"Ryan, Joe",SL,258,0.9196373194944376,-0.6771376378752615,-0.6771376378752615,True,1.0,0.6771376378752615,76.41732283464567,86.0,72.7216535433071
"Herget, Jimmy",ST,395,0.961991671980455,-0.5824256923049873,-0.5824256923049873,True,1.0,0.5824256923049873,72.63779527559055,100.0,72.63779527559055
"Castillo, Luis",SI,690,0.8625138338626301,-0.5813552043266313,-0.5813552043266313,True,1.0,0.5813552043266313,72.59842519685039,100.0,72.59842519685039
"Snell, Blake",CU,314,1.0157776005208803,-0.5795523843174816,-0.5795523843174816,True,1.0,0.5795523843174816,72.55905511811024,100.0,72.55905511811024
"Schreiber, John",FC,196,0.8548041359470171,-0.948642357445313,-0.948642357445313,True,1.0,0.948642357445313,84.40944881889763,65.33333333333333,72.48766404199475
"Wacha, Michael",FC,401,0.8835900759318766,-0.5769982730091994,-0.5769982730091994,True,1.0,0.5769982730091994,72.48031496062993,100.0,72.48031496062993
"Ureña, José",CH,230,0.8934284161024577,-0.7486678112771218,-0.7486678112771218,True,1.0,0.7486678112771218,79.25196850393701,76.66666666666667,72.43110236220473
"Akin, Keegan",SL,304,0.9293143021273945,-0.5739669206580208,-0.5739669206580208,True,1.0,0.5739669206580208,72.28346456692914,100.0,72.28346456692914
"Halvorsen, Seth",FS,164,0.8795759269908839,-1.2301930032435855,-1.2301930032435855,True,1.0,1.2301930032435855,90.66929133858268,54.666666666666664,72.24146981627297
"Paddack, Chris",SI,133,0.6783118914123824,-3.1328833212772573,-3.1328833212772573,True,1.0,3.1328833212772573,99.96062992125985,44.333333333333336,72.16017060367454
"Suarez, Robert",SI,143,0.7871254889171907,-1.625619337809457,-1.625619337809457,True,1.0,1.625619337809457,96.2992125984252,47.66666666666667,72.07959317585302
"Mlodzinski, Carmen",ST,173,0.9148905847832428,-1.0828792041849336,-1.0828792041849336,True,1.0,1.0828792041849336,88.26771653543307,57.666666666666664,72.0760498687664
"Gusto, Ryan",SI,186,0.8333361495688973,-0.9855185962684722,-0.9855185962684722,True,1.0,0.9855185962684722,85.55118110236221,62.0,72.0492125984252
"Taillon, Jameson",CU,273,1.0089428928276254,-0.6318732766953185,-0.6318732766953185,True,1.0,0.6318732766953185,74.21259842519686,91.0,72.03523622047244
"Pressly, Ryan",FF,239,0.8891117562936156,-0.7140545170692326,-0.7140545170692326,True,1.0,0.7140545170692326,77.63779527559055,79.66666666666666,72.02211286089238
"Francis, Bowden",FF,639,0.8994389980186583,-0.5678195409812619,-0.5678195409812619,True,1.0,0.5678195409812619,72.00787401574803,100.0,72.00787401574803
"Holton, Tyler",CH,181,0.8634844029296864,-1.0227942320465708,-1.0227942320465708,True,1.0,1.0227942320465708,86.45669291338582,60.333333333333336,72.00334645669291
"Wilson, Bryse",CU,143,0.8813147607351818,-1.6088891292069287,-1.6088891292069287,True,1.0,1.6088891292069287,96.10236220472441,47.66666666666667,71.98576115485565
"Stroman, Marcus",SV,139,0.8321129894414341,-1.787763457114837,-1.787763457114837,True,1.0,1.787763457114837,97.36220472440945,46.33333333333333,71.95505249343832
"Buehler, Walker",ST,151,0.88542347569668,-1.3959700287252357,-1.3959700287252357,True,1.0,1.3959700287252357,93.54330708661416,50.33333333333333,71.9265748031496
"Anderson, Grant",ST,451,0.9640711627598558,-0.5603309058488752,-0.5603309058488752,True,1.0,0.5603309058488752,71.7716535433071,100.0,71.7716535433071
"Hatch, Thomas",FC,160,0.8327769510368703,-1.233026781679582,-1.233026781679582,True,1.0,1.233026781679582,90.78740157480316,53.333333333333336,71.76246719160105
"Gibaut, Ian",FF,199,0.8773518731209026,-0.8805758671397815,-0.8805758671397815,True,1.0,0.8805758671397815,82.75590551181102,66.33333333333333,71.73471128608924
"Vásquez, Randy",SI,409,0.864130716581483,-0.5589584713492963,-0.5589584713492963,True,1.0,0.5589584713492963,71.73228346456693,100.0,71.73228346456693
"Smith, Cade",FS,258,0.953329052272394,-0.6498696562899828,-0.6498696562899828,True,1.0,0.6498696562899828,75.19685039370079,86.0,71.6720472440945
"Fitts, Richard",FF,285,0.8981810259023735,-0.5856325763727125,-0.5856325763727125,True,1.0,0.5856325763727125,72.75590551181102,95.0,71.61909448818898
"Sands, Cole",FF,304,0.9002678263689636,-0.5560832325636893,-0.5560832325636893,True,1.0,0.5560832325636893,71.61417322834646,100.0,71.61417322834646
"Schultz, Paxton",FF,166,0.8600608109738415,-1.1254193720109367,-1.1254193720109367,True,1.0,1.1254193720109367,88.77952755905511,55.333333333333336,71.46679790026246
"Kelly, Michael",ST,332,0.9648491272348544,-0.5520649596298268,-0.5520649596298268,True,1.0,0.5520649596298268,71.45669291338582,100.0,71.45669291338582
"Peralta, Wandy",SL,192,0.8978751735304994,-0.9091537830359702,-0.9091537830359702,True,1.0,0.9091537830359702,83.46456692913385,64.0,71.42440944881889
"Darvish, Yu",SL,163,0.8754300069389647,-1.148451922047046,-1.148451922047046,True,1.0,1.148451922047046,89.37007874015748,54.333333333333336,71.4000656167979
"Bieber, Shane",KC,169,0.9580777861751555,-1.070730654371139,-1.070730654371139,True,1.0,1.070730654371139,87.95275590551182,56.333333333333336,71.38864829396326
"Heaney, Andrew",SI,234,0.853713218457784,-0.7032595520942923,-0.7032595520942923,True,1.0,0.7032595520942923,77.28346456692914,78.0,71.28543307086615
"Civale, Aaron",SL,135,0.8176355153799553,-1.7646253070277726,-1.7646253070277726,True,1.0,1.7646253070277726,97.16535433070867,45.0,71.23523622047244
"Bassitt, Chris",FC,485,0.8860928095326545,-0.5446864520946202,-0.5446864520946202,True,1.0,0.5446864520946202,71.22047244094489,100.0,71.22047244094489
"Brown, Hunter",SI,672,0.8651927926231199,-0.5442468084508008,-0.5442468084508008,True,1.0,0.5442468084508008,71.18110236220473,100.0,71.18110236220473
"Lord, Brad",FF,1032,0.9011390599385524,-0.543746461177105,-0.543746461177105,True,1.0,0.543746461177105,71.14173228346456,100.0,71.14173228346456
"Castillo, Luis",SL,646,0.9323130291652084,-0.5419961265619011,-0.5419961265619011,True,1.0,0.5419961265619011,71.02362204724409,100.0,71.02362204724409
"Yarbrough, Ryan",FF,141,0.8365933238380371,-1.4577217923006984,-1.4577217923006984,True,1.0,1.4577217923006984,94.68503937007874,47.0,71.01240157480315
"Payamps, Joel",ST,211,0.9436495197297156,-0.7773127969462262,-0.7773127969462262,True,1.0,0.7773127969462262,79.84251968503938,70.33333333333334,70.9950787401575
"Gordon, Colton",FF,595,0.9012746217944989,-0.5418268891083393,-0.5418268891083393,True,1.0,0.5418268891083393,70.98425196850394,100.0,70.98425196850394
"Williams, Trevor",SL,127,0.7428397216350477,-2.5620573143162866,-2.5620573143162866,True,1.0,2.5620573143162866,99.5275590551181,42.333333333333336,70.97801837270342
"Montero, Keider",FF,472,0.9013263013254393,-0.5410951007787426,-0.5410951007787426,True,1.0,0.5410951007787426,70.94488188976378,100.0,70.94488188976378
"Raley, Brooks",ST,163,0.9140329681244201,-1.0919914624000677,-1.0919914624000677,True,1.0,1.0919914624000677,88.46456692913385,54.333333333333336,70.90807086614173
"deGrom, Jacob",CU,133,0.862000907383636,-1.7567400817216676,-1.7567400817216676,True,1.0,1.7567400817216676,97.00787401574803,44.333333333333336,70.8511154855643
"Eflin, Zach",ST,160,0.9098797925559028,-1.1361193461157015,-1.1361193461157015,True,1.0,1.1361193461157015,89.05511811023622,53.333333333333336,70.83858267716536
"McGreevy, Michael",CH,147,0.8285063785552739,-1.343005172778563,-1.343005172778563,True,1.0,1.343005172778563,92.44094488188976,49.0,70.80610236220473
"Adam, Jason",SL,382,0.932754836744768,-0.5372858148269252,-0.5372858148269252,True,1.0,0.5372858148269252,70.78740157480316,100.0,70.78740157480316
"Young, Brandon",FS,167,0.9020423681205457,-1.0534167614133292,-1.0534167614133292,True,1.0,1.0534167614133292,87.24409448818898,55.666666666666664,70.74127296587926
"Skenes, Paul",CH,326,0.916591584428354,-0.53661752963244,-0.53661752963244,True,1.0,0.53661752963244,70.70866141732284,100.0,70.70866141732284
"King, Michael",FF,305,0.9016850435677732,-0.5360152677869158,-0.5360152677869158,True,1.0,0.5360152677869158,70.62992125984252,100.0,70.62992125984252
"Thielbar, Caleb",CU,245,1.0065778407279249,-0.6499781674865555,-0.6499781674865555,True,1.5,0.6499781674865555,75.23622047244093,81.66666666666667,70.61318897637794
"Farris, Mitch",FF,202,0.8827311862290115,-0.8044041511406812,-0.8044041511406812,True,1.0,0.8044041511406812,80.59055118110237,67.33333333333333,70.60406824146982
"Evans, Logan",ST,315,0.9666146012722543,-0.5333066307944375,-0.5333066307944375,True,1.0,0.5333066307944375,70.59055118110236,100.0,70.59055118110236
"Fried, Max",FC,901,0.8871443081644234,-0.5311109618901968,-0.5311109618901968,True,1.0,0.5311109618901968,70.55118110236221,100.0,70.55118110236221
"Kremer, Dean",SI,520,0.8665078522757886,-0.5260308676489933,-0.5260308676489933,True,1.0,0.5260308676489933,70.39370078740157,100.0,70.39370078740157
"Burns, Chase",SL,264,0.9272155371064823,-0.5963428099915957,-0.5963428099915957,True,1.0,0.5963428099915957,73.14960629921259,88.0,70.37401574803148
"Junk, Janson",ST,247,0.9568212703746063,-0.6373616989972033,-0.6373616989972033,True,1.0,0.6373616989972033,74.64566929133858,82.33333333333334,70.29507874015748
"Williams, Trevor",SI,124,0.7447339076396622,-2.2128189629210446,-2.2128189629210446,True,1.0,2.2128189629210446,99.01574803149606,41.333333333333336,70.27139107611548
"Skenes, Paul",FF,1167,0.9027407681796131,-0.5210660812104536,-0.5210660812104536,True,1.0,0.5210660812104536,70.23622047244095,100.0,70.23622047244095
"Mahle, Tyler",SL,142,0.8552673861033362,-1.363414801644097,-1.363414801644097,True,1.0,1.363414801644097,92.71653543307087,47.333333333333336,70.22952755905513
"Bergert, Ryan",FF,558,0.9027759678565205,-0.5205676495819609,-0.5205676495819609,True,1.0,0.5205676495819609,70.19685039370079,100.0,70.19685039370079
"Berríos, José",FC,149,0.8331090548849128,-1.2287391179587384,-1.2287391179587384,True,1.0,1.2287391179587384,90.59055118110237,49.666666666666664,70.16988188976379
"Sears, JP",SL,161,0.8836920248999668,-1.0603667873486224,-1.0603667873486224,True,1.0,1.0603667873486224,87.55905511811024,53.666666666666664,70.16581364829396
"Mikolas, Miles",FF,687,0.902864446410852,-0.5193147826866711,-0.5193147826866711,True,1.0,0.5193147826866711,70.15748031496062,100.0,70.15748031496062
"Warren, Will",ST,594,0.9681553238397423,-0.5169363076105234,-0.5169363076105234,True,1.0,0.5169363076105234,70.11811023622047,100.0,70.11811023622047
"Lucchesi, Joey",FF,158,0.8637198446665764,-1.0736070179663282,-1.0736070179663282,True,1.0,1.0736070179663282,88.11023622047244,52.666666666666664,70.08070866141733
"Uceta, Edwin",CH,472,0.91942659227919,-0.5106640760816767,-0.5106640760816767,True,1.0,0.5106640760816767,69.96062992125984,100.0,69.96062992125984
"Cano, Yennier",ST,184,0.9347018282599159,-0.8723828661471879,-0.8723828661471879,True,1.0,0.8723828661471879,82.48031496062993,61.33333333333333,69.92887139107611
"Bubic, Kris",FF,684,0.9034859350750175,-0.5105144289849842,-0.5105144289849842,True,1.0,0.5105144289849842,69.88188976377953,100.0,69.88188976377953
"Lee, Chase",FF,126,0.8136643653329197,-1.7823985828697728,-1.7823985828697728,True,1.0,1.7823985828697728,97.24409448818898,42.0,69.85393700787402
"Wacha, Michael",CH,677,0.919542786594182,-0.5096003598891031,-0.5096003598891031,True,1.0,0.5096003598891031,69.76377952755905,100.0,69.76377952755905
"Weissert, Greg",SL,173,0.8949185074066646,-0.9406761465802714,-0.9406761465802714,True,1.0,0.9406761465802714,84.21259842519684,57.666666666666664,69.73759842519685
"Vásquez, Randy",ST,281,0.9657773912992583,-0.5422020660401774,-0.5422020660401774,True,1.0,0.5422020660401774,71.06299212598425,93.66666666666667,69.73024934383201
"Bowlan, Jonathan",SI,125,0.7755965739557052,-1.7853155401994405,-1.7853155401994405,True,1.0,1.7853155401994405,97.32283464566929,41.66666666666667,69.72933070866142
"Bowlan, Jonathan",FF,244,0.894904470915372,-0.63202898626919,-0.63202898626919,True,1.0,0.63202898626919,74.25196850393701,81.33333333333333,69.72860892388451
"Fuentes, Didier",FF,169,0.8709449990526704,-0.9712979690437816,-0.9712979690437816,True,1.0,0.9712979690437816,85.0,56.333333333333336,69.7252624671916
"Kikuchi, Yusei",CU,476,1.0249402985691873,-0.5094103153378229,-0.5094103153378229,True,1.0,0.5094103153378229,69.7244094488189,100.0,69.7244094488189
"Sugano, Tomoyuki",SI,412,0.8678180760108597,-0.5078819130013905,-0.5078819130013905,True,1.0,0.5078819130013905,69.68503937007874,100.0,69.68503937007874
"Schreiber, John",SI,203,0.8506319533163776,-0.7459406147340184,-0.7459406147340184,True,1.0,0.7459406147340184,78.97637795275591,67.66666666666666,69.61371391076115
"Yates, Kirby",FS,315,0.9718001116992817,-0.5045309064068276,-0.5045309064068276,True,1.0,0.5045309064068276,69.60629921259842,100.0,69.60629921259842
"Matthews, Zebby",SL,342,0.9358277512316177,-0.5045240745634052,-0.5045240745634052,True,1.0,0.5045240745634052,69.56692913385827,100.0,69.56692913385827
"Hoglund, Gunnar",FF,196,0.8845248129753343,-0.7790061822209434,-0.7790061822209434,True,1.0,0.7790061822209434,79.92125984251969,65.33333333333333,69.55538057742783
"Skenes, Paul",ST,475,0.9701710467080982,-0.49551906124799994,-0.49551906124799994,True,1.0,0.49551906124799994,69.48818897637796,100.0,69.48818897637796
"Maton, Phil",ST,138,0.8920068252725669,-1.3260213160470926,-1.3260213160470926,True,1.0,1.3260213160470926,92.32283464566929,46.0,69.47913385826772
"Darvish, Yu",FC,139,0.8271170290417503,-1.3060998350161261,-1.3060998350161261,True,1.0,1.3060998350161261,91.88976377952756,46.33333333333333,69.41948818897637
"Wrobleski, Justin",FF,342,0.9046169798676263,-0.49449869965422794,-0.49449869965422794,True,1.0,0.49449869965422794,69.40944881889763,100.0,69.40944881889763
"Hagenman, Justin",FC,125,0.8003176003483269,-1.6520968441607589,-1.6520968441607589,True,1.0,1.6520968441607589,96.49606299212599,41.66666666666667,69.38484251968505
"Sugano, Tomoyuki",FC,308,0.8900937438747589,-0.49303194363519526,-0.49303194363519526,True,1.0,0.49303194363519526,69.33070866141732,100.0,69.33070866141732
"Nola, Aaron",FC,116,0.7242862290053649,-2.633708332478994,-2.633708332478994,True,1.0,2.633708332478994,99.56692913385827,38.666666666666664,69.17795275590551
"Thielbar, Caleb",FF,373,0.9051179767679773,-0.48740452371707355,-0.48740452371707355,True,1.0,0.48740452371707355,69.13385826771653,100.0,69.13385826771653
"Bowlan, Jonathan",SL,227,0.9220465949282483,-0.6514512556724477,-0.6514512556724477,True,1.0,0.6514512556724477,75.27559055118111,75.66666666666667,69.12998687664043
"Suarez, Robert",FF,711,0.9051965422805003,-0.4862920266775909,-0.4862920266775909,True,1.0,0.4862920266775909,69.09448818897637,100.0,69.09448818897637
"Brebbia, John",FF,225,0.8932779014153523,-0.6550614046315874,-0.6550614046315874,True,1.0,0.6550614046315874,75.43307086614173,75.0,69.07972440944881
"Boyd, Matthew",CH,664,0.9223829063869861,-0.48360010839089035,-0.48360010839089035,True,1.0,0.48360010839089035,69.01574803149606,100.0,69.01574803149606
"Phillips, Tyler",FS,152,0.9014380456054024,-1.0581718475644417,-1.0581718475644417,True,1.0,1.0581718475644417,87.48031496062993,50.66666666666667,68.9997375328084
"Agnos, Zach",FF,155,0.8665600393582366,-1.0333895219612765,-1.0333895219612765,True,1.0,1.0333895219612765,86.69291338582677,51.66666666666667,68.96751968503938
"Irvin, Jake",CH,228,0.9050439804866383,-0.642331594034608,-0.642331594034608,True,1.0,0.642331594034608,74.88188976377953,76.0,68.91496062992127
"Leahy, Kyle",SL,283,0.935024117300144,-0.5130919817546277,-0.5130919817546277,True,1.0,0.5130919817546277,70.03937007874016,94.33333333333334,68.90492125984252
"Strider, Spencer",FF,1081,0.9055805674401286,-0.48085418455763274,-0.48085418455763274,True,1.0,0.48085418455763274,68.89763779527559,100.0,68.89763779527559
"Carrasco, Carlos",CH,166,0.8730060490391449,-0.9356270660171138,-0.9356270660171138,True,1.0,0.9356270660171138,84.13385826771653,55.333333333333336,68.89619422572179
"Nelson, Ryne",SL,353,0.9382243904362574,-0.47897241295232257,-0.47897241295232257,True,1.0,0.47897241295232257,68.85826771653544,100.0,68.85826771653544
"Garcia, Robert",SL,261,0.931042633894371,-0.555540388881367,-0.555540388881367,True,1.0,0.555540388881367,71.5748031496063,87.0,68.77263779527559
"Lugo, Seth",SV,224,0.9811315918392467,-0.647851873848437,-0.647851873848437,True,1.0,0.647851873848437,75.11811023622047,74.66666666666667,68.75984251968504
"Thornton, Trent",FC,149,0.8458664750907501,-1.0640330234327682,-1.0640330234327682,True,1.0,1.0640330234327682,87.67716535433071,49.666666666666664,68.72290026246719
"Crismatt, Nabil",SI,135,0.8121977989150493,-1.2783227617501831,-1.2783227617501831,True,1.0,1.2783227617501831,91.53543307086615,45.0,68.70177165354332
"Zerpa, Angel",SI,483,0.8700620403004826,-0.47679897271180877,-0.47679897271180877,True,1.0,0.47679897271180877,68.7007874015748,100.0,68.7007874015748
"Quintana, Jose",SV,202,0.9721091306322579,-0.7168688145117407,-0.7168688145117407,True,1.0,0.7168688145117407,77.75590551181102,67.33333333333333,68.69540682414697
"Rodríguez, Randy",SL,360,0.9386062491535407,-0.4749012433293033,-0.4749012433293033,True,1.0,0.4749012433293033,68.66141732283465,100.0,68.66141732283465
"Houck, Tanner",FS,142,0.890647606629616,-1.143075960273234,-1.143075960273234,True,1.0,1.143075960273234,89.33070866141732,47.333333333333336,68.62690288713911
"Jax, Griffin",CH,244,0.910686360476043,-0.590677681708549,-0.590677681708549,True,1.0,0.590677681708549,72.8740157480315,81.33333333333333,68.60787401574802
"Walker, Taijuan",FC,629,0.8916172554209822,-0.473362478124539,-0.473362478124539,True,1.0,0.473362478124539,68.58267716535434,100.0,68.58267716535434
"Morillo, Juan",SI,120,0.7859844458663248,-1.6414248357765695,-1.6414248357765695,True,1.0,1.6414248357765695,96.37795275590551,40.0,68.56299212598425
"Olson, Reese",FF,225,0.8944050490031972,-0.6391008601856869,-0.6391008601856869,True,1.0,0.6391008601856869,74.72440944881889,75.0,68.54822834645668
"Rodriguez, Eduardo",CU,121,0.8858919167930297,-1.5738501926134052,-1.5738501926134052,True,1.0,1.5738501926134052,95.94488188976378,40.33333333333333,68.54284776902887
"Legumina, Casey",SI,196,0.8520898385342293,-0.7257462830393903,-0.7257462830393903,True,1.0,0.7257462830393903,78.26771653543307,65.33333333333333,68.47506561679789
"Valdez, Framber",CH,517,0.9241345653962845,-0.4675643147964577,-0.4675643147964577,True,1.0,0.4675643147964577,68.34645669291338,100.0,68.34645669291338
"Littell, Zack",FS,769,0.9765404724344521,-0.46723157845155283,-0.46723157845155283,True,1.0,0.46723157845155283,68.30708661417323,100.0,68.30708661417323
"Cannon, Jonathan",CH,383,0.924201896021151,-0.4669479277044425,-0.4669479277044425,True,1.0,0.4669479277044425,68.26771653543308,100.0,68.26771653543308
"Armstrong, Shawn",FF,323,0.9066891774363277,-0.4651561346231629,-0.4651561346231629,True,1.0,0.4651561346231629,68.22834645669292,100.0,68.22834645669292
"Suarez, Ranger",SL,112,0.7840537216370448,-2.122656097958195,-2.122656097958195,True,1.0,2.122656097958195,98.77952755905511,37.333333333333336,68.22335958005249
"Chafin, Andrew",FF,123,0.8378158338037912,-1.4404109051955918,-1.4404109051955918,True,1.0,1.4404109051955918,94.33070866141732,41.0,68.18720472440944
"Verlander, Justin",CU,381,1.0312347080770343,-0.46122550082598834,-0.46122550082598834,True,1.0,0.46122550082598834,68.14960629921259,100.0,68.14960629921259
"Strickland, Hunter",FF,114,0.8104470417834176,-1.8279562685379427,-1.8279562685379427,True,1.0,1.8279562685379427,97.71653543307086,38.0,68.14448818897637
"Scherzer, Max",FF,756,0.9069867809341763,-0.4609420335543315,-0.4609420335543315,True,1.0,0.4609420335543315,68.11023622047244,100.0,68.11023622047244
"Fried, Max",CH,346,0.9249050336282177,-0.4605109616764929,-0.4605109616764929,True,1.0,0.4605109616764929,68.07086614173228,100.0,68.07086614173228
"Morejon, Adrian",SL,253,0.9314419036181129,-0.5512835925922756,-0.5512835925922756,True,1.0,0.5512835925922756,71.41732283464567,84.33333333333334,68.06502624671917
"Holmes, Clay",CH,434,0.9249521494115378,-0.46007963401948326,-0.46007963401948326,True,1.0,0.46007963401948326,68.03149606299212,100.0,68.03149606299212
"Matz, Steven",CH,224,0.9064350701171743,-0.6295966804080307,-0.6295966804080307,True,1.0,0.6295966804080307,74.13385826771653,74.66666666666667,68.0249343832021
"Orze, Eric",FS,330,0.978042005397892,-0.45541682983474996,-0.45541682983474996,True,1.0,0.45541682983474996,67.95275590551181,100.0,67.95275590551181
"Houser, Adrian",CH,289,0.923449915782574,-0.4738320300490782,-0.4738320300490782,True,1.0,0.4738320300490782,68.62204724409449,96.33333333333334,67.93996062992126
"Fulmer, Carson",CH,130,0.8393306573655063,-1.2439128837610791,-1.2439128837610791,True,1.0,1.2439128837610791,90.94488188976378,43.333333333333336,67.75393700787401
"Akin, Keegan",CH,211,0.904321740022063,-0.6489434396929218,-0.6489434396929218,True,1.0,0.6489434396929218,75.15748031496064,70.33333333333334,67.6999343832021
"Ohtani, Shohei",ST,223,0.959072106085632,-0.6134463564164427,-0.6134463564164427,True,1.0,0.6134463564164427,73.74015748031496,74.33333333333333,67.6519028871391
"Woodruff, Brandon",FC,151,0.8529955373633259,-0.9719924709070205,-0.9719924709070205,True,1.0,0.9719924709070205,85.03937007874016,50.33333333333333,67.6462598425197
"Lugo, Seth",CU,433,1.0324383745808972,-0.45201122152775797,-0.45201122152775797,True,1.0,0.45201122152775797,67.63779527559055,100.0,67.63779527559055
"Schreiber, John",ST,296,0.9739746748469035,-0.45510515207472796,-0.45510515207472796,True,1.0,0.45510515207472796,67.8740157480315,98.66666666666667,67.63595800524934
"Senzatela, Antonio",CH,180,0.8931410707640597,-0.7512983521029408,-0.7512983521029408,True,1.0,0.7512983521029408,79.29133858267716,60.0,67.58267716535433
"Pressly, Ryan",CU,159,0.974322354710279,-0.8968995997212634,-0.8968995997212634,True,1.5,0.8968995997212634,83.14960629921259,53.0,67.57854330708662
"Wilson, Bryse",CH,152,0.8709404084368837,-0.9545372455453814,-0.9545372455453814,True,1.0,0.9545372455453814,84.48818897637796,50.66666666666667,67.48372703412073
"Kolek, Stephen",CH,196,0.9004252403502534,-0.68461446022045,-0.68461446022045,True,1.0,0.68461446022045,76.73228346456693,65.33333333333333,67.47191601049869
"McLean, Nolan",SI,206,0.8572198178196204,-0.6546868457069898,-0.6546868457069898,True,1.0,0.6546868457069898,75.35433070866142,68.66666666666667,67.41614173228346
"Parker, Mitchell",CU,594,1.0330694074120366,-0.4471805539518044,-0.4471805539518044,True,1.0,0.4471805539518044,67.40157480314961,100.0,67.40157480314961
"Cano, Yennier",CH,123,0.8286403595921525,-1.3417786256928863,-1.3417786256928863,True,1.0,1.3417786256928863,92.40157480314961,41.0,67.3962598425197
"Ferrer, José A.",FF,106,0.7866380525985147,-2.165094398624525,-2.165094398624525,True,1.0,2.165094398624525,98.93700787401575,35.333333333333336,67.30380577427822
"Cabrera, Edward",SI,460,0.8723971067612508,-0.4444541035408028,-0.4444541035408028,True,1.0,0.4444541035408028,67.24409448818898,100.0,67.24409448818898
"Vest, Will",SL,290,0.9404651995929444,-0.4550821264228202,-0.4550821264228202,True,1.0,0.4550821264228202,67.83464566929133,96.66666666666667,67.24081364829397
"Liberatore, Matthew",SI,281,0.8706866717956787,-0.4681467033517492,-0.4681467033517492,True,1.0,0.4681467033517492,68.38582677165354,93.66666666666667,67.22263779527559
"Steele, Justin",FF,143,0.8689312781654644,-0.9998124972816876,-0.9998124972816876,True,1.0,0.9998124972816876,86.0236220472441,47.66666666666667,67.18156167979004
"Melton, Troy",SL,167,0.9068664052201797,-0.8132941688075159,-0.8132941688075159,True,1.0,0.8132941688075159,80.8267716535433,55.666666666666664,67.16896325459317
"Alvarado, José",SI,287,0.8716085146960386,-0.45537752161353323,-0.45537752161353323,True,1.0,0.45537752161353323,67.91338582677166,95.66666666666667,67.13799212598425
"Gipson-Long, Sawyer",FF,131,0.8592629818075568,-1.1367167282809085,-1.1367167282809085,True,1.0,1.1367167282809085,89.13385826771653,43.666666666666664,67.0995406824147
"King, Michael",ST,235,0.9640123040760059,-0.5609562849386188,-0.5609562849386188,True,1.0,0.5609562849386188,71.81102362204724,78.33333333333333,67.08956692913387
"Castillo, Luis",CH,348,0.927108851093727,-0.44033582381626146,-0.44033582381626146,True,1.0,0.44033582381626146,67.04724409448819,100.0,67.04724409448819
"Beck, Tristan",SL,174,0.91244244982868,-0.7538454187875405,-0.7538454187875405,True,1.0,0.7538454187875405,79.37007874015748,57.99999999999999,67.04291338582678
"Cano, Yennier",SI,452,0.8727069034666038,-0.4401628621253632,-0.4401628621253632,True,1.0,0.4401628621253632,66.96850393700787,100.0,66.96850393700787
"Wrobleski, Justin",FC,154,0.859997084824918,-0.881598212551448,-0.881598212551448,True,1.0,0.881598212551448,82.83464566929133,51.33333333333333,66.86469816272965
"Santillan, Tony",FF,812,0.9087305820495818,-0.43624960151847286,-0.43624960151847286,True,1.0,0.43624960151847286,66.85039370078741,100.0,66.85039370078741
"Leiter Jr., Mark",SI,321,0.8730371132649795,-0.43558886266672264,-0.43558886266672264,True,1.0,0.43558886266672264,66.81102362204724,100.0,66.81102362204724
"Woodford, Jake",SI,196,0.8571446808173026,-0.6557276282931409,-0.6557276282931409,True,1.0,0.6557276282931409,75.55118110236221,65.33333333333333,66.7002624671916
"Brogdon, Connor",FC,136,0.848192944953833,-1.0339968751364668,-1.0339968751364668,True,1.0,1.0339968751364668,86.73228346456693,45.33333333333333,66.66272965879266
"Heaney, Andrew",SL,346,0.9424344567637192,-0.43408697923695116,-0.43408697923695116,True,1.0,0.43408697923695116,66.65354330708662,100.0,66.65354330708662
"Bello, Brayan",FF,412,0.9089743156888015,-0.4327983040808718,-0.4327983040808718,True,1.0,0.4327983040808718,66.61417322834644,100.0,66.61417322834644
"Lee, Dylan",CH,146,0.8739170005642004,-0.9272876400484862,-0.9272876400484862,True,1.0,0.9272876400484862,84.01574803149606,48.66666666666667,66.56443569553807
"Martin, Chris",FS,115,0.859999326765039,-1.3842306541454539,-1.3842306541454539,True,1.0,1.3842306541454539,93.14960629921259,38.333333333333336,66.55282152230971
"Kolek, Stephen",ST,117,0.8920321640898539,-1.325752088713867,-1.325752088713867,True,1.0,1.325752088713867,92.28346456692913,39.0,66.50255905511811
"Green, Chad",FF,356,0.9090897022759168,-0.4311644162280523,-0.4311644162280523,True,1.0,0.4311644162280523,66.49606299212599,100.0,66.49606299212599
"Legumina, Casey",ST,149,0.9323244409213004,-0.8976428317553586,-0.8976428317553586,True,1.0,0.8976428317553586,83.18897637795276,49.666666666666664,66.49376640419948
"Rogers, Trevor",SI,242,0.8664897210159962,-0.5262820181989862,-0.5262820181989862,True,1.0,0.5262820181989862,70.43307086614173,80.66666666666666,66.48648293963254
"Boushley, Caleb",SL,99,0.7166063383016801,-2.841743356566767,-2.841743356566767,True,1.0,2.841743356566767,99.84251968503936,33.0,66.46122047244094
"Graceffo, Gordon",SL,201,0.9234972489869,-0.6359851723547524,-0.6359851723547524,True,1.0,0.6359851723547524,74.5275590551181,67.0,66.43996062992126
"García, Yimi",FF,159,0.8822086285953852,-0.8118036296357595,-0.8118036296357595,True,1.0,0.8118036296357595,80.78740157480316,53.0,66.32657480314961
"Bachar, Lake",FF,425,0.9094238562119411,-0.4264327565898622,-0.4264327565898622,True,1.0,0.4264327565898622,66.2992125984252,100.0,66.2992125984252
"Yarbrough, Ryan",FC,263,0.8916630161975825,-0.4727716785212735,-0.4727716785212735,True,1.0,0.4727716785212735,68.54330708661416,87.66666666666667,66.25872703412072
"Strickland, Hunter",SL,108,0.8428081168624905,-1.4962487430012887,-1.4962487430012887,True,1.0,1.4962487430012887,95.07874015748031,36.0,66.24094488188976
"Wheeler, Zack",ST,356,0.9769122573886065,-0.4238930593840197,-0.4238930593840197,True,1.0,0.4238930593840197,66.22047244094487,100.0,66.22047244094487
"Yarbrough, Ryan",CH,209,0.9097887977584227,-0.598894538072381,-0.598894538072381,True,1.0,0.598894538072381,73.22834645669292,69.66666666666667,66.18838582677166
"Senzatela, Antonio",SL,412,0.9434103378005294,-0.4236826672416477,-0.4236826672416477,True,1.0,0.4236826672416477,66.18110236220473,100.0,66.18110236220473
"Peterson, David",FF,603,0.9096736328505003,-0.4228958895599695,-0.4228958895599695,True,1.0,0.4228958895599695,66.14173228346458,100.0,66.14173228346458
"Graceffo, Gordon",FF,329,0.9096996548358384,-0.42252741514008174,-0.42252741514008174,True,1.0,0.42252741514008174,66.10236220472441,100.0,66.10236220472441
"Soroka, Michael",FF,712,0.910072659157757,-0.4172456293981817,-0.4172456293981817,True,1.0,0.4172456293981817,66.02362204724409,100.0,66.02362204724409
"Freeland, Kyle",CH,147,0.8792647772917629,-0.878330712166358,-0.878330712166358,True,1.0,0.878330712166358,82.67716535433071,49.0,66.02185039370079
"Tinoco, Jesus",SI,97,0.7249399092134527,-2.4870014327665566,-2.4870014327665566,True,1.0,2.4870014327665566,99.33070866141732,32.33333333333333,65.96358267716536
"Mears, Nick",FF,472,0.9101087553561737,-0.41673450291805536,-0.41673450291805536,True,1.0,0.41673450291805536,65.94488188976378,100.0,65.94488188976378
"Eovaldi, Nathan",SI,97,0.7291377229222045,-2.428854164800076,-2.428854164800076,True,1.0,2.428854164800076,99.17322834645668,32.33333333333333,65.91266404199476
"McFarland, T.J.",ST,101,0.8495135522020689,-1.7775163664769043,-1.7775163664769043,True,1.0,1.7775163664769043,97.20472440944881,33.666666666666664,65.90531496062992
"Tolle, Payton",FF,202,0.8967407850599013,-0.6060265586931919,-0.6060265586931919,True,1.0,0.6060265586931919,73.58267716535433,67.33333333333333,65.88543307086613
"Chafin, Andrew",SI,250,0.8694281375260398,-0.4855796659601486,-0.4855796659601486,True,1.0,0.4855796659601486,69.05511811023622,83.33333333333334,65.88254593175853
"Hancock, Emerson",FF,401,0.9102789782784599,-0.41432412601075563,-0.41432412601075563,True,1.0,0.41432412601075563,65.86614173228347,100.0,65.86614173228347
"Gage, Matt",FF,146,0.8781820534541455,-0.868820414482361,-0.868820414482361,True,1.0,0.868820414482361,82.4015748031496,48.66666666666667,65.77887139107612
"Jax, Griffin",FF,194,0.8948638347859881,-0.6326043987139621,-0.6326043987139621,True,1.0,0.6326043987139621,74.29133858267717,64.66666666666666,65.71535433070866
"Luzardo, Jesús",FF,1031,0.9106258211013682,-0.40941279021900323,-0.40941279021900323,True,1.0,0.40941279021900323,65.59055118110237,100.0,65.59055118110237
"Paddack, Chris",FC,357,0.8965880188198958,-0.40918688360480376,-0.40918688360480376,True,1.0,0.40918688360480376,65.5511811023622,100.0,65.5511811023622
"Walter, Brandon",SI,102,0.7921707161674751,-1.55573386855615,-1.55573386855615,True,1.0,1.55573386855615,95.66929133858267,34.0,65.54055118110236
"Pagán, Emilio",FS,215,0.9651321937359612,-0.5569971368874542,-0.5569971368874542,True,1.0,0.5569971368874542,71.65354330708661,71.66666666666667,65.52395013123359
"Puk, A.J.",FF,97,0.8069442856189869,-1.877555714119372,-1.877555714119372,True,1.0,1.877555714119372,97.91338582677164,32.33333333333333,65.50531496062992
"Alexander, Tyler",FF,414,0.9106926381456767,-0.4084666528924197,-0.4084666528924197,True,1.0,0.4084666528924197,65.4724409448819,100.0,65.4724409448819
"Garrett, Reed",ST,207,0.9625776816629888,-0.5761992839337368,-0.5761992839337368,True,1.0,0.5761992839337368,72.4015748031496,69.0,65.46318897637795
"King, John",SI,463,0.8751345727034896,-0.40653527799582495,-0.40653527799582495,True,1.0,0.40653527799582495,65.43307086614173,100.0,65.43307086614173
"Rasmussen, Drew",FC,728,0.8968388222929434,-0.4059488574308033,-0.4059488574308033,True,1.0,0.4059488574308033,65.39370078740157,100.0,65.39370078740157
"Junk, Janson",FF,611,0.9109006884606937,-0.4055206355867694,-0.4055206355867694,True,1.0,0.4055206355867694,65.35433070866141,100.0,65.35433070866141
"Vasil, Mike",CH,200,0.9105253397485029,-0.5921517672112362,-0.5921517672112362,True,1.0,0.5921517672112362,72.99212598425197,66.66666666666666,65.33464566929133
"Romero, JoJo",ST,375,0.9788535531970542,-0.40326660758116245,-0.40326660758116245,True,1.0,0.40326660758116245,65.27559055118111,100.0,65.27559055118111
"Hatch, Thomas",SL,108,0.8588243703205706,-1.3254921736161553,-1.3254921736161553,True,1.0,1.3254921736161553,92.24409448818898,36.0,65.22047244094489
"VanWey, Logan",FF,96,0.8121349248590604,-1.804055642622761,-1.804055642622761,True,1.0,1.804055642622761,97.51968503937007,32.0,65.21968503937008
"Hill, Jaden",SI,138,0.8402615730525848,-0.8895890283965628,-0.8895890283965628,True,1.0,0.8895890283965628,82.95275590551181,46.0,65.16889763779528
"Eovaldi, Nathan",FF,432,0.911353212543371,-0.39911284053641516,-0.39911284053641516,True,1.0,0.39911284053641516,65.15748031496062,100.0,65.15748031496062
"Ortiz, Luis",CH,194,0.9093803996401484,-0.6026332725488044,-0.6026332725488044,True,1.0,0.6026332725488044,73.38582677165354,64.66666666666666,65.12979002624672
"Johnson, Ryan",FC,119,0.845222237483451,-1.0723505248188578,-1.0723505248188578,True,1.0,1.0723505248188578,88.07086614173228,39.666666666666664,65.11332020997375
"Cano, Yennier",FF,113,0.8553781313727713,-1.1917266743595984,-1.1917266743595984,True,1.0,1.1917266743595984,89.92125984251969,37.666666666666664,65.0492782152231
"Dodd, Dylan",SI,189,0.8598733926629146,-0.617930062727208,-0.617930062727208,True,1.0,0.617930062727208,73.81889763779527,63.0,65.01318897637795
"Eflin, Zach",FF,149,0.8842857762259706,-0.7823909711372884,-0.7823909711372884,True,1.0,0.7823909711372884,80.15748031496062,49.666666666666664,64.98812335958004
"King, John",CH,152,0.8927711510412959,-0.754684831029068,-0.754684831029068,True,1.0,0.754684831029068,79.40944881889764,50.66666666666667,64.91049868766405
"Jackson, Luke",SL,397,0.9462643693531816,-0.39325453758427464,-0.39325453758427464,True,1.0,0.39325453758427464,64.88188976377953,100.0,64.88188976377953
"Seabold, Connor",FF,94,0.8131437346014854,-1.7897707761997061,-1.7897707761997061,True,1.0,1.7897707761997061,97.4015748031496,31.333333333333336,64.86601049868767
"Speier, Gabe",SI,298,0.8759983742489035,-0.39457007338793,-0.39457007338793,True,1.0,0.39457007338793,64.92125984251969,99.33333333333333,64.8219160104987
"Burnes, Corbin",SL,90,0.7535632454971134,-2.4477289446261725,-2.4477289446261725,True,1.0,2.4477289446261725,99.21259842519686,30.0,64.7775590551181
"Quantrill, Cal",SI,442,0.8761891281049159,-0.3919277894871297,-0.3919277894871297,True,1.0,0.3919277894871297,64.76377952755905,100.0,64.76377952755905
"Peterson, David",CU,370,1.0406786006769528,-0.3889308379780334,-0.3889308379780334,True,1.0,0.3889308379780334,64.7244094488189,100.0,64.7244094488189
"Sewald, Paul",ST,131,0.930796554237933,-0.9138767724549505,-0.9138767724549505,True,1.0,0.9138767724549505,83.66141732283464,43.666666666666664,64.70990813648294
"Gonsolin, Tony",CU,103,0.9146127091917943,-1.3539874632116848,-1.3539874632116848,True,1.0,1.3539874632116848,92.5984251968504,34.333333333333336,64.63838582677167
"Scott, Tanner",SL,429,0.9468493643873533,-0.3870176392107594,-0.3870176392107594,True,1.0,0.3870176392107594,64.60629921259843,100.0,64.60629921259843
"Perkins, Jack",FC,90,0.7720727809755821,-2.0167547306625813,-2.0167547306625813,True,1.0,2.0167547306625813,98.46456692913385,30.0,64.5531496062992
"Warren, Will",CH,278,0.9302058363376882,-0.41198406364288365,-0.41198406364288365,True,1.0,0.41198406364288365,65.66929133858268,92.66666666666666,64.5216535433071
"Gomber, Austin",KC,248,1.0301531751855533,-0.4509725043313699,-0.4509725043313699,True,1.0,0.4509725043313699,67.55905511811024,82.66666666666667,64.51889763779528
"Heaney, Andrew",CU,120,0.9596019817816687,-1.0095866497496835,-1.0095866497496835,True,1.0,1.0095866497496835,86.22047244094489,40.0,64.5
"Skubal, Tarik",SL,380,0.9471499648074466,-0.3838128012862595,-0.3838128012862595,True,1.0,0.3838128012862595,64.48818897637796,100.0,64.48818897637796
"Kowar, Jackson",FF,162,0.8910940410820017,-0.6859851277446601,-0.6859851277446601,True,1.0,0.6859851277446601,76.81102362204724,54.0,64.48700787401575
"Gipson-Long, Sawyer",SL,99,0.8521840491794447,-1.3962876602536496,-1.3962876602536496,True,1.0,1.3962876602536496,93.58267716535434,33.0,64.39547244094489
"Meyer, Max",ST,119,0.9221889700694582,-1.0053331693716308,-1.0053331693716308,True,1.0,1.0053331693716308,86.10236220472441,39.666666666666664,64.33248031496063
"Coulombe, Danny",FC,285,0.897378643837857,-0.3989794312483049,-0.3989794312483049,True,1.0,0.3989794312483049,65.07874015748033,95.0,64.32578740157481
"Uceta, Edwin",FC,193,0.8839823998121711,-0.5719331318544838,-0.5719331318544838,True,1.0,0.5719331318544838,72.24409448818898,64.33333333333333,64.31738845144358
"Irvin, Jake",SL,122,0.8918508015714905,-0.9733823550370814,-0.9733823550370814,True,1.0,0.9733823550370814,85.15748031496064,40.666666666666664,64.30905511811024
"Martin, Chris",FF,189,0.8983887695249493,-0.5826909018686546,-0.5826909018686546,True,1.0,0.5826909018686546,72.67716535433071,63.0,64.29389763779528
"Bieber, Shane",SL,204,0.9324769763874393,-0.5402482105900639,-0.5402482105900639,True,1.0,0.5402482105900639,70.90551181102363,68.0,64.2220472440945
"Pearson, Nate",FF,137,0.8814286649976683,-0.8228480073213366,-0.8228480073213366,True,1.0,0.8228480073213366,80.98425196850394,45.666666666666664,64.16017060367454
"Vest, Will",CH,89,0.7794468892137272,-1.792126743103149,-1.792126743103149,True,1.0,1.792126743103149,97.48031496062993,29.666666666666668,64.09967191601051
"Francis, Bowden",FS,256,0.981625589901523,-0.4272195467325028,-0.4272195467325028,True,1.0,0.4272195467325028,66.37795275590551,85.33333333333334,63.97874015748032
"Megill, Trevor",KC,324,1.0395217936211005,-0.37041410971478844,-0.37041410971478844,True,1.0,0.37041410971478844,63.976377952755904,100.0,63.976377952755904
"Slaten, Justin",FC,175,0.87999037870243,-0.6234725650346992,-0.6234725650346992,True,1.0,0.6234725650346992,73.93700787401575,58.333333333333336,63.97145669291339
"Kremer, Dean",FC,543,0.8996091082645578,-0.3701827718317805,-0.3701827718317805,True,1.0,0.3701827718317805,63.93700787401575,100.0,63.93700787401575
"Hudson, Bryan",FF,211,0.9035126114963858,-0.5101366876727564,-0.5101366876727564,True,1.0,0.5101366876727564,69.80314960629921,70.33333333333334,63.93405511811024
"Messick, Parker",SI,84,0.7096147915824249,-2.6992818680920676,-2.6992818680920676,True,1.0,2.6992818680920676,99.60629921259843,28.000000000000004,63.90393700787402
"Miller, Bryce",FS,326,0.9889082236245565,-0.3699164512954405,-0.3699164512954405,True,1.0,0.3699164512954405,63.897637795275585,100.0,63.897637795275585
"Hagenman, Justin",CH,88,0.7831847944753881,-1.757907596035509,-1.757907596035509,True,1.0,1.757907596035509,97.04724409448819,29.333333333333332,63.81443569553806
"Wicks, Jordan",FF,86,0.8040101852177574,-1.9191029261859833,-1.9191029261859833,True,1.0,1.9191029261859833,98.11023622047243,28.666666666666668,63.80564304461943
"Lovelady, Richard",ST,93,0.8803965261442462,-1.4493818437652015,-1.4493818437652015,True,1.0,1.4493818437652015,94.40944881889763,31.0,63.780511811023615
"Jackson, Luke",CU,135,0.9867209073430568,-0.8019864934035321,-0.8019864934035321,True,1.0,0.8019864934035321,80.55118110236221,45.0,63.75885826771654
"Yamamoto, Yoshinobu",SL,90,0.8364837062192662,-1.5636761640049808,-1.5636761640049808,True,1.0,1.5636761640049808,95.70866141732284,30.0,63.726377952755904
"Vásquez, Randy",FC,535,0.9001850494249513,-0.36274701933052134,-0.36274701933052134,True,1.0,0.36274701933052134,63.622047244094496,100.0,63.622047244094496
"Gibson, Cade",SL,87,0.82156671550938,-1.722712992801233,-1.722712992801233,True,1.5,1.722712992801233,96.8503937007874,28.999999999999996,63.6005905511811
"Cease, Dylan",ST,109,0.9181215522097859,-1.0485498693096467,-1.0485498693096467,True,1.0,1.0485498693096467,87.16535433070867,36.333333333333336,63.515944881889766
"Rea, Colin",ST,245,0.9761849998408085,-0.43162023969968455,-0.43162023969968455,True,1.0,0.43162023969968455,66.53543307086615,81.66666666666667,63.507545931758536
"Holmes, Clay",FF,149,0.890394363378713,-0.6958926475775309,-0.6958926475775309,True,1.0,0.6958926475775309,77.1259842519685,49.666666666666664,63.48248031496063
"Boyd, Matthew",CU,330,1.044506739106532,-0.35962576338367525,-0.35962576338367525,True,1.0,0.35962576338367525,63.46456692913386,100.0,63.46456692913386
"Falter, Bailey",SI,191,0.865252728845146,-0.5434165840042543,-0.5434165840042543,True,1.0,0.5434165840042543,71.10236220472441,63.66666666666667,63.44232283464567
"Ohtani, Shohei",FF,407,0.9142219294723855,-0.3584914662443506,-0.3584914662443506,True,1.0,0.3584914662443506,63.425196850393704,100.0,63.425196850393704
"Young, Brandon",SL,84,0.8076905115641505,-1.8706535200898082,-1.8706535200898082,True,1.0,1.8706535200898082,97.8740157480315,28.000000000000004,63.41889763779528
"Morton, Charlie",CH,253,0.9299292339238665,-0.4145162569477567,-0.4145162569477567,True,1.0,0.4145162569477567,65.90551181102362,84.33333333333334,63.41673228346456
"Gordon, Colton",CU,148,0.9999850763267623,-0.7004469413078678,-0.7004469413078678,True,1.0,0.7004469413078678,77.16535433070865,49.333333333333336,63.411548556430446
"Bender, Anthony",ST,360,0.9832422586684016,-0.3566361963435947,-0.3566361963435947,True,1.0,0.3566361963435947,63.34645669291339,100.0,63.34645669291339
"Ortiz, Luis",SI,293,0.8781505969045362,-0.36475791968999416,-0.36475791968999416,True,1.0,0.36475791968999416,63.661417322834644,97.66666666666667,63.34311023622047
"Agnos, Zach",FC,176,0.8829627033194796,-0.585098037000134,-0.585098037000134,True,1.0,0.585098037000134,72.71653543307086,58.666666666666664,63.33517060367454
"Criswell, Cooper",CH,86,0.795710923648611,-1.6432354932502444,-1.6432354932502444,True,1.0,1.6432354932502444,96.41732283464567,28.666666666666668,63.32034120734909
"Backhus, Kyle",SI,273,0.8766824108976661,-0.38509493583440574,-0.38509493583440574,True,1.0,0.38509493583440574,64.56692913385827,91.0,63.25767716535433
"Chafin, Andrew",SL,237,0.9423316309615927,-0.4351832519240282,-0.4351832519240282,True,1.0,0.4351832519240282,66.73228346456693,79.0,63.222637795275595
"Ribalta, Orlando",SL,117,0.8966665459731571,-0.922039511642618,-0.922039511642618,True,1.0,0.922039511642618,83.85826771653542,39.0,63.216732283464566
"Lee, Chase",ST,209,0.9714343216255757,-0.4820966456193662,-0.4820966456193662,True,1.0,0.4820966456193662,68.93700787401575,69.66666666666667,63.198753280839895
"Harrington, Thomas",FF,81,0.7896795709496925,-2.1220261355589796,-2.1220261355589796,True,1.0,2.1220261355589796,98.74015748031496,27.0,63.1742125984252
"Mlodzinski, Carmen",CU,146,1.000795674825975,-0.6942416668846763,-0.6942416668846763,True,1.0,0.6942416668846763,77.00787401574803,48.66666666666667,63.15393700787402
"Montas, Frankie",SL,99,0.8732079741597129,-1.1721420250689192,-1.1721420250689192,True,1.0,1.1721420250689192,89.68503937007874,33.0,63.10925196850394
"Robertson, David",KC,108,0.965016720178769,-1.0110645053517116,-1.0110645053517116,True,1.0,1.0110645053517116,86.25984251968504,36.0,63.06614173228347
"Speier, Gabe",FF,458,0.9150770701321882,-0.34638257238212344,-0.34638257238212344,True,1.0,0.34638257238212344,62.99212598425197,100.0,62.99212598425197
"Nelson, Ryne",FC,248,0.8964214020264668,-0.41133800827463113,-0.41133800827463113,True,1.0,0.41133800827463113,65.62992125984252,82.66666666666667,62.924146981627295
"Kittredge, Andrew",FF,90,0.8418618290768962,-1.3831191289626592,-1.3831191289626592,True,1.0,1.3831191289626592,93.03149606299212,30.0,62.92322834645668
"Rodríguez, Elvin",FF,154,0.8938294504118306,-0.647251404976427,-0.647251404976427,True,1.0,0.647251404976427,75.07874015748031,51.33333333333333,62.883333333333326
"Soriano, George",ST,111,0.9261556235203343,-0.9631871008193289,-0.9631871008193289,True,1.0,0.9631871008193289,84.68503937007874,37.0,62.84586614173229
"Wells, Tyler",CH,79,0.7526684763467473,-2.0372732580594937,-2.0372732580594937,True,1.0,2.0372732580594937,98.58267716535433,26.333333333333332,62.80793963254593
"Barlow, Scott",ST,362,0.9848418141291145,-0.3396407680977709,-0.3396407680977709,True,1.0,0.3396407680977709,62.79527559055118,100.0,62.79527559055118
"Cavalli, Cade",FF,232,0.9093472302388593,-0.4275177895192415,-0.4275177895192415,True,1.0,0.4275177895192415,66.41732283464566,77.33333333333333,62.700524934383196
"Warren, Will",CU,202,1.0289888188613898,-0.4784181787308894,-0.4784181787308894,True,1.0,0.4784181787308894,68.81889763779527,67.33333333333333,62.67782152230971
"Baker, Bryan",SL,275,0.9485894693217167,-0.36846558833695586,-0.36846558833695586,True,1.0,0.36846558833695586,63.77952755905512,91.66666666666666,62.63287401574803
"Enright, Nic",SL,135,0.9155788226201499,-0.7204071206495889,-0.7204071206495889,True,1.0,0.7204071206495889,77.99212598425197,45.0,62.60728346456693
"Wrobleski, Justin",SL,280,0.9493851011787555,-0.3599829949041623,-0.3599829949041623,True,1.0,0.3599829949041623,63.503937007874015,93.33333333333333,62.60498687664042
"Schmidt, Clarke",FC,501,0.9026008187502449,-0.33155796038091534,-0.33155796038091534,True,1.0,0.33155796038091534,62.59842519685039,100.0,62.59842519685039
"Ogasawara, Shinnosuke",SL,125,0.9092123668677136,-0.7882828037032829,-0.7882828037032829,True,1.0,0.7882828037032829,80.19685039370079,41.66666666666667,62.59350393700788
"Eovaldi, Nathan",CU,379,1.0482235669534357,-0.3311727909241922,-0.3311727909241922,True,1.0,0.3311727909241922,62.55905511811024,100.0,62.55905511811024
"Gallen, Zac",SI,79,0.7737741061141785,-1.810559996788978,-1.810559996788978,True,1.0,1.810559996788978,97.59842519685039,26.333333333333332,62.54875328083989
"Topa, Justin",SI,349,0.8805998980466732,-0.33083069477633936,-0.33083069477633936,True,1.0,0.33083069477633936,62.519685039370074,100.0,62.519685039370074
"Molina, Anthony",SL,87,0.854555067536101,-1.3710091541665999,-1.3710091541665999,True,1.0,1.3710091541665999,92.91338582677166,28.999999999999996,62.458858267716536
"Brasier, Ryan",SL,129,0.9135810409841574,-0.7417063801446738,-0.7417063801446738,True,1.0,0.7417063801446738,78.89763779527559,43.0,62.437204724409455
"Ruiz, José",CU,92,0.9330003119343482,-1.2132271224104207,-1.2132271224104207,True,1.0,1.2132271224104207,90.31496062992126,30.666666666666664,62.37690288713911
"Scherzer, Max",CU,187,1.02482706510002,-0.510277137507807,-0.510277137507807,True,1.0,0.510277137507807,69.84251968503938,62.33333333333333,62.375918635170606
"Criswell, Cooper",FC,82,0.8131667734836758,-1.4862061632186205,-1.4862061632186205,True,1.0,1.4862061632186205,95.03937007874016,27.333333333333332,62.3250656167979
"Miller, Bryce",SI,287,0.8798654648042951,-0.3410039157696906,-0.3410039157696906,True,1.0,0.3410039157696906,62.874015748031496,95.66666666666667,62.31699475065617
"Gusto, Ryan",ST,180,0.9672278376954304,-0.5267909357255273,-0.5267909357255273,True,1.0,0.5267909357255273,70.47244094488188,60.0,62.291338582677156
"Henriquez, Ronny",ST,328,0.9858852894270816,-0.328553744241164,-0.328553744241164,True,1.0,0.328553744241164,62.28346456692913,100.0,62.28346456692913
"Tinoco, Jesus",SL,130,0.914626105902189,-0.730564467296273,-0.730564467296273,True,1.0,0.730564467296273,78.30708661417323,43.333333333333336,62.27755905511811
"Thornton, Trent",CU,122,0.9894713121099062,-0.7809316600060725,-0.7809316600060725,True,1.0,0.7809316600060725,80.07874015748031,40.666666666666664,62.24370078740158
"Meyer, Max",CH,180,0.9178497482966292,-0.5250995024407688,-0.5250995024407688,True,1.0,0.5250995024407688,70.35433070866142,60.0,62.22047244094489
"Mikolas, Miles",SI,421,0.8808461558482338,-0.3274195814279007,-0.3274195814279007,True,1.0,0.3274195814279007,62.20472440944882,100.0,62.20472440944882
"Jax, Griffin",SI,128,0.8515348471564745,-0.7334339115528019,-0.7334339115528019,True,1.0,0.7334339115528019,78.4251968503937,42.66666666666667,62.13937007874016
"Bellozo, Valente",FC,463,0.9030670041435654,-0.3255392219353675,-0.3255392219353675,True,1.0,0.3255392219353675,62.125984251968504,100.0,62.125984251968504
"Cabrera, Edward",CH,580,0.9397221911495355,-0.3248653374957833,-0.3248653374957833,True,1.0,0.3248653374957833,62.08661417322835,100.0,62.08661417322835
"López, Pablo",SI,82,0.8017991685813124,-1.4223624896779798,-1.4223624896779798,True,1.0,1.4223624896779798,94.13385826771653,27.333333333333332,62.077559055118115
"Bernardino, Brennan",SI,371,0.881094366194423,-0.3239814218254794,-0.3239814218254794,True,1.0,0.3239814218254794,62.047244094488185,100.0,62.047244094488185
"Kochanowicz, Jack",CH,261,0.9349254147863523,-0.36877805981807354,-0.36877805981807354,True,1.0,0.36877805981807354,63.81889763779528,87.0,62.025000000000006
"Petersen, Michael",FF,183,0.9039041968389061,-0.5045917924602245,-0.5045917924602245,True,1.0,0.5045917924602245,69.64566929133859,61.0,61.99153543307088
"Estes, Joey",FF,91,0.8582395039296364,-1.1512092972542205,-1.1512092972542205,True,1.0,1.1512092972542205,89.44881889763779,30.333333333333336,61.97985564304462
"Pressly, Ryan",SL,134,0.9188675117534729,-0.6853449086503711,-0.6853449086503711,True,1.0,0.6853449086503711,76.77165354330708,44.666666666666664,61.96889763779528
"Taillon, Jameson",CH,238,0.9316684430147643,-0.39859443777453313,-0.39859443777453313,True,1.0,0.39859443777453313,65.03937007874015,79.33333333333333,61.93530183727034
"Horton, Cade",CU,174,1.0222689528520426,-0.5298599377713707,-0.5298599377713707,True,1.0,0.5298599377713707,70.51181102362204,57.99999999999999,61.90511811023622
"Cabrera, Génesis",CU,139,1.0056613932555558,-0.6569937344608511,-0.6569937344608511,True,1.0,0.6569937344608511,75.62992125984252,46.33333333333333,61.88576115485564
"Vodnik, Victor",CH,240,0.9323029137303521,-0.39278609186766966,-0.39278609186766966,True,1.0,0.39278609186766966,64.84251968503936,80.0,61.87795275590551
"Liberatore, Matthew",CH,291,0.9393293199852443,-0.3284619284226336,-0.3284619284226336,True,1.0,0.3284619284226336,62.24409448818897,97.0,61.877362204724406
"Sheehan, Emmet",SL,393,0.9530237516321707,-0.3211896859544105,-0.3211896859544105,True,1.0,0.3211896859544105,61.8503937007874,100.0,61.8503937007874
"López, Pablo",CU,124,0.9953952803949447,-0.7355826383650882,-0.7355826383650882,True,1.0,0.7355826383650882,78.58267716535433,41.333333333333336,61.8257217847769
"Blanco, Ronel",SL,250,0.9479021598741689,-0.37579330724927396,-0.37579330724927396,True,1.0,0.37579330724927396,64.1732283464567,83.33333333333334,61.814304461942264
"Smith, Shane",SL,268,0.9500936126948348,-0.3524292310871613,-0.3524292310871613,True,1.0,0.3524292310871613,63.188976377952756,89.33333333333333,61.78425196850394
"Sale, Chris",SI,71,0.7032062399073702,-2.7880518320258068,-2.7880518320258068,True,1.0,2.7880518320258068,99.72440944881889,23.666666666666668,61.78313648293964
"Jarvis, Bryce",FF,158,0.899003070204638,-0.5739923308855366,-0.5739923308855366,True,1.0,0.5739923308855366,72.32283464566929,52.666666666666664,61.76601049868766
"Gomber, Austin",CH,164,0.9147478559221085,-0.5534961855885248,-0.5534961855885248,True,1.0,0.5534961855885248,71.49606299212599,54.666666666666664,61.76010498687664
"Erceg, Lucas",CH,161,0.9138351295883225,-0.5618518592779252,-0.5618518592779252,True,1.0,0.5618518592779252,71.8503937007874,53.666666666666664,61.735498687664034
"Waddell, Brandon",SL,89,0.8747311937045882,-1.1559022880677494,-1.1559022880677494,True,1.0,1.1559022880677494,89.48818897637796,29.666666666666668,61.72867454068242
"Webb, Jacob",ST,204,0.9751392011885363,-0.4427319494158024,-0.4427319494158024,True,1.0,0.4427319494158024,67.20472440944883,68.0,61.70551181102363
"Cannon, Jonathan",FF,325,0.9171299306075459,-0.3173138229020071,-0.3173138229020071,True,1.0,0.3173138229020071,61.69291338582678,100.0,61.69291338582678
"Keller, Brad",CH,141,0.9051025210011798,-0.6417956771677308,-0.6417956771677308,True,1.0,0.6417956771677308,74.84251968503936,47.0,61.68641732283464
"Messick, Parker",SL,91,0.8810802236429564,-1.0882123895507958,-1.0882123895507958,True,1.0,1.0882123895507958,88.38582677165354,30.333333333333336,61.65741469816273
"Roupp, Landen",FC,124,0.8722289982305953,-0.7236767321014163,-0.7236767321014163,True,1.0,0.7236767321014163,78.1496062992126,41.333333333333336,61.64671916010499
"Shuster, Jared",SL,74,0.8176572957293731,-1.7643930968073034,-1.7643930968073034,True,1.0,1.7643930968073034,97.1259842519685,24.666666666666668,61.639238845144355
"Minter, A.J.",FF,79,0.8398910460337172,-1.41102565220158,-1.41102565220158,True,1.0,1.41102565220158,93.93700787401575,26.333333333333332,61.584580052493436
"Severino, Luis",SI,551,0.8817200406502821,-0.3153147055848876,-0.3153147055848876,True,1.0,0.3153147055848876,61.53543307086614,100.0,61.53543307086614
"Silseth, Chase",FF,75,0.826430757201439,-1.6016249494710784,-1.6016249494710784,True,1.0,1.6016249494710784,96.06299212598425,25.0,61.53051181102363
"Allard, Kolby",SI,86,0.8177317210644717,-1.2016679894201856,-1.2016679894201856,True,1.0,1.2016679894201856,90.15748031496062,28.666666666666668,61.52585301837271
"Megill, Trevor",FF,496,0.9172832950018351,-0.3151421647643602,-0.3151421647643602,True,1.0,0.3151421647643602,61.496062992125985,100.0,61.496062992125985
"Thornton, Trent",ST,122,0.9486603905768262,-0.7240718196729506,-0.7240718196729506,True,1.0,0.7240718196729506,78.18897637795276,40.666666666666664,61.4751968503937
"Peralta, Sammy",SL,74,0.8289475202847811,-1.6440228730396051,-1.6440228730396051,True,1.0,1.6440228730396051,96.45669291338582,24.666666666666668,61.4741469816273
"Armstrong, Shawn",FC,269,0.9021999438104499,-0.33673350094175375,-0.33673350094175375,True,1.0,0.33673350094175375,62.75590551181103,89.66666666666666,61.439829396325464
"Mazur, Adam",SL,140,0.923578687844122,-0.6351169156235342,-0.6351169156235342,True,1.0,0.6351169156235342,74.48818897637796,46.666666666666664,61.43832020997375
"Harvey, Hunter",FF,89,0.8623488840685135,-1.0930199837526444,-1.0930199837526444,True,1.0,1.0930199837526444,88.50393700787401,29.666666666666668,61.436679790026254
"Lively, Ben",ST,78,0.8845788135896342,-1.4049446436009623,-1.4049446436009623,True,1.0,1.4049446436009623,93.81889763779527,26.0,61.40748031496063
"Leahy, Kyle",SI,101,0.8379581126556975,-0.9214960967518677,-0.9214960967518677,True,1.0,0.9214960967518677,83.77952755905513,33.666666666666664,61.385498687664054
"Bride, Jonah",FA,88,0.9510334816104948,-1.1008037400864923,-1.1008037400864923,True,1.0,1.1008037400864923,88.66141732283465,29.333333333333332,61.354593175853026
"Miller, Bryce",KC,175,1.0250811503557995,-0.49458557071371706,-0.49458557071371706,True,1.0,0.49458557071371706,69.44881889763779,58.333333333333336,61.35334645669292
"Bachar, Lake",ST,313,0.9874075995748535,-0.3123790547603662,-0.3123790547603662,True,1.0,0.3123790547603662,61.338582677165356,100.0,61.338582677165356
"Cabrera, Génesis",FF,163,0.9015629031121969,-0.537744791223679,-0.537744791223679,True,1.0,0.537744791223679,70.8267716535433,54.333333333333336,61.3248687664042
"Enright, Nic",FF,353,0.9175443487880846,-0.3114456119764764,-0.3114456119764764,True,1.0,0.3114456119764764,61.25984251968504,100.0,61.25984251968504
"López, Pablo",ST,267,0.9855632232977731,-0.331975727364296,-0.331975727364296,True,1.0,0.331975727364296,62.63779527559055,89.0,61.249803149606294
"Richards, Trevor",FF,68,0.7598841966754845,-2.543932193393888,-2.543932193393888,True,1.0,2.543932193393888,99.48818897637796,22.666666666666664,61.23254593175854
"Brown, Hunter",FF,1110,0.917557166580425,-0.3112641105062575,-0.3112641105062575,True,1.0,0.3112641105062575,61.22047244094488,100.0,61.22047244094488
"Boushley, Caleb",CH,98,0.8736318202166361,-0.9298983611799703,-0.9298983611799703,True,1.0,0.9298983611799703,84.05511811023622,32.666666666666664,61.13792650918636
"Jax, Griffin",ST,481,0.9878635171683805,-0.30753488715435895,-0.30753488715435895,True,1.0,0.30753488715435895,61.102362204724415,100.0,61.102362204724415
"Whisenhunt, Carson",CH,152,0.9137867111193454,-0.5622951125427178,-0.5622951125427178,True,1.0,0.5622951125427178,71.88976377952756,50.66666666666667,61.1005249343832
"Cease, Dylan",SL,1269,0.9546586951205559,-0.3037588091300693,-0.3037588091300693,True,1.0,0.3037588091300693,61.06299212598425,100.0,61.06299212598425
"Ogasawara, Shinnosuke",CH,150,0.9129983887396472,-0.5695119138148872,-0.5695119138148872,True,1.0,0.5695119138148872,72.08661417322834,50.0,61.053149606299215
"Sulser, Cole",CH,151,0.913536002608205,-0.5645902566978722,-0.5645902566978722,True,1.0,0.5645902566978722,71.92913385826772,50.33333333333333,61.04744094488189
"Banks, Tanner",CH,71,0.792316888122777,-1.6743066394353936,-1.6743066394353936,True,2.0,1.6743066394353936,96.53543307086613,23.666666666666668,61.02841207349082
"Burke, Sean",KC,563,1.0473873883906175,-0.30277983773583206,-0.30277983773583206,True,1.0,0.30277983773583206,61.023622047244096,100.0,61.023622047244096
"Rodriguez, Eduardo",SL,99,0.8986571891400804,-0.9008163586160093,-0.9008163586160093,True,1.5,0.9008163586160093,83.26771653543307,33.0,60.991535433070865
"Wolfram, Grant",FF,79,0.8497786713446528,-1.2710156970355995,-1.2710156970355995,True,1.0,1.2710156970355995,91.45669291338582,26.333333333333332,60.93143044619423
"McGough, Scott",SL,70,0.8217444148828664,-1.7208184588843058,-1.7208184588843058,True,1.0,1.7208184588843058,96.7716535433071,23.333333333333332,60.928477690288716
"Woods Richardson, Simeon",FS,187,0.9786538208930904,-0.45060278548698285,-0.45060278548698285,True,1.0,0.45060278548698285,67.51968503937007,62.33333333333333,60.928018372703406
"Mlodzinski, Carmen",SI,249,0.8791234760910281,-0.3512817936203647,-0.3512817936203647,True,1.0,0.3512817936203647,63.1496062992126,83.0,60.91751968503937
"Weaver, Luke",FC,99,0.8593322301743479,-0.8901818925710747,-0.8901818925710747,True,1.0,0.8901818925710747,82.99212598425197,33.0,60.90059055118111
"Daniel, Davis",FF,93,0.8708758281317514,-0.9722774375442675,-0.9722774375442675,True,1.0,0.9722774375442675,85.07874015748031,31.0,60.88799212598425
"Montas, Frankie",ST,89,0.9195920359861032,-1.0329258399334407,-1.0329258399334407,True,1.0,1.0329258399334407,86.65354330708661,29.666666666666668,60.88772965879266
"Ort, Kaleb",FC,112,0.8703644604689126,-0.7477490545512512,-0.7477490545512512,True,1.0,0.7477490545512512,79.09448818897637,37.333333333333336,60.8742782152231
"Walter, Brandon",FF,157,0.9016301554929216,-0.5367924894814543,-0.5367924894814543,True,1.0,0.5367924894814543,70.74803149606299,52.33333333333333,60.86751968503937
"Lawrence, Casey",ST,68,0.8410597657804334,-1.8673386477689784,-1.8673386477689784,True,1.0,1.8673386477689784,97.83464566929135,22.666666666666664,60.857742782152236
"Martin, Chris",SI,92,0.8337947281780622,-0.9791664579600918,-0.9791664579600918,True,1.0,0.9791664579600918,85.35433070866142,30.666666666666664,60.85564304461943
"Montas, Frankie",FS,146,0.9632876271835755,-0.5715110307905708,-0.5715110307905708,True,1.0,0.5715110307905708,72.16535433070867,48.66666666666667,60.79724409448819
"Murray, Jayden",FF,83,0.8595278147890179,-1.1329666616375225,-1.1329666616375225,True,1.0,1.1329666616375225,88.93700787401575,27.666666666666668,60.78681102362205
"Molina, Anthony",CU,91,0.963337606662434,-0.9809897826819991,-0.9809897826819991,True,1.0,0.9809897826819991,85.4724409448819,30.333333333333336,60.773687664042
"Hoglund, Gunnar",SI,91,0.8336810321237544,-0.9807413527494396,-0.9807413527494396,True,1.0,0.9807413527494396,85.43307086614173,30.333333333333336,60.76174540682415
"Fedde, Erick",CH,281,0.9408117160689667,-0.3148911378192216,-0.3148911378192216,True,1.0,0.3148911378192216,61.45669291338582,93.66666666666667,60.73234908136482
"Gray, Jon",SL,89,0.8901808991298551,-0.9911859451768011,-0.9911859451768011,True,1.0,0.9911859451768011,85.59055118110236,29.666666666666668,60.57237532808399
"Melton, Troy",FC,71,0.8168495784033836,-1.4386589001012273,-1.4386589001012273,True,1.0,1.4386589001012273,94.29133858267717,23.666666666666668,60.49730971128609
"Wentz, Joey",CU,323,1.0533519486551322,-0.291914124843749,-0.291914124843749,True,1.0,0.291914124843749,60.43307086614173,100.0,60.43307086614173
"Basso, Brady",FF,108,0.8871148601572842,-0.7423308048255715,-0.7423308048255715,True,1.0,0.7423308048255715,78.93700787401575,36.0,60.42992125984252
"Arrighetti, Spencer",FC,86,0.8498089136308575,-1.013133731540458,-1.013133731540458,True,1.0,1.013133731540458,86.2992125984252,28.666666666666668,60.41981627296589
"Brasier, Ryan",FF,134,0.8971651850224922,-0.6000170045417942,-0.6000170045417942,True,1.0,0.6000170045417942,73.26771653543307,44.666666666666664,60.40380577427821
"Valdez, Framber",SI,1321,0.8834186008880252,-0.2917865921063539,-0.2917865921063539,True,1.0,0.2917865921063539,60.39370078740157,100.0,60.39370078740157
"Bachar, Lake",SL,266,0.953439267513854,-0.3167596819795741,-0.3167596819795741,True,1.0,0.3167596819795741,61.61417322834646,88.66666666666667,60.300131233595806
"Soroka, Michael",SI,158,0.8684849375338702,-0.49864468182217275,-0.49864468182217275,True,1.0,0.49864468182217275,69.52755905511812,52.666666666666664,60.29383202099738
"Poulin, PJ",ST,101,0.9414124769141184,-0.8010815887068895,-0.8010815887068895,True,1.0,0.8010815887068895,80.51181102362204,33.666666666666664,60.28536745406825
"Yates, Kirby",FF,426,0.9192168794184005,-0.2877623785204846,-0.2877623785204846,True,1.0,0.2877623785204846,60.275590551181104,100.0,60.275590551181104
"Crochet, Garrett",SI,505,0.8837223085788953,-0.2875796944901753,-0.2875796944901753,True,1.0,0.2875796944901753,60.23622047244095,100.0,60.23622047244095
"Latz, Jacob",FF,685,0.9192380993603556,-0.28746190160835094,-0.28746190160835094,True,1.0,0.28746190160835094,60.196850393700785,100.0,60.196850393700785
"Altavilla, Dan",CH,107,0.8953544696667589,-0.7310354997113417,-0.7310354997113417,True,1.0,0.7310354997113417,78.38582677165354,35.66666666666667,60.136942257217854
"Fitts, Richard",SI,66,0.7903560943110717,-1.580869644143843,-1.580869644143843,True,1.0,1.580869644143843,95.98425196850394,22.0,60.13188976377954
"Burnes, Corbin",FC,555,0.9060923844517831,-0.28647971249047965,-0.28647971249047965,True,1.0,0.28647971249047965,60.11811023622047,100.0,60.11811023622047
"Gasser, Robert",ST,62,0.8149862479485068,-2.144372243860246,-2.144372243860246,True,1.0,2.144372243860246,98.81889763779527,20.666666666666668,60.104855643044615
"Newcomb, Sean",FF,459,0.9193506210363949,-0.2858685812384909,-0.2858685812384909,True,1.0,0.2858685812384909,60.07874015748031,100.0,60.07874015748031
"Zuber, Tyler",ST,84,0.9230163680037095,-0.9965419879667405,-0.9965419879667405,True,1.0,0.9965419879667405,85.78740157480314,28.000000000000004,60.034645669291336
"Bowman, Matt",ST,87,0.9274250677902443,-0.949699135236872,-0.949699135236872,True,1.0,0.949699135236872,84.4488188976378,28.999999999999996,60.00413385826772
"Wesneski, Hayden",ST,125,0.9581188533184444,-0.6235747573395651,-0.6235747573395651,True,1.0,0.6235747573395651,73.9763779527559,41.66666666666667,60.001640419947506
"Lawrence, Casey",CH,60,0.6538381280926004,-2.9420287253374324,-2.9420287253374324,True,1.0,2.9420287253374324,99.92125984251969,20.0,60.00000000000001
"Englert, Mason",CU,61,0.7947866732218902,-2.2712768943648816,-2.2712768943648816,True,1.0,2.2712768943648816,99.09448818897638,20.333333333333332,59.9982283464567
"McGee, Easton",CU,66,0.8919854634856359,-1.5272030183651468,-1.5272030183651468,True,1.0,1.5272030183651468,95.35433070866142,22.0,59.99330708661418
"Snider, Collin",ST,149,0.968314829287746,-0.5152415471205329,-0.5152415471205329,True,1.0,0.5152415471205329,70.07874015748031,49.666666666666664,59.98234908136483
"Chivilli, Angel",SL,179,0.94242436765267,-0.4341945438428316,-0.4341945438428316,True,1.0,0.4341945438428316,66.69291338582677,59.66666666666667,59.96804461942257
"Ohtani, Shohei",SL,113,0.9197450574839043,-0.6759889941227172,-0.6759889941227172,True,1.0,0.6759889941227172,76.33858267716536,37.666666666666664,59.93313648293963
"Cavalli, Cade",KC,240,1.0443355514029655,-0.32902181674779796,-0.32902181674779796,True,1.0,0.32902181674779796,62.36220472440945,80.0,59.89370078740158
"García, Luis",FS,196,0.9852114164164315,-0.39900462245934326,-0.39900462245934326,True,1.0,0.39900462245934326,65.11811023622047,65.33333333333333,59.88398950131234
"Teng, Kai-Wei",ST,221,0.9832378217646779,-0.3566833388658285,-0.3566833388658285,True,1.0,0.3566833388658285,63.38582677165354,73.66666666666667,59.86607611548556
"Irvin, Jake",FC,129,0.8827736832482271,-0.5875384016836429,-0.5875384016836429,True,1.0,0.5875384016836429,72.83464566929135,43.0,59.83011811023623
"López, Jorge",SI,107,0.8530975453348505,-0.7117877318904419,-0.7117877318904419,True,1.0,0.7117877318904419,77.51968503937007,35.66666666666667,59.82801837270341
"Hart, Kyle",SL,73,0.8702206969170372,-1.2039907476866445,-1.2039907476866445,True,1.0,1.2039907476866445,90.19685039370079,24.333333333333336,59.79612860892389
"McGough, Scott",FS,99,0.9393412958922356,-0.7599317257673309,-0.7599317257673309,True,1.0,0.7599317257673309,79.60629921259843,33.0,59.783267716535434
"Kranick, Max",FF,214,0.9136820039507836,-0.366136876107206,-0.366136876107206,True,1.0,0.366136876107206,63.7007874015748,71.33333333333334,59.778871391076116
"Leclerc, José",FF,77,0.8638250034466054,-1.072117957083237,-1.072117957083237,True,1.0,1.072117957083237,88.03149606299212,25.666666666666664,59.77604986876641
"Hagenman, Justin",SL,74,0.874102303356203,-1.1626071743690776,-1.1626071743690776,True,1.0,1.1626071743690776,89.56692913385827,24.666666666666668,59.7746719160105
"Blewett, Scott",FF,256,0.917307905331218,-0.3147936795613762,-0.3147936795613762,True,1.0,0.3147936795613762,61.417322834645674,85.33333333333334,59.74566929133859
"Loáisiga, Jonathan",CU,77,0.9521719247112996,-1.0664650465717767,-1.0664650465717767,True,1.0,1.0664650465717767,87.75590551181102,25.666666666666664,59.70531496062993
"McGee, Easton",SI,71,0.8149900212649197,-1.2396454615018615,-1.2396454615018615,True,1.0,1.2396454615018615,90.90551181102362,23.666666666666668,59.69599737532809
"Granillo, Andre",FF,102,0.8877189128627264,-0.7337773463815799,-0.7337773463815799,True,1.0,0.7337773463815799,78.46456692913387,34.0,59.69094488188976
"Olson, Reese",SI,315,0.8847092128219032,-0.2739092961693078,-0.2739092961693078,True,1.0,0.2739092961693078,59.68503937007874,100.0,59.68503937007874
"Leahy, Kyle",CH,129,0.9122523259218357,-0.5763418443501107,-0.5763418443501107,True,1.0,0.5763418443501107,72.44094488188976,43.0,59.66082677165355
"Guenther, Sean",SI,63,0.7909309178983314,-1.5729073038684376,-1.5729073038684376,True,1.0,1.5729073038684376,95.86614173228347,21.0,59.64744094488189
"Garcia, Rico",FF,231,0.9161989619551425,-0.3304964501947072,-0.3304964501947072,True,1.0,0.3304964501947072,62.480314960629926,77.0,59.614370078740166
"Darvish, Yu",ST,117,0.9570564622335324,-0.6348627632237613,-0.6348627632237613,True,1.0,0.6348627632237613,74.44881889763779,39.0,59.547047244094486
"Bowman, Matt",FC,115,0.8786343732310866,-0.6409794247083053,-0.6409794247083053,True,1.0,0.6409794247083053,74.80314960629921,38.333333333333336,59.52001312335959
"Sulser, Cole",FC,81,0.8528621845631497,-0.9737141370869178,-0.9737141370869178,True,1.0,0.9737141370869178,85.19685039370079,27.0,59.517519685039375
"Fuentes, Didier",ST,80,0.9245941515222856,-0.9797778886678928,-0.9797778886678928,True,1.0,0.9797778886678928,85.39370078740157,26.666666666666668,59.45275590551181
"Garcia, Robert",FF,436,0.9203863982911931,-0.2712018516198181,-0.2712018516198181,True,1.0,0.2712018516198181,59.40944881889764,100.0,59.40944881889764
"Laweryson, Cody",FF,58,0.7965293971598489,-2.0250317784287524,-2.0250317784287524,True,1.0,2.0250317784287524,98.54330708661418,19.333333333333332,59.400918635170605
"Sears, JP",CU,86,0.9771187823984082,-0.8754924527473836,-0.8754924527473836,True,1.0,0.8754924527473836,82.63779527559055,28.666666666666668,59.37020997375329
"Brieske, Beau",CH,100,0.8963920084797579,-0.7215372137075334,-0.7215372137075334,True,1.0,0.7215372137075334,78.07086614173228,33.33333333333333,59.37007874015748
"Weissert, Greg",SI,301,0.8849662788068692,-0.27034847004648066,-0.27034847004648066,True,1.0,0.27034847004648066,59.37007874015748,100.0,59.37007874015748
"Peralta, Freddy",CU,423,1.0563949774912702,-0.26861920260510525,-0.26861920260510525,True,1.0,0.26861920260510525,59.33070866141732,100.0,59.33070866141732
"Devenski, Chris",CH,102,0.8982419379162337,-0.7046017905172208,-0.7046017905172208,True,1.0,0.7046017905172208,77.32283464566929,34.0,59.30275590551181
"Early, Connelly",FF,114,0.8947394589339038,-0.6343655756322244,-0.6343655756322244,True,1.0,0.6343655756322244,74.37007874015748,38.0,59.27283464566929
"Festa, David",SI,112,0.8583798151513645,-0.6386187968679706,-0.6386187968679706,True,1.0,0.6386187968679706,74.68503937007874,37.333333333333336,59.228083989501314
"Núñez, Dedniel",SL,85,0.901572232169432,-0.869737757830567,-0.869737757830567,True,1.0,0.869737757830567,82.44094488188976,28.333333333333332,59.20570866141732
"Montero, Rafael",SL,82,0.8975519785129725,-0.9125995122497155,-0.9125995122497155,True,1.0,0.9125995122497155,83.62204724409449,27.333333333333332,59.204330708661416
"McLean, Nolan",FC,63,0.8195924515870769,-1.403246730353974,-1.403246730353974,True,1.0,1.403246730353974,93.7007874015748,21.0,59.19271653543308
"Misiorowski, Jacob",FF,719,0.9207976871033619,-0.26537795292410865,-0.26537795292410865,True,1.0,0.26537795292410865,59.173228346456696,100.0,59.173228346456696
"Devenski, Chris",ST,55,0.7445046294532938,-2.8932461148862987,-2.8932461148862987,True,1.0,2.8932461148862987,99.88188976377953,18.333333333333332,59.16108923884514
"Priester, Quinn",CU,234,1.0499852522629247,-0.3176867792879729,-0.3176867792879729,True,1.0,0.3176867792879729,61.732283464566926,78.0,59.155511811023615
"Festa, David",CH,256,0.9428066164589423,-0.2966285589010146,-0.2966285589010146,True,1.0,0.2966285589010146,60.669291338582674,85.33333333333334,59.10734908136483
"Blackburn, Paul",CH,69,0.8488395888039832,-1.156862115865276,-1.156862115865276,True,1.0,1.156862115865276,89.5275590551181,23.0,59.10649606299212
"Brzykcy, Zach",FF,245,0.9177838254730949,-0.3080545935188379,-0.3080545935188379,True,1.0,0.3080545935188379,61.14173228346457,81.66666666666667,59.102690288713916
"Civale, Aaron",FC,625,0.9078193469666207,-0.2641835705885689,-0.2641835705885689,True,1.0,0.2641835705885689,59.09448818897638,100.0,59.09448818897638
"Herget, Kevin",FF,95,0.8875312340104434,-0.7364349013421913,-0.7364349013421913,True,1.0,0.7364349013421913,78.62204724409449,31.666666666666664,59.077099737532805
"Pivetta, Nick",FF,1350,0.9211457012758479,-0.26045003068245437,-0.26045003068245437,True,1.0,0.26045003068245437,58.97637795275591,100.0,58.97637795275591
"Winckowski, Josh",FF,61,0.8399715531868531,-1.4098856612991506,-1.4098856612991506,True,1.0,1.4098856612991506,93.89763779527559,20.333333333333332,58.94153543307087
"García, Yimi",CU,62,0.9119437688364554,-1.3744186721765335,-1.3744186721765335,True,1.0,1.3744186721765335,92.95275590551181,20.666666666666668,58.89251968503937
"Crismatt, Nabil",CH,203,0.9369958351385915,-0.34982412343777364,-0.34982412343777364,True,1.0,0.34982412343777364,63.11023622047244,67.66666666666666,58.87762467191601
"Skubal, Tarik",CH,949,0.9471735970688387,-0.256650458529049,-0.256650458529049,True,1.0,0.256650458529049,58.818897637795274,100.0,58.818897637795274
"Núñez, Dedniel",FF,96,0.8893620290879934,-0.7105106244136977,-0.7105106244136977,True,1.0,0.7105106244136977,77.48031496062993,32.0,58.80708661417323
"Schlittler, Cam",FF,784,0.9214212502813549,-0.2565482238588895,-0.2565482238588895,True,1.0,0.2565482238588895,58.779527559055126,100.0,58.779527559055126
"Bowden, Ben",FF,110,0.8958351513210431,-0.6188504405846407,-0.6188504405846407,True,1.0,0.6188504405846407,73.85826771653544,36.666666666666664,58.76049868766404
"Henriquez, Ronny",SL,270,0.9572727501753941,-0.27588917816323066,-0.27588917816323066,True,1.0,0.27588917816323066,59.724409448818896,90.0,58.753937007874015
"Cano, Yennier",FS,71,0.9036800165027444,-1.0405309943809053,-1.0405309943809053,True,1.0,1.0405309943809053,86.88976377952756,23.666666666666668,58.74560367454069
"Ureña, José",SL,239,0.9549006522766742,-0.3011791937396735,-0.3011791937396735,True,1.0,0.3011791937396735,60.94488188976378,79.66666666666666,58.72342519685039
"Thielbar, Caleb",SL,131,0.9352630320705235,-0.5105448026236142,-0.5105448026236142,True,1.0,0.5105448026236142,69.92125984251969,43.666666666666664,58.710039370078746
"Dobbins, Hunter",SL,252,0.9559050276093334,-0.29047109108452907,-0.29047109108452907,True,1.0,0.29047109108452907,60.35433070866142,84.0,58.7007874015748
"Holman, Grant",FS,146,0.978146930332417,-0.45459123242514865,-0.45459123242514865,True,1.0,0.45459123242514865,67.79527559055119,48.66666666666667,58.67047244094489
"Wells, Tyler",SL,63,0.8659931460977255,-1.2490625915292999,-1.2490625915292999,True,1.0,1.2490625915292999,91.06299212598425,21.0,58.63877952755906
"Abel, Mick",SL,83,0.90581856694051,-0.8244656497268911,-0.8244656497268911,True,1.0,0.8244656497268911,81.14173228346456,27.666666666666668,58.630118110236225
"Ortiz, Luis",FF,441,0.9215382889325201,-0.25489094258183687,-0.25489094258183687,True,1.0,0.25489094258183687,58.62204724409449,100.0,58.62204724409449
"Hanifee, Brenan",SL,201,0.9512850387910573,-0.33972689508833664,-0.33972689508833664,True,1.0,0.33972689508833664,62.83464566929133,67.0,58.605708661417324
"Baz, Shane",KC,731,1.0533167486455188,-0.25179475957042885,-0.25179475957042885,True,1.0,0.25179475957042885,58.58267716535433,100.0,58.58267716535433
"Cortes, Nestor",ST,80,0.9362502487210775,-0.8559307521140115,-0.8559307521140115,True,1.0,0.8559307521140115,82.04724409448819,26.666666666666668,58.56036745406824
"Fitts, Richard",CU,81,0.9815458380575468,-0.8416025611692735,-0.8416025611692735,True,1.0,0.8416025611692735,81.61417322834646,27.0,58.550196850393704
"Montas, Frankie",FF,178,0.9127867345961901,-0.37881399707976965,-0.37881399707976965,True,1.0,0.37881399707976965,64.33070866141732,59.333333333333336,58.51089238845144
"Bruihl, Justin",SI,115,0.8632573899487963,-0.5710556155430052,-0.5710556155430052,True,1.0,0.5710556155430052,72.1259842519685,38.333333333333336,58.49376640419948
"Mikolas, Miles",ST,71,0.9231903516993099,-0.9946933947249644,-0.9946933947249644,True,1.0,0.9946933947249644,85.74803149606299,23.666666666666668,58.47539370078741
"Saucedo, Tayler",SI,115,0.8634568286735032,-0.568293030594501,-0.568293030594501,True,1.0,0.568293030594501,72.04724409448819,38.333333333333336,58.46358267716536
"Jacob, Alek",SI,86,0.8499361670943113,-0.7555785050047392,-0.7555785050047392,True,1.0,0.7555785050047392,79.44881889763779,28.666666666666668,58.456036745406834
"Boushley, Caleb",CU,54,0.8665788562019909,-1.7216950764066963,-1.7216950764066963,True,1.0,1.7216950764066963,96.81102362204724,18.0,58.44212598425197
"Burrows, Mike",CH,365,0.9481519593253732,-0.2476939121218496,-0.2476939121218496,True,1.0,0.2476939121218496,58.38582677165355,100.0,58.38582677165355
"Fitts, Richard",ST,78,0.9360676915484305,-0.8578704393613048,-0.8578704393613048,True,1.0,0.8578704393613048,82.16535433070867,26.0,58.37755905511811
"Hill, Jaden",CH,120,0.9163562508276126,-0.5387719221410793,-0.5387719221410793,True,1.0,0.5387719221410793,70.86614173228347,40.0,58.35826771653544
"Junis, Jakob",FF,93,0.890704565329611,-0.6915001509090352,-0.6915001509090352,True,1.0,0.6915001509090352,76.88976377952757,31.0,58.3494094488189
"Gibaut, Ian",FC,54,0.8068747551816857,-1.5674399663297334,-1.5674399663297334,True,1.0,1.5674399663297334,95.74803149606299,18.0,58.25078740157481
"Winn, Keaton",FS,72,0.9158778006646213,-0.9445532455977949,-0.9445532455977949,True,1.0,0.9445532455977949,84.29133858267717,24.0,58.24488188976378
"Horton, Cade",ST,387,0.9939719899207153,-0.2426317856966527,-0.2426317856966527,True,1.0,0.2426317856966527,58.22834645669291,100.0,58.22834645669291
"García, Yimi",ST,62,0.9070542658220901,-1.1661408352360398,-1.1661408352360398,True,1.0,1.1661408352360398,89.60629921259843,20.666666666666668,58.20091863517061
"Kirby, George",FS,59,0.8731431732185502,-1.2808088542334963,-1.2808088542334963,True,1.0,1.2808088542334963,91.61417322834644,19.666666666666664,58.199934383202105
"Murdock, Noah",FC,89,0.873097176906238,-0.7124680146092691,-0.7124680146092691,True,1.0,0.7124680146092691,77.55905511811024,29.666666666666668,58.18969816272967
"Ginkel, Kevin",FF,248,0.9196933282725077,-0.28101580584962693,-0.28101580584962693,True,1.0,0.28101580584962693,59.84251968503938,82.66666666666667,58.139895013123365
"Crismatt, Nabil",CU,83,0.9930683149696174,-0.753395968949167,-0.753395968949167,True,1.0,0.753395968949167,79.33070866141733,27.666666666666668,58.129068241469824
"Eder, Jake",SL,55,0.8495266341246315,-1.424619571919507,-1.424619571919507,True,1.0,1.424619571919507,94.1732283464567,18.333333333333332,58.11450131233596
"Freeland, Kyle",SI,152,0.8743965613958091,-0.4167580616273431,-0.4167580616273431,True,1.0,0.4167580616273431,65.98425196850394,50.66666666666667,58.10839895013123
"Falter, Bailey",CU,246,1.0547653216896846,-0.28109450508099953,-0.28109450508099953,True,1.0,0.28109450508099953,59.881889763779526,82.0,58.10669291338583
"Matthews, Zebby",SI,58,0.8116168847172911,-1.2863694679325361,-1.2863694679325361,True,1.0,1.2863694679325361,91.77165354330708,19.333333333333332,58.091732283464566
"Woodford, Jake",FC,62,0.840316481313426,-1.1356868362693346,-1.1356868362693346,True,1.0,1.1356868362693346,89.01574803149607,20.666666666666668,58.07887139107612
"Wilson, Bryse",SI,203,0.8812266326441249,-0.32214929366844475,-0.32214929366844475,True,1.0,0.32214929366844475,61.92913385826772,67.66666666666666,58.07841207349081
"Arrighetti, Spencer",SI,55,0.8027476043088585,-1.4092249494666,-1.4092249494666,True,1.0,1.4092249494666,93.85826771653544,18.333333333333332,58.05675853018373
"Bivens, Spencer",SV,69,0.9392331984058901,-0.9683518867759309,-0.9683518867759309,True,1.0,0.9683518867759309,84.92125984251967,23.0,58.047047244094486
"Arrighetti, Spencer",CH,58,0.8369182208153836,-1.2659978525661248,-1.2659978525661248,True,1.0,1.2659978525661248,91.37795275590551,19.333333333333332,58.015616797900265
"Cox, Austin",FF,152,0.9103407952854622,-0.41344878980952354,-0.41344878980952354,True,1.0,0.41344878980952354,65.78740157480316,50.66666666666667,58.00866141732284
"Raley, Brooks",CH,53,0.8135751524155823,-1.4796950531815938,-1.4796950531815938,True,1.0,1.4796950531815938,94.96062992125984,17.666666666666668,57.959251968503935
"Ragans, Cole",FC,51,0.7955514720230851,-1.7136304747690063,-1.7136304747690063,True,1.0,1.7136304747690063,96.69291338582677,17.0,57.95413385826772
"Sears, JP",CH,354,0.9497053805565138,-0.23347291243210028,-0.23347291243210028,True,1.0,0.23347291243210028,57.95275590551181,100.0,57.95275590551181
"Messick, Parker",CU,79,0.9894220644845527,-0.7813086592607046,-0.7813086592607046,True,1.0,0.7813086592607046,80.11811023622047,26.333333333333332,57.945603674540685
"Hernández, Carlos",KC,52,0.9024707404945612,-1.5488816603297793,-1.5488816603297793,True,1.0,1.5488816603297793,95.55118110236221,17.333333333333336,57.91181102362205
"Gipson-Long, Sawyer",FC,50,0.790022562641031,-1.7850120751719978,-1.7850120751719978,True,1.0,1.7850120751719978,97.28346456692914,16.666666666666664,57.89698162729658
"Hodge, Porter",ST,194,0.9861179799876671,-0.3260813849994601,-0.3260813849994601,True,1.0,0.3260813849994601,62.16535433070867,64.66666666666666,57.8738845144357
"Sale, Chris",CH,154,0.9309230528110349,-0.40541821077536566,-0.40541821077536566,True,1.0,0.40541821077536566,65.31496062992126,51.33333333333333,57.87125984251968
"Montero, Rafael",SI,54,0.8033872775689912,-1.40036432461553,-1.40036432461553,True,1.0,1.40036432461553,93.62204724409449,18.0,57.86811023622048
"Oviedo, Johan",CU,105,1.0162549351227181,-0.5758983037844365,-0.5758983037844365,True,1.0,0.5758983037844365,72.36220472440945,35.0,57.839566929133866
"Paddack, Chris",SL,58,0.8688875962416479,-1.2182035408701612,-1.2182035408701612,True,1.0,1.2182035408701612,90.43307086614173,19.333333333333332,57.83293963254593
"Johnson, Pierce",FF,223,0.9188806684319671,-0.29252316623811564,-0.29252316623811564,True,1.0,0.29252316623811564,60.511811023622045,74.33333333333333,57.81883202099738
"Ginkel, Kevin",SL,209,0.9541477615518352,-0.30920610450453345,-0.30920610450453345,True,1.0,0.30920610450453345,61.18110236220472,69.66666666666667,57.79547244094488
"Dobbins, Hunter",FF,377,0.9232175148787373,-0.23111290265314027,-0.23111290265314027,True,1.0,0.23111290265314027,57.79527559055118,100.0,57.79527559055118
"Early, Connelly",SI,60,0.8230067829423017,-1.1285988973091023,-1.1285988973091023,True,1.0,1.1285988973091023,88.85826771653544,20.0,57.787401574803155
"Barlow, Scott",SL,242,0.9575050879977718,-0.27341211886896716,-0.27341211886896716,True,1.0,0.27341211886896716,59.645669291338585,80.66666666666666,57.78464566929134
"Banks, Tanner",SI,134,0.872259375671806,-0.44636192678426073,-0.44636192678426073,True,1.0,0.44636192678426073,67.32283464566929,44.666666666666664,57.74842519685039
"King, Bryan",SI,55,0.80923110909999,-1.319416750101796,-1.319416750101796,True,1.0,1.319416750101796,92.1259842519685,18.333333333333332,57.73917322834646
"Zastryzny, Rob",FF,154,0.911413565718485,-0.3982582323695291,-0.3982582323695291,True,1.0,0.3982582323695291,65.0,51.33333333333333,57.709580052493436
"Blanco, Ronel",CH,99,0.9096251619114767,-0.6003925640308279,-0.6003925640308279,True,1.0,0.6003925640308279,73.30708661417323,33.0,57.70452755905512
"Rogers, Tyler",SL,249,0.9581662805744613,-0.26636284380636144,-0.26636284380636144,True,1.0,0.26636284380636144,59.21259842519685,83.0,57.6498031496063
"Skubal, Tarik",FF,916,0.9234306693086687,-0.22809461047077761,-0.22809461047077761,True,1.0,0.22809461047077761,57.637795275590555,100.0,57.637795275590555
"Sands, Cole",SI,103,0.8631949697201088,-0.5719202479483106,-0.5719202479483106,True,1.0,0.5719202479483106,72.20472440944881,34.333333333333336,57.63654855643045
"Winckowski, Josh",FC,55,0.8298520680349407,-1.2707888094579565,-1.2707888094579565,True,1.0,1.2707888094579565,91.41732283464566,18.333333333333332,57.60925196850393
"Anderson, Shaun",SL,67,0.8963578733193878,-0.9253304113251566,-0.9253304113251566,True,1.0,0.9253304113251566,83.93700787401575,22.333333333333332,57.594553805774275
"Treinen, Blake",FC,62,0.8484352783738305,-1.0308682025257896,-1.0308682025257896,True,1.0,1.0308682025257896,86.61417322834646,20.666666666666668,57.58254593175853
"Stroman, Marcus",FC,118,0.8904759003998879,-0.4880980692518143,-0.4880980692518143,True,1.0,0.4880980692518143,69.1732283464567,39.33333333333333,57.55341207349082
"Burgos, Juan",ST,70,0.9358296411644783,-0.8603997472338478,-0.8603997472338478,True,1.0,0.8603997472338478,82.24409448818898,23.333333333333332,57.53871391076116
"Finnegan, Kyle",FF,546,0.923530951449049,-0.22667460338747306,-0.22667460338747306,True,1.0,0.22667460338747306,57.51968503937008,100.0,57.51968503937008
"Alvarado, Elvis",SI,117,0.8692271870792192,-0.4883631909781594,-0.4883631909781594,True,1.0,0.4883631909781594,69.21259842519684,39.0,57.50492125984252
"Hendriks, Liam",SL,76,0.9129729055297334,-0.7481899890729851,-0.7481899890729851,True,1.0,0.7481899890729851,79.21259842519684,25.333333333333336,57.41522309711286
"Ramírez, Yohan",FF,270,0.9225613699129654,-0.24040399372416751,-0.24040399372416751,True,1.0,0.24040399372416751,58.18897637795276,90.0,57.372047244094496
"Montero, Keider",SL,333,0.9628202381889023,-0.21674488300262282,-0.21674488300262282,True,1.0,0.21674488300262282,57.36220472440945,100.0,57.36220472440945
"Mantiply, Joe",CU,69,0.9804080051342505,-0.8503128728015464,-0.8503128728015464,True,1.0,0.8503128728015464,81.88976377952756,23.0,57.3498031496063
"Chivilli, Angel",CH,374,0.9515361653790235,-0.2167127511371544,-0.2167127511371544,True,1.0,0.2167127511371544,57.322834645669296,100.0,57.322834645669296
"Johnson, Ryan",ST,61,0.9228682787396075,-0.9981154504216775,-0.9981154504216775,True,1.0,0.9981154504216775,85.90551181102363,20.333333333333332,57.31646981627297
"Buttó, José",SI,189,0.881718425607211,-0.3153370768354351,-0.3153370768354351,True,1.0,0.3153370768354351,61.574803149606296,63.0,57.29940944881889
"Brown, McCade",SL,97,0.9288484169833564,-0.5789339342690168,-0.5789339342690168,True,1.0,0.5789339342690168,72.51968503937007,32.33333333333333,57.29468503937008
"Nelson, Ryne",CU,269,1.0602387166443337,-0.23919470172200488,-0.23919470172200488,True,1.0,0.23919470172200488,58.110236220472444,89.66666666666666,57.2742125984252
"Lugo, Seth",CH,229,0.9455035244171279,-0.27193935904471955,-0.27193935904471955,True,1.0,0.27193935904471955,59.488188976377955,76.33333333333333,57.24730971128609
"Holman, Grant",SL,50,0.8529190006303774,-1.3884520082546121,-1.3884520082546121,True,1.0,1.3884520082546121,93.26771653543308,16.666666666666664,57.22769028871391
"Smith, Shane",SI,300,0.8889626612683458,-0.21499138704883508,-0.21499138704883508,True,1.0,0.21499138704883508,57.204724409448815,100.0,57.204724409448815
"Sproat, Brandon",SI,101,0.8650630688963988,-0.5460437153224738,-0.5460437153224738,True,1.0,0.5460437153224738,71.2992125984252,33.666666666666664,57.18379265091864
"Suárez, Albert",FF,75,0.8874546484873698,-0.7375193614946252,-0.7375193614946252,True,1.0,0.7375193614946252,78.66141732283465,25.0,57.18011811023622
"Effross, Scott",SI,74,0.8505715069613097,-0.7467779054404655,-0.7467779054404655,True,1.0,0.7467779054404655,79.01574803149606,24.666666666666668,57.172047244094486
"Darrell-Hicks, Michael",SI,68,0.8438801216105477,-0.8394656243467529,-0.8394656243467529,True,1.0,0.8394656243467529,81.49606299212599,22.666666666666664,57.15433070866142
"Cleavinger, Garrett",ST,90,0.9586717623557509,-0.6177000464584416,-0.6177000464584416,True,1.0,0.6177000464584416,73.77952755905511,30.0,57.147637795275585
"Waddell, Brandon",SI,111,0.8690429677309404,-0.49091496019713343,-0.49091496019713343,True,1.0,0.49091496019713343,69.25196850393701,37.0,57.13562992125985
"Myers, Tobias",FF,382,0.9248304068569346,-0.208274159633092,-0.208274159633092,True,1.0,0.208274159633092,57.08661417322835,100.0,57.08661417322835
"Kimbrel, Craig",FF,148,0.9129495177972665,-0.3765089675132387,-0.3765089675132387,True,1.0,0.3765089675132387,64.25196850393701,49.333333333333336,57.04094488188976
"Meyer, Max",SL,367,0.9637122813975508,-0.20723440425983744,-0.20723440425983744,True,1.0,0.20723440425983744,57.00787401574803,100.0,57.00787401574803
"Feltner, Ryan",SL,89,0.9263173838822012,-0.6059184303925745,-0.6059184303925745,True,1.0,0.6059184303925745,73.50393700787401,29.666666666666668,56.98667979002626
"Dollander, Chase",FF,867,0.9249767045027887,-0.20620256749718646,-0.20620256749718646,True,1.0,0.20620256749718646,56.968503937007874,100.0,56.968503937007874
"Núñez, Eduarniel",SL,88,0.9260101556324204,-0.6091939306266384,-0.6091939306266384,True,1.5,0.6091939306266384,73.70078740157481,29.333333333333332,56.96614173228347
"Blalock, Bradley",FS,157,0.991049180573037,-0.3530704220962243,-0.3530704220962243,True,1.0,0.3530704220962243,63.22834645669292,52.33333333333333,56.93221784776904
"Darrell-Hicks, Michael",FC,53,0.8402600892340087,-1.136414892491764,-1.136414892491764,True,1.0,1.136414892491764,89.09448818897637,17.666666666666668,56.922900262467195
"Ohl, Pierson",FF,238,0.9214396896404655,-0.25628712033188683,-0.25628712033188683,True,1.0,0.25628712033188683,58.70078740157481,79.33333333333333,56.90669291338583
"Waldrep, Hurston",SL,100,0.9328385597106222,-0.5363932061737569,-0.5363932061737569,True,1.0,0.5363932061737569,70.66929133858267,33.33333333333333,56.902887139107605
"Hader, Josh",SI,459,0.8896804193309289,-0.2050491472793306,-0.2050491472793306,True,1.0,0.2050491472793306,56.889763779527556,100.0,56.889763779527556
"Lucas, Easton",FF,218,0.9203601813340939,-0.2715730868631257,-0.2715730868631257,True,1.0,0.2715730868631257,59.4488188976378,72.66666666666667,56.87152230971129
"Brasier, Ryan",SI,64,0.8425661692680488,-0.85766622691165,-0.85766622691165,True,1.0,0.85766622691165,82.1259842519685,21.333333333333336,56.86902887139108
"Meyer, Max",SI,142,0.8768429427331265,-0.3828712812605486,-0.3828712812605486,True,1.0,0.3828712812605486,64.44881889763779,47.333333333333336,56.8494750656168
"McFarland, T.J.",SI,139,0.8764168811132177,-0.38877300079884486,-0.38877300079884486,True,1.0,0.38877300079884486,64.68503937007874,46.33333333333333,56.81463254593176
"Junk, Janson",CU,190,1.0525815086283081,-0.2978119790807077,-0.2978119790807077,True,1.0,0.2978119790807077,60.74803149606299,63.33333333333333,56.81430446194226
"DeSclafani, Anthony",SL,140,0.947049224684296,-0.3848868376002866,-0.3848868376002866,True,1.0,0.3848868376002866,64.5275590551181,46.666666666666664,56.790026246719165
"Cecconi, Slade",SI,227,0.8857231879169448,-0.25986391787159946,-0.25986391787159946,True,1.0,0.25986391787159946,58.93700787401575,75.66666666666667,56.767125984251976
"Anderson, Nick",FF,116,0.9079513875248754,-0.4472830890383799,-0.4472830890383799,True,1.0,0.4472830890383799,67.44094488188976,38.666666666666664,56.75590551181102
"Abel, Mick",SI,95,0.8650764120426959,-0.5458588887539114,-0.5458588887539114,True,1.0,0.5458588887539114,71.25984251968504,31.666666666666664,56.745734908136484
"Fernández, Julian",FF,52,0.8613347729215484,-1.107379918697072,-1.107379918697072,True,1.0,1.107379918697072,88.74015748031496,17.333333333333336,56.73123359580053
"Smith, Dylan",FF,82,0.894602601921337,-0.6363034872733987,-0.6363034872733987,True,1.0,0.6363034872733987,74.56692913385827,27.333333333333332,56.729265091863525
"Aldegheri, Sam",CH,72,0.8967317702950265,-0.718426819325981,-0.718426819325981,True,1.0,0.718426819325981,77.8740157480315,24.0,56.70472440944882
"Snider, Collin",FF,118,0.9084873720629657,-0.4396934839726731,-0.4396934839726731,True,1.0,0.4396934839726731,66.92913385826772,39.33333333333333,56.67073490813648
"Ober, Bailey",CU,83,1.010017087832789,-0.6236501245459676,-0.6236501245459676,True,1.0,0.6236501245459676,74.01574803149606,27.666666666666668,56.658595800524935
"Castillo, Luis F.",FF,77,0.8925536435627343,-0.665316982314281,-0.665316982314281,True,1.0,0.665316982314281,75.86614173228347,25.666666666666664,56.65360892388452
"Gipson-Long, Sawyer",SI,85,0.860944955351653,-0.6030869927083901,-0.6030869927083901,True,1.0,0.6030869927083901,73.4251968503937,28.333333333333332,56.651246719160106
"Englert, Mason",FC,140,0.8991236429703678,-0.37645042558495356,-0.37645042558495356,True,1.0,0.37645042558495356,64.21259842519686,46.666666666666664,56.64304461942258
"Jansen, Kenley",SL,53,0.884670263675278,-1.0499373384298187,-1.0499373384298187,True,1.0,1.0499373384298187,87.20472440944881,17.666666666666668,56.58904199475066
"Gibson, Cade",CH,132,0.9323135728639866,-0.39268851142196004,-0.39268851142196004,True,1.0,0.39268851142196004,64.80314960629921,44.0,56.5244094488189
"Funderburk, Kody",FC,179,0.905082942359996,-0.29951222705108854,-0.29951222705108854,True,1.0,0.29951222705108854,60.82677165354331,59.66666666666667,56.467913385826776
"Van Belle, Brian",CH,56,0.8719245398408196,-0.9455278847168508,-0.9455278847168508,True,1.0,0.9455278847168508,84.37007874015748,18.666666666666668,56.43175853018373
"Newcomb, Sean",SI,339,0.8904611238619058,-0.19423498573835593,-0.19423498573835593,True,1.0,0.19423498573835593,56.41732283464567,100.0,56.41732283464567
"Anderson, Nick",CU,71,1.0007646108722092,-0.6944794669274507,-0.6944794669274507,True,1.0,0.6944794669274507,77.04724409448819,23.666666666666668,56.416207349081375
"Armstrong, Shawn",SI,264,0.8889157004634233,-0.21564187863736306,-0.21564187863736306,True,1.0,0.21564187863736306,57.28346456692913,88.0,56.41181102362205
"Rogers, Trevor",ST,122,0.9779705410630539,-0.4126486951249766,-0.4126486951249766,True,1.0,0.4126486951249766,65.70866141732283,40.666666666666664,56.3998687664042
"Boushley, Caleb",SI,207,0.8852384275713987,-0.26657872030631163,-0.26657872030631163,True,1.0,0.26657872030631163,59.251968503937,69.0,56.389960629921255
"Ohtani, Shohei",CU,108,1.0323432807414459,-0.45273918163417715,-0.45273918163417715,True,1.0,0.45273918163417715,67.6771653543307,36.0,56.3763779527559
"Lao, Sauryn",SL,89,0.9315033735352098,-0.5506282338224269,-0.5506282338224269,True,1.0,0.5506282338224269,71.37795275590551,29.666666666666668,56.35597112860893
"Chavez, Jesse",FC,66,0.8711564339718423,-0.7375241924293687,-0.7375241924293687,True,1.0,0.7375241924293687,78.7007874015748,22.0,56.32952755905512
"Blanco, Ronel",CU,161,1.0499052177150912,-0.31829945786204583,-0.31829945786204583,True,1.0,0.31829945786204583,61.77165354330708,53.666666666666664,56.3265748031496
"Avila, Luinder",CU,71,1.0021453775815337,-0.683909454332946,-0.683909454332946,True,1.0,0.683909454332946,76.65354330708661,23.666666666666668,56.323031496062995
"Junis, Jakob",SI,278,0.8897593127012031,-0.2039563322426485,-0.2039563322426485,True,1.0,0.2039563322426485,56.811023622047244,92.66666666666666,56.31299212598425
"Suarez, José",SL,62,0.9081938170156869,-0.7991420273622379,-0.7991420273622379,True,1.0,0.7991420273622379,80.43307086614173,20.666666666666668,56.30511811023622
"Lorenzen, Michael",FF,511,0.9260176411204469,-0.19146278068429307,-0.19146278068429307,True,1.0,0.19146278068429307,56.2992125984252,100.0,56.2992125984252
"Fedde, Erick",FC,664,0.913455834336278,-0.1914130725942779,-0.1914130725942779,True,1.0,0.1914130725942779,56.259842519685044,100.0,56.259842519685044
"Ross, Joe",CH,72,0.9022908514895945,-0.667535476811498,-0.667535476811498,True,1.0,0.667535476811498,75.94488188976378,24.0,56.24173228346457
"Fried, Max",SI,569,0.8907092774997135,-0.19079761164898656,-0.19079761164898656,True,1.0,0.19079761164898656,56.22047244094488,100.0,56.22047244094488
"Hiraldo, Yaramil",FS,111,0.9805938410924876,-0.4353378185994843,-0.4353378185994843,True,1.0,0.4353378185994843,66.77165354330708,37.0,56.217913385826776
"Horton, Cade",SI,98,0.8696795481090082,-0.4820971773239819,-0.4820971773239819,True,1.0,0.4820971773239819,68.97637795275591,32.666666666666664,56.21220472440945
"Contreras, Luis",FF,113,0.9091355893937313,-0.43051464916003856,-0.43051464916003856,True,1.0,0.43051464916003856,66.45669291338582,37.666666666666664,56.21095800524934
"Salazar, Eduardo",SI,245,0.8881013193778609,-0.22692252101325183,-0.22692252101325183,True,1.0,0.22692252101325183,57.55905511811024,81.66666666666667,56.17683727034121
"Alvarez, Andrew",SL,121,0.9455160349924919,-0.4012328708766913,-0.4012328708766913,True,1.0,0.4012328708766913,65.19685039370079,40.33333333333333,56.14114173228346
"Darnell, Dugan",FF,98,0.9058378911975409,-0.47721044942351637,-0.47721044942351637,True,1.0,0.47721044942351637,68.74015748031496,32.666666666666664,56.135039370078744
"Hoffman, Jeff",SI,104,0.8718860296223555,-0.451533440883699,-0.451533440883699,True,1.0,0.451533440883699,67.5984251968504,34.66666666666667,56.11364829396326
"Fulmer, Carson",SI,106,0.8726376424603041,-0.44112225160101937,-0.44112225160101937,True,1.0,0.44112225160101937,67.1259842519685,35.333333333333336,56.06391076115486
"Hoglund, Gunnar",CH,126,0.933408548845115,-0.38266440928163015,-0.38266440928163015,True,1.0,0.38266440928163015,64.40944881889764,42.0,56.06338582677166
"Borucki, Ryan",FS,103,0.9789450145989701,-0.4483115401280516,-0.4483115401280516,True,1.0,0.4483115401280516,67.48031496062991,34.333333333333336,56.01450131233596
"Bowlan, Jonathan",CH,61,0.892436486785671,-0.7577485591280573,-0.7577485591280573,True,1.0,0.7577485591280573,79.48818897637796,20.333333333333332,56.011614173228345
"Akin, Keegan",FF,543,0.9264692298691901,-0.18506823007414142,-0.18506823007414142,True,1.0,0.18506823007414142,55.98425196850394,100.0,55.98425196850394
"Rangel, Alan",FF,76,0.896741980716747,-0.6060096280494727,-0.6060096280494727,True,1.0,0.6060096280494727,73.54330708661418,25.333333333333336,55.979002624671914
"Fernandez, Ryan",SL,247,0.9629660203217892,-0.2151906333177899,-0.2151906333177899,True,1.0,0.2151906333177899,57.24409448818898,82.33333333333334,55.967782152230974
"Cease, Dylan",SI,122,0.876433998581106,-0.38853589308962555,-0.38853589308962555,True,1.0,0.38853589308962555,64.64566929133858,40.666666666666664,55.967585301837275
"Rodriguez, Carlos",FF,54,0.8768297464960976,-0.8879692424984799,-0.8879692424984799,True,1.0,0.8879692424984799,82.91338582677166,18.0,55.94055118110237
"Iglesias, Raisel",SI,215,0.8868455468924152,-0.24431722794460184,-0.24431722794460184,True,1.0,0.24431722794460184,58.26771653543307,71.66666666666667,55.930774278215225
"Warren, Will",FF,1198,0.9266437030215435,-0.1825976694015346,-0.1825976694015346,True,1.0,0.1825976694015346,55.90551181102362,100.0,55.90551181102362
"Williams, Luke",EP,52,0.8725919803260425,-0.9215807530534315,,True,1.0,0.9215807530534315,83.81889763779527,17.333333333333336,55.87821522309712
"Wells, Tyler",FF,125,0.9130602719789058,-0.3749406750751531,-0.3749406750751531,True,1.0,0.3749406750751531,64.05511811023622,41.66666666666667,55.86778215223097
"Young, Brandon",CU,148,1.0498174620675864,-0.318971242815362,-0.318971242815362,True,1.0,0.318971242815362,61.811023622047244,49.333333333333336,55.83674540682415
"Valdez, Framber",CU,957,1.0678431467386755,-0.1809814486587467,-0.1809814486587467,True,1.0,0.1809814486587467,55.826771653543304,100.0,55.826771653543304
"Maton, Phil",FC,363,0.9142891388305693,-0.18065460210485557,-0.18065460210485557,True,1.0,0.18065460210485557,55.748031496062985,100.0,55.748031496062985
"Rutledge, Jackson",SI,437,0.8914815519571235,-0.18010022178505142,-0.18010022178505142,True,1.0,0.18010022178505142,55.66929133858268,100.0,55.66929133858268
"Winans, Allan",SI,53,0.8430696965013644,-0.8506914693365386,-0.8506914693365386,True,1.0,0.8506914693365386,81.96850393700788,17.666666666666668,55.66397637795276
"Mantiply, Joe",SI,68,0.8582679962531402,-0.6401676896702431,-0.6401676896702431,True,1.0,0.6401676896702431,74.76377952755907,22.666666666666664,55.62834645669292
"Backhus, Kyle",ST,116,0.9810683527323996,-0.3797341527795833,-0.3797341527795833,True,1.0,0.3797341527795833,64.37007874015748,38.666666666666664,55.568503937007875
"Herrin, Tim",CU,309,1.0684580413705071,-0.1762743218437226,-0.1762743218437226,True,1.0,0.1762743218437226,55.5511811023622,100.0,55.5511811023622
"Melton, Troy",SI,86,0.86897010004111,-0.491924308724876,-0.491924308724876,True,1.0,0.491924308724876,69.29133858267717,28.666666666666668,55.544225721784784
"Peterson, David",SL,516,0.966650517423793,-0.1759085323761223,-0.1759085323761223,True,1.0,0.1759085323761223,55.51181102362205,100.0,55.51181102362205
"Woo, Bryan",CH,193,0.9478438993652211,-0.2505140876865491,-0.2505140876865491,True,1.0,0.2505140876865491,58.54330708661417,64.33333333333333,55.503215223097115
"Gibson, Kyle",ST,53,0.9396652449902815,-0.819646093358169,-0.819646093358169,True,1.0,0.819646093358169,80.94488188976378,17.666666666666668,55.483136482939635
"Webb, Logan",SI,1104,0.8918348831719771,-0.17520594913350887,-0.17520594913350887,True,1.0,0.17520594913350887,55.47244094488188,100.0,55.47244094488188
"Mantiply, Joe",CH,51,0.8816007797887099,-0.8569454689893057,-0.8569454689893057,True,1.0,0.8569454689893057,82.08661417322834,17.0,55.47106299212598
"Bird, Jake",CU,217,1.0623016775287277,-0.22340237244381353,-0.22340237244381353,True,1.0,0.22340237244381353,57.48031496062992,72.33333333333334,55.41620734908137
"López, Jorge",KC,65,1.007765689116515,-0.6434768687294122,-0.6434768687294122,True,1.0,0.6434768687294122,74.92125984251969,21.666666666666668,55.415026246719165
"Scholtens, Jesse",SL,51,0.9041162239082041,-0.8426151037720622,-0.8426151037720622,True,1.0,0.8426151037720622,81.65354330708662,17.0,55.39744094488189
"Ferguson, Caleb",SI,261,0.8908315266948846,-0.18910424047925556,-0.18910424047925556,True,1.0,0.18910424047925556,56.181102362204726,87.0,55.380118110236225
"Horn, Bailey",FF,73,0.8995363654171991,-0.5664408069904788,-0.5664408069904788,True,1.0,0.5664408069904788,71.96850393700788,24.333333333333336,55.360564304461946
"Garcia, Rico",CU,114,1.0426353158264732,-0.3739518385318432,-0.3739518385318432,True,1.0,0.3739518385318432,64.01574803149607,38.0,55.33818897637796
"Schmidt, Clarke",SL,158,0.956342522002487,-0.28580676419336953,-0.28580676419336953,True,1.0,0.28580676419336953,60.03937007874016,52.666666666666664,55.29671916010499
"Cavalli, Cade",FC,63,0.8782745234927541,-0.6456253048361554,-0.6456253048361554,True,1.0,0.6456253048361554,75.03937007874015,21.0,55.273818897637796
"Orze, Eric",FF,174,0.9210688272009566,-0.2615385767630847,-0.2615385767630847,True,1.0,0.2615385767630847,59.01574803149606,57.99999999999999,55.23740157480315
"Alvarez, Andrew",CU,113,1.043194195242658,-0.3696735180682992,-0.3696735180682992,True,1.0,0.3696735180682992,63.85826771653543,37.666666666666664,55.23221784776902
"Alexander, Jason",ST,200,0.9950005200090323,-0.23170355610787013,-0.23170355610787013,True,1.0,0.23170355610787013,57.83464566929134,66.66666666666666,55.22965879265092
"Warren, Austin",SI,52,0.8481526155342695,-0.7802839011202392,-0.7802839011202392,True,1.0,0.7802839011202392,79.96062992125984,17.333333333333336,55.20944881889764
"Cannon, Jonathan",ST,269,0.999775033837631,-0.18097389453897486,-0.18097389453897486,True,1.5,0.18097389453897486,55.787401574803155,89.66666666666666,55.191404199475066
"Wesneski, Hayden",SI,56,0.852948312208623,-0.7138548790251837,-0.7138548790251837,True,1.0,0.7138548790251837,77.5984251968504,18.666666666666668,55.16771653543307
"Bellozo, Valente",CU,59,1.0039076152885658,-0.6704192139961448,-0.6704192139961448,True,1.0,0.6704192139961448,76.06299212598425,19.666666666666664,55.14153543307087
"Casparius, Ben",CU,180,1.0589737472305676,-0.24887826560348986,-0.24887826560348986,True,1.0,0.24887826560348986,58.46456692913385,60.0,55.08661417322834
"Weaver, Luke",FF,629,0.9279743568234349,-0.16375545266237493,-0.16375545266237493,True,1.0,0.16375545266237493,55.07874015748031,100.0,55.07874015748031
"Graveman, Kendall",SL,71,0.9315813530664379,-0.5497968585404606,-0.5497968585404606,True,1.0,0.5497968585404606,71.33858267716535,23.666666666666668,55.065157480314966
"Walker, Taijuan",SL,232,0.9645437637139336,-0.19836959275934926,-0.19836959275934926,True,1.0,0.19836959275934926,56.535433070866134,77.33333333333333,55.05853018372703
"Burrows, Mike",SI,87,0.8722449053418223,-0.4465623668736747,-0.4465623668736747,True,1.0,0.4465623668736747,67.36220472440945,28.999999999999996,55.04901574803149
"King, Michael",SL,70,0.9311467889102327,-0.5544299448415454,-0.5544299448415454,True,1.0,0.5544299448415454,71.53543307086613,23.333333333333332,55.040026246719165
"Castillo, José",FF,81,0.9062494670561814,-0.47138248611548905,-0.47138248611548905,True,1.0,0.47138248611548905,68.46456692913387,27.0,54.9998031496063
"Lawrence, Casey",SI,110,0.8783836072675942,-0.361530307185072,-0.361530307185072,True,1.0,0.361530307185072,63.54330708661418,36.666666666666664,54.97834645669292
"Matthews, Zebby",FC,175,0.9089876835065177,-0.24909963155751208,-0.24909963155751208,True,1.0,0.24909963155751208,58.503937007874015,58.333333333333336,54.968832020997375
"Stroman, Marcus",SI,266,0.8915284863499066,-0.17945009605214693,-0.17945009605214693,True,1.0,0.17945009605214693,55.59055118110236,88.66666666666667,54.95918635170604
"Robertson, David",FC,162,0.9077398428265978,-0.2652100176437364,-0.2652100176437364,True,1.0,0.2652100176437364,59.13385826771653,54.0,54.94133858267716
"Shuster, Jared",FF,91,0.909949711552507,-0.41898658217071233,-0.41898658217071233,True,1.0,0.41898658217071233,66.06299212598425,30.333333333333336,54.88615485564304
"Ober, Bailey",SI,75,0.8687955885581218,-0.49434160655383563,-0.49434160655383563,True,1.0,0.49434160655383563,69.37007874015748,25.0,54.85728346456693
"Hoglund, Gunnar",ST,95,0.9789649894876125,-0.4020825864411147,-0.4020825864411147,True,1.0,0.4020825864411147,65.23622047244095,31.666666666666664,54.838254593175854
"Carrasco, Carlos",SI,177,0.887137930789117,-0.2402671852390016,-0.2402671852390016,True,1.0,0.2402671852390016,58.1496062992126,59.0,54.81633858267717
"Zerpa, Angel",FF,225,0.9258986856128529,-0.1931472048772853,-0.1931472048772853,True,1.0,0.1931472048772853,56.37795275590551,75.0,54.78838582677165
"Snider, Collin",SV,51,0.9715746483351002,-0.7209573145498395,-0.7209573145498395,True,1.0,0.7209573145498395,78.03149606299212,17.0,54.781692913385825
"Pereda, Jhonny",FA,54,1.0025656049999,-0.6776988127324045,-0.6776988127324045,True,1.0,0.6776988127324045,76.45669291338582,18.0,54.778346456692915
"Peralta, Freddy",CH,714,0.9581661226075359,-0.1560179326296851,-0.1560179326296851,True,1.0,0.1560179326296851,54.76377952755905,100.0,54.76377952755905
"Iglesias, Raisel",SL,95,0.9458626631134621,-0.3975373106794078,-0.3975373106794078,True,1.0,0.3975373106794078,64.96062992125984,31.666666666666664,54.750984251968504
"Molina, Anthony",CH,110,0.9374364615077712,-0.3457903511847717,-0.3457903511847717,True,1.0,0.3457903511847717,62.91338582677165,36.666666666666664,54.74737532808399
"Winn, Cole",FC,118,0.9032016724794302,-0.3238005713854356,-0.3238005713854356,True,1.0,0.3238005713854356,62.00787401574803,39.33333333333333,54.73503937007874
"Scott, Tayler",ST,75,0.9718438187586799,-0.47774569980130754,-0.47774569980130754,True,1.0,0.47774569980130754,68.77952755905513,25.0,54.70964566929135
"Herrin, Tim",SL,134,0.9557524252225,-0.29209805460154925,-0.29209805460154925,True,1.0,0.29209805460154925,60.47244094488189,44.666666666666664,54.68858267716536
"Ryan, Joe",FS,310,1.0162263170957004,-0.15496518821262673,-0.15496518821262673,True,1.0,0.15496518821262673,54.685039370078734,100.0,54.685039370078734
"Hatch, Thomas",CH,102,0.9357032717850546,-0.36165706525751007,-0.36165706525751007,True,1.0,0.36165706525751007,63.582677165354326,34.0,54.63110236220472
"Seymour, Carson",SI,263,0.8923026190274032,-0.16872696649874205,-0.16872696649874205,True,1.0,0.16872696649874205,55.2755905511811,87.66666666666667,54.627362204724406
"Boushley, Caleb",FF,144,0.9202921311455753,-0.2725366856589855,-0.2725366856589855,True,1.0,0.2725366856589855,59.60629921259842,48.0,54.621259842519684
"Tonkin, Michael",FF,226,0.9263014315995486,-0.1874442736104449,-0.1874442736104449,True,1.0,0.1874442736104449,56.10236220472441,75.33333333333333,54.60196850393701
"Lopez, Jacob",CH,224,0.9546771062189654,-0.1879585936588645,-0.1879585936588645,True,1.0,0.1879585936588645,56.14173228346456,74.66666666666667,54.59081364829396
"Bruihl, Justin",ST,97,0.9814677250158913,-0.3754907844474658,-0.3754907844474658,True,1.0,0.3754907844474658,64.09448818897637,32.33333333333333,54.57053805774278
"Scott, Tanner",FF,470,0.9287735310467468,-0.15243905022427356,-0.15243905022427356,True,1.0,0.15243905022427356,54.56692913385827,100.0,54.56692913385827
"Mazur, Adam",CU,53,1.0053787233306513,-0.6591576225718201,-0.6591576225718201,True,1.0,0.6591576225718201,75.66929133858268,17.666666666666668,54.55111548556431
"Jobe, Jackson",FF,272,0.9280535320526185,-0.16263432196216523,-0.16263432196216523,True,1.0,0.16263432196216523,55.00000000000001,90.66666666666666,54.535170603674544
"Bummer, Aaron",FF,116,0.9171519962440426,-0.3170013708541728,-0.3170013708541728,True,1.0,0.3170013708541728,61.65354330708661,38.666666666666664,54.518110236220465
"Curtiss, John",FC,168,0.9101146574417114,-0.23454970904156464,-0.23454970904156464,True,1.0,0.23454970904156464,57.99212598425196,56.00000000000001,54.48425196850393
"Hollowell, Gavin",FF,78,0.9083503034181414,-0.4416343923518863,-0.4416343923518863,True,1.0,0.4416343923518863,67.16535433070867,26.0,54.47755905511811
"Civale, Aaron",FS,102,0.9914757907576527,-0.34971365790168085,-0.34971365790168085,True,1.0,0.34971365790168085,63.07086614173228,34.0,54.45708661417322
"May, Dustin",FF,361,0.9290469403406604,-0.1485675419723912,-0.1485675419723912,True,1.0,0.1485675419723912,54.44881889763779,100.0,54.44881889763779
"Bigge, Hunter",FF,102,0.9150463412823341,-0.3468176965656438,-0.3468176965656438,True,1.0,0.3468176965656438,63.03149606299212,34.0,54.44370078740157
"Dubin, Shawn",CH,80,0.928060789115685,-0.4316211815521112,-0.4316211815521112,True,1.0,0.4316211815521112,66.5748031496063,26.666666666666668,54.43438320209974
"Gordon, Tanner",SL,319,0.9692250143606964,-0.14846064851309743,-0.14846064851309743,True,1.0,0.14846064851309743,54.409448818897644,100.0,54.409448818897644
"Englert, Mason",SI,124,0.8831010867324025,-0.296184734084796,-0.296184734084796,True,1.0,0.296184734084796,60.629921259842526,41.333333333333336,54.405249343832025
"Stratton, Hunter",FC,73,0.8929823728072702,-0.45573797805812954,-0.45573797805812954,True,1.0,0.45573797805812954,67.99212598425197,24.333333333333336,54.39297900262467
"López, Jorge",SL,80,0.9431520510006723,-0.42643638039787946,-0.42643638039787946,True,1.0,0.42643638039787946,66.33858267716536,26.666666666666668,54.371391076115486
"Taylor, Troy",ST,51,0.9551849344869519,-0.654747922762338,-0.654747922762338,True,1.0,0.654747922762338,75.39370078740157,17.0,54.33326771653543
"Dollander, Chase",SI,175,0.8886814652988245,-0.21888645684594354,-0.21888645684594354,True,1.0,0.21888645684594354,57.4015748031496,58.333333333333336,54.3257874015748
"Hjelle, Sean",KC,91,1.0389051970471375,-0.3757160686392846,-0.3757160686392846,True,1.0,0.3757160686392846,64.13385826771653,30.333333333333336,54.3009842519685
"Ginn, J.T.",CH,148,0.9472303191345021,-0.25613118889243686,-0.25613118889243686,True,1.0,0.25613118889243686,58.661417322834644,49.333333333333336,54.28293963254593
"Swanson, Erik",FF,59,0.9000791556174647,-0.55875483293565,-0.55875483293565,True,1.0,0.55875483293565,71.69291338582677,19.666666666666664,54.28208661417323
"Arrighetti, Spencer",FF,196,0.9255739205407992,-0.19774591708044956,-0.19774591708044956,True,1.0,0.19774591708044956,56.496062992125985,65.33333333333333,54.250918635170606
"Whitlock, Garrett",SI,577,0.8942541302128315,-0.14169502756297866,-0.14169502756297866,True,1.0,0.14169502756297866,54.17322834645669,100.0,54.17322834645669
"Johnson, Seth",SL,73,0.9418514480754515,-0.4403027002725151,-0.4403027002725151,True,1.0,0.4403027002725151,67.00787401574803,24.333333333333336,54.15347769028871
"Woodford, Jake",CH,116,0.9427539875641691,-0.2971103570644734,-0.2971103570644734,True,1.0,0.2971103570644734,60.70866141732284,38.666666666666664,54.15275590551181
"Hernández, Carlos",FF,394,0.9295730911825706,-0.14111718321891803,-0.14111718321891803,True,1.0,0.14111718321891803,54.13385826771654,100.0,54.13385826771654
"Pallante, Andre",FF,1199,0.9296862878650411,-0.1395143046773826,-0.1395143046773826,True,1.0,0.1395143046773826,54.05511811023622,100.0,54.05511811023622
"Fisher, Braydon",FF,201,0.9264018086577676,-0.18602292247920943,-0.18602292247920943,True,1.0,0.18602292247920943,56.02362204724409,67.0,54.04232283464566
"Blubaugh, AJ",ST,108,0.9883440115602644,-0.30242958873842013,-0.30242958873842013,True,1.0,0.30242958873842013,60.98425196850393,36.0,53.96692913385827
"Treinen, Blake",SI,175,0.889811250451067,-0.20323690101762398,-0.20323690101762398,True,1.0,0.20323690101762398,56.77165354330709,58.333333333333336,53.958333333333336
"Stratton, Chris",CH,75,0.9301001257183411,-0.4129518054599785,-0.4129518054599785,True,1.0,0.4129518054599785,65.74803149606299,25.0,53.95177165354331
"Ray, Robbie",SL,693,0.9701971355737833,-0.1380964217101378,-0.1380964217101378,True,1.0,0.1380964217101378,53.937007874015755,100.0,53.937007874015755
"Rolison, Ryan",CU,226,1.0697830946114397,-0.16613080567226202,-0.16613080567226202,True,1.0,0.16613080567226202,55.19685039370079,75.33333333333333,53.91981627296588
"Brown, Ben",KC,686,1.0665431382041952,-0.13806436092619745,-0.13806436092619745,True,1.0,0.13806436092619745,53.897637795275585,100.0,53.897637795275585
"Bradish, Kyle",CU,63,1.0300622542766311,-0.47020084137631235,-0.47020084137631235,True,1.0,0.47020084137631235,68.4251968503937,21.0,53.884842519685044
"Young, Danny",SI,87,0.8789323702244963,-0.35392895349980974,-0.35392895349980974,True,1.0,0.35392895349980974,63.30708661417322,28.999999999999996,53.87303149606299
"Burnes, Corbin",CU,194,1.067541237030602,-0.18329262070192318,-0.18329262070192318,True,1.0,0.18329262070192318,55.94488188976378,64.66666666666666,53.851312335958
"Francis, Bowden",SL,66,0.9412979840914193,-0.4462034317662398,-0.4462034317662398,True,1.0,0.4462034317662398,67.28346456692913,22.0,53.81771653543308
"Brubaker, JT",CH,72,0.9300264171730113,-0.413626580066669,-0.413626580066669,True,1.0,0.413626580066669,65.8267716535433,24.0,53.81338582677165
"Junis, Jakob",CH,214,0.9567163737755028,-0.16928984965853863,-0.16928984965853863,True,1.0,0.16928984965853863,55.31496062992126,71.33333333333334,53.79698162729659
"Mattson, Isaac",FF,610,0.929849054461533,-0.13720951023375244,-0.13720951023375244,True,1.0,0.13720951023375244,53.74015748031496,100.0,53.74015748031496
"Bellozo, Valente",ST,205,1.0006096569191312,-0.17210594526035297,-0.17210594526035297,True,1.0,0.17210594526035297,55.43307086614173,68.33333333333333,53.718832020997375
"Javier, Cristian",CH,115,0.9454943373853656,-0.272023462939544,-0.272023462939544,True,1.0,0.272023462939544,59.527559055118104,38.333333333333336,53.66437007874016
"Hill, Rich",CU,59,1.029736497022309,-0.4726945705904386,-0.4726945705904386,True,1.0,0.4726945705904386,68.50393700787401,19.666666666666664,53.654921259842524
"Lopez, Jacob",FC,243,0.9165566811072547,-0.1513792449762645,-0.1513792449762645,True,1.0,0.1513792449762645,54.48818897637795,81.0,53.63917322834645
"Pepiot, Ryan",SI,70,0.8749943798213833,-0.4084772014942008,-0.4084772014942008,True,1.0,0.4084772014942008,65.51181102362204,23.333333333333332,53.63451443569554
"Abel, Mick",CU,154,1.0642990665204706,-0.20811200756445103,-0.20811200756445103,True,1.0,0.20811200756445103,57.04724409448819,51.33333333333333,53.627165354330714
"Woo, Bryan",SI,712,0.8946910132904311,-0.1356434113775719,-0.1356434113775719,True,1.0,0.1356434113775719,53.62204724409448,100.0,53.62204724409448
"Burke, Brock",SL,280,0.9702015636743961,-0.13804921171364756,-0.13804921171364756,True,1.0,0.13804921171364756,53.85826771653544,93.33333333333333,53.60236220472441
"Bowden, Ben",SL,53,0.9341394146057169,-0.5225241999335889,-0.5225241999335889,True,1.0,0.5225241999335889,70.2755905511811,17.666666666666668,53.59822834645669
"Perkins, Jack",ST,209,1.0013526276495983,-0.16421181089081133,-0.16421181089081133,True,1.0,0.16421181089081133,55.118110236220474,69.66666666666667,53.57158792650919
"Lively, Ben",SL,63,0.9421428816238892,-0.4371955945398794,-0.4371955945398794,True,1.0,0.4371955945398794,66.88976377952756,21.0,53.562401574803154
"Hicks, Jordan",FF,111,0.9203245865574023,-0.2720771131517451,-0.2720771131517451,True,1.0,0.2720771131517451,59.566929133858274,37.0,53.55216535433071
"Peguero, Elvis",SL,93,0.9537196408985351,-0.31377049368779586,-0.31377049368779586,True,1.0,0.31377049368779586,61.377952755905504,31.0,53.54074803149606
"Gordon, Colton",SI,157,0.8899699700678562,-0.2010383489309188,-0.2010383489309188,True,1.0,0.2010383489309188,56.69291338582677,52.33333333333333,53.51200787401575
"Knack, Landon",FF,361,0.9300069233824434,-0.13497406746122725,-0.13497406746122725,True,1.0,0.13497406746122725,53.503937007874015,100.0,53.503937007874015
"Lively, Ben",CU,51,1.0231553022816264,-0.5230747766209997,-0.5230747766209997,True,1.0,0.5230747766209997,70.31496062992126,17.0,53.46988188976378
"Misiorowski, Jacob",CU,208,1.0703303896706058,-0.16194116550406448,-0.16194116550406448,True,1.0,0.16194116550406448,54.96062992125984,69.33333333333334,53.44540682414698
"Borucki, Ryan",SI,156,0.890054299406114,-0.1998702359632345,-0.1998702359632345,True,1.0,0.1998702359632345,56.5748031496063,52.0,53.42834645669292
"Lopez, Jacob",SI,103,0.8841486352783052,-0.28167430312414826,-0.28167430312414826,True,1.0,0.28167430312414826,59.92125984251968,34.333333333333336,53.419225721784784
"Ashby, Aaron",FF,51,0.9033984305992633,-0.5117535028112974,-0.5117535028112974,True,1.0,0.5117535028112974,70.0,17.0,53.41633858267716
"Arias, Luarbert",SL,96,0.9554088374804793,-0.29576119993474453,-0.29576119993474453,True,1.0,0.29576119993474453,60.590551181102356,32.0,53.40236220472441
"Senzatela, Antonio",CU,339,1.0741501515160639,-0.13270021513797747,-0.13270021513797747,True,1.5,0.13270021513797747,53.38582677165354,100.0,53.38582677165354
"Assad, Javier",ST,73,0.9822943001027893,-0.3667083458736264,-0.3667083458736264,True,1.0,0.3667083458736264,63.74015748031496,24.333333333333336,53.358333333333334
"Ribalta, Orlando",SI,95,0.8831701957493134,-0.295227449935468,-0.295227449935468,True,1.0,0.295227449935468,60.55118110236221,31.666666666666664,53.35465879265092
"Skenes, Paul",CU,144,1.0645862109415538,-0.20591386639636286,-0.20591386639636286,True,1.0,0.20591386639636286,56.92913385826772,48.0,53.33622047244094
"Cameron, Noah",SL,306,0.9707685197896658,-0.13200463446661767,-0.13200463446661767,True,1.0,0.13200463446661767,53.30708661417323,100.0,53.30708661417323
"Koenig, Jared",SI,627,0.8950118168088625,-0.13119970580961568,-0.13119970580961568,True,1.0,0.13119970580961568,53.267716535433074,100.0,53.267716535433074
"Yoho, Craig",CH,81,0.9400854589444666,-0.3215397545209591,-0.3215397545209591,True,1.0,0.3215397545209591,61.88976377952756,27.0,53.224606299212596
"Chavez, Jesse",SI,59,0.8738466237096935,-0.42437568742449705,-0.42437568742449705,True,1.0,0.42437568742449705,66.25984251968504,19.666666666666664,53.21358267716536
"Flexen, Chris",CU,115,1.059526117141496,-0.2446497765503349,-0.2446497765503349,True,1.0,0.2446497765503349,58.30708661417323,38.333333333333336,53.19652230971129
"Taylor, Grant",CU,132,1.0637480232108412,-0.21233034125077682,-0.21233034125077682,True,1.0,0.21233034125077682,57.16535433070866,44.0,53.16377952755906
"Wheeler, Zack",SI,409,0.8950976652977133,-0.13001054987463123,-0.13001054987463123,True,1.0,0.13001054987463123,53.14960629921261,100.0,53.14960629921261
"Lynch IV, Daniel",KC,107,1.052792319740935,-0.2563041918772786,-0.2563041918772786,True,1.0,0.2563041918772786,58.740157480314956,35.66666666666667,53.129986876640416
"Montas, Frankie",FC,72,0.9014575402531089,-0.34631838475986887,-0.34631838475986887,True,1.0,0.34631838475986887,62.952755905511815,24.0,53.1236220472441
"Festa, Matt",FC,118,0.9103330379003678,-0.23173028380623145,-0.23173028380623145,True,1.0,0.23173028380623145,57.874015748031496,39.33333333333333,53.109055118110234
"McLean, Nolan",ST,190,1.002094401523269,-0.15633039323807388,-0.15633039323807388,True,1.0,0.15633039323807388,54.881889763779526,63.33333333333333,53.099081364829395
"García, Yimi",SI,54,0.8726464872271478,-0.44099973567643463,-0.44099973567643463,True,1.0,0.44099973567643463,67.08661417322834,18.0,53.09173228346457
"Pfaadt, Brandon",FF,682,0.9303713445019828,-0.12981382089000906,-0.12981382089000906,True,1.0,0.12981382089000906,53.07086614173229,100.0,53.07086614173229
"Thompson, Ryan",FF,50,0.9067935964620301,-0.4636775487496779,-0.4636775487496779,True,1.0,0.4636775487496779,68.18897637795276,16.666666666666664,53.04790026246719
"Ramírez, Erasmo",SI,51,0.871705423590662,-0.45403515917085113,-0.45403515917085113,True,1.0,0.45403515917085113,67.75590551181102,17.0,53.03484251968504
"Anderson, Nick",CH,51,0.9256371113396934,-0.45380905964305424,-0.45380905964305424,True,1.0,0.45380905964305424,67.71653543307087,17.0,53.028149606299216
"Hjelle, Sean",SI,127,0.889263800781776,-0.2108200633080464,-0.2108200633080464,True,1.0,0.2108200633080464,57.12598425196851,42.333333333333336,53.028018372703414
"Roycroft, Chris",FF,112,0.9227174848152097,-0.2381933880654176,-0.2381933880654176,True,1.0,0.2381933880654176,58.07086614173228,37.333333333333336,53.02545931758531
"Chapman, Aroldis",SL,142,0.9650601675607506,-0.19286397625980012,-0.19286397625980012,True,1.0,0.19286397625980012,56.33858267716535,47.333333333333336,53.01062992125984
"Gómez, Yoendrys",SI,212,0.8942539917415351,-0.14169694563941984,-0.14169694563941984,True,1.0,0.14169694563941984,54.212598425196845,70.66666666666667,52.98267716535433
"Martin, Davis",ST,98,0.992187568945529,-0.26159142754027287,-0.26159142754027287,True,1.0,0.26159142754027287,59.055118110236215,32.666666666666664,52.971259842519686
"Gibson, Cade",ST,129,0.997598076177488,-0.20410427583295512,-0.20410427583295512,True,1.0,0.20410427583295512,56.85039370078741,43.0,52.956889763779536
"Kelly, Kevin",ST,116,0.9954382082079468,-0.22705307754591975,-0.22705307754591975,True,1.0,0.22705307754591975,57.598425196850386,38.666666666666664,52.9501312335958
"Ashcraft, Braxton",SI,163,0.8924482863208184,-0.16670921256018353,-0.16670921256018353,True,1.0,0.16670921256018353,55.23622047244095,54.333333333333336,52.85400262467192
"Rogers, Taylor",ST,462,1.004970093558051,-0.12577589304434855,-0.12577589304434855,True,1.0,0.12577589304434855,52.83464566929133,100.0,52.83464566929133
"Funderburk, Kody",SL,78,0.9551376036594504,-0.29865294717771473,-0.29865294717771473,True,1.0,0.29865294717771473,60.78740157480315,26.0,52.81929133858267
"Avila, Luinder",FF,63,0.9145972092870623,-0.35317745925325866,-0.35317745925325866,True,1.0,0.35317745925325866,63.267716535433074,21.0,52.80177165354331
"Martin, Corbin",CU,67,1.048384422385388,-0.329941414233149,-0.329941414233149,True,1.0,0.329941414233149,62.44094488188976,22.333333333333332,52.793766404199474
"Lively, Ben",FC,58,0.8991102447839604,-0.37662340436289576,-0.37662340436289576,True,1.0,0.37662340436289576,64.29133858267716,19.333333333333332,52.778871391076116
"Schlittler, Cam",CU,208,1.0733744003874597,-0.13863872679543146,-0.13863872679543146,True,1.0,0.13863872679543146,53.976377952755904,69.33333333333334,52.762992125984255
"Richardson, Lyon",CU,65,1.048020972538939,-0.332723686885359,-0.332723686885359,True,1.0,0.332723686885359,62.67716535433071,21.666666666666668,52.76213910761155
"Robert, Daniel",ST,106,0.995240490183941,-0.22915385027461224,-0.22915385027461224,True,1.0,0.22915385027461224,57.716535433070874,35.333333333333336,52.739238845144364
"Beeks, Jalen",FF,480,0.9307424684053551,-0.1245586620992812,-0.1245586620992812,True,1.0,0.1245586620992812,52.67716535433071,100.0,52.67716535433071
"McCullers Jr., Lance",KC,188,1.0659021370788657,-0.1435761684524851,-0.1435761684524851,True,1.0,0.1435761684524851,54.25196850393701,62.66666666666667,52.671916010498684
"Long, Sam",FS,73,0.9977967013730188,-0.2999778400620614,-0.2999778400620614,True,1.0,0.2999778400620614,60.86614173228347,24.333333333333336,52.658989501312334
"Soto, Gregory",FF,72,0.9183190753973518,-0.3004753906727388,-0.3004753906727388,True,1.0,0.3004753906727388,60.90551181102363,24.0,52.63228346456693
"Barlow, Scott",CU,209,1.073700557308371,-0.13614193806310068,-0.13614193806310068,True,1.0,0.13614193806310068,53.7007874015748,69.66666666666667,52.58418635170603
"Stratton, Chris",CU,86,1.057766188395501,-0.25812234138331863,-0.25812234138331863,True,1.0,0.25812234138331863,58.89763779527559,28.666666666666668,52.56469816272967
"Farris, Mitch",SL,95,0.9608588180046407,-0.23765647650755067,-0.23765647650755067,True,1.0,0.23765647650755067,58.031496062992126,31.666666666666664,52.55675853018373
"Bergert, Ryan",SI,86,0.8858954424812779,-0.25747788242418423,-0.25747788242418423,True,1.0,0.25747788242418423,58.85826771653543,28.666666666666668,52.55341207349082
"Harrison, Kyle",SV,161,1.0456949887520703,-0.15397686219395848,-0.15397686219395848,True,1.0,0.15397686219395848,54.645669291338585,53.666666666666664,52.50229658792651
"Johnson, Ryan",SI,60,0.8807335089729788,-0.32897994320083623,-0.32897994320083623,True,1.0,0.32897994320083623,62.32283464566929,20.0,52.480314960629926
"Suter, Brent",SI,258,0.8954108838258518,-0.12567191006082426,-0.12567191006082426,True,1.0,0.12567191006082426,52.795275590551185,86.0,52.40669291338583
"Pop, Zach",SI,70,0.8837500149931906,-0.2871959108332066,-0.2871959108332066,True,1.0,0.2871959108332066,60.15748031496063,23.333333333333332,52.385170603674545
"Herget, Jimmy",CH,71,0.9443921739644121,-0.28211336344639143,-0.28211336344639143,True,1.0,0.28211336344639143,59.960629921259844,23.666666666666668,52.372375328084
"Maldonado, Anthony",FF,62,0.917524082257145,-0.3117325884747747,-0.3117325884747747,True,1.0,0.3117325884747747,61.2992125984252,20.666666666666668,52.350787401574806
"Pérez, Martín",CU,75,1.0566611837325568,-0.2665813468948442,-0.2665813468948442,True,1.0,0.2665813468948442,59.29133858267717,25.0,52.33759842519686
"Keller, Brad",SL,211,0.9708949598107486,-0.1306565998410678,-0.1306565998410678,True,1.0,0.1306565998410678,53.22834645669291,70.33333333333334,52.276443569553805
"Henriquez, Ronny",CH,192,0.9604116140758528,-0.13546128461038084,-0.13546128461038084,True,1.0,0.13546128461038084,53.54330708661418,64.0,52.2748031496063
"Alexander, Scott",SL,65,0.9559443575093991,-0.2900517771153127,-0.2900517771153127,True,1.0,0.2900517771153127,60.31496062992125,21.666666666666668,52.2503280839895
"Strahm, Matt",SI,155,0.8940424162538083,-0.1446276465788966,-0.1446276465788966,True,1.0,0.1446276465788966,54.330708661417326,51.66666666666667,52.24704724409449
"Shuster, Jared",CH,102,0.9537398064660009,-0.1965392279574726,-0.1965392279574726,True,1.0,0.1965392279574726,56.45669291338583,34.0,52.20826771653543
"Romero, JoJo",CH,223,0.9613793866467869,-0.12660168287769671,-0.12660168287769671,True,1.0,0.12660168287769671,52.91338582677165,74.33333333333333,52.170669291338584
"Pagán, Emilio",FF,654,0.9318994581920751,-0.10817554855360498,-0.10817554855360498,True,1.0,0.10817554855360498,52.16535433070866,100.0,52.16535433070866
"Dobbins, Hunter",CU,112,1.0678867809057673,-0.18064742141678336,-0.18064742141678336,True,1.0,0.18064742141678336,55.70866141732284,37.333333333333336,52.14356955380578
"Cruz, Omar",FF,50,0.9159774581340008,-0.3336329707536776,-0.3336329707536776,True,1.0,0.3336329707536776,62.71653543307087,16.666666666666664,52.13582677165354
"Hancock, Emerson",SI,580,0.8967682790027335,-0.10686954612504587,-0.10686954612504587,True,1.0,0.10686954612504587,52.125984251968504,100.0,52.125984251968504
"Wrobleski, Justin",CU,95,1.065281873439813,-0.20058844732414122,-0.20058844732414122,True,1.0,0.20058844732414122,56.653543307086615,31.666666666666664,52.12040682414698
"Garcia, Luis",FF,52,0.9167489563903105,-0.32270846331334285,-0.32270846331334285,True,1.0,0.32270846331334285,61.96850393700788,17.333333333333336,52.090813648293974
"Bassitt, Chris",SI,1219,0.896770224089293,-0.10684260317873155,-0.10684260317873155,True,1.0,0.10684260317873155,52.086614173228355,100.0,52.086614173228355
"Castro, Miguel",FF,50,0.9162743194879058,-0.329429378531712,-0.329429378531712,True,1.0,0.329429378531712,62.40157480314961,16.666666666666664,52.08333333333333
"Ray, Robbie",KC,370,1.0703950176822647,-0.10494301767323026,-0.10494301767323026,True,1.0,0.10494301767323026,52.047244094488185,100.0,52.047244094488185
"Guerrero, Luis",SL,124,0.9684930920567578,-0.15626400539703617,-0.15626400539703617,True,1.0,0.15626400539703617,54.84251968503937,41.333333333333336,52.01312335958005
"Springs, Jeffrey",ST,174,1.0042537194082524,-0.13338743622562693,-0.13338743622562693,True,1.0,0.13338743622562693,53.4251968503937,57.99999999999999,51.994881889763775
"King, Michael",SI,363,0.896963836985397,-0.10416071643181535,-0.10416071643181535,True,1.0,0.10416071643181535,51.96850393700787,100.0,51.96850393700787
"Assad, Javier",FC,124,0.9162411733821437,-0.15545264260347694,-0.15545264260347694,True,1.0,0.15545264260347694,54.7244094488189,41.333333333333336,51.96430446194226
"Phillips, Tyler",FF,99,0.9266591025263805,-0.18237961057406074,-0.18237961057406074,True,1.0,0.18237961057406074,55.86614173228347,33.0,51.9490157480315
"Sandlin, Nick",FS,57,0.9999823525006303,-0.2827801366046542,-0.2827801366046542,True,1.0,0.2827801366046542,60.0,19.0,51.915944881889764
"Vasil, Mike",FF,231,0.9312510631414995,-0.11735689989997179,-0.11735689989997179,True,1.0,0.11735689989997179,52.44094488188976,77.0,51.88405511811024
"Lively, Ben",CH,56,0.9446069983755029,-0.2801467250213266,-0.2801467250213266,True,1.0,0.2801467250213266,59.80314960629921,18.666666666666668,51.845931758530185
"Vasil, Mike",FC,90,0.9138193208812633,-0.18672023906905824,-0.18672023906905824,True,1.0,0.18672023906905824,56.06299212598426,30.0,51.832677165354326
"Adams, Travis",SL,133,0.9700766952064411,-0.1393804912958658,-0.1393804912958658,True,1.0,0.1393804912958658,54.01574803149606,44.333333333333336,51.791272965879266
"Tidwell, Blade",ST,67,0.9948604657796302,-0.23319164555821456,-0.23319164555821456,True,1.5,0.23319164555821456,57.91338582677166,22.333333333333332,51.78261154855643
"Barnes, Jacob",FF,54,0.9198757201314117,-0.27843311534662546,-0.27843311534662546,True,1.0,0.27843311534662546,59.76377952755906,18.0,51.7736220472441
"Varland, Louis",SI,66,0.8879447350891395,-0.22909149496667866,-0.22909149496667866,True,1.0,0.22909149496667866,57.677165354330704,22.0,51.70433070866142
"Sandlin, Nick",FF,60,0.9220021018213409,-0.24832329668840036,-0.24832329668840036,True,1.0,0.24832329668840036,58.425196850393704,20.0,51.70078740157481
"Crochet, Garrett",FF,1132,0.9327747612403607,-0.09578115286270235,-0.09578115286270235,True,1.0,0.09578115286270235,51.69291338582676,100.0,51.69291338582676
"Kelly, Michael",SL,94,0.9671824544582017,-0.17023730949230215,-0.17023730949230215,True,1.0,0.17023730949230215,55.354330708661415,31.333333333333336,51.69120734908137
"Legumina, Casey",CH,92,0.9565391289168276,-0.1709124611110544,-0.1709124611110544,True,1.0,0.1709124611110544,55.39370078740158,30.666666666666664,51.66771653543307
"Javier, Cristian",SI,59,0.8867685848550886,-0.24538329054722507,-0.24538329054722507,True,1.0,0.24538329054722507,58.346456692913385,19.666666666666664,51.65728346456693
"Gonsolin, Tony",SL,98,0.9683385482616407,-0.15791166715158023,-0.15791166715158023,True,1.0,0.15791166715158023,54.92125984251969,32.666666666666664,51.620866141732286
"Wilson, Bryse",FF,151,0.9303444311044583,-0.13019491781290707,-0.13019491781290707,True,1.0,0.13019491781290707,53.188976377952756,50.33333333333333,51.61489501312336
"Okert, Steven",FF,435,0.9328269733836771,-0.09504182267825802,-0.09504182267825802,True,1.0,0.09504182267825802,51.61417322834646,100.0,51.61417322834646
"Saalfrank, Andrew",CU,191,1.0757816531111328,-0.12021078278754711,-0.12021078278754711,True,1.0,0.12021078278754711,52.51968503937008,63.66666666666667,51.61135170603675
"Snider, Collin",FC,105,0.9164955752105456,-0.1521681594618803,-0.1521681594618803,True,1.0,0.1521681594618803,54.52755905511811,35.0,51.597440944881896
"Miller, Erik",SI,84,0.8914820554522843,-0.18009324747173852,-0.18009324747173852,True,1.0,0.18009324747173852,55.62992125984252,28.000000000000004,51.59055118110236
"Gusto, Ryan",CU,263,1.0782057968809993,-0.10165353484309497,-0.10165353484309497,True,1.0,0.10165353484309497,51.811023622047244,87.66666666666667,51.59009186351706
"Brebbia, John",SL,199,0.9724968950014317,-0.11357763950528704,-0.11357763950528704,True,1.0,0.11357763950528704,52.362204724409445,66.33333333333333,51.57355643044619
"Blewett, Scott",FS,135,1.0189255224247902,-0.13372660524121388,-0.13372660524121388,True,1.0,0.13372660524121388,53.46456692913386,45.0,51.569881889763785
"Anderson, Shaun",FF,60,0.92330004368514,-0.22994428489903065,-0.22994428489903065,True,1.0,0.22994428489903065,57.75590551181102,20.0,51.566929133858274
"Newcomb, Sean",CH,107,0.959519060647751,-0.1436322827721614,-0.1436322827721614,True,1.0,0.1436322827721614,54.29133858267716,35.66666666666667,51.54324146981627
"Stewart, Brock",CH,66,0.9533102216675038,-0.2004719186943326,-0.2004719186943326,True,1.0,0.2004719186943326,56.61417322834645,22.0,51.47047244094489
"Feltner, Ryan",ST,64,0.9978612015634434,-0.20130854368955897,-0.20130854368955897,True,1.0,0.20130854368955897,56.732283464566926,21.333333333333336,51.451706036745406
"Casparius, Ben",ST,406,1.0083762461622525,-0.08958519906663995,-0.08958519906663995,True,1.0,0.08958519906663995,51.417322834645674,100.0,51.417322834645674
"Curtiss, John",FF,291,0.9331513766213433,-0.0904482340932313,-0.0904482340932313,True,1.0,0.0904482340932313,51.45669291338583,97.0,51.41358267716536
"Spiers, Carson",ST,56,0.9958702665461878,-0.22246241678676593,-0.22246241678676593,True,1.0,0.22246241678676593,57.44094488188976,18.666666666666668,51.40498687664042
"McDonald, Trevor",SI,82,0.8927089929633475,-0.16309795678383132,-0.16309795678383132,True,1.0,0.16309795678383132,55.039370078740156,27.333333333333332,51.39173228346457
"Dubin, Shawn",CU,80,1.0699680962544842,-0.16471458547823598,-0.16471458547823598,True,1.0,0.16471458547823598,55.15748031496063,26.666666666666668,51.38976377952756
"Estévez, Carlos",CH,163,0.9621893482290671,-0.11918678266942646,-0.11918678266942646,True,1.0,0.11918678266942646,52.480314960629926,54.333333333333336,51.35662729658793
"Murphy, Chris",CU,177,1.0771360286122837,-0.10984279954448478,-0.10984279954448478,True,1.0,0.10984279954448478,52.20472440944882,59.0,51.308858267716545
"Veneziano, Anthony",ST,130,1.0047797108532257,-0.12779872731210326,-0.12779872731210326,True,1.0,0.12779872731210326,52.99212598425197,43.333333333333336,51.30774278215223
"Blubaugh, AJ",CH,98,0.9601318258635921,-0.13802264272754378,-0.13802264272754378,True,1.0,0.13802264272754378,53.818897637795274,32.666666666666664,51.26076115485564
"Hamilton, Ian",FF,83,0.929259056726255,-0.1455639486217994,-0.1455639486217994,True,1.0,0.1455639486217994,54.37007874015748,27.666666666666668,51.2232939632546
"Seymour, Carson",FF,136,0.9308840005934141,-0.12255454941483619,-0.12255454941483619,True,1.0,0.12255454941483619,52.63779527559055,45.33333333333333,51.20656167979003
"Santillan, Tony",SV,280,1.0543167570797294,-0.08802500499762377,-0.08802500499762377,True,1.0,0.08802500499762377,51.25984251968504,93.33333333333333,51.177165354330704
"Bernardino, Brennan",CH,104,0.9607498892615299,-0.13236449977563794,-0.13236449977563794,True,1.0,0.13236449977563794,53.34645669291339,34.66666666666667,51.17296587926509
"Ferguson, Caleb",FC,260,0.9214058519117759,-0.08877348518976824,-0.08877348518976824,True,1.0,0.08877348518976824,51.338582677165356,86.66666666666667,51.16272965879265
"Schmidt, Clarke",FF,93,0.9299459036101105,-0.13583811472433632,-0.13583811472433632,True,1.0,0.13583811472433632,53.66141732283465,31.0,51.148622047244096
"Bassitt, Chris",SL,83,0.9699890530449803,-0.14031488427757788,-0.14031488427757788,True,1.0,0.14031488427757788,54.09448818897638,27.666666666666668,51.147047244094495
"Vesia, Alex",FF,610,0.9333900423658312,-0.08706869865023115,-0.08706869865023115,True,1.0,0.08706869865023115,51.14173228346457,100.0,51.14173228346457
"Bido, Osvaldo",FC,94,0.917780923340275,-0.13557352926720226,-0.13557352926720226,True,1.0,0.13557352926720226,53.58267716535433,31.333333333333336,51.136089238845145
"Nelson, Ryne",CH,70,0.9581498669230766,-0.15616674743858433,-0.15616674743858433,True,2.0,0.15616674743858433,54.803149606299215,23.333333333333332,51.13582677165355
"Woodruff, Brandon",CH,170,0.9639204275404709,-0.10333938863559419,-0.10333938863559419,True,1.0,0.10333938863559419,51.92913385826772,56.666666666666664,51.10170603674541
"Rocker, Kumar",CH,69,0.9584809495265756,-0.15313580804670807,-0.15313580804670807,True,1.0,0.15313580804670807,54.60629921259843,23.0,51.074606299212604
"Harris, Hogan",CU,256,1.0800752665081803,-0.08734241525214244,-0.08734241525214244,True,1.0,0.08734241525214244,51.22047244094489,85.33333333333334,51.044356955380586
"Hall, DL",FC,106,0.9186118153609851,-0.1248462052866574,-0.1248462052866574,True,1.5,0.1248462052866574,52.75590551181102,35.333333333333336,50.98648293963255
"Hill, Jaden",FF,111,0.9309452116442681,-0.1216877936250257,-0.1216877936250257,True,1.0,0.1216877936250257,52.59842519685039,37.0,50.9738188976378
"Gilbert, Tyler",FF,102,0.930734366568894,-0.12467338507107854,-0.12467338507107854,True,1.0,0.12467338507107854,52.71653543307087,34.0,50.93661417322834
"Flexen, Chris",FF,277,0.933460618123673,-0.08606933749115687,-0.08606933749115687,True,1.0,0.08606933749115687,50.98425196850393,92.33333333333333,50.91030183727034
"Weathers, Ryan",ST,120,1.006450170866112,-0.11004993148487141,-0.11004993148487141,True,1.0,0.11004993148487141,52.24409448818898,40.0,50.909448818897644
"Rogers, Trevor",FC,191,0.9213879677572917,-0.08900438055822592,-0.08900438055822592,True,1.0,0.08900438055822592,51.37795275590551,63.66666666666667,50.88444881889764
"Varland, Louis",CH,88,0.9612954582461891,-0.12737001649831164,-0.12737001649831164,True,1.0,0.12737001649831164,52.95275590551181,29.333333333333332,50.88005249343832
"Murfee, Penn",FF,82,0.9303656829354213,-0.12989398934861376,-0.12989398934861376,True,1.0,0.12989398934861376,53.11023622047244,27.333333333333332,50.86443569553806
"Hart, Kyle",CH,95,0.9620243092112706,-0.12069765414062274,-0.12069765414062274,True,1.0,0.12069765414062274,52.55905511811023,31.666666666666664,50.82381889763779
"Gibson, Kyle",SI,100,0.896305844409075,-0.11327509675211869,-0.11327509675211869,True,1.0,0.11327509675211869,52.32283464566929,33.33333333333333,50.787401574803155
"Kahnle, Tommy",CH,928,0.9669475777233774,-0.07562694274586619,-0.07562694274586619,True,1.0,0.07562694274586619,50.78740157480315,100.0,50.78740157480315
"Jobe, Jackson",SL,268,0.9757914653968779,-0.0784527246931774,-0.0784527246931774,True,1.0,0.0784527246931774,50.86614173228347,89.33333333333333,50.77585301837271
"Horn, Bailey",ST,73,1.0047445687741097,-0.12817211523061872,-0.12817211523061872,True,1.0,0.12817211523061872,53.031496062992126,24.333333333333336,50.75255905511811
"Freeland, Kyle",KC,648,1.0739377385195783,-0.07448005184832102,-0.07448005184832102,True,1.0,0.07448005184832102,50.74803149606299,100.0,50.74803149606299
"Suarez, José",FF,123,0.9326299125875918,-0.09783222708348699,-0.09783222708348699,True,1.0,0.09783222708348699,51.73228346456693,41.0,50.72185039370079
"Vodnik, Victor",SL,118,0.9738282057706444,-0.09938392932635812,-0.09938392932635812,True,1.0,0.09938392932635812,51.77165354330708,39.33333333333333,50.70879265091863
"Fisher, Braydon",SL,378,0.9762790790683488,-0.07325405335948604,-0.07325405335948604,True,1.0,0.07325405335948604,50.70866141732283,100.0,50.70866141732283
"Alexander, Scott",SI,204,0.8982618601885036,-0.08618076108972905,-0.08618076108972905,True,1.0,0.08618076108972905,51.023622047244096,68.0,50.70236220472441
"Hatch, Thomas",SI,103,0.8969457067781398,-0.10441185240230211,-0.10441185240230211,True,1.0,0.10441185240230211,52.00787401574804,34.333333333333336,50.70229658792651
"Barlow, Scott",SI,187,0.8982563638613273,-0.0862568951040814,-0.0862568951040814,True,1.0,0.0862568951040814,51.06299212598425,62.33333333333333,50.67001312335958
"Anderson, Tyler",FF,892,0.9343990256351358,-0.07278137506583991,-0.07278137506583991,True,1.0,0.07278137506583991,50.66929133858268,100.0,50.66929133858268
"Santana, Dennis",FC,103,0.920291005314749,-0.10316683635553504,-0.10316683635553504,True,1.0,0.10316683635553504,51.88976377952756,34.333333333333336,50.66174540682415
"Hoeing, Bryan",FS,51,1.0183799671445926,-0.1380192838896652,-0.1380192838896652,True,1.0,0.1380192838896652,53.77952755905512,17.0,50.65885826771654
"Matthews, Zebby",CH,143,0.9655649585677711,-0.08828431229171771,-0.08828431229171771,True,1.0,0.08828431229171771,51.29921259842519,47.66666666666667,50.62959317585302
"Payamps, Joel",SI,70,0.8960361392992257,-0.11701099748102534,-0.11701099748102534,True,1.0,0.11701099748102534,52.40157480314961,23.333333333333332,50.575459317585306
"Swanson, Erik",FS,56,1.0198968985175145,-0.12608337353911497,-0.12608337353911497,True,1.0,0.12608337353911497,52.874015748031496,18.666666666666668,50.55249343832021
"Ohtani, Shohei",FC,69,0.9195126778429797,-0.11321551987218673,-0.11321551987218673,True,1.0,0.11321551987218673,52.28346456692914,23.0,50.54035433070867
"Detmers, Reid",SL,338,0.9764631598517247,-0.07129148432664226,-0.07129148432664226,True,1.0,0.07129148432664226,50.511811023622045,100.0,50.511811023622045
"Criswell, Cooper",SI,77,0.8971203310119584,-0.10199299277160319,-0.10199299277160319,True,1.0,0.10199299277160319,51.8503937007874,25.666666666666664,50.489566929133865
"Long, Sam",SI,85,0.8978738909264845,-0.09155483297728112,-0.09155483297728112,True,1.0,0.09155483297728112,51.574803149606296,28.333333333333332,50.460301837270336
"Bello, Brayan",SI,955,0.899404089710948,-0.07035882835785763,-0.07035882835785763,True,1.0,0.07035882835785763,50.433070866141726,100.0,50.433070866141726
"Altavilla, Dan",SL,114,0.9749955961673938,-0.08693784886167168,-0.08693784886167168,True,1.0,0.08693784886167168,51.10236220472441,38.0,50.431102362204726
"Contreras, Roansy",FF,83,0.9331267649885132,-0.09079673775318382,-0.09079673775318382,True,1.0,0.09079673775318382,51.49606299212598,27.666666666666668,50.428149606299215
"Hanifee, Brenan",SI,598,0.899426531855387,-0.07004796430409602,-0.07004796430409602,True,1.0,0.07004796430409602,50.39370078740157,100.0,50.39370078740157
"Lively, Ben",SI,175,0.899289669120522,-0.07194375927523304,-0.07194375927523304,True,1.0,0.07194375927523304,50.59055118110236,58.333333333333336,50.352690288713916
"Kranick, Max",CU,63,1.0795282172400518,-0.09153017384661381,-0.09153017384661381,True,1.0,0.09153017384661381,51.53543307086614,21.0,50.33799212598426
"Shugart, Chase",ST,199,1.0101501218892632,-0.07073760148350718,-0.07073760148350718,True,1.0,0.07073760148350718,50.47244094488189,66.33333333333333,50.32001312335959
"Cruz, Fernando",SL,52,0.9742128428055994,-0.09528313879383556,-0.09528313879383556,True,1.0,0.09528313879383556,51.653543307086615,17.333333333333336,50.30288713910762
"Lord, Brad",CH,278,0.9675941211700333,-0.0697080754290131,-0.0697080754290131,True,1.0,0.0697080754290131,50.31496062992126,92.66666666666666,50.29330708661417
"Woods Richardson, Simeon",CH,80,0.9661167357749564,-0.08323299502188045,-0.08323299502188045,True,1.0,0.08323299502188045,50.944881889763785,26.666666666666668,50.26640419947507
"Gillispie, Connor",FC,117,0.9226761858846928,-0.07237269693893822,-0.07237269693893822,True,1.0,0.07237269693893822,50.629921259842526,39.0,50.25767716535434
"Warren, Will",SI,614,0.8995778872550575,-0.06795141986610322,-0.06795141986610322,True,1.0,0.06795141986610322,50.23622047244094,100.0,50.23622047244094
"Abner, Philip",FF,52,0.9333743953611416,-0.087290262105174,-0.087290262105174,True,1.0,0.087290262105174,51.181102362204726,17.333333333333336,50.22099737532809
"Pérez, Eury",FF,859,0.934822979969039,-0.06677813106987665,-0.06677813106987665,True,1.0,0.06677813106987665,50.196850393700785,100.0,50.196850393700785
"Scholtens, Jesse",FF,59,0.9341284823440886,-0.07661230037487989,-0.07661230037487989,True,1.0,0.07661230037487989,50.82677165354331,19.666666666666664,50.17841207349082
"Klein, Will",FC,51,0.9218800382540622,-0.08265144960142994,-0.08265144960142994,True,1.0,0.08265144960142994,50.905511811023615,17.0,50.17027559055118
"Bivens, Spencer",FF,81,0.934496863534543,-0.07139597872660097,-0.07139597872660097,True,1.0,0.07139597872660097,50.55118110236221,27.0,50.16318897637795
"McCullers Jr., Lance",ST,367,1.0106313573589747,-0.06562442904547158,-0.06562442904547158,True,1.0,0.06562442904547158,50.15748031496064,100.0,50.15748031496064
"Bivens, Spencer",SI,486,0.8997835563061792,-0.06510253369398586,-0.06510253369398586,True,1.0,0.06510253369398586,50.11811023622047,100.0,50.11811023622047
"Veneziano, Anthony",SI,56,0.899447326888624,-0.06975991570215706,-0.06975991570215706,True,1.0,0.06975991570215706,50.35433070866142,18.666666666666668,50.08215223097113
"Greene, Hunter",SL,611,0.9771390517048172,-0.06408549358657904,-0.06408549358657904,True,1.0,0.06408549358657904,50.07874015748032,100.0,50.07874015748032
"Wicks, Jordan",CH,53,0.9677362296768534,-0.06840712434704867,-0.06840712434704867,True,1.0,0.06840712434704867,50.275590551181104,17.666666666666668,50.06489501312336
"Garrett, Reed",FC,276,0.9233851190417249,-0.0632199364520412,-0.0632199364520412,True,1.0,0.0632199364520412,50.039370078740156,92.0,50.03779527559055
"Lodolo, Nick",CU,716,1.083270428399804,-0.06288288765209708,-0.06288288765209708,True,1.0,0.06288288765209708,50.0,100.0,50.0
"McCormick, Chas",FA,50,1.0777584726267122,-0.06032714818095415,-0.06032714818095415,True,1.0,0.06032714818095415,49.84251968503937,16.666666666666664,49.99015748031496
"Kelly, Zack",FC,186,0.9235461349860983,-0.0611411221677857,-0.0611411221677857,True,1.0,0.0611411221677857,49.960629921259844,62.0,49.98307086614173
"Petty, Chase",SL,54,0.9780329389399827,-0.0545553548376187,-0.0545553548376187,True,1.0,0.0545553548376187,49.52755905511811,18.0,49.93110236220473
"Bender, Anthony",SI,210,0.9001073363222272,-0.06061759828199274,-0.06061759828199274,True,1.5,0.06061759828199274,49.88188976377953,70.0,49.923228346456696
"Sánchez, Cristopher",CH,1163,0.9685426992493821,-0.06102419220294334,-0.06102419220294334,True,1.0,0.06102419220294334,49.92125984251968,100.0,49.92125984251968
"Santos, Gregory",SL,81,0.9778317244797811,-0.05670059379906718,-0.05670059379906718,True,1.0,0.05670059379906718,49.645669291338585,27.0,49.918700787401576
"Hoeing, Bryan",SI,61,0.9005616604817454,-0.054324391751156595,-0.054324391751156595,True,1.0,0.054324391751156595,49.48818897637795,20.333333333333332,49.911614173228344
"Sterner, Justin",ST,171,1.0113977431128187,-0.05748150783517939,-0.05748150783517939,True,1.0,0.05748150783517939,49.803149606299215,56.99999999999999,49.89625984251968
"Simpson, Josh",CU,145,1.0840071267658673,-0.057243331777050065,-0.057243331777050065,True,1.0,0.057243331777050065,49.76377952755905,48.333333333333336,49.89599737532808
"Roberts, Ethan",FC,52,0.9243310616818897,-0.05100723863435558,-0.05100723863435558,True,1.0,0.05100723863435558,49.25196850393701,17.333333333333336,49.88661417322835
"Lazar, Max",FC,99,0.9239037285733523,-0.05652437032972991,-0.05652437032972991,True,1.0,0.05652437032972991,49.60629921259843,33.0,49.883267716535435
"Rasmussen, Drew",ST,109,1.0117148146163628,-0.0541125930837787,-0.0541125930837787,True,1.0,0.0541125930837787,49.40944881889764,36.333333333333336,49.79796587926509
"Burnes, Corbin",CH,73,0.970508660096862,-0.04302654414611599,-0.04302654414611599,True,1.0,0.04302654414611599,48.976377952755904,24.333333333333336,49.765813648293964
"De los Santos, Yerry",SL,56,0.9797693422094154,-0.03604276909879394,-0.03604276909879394,True,1.0,0.03604276909879394,48.54330708661417,18.666666666666668,49.74409448818898
"Nelson, Ryne",FF,1526,0.9354985843896579,-0.05721149179439914,-0.05721149179439914,True,1.0,0.05721149179439914,49.724409448818896,100.0,49.724409448818896
"Casparius, Ben",FC,274,0.9238666400411236,-0.057003205956097265,-0.057003205956097265,True,1.0,0.057003205956097265,49.68503937007874,91.33333333333333,49.71404199475066
"Verlander, Justin",ST,206,1.011568248679749,-0.055669870039896985,-0.055669870039896985,True,1.0,0.055669870039896985,49.56692913385827,68.66666666666667,49.70879265091864
"Silseth, Chase",ST,69,1.013180391815593,-0.03854069655376908,-0.03854069655376908,True,1.0,0.03854069655376908,48.661417322834644,23.0,49.70728346456693
"Messick, Parker",CH,146,0.9693654584028009,-0.05349213494058943,-0.05349213494058943,True,1.0,0.05349213494058943,49.37007874015748,48.66666666666667,49.70354330708662
"Abbott, Andrew",FC,115,0.9245319812483893,-0.04841324419205785,-0.04841324419205785,True,1.0,0.04841324419205785,49.173228346456696,38.333333333333336,49.695209973753286
"Poulin, PJ",FF,186,0.9357127725910225,-0.05417856128509227,-0.05417856128509227,True,1.0,0.05417856128509227,49.4488188976378,62.0,49.665748031496065
"Effross, Scott",ST,52,1.0149789604632675,-0.019430734350197494,-0.019430734350197494,True,1.0,0.019430734350197494,47.874015748031496,17.333333333333336,49.647769028871394
"Selby, Colin",KC,56,1.0802080458292873,-0.02056325567417227,-0.02056325567417227,True,1.0,0.02056325567417227,47.952755905511815,18.666666666666668,49.63385826771654
"Feltner, Ryan",SI,65,0.9026615594005364,-0.025237015891932422,-0.025237015891932422,True,1.0,0.025237015891932422,48.07086614173228,21.666666666666668,49.59744094488189
"Williams, Gavin",SI,192,0.9007812245672726,-0.051283034367823555,-0.051283034367823555,True,1.0,0.051283034367823555,49.29133858267716,64.0,49.55354330708661
"Sandlin, Nick",SL,141,0.9790186773762474,-0.044045948619230606,-0.044045948619230606,True,1.0,0.044045948619230606,49.01574803149607,47.0,49.5478346456693
"Mayza, Tim",SL,90,0.9800342855836883,-0.03321808717236321,-0.03321808717236321,True,1.0,0.03321808717236321,48.4251968503937,30.0,49.541338582677156
"Pressly, Ryan",SI,77,0.9025735850378857,-0.026455619001586304,-0.026455619001586304,True,1.0,0.026455619001586304,48.1496062992126,25.666666666666664,49.539698162729664
"Wesneski, Hayden",FC,58,0.9278025241107,-0.006188536285634955,-0.006188536285634955,True,1.0,0.006188536285634955,47.44094488188976,19.333333333333332,49.52112860892389
"Cox, Austin",CU,75,1.088823677835272,-0.02037178416377302,-0.02037178416377302,True,1.0,0.02037178416377302,47.91338582677165,25.0,49.493110236220474
"Adams, Travis",FC,123,0.9255176530710779,-0.035687618338246754,-0.035687618338246754,True,1.0,0.035687618338246754,48.503937007874015,41.0,49.3982283464567
"Rodríguez, Elvin",CU,70,1.0911165168892811,-0.0028196969687488273,-0.0028196969687488273,True,1.0,0.0028196969687488273,47.24409448818898,23.333333333333332,49.372047244094496
"Cox, Austin",SL,139,0.979696466972607,-0.03681972517426368,-0.03681972517426368,True,1.0,0.03681972517426368,48.58267716535433,46.33333333333333,49.35387139107612
"Brown, Hunter",CH,356,0.9694268629469094,-0.05292999893703078,-0.05292999893703078,True,1.0,0.05292999893703078,49.33070866141732,100.0,49.33070866141732
"Montas, Frankie",SI,124,0.9021634406704243,-0.0321368559726307,-0.0321368559726307,True,1.0,0.0321368559726307,48.346456692913385,41.333333333333336,49.32808398950131
"Graveman, Kendall",CH,66,0.975873287239816,0.0060846430877269046,0.0060846430877269046,True,1.0,-0.0060846430877269046,46.73228346456693,22.0,49.296456692913395
"Taylor, Troy",FF,64,0.9401775690543289,0.009043489813607284,0.009043489813607284,True,1.0,-0.009043489813607284,46.53543307086614,21.333333333333336,49.27637795275591
"Murdock, Noah",ST,77,1.0168507536122924,0.00045724511448369727,0.00045724511448369727,True,1.0,-0.00045724511448369727,47.00787401574803,25.666666666666664,49.24665354330709
"Lauer, Eric",SL,191,0.9793942541177121,-0.040041754000232056,-0.040041754000232056,True,1.0,0.040041754000232056,48.77952755905512,63.66666666666667,49.23011811023622
"Garrett, Reed",FS,219,1.030511739705432,-0.04256094459741513,-0.04256094459741513,True,1.0,0.04256094459741513,48.93700787401575,73.0,49.22933070866142
"Patrick, Chad",FC,890,0.9243980790269676,-0.05014200373614139,-0.05014200373614139,True,1.0,0.05014200373614139,49.21259842519685,100.0,49.21259842519685
"Blubaugh, AJ",FF,278,0.9362801281911072,-0.04614473823526737,-0.04614473823526737,True,1.0,0.04614473823526737,49.09448818897638,92.66666666666666,49.16233595800525
"Blackburn, Paul",ST,110,1.0154617701427984,-0.014300835783755359,-0.014300835783755359,True,1.0,0.014300835783755359,47.63779527559055,36.666666666666664,49.14632545931758
"Kelly, Zack",ST,121,1.0150341266373013,-0.018844588526926116,-0.018844588526926116,True,1.0,0.018844588526926116,47.83464566929133,40.33333333333333,49.13838582677165
"Martin, Davis",CH,563,0.9699939788951325,-0.04773826113786898,-0.04773826113786898,True,1.0,0.04773826113786898,49.13385826771653,100.0,49.13385826771653
"Lorenzen, Michael",SL,277,0.9789620831062849,-0.04464932589538006,-0.04464932589538006,True,1.0,0.04464932589538006,49.055118110236215,92.33333333333333,49.12906824146981
"O'Brien, Riley",SL,230,0.9794323456121415,-0.03963564323727794,-0.03963564323727794,True,1.0,0.03963564323727794,48.74015748031496,76.66666666666667,49.03871391076115
"Winans, Allan",CH,56,0.9824777886297692,0.06654642276130149,0.06654642276130149,True,1.0,-0.06654642276130149,44.40944881889764,18.666666666666668,48.972440944881896
"Barnes, Jacob",FC,82,0.92941845072795,0.014674064292971172,0.014674064292971172,True,1.0,-0.014674064292971172,46.14173228346456,27.333333333333332,48.959711286089245
"Zuber, Tyler",FF,68,0.9427744703009621,0.0458159215833931,0.0458159215833931,True,1.0,-0.0458159215833931,45.07874015748031,22.666666666666664,48.8997375328084
"Bazardo, Eduard",SI,612,0.9014511762037958,-0.042002999560114315,-0.042002999560114315,True,1.0,0.042002999560114315,48.89763779527559,100.0,48.89763779527559
"Gray, Jon",FF,99,0.9401695109123149,0.0089293855603998,0.0089293855603998,True,1.0,-0.0089293855603998,46.61417322834646,33.0,48.895866141732284
"Weissert, Greg",CH,106,0.9757124309699119,0.004612063134174012,0.004612063134174012,True,1.0,-0.004612063134174012,46.811023622047244,35.333333333333336,48.88595800524935
"Buttó, José",FF,335,0.9365784056622498,-0.04192109362410731,-0.04192109362410731,True,1.0,0.04192109362410731,48.85826771653543,100.0,48.85826771653543
"Allen, Logan",ST,636,1.012958042727668,-0.04090317666913111,-0.04090317666913111,True,1.0,0.04090317666913111,48.818897637795274,100.0,48.818897637795274
"Petersen, Michael",SL,135,0.9829544004581401,-0.002085413137392384,-0.002085413137392384,True,1.0,0.002085413137392384,47.204724409448815,45.0,48.75295275590551
"Boyd, Matthew",SI,91,0.9060183437527081,0.02126048322873669,0.02126048322873669,True,1.0,-0.02126048322873669,45.82677165354331,30.333333333333336,48.74783464566929
"Hall, DL",CU,56,1.1043411409131614,0.09841713148752118,0.09841713148752118,True,1.0,-0.09841713148752118,43.031496062992126,18.666666666666668,48.71522309711287
"Severino, Luis",ST,677,1.0131059659876038,-0.03933147802418031,-0.03933147802418031,True,1.0,0.03933147802418031,48.7007874015748,100.0,48.7007874015748
"Waddell, Brandon",CH,75,0.9818447741714228,0.06075140835355997,0.06075140835355997,True,1.0,-0.06075140835355997,44.60629921259843,25.0,48.66633858267717
"Gordon, Colton",CH,114,0.9763439030702921,0.010392957822344557,0.010392957822344557,True,1.0,-0.010392957822344557,46.45669291338583,38.0,48.665748031496065
"Waldrep, Hurston",FC,185,0.9268392389991553,-0.01862513601172503,-0.01862513601172503,True,1.0,0.01862513601172503,47.79527559055118,61.66666666666667,48.64796587926509
"Evans, Logan",CU,131,1.0920043842773057,0.003977084421108005,0.003977084421108005,True,1.0,-0.003977084421108005,46.8503937007874,43.666666666666664,48.63576115485564
"Hall, DL",SL,109,0.9845060092707129,0.014456994770681892,0.014456994770681892,True,1.0,-0.014456994770681892,46.181102362204726,36.333333333333336,48.625
"Fried, Max",CU,543,1.0866386337235643,-0.03709868207080578,-0.03709868207080578,True,1.0,0.03709868207080578,48.62204724409449,100.0,48.62204724409449
"Hill, Rich",FF,63,0.9460923770597578,0.0927978775066338,0.0927978775066338,True,1.0,-0.0927978775066338,43.267716535433074,21.0,48.60177165354331
"Englert, Mason",FF,143,0.9396314854297233,0.0013108804768286596,0.0013108804768286596,True,1.0,-0.0013108804768286596,46.968503937007874,47.66666666666667,48.56528871391076
"Spiers, Carson",SI,53,0.9145687933613044,0.13969958489453774,0.13969958489453774,True,1.0,-0.13969958489453774,41.45669291338583,17.666666666666668,48.50688976377953
"Murfee, Penn",ST,114,1.0183502628680405,0.016389672958316257,0.016389672958316257,True,1.0,-0.016389672958316257,45.98425196850393,38.0,48.48622047244095
"Rolison, Ryan",SL,112,0.9848979713977396,0.018635881444470207,0.018635881444470207,True,1.0,-0.018635881444470207,45.86614173228347,37.333333333333336,48.46902887139108
"Mazur, Adam",SI,78,0.9100928247379596,0.07769937120983357,0.07769937120983357,True,1.0,-0.07769937120983357,44.05511811023622,26.0,48.46889763779527
"Soriano, José",KC,743,1.0786386544446496,-0.034058057638975014,-0.034058057638975014,True,1.0,0.034058057638975014,48.46456692913386,100.0,48.46456692913386
"Quantrill, Cal",CU,233,1.0887114748694247,-0.0212307176491607,-0.0212307176491607,True,1.0,0.0212307176491607,47.99212598425197,77.66666666666666,48.44494750656168
"Stewart, Brock",ST,87,1.0229634955619407,0.06540570719793252,0.06540570719793252,True,1.0,-0.06540570719793252,44.48818897637795,28.999999999999996,48.41555118110236
"Houck, Tanner",ST,265,1.0142750014113826,-0.026910365940449533,-0.026910365940449533,True,1.0,0.026910365940449533,48.188976377952756,88.33333333333333,48.40255905511811
"Matz, Steven",CU,256,1.0881624022487326,-0.02543396536423069,-0.02543396536423069,True,1.0,0.02543396536423069,48.110236220472444,85.33333333333334,48.39028871391076
"Jacob, Alek",ST,64,1.0280479149118766,0.11942814427867186,0.11942814427867186,True,1.0,-0.11942814427867186,42.362204724409445,21.333333333333336,48.386089238845145
"Ryan, Joe",SI,346,0.902138198479427,-0.03248650570599586,-0.03248650570599586,True,1.0,0.03248650570599586,48.38582677165355,100.0,48.38582677165355
"May, Dustin",FC,210,0.9270461576210975,-0.01595369009594302,-0.01595369009594302,True,1.0,0.01595369009594302,47.67716535433071,70.0,48.37992125984252
"Kelly, Kevin",FF,50,0.9524762430713447,0.18319418258095493,0.18319418258095493,True,1.0,-0.18319418258095493,40.039370078740156,16.666666666666664,48.35629921259842
"Ruiz, José",FF,115,0.941800441148074,0.032023552461619975,0.032023552461619975,True,1.0,-0.032023552461619975,45.59055118110236,38.333333333333336,48.32185039370079
"Sale, Chris",SL,960,0.9803255242135448,-0.030113059555456408,-0.030113059555456408,True,1.0,0.030113059555456408,48.30708661417323,100.0,48.30708661417323
"Loutos, Ryan",SL,52,1.0002842560948046,0.18267606708029005,0.18267606708029005,True,1.0,-0.18267606708029005,40.07874015748031,17.333333333333336,48.29658792650919
"Megill, Tylor",CU,86,1.1021767894009058,0.08184863907748162,0.08184863907748162,True,1.0,-0.08184863907748162,43.93700787401575,28.666666666666668,48.27598425196851
"Thompson, Ryan",SL,264,0.9810267522872019,-0.022636947833845882,-0.022636947833845882,True,1.0,0.022636947833845882,48.031496062992126,88.0,48.27007874015749
"Seymour, Ian",FF,317,0.9374611151062385,-0.02942182248559024,-0.02942182248559024,True,1.0,0.02942182248559024,48.26771653543307,100.0,48.26771653543307
"Varland, Louis",SL,90,0.9902210244139488,0.07538737292667486,0.07538737292667486,True,1.0,-0.07538737292667486,44.13385826771653,30.0,48.253937007874015
"Bivens, Spencer",CH,198,0.9746742402161752,-0.00489219114716463,-0.00489219114716463,True,1.0,0.00489219114716463,47.322834645669296,66.0,48.239763779527564
"Peterson, David",CH,412,0.972240007562213,-0.02717669526158199,-0.02717669526158199,True,1.0,0.02717669526158199,48.22834645669291,100.0,48.22834645669291
"Bradish, Kyle",SI,161,0.9051310786580904,0.008970266274497374,0.008970266274497374,True,1.0,-0.008970266274497374,46.574803149606296,53.666666666666664,48.17093175853019
"Woodford, Jake",FF,108,0.9431255002928977,0.050786548188596285,0.050786548188596285,True,1.0,-0.050786548188596285,44.84251968503937,36.0,48.15590551181103
"Carrasco, Carlos",SL,194,0.9830740015700552,-0.000810291235836251,-0.000810291235836251,True,1.0,0.000810291235836251,47.125984251968504,64.66666666666666,48.1484251968504
"Woods Richardson, Simeon",CU,245,1.089146705747041,-0.01789894854808441,-0.01789894854808441,True,1.0,0.01789894854808441,47.71653543307087,81.66666666666667,48.13877952755906
"Horton, Cade",CH,228,0.9742318578338196,-0.008942039054554596,-0.008942039054554596,True,1.0,0.008942039054554596,47.51968503937008,76.0,48.11968503937008
"Gibaut, Ian",SL,57,1.0003738718177861,0.18363150109982154,0.18363150109982154,True,1.0,-0.18363150109982154,40.0,19.0,48.11594488188977
"Maton, Phil",SI,122,0.9073414379443436,0.03958771684216086,0.03958771684216086,True,1.0,-0.03958771684216086,45.31496062992126,40.666666666666664,48.106430446194224
"Beck, Tristan",CU,141,1.0937833718365801,0.017595547829889233,0.017595547829889233,True,1.0,-0.017595547829889233,45.94488188976378,47.0,48.10452755905512
"Bassitt, Chris",ST,173,1.0175253701894484,0.007625110132048783,0.007625110132048783,True,1.0,-0.007625110132048783,46.69291338582677,57.666666666666664,48.1012467191601
"Neris, Héctor",FF,221,0.9391884467290421,-0.004962600431733189,-0.004962600431733189,True,1.0,0.004962600431733189,47.40157480314961,73.66666666666667,48.091010498687666
"Agnos, Zach",FS,108,1.043438461362102,0.059152418033700596,0.059152418033700596,True,1.0,-0.059152418033700596,44.64566929133858,36.0,48.085039370078746
"Suarez, José",CH,84,0.9856000244157073,0.09512934235391526,0.09512934235391526,True,1.0,-0.09512934235391526,43.110236220472444,28.000000000000004,48.085039370078746
"Robert, Daniel",FC,66,0.9393922324808034,0.1434416845219584,0.1434416845219584,True,1.0,-0.1434416845219584,41.22047244094488,22.0,48.08385826771654
"Strowd, Kade",CU,50,1.1206129203616135,0.22298047194442994,0.22298047194442994,True,1.0,-0.22298047194442994,38.38582677165354,16.666666666666664,48.08070866141732
"Corbin, Patrick",FF,69,0.9492679051642654,0.13776373468254177,0.13776373468254177,True,1.0,-0.13776373468254177,41.574803149606296,23.0,48.07736220472441
"Simpson, Josh",CH,67,0.9908896954606429,0.14355433409532084,0.14355433409532084,True,1.0,-0.14355433409532084,41.181102362204726,22.333333333333332,48.04573490813648
"Lugo, Seth",CS,114,0.9777407556546023,0.05155878978743694,,True,1.0,-0.05155878978743694,44.803149606299215,38.0,48.037401574803155
"Kinley, Tyler",CU,151,1.0936145746802135,0.016303375838297007,0.016303375838297007,True,1.0,-0.016303375838297007,46.023622047244096,50.33333333333333,48.00833333333334
"Gage, Matt",SL,270,0.9814705347274038,-0.017905581210523845,-0.017905581210523845,True,1.0,0.017905581210523845,47.75590551181102,90.0,47.982283464566926
"Darvish, Yu",FF,198,0.9396510436300678,0.0015878269293131892,0.0015878269293131892,True,1.0,-0.0015878269293131892,46.92913385826772,66.0,47.97992125984253
"Weems, Jordan",FF,57,0.9549498576609612,0.21822086056470522,0.21822086056470522,True,1.0,-0.21822086056470522,38.582677165354326,19.0,47.846653543307085
"Dunning, Dane",CH,67,0.994485872168717,0.17647600841301814,0.17647600841301814,True,1.0,-0.17647600841301814,40.19685039370079,22.333333333333332,47.8259186351706
"Matzek, Tyler",FF,76,0.9495738924076316,0.1420965505890747,0.1420965505890747,True,1.0,-0.1420965505890747,41.338582677165356,25.333333333333336,47.820472440944876
"Gervase, Paul",FF,80,0.9488779469276307,0.1322418794836558,0.1322418794836558,True,1.0,-0.1322418794836558,41.732283464566926,26.666666666666668,47.80971128608924
"Walker, Taijuan",CU,134,1.097552326879397,0.04644756316431744,0.04644756316431744,True,1.0,-0.04644756316431744,45.03937007874016,44.666666666666664,47.79514435695539
"Gómez, Yoendrys",CU,158,1.0946622215032313,0.02432329697277274,0.02432329697277274,True,1.0,-0.02432329697277274,45.74803149606299,52.666666666666664,47.76994750656168
"Flexen, Chris",SL,60,1.003208214899815,0.21384972300886326,0.21384972300886326,True,1.0,-0.21384972300886326,38.70078740157481,20.0,47.75590551181103
"Pérez, Cionel",SL,100,0.991981325685706,0.09415474614765139,0.09415474614765139,True,1.0,-0.09415474614765139,43.22834645669291,33.33333333333333,47.75590551181102
"Buttó, José",CH,166,0.9771917732614794,0.01815489739424704,0.01815489739424704,True,1.0,-0.01815489739424704,45.90551181102362,55.333333333333336,47.74317585301837
"Hiraldo, Yaramil",SL,82,0.9960262137120937,0.1372791387991997,0.1372791387991997,True,1.0,-0.1372791387991997,41.61417322834646,27.333333333333332,47.72217847769029
"Waldrep, Hurston",CU,113,1.1030198308770567,0.0883022702089598,0.0883022702089598,True,1.0,-0.0883022702089598,43.7007874015748,37.666666666666664,47.639566929133856
"Trivino III, Lou",FC,203,0.9290580715003504,0.010021348134960605,0.010021348134960605,True,1.0,-0.010021348134960605,46.496062992125985,67.66666666666666,47.635367454068245
"Faucher, Calvin",FC,390,0.9274153659084173,-0.011186985379009718,-0.011186985379009718,True,1.0,0.011186985379009718,47.59842519685039,100.0,47.59842519685039
"Baz, Shane",FF,1194,0.9388681406513658,-0.00949817274202807,-0.00949817274202807,True,1.0,0.00949817274202807,47.55905511811024,100.0,47.55905511811024
"McGough, Scott",FF,115,0.94589722953771,0.09003456529025779,0.09003456529025779,True,1.0,-0.09003456529025779,43.54330708661418,38.333333333333336,47.537073490813654
"Stroman, Marcus",FS,75,1.0593457941555628,0.1843185933323134,0.1843185933323134,True,1.0,-0.1843185933323134,39.92125984251969,25.0,47.49507874015748
"Kolek, Stephen",SI,407,0.9039619806630425,-0.007223843115207445,-0.007223843115207445,True,1.0,0.007223843115207445,47.48031496062992,100.0,47.48031496062992
"Shugart, Chase",SI,140,0.9091987369795604,0.06531464809437025,0.06531464809437025,True,1.0,-0.06531464809437025,44.52755905511811,46.666666666666664,47.45669291338583
"González, Wikelman",FF,206,0.9405061780034346,0.01369663177485687,0.01369663177485687,True,1.0,-0.01369663177485687,46.25984251968504,68.66666666666667,47.437926509186354
"Rasmussen, Drew",CU,99,1.1074161921463344,0.12195719082114242,0.12195719082114242,True,1.0,-0.12195719082114242,42.16535433070866,33.0,47.427755905511816
"Rocker, Kumar",CU,71,1.1180654862528545,0.2034794147191812,0.2034794147191812,True,1.0,-0.2034794147191812,38.976377952755904,23.666666666666668,47.40610236220473
"Sasaki, Roki",ST,97,1.029101146655024,0.13061883128924062,0.13061883128924062,True,1.0,-0.13061883128924062,41.811023622047244,32.33333333333333,47.36555118110237
"Brown, Ben",FF,970,0.9391915863716208,-0.004918142717888136,-0.004918142717888136,True,1.0,0.004918142717888136,47.36220472440945,100.0,47.36220472440945
"Blalock, Bradley",SL,160,0.9875263807401387,0.04665855000566672,0.04665855000566672,True,1.0,-0.04665855000566672,45.0,53.333333333333336,47.34251968503937
"Pivetta, Nick",SI,65,0.9219817766693646,0.24238273301666025,0.24238273301666025,True,1.0,-0.24238273301666025,37.55905511811024,21.666666666666668,47.31988188976378
"Oviedo, Johan",SL,214,0.9844398060498024,0.013751172094080185,0.013751172094080185,True,1.0,-0.013751172094080185,46.22047244094488,71.33333333333334,47.30958005249344
"Chapman, Aroldis",FF,374,0.9392554613213013,-0.0040136658025758274,-0.0040136658025758274,True,1.0,0.0040136658025758274,47.28346456692913,100.0,47.28346456692913
"Strowd, Kade",ST,53,1.046128261186158,0.31153353562737,0.31153353562737,True,1.0,-0.31153353562737,34.37007874015748,17.666666666666668,47.25492125984252
"Raley, Brooks",FC,78,0.9434620260840012,0.19598520814147338,0.19598520814147338,True,1.0,-0.19598520814147338,39.37007874015748,26.0,47.250787401574804
"Festa, Matt",SI,66,0.9224430402447671,0.24877206293527593,0.24877206293527593,True,1.0,-0.24877206293527593,37.362204724409445,22.0,47.235039370078745
"Ramírez, Erasmo",FC,70,0.9462395628448727,0.23184490586281417,0.23184490586281417,True,1.0,-0.23184490586281417,37.95275590551181,23.333333333333332,47.20406824146982
"Bassitt, Chris",CU,472,1.091315865053699,-0.0012936516242615388,-0.0012936516242615388,True,1.0,0.0012936516242615388,47.16535433070866,100.0,47.16535433070866
"Estrada, Lazaro",FF,58,0.960418606655432,0.29565899939496904,0.29565899939496904,True,1.0,-0.29565899939496904,35.118110236220474,19.333333333333332,47.138713910761155
"Gilbert, Tyler",FS,66,1.0688570678047191,0.25915764776969524,0.25915764776969524,True,1.0,-0.25915764776969524,36.811023622047244,22.0,47.11377952755906
"Hancock, Emerson",CH,298,0.9751993152409882,-8.532253015809504e-05,-8.532253015809504e-05,True,1.0,8.532253015809504e-05,47.08661417322835,99.33333333333333,47.10616797900263
"Gillispie, Connor",ST,139,1.0251561192750367,0.08870254178809256,0.08870254178809256,True,1.0,-0.08870254178809256,43.661417322834644,46.33333333333333,47.073687664042
"Snider, Collin",SI,54,0.9282186732399498,0.32877496509998416,0.32877496509998416,True,1.0,-0.32877496509998416,33.62204724409449,18.0,47.06811023622048
"Luzardo, Jesús",ST,1010,1.0168079789451643,2.7602255442450566e-06,2.7602255442450566e-06,True,1.0,-2.7602255442450566e-06,47.047244094488185,100.0,47.047244094488185
"Detmers, Reid",CU,229,1.0935133656188945,0.01552860263034227,0.01552860263034227,True,1.0,-0.01552860263034227,46.102362204724415,76.33333333333333,47.02946194225723
"Soriano, José",SI,1368,0.9046513174338817,0.0023247106592425696,0.0023247106592425696,True,1.0,-0.0023247106592425696,46.88976377952756,100.0,46.88976377952756
"Burnes, Corbin",SI,97,0.917014985714528,0.17358374749182157,0.17358374749182157,True,1.0,-0.17358374749182157,40.31496062992126,32.33333333333333,46.88182414698163
"Tong, Jonah",CH,102,0.991746610783038,0.1513990785146925,0.1513990785146925,True,1.0,-0.1513990785146925,40.78740157480315,34.0,46.880708661417316
"Gómez, Yoendrys",CH,84,0.9984465624633952,0.21273467046983707,0.21273467046983707,True,2.0,-0.21273467046983707,38.74015748031496,28.000000000000004,46.86141732283465
"Jobe, Jackson",SI,116,0.9138686856257006,0.13000183389079778,0.13000183389079778,True,1.0,-0.13000183389079778,41.8503937007874,38.666666666666664,46.86089238845144
"Abel, Mick",CH,63,1.0079001189230898,0.2992785008136755,0.2992785008136755,True,1.0,-0.2992785008136755,34.92125984251969,21.0,46.849015748031505
"Morgan, David",CU,181,1.0983417218910967,0.05249052115233832,0.05249052115233832,True,1.0,-0.05249052115233832,44.76377952755905,60.333333333333336,46.84862204724409
"Smith-Shawver, AJ",CU,108,1.1104105543435177,0.14487956135846683,0.14487956135846683,True,1.0,-0.14487956135846683,41.10236220472441,36.0,46.80944881889764
"Muñoz, Roddery",SL,70,1.0083978381715646,0.26917865924258394,0.26917865924258394,True,1.0,-0.26917865924258394,36.22047244094488,23.333333333333332,46.7998687664042
"Hatch, Thomas",FF,70,0.958574773378848,0.26955010001115515,0.26955010001115515,True,1.0,-0.26955010001115515,36.181102362204726,23.333333333333332,46.79068241469817
"Pallante, Andre",SI,363,0.9048886672588757,0.005612432514776814,0.005612432514776814,True,1.0,-0.005612432514776814,46.77165354330708,100.0,46.77165354330708
"Hall, DL",FF,175,0.9442590511331436,0.06683776345316143,0.06683776345316143,True,1.0,-0.06683776345316143,44.37007874015748,58.333333333333336,46.7240813648294
"Kelly, Zack",SI,90,0.9191715223258763,0.2034556572333531,0.2034556572333531,True,1.0,-0.2034556572333531,39.01574803149606,30.0,46.71850393700787
"Adams, Travis",SI,74,0.9233249823174421,0.260988546464269,0.260988546464269,True,1.0,-0.260988546464269,36.61417322834646,24.666666666666668,46.71299212598425
"Harris, Hogan",CH,148,0.9853030166833874,0.09241034586764146,0.09241034586764146,True,1.0,-0.09241034586764146,43.30708661417323,49.333333333333336,46.708136482939636
"Barnett, Mason",CU,65,1.1309154191023276,0.3018479161758301,0.3018479161758301,True,1.0,-0.3018479161758301,34.724409448818896,21.666666666666668,46.705708661417326
"Senzatela, Antonio",FF,1299,0.9400889051187115,0.007787997897170016,0.007787997897170016,True,1.0,-0.007787997897170016,46.653543307086615,100.0,46.653543307086615
"Burke, Brock",SI,81,0.9222433753190569,0.24600634469614238,0.24600634469614238,True,1.0,-0.24600634469614238,37.480314960629926,27.0,46.63405511811024
"Roberts, Ethan",ST,83,1.039310734228885,0.23909666609571684,0.23909666609571684,True,1.0,-0.23909666609571684,37.71653543307087,27.666666666666668,46.615813648293965
"Dollander, Chase",SL,219,0.9868068513914442,0.03898732005937733,0.03898732005937733,True,1.0,-0.03898732005937733,45.354330708661415,73.0,46.61397637795276
"Teng, Kai-Wei",CU,79,1.1243792757171736,0.2518125862145722,0.2518125862145722,True,1.0,-0.2518125862145722,37.04724409448819,26.333333333333332,46.60360892388452
"Saalfrank, Andrew",SI,195,0.9086479707287242,0.05768554518599129,0.05768554518599129,True,1.0,-0.05768554518599129,44.68503937007874,65.0,46.55216535433071
"Misiewicz, Anthony",FC,64,0.9537079877657648,0.32826683765884745,0.32826683765884745,True,1.0,-0.32826683765884745,33.70078740157481,21.333333333333336,46.53832020997376
"Assad, Javier",SI,230,0.9070565907486919,0.03564207099786615,0.03564207099786615,True,1.0,-0.03564207099786615,45.47244094488189,76.66666666666667,46.53346456692913
"Arrighetti, Spencer",ST,84,1.0398018053880675,0.24431434366580945,0.24431434366580945,True,1.0,-0.24431434366580945,37.519685039370074,28.000000000000004,46.51968503937008
"Early, Connelly",CU,73,1.1293576026375207,0.2899225564885355,0.2899225564885355,True,1.0,-0.2899225564885355,35.43307086614173,24.333333333333336,46.47027559055118
"Fulmer, Carson",SL,82,1.0071727467212812,0.25611740157823853,0.25611740157823853,True,1.0,-0.25611740157823853,36.889763779527556,27.333333333333332,46.43083989501313
"Ureña, José",SI,339,0.9052392237362721,0.01046827006327353,0.01046827006327353,True,1.0,-0.01046827006327353,46.41732283464567,100.0,46.41732283464567
"Bowman, Matt",SI,194,0.9092215513452171,0.06563066808128797,0.06563066808128797,True,1.0,-0.06563066808128797,44.44881889763779,64.66666666666666,46.417191601049865
"Cortes, Nestor",CH,83,1.0029728302420033,0.2541709862513897,0.2541709862513897,True,1.0,-0.2541709862513897,36.92913385826772,27.666666666666668,46.397965879265094
"Nance, Tommy",SI,138,0.913436204991852,0.12401119946738841,0.12401119946738841,True,1.0,-0.12401119946738841,42.125984251968504,46.0,46.38858267716536
"May, Dustin",SI,727,0.9052412378674656,0.010496169401918228,0.010496169401918228,True,1.0,-0.010496169401918228,46.37795275590551,100.0,46.37795275590551
"Suter, Brent",SL,136,0.9952735571858232,0.12925472493189588,0.12925472493189588,True,1.0,-0.12925472493189588,41.92913385826771,45.33333333333333,46.351968503937
"Brzykcy, Zach",CH,102,0.9968911851837526,0.19849576387590537,0.19849576387590537,True,1.0,-0.19849576387590537,39.21259842519685,34.0,46.34527559055118
"Pivetta, Nick",ST,529,1.0178356838294096,0.010922221942920031,0.010922221942920031,True,1.0,-0.010922221942920031,46.33858267716535,100.0,46.33858267716535
"Arrighetti, Spencer",CU,139,1.107829924840578,0.12512438753828678,0.12512438753828678,True,1.0,-0.12512438753828678,42.00787401574803,46.33333333333333,46.307545931758526
"Okert, Steven",SL,608,0.9842236630484599,0.011446773159431803,0.011446773159431803,True,1.0,-0.011446773159431803,46.2992125984252,100.0,46.2992125984252
"Martinez, Justin",SI,87,0.9226146287476028,0.2511488722333052,0.2511488722333052,True,1.0,-0.2511488722333052,37.08661417322834,28.999999999999996,46.269094488188976
"Bibee, Tanner",CU,163,1.1041997471903557,0.09733473761117203,0.09733473761117203,True,1.0,-0.09733473761117203,43.07086614173228,54.333333333333336,46.244160104986875
"Davis, Noah",SI,93,0.921500965624939,0.23572263550371567,0.23572263550371567,True,1.0,-0.23572263550371567,37.83464566929134,31.0,46.24232283464567
"Hernandez, Nick",SL,101,1.0030000427577226,0.21163030503334979,0.21163030503334979,True,1.0,-0.21163030503334979,38.77952755905512,33.666666666666664,46.23549868766405
"Garcia, Rico",SL,112,1.0004891448744597,0.18486047963413593,0.18486047963413593,True,1.0,-0.18486047963413593,39.881889763779526,37.333333333333336,46.23490813648294
"Loutos, Ryan",FF,107,0.9535269375282789,0.19807214156325975,0.19807214156325975,True,1.0,-0.19807214156325975,39.29133858267716,35.66666666666667,46.19324146981627
"Knack, Landon",SL,91,1.0065082990635856,0.24903342261517808,0.24903342261517808,True,1.0,-0.24903342261517808,37.32283464566929,30.333333333333336,46.16830708661418
"Hendriks, Liam",FF,128,0.9501459355496497,0.15019674979245456,0.15019674979245456,True,1.0,-0.15019674979245456,40.90551181102362,42.66666666666667,46.13097112860892
"Gore, MacKenzie",FF,1388,0.9406712198693143,0.0160336443047284,0.0160336443047284,True,1.0,-0.0160336443047284,46.06299212598425,100.0,46.06299212598425
"Beck, Tristan",ST,232,1.021451359586181,0.049339119258243684,0.049339119258243684,True,1.0,-0.049339119258243684,44.881889763779526,77.33333333333333,46.04645669291338
"Javier, Cristian",FF,246,0.9425714980986782,0.0429418109604644,0.0429418109604644,True,1.0,-0.0429418109604644,45.15748031496063,82.0,46.03267716535433
"Waddell, Brandon",ST,121,1.03389280965557,0.1815307044340793,0.1815307044340793,True,1.0,-0.1815307044340793,40.118110236220474,40.33333333333333,46.02604986876641
"Carrasco, Carlos",CU,78,1.1312811676605035,0.30464778587158203,0.30464778587158203,True,1.0,-0.30464778587158203,34.60629921259842,26.0,46.01220472440944
"Kerkering, Orion",SI,212,0.909318265222357,0.06697032918116222,0.06697032918116222,True,1.0,-0.06697032918116222,44.330708661417326,70.66666666666667,45.9994750656168
"Garcia, Rico",CH,129,0.9923711928218637,0.1571168972249731,0.1571168972249731,True,1.0,-0.1571168972249731,40.669291338582674,43.0,45.999015748031496
"Matthews, Zebby",CU,78,1.1315733694641195,0.306884642194595,0.306884642194595,True,1.0,-0.306884642194595,34.52755905511811,26.0,45.991732283464565
"Sisk, Evan",FF,66,0.9662332917850667,0.37799563521024887,0.37799563521024887,True,1.0,-0.37799563521024887,31.5748031496063,22.0,45.961811023622055
"Allard, Kolby",CH,200,0.9846909503498719,0.0868071038335157,0.0868071038335157,True,1.0,-0.0868071038335157,43.77952755905512,66.66666666666666,45.85958005249344
"Schultz, Paxton",CH,87,1.006341613688804,0.28501095894611667,0.28501095894611667,True,1.0,-0.28501095894611667,35.62992125984252,28.999999999999996,45.846653543307085
"Cabrera, Edward",SL,389,0.9852031487332038,0.021889515947342873,0.021889515947342873,True,1.0,-0.021889515947342873,45.78740157480315,100.0,45.78740157480315
"Anderson, Ian",FF,104,0.9562373454037006,0.23645184075145792,0.23645184075145792,True,1.0,-0.23645184075145792,37.79527559055118,34.66666666666667,45.78188976377953
"Funderburk, Kody",CH,87,1.0072090320582807,0.2929518548962482,0.2929518548962482,True,1.0,-0.2929518548962482,35.31496062992126,28.999999999999996,45.755314960629924
"Banda, Anthony",SI,270,0.9073550639458049,0.039776461463349726,0.039776461463349726,True,1.0,-0.039776461463349726,45.2755905511811,90.0,45.74999999999999
"Pérez, Eury",CU,154,1.1090087065463112,0.13414816931954623,0.13414816931954623,True,1.0,-0.13414816931954623,41.69291338582678,51.33333333333333,45.74527559055119
"Pearson, Nate",SL,107,1.0047064680347362,0.2298232817477583,0.2298232817477583,True,1.0,-0.2298232817477583,38.031496062992126,35.66666666666667,45.74389763779528
"Lao, Sauryn",FF,55,0.9774960322265971,0.5374773848393258,0.5374773848393258,True,1.0,-0.5374773848393258,26.653543307086615,18.333333333333332,45.73589238845144
"Falter, Bailey",FF,992,0.941351244372523,0.02566287247751494,0.02566287247751494,True,1.0,-0.02566287247751494,45.70866141732283,100.0,45.70866141732283
"Sproat, Brandon",ST,55,1.067617477962276,0.5398584988735317,0.5398584988735317,True,1.0,-0.5398584988735317,26.496062992125985,18.333333333333332,45.707020997375324
"Young, Brandon",FC,86,0.9514296862784221,0.2988525725426732,0.2988525725426732,True,1.0,-0.2988525725426732,34.960629921259844,28.666666666666668,45.702755905511815
"Altavilla, Dan",SI,114,0.9201311056039173,0.2167476110635285,0.2167476110635285,True,1.0,-0.2167476110635285,38.62204724409449,38.0,45.68858267716536
"Cabrera, Edward",CU,531,1.0951186790219163,0.027817559753570063,0.027817559753570063,True,1.0,-0.027817559753570063,45.66929133858268,100.0,45.66929133858268
"Jansen, Kenley",FC,707,0.9305135746297996,0.028812783405879606,0.028812783405879606,True,1.0,-0.028812783405879606,45.62992125984252,100.0,45.62992125984252
"Henriquez, Edgardo",FF,107,0.9564715043590863,0.23976755952257733,0.23976755952257733,True,1.0,-0.23976755952257733,37.67716535433071,35.66666666666667,45.61751968503937
"Kremer, Dean",CU,344,1.0957887376842634,0.03294697694782711,0.03294697694782711,True,1.0,-0.03294697694782711,45.55118110236221,100.0,45.55118110236221
"Headrick, Brent",SL,93,1.0099144620037377,0.28534807634799086,0.28534807634799086,True,1.0,-0.28534807634799086,35.59055118110236,31.0,45.54665354330709
"Steele, Justin",SL,67,1.0226142282167894,0.42074606541015214,0.42074606541015214,True,1.0,-0.42074606541015214,29.96062992125984,22.333333333333332,45.53982939632546
"Heaney, Andrew",CH,361,0.9788442213258671,0.03328245129907585,0.03328245129907585,True,1.0,-0.03328245129907585,45.511811023622045,100.0,45.511811023622045
"Kelly, Kevin",FC,75,0.9570144135936036,0.37095481658847035,0.37095481658847035,True,1.0,-0.37095481658847035,31.968503937007874,25.0,45.50688976377953
"Misiorowski, Jacob",CH,71,1.018899947763989,0.39997788575697957,0.39997788575697957,True,1.0,-0.39997788575697957,30.905511811023622,23.666666666666668,45.49599737532809
"Chandler, Bubba",CH,104,1.002880162380112,0.2533226460788798,0.2533226460788798,True,1.0,-0.2533226460788798,36.968503937007874,34.66666666666667,45.49527559055118
"Pérez, Eury",ST,130,1.0347664369675282,0.1908130773549667,0.1908130773549667,True,1.0,-0.1908130773549667,39.56692913385827,43.333333333333336,45.49015748031496
"Mazur, Adam",FF,117,0.9553243978870171,0.22352439489260315,0.22352439489260315,True,1.0,-0.22352439489260315,38.346456692913385,39.0,45.467125984251965
"Stratton, Chris",SL,68,1.0227101382170045,0.42176860558468976,0.42176860558468976,True,1.0,-0.42176860558468976,29.92125984251969,22.666666666666664,45.46404199475066
"Littell, Zack",ST,153,1.0305242176297162,0.14573909515825234,0.14573909515825234,True,1.0,-0.14573909515825234,41.06299212598425,51.0,45.451771653543304
"Hollowell, Gavin",ST,58,1.0683195823717173,0.5473184247121881,0.5473184247121881,True,1.0,-0.5473184247121881,26.299212598425196,19.333333333333332,45.433727034120736
"Brazobán, Huascar",SI,378,0.90713003626091,0.03665942340466259,0.03665942340466259,True,1.0,-0.03665942340466259,45.43307086614173,100.0,45.43307086614173
"Whitley, Forrest",FF,86,0.9621283457739568,0.31986910948737185,0.31986910948737185,True,1.0,-0.31986910948737185,33.976377952755904,28.666666666666668,45.420603674540686
"Pepiot, Ryan",CH,676,0.9794365207820407,0.03870473484563104,0.03870473484563104,True,1.0,-0.03870473484563104,45.39370078740158,100.0,45.39370078740158
"Castillo, José",SI,211,0.9110267586560685,0.09063603528476535,0.09063603528476535,True,1.0,-0.09063603528476535,43.4251968503937,70.33333333333334,45.381561679790025
"Fernandez, Ryan",FF,198,0.9465750852272713,0.09963308280280044,0.09963308280280044,True,1.0,-0.09963308280280044,42.99212598425196,66.0,45.38149606299213
"Topa, Justin",CH,147,0.9930379442014333,0.16322076073084119,0.16322076073084119,True,1.0,-0.16322076073084119,40.55118110236221,49.0,45.380118110236225
"Cecconi, Slade",FC,69,0.961409948517991,0.4277038598172175,0.4277038598172175,True,1.0,-0.4277038598172175,29.84251968503937,23.0,45.378937007874015
"Ohl, Pierson",FC,64,0.9662706836080323,0.49045892159998433,0.49045892159998433,True,1.0,-0.49045892159998433,28.11023622047244,21.333333333333336,45.34566929133859
"Gillispie, Connor",CH,73,1.0193806213984318,0.4043782759854957,0.4043782759854957,True,1.0,-0.4043782759854957,30.787401574803148,24.333333333333336,45.339829396325456
"Raley, Brooks",SI,94,0.9259338903901031,0.29712661435533905,0.29712661435533905,True,1.0,-0.29712661435533905,35.07874015748031,31.333333333333336,45.33818897637796
"Early, Connelly",CH,73,1.019950746004988,0.40959755694446687,0.40959755694446687,True,1.0,-0.40959755694446687,30.62992125984252,24.333333333333336,45.30150918635171
"Lovelady, Richard",SI,76,0.9323499761464653,0.38600093886223885,0.38600093886223885,True,1.0,-0.38600093886223885,31.377952755905515,25.333333333333336,45.29711286089238
"Skubal, Tarik",CU,80,1.1389705337193485,0.3635112387176584,0.3635112387176584,True,1.0,-0.3635112387176584,32.28346456692913,26.666666666666668,45.290026246719165
"Zastryzny, Rob",FC,115,0.94696403537845,0.24119828920141878,0.24119828920141878,True,1.0,-0.24119828920141878,37.59842519685039,38.333333333333336,45.25820209973754
"Slaten, Justin",ST,63,1.0652886462484203,0.5151144413765861,0.5151144413765861,True,1.0,-0.5151144413765861,27.283464566929133,21.0,45.24507874015748
"Burke, Sean",SL,520,0.9870118806040828,0.041173229833192056,0.041173229833192056,True,1.0,-0.041173229833192056,45.23622047244095,100.0,45.23622047244095
"Uceta, Edwin",FF,493,0.9425633564071074,0.04282652363555488,0.04282652363555488,True,1.0,-0.04282652363555488,45.196850393700785,100.0,45.196850393700785
"Mayza, Tim",SI,200,0.9124225269673337,0.10996993613059251,0.10996993613059251,True,1.0,-0.10996993613059251,42.75590551181102,66.66666666666666,45.17716535433071
"Flexen, Chris",FC,190,0.9375560485991594,0.11973542799850115,0.11973542799850115,True,1.0,-0.11973542799850115,42.322834645669296,63.33333333333333,45.14501312335958
"Fulmer, Carson",FF,114,0.9572356772012852,0.25058833822431403,0.25058833822431403,True,1.0,-0.25058833822431403,37.16535433070866,38.0,45.135039370078744
"Corbin, Patrick",SI,748,0.907609654243684,0.043302994868483796,0.043302994868483796,True,1.0,-0.043302994868483796,45.118110236220474,100.0,45.118110236220474
"Lazar, Max",KC,169,1.0991381449941164,0.1422119079364102,0.1422119079364102,True,1.0,-0.1422119079364102,41.29921259842519,56.333333333333336,45.107152230971124
"Brieske, Beau",FF,197,0.9477763937685945,0.11664375520612709,0.11664375520612709,True,1.0,-0.11664375520612709,42.480314960629926,65.66666666666666,45.06883202099738
"Dollander, Chase",CH,138,0.9968582796118544,0.19819452547490007,0.19819452547490007,True,1.0,-0.19819452547490007,39.25196850393701,46.0,45.06653543307087
"Keller, Brad",ST,164,1.030826163939815,0.14894730329696165,0.14894730329696165,True,1.0,-0.14894730329696165,40.94488188976378,54.666666666666664,45.05879265091863
"Hernández, Carlos",FS,151,1.058895655972195,0.18077670007468385,0.18077670007468385,True,1.0,-0.18077670007468385,40.15748031496063,50.33333333333333,45.05570866141733
"McCullers Jr., Lance",FC,52,0.9852631661907084,0.7356634834214864,0.7356634834214864,True,1.0,-0.7356634834214864,21.141732283464567,17.333333333333336,45.014173228346465
"Hudson, Bryan",ST,70,1.0616612274607609,0.4765727732460268,0.4765727732460268,True,1.0,-0.4765727732460268,28.46456692913386,23.333333333333332,44.99015748031496
"Brzykcy, Zach",CU,112,1.1259268600350338,0.26365961701302254,0.26365961701302254,True,1.0,-0.26365961701302254,36.53543307086614,37.333333333333336,44.985564304461946
"Peralta, Freddy",SL,342,0.9875716928104673,0.04714164261539031,0.04714164261539031,True,1.0,-0.04714164261539031,44.960629921259844,100.0,44.960629921259844
"Wentz, Joey",CH,63,1.0363903629121152,0.5600961997138869,0.5600961997138869,True,1.0,-0.5600961997138869,25.905511811023622,21.0,44.955708661417326
"Francis, Bowden",CU,160,1.1128356194197755,0.1634438620657751,0.1634438620657751,True,1.0,-0.1634438620657751,40.511811023622045,53.333333333333336,44.94881889763779
"Palmquist, Carson",FF,370,0.9428933248435829,0.04749891610030832,0.04749891610030832,True,1.0,-0.04749891610030832,44.92125984251968,100.0,44.92125984251968
"Cabrera, Génesis",FC,146,0.9433372737056862,0.19437457866595545,0.19437457866595545,True,1.0,-0.19437457866595545,39.44881889763779,48.66666666666667,44.875196850393706
"Speier, Gabe",SL,264,0.9901992178227694,0.07515488293083941,0.07515488293083941,True,1.0,-0.07515488293083941,44.173228346456696,88.0,44.87480314960631
"Morejon, Adrian",CH,69,1.0307226135523389,0.508210040138369,0.508210040138369,True,1.0,-0.508210040138369,27.519685039370078,23.0,44.84468503937008
"Wilson, Justin",FC,127,0.9466229371105755,0.2367945020215104,0.2367945020215104,True,1.0,-0.2367945020215104,37.75590551181102,42.333333333333336,44.82801837270341
"Jobe, Jackson",CU,69,1.1582396400464077,0.5110196448708749,0.5110196448708749,True,1.0,-0.5110196448708749,27.401574803149607,23.0,44.81751968503937
"Puk, A.J.",SL,57,1.0473219240066036,0.6841660582020195,0.6841660582020195,True,1.0,-0.6841660582020195,22.51968503937008,19.0,44.79468503937008
"Darnell, Dugan",FS,50,1.1430021928764318,0.8425654284932191,0.8425654284932191,True,1.0,-0.8425654284932191,18.26771653543307,16.666666666666664,44.72769028871391
"Cruz, Steven",FF,322,0.9433376408237834,0.053790483439393445,0.053790483439393445,True,1.0,-0.053790483439393445,44.724409448818896,100.0,44.724409448818896
"De los Santos, Yerry",CH,163,0.9944172012026656,0.1758473509907207,0.1758473509907207,True,1.0,-0.1758473509907207,40.23622047244094,54.333333333333336,44.704002624671915
"Ellard, Fraser",FF,168,0.9513209796516193,0.16683551459808174,0.16683551459808174,True,1.0,-0.16683551459808174,40.47244094488189,56.00000000000001,44.673228346456696
"Wentz, Joey",FC,167,0.9414729146275794,0.1703045631303299,0.1703045631303299,True,1.0,-0.1703045631303299,40.39370078740158,55.666666666666664,44.661220472440945
"Wilson, Justin",SL,281,0.989930751813147,0.07229264458529758,0.07229264458529758,True,1.0,-0.07229264458529758,44.29133858267716,93.66666666666667,44.65413385826771
"Baz, Shane",SL,82,1.022063640276005,0.41487599672278835,0.41487599672278835,True,1.0,-0.41487599672278835,30.275590551181104,27.333333333333332,44.622965879265095
"Sisk, Evan",ST,88,1.0524030406892482,0.3782036620608773,0.3782036620608773,True,1.0,-0.3782036620608773,31.53543307086614,29.333333333333332,44.59763779527559
"Quantrill, Cal",FC,432,0.9332321667949901,0.06391147035926192,0.06391147035926192,True,1.0,-0.06391147035926192,44.56692913385827,100.0,44.56692913385827
"Barnett, Mason",ST,92,1.0511630413583035,0.3650285517433226,0.3650285517433226,True,1.0,-0.3650285517433226,32.16535433070866,30.666666666666664,44.54435695538058
"Bivens, Spencer",ST,108,1.0451884270483984,0.30154770891264676,0.30154770891264676,True,1.0,-0.30154770891264676,34.76377952755906,36.0,44.52755905511812
"Duran, Jhoan",ST,65,1.073332667460166,0.6005829285093662,0.6005829285093662,True,1.0,-0.6005829285093662,24.64566929133858,21.666666666666668,44.52198162729659
"Miller, Bryce",ST,77,1.0612617109268279,0.4723278722393106,0.4723278722393106,True,1.0,-0.4723278722393106,28.58267716535433,25.666666666666664,44.517519685039375
"Trivino III, Lou",CH,140,0.999941973380241,0.22642460708084744,0.22642460708084744,True,1.0,-0.22642460708084744,38.22834645669291,46.666666666666664,44.51706036745407
"Burke, Brock",CH,223,0.9876974491919642,0.11433049429808105,0.11433049429808105,True,1.0,-0.11433049429808105,42.59842519685039,74.33333333333333,44.503215223097115
"Wilson, Bryse",FC,205,0.9383231684800418,0.12963941466467338,0.12963941466467338,True,1.0,-0.12963941466467338,41.88976377952756,68.33333333333333,44.464238845144365
"Seymour, Ian",ST,54,1.0938772184335728,0.8188707281431408,0.8188707281431408,True,1.0,-0.8188707281431408,18.937007874015748,18.0,44.424803149606305
"Miller, Shelby",ST,59,1.0846469222071564,0.7207979566408369,0.7207979566408369,True,1.0,-0.7207979566408369,21.49606299212598,19.666666666666664,44.41003937007874
"Treinen, Blake",FF,77,0.9741774963389935,0.49048652037703677,0.49048652037703677,True,1.0,-0.49048652037703677,28.07086614173228,25.666666666666664,44.38615485564305
"Ginn, J.T.",FC,210,0.938276278815072,0.1290340404223738,0.1290340404223738,True,1.0,-0.1290340404223738,41.968503937007874,70.0,44.38385826771653
"Dubin, Shawn",ST,96,1.0509633090163872,0.3629063766960781,0.3629063766960781,True,1.0,-0.3629063766960781,32.32283464566929,32.0,44.35669291338583
"De los Santos, Yerry",FF,65,0.9847561907243247,0.6402820961627346,0.6402820961627346,True,1.0,-0.6402820961627346,23.858267716535433,21.666666666666668,44.35137795275591
"Senga, Kodai",ST,148,1.037479840637133,0.21964324830019358,0.21964324830019358,True,1.0,-0.21964324830019358,38.503937007874015,49.333333333333336,44.33858267716535
"Ragans, Cole",CH,207,0.9895227767468365,0.13104069631615897,0.13104069631615897,True,1.0,-0.13104069631615897,41.77165354330709,69.0,44.32854330708662
"Jobe, Jackson",CH,148,0.9992630919742586,0.22020969764719361,0.22020969764719361,True,1.0,-0.22020969764719361,38.46456692913386,49.333333333333336,44.31916010498688
"Pivetta, Nick",FC,250,0.9356424892782881,0.09503020724859788,0.09503020724859788,True,1.0,-0.09503020724859788,43.1496062992126,83.33333333333334,44.29461942257218
"Smith, Shane",CH,406,0.9831370627766393,0.07258183495353422,0.07258183495353422,True,1.0,-0.07258183495353422,44.25196850393701,100.0,44.25196850393701
"Alexander, Tyler",FC,271,0.9352083707348012,0.08942547143952691,0.08942547143952691,True,1.0,-0.08942547143952691,43.62204724409449,90.33333333333333,44.240485564304464
"Guenther, Sean",SL,53,1.0675295957496167,0.8996092460317554,0.8996092460317554,True,1.0,-0.8996092460317554,17.283464566929133,17.666666666666668,44.236286089238845
"Seymour, Carson",FC,62,0.9825738623523231,0.7009429266735423,0.7009429266735423,True,1.0,-0.7009429266735423,21.968503937007874,20.666666666666668,44.22244094488189
"Alcantara, Sandy",FF,495,0.9446890818830049,0.07292705022472759,0.07292705022472759,True,1.0,-0.07292705022472759,44.21259842519685,100.0,44.21259842519685
"Rodríguez, Manuel",FF,70,0.9805221867251186,0.5803280939165326,0.5803280939165326,True,1.0,-0.5803280939165326,25.11811023622047,23.333333333333332,44.20931758530184
"Sauer, Matt",FF,112,0.9614000491635585,0.30955634251220887,0.30955634251220887,True,1.0,-0.30955634251220887,34.44881889763779,37.333333333333336,44.20656167979003
"Teng, Kai-Wei",SI,71,0.9461990295488074,0.5778352305053402,0.5778352305053402,True,1.0,-0.5778352305053402,25.393700787401574,23.666666666666668,44.19153543307087
"Domínguez, Seranthony",CU,55,1.2036739809778505,0.8588275349548898,0.8588275349548898,True,1.0,-0.8588275349548898,17.913385826771652,18.333333333333332,44.13353018372703
"Martinez, Nick",CU,283,1.1029049626654748,0.08742293379758073,0.08742293379758073,True,1.0,-0.08742293379758073,43.74015748031496,94.33333333333334,44.09599737532809
"Anderson, Tyler",CH,795,0.9834991689077051,0.07589678332318034,0.07589678332318034,True,1.0,-0.07589678332318034,44.09448818897638,100.0,44.09448818897638
"Minter, A.J.",FC,88,0.9615048268449038,0.42892879702464864,0.42892879702464864,True,1.0,-0.42892879702464864,29.80314960629921,29.333333333333332,44.089501312335955
"Hancock, Emerson",ST,56,1.096668790942266,0.848531450406167,0.848531450406167,True,1.0,-0.848531450406167,18.11023622047244,18.666666666666668,44.063254593175856
"Rodríguez, Yariel",SI,72,0.9462803371323465,0.578961486736744,0.578961486736744,True,1.0,-0.578961486736744,25.15748031496063,24.0,44.052755905511816
"Kershaw, Clayton",FS,99,1.0831893597223332,0.3719306805516844,0.3719306805516844,True,1.0,-0.3719306805516844,31.88976377952756,33.0,44.03681102362205
"Manaea, Sean",CH,61,1.0574509560974592,0.7528981797246878,0.7528981797246878,True,1.0,-0.7528981797246878,20.551181102362204,20.333333333333332,44.02775590551181
"Gasser, Robert",FF,50,1.012510330550112,1.033284030447312,1.033284030447312,True,1.0,-1.033284030447312,14.05511811023622,16.666666666666664,44.025590551181104
"Melton, Troy",FF,346,0.9450402382463142,0.0778994662636734,0.0778994662636734,True,1.0,-0.0778994662636734,44.01574803149606,100.0,44.01574803149606
"Lugo, Seth",SL,134,1.0076580722918538,0.2612916784266138,0.2612916784266138,True,1.0,-0.2612916784266138,36.574803149606296,44.666666666666664,44.01430446194226
"Ureña, José",FF,94,0.9679456657350726,0.40224305483107126,0.40224305483107126,True,1.0,-0.40224305483107126,30.826771653543304,31.333333333333336,44.00590551181103
"Shugart, Chase",FC,176,0.9428667562364145,0.18829991047132066,0.18829991047132066,True,1.0,-0.18829991047132066,39.76377952755906,58.666666666666664,44.002887139107614
"Curvelo, Luis",SI,75,0.9448819196314608,0.5595908898511586,0.5595908898511586,True,1.0,-0.5595908898511586,25.94488188976378,25.0,44.00098425196851
"Tidwell, Blade",SL,53,1.0724439590569335,0.9520035104748069,0.9520035104748069,True,1.0,-0.9520035104748069,15.866141732283465,17.666666666666668,43.98589238845145
"Fermin, José",FF,304,0.9451454981143783,0.0793899585654125,0.0793899585654125,True,1.0,-0.0793899585654125,43.97637795275591,100.0,43.97637795275591
"Eder, Jake",ST,59,1.0924654515085053,0.8038705708718707,0.8038705708718707,True,1.0,-0.8038705708718707,19.251968503937007,19.666666666666664,43.96870078740158
"Evans, Logan",CH,163,0.9978937492054859,0.20767386853690223,0.20767386853690223,True,1.0,-0.20767386853690223,38.85826771653543,54.333333333333336,43.95531496062992
"Megill, Tylor",CH,89,1.0240061654823505,0.4467234298070594,0.4467234298070594,True,1.0,-0.4467234298070594,29.448818897637796,29.666666666666668,43.91699475065617
"Eder, Jake",FF,135,0.9583796149468877,0.2667866333091149,0.2667866333091149,True,1.0,-0.2667866333091149,36.417322834645674,45.0,43.8986220472441
"Ferguson, Caleb",FF,350,0.9453245193479201,0.08192492061077003,0.08192492061077003,True,1.0,-0.08192492061077003,43.89763779527559,100.0,43.89763779527559
"Trivino III, Lou",FF,132,0.9586729500403518,0.2709402932621363,0.2709402932621363,True,1.0,-0.2709402932621363,36.10236220472441,44.0,43.89606299212599
"Dana, Caden",SL,155,1.0045966068829557,0.22865200199523492,0.22865200199523492,True,1.0,-0.22865200199523492,38.110236220472444,51.66666666666667,43.86646981627297
"Ohtani, Shohei",SI,59,0.9642830247796794,0.8283310813340233,0.8283310813340233,True,1.0,-0.8283310813340233,18.700787401574804,19.666666666666664,43.86030183727035
"Crochet, Garrett",FC,874,0.9346902218403208,0.08273585242440883,0.08273585242440883,True,1.0,-0.08273585242440883,43.85826771653543,100.0,43.85826771653543
"Keller, Mitch",CH,200,0.9917947269958494,0.1518395647355221,0.1518395647355221,True,1.0,-0.1518395647355221,40.74803149606299,66.66666666666666,43.838582677165356
"Brieske, Beau",SI,67,0.9541597829616343,0.6881059795253981,0.6881059795253981,True,1.0,-0.6881059795253981,22.32283464566929,22.333333333333332,43.834055118110236
"Bido, Osvaldo",CH,146,1.0024253890500816,0.2491593636055739,0.2491593636055739,True,1.0,-0.2491593636055739,37.28346456692913,48.66666666666667,43.82139107611549
"Abbott, Andrew",FF,1263,0.9455394348885279,0.0849681503306193,0.0849681503306193,True,1.0,-0.0849681503306193,43.818897637795274,100.0,43.818897637795274
"Perkins, Jack",CH,66,1.0531341072519127,0.7133790172061364,0.7133790172061364,True,1.0,-0.7133790172061364,21.653543307086615,22.0,43.77913385826773
"Junk, Janson",CH,127,1.0073304977591688,0.29406382868675496,0.29406382868675496,True,1.0,-0.29406382868675496,35.23622047244094,42.333333333333336,43.76135170603675
"Mazur, Adam",ST,60,1.0953651048722974,0.8346796624554336,0.8346796624554336,True,1.0,-0.8346796624554336,18.58267716535433,20.0,43.73228346456693
"Gibaut, Ian",ST,64,1.0877917877333412,0.7542124506710828,0.7542124506710828,True,1.0,-0.7542124506710828,20.47244094488189,21.333333333333336,43.71627296587927
"Kent, Zak",SL,118,1.013172712121243,0.32008576414246304,0.32008576414246304,True,1.0,-0.32008576414246304,33.93700787401575,39.33333333333333,43.69383202099738
"Muñoz, Roddery",SI,50,0.9864565089229973,1.1354737069212397,1.1354737069212397,True,1.0,-1.1354737069212397,12.047244094488189,16.666666666666664,43.69094488188976
"Adams, Travis",CH,111,1.012895323581465,0.34500776115398374,0.34500776115398374,True,1.0,-0.34500776115398374,32.874015748031496,37.0,43.67578740157481
"Morillo, Juan",SL,130,1.0106067588758636,0.2927289684642205,0.2927289684642205,True,1.0,-0.2927289684642205,35.35433070866142,43.333333333333336,43.664698162729664
"Cabrera, Edward",FF,292,0.9459377356536169,0.09060813672866976,0.09060813672866976,True,1.0,-0.09060813672866976,43.46456692913386,97.33333333333334,43.639370078740164
"Tidwell, Blade",SI,58,0.9702412800949246,0.9108636310052886,0.9108636310052886,True,1.0,-0.9108636310052886,17.00787401574803,19.333333333333332,43.63740157480315
"Dobbins, Hunter",FS,81,1.1058307230144138,0.5500832900187528,0.5500832900187528,True,1.0,-0.5500832900187528,26.25984251968504,27.0,43.60452755905512
"Kikuchi, Yusei",SL,1121,0.9915684125954707,0.08975249171734206,0.08975249171734206,True,1.0,-0.08975249171734206,43.58267716535433,100.0,43.58267716535433
"Bergert, Ryan",CH,99,1.0201220525271812,0.41116580511188416,0.41116580511188416,True,1.0,-0.41116580511188416,30.511811023622048,33.0,43.58208661417323
"Spiers, Carson",CH,55,1.0854631101352155,1.009339141065005,1.009339141065005,True,1.0,-1.009339141065005,14.724409448818898,18.333333333333332,43.54888451443569
"Skenes, Paul",SL,168,1.0038372933987407,0.22055661526875853,0.22055661526875853,True,1.0,-0.22055661526875853,38.425196850393704,56.00000000000001,43.52677165354331
"Tidwell, Blade",FF,120,0.96252590748076,0.3254986307318368,0.3254986307318368,True,1.0,-0.3254986307318368,33.740157480314956,40.0,43.50787401574803
"Sugano, Tomoyuki",FF,485,0.9459231905287144,0.09040217602309653,0.09040217602309653,True,1.0,-0.09040217602309653,43.503937007874015,100.0,43.503937007874015
"Graveman, Kendall",FF,52,1.0184139766505347,1.116880364232516,1.116880364232516,True,1.0,-1.116880364232516,12.36220472440945,17.333333333333336,43.492388451443574
"Morales, Luis",CH,107,1.0164011494112806,0.37710230643164555,0.37710230643164555,True,1.0,-0.37710230643164555,31.69291338582677,35.66666666666667,43.483136482939635
"Barlow, Scott",FF,271,0.9474558864380408,0.11210533313105547,0.11210533313105547,True,1.0,-0.11210533313105547,42.67716535433071,90.33333333333333,43.386942257217854
"Lynch IV, Daniel",SL,318,0.9917692378895131,0.09189358160120273,0.09189358160120273,True,1.0,-0.09189358160120273,43.38582677165354,100.0,43.38582677165354
"Avila, Luinder",SI,52,0.9875671776527923,1.1508584659253707,1.1508584659253707,True,1.0,-1.1508584659253707,11.653543307086615,17.333333333333336,43.36955380577428
"Reynolds, Sean",ST,52,1.1255288353394381,1.1551721551334833,1.1551721551334833,True,1.0,-1.1551721551334833,11.5748031496063,17.333333333333336,43.35590551181103
"Peguero, Elvis",SI,94,0.9380677786289252,0.4652027844405339,0.4652027844405339,True,1.0,-0.4652027844405339,28.74015748031496,31.333333333333336,43.35209973753281
"Suarez, Ranger",CH,470,0.9852810892732389,0.09220960849733405,0.09220960849733405,True,1.0,-0.09220960849733405,43.346456692913385,100.0,43.346456692913385
"Santana, Dennis",SI,85,0.9435432098175881,0.5410473517912566,0.5410473517912566,True,1.0,-0.5410473517912566,26.456692913385826,28.333333333333332,43.343503937007874
"Lynch IV, Daniel",CH,209,0.9938680104093556,0.17081971138807325,0.17081971138807325,True,1.0,-0.17081971138807325,40.354330708661415,69.66666666666667,43.28615485564304
"Taylor, Grant",FC,102,0.9608299351968209,0.42021553323068317,0.42021553323068317,True,1.0,-0.42021553323068317,30.0,34.0,43.21299212598425
"De los Santos, Yerry",SI,306,0.9113013208785873,0.0944392157577307,0.0944392157577307,True,1.0,-0.0944392157577307,43.188976377952756,100.0,43.188976377952756
"Dubin, Shawn",SI,82,0.9470975136296023,0.590280850591023,0.590280850591023,True,1.0,-0.590280850591023,24.921259842519685,27.333333333333332,43.159448818897644
"Tate, Dillon",ST,60,1.1073086342693839,0.9615807933356367,0.9615807933356367,True,1.0,-0.9615807933356367,15.708661417322833,20.0,43.15748031496064
"Heineman, Tyler",EP,53,1.1025090476797825,1.2062746510328641,,True,1.0,-1.2062746510328641,10.866141732283465,17.666666666666668,43.102559055118114
"Walker, Taijuan",FF,198,0.9530366358161625,0.19112941076870824,0.19112941076870824,True,1.0,-0.19112941076870824,39.52755905511811,66.0,43.09488188976378
"Soriano, George",SL,111,1.0196580512370776,0.38922891685402594,0.38922891685402594,True,1.0,-0.38922891685402594,31.299212598425196,37.0,43.093110236220475
"Romero, JoJo",FF,59,1.0108358220370186,1.0095727899349962,1.0095727899349962,True,1.0,-1.0095727899349962,14.685039370078739,19.666666666666664,43.07053805774279
"Rock, Joe",SI,64,0.9688558047760698,0.8916723066122031,0.8916723066122031,True,1.0,-0.8916723066122031,17.362204724409448,21.333333333333336,43.052755905511816
"King, John",SL,112,1.0195133675939687,0.3876863786687951,0.3876863786687951,True,1.0,-0.3876863786687951,31.338582677165356,37.333333333333336,43.04540682414699
"Schmidt, Clarke",SI,102,0.9366680892345701,0.44581456954340165,0.44581456954340165,True,1.0,-0.44581456954340165,29.488188976377955,34.0,43.03897637795275
"Pérez, Cionel",SV,95,1.131357299957572,0.5012934142769465,0.5012934142769465,True,1.0,-0.5012934142769465,27.79527559055118,31.666666666666664,42.98195538057743
"Herget, Kevin",CH,79,1.0477077961490784,0.6637031360201736,0.6637031360201736,True,1.0,-0.6637031360201736,23.228346456692915,26.333333333333332,42.964632545931764
"Zastryzny, Rob",ST,50,1.1574683918122461,1.4945329672900804,1.4945329672900804,True,1.0,-1.4945329672900804,7.677165354330709,16.666666666666664,42.96259842519685
"Povich, Cade",FF,733,0.9465817957763687,0.0997281049793818,0.0997281049793818,True,1.0,-0.0997281049793818,42.952755905511815,100.0,42.952755905511815
"Thompson, Mason",SL,80,1.0444105218384991,0.6531262742958054,0.6531262742958054,True,1.0,-0.6531262742958054,23.46456692913386,26.666666666666668,42.93832020997375
"Strowd, Kade",FF,74,0.9913621132639271,0.7338227481913613,0.7338227481913613,True,1.0,-0.7338227481913613,21.22047244094488,24.666666666666668,42.91587926509186
"Pepiot, Ryan",FF,1213,0.9465903206745029,0.0998488185549905,0.0998488185549905,True,1.0,-0.0998488185549905,42.91338582677165,100.0,42.91338582677165
"Chandler, Bubba",FF,249,0.9494217946545964,0.13994282824284604,0.13994282824284604,True,1.0,-0.13994282824284604,41.41732283464567,83.0,42.87972440944882
"Dana, Caden",CH,109,1.0203496432111996,0.41324931406742893,0.41324931406742893,True,1.0,-0.41324931406742893,30.35433070866142,36.333333333333336,42.8746062992126
"Roupp, Landen",SI,739,0.9118383906523998,0.10187859783165791,0.10187859783165791,True,1.0,-0.10187859783165791,42.874015748031496,100.0,42.874015748031496
"Mattson, Isaac",CH,90,1.035520922965532,0.5521367969693158,0.5521367969693158,True,1.0,-0.5521367969693158,26.181102362204722,30.0,42.86811023622047
"Ryan, Joe",ST,367,1.0264736436501083,0.10270136304101343,0.10270136304101343,True,1.0,-0.10270136304101343,42.83464566929134,100.0,42.83464566929134
"Melton, Troy",FS,74,1.1302255380672548,0.7420328605046557,0.7420328605046557,True,1.0,-0.7420328605046557,20.866141732283463,24.666666666666668,42.828477690288715
"Roycroft, Chris",SI,190,0.9199847338423958,0.21472009897499178,0.21472009897499178,True,1.0,-0.21472009897499178,38.661417322834644,63.33333333333333,42.8261154855643
"Bivens, Spencer",FC,352,0.9365989809055413,0.10737909893906525,0.10737909893906525,True,1.0,-0.10737909893906525,42.79527559055118,100.0,42.79527559055118
"Meyer, Max",FF,231,0.9508625679406741,0.1603443500283634,0.1603443500283634,True,1.0,-0.1603443500283634,40.59055118110236,77.0,42.75925196850394
"Poulin, PJ",CH,94,1.0332819674569764,0.5316399832563002,0.5316399832563002,True,1.0,-0.5316399832563002,26.77165354330709,31.333333333333336,42.73530183727034
"Elder, Bryce",FF,309,0.9474302570487589,0.11174241791820701,0.11174241791820701,True,1.0,-0.11174241791820701,42.71653543307087,100.0,42.71653543307087
"Loáisiga, Jonathan",CH,88,1.0387598578712582,0.5817880540566369,0.5817880540566369,True,1.0,-0.5817880540566369,25.07874015748032,29.333333333333332,42.703674540682414
"Hall, DL",CH,104,1.0257187841606161,0.46240182353829024,0.46240182353829024,True,1.0,-0.46240182353829024,28.89763779527559,34.66666666666667,42.69737532808399
"Hicks, Jordan",FS,72,1.1367866665363937,0.7936588223668823,0.7936588223668823,True,1.0,-0.7936588223668823,19.409448818897637,24.0,42.673228346456696
"Aldegheri, Sam",SL,53,1.1157094724035457,1.4132768445345314,1.4132768445345314,True,1.0,-1.4132768445345314,8.425196850393702,17.666666666666668,42.671325459317586
"Kelly, Merrill",SI,365,0.9126755063888742,0.1134741560019151,0.1134741560019151,True,1.0,-0.1134741560019151,42.63779527559055,100.0,42.63779527559055
"González, Wikelman",CH,57,1.1055684865551338,1.1933964631218343,1.1933964631218343,True,1.0,-1.1933964631218343,11.062992125984252,19.0,42.617913385826775
"Peguero, Joel",SL,104,1.0273502938748669,0.4712394174461156,0.4712394174461156,True,1.0,-0.4712394174461156,28.661417322834648,34.66666666666667,42.615485564304464
"Ohtani, Shohei",FS,56,1.195782446096051,1.2578646186571243,1.2578646186571243,True,1.0,-1.2578646186571243,10.118110236220472,18.666666666666668,42.57139107611549
"Bieber, Shane",CH,136,1.0111686804496647,0.3292009787118431,0.3292009787118431,True,1.0,-0.3292009787118431,33.58267716535433,45.33333333333333,42.56824146981627
"DeSclafani, Anthony",SI,113,0.9344415872750033,0.4149735139241596,0.4149735139241596,True,1.0,-0.4149735139241596,30.236220472440944,37.666666666666664,42.56791338582677
"Crochet, Garrett",ST,504,1.0276339881168435,0.11503013288313414,0.11503013288313414,True,1.0,-0.11503013288313414,42.55905511811024,100.0,42.55905511811024
"Márquez, Germán",SI,413,0.9128985919215571,0.11656429176027765,0.11656429176027765,True,1.0,-0.11656429176027765,42.51968503937008,100.0,42.51968503937008
"Cavalli, Cade",SI,146,0.9265661453672801,0.305884482648638,0.305884482648638,True,1.0,-0.305884482648638,34.56692913385827,48.66666666666667,42.499343832021
"Gilbert, Logan",SL,853,0.9941211354684252,0.11696823237214325,0.11696823237214325,True,1.0,-0.11696823237214325,42.44094488188976,100.0,42.44094488188976
"Rodríguez, Elvin",FC,57,1.0264108721833476,1.2669055247904348,1.2669055247904348,True,1.0,-1.2669055247904348,10.0,19.0,42.415944881889764
"Leasure, Jordan",SL,480,0.9942178475964061,0.11799932439595381,0.11799932439595381,True,1.0,-0.11799932439595381,42.40157480314961,100.0,42.40157480314961
"Schultz, Paxton",SL,66,1.0748481319062548,0.9776354917014708,0.9776354917014708,True,1.0,-0.9776354917014708,15.31496062992126,22.0,42.384645669291345
"Ross, Joe",SI,246,0.9155156806237973,0.15281567608063182,0.15281567608063182,True,1.0,-0.15281567608063182,40.70866141732283,82.0,42.38464566929134
"Walter, Brandon",CH,149,1.0082203847324387,0.30221041643584284,0.30221041643584284,True,1.0,-0.30221041643584284,34.645669291338585,49.666666666666664,42.383923884514445
"Holman, Grant",FF,179,0.957147724716522,0.24934292053693288,0.24934292053693288,True,1.0,-0.24934292053693288,37.20472440944882,59.66666666666667,42.37342519685039
"Lucas, Easton",SL,53,1.132516272305864,1.5924617894514979,1.5924617894514979,True,1.0,-1.5924617894514979,6.73228346456693,17.666666666666668,42.37224409448819
"Jarvis, Bryce",SL,86,1.0449210233821002,0.6585689636537939,0.6585689636537939,True,1.0,-0.6585689636537939,23.30708661417323,28.666666666666668,42.36207349081366
"Hurter, Brant",FF,57,1.030935544244881,1.2941872566724313,1.2941872566724313,True,1.0,-1.2941872566724313,9.645669291338582,19.0,42.3486220472441
"Rodriguez, Bradgley",FF,52,1.0602779058735525,1.709678601348553,1.709678601348553,True,1.0,-1.709678601348553,5.708661417322835,17.333333333333336,42.33910761154856
"Brogdon, Connor",FF,352,0.9480076976964049,0.1199190464458386,0.1199190464458386,True,1.0,-0.1199190464458386,42.28346456692913,100.0,42.28346456692913
"Dubin, Shawn",FF,193,0.9558058981042067,0.2303424954679323,0.2303424954679323,True,1.0,-0.2303424954679323,37.99212598425197,64.33333333333333,42.28195538057743
"Sims, Lucas",FF,125,0.9667016259129401,0.3846273023885886,0.3846273023885886,True,1.5,-0.3846273023885886,31.417322834645667,41.66666666666667,42.26870078740157
"Blackburn, Paul",CU,85,1.1806898853562664,0.6828802307847939,0.6828802307847939,True,1.0,-0.6828802307847939,22.598425196850393,28.333333333333332,42.2503280839895
"Woods Richardson, Simeon",FF,856,0.9481284706648895,0.12162920610207925,0.12162920610207925,True,1.0,-0.12162920610207925,42.24409448818898,100.0,42.24409448818898
"Alexander, Jason",CH,410,0.9885009329281564,0.1216860922093563,0.1216860922093563,True,1.0,-0.1216860922093563,42.204724409448815,100.0,42.204724409448815
"Canning, Griffin",FC,50,1.0874666031077223,2.0551723394541814,2.0551723394541814,True,1.0,-2.0551723394541814,3.1102362204724407,16.666666666666664,42.20144356955381
"Nikhazy, Doug",FF,50,1.0868063221163875,2.085324143324734,2.085324143324734,True,1.0,-2.085324143324734,2.952755905511811,16.666666666666664,42.175196850393704
"Bido, Osvaldo",SL,411,0.9948298530611894,0.12452419326649715,0.12452419326649715,True,1.0,-0.12452419326649715,42.08661417322835,100.0,42.08661417322835
"Burrows, Mike",FF,602,0.9483646570039279,0.12497363286782807,0.12497363286782807,True,1.0,-0.12497363286782807,42.04724409448819,100.0,42.04724409448819
"Otañez, Michel",FF,51,1.0854731399175517,2.0664461241829035,2.0664461241829035,True,1.0,-2.0664461241829035,3.0708661417322833,17.0,42.03838582677165
"Robert, Daniel",FF,60,1.0284119445535367,1.258452783679079,1.258452783679079,True,1.0,-1.258452783679079,10.078740157480315,20.0,42.03149606299213
"Hill, Tim",FF,127,0.9671798453316074,0.39139894646505474,0.39139894646505474,True,1.0,-0.39139894646505474,31.141732283464567,42.333333333333336,42.028018372703414
"Festa, David",FF,278,0.9495434002204899,0.14166477757782414,0.14166477757782414,True,1.0,-0.14166477757782414,41.37795275590551,92.66666666666666,42.01167979002624
"Lara, Andry",FF,116,0.9712867610927058,0.44955336408299396,0.44955336408299396,True,1.0,-0.44955336408299396,29.291338582677167,38.666666666666664,42.00472440944882
"McDonald, Trevor",SL,107,1.0313006041070987,0.5133554731783998,0.5133554731783998,True,1.0,-0.5133554731783998,27.36220472440945,35.66666666666667,41.93851706036746
"Dodd, Dylan",FC,289,0.9390311231946237,0.13877954286133426,0.13877954286133426,True,1.0,-0.13877954286133426,41.496062992125985,96.33333333333334,41.808595800524934
"Alcala, Jorge",SL,163,1.0112229073265646,0.2992980075936925,0.2992980075936925,True,1.0,-0.2992980075936925,34.881889763779526,54.333333333333336,41.79481627296588
"Gage, Matt",SI,50,1.1195921421214385,2.979641618264517,2.979641618264517,True,1.0,-2.979641618264517,0.6692913385826772,16.666666666666664,41.79461942257218
"Stanek, Ryne",ST,98,1.0727949568681228,0.5948697025484376,0.5948697025484376,True,1.0,-0.5948697025484376,24.803149606299215,32.666666666666664,41.78228346456693
"Fried, Max",SL,52,1.1914548829111486,2.220833148435415,2.220833148435415,True,1.0,-2.220833148435415,2.4803149606299213,17.333333333333336,41.779527559055126
"Hanifee, Brenan",FF,116,0.9728642772532867,0.4718911813010739,0.4718911813010739,True,1.0,-0.4718911813010739,28.62204724409449,38.666666666666664,41.74593175853018
"Devenski, Chris",FF,56,1.0603062877278469,1.7100804917946728,1.7100804917946728,True,1.0,-1.7100804917946728,5.669291338582677,18.666666666666668,41.74094488188977
"Mattson, Isaac",SL,68,1.0832002676584995,1.0666814131977196,1.0666814131977196,True,1.0,-1.0666814131977196,13.346456692913385,22.666666666666664,41.70708661417323
"Whitley, Forrest",FC,68,1.010990170003164,1.0678148316905869,1.0678148316905869,True,1.0,-1.0678148316905869,13.267716535433072,22.666666666666664,41.68923884514436
"Bernardino, Brennan",FC,103,0.9717571003235572,0.5612919156987949,0.5612919156987949,True,1.0,-0.5612919156987949,25.74803149606299,34.333333333333336,41.68641732283464
"Cavalli, Cade",CH,107,1.0340341192084215,0.5385256557381234,0.5385256557381234,True,1.0,-0.5385256557381234,26.614173228346456,35.66666666666667,41.671719160104985
"Rangel, Alan",CH,54,1.1918403167406035,1.9831833191962032,1.9831833191962032,True,1.0,-1.9831833191962032,3.582677165354331,18.0,41.66102362204725
"Anderson, Tyler",SI,85,0.9589046195745287,0.7538304983176292,0.7538304983176292,True,1.0,-0.7538304983176292,20.511811023622048,28.333333333333332,41.659120734908136
"Hernández, Carlos",SL,147,1.0154680849593158,0.3445577789188895,0.3445577789188895,True,1.0,-0.3445577789188895,32.95275590551181,49.0,41.65688976377953
"Holton, Tyler",FC,369,0.9387888264667196,0.1356513439680152,0.1356513439680152,True,1.0,-0.1356513439680152,41.653543307086615,100.0,41.653543307086615
"Bautista, Félix",SL,57,1.1399909048840704,1.6721522501331738,1.6721522501331738,True,1.0,-1.6721522501331738,5.94488188976378,19.0,41.645472440944886
"Seymour, Ian",SI,54,1.0487158769666538,1.9978779030652265,1.9978779030652265,True,1.0,-1.9978779030652265,3.4645669291338583,18.0,41.63976377952757
"Funderburk, Kody",SI,237,0.918549738062099,0.19484282714805926,0.19484282714805926,True,1.0,-0.19484282714805926,39.40944881889764,79.0,41.63759842519685
"Mlodzinski, Carmen",FS,250,1.05930084319888,0.1839648986308155,0.1839648986308155,True,1.0,-0.1839648986308155,39.960629921259844,83.33333333333334,41.63713910761155
"Simpson, Josh",ST,158,1.046712258129297,0.3177385584519457,0.3177385584519457,True,1.0,-0.3177385584519457,34.09448818897638,52.666666666666664,41.632414698162734
"Bubic, Kris",SL,243,1.0010062524638585,0.19037359905372234,0.19037359905372234,True,1.0,-0.19037359905372234,39.64566929133858,81.0,41.61673228346456
"Hernández, Enrique",CS,51,1.3155951398716934,3.1783613604922456,,True,1.0,-3.1783613604922456,0.5118110236220472,17.0,41.60334645669291
"McLean, Nolan",CH,64,1.108599571472522,1.2211449300577044,1.2211449300577044,True,1.0,-1.2211449300577044,10.551181102362204,21.333333333333336,41.599737532808405
"Teng, Kai-Wei",CH,59,1.1434084144156684,1.539807077047653,1.539807077047653,True,1.0,-1.539807077047653,7.204724409448819,19.666666666666664,41.5994094488189
"Henriquez, Edgardo",FC,55,1.0777976121846071,1.930339755181017,1.930339755181017,True,1.0,-1.930339755181017,3.8976377952755907,18.333333333333332,41.563976377952756
"Murphy, Chris",SL,114,1.03032752797983,0.5029810656006319,0.5029810656006319,True,1.0,-0.5029810656006319,27.716535433070867,38.0,41.54448818897638
"Bello, Brayan",FC,428,0.9389638209683866,0.1379106299731831,0.1379106299731831,True,1.0,-0.1379106299731831,41.53543307086614,100.0,41.53543307086614
"McDermott, Chayce",SL,52,1.2385705340472966,2.7231545542131537,2.7231545542131537,True,1.0,-2.7231545542131537,1.0629921259842519,17.333333333333336,41.53385826771654
"Santos, Gregory",SI,51,1.2424475418309386,4.681409810870107,4.681409810870107,True,1.0,-4.681409810870107,0.07874015748031496,17.0,41.52972440944882
"Schultz, Paxton",FC,129,0.9605394318836636,0.41646495784906357,0.41646495784906357,True,1.0,-0.41646495784906357,30.157480314960626,43.0,41.47893700787402
"Oviedo, Johan",SI,61,1.0105388677795613,1.469057679639738,1.469057679639738,True,1.0,-1.469057679639738,7.9921259842519685,20.333333333333332,41.474081364829395
"Eder, Jake",CH,53,1.239659123461729,2.42094689671987,2.42094689671987,True,1.0,-2.42094689671987,1.574803149606299,17.666666666666668,41.46108923884515
"Rojas, Miguel",EP,54,1.214865222187322,2.2461178251826825,,True,1.0,-2.2461178251826825,2.3622047244094486,18.0,41.441338582677176
"Hill, Jaden",SL,119,1.0285034259419377,0.48353348336711033,0.48353348336711033,True,1.0,-0.48353348336711033,28.385826771653544,39.666666666666664,41.438254593175856
"Dunning, Dane",FC,147,0.9562110317821354,0.3605826662285108,0.3605826662285108,True,1.0,-0.3605826662285108,32.40157480314961,49.0,41.38681102362205
"Chandler, Bubba",SL,80,1.0654079186823415,0.8769890809413831,0.8769890809413831,True,1.0,-0.8769890809413831,17.598425196850393,26.666666666666668,41.374015748031496
"Santana, Dennis",CH,61,1.1422184949837593,1.5289138025559799,1.5289138025559799,True,1.0,-1.5289138025559799,7.322834645669292,20.333333333333332,41.33799212598425
"Morgan, David",SL,144,1.018031295643183,0.3718853349003204,0.3718853349003204,True,1.0,-0.3718853349003204,31.929133858267715,48.0,41.33622047244094
"Weissert, Greg",ST,96,1.080460350488155,0.6763152356637387,0.6763152356637387,True,1.0,-0.6763152356637387,22.874015748031496,32.0,41.33307086614173
"Bowlan, Jonathan",CU,70,1.2348802059390256,1.0977166888134435,1.0977166888134435,True,1.0,-1.0977166888134435,12.755905511811024,23.333333333333332,41.3248031496063
"Patrick, Chad",SV,55,1.3527933336316138,2.1951591174578664,2.1951591174578664,True,1.0,-2.1951591174578664,2.559055118110236,18.333333333333332,41.31856955380577
"Stewart, Brock",FC,58,1.0675254228224635,1.7977195102747823,1.7977195102747823,True,1.0,-1.7977195102747823,4.921259842519685,19.333333333333332,41.300656167979
"Lugo, Seth",FC,336,0.9393909386421819,0.1434249802743245,0.1434249802743245,True,1.0,-0.1434249802743245,41.259842519685044,100.0,41.259842519685044
"Assad, Javier",FF,72,1.0144491898663204,1.0607385099000533,1.0607385099000533,True,1.0,-1.0607385099000533,13.503937007874015,24.0,41.25590551181102
"Vesia, Alex",CH,67,1.1077973330140853,1.2138007322060003,1.2138007322060003,True,1.0,-1.2138007322060003,10.62992125984252,22.333333333333332,41.22263779527559
"Morales, Luis",SL,64,1.111964317708803,1.373348045382801,1.373348045382801,True,1.0,-1.373348045382801,8.779527559055119,21.333333333333336,41.221784776902894
"Senga, Kodai",SL,78,1.070591168400194,0.9322500658154984,0.9322500658154984,True,1.0,-0.9322500658154984,16.181102362204726,26.0,41.221653543307085
"Bauers, Jake",FA,63,1.265696458220872,1.4827392444264762,1.4827392444264762,True,1.0,-1.4827392444264762,7.834645669291339,21.0,41.16082677165355
"Baker, Bryan",FF,520,0.9496787195836128,0.1435809159192496,0.1435809159192496,True,1.0,-0.1435809159192496,41.14173228346456,100.0,41.14173228346456
"Rainey, Tanner",SL,95,1.0490554445797213,0.7026479102031062,0.7026479102031062,True,1.0,-0.7026479102031062,21.88976377952756,31.666666666666664,41.11187664041995
"Veneziano, Anthony",SL,115,1.0335000945622237,0.5368052422205485,0.5368052422205485,True,1.5,-0.5368052422205485,26.69291338582677,38.333333333333336,41.077755905511815
"Simpson, Josh",FF,72,1.0173483367152825,1.1017907754924645,1.1017907754924645,True,1.0,-1.1017907754924645,12.637795275590552,24.0,41.048031496063
"Sears, JP",FF,949,0.9498991484684023,0.14670221525110494,0.14670221525110494,True,1.0,-0.14670221525110494,41.023622047244096,100.0,41.023622047244096
"Sheehan, Emmet",CU,75,1.2268490205004974,1.0362365483517855,1.0362365483517855,True,1.0,-1.0362365483517855,14.015748031496065,25.0,41.01870078740158
"Bassitt, Chris",CH,104,1.043544453305598,0.625589264458122,0.625589264458122,True,1.0,-0.625589264458122,24.055118110236222,34.66666666666667,41.01863517060367
"Smith, Dylan",ST,56,1.2392966968671635,2.363966457528938,2.363966457528938,True,1.0,-2.363966457528938,1.7716535433070866,18.666666666666668,41.01338582677166
"Teng, Kai-Wei",FF,143,0.9671909695497845,0.39155646672287686,0.39155646672287686,True,1.0,-0.39155646672287686,31.10236220472441,47.66666666666667,41.00242782152231
"Doval, Camilo",SL,551,0.9969116041408045,0.14671868922644532,0.14671868922644532,True,1.0,-0.14671868922644532,40.98425196850394,100.0,40.98425196850394
"Burgos, Juan",FC,73,1.013302329458772,1.0976662238772472,1.0976662238772472,True,1.0,-1.0976662238772472,12.795275590551181,24.333333333333336,40.96174540682415
"Helsley, Ryan",CU,57,1.3891800954878861,2.2789095469901466,2.2789095469901466,True,1.0,-2.2789095469901466,2.2440944881889764,19.0,40.94232283464567
"Strowd, Kade",SI,62,1.024950014307686,1.6686779717761095,1.6686779717761095,True,1.0,-1.6686779717761095,6.0236220472440944,20.666666666666668,40.92716535433071
"Long, Sam",CU,141,1.1450169755111295,0.40979781664531917,0.40979781664531917,True,1.0,-0.40979781664531917,30.59055118110236,47.0,40.887992125984255
"Ort, Kaleb",CH,65,1.1376320146670913,1.4869262631475686,1.4869262631475686,True,1.0,-1.4869262631475686,7.7952755905511815,21.666666666666668,40.871062992125985
"Miller, Erik",CH,124,1.0295950588590226,0.49788769187739357,0.49788769187739357,True,1.0,-0.49788769187739357,27.874015748031493,41.333333333333336,40.86614173228347
"Glasnow, Tyler",FF,613,0.9501534818937009,0.15030360692539096,0.15030360692539096,True,1.0,-0.15030360692539096,40.86614173228346,100.0,40.86614173228346
"Simpson, Josh",SI,136,0.9355819903108641,0.43077014653263856,0.43077014653263856,True,1.0,-0.43077014653263856,29.763779527559052,45.33333333333333,40.83700787401575
"Walker, Ryan",SI,630,0.9153521045674327,0.15054985357342893,0.15054985357342893,True,1.0,-0.15054985357342893,40.82677165354331,100.0,40.82677165354331
"Muñoz, Roddery",FC,64,1.0502739690164846,1.5749926943956707,1.5749926943956707,True,1.0,-1.5749926943956707,6.850393700787402,21.333333333333336,40.81023622047245
"Mederos, Victor",ST,63,1.1728747164928575,1.6582266259797884,1.6582266259797884,True,1.0,-1.6582266259797884,6.102362204724409,21.0,40.79704724409449
"Burrows, Mike",CU,183,1.1308218739729787,0.3011318117182884,0.3011318117182884,True,1.0,-0.3011318117182884,34.84251968503937,61.0,40.76161417322835
"Winn, Cole",FS,75,1.1743801355594385,1.0894614433918026,1.0894614433918026,True,1.0,-1.0894614433918026,12.913385826771654,25.0,40.743110236220474
"Whisenhunt, Carson",SL,57,1.2362035692195115,2.6979192646427363,2.6979192646427363,True,1.0,-2.6979192646427363,1.1023622047244095,19.0,40.72539370078741
"Sabrowski, Erik",CU,80,1.2203694415851918,0.9866342293797572,0.9866342293797572,True,1.0,-0.9866342293797572,15.157480314960631,26.666666666666668,40.72309711286089
"DeSclafani, Anthony",FS,129,1.0974958534893215,0.484500721676585,0.484500721676585,True,1.0,-0.484500721676585,28.307086614173226,43.0,40.68326771653544
"Glasnow, Tyler",SI,374,0.9160516378834633,0.16023964783321568,0.16023964783321568,True,1.0,-0.16023964783321568,40.62992125984252,100.0,40.62992125984252
"Herget, Jimmy",FF,96,0.9924671742549839,0.7494705437891998,0.7494705437891998,True,1.0,-0.7494705437891998,20.669291338582678,32.0,40.62755905511811
"Wolfram, Grant",CU,73,1.2440451647373543,1.167876064233097,1.167876064233097,True,1.0,-1.167876064233097,11.338582677165354,24.333333333333336,40.60728346456693
"Zulueta, Yosver",SI,57,1.1394252366401114,3.2543656392894382,3.2543656392894382,True,1.0,-3.2543656392894382,0.47244094488188976,19.0,40.605708661417324
"Kriske, Brooks",FS,204,1.0702887411852873,0.27042270921332173,0.27042270921332173,True,1.0,-0.27042270921332173,36.14173228346457,68.0,40.58267716535433
"Blalock, Bradley",FC,102,0.9818976505593485,0.6922126190019104,0.6922126190019104,True,1.0,-0.6922126190019104,22.20472440944882,34.0,40.562598425196846
"Maeda, Kenta",FS,62,1.2790379609239515,1.9129571158612406,1.9129571158612406,True,1.0,-1.9129571158612406,4.05511811023622,20.666666666666668,40.520341207349084
"Stratton, Hunter",SL,99,1.052069976853832,0.7347872111185901,0.7347872111185901,True,1.0,-0.7347872111185901,21.181102362204722,33.0,40.50295275590551
"Merryweather, Julian",FF,162,0.9651427955402347,0.36255407815825114,0.36255407815825114,True,1.0,-0.36255407815825114,32.36220472440945,54.0,40.48464566929134
"Maldonado, Anthony",SL,67,1.1277365582539063,1.5415030820178033,1.5415030820178033,True,1.0,-1.5415030820178033,7.125984251968504,22.333333333333332,40.440091863517054
"Lucchesi, Joey",SI,304,0.9165451903332689,0.1670762367210273,0.1670762367210273,True,1.0,-0.1670762367210273,40.43307086614173,100.0,40.43307086614173
"Marinaccio, Ron",FF,79,1.0144922265300929,1.0613479141984354,1.0613479141984354,True,1.0,-1.0613479141984354,13.46456692913386,26.333333333333332,40.39350393700788
"Povich, Cade",ST,203,1.0432729335735604,0.281195409347839,0.281195409347839,True,1.0,-0.281195409347839,35.74803149606299,67.66666666666666,40.36253280839895
"Miley, Wade",FC,70,1.0370928045624528,1.4048158025555195,1.4048158025555195,True,1.0,-1.4048158025555195,8.46456692913386,23.333333333333332,40.3234908136483
"Arias, Luarbert",FF,59,1.1576269157223065,3.0881522060574866,3.0881522060574866,True,1.0,-3.0881522060574866,0.6299212598425197,19.666666666666664,40.30636482939633
"Scherzer, Max",CH,215,1.0042004343556887,0.26540925013621963,0.26540925013621963,True,1.0,-0.26540925013621963,36.45669291338582,71.66666666666667,40.299540682414694
"Sterner, Justin",FC,351,0.9417577578549132,0.1739820633434887,0.1739820633434887,True,1.0,-0.1739820633434887,40.275590551181104,100.0,40.275590551181104
"McCullers Jr., Lance",FF,62,1.0922425693943938,2.1623020539685616,2.1623020539685616,True,1.0,-2.1623020539685616,2.677165354330709,20.666666666666668,40.235564304461946
"Sanoja, Javier",FA,168,1.128476112631321,0.35609045657337646,0.35609045657337646,True,1.0,-0.35609045657337646,32.48031496062992,56.00000000000001,40.19763779527559
"Buttó, José",ST,77,1.1253586484649762,1.1533639034758576,1.1533639034758576,True,1.0,-1.1533639034758576,11.614173228346457,25.666666666666664,40.16227034120735
"Yesavage, Trey",SL,209,1.0093616717926404,0.27945452825425465,0.27945452825425465,True,1.0,-0.27945452825425465,35.86614173228347,69.66666666666667,40.15938320209974
"McLean, Nolan",CU,117,1.1699469746732676,0.6006413554888387,0.6006413554888387,True,1.0,-0.6006413554888387,24.606299212598426,39.0,40.108464566929136
"Neris, Héctor",FS,236,1.0673756272498325,0.24750099541980294,0.24750099541980294,True,1.0,-0.24750099541980294,37.40157480314961,78.66666666666666,40.09343832020998
"Martin, Davis",CU,111,1.1784026484854933,0.6653710292901281,0.6653710292901281,True,1.0,-0.6653710292901281,23.188976377952756,37.0,40.09232283464567
"Sands, Cole",FC,272,0.9439573839429823,0.20238058095424613,0.20238058095424613,True,1.0,-0.20238058095424613,39.05511811023622,90.66666666666666,40.078477690288715
"Sanders, Cam",FF,77,1.0240891710762243,1.1972417950221954,1.1972417950221954,True,1.0,-1.1972417950221954,11.023622047244094,25.666666666666664,40.010695538057746
"Javier, Cristian",KC,74,1.23479638523439,1.3087030107015099,1.3087030107015099,True,1.0,-1.3087030107015099,9.330708661417322,24.666666666666668,39.98307086614173
"Canning, Griffin",KC,86,1.1991914884809425,1.0025454547417325,1.0025454547417325,True,1.0,-1.0025454547417325,14.84251968503937,28.666666666666668,39.93556430446195
"Severino, Luis",SL,109,1.0480727119226385,0.6921705499649325,0.6921705499649325,True,1.0,-0.6921705499649325,22.244094488188974,36.333333333333336,39.92788713910761
"Mederos, Victor",FC,80,1.0163928228225942,1.137566382679,1.137566382679,True,1.0,-1.137566382679,11.968503937007874,26.666666666666668,39.87270341207349
"Romano, Jordan",SL,443,1.0005017396324032,0.18499475808223184,0.18499475808223184,True,1.0,-0.18499475808223184,39.84251968503937,100.0,39.84251968503937
"Suero, Wander",FC,108,0.9830976010886685,0.7077047139646705,0.7077047139646705,True,1.0,-0.7077047139646705,21.73228346456693,36.0,39.83622047244095
"Martin, Davis",SL,497,1.000565192660171,0.18567125969773782,0.18567125969773782,True,1.0,-0.18567125969773782,39.803149606299215,100.0,39.803149606299215
"Ortiz, Luis",FC,184,0.9542909936677144,0.335793800292858,0.335793800292858,True,1.0,-0.335793800292858,33.346456692913385,61.33333333333333,39.79343832020997
"Moreta, Dauri",SL,162,1.0199596744388206,0.39244465911930637,0.39244465911930637,True,1.0,-0.39244465911930637,31.062992125984252,54.0,39.783070866141735
"Walter, Brandon",ST,183,1.0485574357465577,0.33734374537117845,0.33734374537117845,True,1.0,-0.33734374537117845,33.22834645669291,61.0,39.77696850393701
"Hartlieb, Geoff",SL,67,1.1624413899704567,1.911507092039063,1.911507092039063,True,1.0,-1.911507092039063,4.094488188976378,22.333333333333332,39.76305774278215
"Koenig, Jared",CU,182,1.1356837510821205,0.33835033815691257,0.33835033815691257,True,1.0,-0.33835033815691257,33.11023622047244,60.66666666666667,39.761286089238844
"Holderman, Colin",SI,181,0.9291986658093152,0.3423496243130049,0.3423496243130049,True,1.0,-0.3423496243130049,32.99212598425197,60.333333333333336,39.746391076115486
"Falter, Bailey",FS,151,1.092045632217712,0.44161588611326846,0.44161588611326846,True,1.0,-0.44161588611326846,29.566929133858267,50.33333333333333,39.7251312335958
"Clase, Emmanuel",FC,514,0.9428811732983213,0.18848604355488335,0.18848604355488335,True,1.0,-0.18848604355488335,39.724409448818896,100.0,39.724409448818896
"Nance, Tommy",CU,149,1.150618336590582,0.4526772232506179,0.4526772232506179,True,1.0,-0.4526772232506179,29.251968503937007,49.666666666666664,39.70505249343833
"Kelly, Zack",FF,115,0.986672400090112,0.6674158496126947,0.6674158496126947,True,1.0,-0.6674158496126947,23.11023622047244,38.333333333333336,39.70439632545932
"Bubic, Kris",CH,378,0.9959667306805783,0.1900327231118897,0.1900327231118897,True,1.0,-0.1900327231118897,39.68503937007874,100.0,39.68503937007874
"Schlittler, Cam",SI,118,0.9512146843337069,0.6473110679387355,0.6473110679387355,True,1.0,-0.6473110679387355,23.74015748031496,39.33333333333333,39.68307086614173
"Stewart, Brock",SI,67,1.0465502977104197,1.9678807364324227,1.9678807364324227,True,1.0,-1.9678807364324227,3.7007874015748032,22.333333333333332,39.6751312335958
"Lucas, Easton",CH,92,1.0769921950118597,0.9317910305292122,0.9317910305292122,True,1.0,-0.9317910305292122,16.22047244094488,30.666666666666664,39.654593175853016
"Mize, Casey",SV,316,1.090715939488785,0.1904090225793134,0.1904090225793134,True,1.0,-0.1904090225793134,39.60629921259842,100.0,39.60629921259842
"Ryan, Joe",KC,109,1.1671682527216194,0.727185701225559,0.727185701225559,True,1.0,-0.727185701225559,21.338582677165356,36.333333333333336,39.5988845144357
"DeSclafani, Anthony",KC,136,1.1434127206961378,0.5229178535806569,0.5229178535806569,True,1.0,-0.5229178535806569,27.00787401574803,45.33333333333333,39.58766404199475
"Hodge, Porter",SL,105,1.0553414921748128,0.7696663252861895,0.7696663252861895,True,1.0,-0.7696663252861895,20.15748031496063,35.0,39.56791338582678
"Tonkin, Michael",SL,103,1.0570126116229985,0.7874828904867744,0.7874828904867744,True,1.0,-0.7874828904867744,19.566929133858267,34.333333333333336,39.56423884514436
"Lawrence, Justin",SI,110,0.9565593196302146,0.7213438769986578,0.7213438769986578,True,1.0,-0.7213438769986578,21.456692913385826,36.666666666666664,39.54658792650919
"Soriano, George",FF,123,0.9825460862913683,0.6089867534652182,0.6089867534652182,True,1.0,-0.6089867534652182,24.448818897637796,41.0,39.53562992125985
"Kelly, Zack",CH,69,1.1799627069588037,1.8744481727749576,1.8744481727749576,True,1.0,-1.8744481727749576,4.3700787401574805,23.0,39.52027559055118
"Olson, Reese",CU,64,1.474420364457656,2.931438834149943,2.931438834149943,True,1.0,-2.931438834149943,0.7480314960629921,21.333333333333336,39.50839895013124
"Hoffmann, Andrew",FF,102,0.9970795879231937,0.8147828721375233,0.8147828721375233,True,1.0,-0.8147828721375233,19.055118110236222,34.0,39.491732283464565
"Allen, Logan",CH,497,0.9962812450458252,0.19291198637991752,0.19291198637991752,True,1.0,-0.19291198637991752,39.488188976377955,100.0,39.488188976377955
"Henderson, Logan",CH,164,1.0198189612446786,0.4083911159625215,0.4083911159625215,True,1.0,-0.4083911159625215,30.708661417322837,54.666666666666664,39.46299212598426
"Brash, Matt",CH,115,1.0499432419829269,0.6841678199528567,0.6841678199528567,True,1.0,-0.6841678199528567,22.480314960629922,38.333333333333336,39.46292650918636
"Brubaker, JT",SL,114,1.0487675424804797,0.6995784548580121,0.6995784548580121,True,1.0,-0.6995784548580121,22.00787401574803,38.0,39.3751968503937
"Strowd, Kade",FC,167,0.9593610088089076,0.40125079548624193,0.40125079548624193,True,1.0,-0.40125079548624193,30.866141732283463,55.666666666666664,39.35754593175853
"Schmidt, Clarke",ST,149,1.061296315214899,0.47269554607704695,0.47269554607704695,True,1.0,-0.47269554607704695,28.543307086614174,49.666666666666664,39.353083989501314
"Latz, Jacob",CH,324,0.9967488942157042,0.19719314242854374,0.19719314242854374,True,1.0,-0.19719314242854374,39.330708661417326,100.0,39.330708661417326
"Yoho, Craig",FF,67,1.103078503404269,2.3157401735569128,2.3157401735569128,True,1.0,-2.3157401735569128,2.0866141732283463,22.333333333333332,39.31463254593176
"Taillon, Jameson",SI,152,0.9378902901721902,0.46274425017227583,0.46274425017227583,True,1.0,-0.46274425017227583,28.858267716535437,50.66666666666667,39.297900262467195
"Darvish, Yu",FS,121,1.1193848418663956,0.6567333009459644,0.6567333009459644,True,1.0,-0.6567333009459644,23.4251968503937,40.33333333333333,39.29324146981627
"Bachman, Sam",SI,114,0.9555055202619304,0.7067468609084058,0.7067468609084058,True,1.0,-0.7067468609084058,21.77165354330709,38.0,39.28543307086615
"Young, Danny",ST,66,1.2732861651994194,2.7251077773160635,2.7251077773160635,True,1.0,-2.7251077773160635,1.0236220472440944,22.0,39.24055118110237
"Burgos, Juan",SI,72,1.0343506638638906,1.7988938714631293,1.7988938714631293,True,1.0,-1.7988938714631293,4.881889763779528,24.0,39.18661417322835
"Matsui, Yuki",FS,342,1.061438626447877,0.20078595570987512,0.20078595570987512,True,1.0,-0.20078595570987512,39.173228346456696,100.0,39.173228346456696
"McCullers Jr., Lance",CH,195,1.0119632661870082,0.3364751187182497,0.3364751187182497,True,1.0,-0.3364751187182497,33.30708661417322,65.0,39.15649606299212
"Boyle, Joe",SL,328,1.0019956030344062,0.20092151588009508,0.20092151588009508,True,1.0,-0.20092151588009508,39.13385826771653,100.0,39.13385826771653
"Dobbins, Hunter",ST,96,1.1060671050503232,0.9483894278119714,0.9483894278119714,True,1.0,-0.9483894278119714,15.94488188976378,32.0,39.11574803149606
"Gonsolin, Tony",FF,245,0.9579701320256991,0.2609883062453415,0.2609883062453415,True,1.0,-0.2609883062453415,36.653543307086615,81.66666666666667,39.104002624671914
"Walker, Taijuan",SI,420,0.9190284601990901,0.2014739895369647,0.2014739895369647,True,1.0,-0.2014739895369647,39.09448818897638,100.0,39.09448818897638
"Wilson, Steven",CH,71,1.187852174026289,1.9466733403404999,1.9466733403404999,True,1.0,-1.9466733403404999,3.818897637795276,23.666666666666668,39.08549868766405
"Gibson, Cade",FF,86,1.0204592016868759,1.1458409949843478,1.1458409949843478,True,1.0,-1.1458409949843478,11.850393700787402,28.666666666666668,39.07782152230972
"Bender, Anthony",SL,175,1.0196653472686255,0.3893067031678159,0.3893067031678159,True,1.0,-0.3893067031678159,31.259842519685037,58.333333333333336,39.0764435695538
"Severino, Luis",CH,147,1.0302788593731624,0.5041476339359255,0.5041476339359255,True,1.0,-0.5041476339359255,27.677165354330707,49.0,39.07185039370079
"Englert, Mason",CH,248,1.0035362474941616,0.2593288638492509,0.2593288638492509,True,1.0,-0.2593288638492509,36.77165354330709,82.66666666666667,39.067979002624675
"Coulombe, Danny",SI,138,0.9447956632347129,0.558396083658337,0.558396083658337,True,1.0,-0.558396083658337,26.023622047244093,46.0,38.98149606299213
"Schmidt, Clarke",KC,223,1.1169654153705877,0.295504124051771,0.295504124051771,True,1.0,-0.295504124051771,35.15748031496063,74.33333333333333,38.97211286089239
"Liberatore, Matthew",FF,684,0.9540617124653005,0.20564461853338453,0.20564461853338453,True,1.0,-0.20564461853338453,38.93700787401575,100.0,38.93700787401575
"Irvin, Jake",FF,941,0.9540677621211112,0.20573028238210417,0.20573028238210417,True,1.0,-0.20573028238210417,38.89763779527559,100.0,38.89763779527559
"Cortes, Nestor",FC,207,0.9531925175829393,0.3216118024489131,0.3216118024489131,True,1.0,-0.3216118024489131,33.89763779527559,69.0,38.895472440944886
"Chapman, Aroldis",FS,105,1.1430723301190753,0.843117300420566,0.843117300420566,True,1.0,-0.843117300420566,18.22834645669291,35.0,38.892716535433074
"Miller, Bryce",SL,139,1.0355853912372326,0.5590375393870938,0.5590375393870938,True,1.0,-0.5590375393870938,25.984251968503933,46.33333333333333,38.883267716535435
"Williams, Gavin",FC,410,0.9446009864088669,0.2106898822763605,0.2106898822763605,True,1.0,-0.2106898822763605,38.818897637795274,100.0,38.818897637795274
"Stratton, Hunter",FF,160,0.9719633580841007,0.45913405827918935,0.45913405827918935,True,1.0,-0.45913405827918935,28.976377952755904,53.333333333333336,38.79658792650918
"Allard, Kolby",FC,193,0.9558248629202195,0.3555969901241365,0.3555969901241365,True,1.0,-0.3555969901241365,32.519685039370074,64.33333333333333,38.76135170603675
"Rodríguez, Yariel",FS,143,1.1053095590270938,0.5459825332267011,0.5459825332267011,True,1.0,-0.5459825332267011,26.37795275590551,47.66666666666667,38.750459317585296
"Thielbar, Caleb",ST,131,1.0750741212738046,0.6190860401926094,0.6190860401926094,True,1.0,-0.6190860401926094,24.173228346456693,43.666666666666664,38.73339895013123
"Alexander, Jason",FF,127,0.9860408103117856,0.658472462928232,0.658472462928232,True,1.0,-0.658472462928232,23.346456692913385,42.333333333333336,38.72801837270342
"Ribalta, Orlando",CH,105,1.0705119827495821,0.8724670720793221,0.8724670720793221,True,1.0,-0.8724670720793221,17.716535433070867,35.0,38.713582677165356
"Povich, Cade",SI,242,0.9241411278401656,0.2722936294674775,0.2722936294674775,True,1.0,-0.2722936294674775,35.98425196850394,80.66666666666666,38.6977690288714
"Lara, Andry",SL,83,1.107798715257277,1.3289366612905977,1.3289366612905977,True,1.0,-1.3289366612905977,9.094488188976378,27.666666666666668,38.69704724409449
"Bubic, Kris",SI,117,0.9580347864221768,0.7417817451081937,0.7417817451081937,True,1.0,-0.7417817451081937,20.984251968503937,39.0,38.69586614173228
"Wolfram, Grant",SL,128,1.04478952492578,0.657166998747365,0.657166998747365,True,1.0,-0.657166998747365,23.38582677165354,42.66666666666667,38.65590551181102
"Poche, Colin",SL,69,1.2778620354157444,3.1420591374371805,3.1420591374371805,True,1.0,-3.1420591374371805,0.5511811023622047,23.0,38.64192913385827
"Borucki, Ryan",ST,91,1.1217732076293203,1.1152682550605917,1.1152682550605917,True,1.0,-1.1152682550605917,12.401574803149607,30.333333333333336,38.608858267716535
"Waldron, Matt",KN,77,1.1581548519350156,1.7212700215898975,,True,1.0,-1.7212700215898975,5.511811023622047,25.666666666666664,38.59599737532809
"Soto, Gregory",ST,78,1.173271322317461,1.6624406004242378,1.6624406004242378,True,1.0,-1.6624406004242378,6.062992125984252,26.0,38.59094488188976
"Hernández, Enrique",EP,69,1.405814390436353,4.0133299083959315,,True,1.0,-4.0133299083959315,0.15748031496062992,23.0,38.55137795275591
"Wacha, Michael",SI,338,0.9202906325634305,0.21895734629864633,0.21895734629864633,True,1.0,-0.21895734629864633,38.54330708661418,100.0,38.54330708661418
"Peralta, Freddy",CS,80,1.1421287788893002,1.5729506013350254,,True,1.0,-1.5729506013350254,6.889763779527559,26.666666666666668,38.518372703412076
"Myers, Tobias",FS,133,1.1167421367186776,0.6359392872620491,0.6359392872620491,True,1.0,-0.6359392872620491,24.015748031496063,44.333333333333336,38.49127296587927
"Lawrence, Justin",ST,135,1.0743593716758655,0.6114917580286808,0.6114917580286808,True,1.0,-0.6114917580286808,24.37007874015748,45.0,38.477362204724415
"Martinez, Justin",FF,71,1.1263024712884144,2.6445943321625363,2.6445943321625363,True,1.0,-2.6445943321625363,1.220472440944882,23.666666666666668,38.470538057742786
"Kent, Zak",CU,77,1.3254601381473483,1.791122039468089,1.791122039468089,True,1.0,-1.791122039468089,5.0,25.666666666666664,38.464632545931764
"Anderson, Ian",CH,71,1.2737155017925903,2.7327205071021434,2.7327205071021434,True,1.0,-2.7327205071021434,0.9448818897637795,23.666666666666668,38.40531496062992
"Anderson, Tyler",SL,81,1.12894069343893,1.554340915398048,1.554340915398048,True,1.0,-1.554340915398048,6.968503937007873,27.0,38.395866141732284
"Cruz, Fernando",SI,113,0.9633128825921585,0.8148928676215478,0.8148928676215478,True,1.0,-0.8148928676215478,19.015748031496063,37.666666666666664,38.34153543307087
"Garcia, Brandyn",ST,84,1.1518422376106525,1.4347545461089173,1.4347545461089173,True,1.0,-1.4347545461089173,8.228346456692913,28.000000000000004,38.31811023622048
"Hart, Kyle",FF,111,0.9987528604345225,0.8384766107172511,0.8384766107172511,True,1.0,-0.8384766107172511,18.385826771653544,37.0,38.315157480314966
"Sabrowski, Erik",SL,86,1.1069320381215528,1.3196966217989563,1.3196966217989563,True,1.0,-1.3196966217989563,9.173228346456693,28.666666666666668,38.31036745406825
"Cameron, Noah",FF,571,0.9554661879330001,0.22553215887604514,0.22553215887604514,True,1.0,-0.22553215887604514,38.30708661417323,100.0,38.30708661417323
"Hicks, Jordan",SI,652,0.9208250876232565,0.22636050988233705,0.22636050988233705,True,1.0,-0.22636050988233705,38.267716535433074,100.0,38.267716535433074
"Morton, Charlie",FC,232,0.9516084208999314,0.30116014578165023,0.30116014578165023,True,1.0,-0.30116014578165023,34.80314960629921,77.33333333333333,38.252230971128604
"Weathers, Ryan",CH,188,1.0178392420413143,0.3902675152208446,0.3902675152208446,True,1.0,-0.3902675152208446,31.181102362204726,62.66666666666667,38.21417322834645
"Sauer, Matt",SL,96,1.0847428970371384,1.083128087272811,1.083128087272811,True,1.0,-1.083128087272811,13.070866141732285,32.0,38.19606299212599
"Rashi, Taylor",FS,78,1.270922213691183,1.8490987020086367,1.8490987020086367,True,1.0,-1.8490987020086367,4.52755905511811,26.0,38.19173228346457
"Henriquez, Ronny",FF,343,0.9555611560143947,0.22687691824951747,0.22687691824951747,True,1.0,-0.22687691824951747,38.188976377952756,100.0,38.188976377952756
"Martin, Davis",FF,755,0.9556067728645147,0.22752285829470134,0.22752285829470134,True,1.0,-0.22752285829470134,38.14960629921259,100.0,38.14960629921259
"Koenig, Jared",CH,102,1.083870695279845,0.9947611690956444,0.9947611690956444,True,1.0,-0.9947611690956444,15.039370078740157,34.0,38.1263779527559
"Hart, Kyle",SI,149,0.944758200857013,0.5578771623659905,0.5578771623659905,True,1.0,-0.5578771623659905,26.062992125984252,49.666666666666664,38.121194225721794
"Gómez, Yoendrys",FC,75,1.1013515829902758,2.234435918777268,2.234435918777268,True,1.0,-2.234435918777268,2.4015748031496065,25.0,38.11515748031496
"Allard, Kolby",CU,132,1.1798187006716203,0.6762111584305261,0.6762111584305261,True,1.0,-0.6762111584305261,22.913385826771655,44.0,38.092913385826776
"Moll, Sam",SI,76,1.055372265577072,2.0900808541900195,2.0900808541900195,True,1.0,-2.0900808541900195,2.9133858267716537,25.333333333333336,38.08608923884514
"Moll, Sam",FF,72,1.179840224672497,3.4026953134671647,3.4026953134671647,True,1.0,-3.4026953134671647,0.2755905511811024,24.0,38.081102362204724
"Hoffman, Jeff",FF,491,0.9557622969549749,0.22972509798803692,0.22972509798803692,True,1.0,-0.22972509798803692,38.07086614173228,100.0,38.07086614173228
"Davis, Noah",ST,79,1.1927979452380826,1.869912818100754,1.869912818100754,True,1.0,-1.869912818100754,4.448818897637795,26.333333333333332,38.01935695538058
"Leiter Jr., Mark",CU,212,1.1360649028881558,0.34126812243068183,0.34126812243068183,True,1.0,-0.34126812243068183,33.031496062992126,70.66666666666667,38.01469816272966
"Spence, Mitch",FC,610,0.9464273008967807,0.23426871889278283,0.23426871889278283,True,1.0,-0.23426871889278283,37.91338582677166,100.0,37.91338582677166
"Henry, Cole",SI,98,0.9831347442871727,1.0894612938410255,1.0894612938410255,True,1.0,-1.0894612938410255,12.952755905511811,32.666666666666664,37.91115485564305
"Cecconi, Slade",SL,383,1.0051554558032711,0.2346101447461232,0.2346101447461232,True,1.0,-0.2346101447461232,37.874015748031496,100.0,37.874015748031496
"González, Wikelman",SV,86,1.261474176731528,1.4966170358012376,1.4966170358012376,True,1.0,-1.4966170358012376,7.637795275590552,28.666666666666668,37.87020997375328
"Smith, Cade",ST,105,1.108881192027755,0.9782893684374337,0.9782893684374337,True,1.0,-0.9782893684374337,15.275590551181104,35.0,37.85925196850394
"Pérez, Eury",CH,131,1.0509505499190168,0.6933893534039602,0.6933893534039602,True,1.0,-0.6933893534039602,22.165354330708663,43.666666666666664,37.85662729658793
"DeSclafani, Anthony",FF,114,1.0004255841930934,0.862162578892396,0.862162578892396,True,1.0,-0.862162578892396,17.834645669291337,38.0,37.789370078740156
"Stephenson, Robert",FC,109,1.0001030296760802,0.9272551938564669,0.9272551938564669,True,1.0,-0.9272551938564669,16.338582677165352,36.333333333333336,37.78221784776903
"Flaherty, Jack",CH,81,1.1735504476190395,1.8157462983230253,1.8157462983230253,True,1.0,-1.8157462983230253,4.685039370078741,27.0,37.77933070866142
"Phillips, Connor",ST,170,1.062363487273938,0.48403435026409347,0.48403435026409347,True,1.0,-0.48403435026409347,28.346456692913385,56.666666666666664,37.738188976377955
"Morillo, Juan",CH,82,1.1709350862940662,1.7918036278834562,1.7918036278834562,True,1.0,-1.7918036278834562,4.960629921259843,27.333333333333332,37.70354330708662
"Selby, Colin",SI,90,1.002086167806892,1.3519725861954128,1.3519725861954128,True,1.0,-1.3519725861954128,8.858267716535433,30.0,37.67125984251968
"Gómez, Yoendrys",ST,187,1.0558793564312705,0.4151398460222869,0.4151398460222869,True,1.0,-0.4151398460222869,30.196850393700785,62.33333333333333,37.663451443569556
"Adam, Jason",FF,247,0.9605740447110022,0.29786002082398666,0.29786002082398666,True,1.0,-0.29786002082398666,35.0,82.33333333333334,37.65347769028871
"Gonsolin, Tony",FS,163,1.1014449456926627,0.5155739866551725,0.5155739866551725,True,1.0,-0.5155739866551725,27.244094488188974,54.333333333333336,37.64494750656168
"Freeland, Kyle",ST,319,1.039469802497681,0.24078678151522498,0.24078678151522498,True,1.0,-0.24078678151522498,37.637795275590555,100.0,37.637795275590555
"Lauer, Eric",CH,139,1.047632335828281,0.663012324553757,0.663012324553757,True,1.0,-0.663012324553757,23.26771653543307,46.33333333333333,37.6246062992126
"Jansen, Kenley",SI,80,1.0481313310406206,1.9897808909160444,1.9897808909160444,True,1.0,-1.9897808909160444,3.503937007874016,26.666666666666668,37.615485564304464
"Strahm, Matt",FC,146,0.9754353922752488,0.6087809136399476,0.6087809136399476,True,1.0,-0.6087809136399476,24.488188976377952,48.66666666666667,37.594356955380576
"Brazobán, Huascar",FF,121,0.9968227432981376,0.8111459215747868,0.8111459215747868,True,1.0,-0.8111459215747868,19.133858267716537,40.33333333333333,37.562401574803154
"Stratton, Chris",FF,166,0.9755374310005837,0.5097433575862008,0.5097433575862008,True,1.0,-0.5097433575862008,27.440944881889763,55.333333333333336,37.526115485564304
"Agnos, Zach",ST,86,1.1700601368633605,1.6283214508794805,1.6283214508794805,True,1.0,-1.6283214508794805,6.377952755905512,28.666666666666668,37.50905511811024
"Crismatt, Nabil",FF,83,1.0673504285803779,1.8098263674656432,1.8098263674656432,True,1.0,-1.8098263674656432,4.7637795275590555,27.666666666666668,37.4988845144357
"Martin, Corbin",SL,108,1.0754693704501501,0.9842587986317103,0.9842587986317103,True,1.0,-0.9842587986317103,15.196850393700787,36.0,37.483464566929136
"Ashcraft, Braxton",CU,232,1.1339940700653313,0.32541553207595164,0.32541553207595164,True,1.0,-0.32541553207595164,33.77952755905512,77.33333333333333,37.460629921259844
"McDaniels, Garrett",SI,79,1.0666641526879626,2.2464937946488384,2.2464937946488384,True,1.0,-2.2464937946488384,2.322834645669291,26.333333333333332,37.45951443569554
"Woodford, Jake",ST,143,1.0777906953336112,0.6479498968339611,0.6479498968339611,True,1.0,-0.6479498968339611,23.661417322834648,47.66666666666667,37.455577427821524
"Bido, Osvaldo",FF,523,0.9569709861233339,0.24684028095157165,0.24684028095157165,True,1.0,-0.24684028095157165,37.44094488188976,100.0,37.44094488188976
"McLean, Nolan",FF,98,1.0218501480359359,1.1655369613914475,1.1655369613914475,True,1.0,-1.1655369613914475,11.456692913385828,32.666666666666664,37.42244094488189
"Barnett, Mason",FF,230,0.9629223604439784,0.33111245203473794,0.33111245203473794,True,1.0,-0.33111245203473794,33.46456692913386,76.66666666666667,37.32742782152231
"Ogasawara, Shinnosuke",KC,129,1.1708617050729377,0.7589447694448491,0.7589447694448491,True,1.0,-0.7589447694448491,20.354330708661415,43.0,37.26358267716536
"Hernandez, Nick",FF,95,1.0308482348512913,1.2929509452328627,1.2929509452328627,True,1.0,-1.2929509452328627,9.68503937007874,31.666666666666664,37.24704724409449
"Mlodzinski, Carmen",FF,596,0.9571362159699869,0.24917995531164117,0.24917995531164117,True,1.0,-0.24917995531164117,37.24409448818898,100.0,37.24409448818898
"Carrasco, Carlos",FF,162,0.9781249089964578,0.5463823549999304,0.5463823549999304,True,1.0,-0.5463823549999304,26.338582677165356,54.0,37.23188976377953
"Booser, Cam",ST,182,1.0602833579450857,0.4619327791595891,0.4619327791595891,True,1.0,-0.4619327791595891,28.937007874015748,60.66666666666667,37.22952755905512
"Heaney, Andrew",CS,112,1.0754153464713063,0.9555256344561368,,True,1.0,-0.9555256344561368,15.748031496062993,37.333333333333336,37.224934383202104
"Palmquist, Carson",FC,88,1.0550793293467566,1.6370328341746352,1.6370328341746352,True,1.0,-1.6370328341746352,6.338582677165354,29.333333333333332,37.20656167979003
"Mederos, Victor",SI,153,0.9472079203659397,0.59181018241195,0.59181018241195,True,1.0,-0.59181018241195,24.881889763779526,51.0,37.1994094488189
"Knack, Landon",KC,97,1.2279996764553354,1.2502598206320363,1.2502598206320363,True,1.0,-1.2502598206320363,10.354330708661417,32.33333333333333,37.194553805774284
"Johnson, Seth",FF,110,1.010309057125295,1.0021137358796353,1.0021137358796353,True,1.0,-1.0021137358796353,14.921259842519685,36.666666666666664,37.1502624671916
"Liberatore, Matthew",SL,506,1.0066793786977712,0.2508573804778367,0.2508573804778367,True,1.0,-0.2508573804778367,37.125984251968504,100.0,37.125984251968504
"Cruz, Steven",SL,156,1.0374535326943084,0.5789546459171154,0.5789546459171154,True,1.0,-0.5789546459171154,25.196850393700785,52.0,37.111811023622046
"Brown, Ben",CH,81,1.2253621549940903,2.2900634118885437,2.2900634118885437,True,1.0,-2.2900634118885437,2.204724409448819,27.0,37.10964566929134
"Keller, Mitch",CU,210,1.140959760841824,0.3787391230488097,0.3787391230488097,True,1.0,-0.3787391230488097,31.496062992125985,70.0,37.053149606299215
"Cabrera, Génesis",FS,93,1.2203876253205748,1.4514694307307432,1.4514694307307432,True,1.0,-1.4514694307307432,8.11023622047244,31.0,37.02775590551181
"Sauer, Matt",SI,90,1.0203915872916394,1.6055355610838244,1.6055355610838244,True,1.0,-1.6055355610838244,6.653543307086614,30.0,37.00984251968504
"Gore, MacKenzie",SL,338,1.0067813524388813,0.251944568954524,0.251944568954524,True,1.0,-0.251944568954524,37.00787401574803,100.0,37.00787401574803
"Slaten, Justin",CU,96,1.2677942312939938,1.3496793557784406,1.3496793557784406,True,1.0,-1.3496793557784406,8.937007874015748,32.0,36.87322834645669
"Hagenman, Justin",SI,96,1.0019509225483356,1.3500991961795394,1.3500991961795394,True,1.0,-1.3500991961795394,8.89763779527559,32.0,36.86062992125984
"Wentz, Joey",FF,800,0.9576297348567246,0.25616824168302077,0.25616824168302077,True,1.0,-0.25616824168302077,36.85039370078741,100.0,36.85039370078741
"Rea, Colin",FC,202,0.9601600922200906,0.41156745087055024,0.41156745087055024,True,1.0,-0.41156745087055024,30.433070866141733,67.33333333333333,36.83136482939632
"Henriquez, Edgardo",SI,82,1.0766496452224736,2.384810821193155,2.384810821193155,True,1.0,-2.384810821193155,1.6535433070866141,27.333333333333332,36.799606299212606
"Coulombe, Danny",FF,141,0.989418379072483,0.7062992399231335,0.7062992399231335,True,1.0,-0.7062992399231335,21.811023622047244,47.0,36.76161417322835
"Newcomb, Sean",CU,83,1.3940143356913188,2.315916508043072,2.315916508043072,True,1.0,-2.315916508043072,2.047244094488189,27.666666666666668,36.74730971128609
"Soriano, George",SI,134,0.9594458386285447,0.7613273553832073,0.7613273553832073,True,1.0,-0.7613273553832073,20.275590551181104,44.666666666666664,36.73398950131234
"Latz, Jacob",CU,89,1.32106227131787,1.7574555935271334,1.7574555935271334,True,1.0,-1.7574555935271334,5.236220472440945,29.666666666666668,36.73392388451444
"Abreu, Bryan",SL,576,1.0075311098608395,0.25993807415096104,0.25993807415096104,True,1.0,-0.25993807415096104,36.732283464566926,100.0,36.732283464566926
"Maxwell, Zach",FF,94,1.0453605013223315,1.4984463714925829,1.4984463714925829,True,1.0,-1.4984463714925829,7.559055118110236,31.333333333333336,36.715354330708664
"Bassitt, Chris",FS,102,1.1892949230581764,1.2068178180177227,1.2068178180177227,True,1.0,-1.2068178180177227,10.826771653543307,34.0,36.69409448818897
"Soroka, Michael",SV,544,1.099842244356287,0.26022031099224663,0.26022031099224663,True,1.0,-0.26022031099224663,36.69291338582677,100.0,36.69291338582677
"Enns, Dietrich",CH,219,1.0160987963498822,0.37433437542481623,0.37433437542481623,True,1.0,-0.37433437542481623,31.73228346456693,73.0,36.66988188976378
"Jarvis, Bryce",CH,87,1.184907778113459,1.9197184793385595,1.9197184793385595,True,1.0,-1.9197184793385595,3.976377952755906,28.999999999999996,36.66712598425197
"Curvelo, Luis",FF,101,1.0278770077712733,1.2508780149610035,1.2508780149610035,True,1.0,-1.2508780149610035,10.314960629921261,33.666666666666664,36.652427821522316
"Klein, Will",CU,85,1.3678919200978288,2.1159448111898254,2.1159448111898254,True,1.0,-2.1159448111898254,2.795275590551181,28.333333333333332,36.639435695538054
"López, Jorge",FF,97,1.037468247094958,1.3866911091536103,1.3866911091536103,True,1.0,-1.3866911091536103,8.582677165354331,32.33333333333333,36.621719160104995
"Cruz, Fernando",FF,180,0.9751712694514042,0.50455846632344,0.50455846632344,True,1.0,-0.50455846632344,27.63779527559055,60.0,36.59055118110236
"Valdez, Framber",SL,91,1.1436750220796086,1.711430300719062,1.711430300719062,True,1.0,-1.711430300719062,5.590551181102362,30.333333333333336,36.542847769028874
"Giolito, Lucas",CU,82,1.480706912485797,2.9795634676486187,2.9795634676486187,True,1.0,-2.9795634676486187,0.7086614173228346,27.333333333333332,36.54133858267717
"Ferguson, Tyler",FC,111,1.0102721520711795,1.058544781204778,1.058544781204778,True,1.0,-1.058544781204778,13.582677165354331,37.0,36.53799212598425
"Payamps, Joel",FF,162,0.9807037428429763,0.5828989502265163,0.5828989502265163,True,1.0,-0.5828989502265163,25.03937007874016,54.0,36.53031496062992
"Bird, Jake",SI,328,0.92360877175279,0.2649195404263945,0.2649195404263945,True,1.0,-0.2649195404263945,36.496062992125985,100.0,36.496062992125985
"Koenig, Jared",FC,209,0.9601191567360612,0.41103894874447566,0.41103894874447566,True,1.0,-0.41103894874447566,30.551181102362207,69.66666666666667,36.456627296587925
"Peguero, Joel",SI,108,0.9852363669912888,1.1185725472265446,1.1185725472265446,True,1.0,-1.1185725472265446,12.32283464566929,36.0,36.4488188976378
"Palencia, Daniel",SL,222,1.0185301196647865,0.377203524880196,0.377203524880196,True,1.0,-0.377203524880196,31.61417322834646,74.0,36.3996062992126
"King, Bryan",ST,317,1.0420073181872607,0.2677481260163302,0.2677481260163302,True,1.0,-0.2677481260163302,36.37795275590551,100.0,36.37795275590551
"Little, Brendon",KC,602,1.1137418888766333,0.26778583013858576,0.26778583013858576,True,1.0,-0.26778583013858576,36.338582677165356,100.0,36.338582677165356
"Darvish, Yu",CU,180,1.1591180971405373,0.5177443888018934,0.5177443888018934,True,1.0,-0.5177443888018934,27.204724409448822,60.0,36.330708661417326
"Matsui, Yuki",SL,169,1.0358554581690254,0.5619168458927009,0.5619168458927009,True,1.0,-0.5619168458927009,25.669291338582678,56.333333333333336,36.30229658792651
"Giolito, Lucas",CH,534,1.0045478170580444,0.26858941093445804,0.26858941093445804,True,1.0,-0.26858941093445804,36.29921259842519,100.0,36.29921259842519
"Gil, Luis",CH,236,1.013989847237618,0.3550277224256263,0.3550277224256263,True,1.0,-0.3550277224256263,32.55905511811024,78.66666666666666,36.283989501312334
"Allen, Logan",SI,366,0.9238740171479263,0.26859366608749985,0.26859366608749985,True,1.0,-0.26859366608749985,36.25984251968504,100.0,36.25984251968504
"Miller, Erik",SL,107,1.0924957899685661,1.1657852082559308,1.1657852082559308,True,1.0,-1.1657852082559308,11.41732283464567,35.66666666666667,36.251509186351704
"Adams, Travis",FF,195,0.9722324641474984,0.4629446322730819,0.4629446322730819,True,1.0,-0.4629446322730819,28.77952755905512,65.0,36.21358267716535
"Hurter, Brant",CH,114,1.0903982400310432,1.0545184390625677,1.0545184390625677,True,1.0,-1.0545184390625677,13.661417322834646,38.0,36.20354330708662
"Trivino III, Lou",ST,170,1.0702951828734162,0.5683093671294472,0.5683093671294472,True,1.0,-0.5683093671294472,25.511811023622048,56.666666666666664,36.13188976377953
"Ellard, Fraser",SL,85,1.2394372305796284,2.7323948005008596,2.7323948005008596,True,1.0,-2.7323948005008596,0.984251968503937,28.333333333333332,36.126312335958005
"Little, Brendon",FC,129,0.9961648594272128,0.8764110082136255,0.8764110082136255,True,1.0,-0.8764110082136255,17.637795275590552,43.0,36.09547244094489
"Bello, Brayan",ST,516,1.042342430903372,0.271308730359736,0.271308730359736,True,1.0,-0.271308730359736,36.06299212598425,100.0,36.06299212598425
"Holderman, Colin",FC,119,1.0061344328106214,1.0051242958201565,1.0051242958201565,True,1.0,-1.0051242958201565,14.763779527559054,39.666666666666664,36.034842519685036
"Roycroft, Chris",FC,92,1.073255219042748,1.8716946825781062,1.8716946825781062,True,1.0,-1.8716946825781062,4.409448818897638,30.666666666666664,36.03254593175853
"Bello, Brayan",CH,414,1.004932042002859,0.27210684890393205,0.27210684890393205,True,1.0,-0.27210684890393205,36.023622047244096,100.0,36.023622047244096
"Thompson, Mason",SI,96,1.0233157158544837,1.6460399995627555,1.6460399995627555,True,1.0,-1.6460399995627555,6.25984251968504,32.0,36.016535433070864
"Ferrer, José A.",SL,90,1.172830504846335,2.0222701752904753,2.0222701752904753,True,1.0,-2.0222701752904753,3.2677165354330713,30.0,35.99409448818897
"Hicks, Jordan",SL,92,1.1594259737203592,1.8793583666531604,1.8793583666531604,True,1.0,-1.8793583666531604,4.212598425196851,30.666666666666664,35.97217847769029
"Bradley, Taj",FF,877,0.9590460107000184,0.27622287675327456,0.27622287675327456,True,1.0,-0.27622287675327456,35.94488188976378,100.0,35.94488188976378
"Martinez, Justin",FS,86,1.403837401807452,2.8949362381698114,2.8949362381698114,True,1.0,-2.8949362381698114,0.8267716535433071,28.666666666666668,35.91771653543307
"Clarke, Taylor",SL,344,1.0093475291526923,0.2793037471314474,0.2793037471314474,True,1.0,-0.2793037471314474,35.90551181102362,100.0,35.90551181102362
"Woo, Bryan",SL,299,1.0095216816499912,0.2811604661866527,0.2811604661866527,True,1.0,-0.2811604661866527,35.78740157480315,99.66666666666667,35.83484251968503
"Singer, Brady",SI,1157,0.924772193001522,0.281035016672251,0.281035016672251,True,1.0,-0.281035016672251,35.826771653543304,100.0,35.826771653543304
"Salazar, Eduardo",FF,119,1.0118253422878627,1.0235845148537475,1.0235845148537475,True,1.0,-1.0235845148537475,14.212598425196852,39.666666666666664,35.81620734908137
"Bradish, Kyle",FF,112,1.0203145865425423,1.143793227270893,1.143793227270893,True,1.0,-1.143793227270893,11.929133858267717,37.333333333333336,35.7992125984252
"Brown, McCade",KC,90,1.3402277644621226,2.2152809347817324,2.2152809347817324,True,1.0,-2.2152809347817324,2.5196850393700787,30.0,35.769685039370074
"Burke, Sean",SI,115,0.9834368916252623,1.0936465777655175,1.0936465777655175,True,1.0,-1.0936465777655175,12.834645669291339,38.333333333333336,35.765419947506565
"Ramírez, Yohan",CU,116,1.2328601222204223,1.0822525917987942,1.0822525917987942,True,1.0,-1.0822525917987942,13.149606299212598,38.666666666666664,35.76325459317585
"Kent, Zak",FF,93,1.0750861581690707,1.9193652222289972,1.9193652222289972,True,1.0,-1.9193652222289972,4.015748031496063,31.0,35.758464566929135
"Kowar, Jackson",SL,100,1.1276725363546558,1.5408205154044474,1.5408205154044474,True,1.0,-1.5408205154044474,7.165354330708662,33.33333333333333,35.73490813648294
"Shugart, Chase",FF,128,1.0046403265676003,0.921843834232667,0.921843834232667,True,1.0,-0.921843834232667,16.535433070866144,42.66666666666667,35.73307086614173
"Tong, Jonah",FF,213,0.9694417512878901,0.42342780491891985,0.42342780491891985,True,1.0,-0.42342780491891985,29.88188976377953,71.0,35.72185039370079
"Estévez, Carlos",SL,322,1.0096159991762308,0.28216602827117593,0.28216602827117593,True,1.0,-0.28216602827117593,35.70866141732284,100.0,35.70866141732284
"Rodríguez, Manuel",SI,147,0.9583200016414831,0.7457324887418498,0.7457324887418498,True,1.0,-0.7457324887418498,20.787401574803148,49.0,35.69586614173228
"Quantrill, Cal",FF,301,0.9595262714786831,0.28302342673107916,0.28302342673107916,True,1.0,-0.28302342673107916,35.669291338582674,100.0,35.669291338582674
"Curvelo, Luis",SL,131,1.0681343579969063,0.9060568916631818,0.9060568916631818,True,1.0,-0.9060568916631818,17.125984251968504,43.666666666666664,35.65610236220473
"Moll, Sam",ST,148,1.0869488164345142,0.7452558007927992,0.7452558007927992,True,1.0,-0.7452558007927992,20.826771653543307,49.333333333333336,35.61784776902887
"Keller, Brad",SI,175,0.9462279848504153,0.5782363134972156,0.5782363134972156,True,1.0,-0.5782363134972156,25.314960629921263,58.333333333333336,35.60859580052494
"Morgan, David",SI,166,0.950518896861171,0.637673160346762,0.637673160346762,True,1.0,-0.637673160346762,23.937007874015748,55.333333333333336,35.58727034120735
"Halvorsen, Seth",SL,126,1.0735358255819663,0.963644396561497,0.963644396561497,True,1.0,-0.963644396561497,15.590551181102363,42.0,35.55944881889764
"Feltner, Ryan",CH,97,1.1670849186788788,1.7565567602834413,1.7565567602834413,True,1.0,-1.7565567602834413,5.275590551181102,32.33333333333333,35.552427821522315
"Whitlock, Garrett",SL,376,1.0099867927421917,0.28611922727862704,0.28611922727862704,True,1.0,-0.28611922727862704,35.55118110236221,100.0,35.55118110236221
"Holmes, Clay",ST,526,1.0439021992947186,0.2878814172257615,0.2878814172257615,True,1.0,-0.2878814172257615,35.511811023622045,100.0,35.511811023622045
"Ashcraft, Braxton",FF,327,0.9599630340147164,0.2892080363987383,0.2892080363987383,True,1.0,-0.2892080363987383,35.47244094488189,100.0,35.47244094488189
"Ashby, Aaron",CH,135,1.0705675464084754,0.8729757369282647,0.8729757369282647,True,1.0,-0.8729757369282647,17.67716535433071,45.0,35.46555118110237
"Rainey, Tanner",FF,106,1.0367113310009186,1.3759730868723987,1.3759730868723987,True,1.0,-1.3759730868723987,8.700787401574802,35.333333333333336,35.42034120734908
"Gipson-Long, Sawyer",CH,98,1.1665047350271822,1.751245392468083,1.751245392468083,True,1.0,-1.751245392468083,5.31496062992126,32.666666666666664,35.41614173228347
"Montero, Keider",SI,316,0.9254759447240493,0.2907832434471433,0.2907832434471433,True,1.0,-0.2907832434471433,35.39370078740158,100.0,35.39370078740158
"Hiraldo, Yaramil",FF,119,1.016225748111274,1.0858947868021125,1.0858947868021125,True,1.0,-1.0858947868021125,13.031496062992126,39.666666666666664,35.34770341207349
"Gore, MacKenzie",FC,128,1.0030338757508435,0.9650942085508443,0.9650942085508443,True,1.0,-0.9650942085508443,15.511811023622046,42.66666666666667,35.29632545931758
"Cantillo, Joey",CU,314,1.1298014777338201,0.2933204986076406,0.2933204986076406,True,1.0,-0.2933204986076406,35.275590551181104,100.0,35.275590551181104
"Evans, Logan",FF,147,0.9944202786707503,0.7771267355528081,0.7771267355528081,True,1.0,-0.7771267355528081,19.88188976377953,49.0,35.252165354330714
"Pepiot, Ryan",CU,89,1.5815985026961406,3.7519063782947817,3.7519063782947817,True,1.0,-3.7519063782947817,0.23622047244094488,29.666666666666668,35.250590551181105
"Ashby, Aaron",SL,98,1.1525850058830087,1.806423694244447,1.806423694244447,True,1.0,-1.806423694244447,4.803149606299213,32.666666666666664,35.2489501312336
"Seymour, Ian",CH,314,1.0073585239831058,0.29432039845284436,0.29432039845284436,True,1.0,-0.29432039845284436,35.196850393700785,100.0,35.196850393700785
"Soriano, George",CH,213,1.024926041045505,0.4551445520603094,0.4551445520603094,True,1.0,-0.4551445520603094,29.133858267716533,71.0,35.190748031496064
"Bigge, Hunter",SL,101,1.1411635271827416,1.6846541102860293,1.6846541102860293,True,1.0,-1.6846541102860293,5.905511811023622,33.666666666666664,35.16791338582678
"Brazobán, Huascar",FC,92,1.1186523369437338,2.4577992297016014,2.4577992297016014,True,1.0,-2.4577992297016014,1.4960629921259843,30.666666666666664,35.13910761154855
"Ragans, Cole",SL,149,1.0555835164359268,0.7722466561134944,0.7722466561134944,True,1.0,-0.7722466561134944,20.0,49.666666666666664,35.10990813648294
"Peguero, Joel",FF,103,1.0532259484383815,1.6098220419339568,1.6098220419339568,True,1.0,-1.6098220419339568,6.574803149606299,34.333333333333336,35.103608923884515
"Pepiot, Ryan",FC,171,0.9782057091866293,0.644547398690268,0.644547398690268,True,1.0,-0.644547398690268,23.77952755905512,56.99999999999999,35.06279527559055
"Booser, Cam",FC,112,1.0265655409301004,1.2689023928728416,1.2689023928728416,True,1.0,-1.2689023928728416,9.921259842519685,37.333333333333336,35.049606299212606
"Paddack, Chris",CU,304,1.130381453365684,0.29776031432155375,0.29776031432155375,True,1.0,-0.29776031432155375,35.039370078740156,100.0,35.039370078740156
"Hoffmann, Andrew",CH,117,1.102266009967537,1.1631635053212401,1.1631635053212401,True,1.0,-1.1631635053212401,11.53543307086614,39.0,35.01082677165354
"Miller, Erik",FF,167,0.9869441779714146,0.6712642568671848,0.6712642568671848,True,1.0,-0.6712642568671848,23.031496062992126,55.666666666666664,34.996259842519684
"Beeks, Jalen",FC,91,1.1831462510130712,3.290455090813213,3.290455090813213,True,1.0,-3.290455090813213,0.4330708661417323,30.333333333333336,34.978412073490816
"Bieber, Shane",FC,120,1.0149233312186905,1.1185943476505587,1.1185943476505587,True,1.0,-1.1185943476505587,12.283464566929133,40.0,34.925196850393704
"Guerrero, Luis",FF,107,1.045288560440211,1.4974276800106994,1.4974276800106994,True,1.0,-1.4974276800106994,7.5984251968503935,35.66666666666667,34.88943569553806
"Patrick, Chad",SL,107,1.1243204953638983,1.5050828804127054,1.5050828804127054,True,1.0,-1.5050828804127054,7.440944881889763,35.66666666666667,34.83326771653543
"Waldrep, Hurston",SI,162,0.9552185640287568,0.7027720011021673,0.7027720011021673,True,1.0,-0.7027720011021673,21.8503937007874,54.0,34.80826771653543
"Civale, Aaron",FF,287,0.9619962762762186,0.31799898962788853,0.31799898962788853,True,1.0,-0.31799898962788853,34.05511811023622,95.66666666666667,34.746916010498694
"Woodruff, Brandon",SI,299,0.926285461317014,0.30199650385369603,0.30199650385369603,True,1.0,-0.30199650385369603,34.68503937007874,99.66666666666667,34.73615485564304
"Adam, Jason",ST,92,1.3984244509251125,4.0547139135787935,4.0547139135787935,True,1.0,-4.0547139135787935,0.11811023622047244,30.666666666666664,34.71653543307087
"Winn, Cole",SL,119,1.0926319813594525,1.1672372066741887,1.1672372066741887,True,1.0,-1.1672372066741887,11.377952755905511,39.666666666666664,34.691797900262465
"Bachar, Lake",FS,139,1.151862177431883,0.9122798422424848,0.9122798422424848,True,1.0,-0.9122798422424848,16.92913385826772,46.33333333333333,34.687729658792655
"Thornton, Trent",FF,217,0.9722207116214405,0.4627782151006357,0.4627782151006357,True,1.0,-0.4627782151006357,28.818897637795278,72.33333333333334,34.684448818897636
"Peralta, Luis",CU,118,1.2479506324320147,1.1977731079851075,1.1977731079851075,True,1.0,-1.1977731079851075,10.984251968503937,39.33333333333333,34.665748031496065
"Díaz, Alexis",SL,146,1.0617707046481675,0.8382110863110788,0.8382110863110788,True,1.0,-0.8382110863110788,18.46456692913386,48.66666666666667,34.66286089238845
"Matsui, Yuki",ST,114,1.1390383203017207,1.2987117121877796,1.2987117121877796,True,1.0,-1.2987117121877796,9.566929133858268,38.0,34.64763779527559
"Bradish, Kyle",SL,158,1.0534063453595346,0.7490348441287304,0.7490348441287304,True,1.0,-0.7490348441287304,20.708661417322833,52.666666666666664,34.58254593175853
"Pilkington, Konnor",SL,97,1.1992799469373596,2.3042597183153206,2.3042597183153206,True,1.0,-2.3042597183153206,2.1653543307086616,32.33333333333333,34.54678477690289
"Klein, Will",FF,221,0.9718454438068458,0.45746437803214013,0.45746437803214013,True,1.0,-0.45746437803214013,29.015748031496063,73.66666666666667,34.54678477690288
"Seymour, Ian",FC,214,0.9659157105609739,0.4858760025380089,0.4858760025380089,True,1.0,-0.4858760025380089,28.267716535433067,71.33333333333334,34.50328083989501
"Patrick, Chad",SI,487,0.9267872248919036,0.3089468315883687,0.3089468315883687,True,1.0,-0.3089468315883687,34.488188976377955,100.0,34.488188976377955
"Erceg, Lucas",SL,283,1.0140579693580434,0.32952389455011627,0.32952389455011627,True,1.0,-0.32952389455011627,33.503937007874015,94.33333333333334,34.43982939632546
"Martinez, Nick",CH,515,1.0091699169428745,0.31090303438088035,0.31090303438088035,True,1.0,-0.31090303438088035,34.40944881889764,100.0,34.40944881889764
"Javier, Cristian",ST,123,1.1245720503793646,1.1450062243264536,1.1450062243264536,True,1.0,-1.1450062243264536,11.88976377952756,41.0,34.38641732283465
"Rea, Colin",CH,316,1.0093177716810522,0.31225659009622814,0.31225659009622814,True,1.0,-0.31225659009622814,34.330708661417326,100.0,34.330708661417326
"Crochet, Garrett",CH,134,1.0847074838974076,1.002421660939191,1.002421660939191,True,1.0,-1.002421660939191,14.881889763779526,44.666666666666664,34.3248031496063
"Wheeler, Zack",FC,206,0.9685238395521718,0.5195485423798499,0.5195485423798499,True,1.0,-0.5195485423798499,27.125984251968504,68.66666666666667,34.299343832020995
"Gilbert, Tyler",SI,263,0.93119611588536,0.37001789948665037,0.37001789948665037,True,1.0,-0.37001789948665037,32.08661417322835,87.66666666666667,34.29835958005249
"Burke, Sean",FF,1023,0.9616146571979158,0.3125952179068297,0.3125952179068297,True,1.0,-0.3125952179068297,34.29133858267717,100.0,34.29133858267717
"Zeferjahn, Ryan",FC,226,0.963558642971065,0.45544481888145666,0.45544481888145666,True,1.0,-0.45544481888145666,29.09448818897638,75.33333333333333,34.25603674540683
"May, Dustin",ST,853,1.04622936012979,0.3126077214773948,0.3126077214773948,True,1.0,-0.3126077214773948,34.25196850393701,100.0,34.25196850393701
"Elder, Bryce",CH,263,1.015689061958868,0.3705834078632277,0.3705834078632277,True,1.0,-0.3705834078632277,32.00787401574804,87.66666666666667,34.22933070866142
"Cameron, Noah",CU,417,1.132433596223101,0.3134698296959744,0.3134698296959744,True,1.0,-0.3134698296959744,34.21259842519685,100.0,34.21259842519685
"Williams, Gavin",CU,644,1.132609969670263,0.3148199995293354,0.3148199995293354,True,1.0,-0.3148199995293354,34.17322834645669,100.0,34.17322834645669
"Baz, Shane",CH,311,1.0098850620036057,0.31744992422821267,0.31744992422821267,True,1.0,-0.31744992422821267,34.13385826771654,100.0,34.13385826771654
"Strider, Spencer",CH,97,1.2924219045511804,2.9039707401319297,2.9039707401319297,True,1.0,-2.9039707401319297,0.7874015748031495,32.33333333333333,34.10124671916011
"Patrick, Chad",CH,134,1.0864925433000774,1.0187632228431138,1.0187632228431138,True,1.0,-1.0187632228431138,14.37007874015748,44.666666666666664,34.09619422572179
"Doval, Camilo",SI,138,0.9745207362790267,0.9701417940569291,0.9701417940569291,True,1.0,-0.9701417940569291,15.393700787401574,46.0,34.091732283464566
"Baker, Bryan",CH,307,1.0100150989354584,0.31864036448386357,0.31864036448386357,True,1.0,-0.31864036448386357,34.01574803149606,100.0,34.01574803149606
"McDaniels, Garrett",SL,100,1.2026300460421284,2.3399766499765096,2.3399766499765096,True,1.0,-2.3399766499765096,1.9291338582677164,33.33333333333333,33.98950131233597
"Granillo, Andre",SL,235,1.0247375999559556,0.4433842981690404,0.4433842981690404,True,1.0,-0.4433842981690404,29.527559055118108,78.33333333333333,33.96751968503937
"Ferguson, Tyler",SI,147,0.9694489476071017,0.899888401353735,0.899888401353735,True,1.0,-0.899888401353735,17.244094488188978,49.0,33.95964566929134
"Rodríguez, Manuel",SL,214,1.0309454082810434,0.5095685687768268,0.5095685687768268,True,1.0,-0.5095685687768268,27.48031496062992,71.33333333333334,33.941601049868765
"Hicks, Jordan",ST,272,1.051149211637448,0.36488160964957567,0.36488160964957567,True,1.0,-0.36488160964957567,32.20472440944882,90.66666666666666,33.86745406824147
"Peralta, Luis",FF,308,0.962314076128423,0.3224990734862117,0.3224990734862117,True,1.0,-0.3224990734862117,33.85826771653544,100.0,33.85826771653544
"Garrett, Reed",SI,238,0.935927981764791,0.43556275029770214,0.43556275029770214,True,1.0,-0.43556275029770214,29.645669291338585,79.33333333333333,33.85629921259843
"Lorenzen, Michael",ST,199,1.0698562476326285,0.563645638629502,0.563645638629502,True,1.0,-0.563645638629502,25.62992125984252,66.33333333333333,33.84114173228346
"Cleavinger, Garrett",FF,105,1.0784382075928707,1.966830642365956,1.966830642365956,True,1.0,-1.966830642365956,3.740157480314961,35.0,33.82185039370079
"Bibee, Tanner",ST,482,1.047290765342501,0.32388525237609345,0.32388525237609345,True,1.0,-0.32388525237609345,33.818897637795274,100.0,33.818897637795274
"Mey, Luis",SL,104,1.1770401913474715,2.0671515595044796,2.0671515595044796,True,1.0,-2.0671515595044796,3.031496062992126,34.66666666666667,33.73044619422572
"Herget, Jimmy",SI,356,0.9282066083561077,0.3286078447648707,0.3286078447648707,True,1.0,-0.3286078447648707,33.661417322834644,100.0,33.661417322834644
"Dreyer, Jack",CU,101,1.4160388610038455,2.484518132321296,2.484518132321296,True,1.0,-2.484518132321296,1.4173228346456692,33.666666666666664,33.65688976377953
"Gusto, Ryan",CH,168,1.0567084010510435,0.7461003615456825,0.7461003615456825,True,1.0,-0.7461003615456825,20.748031496062993,56.00000000000001,33.62755905511811
"Quantrill, Cal",FS,419,1.077785359802863,0.32940953574278586,0.32940953574278586,True,1.0,-0.32940953574278586,33.54330708661417,100.0,33.54330708661417
"Estrada, Jeremiah",SL,253,1.0217424464543872,0.41145160316965684,0.41145160316965684,True,1.0,-0.41145160316965684,30.47244094488189,84.33333333333334,33.534842519685036
"McKenzie, Triston",FF,99,1.342789918661114,5.7100824395169285,5.7100824395169285,True,1.0,-5.7100824395169285,0.03937007874015748,33.0,33.52618110236221
"Sisk, Evan",SI,103,1.0745176092080906,2.355278288774182,2.355278288774182,True,1.0,-2.355278288774182,1.8503937007874016,34.333333333333336,33.481561679790026
"Altavilla, Dan",FF,121,1.0340809088679528,1.3387259953491357,1.3387259953491357,True,1.0,-1.3387259953491357,9.015748031496063,40.33333333333333,33.481430446194224
"Pallante, Andre",SL,774,1.0142160866816687,0.3312096553189061,0.3312096553189061,True,1.0,-0.3312096553189061,33.425196850393704,100.0,33.425196850393704
"Sims, Lucas",ST,123,1.139249945760644,1.3009602527294857,1.3009602527294857,True,1.0,-1.3009602527294857,9.488188976377952,41.0,33.401771653543314
"Houser, Adrian",FF,222,0.9753930516004845,0.5076989280392583,0.5076989280392583,True,1.0,-0.5076989280392583,27.559055118110237,74.0,33.398818897637796
"Senga, Kodai",FC,389,0.9540194050581402,0.33228742529862215,0.33228742529862215,True,1.0,-0.33228742529862215,33.38582677165354,100.0,33.38582677165354
"Ragans, Cole",KC,138,1.203916272443678,1.0431726842064273,1.0431726842064273,True,1.0,-1.0431726842064273,13.779527559055119,46.0,33.3492125984252
"O'Brien, Riley",ST,161,1.0939542180647535,0.819688856516197,0.819688856516197,True,1.0,-0.819688856516197,18.89763779527559,53.666666666666664,33.31751968503937
"Dunning, Dane",SI,111,1.0345210601367376,1.8012541662320627,1.8012541662320627,True,1.0,-1.8012541662320627,4.84251968503937,37.0,33.30413385826772
"Verlander, Justin",FF,1182,0.9633231670198132,0.33678792101218835,0.33678792101218835,True,1.0,-0.33678792101218835,33.267716535433074,100.0,33.267716535433074
"Rutledge, Jackson",FC,175,0.9848828741721167,0.730753680957429,0.730753680957429,True,1.0,-0.730753680957429,21.25984251968504,58.333333333333336,33.243110236220474
"Graveman, Kendall",SI,128,0.9920295913101991,1.2126709189586122,1.2126709189586122,True,1.0,-1.2126709189586122,10.669291338582678,42.66666666666667,33.23018372703412
"Bido, Osvaldo",SI,204,0.9462622868784163,0.5787114582635999,0.5787114582635999,True,1.0,-0.5787114582635999,25.275590551181104,68.0,33.193700787401575
"Leiter, Jack",SL,602,1.0147968728408148,0.3374016809597161,0.3374016809597161,True,1.0,-0.3374016809597161,33.188976377952756,100.0,33.188976377952756
"Stanek, Ryne",FF,607,0.9634090284946342,0.33800372974908166,0.33800372974908166,True,1.0,-0.33800372974908166,33.1496062992126,100.0,33.1496062992126
"Bellozo, Valente",CH,191,1.0465349262974746,0.6529659441617053,0.6529659441617053,True,1.0,-0.6529659441617053,23.503937007874015,63.66666666666667,33.137992125984255
"Greene, Hunter",FS,188,1.120903205160391,0.6686804783069195,0.6686804783069195,True,1.0,-0.6686804783069195,23.07086614173228,62.66666666666667,33.131758530183724
"Garcia, Brandyn",SI,145,0.9768021614839323,1.0017436353817497,1.0017436353817497,True,1.0,-1.0017436353817497,14.960629921259844,48.333333333333336,33.074475065616795
"Gore, MacKenzie",CU,675,1.1358652024802083,0.33973938059987296,0.33973938059987296,True,1.0,-0.33973938059987296,33.07086614173229,100.0,33.07086614173229
"Boushley, Caleb",FC,140,1.0100741754300984,1.0559887817288869,1.0559887817288869,True,1.0,-1.0559887817288869,13.622047244094487,46.666666666666664,33.03412073490814
"Sousa, Bennett",FF,295,0.9642956600075667,0.3505585378522102,0.3505585378522102,True,1.0,-0.3505585378522102,32.71653543307087,98.33333333333333,33.00492125984252
"Kochanowicz, Jack",ST,103,1.3750901612150703,3.806784875683765,3.806784875683765,True,1.0,-3.806784875683765,0.19685039370078738,34.333333333333336,32.913845144356955
"Cantillo, Joey",FF,704,0.9638732378556807,0.3445769897365803,0.3445769897365803,True,1.0,-0.3445769897365803,32.91338582677165,100.0,32.91338582677165
"Gray, Sonny",CH,229,1.0305805332890547,0.5069093476155823,0.5069093476155823,True,1.0,-0.5069093476155823,27.598425196850396,76.33333333333333,32.90479002624672
"Vásquez, Randy",CH,149,1.0808316857916473,0.966940155630371,0.966940155630371,True,1.0,-0.966940155630371,15.433070866141732,49.666666666666664,32.841666666666676
"Wilson, Steven",FF,325,0.9639052755952093,0.3450306479541974,0.3450306479541974,True,1.0,-0.3450306479541974,32.83464566929134,100.0,32.83464566929134
"Montgomery, Mason",FF,569,0.9641517065440295,0.34852013961784895,0.34852013961784895,True,1.0,-0.34852013961784895,32.795275590551185,100.0,32.795275590551185
"Falter, Bailey",SL,354,1.0159142250549877,0.3493142815804814,0.3493142815804814,True,1.0,-0.3493142815804814,32.75590551181102,100.0,32.75590551181102
"Senga, Kodai",SI,114,1.036346592821909,1.8265410764169838,1.8265410764169838,True,1.0,-1.8265410764169838,4.566929133858268,38.0,32.747637795275594
"Hancock, Emerson",SL,162,1.0628237533516878,0.8494381179311281,0.8494381179311281,True,1.0,-0.8494381179311281,18.031496062992126,54.0,32.746062992125985
"Blackburn, Paul",SI,215,0.9449785971899002,0.5609300478717246,0.5609300478717246,True,1.0,-0.5609300478717246,25.826771653543307,71.66666666666667,32.68143044619423
"Bellozo, Valente",FF,380,0.96442951968617,0.3524540068865237,0.3524540068865237,True,1.0,-0.3524540068865237,32.677165354330704,100.0,32.677165354330704
"Palencia, Daniel",FF,653,0.9645070081166193,0.3535512523152203,0.3535512523152203,True,1.0,-0.3535512523152203,32.637795275590555,100.0,32.637795275590555
"Gilbert, Tyler",FC,154,1.0006450505882705,0.9342530152151621,0.9342530152151621,True,1.0,-0.9342530152151621,16.141732283464567,51.33333333333333,32.62900262467191
"McDermott, Chayce",FF,105,1.1776156128427218,3.3711945442982447,3.3711945442982447,True,1.0,-3.3711945442982447,0.31496062992125984,35.0,32.623031496063
"Pérez, Eury",SL,366,1.016438443461247,0.3549032126557583,0.3549032126557583,True,1.0,-0.3549032126557583,32.59842519685039,100.0,32.59842519685039
"Merryweather, Julian",SL,167,1.0612203321564608,0.8323433146244138,0.8323433146244138,True,1.0,-0.8323433146244138,18.62204724409449,55.666666666666664,32.54166666666667
"Farris, Mitch",CH,108,1.2440581431322786,2.4612183029012806,2.4612183029012806,True,1.0,-2.4612183029012806,1.4566929133858268,36.0,32.53700787401576
"Alcala, Jorge",SI,138,0.9864867023726767,1.135891940490223,1.135891940490223,True,1.0,-1.135891940490223,12.007874015748031,46.0,32.53425196850394
"Stanek, Ryne",FS,127,1.2120179621690443,1.3856130902105122,1.3856130902105122,True,1.0,-1.3856130902105122,8.622047244094489,42.333333333333336,32.49468503937008
"Lazar, Max",FF,357,0.9648825630226867,0.35886915463325336,0.35886915463325336,True,1.0,-0.35886915463325336,32.44094488188976,100.0,32.44094488188976
"Pomeranz, Drew",KC,202,1.157285877371329,0.6422096400597844,0.6422096400597844,True,1.0,-0.6422096400597844,23.818897637795274,67.33333333333333,32.37782152230971
"Rutledge, Jackson",FS,126,1.2238297197803638,1.4785534054072171,1.4785534054072171,True,1.0,-1.4785534054072171,7.913385826771653,42.0,32.335039370078746
"Pilkington, Konnor",CH,108,1.2772844553688059,2.7653929636661796,2.7653929636661796,True,1.0,-2.7653929636661796,0.8661417322834646,36.0,32.324409448818905
"Moreta, Dauri",FF,121,1.0575667045748047,1.671287667191309,1.671287667191309,True,1.0,-1.671287667191309,5.984251968503937,40.33333333333333,32.25872703412074
"Houck, Tanner",SI,298,0.9309044677800089,0.3659780488142847,0.3659780488142847,True,1.0,-0.3659780488142847,32.125984251968504,99.33333333333333,32.24527559055118
"Gomber, Austin",FF,340,0.9652895082648485,0.36463154785896196,0.36463154785896196,True,1.0,-0.36463154785896196,32.24409448818898,100.0,32.24409448818898
"Nicolas, Kyle",CU,145,1.2313366063274527,1.0705898090362402,1.0705898090362402,True,1.0,-1.0705898090362402,13.228346456692913,48.333333333333336,32.23720472440945
"Kremer, Dean",FS,567,1.0829532138149682,0.37007257646716774,0.37007257646716774,True,1.0,-0.37007257646716774,32.047244094488185,100.0,32.047244094488185
"Jacob, Alek",CH,189,1.0540986481412966,0.7222090340835342,0.7222090340835342,True,1.0,-0.7222090340835342,21.41732283464567,63.0,32.0001968503937
"Aldegheri, Sam",FF,143,1.0190431239363373,1.1257891649311635,1.1257891649311635,True,1.0,-1.1257891649311635,12.125984251968504,47.66666666666667,31.957020997375324
"Spence, Mitch",SI,126,1.0166587904987694,1.5538296135504897,1.5538296135504897,True,1.0,-1.5538296135504897,7.007874015748032,42.0,31.954724409448822
"Waddell, Brandon",FF,116,1.0829742863052512,2.031062058623947,2.031062058623947,True,1.0,-2.031062058623947,3.2283464566929134,38.666666666666664,31.927034120734906
"Keller, Brad",FF,500,0.9658804814113439,0.37299979818632856,0.37299979818632856,True,1.0,-0.37299979818632856,31.8503937007874,100.0,31.8503937007874
"Brubaker, JT",SI,231,0.9438393860209692,0.5451499247633228,0.5451499247633228,True,1.0,-0.5451499247633228,26.417322834645667,77.0,31.84586614173228
"Mize, Casey",FF,830,0.9658975989943198,0.3732421852054203,0.3732421852054203,True,1.0,-0.3732421852054203,31.811023622047248,100.0,31.811023622047248
"Clase, Emmanuel",SL,225,1.0358518165065063,0.5618780204707476,0.5618780204707476,True,1.0,-0.5618780204707476,25.708661417322837,75.0,31.786417322834644
"Muñoz, Andrés",FF,383,0.9659471701717163,0.3739441189970585,0.3739441189970585,True,1.0,-0.3739441189970585,31.77165354330709,100.0,31.77165354330709
"Beck, Tristan",FF,270,0.9699911986705445,0.4312080454713632,0.4312080454713632,True,1.0,-0.4312080454713632,29.7244094488189,90.0,31.75393700787402
"Gomber, Austin",SL,153,1.0800278828182017,1.032859174213023,1.032859174213023,True,1.0,-1.032859174213023,14.094488188976378,51.0,31.69783464566929
"Cantillo, Joey",SL,147,1.0866869579000407,1.1038546051500373,1.1038546051500373,True,1.0,-1.1038546051500373,12.598425196850393,49.0,31.683267716535436
"Allen, Logan",FF,900,0.966177294321483,0.3772027044387841,0.3772027044387841,True,1.0,-0.3772027044387841,31.65354330708661,100.0,31.65354330708661
"Bummer, Aaron",ST,164,1.1040253348199365,0.9266954257612192,0.9266954257612192,True,1.0,-0.9266954257612192,16.41732283464567,54.666666666666664,31.650393700787404
"Morgan, David",FF,285,0.9684036136813369,0.40872765243752635,0.40872765243752635,True,1.0,-0.40872765243752635,30.669291338582678,95.0,31.636811023622048
"Megill, Tylor",SI,241,0.9420722897922928,0.5206724645756114,0.5206724645756114,True,1.0,-0.5206724645756114,27.086614173228345,80.33333333333333,31.596784776902886
"Cruz, Steven",FC,164,1.0001556744040154,0.927934869480197,0.927934869480197,True,1.0,-0.927934869480197,16.299212598425196,54.666666666666664,31.585826771653544
"Loáisiga, Jonathan",SI,270,0.9368117451633644,0.4478044624653195,0.4478044624653195,True,1.0,-0.4478044624653195,29.409448818897637,90.0,31.47047244094488
"Lord, Brad",SL,430,1.0190784235761663,0.38304924249029265,0.38304924249029265,True,1.0,-0.38304924249029265,31.456692913385826,100.0,31.456692913385826
"Molina, Anthony",FF,270,0.9712215194208488,0.4486295342184502,0.4486295342184502,True,1.0,-0.4486295342184502,29.370078740157478,90.0,31.435039370078737
"Rocker, Kumar",SI,293,0.9331786436164867,0.39747947335127154,0.39747947335127154,True,1.0,-0.39747947335127154,30.94488188976378,97.66666666666667,31.389960629921262
"Martin, Corbin",FF,147,1.0207712350569118,1.1502594247665427,1.1502594247665427,True,1.0,-1.1502594247665427,11.771653543307087,49.0,31.278149606299216
"Bachman, Sam",SL,185,1.0569715116411884,0.7870447048702658,0.7870447048702658,True,1.0,-0.7870447048702658,19.606299212598426,61.66666666666667,31.26476377952756
"Buehler, Walker",KC,282,1.131414113506153,0.4197448468550739,0.4197448468550739,True,1.0,-0.4197448468550739,30.039370078740156,94.0,31.238188976377952
"Sands, Cole",CU,213,1.1763420469351422,0.6495967611299961,0.6495967611299961,True,1.0,-0.6495967611299961,23.543307086614174,71.0,31.221456692913385
"Fisher, Braydon",CU,350,1.142462116341706,0.3902399192716159,0.3902399192716159,True,1.0,-0.3902399192716159,31.22047244094488,100.0,31.22047244094488
"Soriano, José",FS,256,1.0990404690643794,0.49665446400076185,0.49665446400076185,True,1.0,-0.49665446400076185,27.913385826771652,85.33333333333334,31.15564304461942
"Winn, Cole",SI,130,1.021255662301432,1.6175045536650816,1.6175045536650816,True,1.0,-1.6175045536650816,6.456692913385827,43.333333333333336,31.14238845144357
"Salazar, Eduardo",SL,173,1.0681990049073122,0.9067461218049978,0.9067461218049978,True,1.0,-0.9067461218049978,17.086614173228345,57.666666666666664,31.02828083989501
"Blalock, Bradley",FF,479,0.9673692896207698,0.39408150022270483,0.39408150022270483,True,1.0,-0.39408150022270483,31.023622047244093,100.0,31.023622047244093
"Enns, Dietrich",FC,123,1.0813067148215483,1.9756444156292874,1.9756444156292874,True,1.0,-1.9756444156292874,3.661417322834646,41.0,31.012795275590555
"Baz, Shane",FC,400,0.9588724440848441,0.3949431261984617,0.3949431261984617,True,1.0,-0.3949431261984617,30.98425196850394,100.0,30.98425196850394
"Herrin, Tim",SI,128,1.0329005668056315,1.778807419782768,1.778807419782768,True,1.0,-1.778807419782768,5.078740157480315,42.66666666666667,30.844881889763776
"Patrick, Chad",FF,465,0.9682230720820681,0.4061711618319153,0.4061711618319153,True,1.0,-0.4061711618319153,30.748031496062993,100.0,30.748031496062993
"Reynolds, Sean",SL,158,1.0832623099693597,1.0673428745180549,1.0673428745180549,True,1.0,-1.0673428745180549,13.307086614173228,52.666666666666664,30.684383202099742
"Zeferjahn, Ryan",SL,172,1.0712188903149689,0.9389424949141859,0.9389424949141859,True,1.0,-0.9389424949141859,16.10236220472441,57.333333333333336,30.573753280839895
"Houser, Adrian",CU,221,1.176157128123397,0.6481811750241685,0.6481811750241685,True,1.0,-0.6481811750241685,23.62204724409449,73.66666666666667,30.573425196850394
"Quantrill, Cal",SL,168,1.07525197793075,0.981941078016216,0.981941078016216,True,1.0,-0.981941078016216,15.236220472440944,56.00000000000001,30.540944881889764
"Blalock, Bradley",CU,135,1.3026059835251826,1.6161694565576528,1.6161694565576528,True,1.0,-1.6161694565576528,6.496062992125983,45.0,30.43405511811024
"Holton, Tyler",FF,131,1.0641809674312313,1.7649464191021522,1.7649464191021522,True,1.0,-1.7649464191021522,5.118110236220472,43.666666666666664,30.412664041994752
"Glasnow, Tyler",SL,389,1.0217724705845685,0.41177170408976055,0.41177170408976055,True,1.0,-0.41177170408976055,30.393700787401574,100.0,30.393700787401574
"Bibee, Tanner",FF,850,0.968772835613524,0.4139558790891415,0.4139558790891415,True,1.0,-0.4139558790891415,30.314960629921263,100.0,30.314960629921263
"Holderman, Colin",ST,133,1.1791355181374619,1.7247482363432,1.7247482363432,True,1.0,-1.7247482363432,5.47244094488189,44.333333333333336,30.27040682414698
"Liberatore, Matthew",FC,248,0.9713570634737655,0.5561271953922928,0.5561271953922928,True,1.0,-0.5561271953922928,26.10236220472441,82.66666666666667,30.248031496062993
"Buehler, Walker",CH,150,1.1108528607553478,1.2417729641991286,1.2417729641991286,True,1.0,-1.2417729641991286,10.433070866141732,50.0,30.226377952755907
"Cleavinger, Garrett",SL,339,1.0224509042738226,0.4190047945022922,0.4190047945022922,True,1.0,-0.4190047945022922,30.118110236220474,100.0,30.118110236220474
"Clarke, Taylor",SI,156,0.9875348692922262,1.1504109370377789,1.1504109370377789,True,1.0,-1.1504109370377789,11.69291338582677,52.0,30.08976377952756
"Fluharty, Mason",ST,426,1.0562906547475612,0.4195099295822728,0.4195099295822728,True,1.0,-0.4195099295822728,30.078740157480315,100.0,30.078740157480315
"Richardson, Lyon",SI,196,0.9617088267807814,0.7926738103768489,0.7926738103768489,True,1.0,-0.7926738103768489,19.488188976377952,65.33333333333333,30.07244094488189
"Alvarado, José",FC,139,1.0488987205664904,1.5572373961028538,1.5572373961028538,True,1.0,-1.5572373961028538,6.929133858267717,46.33333333333333,30.054396325459322
"Cease, Dylan",KC,260,1.1434420084321932,0.5231696914599361,0.5231696914599361,True,1.0,-0.5231696914599361,26.968503937007878,86.66666666666667,30.041994750656173
"Coulombe, Danny",ST,134,1.1849345579417254,1.786363583424765,1.786363583424765,True,1.0,-1.786363583424765,5.039370078740157,44.666666666666664,29.928477690288716
"Alvarez, Andrew",FF,142,1.0457159478568203,1.5034795368677556,1.5034795368677556,True,1.0,-1.5034795368677556,7.480314960629922,47.333333333333336,29.884383202099738
"Rodón, Carlos",CU,123,1.4513200702635967,2.754602009421282,2.754602009421282,True,1.0,-2.754602009421282,0.905511811023622,41.0,29.882874015748037
"Bradley, Taj",SI,202,0.9602039152178605,0.7718280792448124,0.7718280792448124,True,1.0,-0.7718280792448124,20.039370078740156,67.33333333333333,29.83293963254593
"Gilbert, Logan",CU,176,1.2177858592406983,0.9668564510368841,0.9668564510368841,True,1.0,-0.9668564510368841,15.47244094488189,58.666666666666664,29.75196850393701
"Sauer, Matt",FC,163,1.0133832919038601,1.09871149854239,1.09871149854239,True,1.0,-1.09871149854239,12.716535433070867,54.333333333333336,29.75164041994751
"Rashi, Taylor",FF,178,1.0069431043156833,0.9544514421392638,0.9544514421392638,True,1.0,-0.9544514421392638,15.826771653543306,59.333333333333336,29.731889763779527
"Miller, Mason",FF,518,0.9702511420701955,0.4348888750524126,0.4348888750524126,True,1.0,-0.4348888750524126,29.68503937007874,100.0,29.68503937007874
"Sheehan, Emmet",CH,205,1.0585852195121894,0.7632819438613021,0.7632819438613021,True,1.0,-0.7632819438613021,20.236220472440944,68.33333333333333,29.667650918635175
"Gillispie, Connor",FF,137,1.061348272196279,1.7248351162996574,1.7248351162996574,True,1.0,-1.7248351162996574,5.433070866141732,45.666666666666664,29.658464566929133
"Corbin, Patrick",CH,240,1.0412856572392881,0.6049108177404764,0.6049108177404764,True,1.0,-0.6049108177404764,24.527559055118108,80.0,29.625984251968504
"Myers, Tobias",SL,141,1.13379600827202,1.6061056371760312,1.6061056371760312,True,1.0,-1.6061056371760312,6.6141732283464565,47.0,29.61909448818898
"Gallen, Zac",FF,1410,0.9703187230015329,0.4358458291105483,0.4358458291105483,True,1.0,-0.4358458291105483,29.606299212598426,100.0,29.606299212598426
"Richardson, Lyon",FF,138,1.0607040607002929,1.7157130045858697,1.7157130045858697,True,1.0,-1.7157130045858697,5.551181102362205,46.0,29.56417322834646
"Ferguson, Caleb",SV,240,1.1457049774337058,0.611045374668808,0.611045374668808,True,1.0,-0.611045374668808,24.409448818897637,80.0,29.531496062992126
"Leahy, Kyle",ST,186,1.1031971443605286,0.9178958237014888,0.9178958237014888,True,1.0,-0.9178958237014888,16.811023622047244,62.0,29.43031496062992
"Kelly, Michael",FF,192,1.00066161581493,0.8655048148440909,0.8655048148440909,True,1.0,-0.8655048148440909,17.79527559055118,64.0,29.396062992125984
"Cannon, Jonathan",SI,393,0.9368867830966326,0.44884387276699694,0.44884387276699694,True,1.0,-0.44884387276699694,29.330708661417322,100.0,29.330708661417322
"Lynch IV, Daniel",SI,207,0.9602948687686971,0.7730879494677263,0.7730879494677263,True,1.0,-0.7730879494677263,19.960629921259844,69.0,29.27893700787402
"Muñoz, Andrés",SI,137,1.0380087843834673,1.8495654183357417,1.8495654183357417,True,1.0,-1.8495654183357417,4.488188976377953,45.666666666666664,29.22696850393701
"Newcomb, Sean",SV,346,1.1250195544610873,0.4528130944578719,0.4528130944578719,True,1.0,-0.4528130944578719,29.212598425196852,100.0,29.212598425196852
"Fedde, Erick",SI,788,0.9372488062204449,0.45385854398656256,0.45385854398656256,True,1.0,-0.45385854398656256,29.173228346456693,100.0,29.173228346456693
"Bazardo, Eduard",FF,177,1.011296282040476,1.016092958571292,1.016092958571292,True,1.0,-1.016092958571292,14.606299212598426,59.0,29.125787401574804
"Nicolas, Kyle",SL,174,1.0806026834912732,1.0389873858619485,1.0389873858619485,True,1.0,-1.0389873858619485,13.937007874015746,57.99999999999999,29.091732283464566
"Herrin, Tim",FF,204,0.9963263751385816,0.8041172891600457,0.8041172891600457,True,1.0,-0.8041172891600457,19.212598425196852,68.0,29.070866141732285
"Márquez, Germán",KC,666,1.1356885256234042,0.45649944204585324,0.45649944204585324,True,1.0,-0.45649944204585324,29.055118110236222,100.0,29.055118110236222
"Feltner, Ryan",FF,174,1.0138484002593349,1.0522312573198815,1.0522312573198815,True,1.5,-1.0522312573198815,13.74015748031496,57.99999999999999,28.97755905511811
"Ramírez, Yohan",ST,147,1.1658543191512578,1.5836342394031124,1.5836342394031124,True,1.0,-1.5836342394031124,6.8110236220472435,49.0,28.847440944881892
"Seymour, Carson",SL,131,1.2224357629199578,2.5511344140018535,2.5511344140018535,True,1.0,-2.5511344140018535,1.3779527559055118,43.666666666666664,28.77946194225722
"Strider, Spencer",CU,188,1.2142984058693664,0.9401593806275305,0.9401593806275305,True,1.0,-0.9401593806275305,16.023622047244093,62.66666666666667,28.71548556430446
"Lugo, Seth",SI,348,0.9384982670064348,0.4711658225313664,0.4711658225313664,True,1.0,-0.4711658225313664,28.7007874015748,100.0,28.7007874015748
"Slaten, Justin",FF,194,1.0039219295725752,0.911671246993384,0.911671246993384,True,1.0,-0.911671246993384,16.968503937007874,64.66666666666666,28.64658792650919
"Darvish, Yu",SI,236,0.953380087791443,0.6773057994462386,0.6773057994462386,True,1.0,-0.6773057994462386,22.83464566929134,78.66666666666666,28.63412073490814
"Trivino III, Lou",SI,186,0.9746643341102981,0.9721308822236895,0.9721308822236895,True,1.0,-0.9721308822236895,15.354330708661418,62.0,28.527165354330712
"Bibee, Tanner",SI,456,0.9387645851352746,0.47485480748315106,0.47485480748315106,True,1.0,-0.47485480748315106,28.503937007874015,100.0,28.503937007874015
"Faucher, Calvin",CU,159,1.261990545717339,1.3052511194764504,1.3052511194764504,True,1.0,-1.3052511194764504,9.370078740157481,53.0,28.4753937007874
"Kriske, Brooks",FF,133,1.1202947627569133,2.5595244619263067,2.5595244619263067,True,1.0,-2.5595244619263067,1.3385826771653544,44.333333333333336,28.43772965879265
"Faucher, Calvin",SI,131,1.1308311016803245,3.1353214169588983,3.1353214169588983,True,1.0,-3.1353214169588983,0.5905511811023622,43.666666666666664,28.435629921259846
"Morton, Charlie",SI,385,0.9392337531878755,0.4813536286240273,0.4813536286240273,True,1.0,-0.4813536286240273,28.425196850393704,100.0,28.425196850393704
"Luzardo, Jesús",SL,202,1.0637295716513322,0.8590954591900181,0.8590954591900181,True,1.0,-0.8590954591900181,17.874015748031496,67.33333333333333,28.3749343832021
"Rocker, Kumar",SL,180,1.0808105583448986,1.0412036343097777,1.0412036343097777,True,1.0,-1.0412036343097777,13.89763779527559,60.0,28.346456692913385
"Vargas, Carlos",FC,167,1.0211157646410787,1.1985424490815177,1.1985424490815177,True,1.0,-1.1985424490815177,10.94488188976378,55.666666666666664,28.268044619422575
"Bradley, Taj",FS,344,1.097703979253912,0.4861383504527681,0.4861383504527681,True,1.0,-0.4861383504527681,28.228346456692915,100.0,28.228346456692915
"Kelly, Merrill",FF,658,0.9740640195523342,0.48887967552673933,0.48887967552673933,True,1.0,-0.48887967552673933,28.188976377952756,100.0,28.188976377952756
"Ortiz, Luis",SL,389,1.0291309146995213,0.49022342667084046,0.49022342667084046,True,1.0,-0.49022342667084046,28.1496062992126,100.0,28.1496062992126
"Graceffo, Gordon",CU,195,1.2130120787498897,0.9303123197433825,0.9303123197433825,True,1.0,-0.9303123197433825,16.259842519685037,65.0,28.0757874015748
"Ort, Kaleb",ST,183,1.1144395434867662,1.03734737905783,1.03734737905783,True,1.0,-1.03734737905783,13.976377952755906,61.0,28.033267716535434
"Imanaga, Shota",ST,371,1.0631780264201374,0.4926889058282223,0.4926889058282223,True,1.0,-0.4926889058282223,28.03149606299213,100.0,28.03149606299213
"Kolek, Stephen",FF,433,0.9744416375752073,0.4942267918251138,0.4942267918251138,True,1.0,-0.4942267918251138,27.99212598425197,100.0,27.99212598425197
"Manaea, Sean",ST,371,1.0633870188452588,0.49490947013643855,0.49490947013643855,True,1.0,-0.49490947013643855,27.95275590551181,100.0,27.95275590551181
"Lorenzen, Michael",FC,251,0.9785052986220362,0.6484152814652296,0.6484152814652296,True,1.0,-0.6484152814652296,23.58267716535433,83.66666666666667,27.900721784776902
"Gil, Luis",FF,521,0.9748001657008054,0.49930359289839243,0.49930359289839243,True,1.0,-0.49930359289839243,27.83464566929134,100.0,27.83464566929134
"Boyle, Joe",FS,152,1.2451578728159403,1.646373075512063,1.646373075512063,True,1.0,-1.646373075512063,6.2204724409448815,50.66666666666667,27.82808398950131
"Sousa, Bennett",SL,418,1.0302445722630038,0.5020966369386348,0.5020966369386348,True,1.0,-0.5020966369386348,27.755905511811026,100.0,27.755905511811026
"Smith-Shawver, AJ",FS,241,1.123478104216232,0.6889409626246995,0.6889409626246995,True,1.0,-0.6889409626246995,22.283464566929133,80.33333333333333,27.73825459317586
"Gibson, Cade",SI,215,0.9640399340976392,0.8249638382857487,0.8249638382857487,True,1.0,-0.8249638382857487,18.740157480314963,71.66666666666667,27.602690288713912
"Topa, Justin",ST,287,1.0674958656046,0.5385663560566982,0.5385663560566982,True,1.0,-0.5385663560566982,26.574803149606304,95.66666666666667,27.590748031496066
"Holton, Tyler",ST,225,1.0900409046903516,0.7781095313276679,0.7781095313276679,True,1.0,-0.7781095313276679,19.80314960629921,75.0,27.357283464566926
"Martinez, Nick",SI,441,0.9416485756773824,0.5148032622025964,0.5148032622025964,True,1.0,-0.5148032622025964,27.322834645669293,100.0,27.322834645669293
"Cabrera, Génesis",SI,174,0.9917324932905645,1.2085555771739138,1.2085555771739138,True,1.0,-1.2085555771739138,10.78740157480315,57.99999999999999,27.264960629921262
"Gaddis, Hunter",CH,146,1.1995580936963994,2.0538367269736573,2.0538367269736573,True,1.0,-2.0538367269736573,3.149606299212598,48.66666666666667,27.20958005249344
"Pagán, Emilio",FC,199,1.002842984881459,0.9626296907196776,0.9626296907196776,True,1.0,-0.9626296907196776,15.629921259842519,66.33333333333333,27.20780839895013
"Faucher, Calvin",ST,191,1.1131939967417948,1.0241133269409077,1.0241133269409077,True,1.0,-1.0241133269409077,14.173228346456693,63.66666666666667,27.19744094488189
"Kirby, George",SI,671,0.9418838084741591,0.518061659410687,0.518061659410687,True,1.0,-0.518061659410687,27.165354330708663,100.0,27.165354330708663
"Kahnle, Tommy",FF,154,1.0617167830993728,1.7300532746944004,1.7300532746944004,True,1.0,-1.7300532746944004,5.393700787401575,51.33333333333333,27.111679790026248
"Bummer, Aaron",SI,324,0.9422104899876792,0.5225867857798603,0.5225867857798603,True,1.0,-0.5225867857798603,27.04724409448819,100.0,27.04724409448819
"Ashby, Aaron",CU,299,1.1599837682143226,0.5243712534929508,0.5243712534929508,True,1.0,-0.5243712534929508,26.92913385826772,99.66666666666667,27.006102362204725
"Myers, Tobias",FC,173,1.0265075842988896,1.2681541373302156,1.2681541373302156,True,1.0,-1.2681541373302156,9.960629921259843,57.666666666666664,26.918963254593177
"Bieber, Shane",FF,313,0.9767259239307469,0.5265725594050843,0.5265725594050843,True,1.0,-0.5265725594050843,26.88976377952756,100.0,26.88976377952756
"Morales, Luis",ST,220,1.0957041787735355,0.8382823547659306,0.8382823547659306,True,1.0,-0.8382823547659306,18.425196850393704,73.33333333333333,26.850393700787407
"Márquez, Germán",FF,737,0.976783512416873,0.527388019245748,0.527388019245748,True,1.0,-0.527388019245748,26.8503937007874,100.0,26.8503937007874
"Yesavage, Trey",FS,179,1.1861528955502476,1.1820949074608915,1.1820949074608915,True,1.0,-1.1820949074608915,11.181102362204724,59.66666666666667,26.845997375328082
"Brash, Matt",SL,605,1.0328645351092092,0.530029253558712,0.530029253558712,True,1.0,-0.530029253558712,26.81102362204724,100.0,26.81102362204724
"Gray, Sonny",SI,490,0.9431858871550229,0.5360977904118758,0.5360977904118758,True,1.0,-0.5360977904118758,26.73228346456693,100.0,26.73228346456693
"Brown, McCade",FF,286,0.9795168898284704,0.5660929698091756,0.5660929698091756,True,1.0,-0.5660929698091756,25.551181102362204,95.33333333333334,26.69304461942257
"Reynolds, Sean",FF,256,0.9877369501657853,0.6824900058109595,0.6824900058109595,True,1.0,-0.6824900058109595,22.63779527559055,85.33333333333334,26.65380577427821
"Winn, Cole",FF,171,1.0345562070565117,1.3454562744584193,1.3454562744584193,True,1.0,-1.3454562744584193,8.976377952755906,56.99999999999999,26.625000000000004
"Montero, Keider",CH,196,1.087802269127209,1.0307532807925721,1.0307532807925721,True,1.0,-1.0307532807925721,14.133858267716533,65.33333333333333,26.574278215223096
"Cameron, Noah",CH,402,1.0341035523331057,0.5391612904422195,0.5391612904422195,True,1.0,-0.5391612904422195,26.535433070866144,100.0,26.535433070866144
"Lorenzen, Michael",CU,261,1.1797016267203388,0.6753149366928664,0.6753149366928664,True,1.0,-0.6753149366928664,22.95275590551181,87.0,26.471456692913385
"Duran, Jhoan",KC,212,1.189775422489221,0.9215790705181269,0.9215790705181269,True,1.0,-0.9215790705181269,16.614173228346456,70.66666666666667,26.41312335958005
"Priester, Quinn",SI,1062,0.9442398529126129,0.5506971112931979,0.5506971112931979,True,1.0,-0.5506971112931979,26.22047244094488,100.0,26.22047244094488
"Booser, Cam",FF,262,0.9875018642022246,0.6791611604933804,0.6791611604933804,True,1.0,-0.6791611604933804,22.755905511811022,87.33333333333333,26.20931758530184
"Long, Sam",SL,202,1.0783985263899885,1.0154878635806386,1.0154878635806386,True,1.0,-1.0154878635806386,14.645669291338583,67.33333333333333,26.201181102362206
"Funderburk, Kody",ST,144,1.3283501501673447,3.3101678320855386,3.3101678320855386,True,1.0,-3.3101678320855386,0.39370078740157477,48.0,26.1992125984252
"Brash, Matt",SI,200,0.9783450857327793,1.023115910564578,1.023115910564578,True,1.0,-1.023115910564578,14.251968503937007,66.66666666666666,26.1745406824147
"Lopez, Jacob",FF,587,0.9785543250688543,0.5524629378651911,0.5524629378651911,True,1.0,-0.5524629378651911,26.14173228346457,100.0,26.14173228346457
"Clarke, Taylor",CH,176,1.1185216390804849,1.311977807545101,1.311977807545101,True,1.0,-1.311977807545101,9.291338582677165,58.666666666666664,26.125721784776907
"Domínguez, Seranthony",SI,172,1.009048101195645,1.4484078819010398,1.4484078819010398,True,1.0,-1.4484078819010398,8.149606299212598,57.333333333333336,26.014173228346458
"Hurter, Brant",SI,569,0.9449664748892166,0.5607621322101151,0.5607621322101151,True,1.0,-0.5607621322101151,25.866141732283467,100.0,25.866141732283467
"Birdsong, Hayden",CU,155,1.3578635590629666,2.0391759394282825,2.0391759394282825,True,1.0,-2.0391759394282825,3.188976377952756,51.66666666666667,25.823818897637793
"Springs, Jeffrey",FF,1211,0.9791552131724172,0.5609715851686602,0.5609715851686602,True,1.0,-0.5609715851686602,25.787401574803148,100.0,25.787401574803148
"Wacha, Michael",FF,719,0.9794350562336254,0.5649341963337433,0.5649341963337433,True,1.0,-0.5649341963337433,25.590551181102363,100.0,25.590551181102363
"Snell, Blake",FF,573,0.9799013215118211,0.5715365683535886,0.5715365683535886,True,1.0,-0.5715365683535886,25.472440944881892,100.0,25.472440944881892
"Fairbanks, Pete",SL,394,1.0373343576250282,0.577684066250043,0.577684066250043,True,1.0,-0.577684066250043,25.433070866141733,100.0,25.433070866141733
"Santillan, Tony",SL,165,1.1481959376640192,1.7596298398743495,1.7596298398743495,True,1.0,-1.7596298398743495,5.196850393700787,55.00000000000001,25.367125984251967
"Brazobán, Huascar",CH,385,1.03836026258649,0.5781299062813928,0.5781299062813928,True,1.0,-0.5781299062813928,25.354330708661415,100.0,25.354330708661415
"Kershaw, Clayton",FF,631,0.9804227601646046,0.5789202019463066,0.5789202019463066,True,1.0,-0.5789202019463066,25.236220472440944,100.0,25.236220472440944
"Núñez, Eduarniel",FF,155,1.1040111090919187,2.3289459814641935,2.3289459814641935,True,1.0,-2.3289459814641935,1.968503937007874,51.66666666666667,25.19324146981627
"Blanco, Ronel",FF,283,0.9852854287788547,0.6477761702155733,0.6477761702155733,True,1.0,-0.6477761702155733,23.700787401574804,94.33333333333334,25.192191601049867
"Newcomb, Sean",FC,212,1.0059474783419715,1.00271059932912,1.00271059932912,True,1.0,-1.00271059932912,14.803149606299213,70.66666666666667,25.133333333333333
"Cecconi, Slade",CH,162,1.1875102847116603,1.9435434694852558,1.9435434694852558,True,1.0,-1.9435434694852558,3.858267716535433,54.0,25.09251968503937
"Burke, Sean",CH,155,1.233856634163957,2.3678272425982363,2.3678272425982363,True,1.0,-2.3678272425982363,1.7322834645669292,51.66666666666667,25.071194225721783
"Svanson, Matt",FC,158,1.0961359215964943,2.1670985414173405,2.1670985414173405,True,1.0,-2.1670985414173405,2.5984251968503935,52.666666666666664,25.04448818897638
"Vesia, Alex",SL,387,1.0379393638084928,0.5841343125960814,0.5841343125960814,True,1.0,-0.5841343125960814,25.0,100.0,25.0
"Holmes, Clay",SI,1129,0.9468589392237808,0.5869761660891071,0.5869761660891071,True,1.0,-0.5869761660891071,24.96062992125984,100.0,24.96062992125984
"Clarke, Taylor",FF,189,1.028353770658175,1.2576290343737302,1.2576290343737302,True,1.0,-1.2576290343737302,10.15748031496063,63.0,24.906496062992126
"Kerkering, Orion",FF,369,0.9813344011674672,0.591829147413434,0.591829147413434,True,1.0,-0.591829147413434,24.84251968503937,100.0,24.84251968503937
"Springs, Jeffrey",FC,167,1.068905190175138,1.815533150363981,1.815533150363981,True,1.0,-1.815533150363981,4.724409448818897,55.666666666666664,24.80531496062992
"Rodón, Carlos",SL,952,1.038955412734637,0.5949668727456772,0.5949668727456772,True,1.0,-0.5949668727456772,24.763779527559056,100.0,24.763779527559056
"Soroka, Michael",CH,157,1.234779169143501,2.3762727108298294,2.3762727108298294,True,1.0,-2.3762727108298294,1.6929133858267715,52.33333333333333,24.728674540682416
"Parker, Mitchell",FF,1501,0.9819010597433991,0.5998531005180189,0.5998531005180189,True,1.0,-0.5998531005180189,24.7244094488189,100.0,24.7244094488189
"Mikolas, Miles",CU,430,1.1699054609634825,0.6003235607214026,0.6003235607214026,True,1.0,-0.6003235607214026,24.68503937007874,100.0,24.68503937007874
"Vasil, Mike",CU,203,1.235980399272565,1.1061388627501199,1.1061388627501199,True,1.0,-1.1061388627501199,12.48031496062992,67.66666666666666,24.618044619422577
"Morales, Luis",FF,423,0.9821298525375339,0.6030928338050077,0.6030928338050077,True,1.0,-0.6030928338050077,24.566929133858267,100.0,24.566929133858267
"Bautista, Félix",FS,179,1.2329645746128017,1.5504306243055554,1.5504306243055554,True,1.0,-1.5504306243055554,7.086614173228346,59.66666666666667,24.40295275590551
"Matsui, Yuki",FF,420,0.9829726097011555,0.615026375882494,0.615026375882494,True,1.0,-0.615026375882494,24.330708661417322,100.0,24.330708661417322
"Evans, Logan",SI,226,0.973126278065946,0.9508260404266483,0.9508260404266483,True,1.0,-0.9508260404266483,15.905511811023624,75.33333333333333,24.320341207349085
"Leiter, Jack",FF,1001,0.9829839502421792,0.6151869592976573,0.6151869592976573,True,1.0,-0.6151869592976573,24.291338582677167,100.0,24.291338582677167
"Gómez, Yoendrys",FF,368,0.9830472856524018,0.616083796269815,0.616083796269815,True,1.0,-0.616083796269815,24.251968503937007,100.0,24.251968503937007
"Uribe, Abner",SL,579,1.0410259969649125,0.6170423138411995,0.6170423138411995,True,1.0,-0.6170423138411995,24.21259842519685,100.0,24.21259842519685
"Hernández, Daysbel",SL,402,1.0414539264590403,0.6216046649895026,0.6216046649895026,True,1.0,-0.6216046649895026,24.133858267716533,100.0,24.133858267716533
"Strahm, Matt",FF,387,0.9835713011094903,0.6235039177192083,0.6235039177192083,True,1.0,-0.6235039177192083,24.094488188976378,100.0,24.094488188976378
"Alcantara, Sandy",SL,495,1.0429048166227521,0.6370732655307281,0.6370732655307281,True,1.0,-0.6370732655307281,23.976377952755907,100.0,23.976377952755907
"Svanson, Matt",SI,457,0.9506525729689537,0.6395248148029261,0.6395248148029261,True,1.0,-0.6395248148029261,23.89763779527559,100.0,23.89763779527559
"Alvarado, Elvis",SL,245,1.063155126201323,0.8529710347358721,0.8529710347358721,True,1.0,-0.8529710347358721,17.99212598425197,81.66666666666667,23.863845144356954
"Verlander, Justin",CH,222,1.0864708469678643,1.0185646009062654,1.0185646009062654,True,1.0,-1.0185646009062654,14.409448818897639,74.0,23.668110236220475
"Faucher, Calvin",FF,182,1.0535635406706936,1.6146023882581775,1.6146023882581775,True,1.0,-1.6146023882581775,6.535433070866143,60.66666666666667,23.63923884514436
"Festa, David",SL,236,1.0700781953770724,0.9267810268892199,0.9267810268892199,True,1.0,-0.9267810268892199,16.37795275590551,78.66666666666666,23.554855643044622
"Bernardino, Brennan",CU,219,1.229857813316442,1.0592693878199027,1.0592693878199027,True,1.0,-1.0592693878199027,13.543307086614172,73.0,23.39192913385827
"Murphy, Chris",FF,179,1.0639607537759745,1.7618281674461829,1.7618281674461829,True,1.0,-1.7618281674461829,5.1574803149606305,59.66666666666667,23.25190288713911
"Rodríguez, Yariel",SL,510,1.0456933015276673,0.6668025725370005,0.6668025725370005,True,1.0,-0.6668025725370005,23.1496062992126,100.0,23.1496062992126
"Alcala, Jorge",CU,246,1.209252608794901,0.9015329144285364,0.9015329144285364,True,1.0,-0.9015329144285364,17.20472440944882,82.0,23.111417322834647
"Poche, Colin",FF,175,1.078032296040373,1.9610828863093321,1.9610828863093321,True,1.0,-1.9610828863093321,3.779527559055118,58.333333333333336,23.046259842519685
"Borucki, Ryan",SL,244,1.0691132838633115,0.9164936659729315,0.9164936659729315,True,1.0,-0.9164936659729315,16.850393700787404,81.33333333333333,23.041994750656173
"Mejia, Juan",ST,352,1.0800598875636542,0.6720602791676189,0.6720602791676189,True,1.0,-0.6720602791676189,22.992125984251967,100.0,22.992125984251967
"Whisenhunt, Carson",FF,195,1.0399398156209738,1.4216888146324362,1.4216888146324362,True,1.0,-1.4216888146324362,8.385826771653543,65.0,22.95767716535433
"Lucchesi, Joey",CU,169,1.3990649562300044,2.354579898711066,2.354579898711066,True,1.0,-2.354579898711066,1.889763779527559,56.333333333333336,22.906496062992126
"Helsley, Ryan",FF,445,0.9873884539250388,0.67755525742517,0.67755525742517,True,1.0,-0.67755525742517,22.79527559055118,100.0,22.79527559055118
"Márquez, Germán",SL,220,1.0854096276446532,1.0902364058031881,1.0902364058031881,True,1.0,-1.0902364058031881,12.874015748031495,73.33333333333333,22.77952755905512
"Henry, Cole",FF,489,0.9875166594004379,0.6793706622668968,0.6793706622668968,True,1.0,-0.6793706622668968,22.716535433070867,100.0,22.716535433070867
"Soriano, José",SL,168,1.2254419797075493,2.5831850597299995,2.5831850597299995,True,1.0,-2.5831850597299995,1.2598425196850394,56.00000000000001,22.714173228346457
"Helsley, Ryan",SL,464,1.046979111129188,0.6805111740531292,0.6805111740531292,True,1.0,-0.6805111740531292,22.677165354330707,100.0,22.677165354330707
"Megill, Tylor",SL,283,1.052507231262138,0.7394489794220376,0.7394489794220376,True,1.0,-0.7394489794220376,21.023622047244096,94.33333333333334,22.666732283464565
"Lynch IV, Daniel",FF,247,1.0045319633398218,0.9203093979867737,0.9203093979867737,True,1.0,-0.9203093979867737,16.73228346456693,82.33333333333334,22.613057742782146
"Svanson, Matt",ST,336,1.0810865689013973,0.6829688656064801,0.6829688656064801,True,1.0,-0.6829688656064801,22.559055118110237,100.0,22.559055118110237
"Gibson, Cade",CU,259,1.2023277328194135,0.8485217679531853,0.8485217679531853,True,1.0,-0.8485217679531853,18.149606299212596,86.33333333333333,22.505183727034122
"Jackson, Luke",FF,272,0.9949865264856015,0.7851448722314361,0.7851448722314361,True,1.0,-0.7851448722314361,19.64566929133858,90.66666666666666,22.480577427821522
"Wilson, Justin",FF,389,0.9878625245071236,0.6842681534801809,0.6842681534801809,True,1.0,-0.6842681534801809,22.440944881889763,100.0,22.440944881889763
"Rodriguez, Eduardo",FC,403,0.9813759675207065,0.6854773720249515,0.6854773720249515,True,1.0,-0.6854773720249515,22.401574803149607,100.0,22.401574803149607
"Knack, Landon",CH,194,1.1422191937153932,1.5289201991869448,1.5289201991869448,True,1.0,-1.5289201991869448,7.283464566929133,64.66666666666666,22.383595800524937
"Doval, Camilo",FC,457,0.9814686783213874,0.6866743251435399,0.6866743251435399,True,1.0,-0.6866743251435399,22.362204724409448,100.0,22.362204724409448
"Singer, Brady",FF,304,0.9885806468194511,0.694436851179664,0.694436851179664,True,1.0,-0.694436851179664,22.125984251968504,100.0,22.125984251968504
"Adam, Jason",CH,363,1.0510861914914067,0.6946311020811412,0.6946311020811412,True,1.0,-0.6946311020811412,22.086614173228348,100.0,22.086614173228348
"Bubic, Kris",ST,373,1.082333522979855,0.6962178707749657,0.6962178707749657,True,1.0,-0.6962178707749657,22.04724409448819,100.0,22.04724409448819
"Hader, Josh",SL,351,1.0489447923661543,0.7014681965807523,0.7014681965807523,True,1.0,-0.7014681965807523,21.929133858267715,100.0,21.929133858267715
"García, Luis",ST,290,1.0866381672703,0.7419551240049655,0.7419551240049655,True,1.0,-0.7419551240049655,20.905511811023622,96.66666666666667,21.875984251968504
"Leiter Jr., Mark",FS,254,1.152993694255195,0.9211831345102015,0.9211831345102015,True,1.0,-0.9211831345102015,16.69291338582677,84.66666666666667,21.803018372703413
"Buttó, José",SL,328,1.04986714985575,0.7113018696730425,0.7113018696730425,True,1.0,-0.7113018696730425,21.69291338582677,100.0,21.69291338582677
"Pérez, Cionel",SI,186,1.04004990869897,1.8778386602566488,1.8778386602566488,True,1.0,-1.8778386602566488,4.251968503937007,62.0,21.643700787401574
"Gilbert, Tyler",ST,254,1.1036591248286705,0.9228044099244244,0.9228044099244244,True,1.0,-0.9228044099244244,16.496062992125985,84.66666666666667,21.636351706036745
"Allen, Logan",FC,306,0.9835699362341229,0.7138028494701198,0.7138028494701198,True,1.0,-0.7138028494701198,21.614173228346456,100.0,21.614173228346456
"Gilbert, Logan",FS,483,1.126699108009644,0.7142852947436218,0.7142852947436218,True,1.0,-0.7142852947436218,21.5748031496063,100.0,21.5748031496063
"Ray, Robbie",CH,399,1.0532832912526355,0.7147447418308973,0.7147447418308973,True,1.0,-0.7147447418308973,21.53543307086614,100.0,21.53543307086614
"Dollander, Chase",CU,379,1.1863197330614408,0.7259777075322981,0.7259777075322981,True,1.0,-0.7259777075322981,21.37795275590551,100.0,21.37795275590551
"Pérez, Martín",SI,280,0.9624233181216812,0.802570800177139,0.802570800177139,True,1.0,-0.802570800177139,19.291338582677163,93.33333333333333,21.33989501312336
"Vargas, Carlos",SI,775,0.957026232276982,0.7278114567132896,0.7278114567132896,True,1.0,-0.7278114567132896,21.299212598425196,100.0,21.299212598425196
"Murdock, Noah",SI,223,0.9898158311164772,1.182006359707327,1.182006359707327,True,1.0,-1.182006359707327,11.220472440944881,74.33333333333333,21.17893700787402
"Phillips, Connor",FF,188,1.0753682023820983,1.9233590019667004,1.9233590019667004,True,1.0,-1.9233590019667004,3.937007874015748,62.66666666666667,21.141207349081363
"Festa, Matt",ST,322,1.0860923193547116,0.7361554382107756,0.7361554382107756,True,1.0,-0.7361554382107756,21.102362204724407,100.0,21.102362204724407
"Senga, Kodai",FO,542,1.0518088094529805,0.7370499121256838,,True,1.0,-0.7370499121256838,21.062992125984252,100.0,21.062992125984252
"Birdsong, Hayden",CH,201,1.1503166565402938,1.6030494913661952,1.6030494913661952,True,1.0,-1.6030494913661952,6.692913385826772,67.0,20.99074803149606
"Bednar, David",FF,477,0.9919357569685014,0.7419456115516744,0.7419456115516744,True,1.0,-0.7419456115516744,20.94488188976378,100.0,20.94488188976378
"Wolfram, Grant",SI,211,1.005184550022489,1.3948907510909365,1.3948907510909365,True,1.0,-1.3948907510909365,8.543307086614172,70.33333333333334,20.847965879265086
"Parker, Mitchell",FS,284,1.138176691212752,0.804596172742929,0.804596172742929,True,1.0,-0.804596172742929,19.173228346456693,94.66666666666667,20.81837270341207
"Rodriguez, Eduardo",SI,227,0.9891030297098224,1.1721327785350069,1.1721327785350069,True,1.0,-1.1721327785350069,11.299212598425196,75.66666666666667,20.72119422572178
"Leahy, Kyle",FF,408,0.9925261062482786,0.7503050278518105,0.7503050278518105,True,1.0,-0.7503050278518105,20.629921259842522,100.0,20.629921259842522
"Soriano, José",FF,239,1.0159944680600352,1.082619833657508,1.082619833657508,True,1.0,-1.082619833657508,13.11023622047244,79.66666666666666,20.615157480314966
"Canning, Griffin",SL,410,1.0535832928723572,0.7509213621168419,0.7509213621168419,True,1.0,-0.7509213621168419,20.590551181102363,100.0,20.590551181102363
"Brown, Hunter",KC,530,1.170510248686011,0.7559226843313034,0.7559226843313034,True,1.0,-0.7559226843313034,20.43307086614173,100.0,20.43307086614173
"Holmes, Grant",FF,641,0.9930214213042308,0.7573187481937609,0.7573187481937609,True,1.0,-0.7573187481937609,20.393700787401574,100.0,20.393700787401574
"Fried, Max",FF,386,0.9932208740682346,0.7601430231503591,0.7601430231503591,True,1.0,-0.7601430231503591,20.31496062992126,100.0,20.31496062992126
"Senga, Kodai",FF,597,0.9938698530375382,0.7693326428556455,0.7693326428556455,True,1.0,-0.7693326428556455,20.19685039370079,100.0,20.19685039370079
"Rodriguez, Eduardo",FF,1207,0.9940168254091035,0.7714137891881977,0.7714137891881977,True,1.0,-0.7714137891881977,20.11811023622047,100.0,20.11811023622047
"Parker, Mitchell",SL,326,1.0555367372974067,0.7717479224219106,0.7717479224219106,True,1.0,-0.7717479224219106,20.078740157480315,100.0,20.078740157480315
"Long, Sam",FF,277,1.0017463779339741,0.8808651759901747,0.8808651759901747,True,1.0,-0.8808651759901747,17.559055118110237,92.33333333333333,20.047703412073492
"Kopech, Michael",FF,191,1.0891808621131538,2.1189479132424087,2.1189479132424087,True,1.0,-2.1189479132424087,2.7559055118110236,63.66666666666667,19.92841207349081
"Taylor, Grant",FF,338,0.9942585067318909,0.7748360255800325,0.7748360255800325,True,1.0,-0.7748360255800325,19.921259842519685,100.0,19.921259842519685
"Pilkington, Konnor",FF,295,0.9957096049378418,0.7953837494639382,0.7953837494639382,True,1.0,-0.7953837494639382,19.37007874015748,98.33333333333333,19.880905511811026
"Giolito, Lucas",FF,1145,0.9944218214372811,0.777148581311118,0.777148581311118,True,1.0,-0.777148581311118,19.84251968503937,100.0,19.84251968503937
"Burke, Brock",FF,430,0.9945913770633379,0.7795495092241223,0.7795495092241223,True,1.0,-0.7795495092241223,19.763779527559056,100.0,19.763779527559056
"Keller, Mitch",SI,510,0.9609563196394675,0.7822502333845097,0.7822502333845097,True,1.0,-0.7822502333845097,19.724409448818896,100.0,19.724409448818896
"Evans, Logan",FC,356,0.9889312345456086,0.7830204884775301,0.7830204884775301,True,1.0,-0.7830204884775301,19.68503937007874,100.0,19.68503937007874
"Leahy, Kyle",CU,243,1.2357274960529618,1.1042028440162202,1.1042028440162202,True,1.0,-1.1042028440162202,12.559055118110235,81.0,19.676574803149602
"Vargas, Carlos",SL,217,1.121181742233081,1.4716192043933412,1.4716192043933412,True,1.0,-1.4716192043933412,7.952755905511812,72.33333333333334,19.591272965879263
"Díaz, Alexis",FF,215,1.045485651579425,1.5002185140782553,1.5002185140782553,True,1.0,-1.5002185140782553,7.519685039370079,71.66666666666667,19.561351706036746
"Peralta, Freddy",FF,1770,0.9952797276458165,0.7892966356736569,0.7892966356736569,True,1.0,-0.7892966356736569,19.52755905511811,100.0,19.52755905511811
"Walker, Ryan",SL,382,1.057575930797974,0.7934886926576399,0.7934886926576399,True,1.0,-0.7934886926576399,19.448818897637796,100.0,19.448818897637796
"Waldrep, Hurston",FS,279,1.151416823532158,0.9087755939183534,0.9087755939183534,True,1.0,-0.9087755939183534,17.04724409448819,93.0,19.35531496062992
"Nicolas, Kyle",FF,330,0.9961574747469265,0.8017256394444169,0.8017256394444169,True,1.0,-0.8017256394444169,19.330708661417322,100.0,19.330708661417322
"Vasil, Mike",SI,657,0.9632586478992324,0.8141416196049723,0.8141416196049723,True,1.0,-0.8141416196049723,19.094488188976378,100.0,19.094488188976378
"Zeferjahn, Ryan",FF,324,0.9971837114047492,0.8162572730705944,0.8162572730705944,True,1.0,-0.8162572730705944,18.976377952755904,100.0,18.976377952755904
"Wacha, Michael",CU,206,1.3298295921230099,1.8245709800037782,1.8245709800037782,True,1.0,-1.8245709800037782,4.645669291338582,68.66666666666667,18.862860892388447
"Alvarado, Elvis",FF,372,0.9974760037402945,0.8203961674469629,0.8203961674469629,True,1.0,-0.8203961674469629,18.858267716535433,100.0,18.858267716535433
"Rodón, Carlos",FF,1418,0.9977682140748758,0.824533900679887,0.824533900679887,True,1.0,-0.824533900679887,18.818897637795278,100.0,18.818897637795278
"Kikuchi, Yusei",FF,1081,0.997773340805011,0.8246064957908266,0.8246064957908266,True,1.0,-0.8246064957908266,18.77952755905512,100.0,18.77952755905512
"Fluharty, Mason",FC,570,0.9925486062246649,0.8297229684533484,0.8297229684533484,True,1.0,-0.8297229684533484,18.661417322834644,100.0,18.661417322834644
"Leiter, Jack",SI,310,0.9649034461150258,0.836925032409864,0.836925032409864,True,1.0,-0.836925032409864,18.54330708661417,100.0,18.54330708661417
"Ashcraft, Graham",SL,477,1.0617304607358664,0.8377820276413249,0.8377820276413249,True,1.0,-0.8377820276413249,18.503937007874015,100.0,18.503937007874015
"Palmquist, Carson",ST,222,1.1585386739337837,1.5059048161856938,1.5059048161856938,True,1.0,-1.5059048161856938,7.4015748031496065,74.0,18.48228346456693
"Hamilton, Ian",SL,244,1.0944387042446675,1.1864995018492992,1.1864995018492992,True,1.0,-1.1864995018492992,11.141732283464567,81.33333333333333,18.3989501312336
"Domínguez, Seranthony",FF,563,0.9988412569106709,0.8397283153756676,0.8397283153756676,True,1.0,-0.8397283153756676,18.346456692913385,100.0,18.346456692913385
"Anderson, Tyler",FC,480,0.9935280507237538,0.8423681957522084,0.8423681957522084,True,1.0,-0.8423681957522084,18.30708661417323,100.0,18.30708661417323
"Lorenzen, Michael",SI,418,0.9655121680349512,0.8453569255453746,0.8453569255453746,True,1.0,-0.8453569255453746,18.188976377952756,100.0,18.188976377952756
"Eisert, Brandon",FF,385,0.9994729924957502,0.8486737667011617,0.8486737667011617,True,1.0,-0.8486737667011617,18.070866141732285,100.0,18.070866141732285
"Rodón, Carlos",SI,323,0.9662073978256213,0.854987108240736,0.854987108240736,True,1.0,-0.854987108240736,17.95275590551181,100.0,17.95275590551181
"Little, Brendon",SI,605,0.9672030258867553,0.8687783471289727,0.8687783471289727,True,1.0,-0.8687783471289727,17.755905511811022,100.0,17.755905511811022
"Strahm, Matt",SL,330,1.0658499734318012,0.8817020278671861,0.8817020278671861,True,1.0,-0.8817020278671861,17.519685039370078,100.0,17.519685039370078
"Buehler, Walker",SI,359,0.9681842002362596,0.8823693761218788,0.8823693761218788,True,1.0,-0.8823693761218788,17.480314960629922,100.0,17.480314960629922
"Zerpa, Angel",SL,351,1.0663215430188278,0.886729645912678,0.886729645912678,True,1.0,-0.886729645912678,17.440944881889763,100.0,17.440944881889763
"Domínguez, Seranthony",FS,210,1.2917490821133848,2.012974035334538,2.012974035334538,True,1.0,-2.012974035334538,3.425196850393701,70.0,17.403543307086615
"Díaz, Edwin",FF,561,1.002344428998689,0.8893336504847609,0.8893336504847609,True,1.0,-0.8893336504847609,17.401574803149604,100.0,17.401574803149604
"Lauer, Eric",FC,374,0.9975699112268613,0.8945510859717378,0.8945510859717378,True,1.0,-0.8945510859717378,17.322834645669293,100.0,17.322834645669293
"Hamilton, Ian",SI,314,0.9695734138229786,0.9016124822466723,0.9016124822466723,True,1.0,-0.9016124822466723,17.165354330708663,100.0,17.165354330708663
"Muñoz, Andrés",SL,599,1.0688441959414479,0.913624797137865,0.913624797137865,True,1.0,-0.913624797137865,16.88976377952756,100.0,16.88976377952756
"Alcantara, Sandy",FC,482,0.9994000832300416,0.9181797254686687,0.9181797254686687,True,1.0,-0.9181797254686687,16.771653543307085,100.0,16.771653543307085
"Beeter, Clayton",SL,214,1.1722099475728713,2.01565413169445,2.01565413169445,True,1.0,-2.01565413169445,3.385826771653543,71.33333333333334,16.754199475065615
"Cease, Dylan",FF,1316,1.0046065244470608,0.921365192169237,0.921365192169237,True,1.0,-0.921365192169237,16.65354330708661,100.0,16.65354330708661
"Pepiot, Ryan",SL,479,1.0696095293465482,0.9217843649814198,0.9217843649814198,True,1.0,-0.9217843649814198,16.5748031496063,100.0,16.5748031496063
"Dana, Caden",FF,253,1.0282143847510095,1.2556553132830433,1.2556553132830433,True,1.0,-1.2556553132830433,10.236220472440944,84.33333333333334,16.468963254593174
"Dreyer, Jack",SL,546,1.0699093531920523,0.9249809234906952,0.9249809234906952,True,1.0,-0.9249809234906952,16.456692913385826,100.0,16.456692913385826
"Rutledge, Jackson",FF,250,1.0313488227839522,1.3000393301386879,1.3000393301386879,True,1.0,-1.3000393301386879,9.527559055118111,83.33333333333334,16.2762467191601
"Stanek, Ryne",SL,231,1.1376153574786163,1.6468254577950787,1.6468254577950787,True,1.0,-1.6468254577950787,6.181102362204725,77.0,16.26397637795276
"Cruz, Fernando",FS,496,1.1554000140692786,0.9401171601941252,0.9401171601941252,True,1.0,-0.9401171601941252,16.062992125984252,100.0,16.062992125984252
"Lorenzen, Michael",CH,401,1.0780430420426026,0.9414111483688506,0.9414111483688506,True,1.0,-0.9414111483688506,15.984251968503937,100.0,15.984251968503937
"Alcala, Jorge",FF,491,1.0070056963698806,0.9553377531013315,0.9553377531013315,True,1.0,-0.9553377531013315,15.78740157480315,100.0,15.78740157480315
"Fairbanks, Pete",FF,504,1.0075107335368725,0.9624891396966029,0.9624891396966029,True,1.0,-0.9624891396966029,15.669291338582678,100.0,15.669291338582678
"Ober, Bailey",ST,253,1.1403981305333108,1.3131598246706238,1.3131598246706238,True,1.0,-1.3131598246706238,9.251968503937007,84.33333333333334,15.638910761154854
"Kochanowicz, Jack",FF,347,1.0076873846571421,0.9649905406549928,0.9649905406549928,True,1.0,-0.9649905406549928,15.551181102362206,100.0,15.551181102362206
"Rocker, Kumar",FC,286,1.0089779615372159,1.0418359901653407,1.0418359901653407,True,1.0,-1.0418359901653407,13.858267716535433,95.33333333333334,15.545800524934378
"Dreyer, Jack",FF,533,1.00943511091483,0.9897385531743043,0.9897385531743043,True,1.0,-0.9897385531743043,15.118110236220472,100.0,15.118110236220472
"Cleavinger, Garrett",SI,325,0.9762179708585406,0.9936515447853189,0.9936515447853189,True,1.0,-0.9936515447853189,15.078740157480313,100.0,15.078740157480313
"Cecconi, Slade",CU,346,1.2215579723801568,0.9957326421578898,0.9957326421578898,True,1.0,-0.9957326421578898,15.0,100.0,15.0
"Singer, Brady",FC,264,1.0256156417007598,1.2566386130699048,1.2566386130699048,True,1.0,-1.2566386130699048,10.196850393700787,88.0,14.975590551181103
"Holmes, Clay",FC,231,1.07350265827726,1.8748892743757737,1.8748892743757737,True,1.0,-1.8748892743757737,4.330708661417323,77.0,14.839173228346457
"Boyle, Joe",FF,453,1.0113059192731768,1.0162294229371964,1.0162294229371964,True,1.0,-1.0162294229371964,14.566929133858267,100.0,14.566929133858267
"Gausman, Kevin",SL,317,1.0785023591364855,1.0165948717600533,1.0165948717600533,True,1.0,-1.0165948717600533,14.527559055118111,100.0,14.527559055118111
"Hurter, Brant",ST,348,1.1124955189653973,1.0166919344217797,1.0166919344217797,True,1.0,-1.0166919344217797,14.488188976377952,100.0,14.488188976377952
"Berríos, José",FF,463,1.0113549963798294,1.0169243606281002,1.0169243606281002,True,1.0,-1.0169243606281002,14.448818897637794,100.0,14.448818897637794
"O'Brien, Riley",SI,366,0.9780456361473421,1.0189679953651563,1.0189679953651563,True,1.0,-1.0189679953651563,14.330708661417324,100.0,14.330708661417324
"Morton, Charlie",FF,702,1.0117489057312166,1.0225021640837166,1.0225021640837166,True,1.0,-1.0225021640837166,14.291338582677165,100.0,14.291338582677165
"Romano, Jordan",FF,258,1.0411064148496114,1.4382079990232093,1.4382079990232093,True,1.0,-1.4382079990232093,8.188976377952756,86.0,14.045275590551181
"Yesavage, Trey",FF,270,1.029712122253839,1.2768634551803348,1.2768634551803348,True,1.0,-1.2768634551803348,9.881889763779528,90.0,13.895669291338583
"Rolison, Ryan",FF,315,1.0131537965751487,1.0423955862034333,1.0423955862034333,True,1.0,-1.0423955862034333,13.818897637795274,100.0,13.818897637795274
"Ashby, Aaron",SI,605,0.9804968267937797,1.0529213933108985,1.0529213933108985,True,1.0,-1.0529213933108985,13.700787401574804,100.0,13.700787401574804
"Berríos, José",SI,867,0.981300904886838,1.064059320714766,1.064059320714766,True,1.0,-1.064059320714766,13.4251968503937,100.0,13.4251968503937
"Kochanowicz, Jack",SL,273,1.1033055993411625,1.2810335070545862,1.2810335070545862,True,1.0,-1.2810335070545862,9.763779527559056,91.0,13.386811023622045
"Elder, Bryce",SI,1059,0.9813772933284103,1.0651174379848074,1.0651174379848074,True,1.0,-1.0651174379848074,13.385826771653544,100.0,13.385826771653544
"Pérez, Martín",FC,255,1.0509848824016765,1.584171020838788,1.584171020838788,True,1.0,-1.584171020838788,6.771653543307086,85.0,13.258858267716537
"Gil, Luis",SL,261,1.1230197677635734,1.4912152313200275,1.4912152313200275,True,1.0,-1.4912152313200275,7.716535433070866,87.0,13.215944881889765
"Estévez, Carlos",FF,558,1.0152624331788187,1.072254132321141,1.072254132321141,True,1.0,-1.072254132321141,13.188976377952756,100.0,13.188976377952756
"Woo, Bryan",ST,254,1.1695353122796848,1.622745139977744,1.622745139977744,True,1.0,-1.622745139977744,6.417322834645669,84.66666666666667,13.103018372703412
"Leiter, Jack",CU,244,1.3299347241214785,1.8253757839872422,1.8253757839872422,True,1.0,-1.8253757839872422,4.606299212598426,81.33333333333333,13.08346456692914
"Suter, Brent",CH,251,1.1607648258056118,1.6986986359137066,1.6986986359137066,True,1.0,-1.6986986359137066,5.826771653543307,83.66666666666667,13.04494750656168
"Hoffman, Jeff",FS,316,1.1741580336499087,1.087713843910273,1.087713843910273,True,1.0,-1.087713843910273,12.992125984251967,100.0,12.992125984251967
"Bibee, Tanner",FC,643,1.0136093689794252,1.1016302918075944,1.1016302918075944,True,1.0,-1.1016302918075944,12.677165354330707,100.0,12.677165354330707
"Morillo, Juan",FF,285,1.0252822108286372,1.2141353803871084,1.2141353803871084,True,1.0,-1.2141353803871084,10.590551181102361,95.0,12.562007874015748
"Rodón, Carlos",CH,549,1.0959351896293605,1.1052071749581205,1.1052071749581205,True,1.0,-1.1052071749581205,12.51968503937008,100.0,12.51968503937008
"Zeferjahn, Ryan",ST,276,1.140958362531242,1.3191123427018592,1.3191123427018592,True,1.0,-1.3191123427018592,9.212598425196852,92.0,12.477165354330708
"Ferguson, Tyler",ST,312,1.1212489704635313,1.1096981855295296,1.1096981855295296,True,1.0,-1.1096981855295296,12.440944881889763,100.0,12.440944881889763
"Bibee, Tanner",CH,462,1.097691080380678,1.1212817085933964,1.1212817085933964,True,1.0,-1.1212817085933964,12.244094488188976,100.0,12.244094488188976
"Boyd, Matthew",SL,417,1.088422538286633,1.1223584177602908,1.1223584177602908,True,1.0,-1.1223584177602908,12.204724409448819,100.0,12.204724409448819
"Williams, Gavin",ST,583,1.1224789540054412,1.1227668771401078,1.1227668771401078,True,1.0,-1.1227668771401078,12.165354330708661,100.0,12.165354330708661
"Ort, Kaleb",FF,428,1.0192274240866386,1.1283988770682347,1.1283988770682347,True,1.0,-1.1283988770682347,12.086614173228346,100.0,12.086614173228346
"Perkins, Jack",FF,267,1.0467509332628187,1.518135053812861,1.518135053812861,True,1.0,-1.518135053812861,7.362204724409449,89.0,12.054527559055117
"Oviedo, Johan",FF,246,1.0796213432943171,1.9835839851864594,1.9835839851864594,True,1.0,-1.9835839851864594,3.543307086614173,82.0,11.909055118110238
"Priester, Quinn",FC,545,1.0172682070707346,1.1488681285174558,1.1488681285174558,True,1.0,-1.1488681285174558,11.811023622047244,100.0,11.811023622047244
"Casparius, Ben",FF,374,1.020778292377625,1.150359357270614,1.150359357270614,True,1.0,-1.150359357270614,11.73228346456693,100.0,11.73228346456693
"Beeter, Clayton",FF,251,1.0734446115666354,1.8961207263078539,1.8961207263078539,True,1.0,-1.8961207263078539,4.173228346456693,83.66666666666667,11.661482939632545
"Birdsong, Hayden",SL,291,1.0999286427393737,1.2450302353910119,1.2450302353910119,True,1.0,-1.2450302353910119,10.393700787401574,97.0,11.58248031496063
"Chivilli, Angel",FF,469,1.0217191709863838,1.1636823107287366,1.1636823107287366,True,1.0,-1.1636823107287366,11.496062992125983,100.0,11.496062992125983
"Vasil, Mike",ST,265,1.1709085009717302,1.6373353998698472,1.6373353998698472,True,1.0,-1.6373353998698472,6.299212598425196,88.33333333333333,11.399934383202101
"Chapman, Aroldis",SI,312,0.9893826648353271,1.1760062278359278,1.1760062278359278,True,1.0,-1.1760062278359278,11.25984251968504,100.0,11.25984251968504
"Uribe, Abner",SI,646,0.9903903782351032,1.1899648703950372,1.1899648703950372,True,1.0,-1.1899648703950372,11.10236220472441,100.0,11.10236220472441
"Rea, Colin",SI,286,1.0004402512554895,1.3291736824314526,1.3291736824314526,True,1.0,-1.3291736824314526,9.05511811023622,95.33333333333334,10.966797900262462
"Smith, Shane",CU,353,1.2482309795271302,1.1999192144245179,1.1999192144245179,True,1.0,-1.1999192144245179,10.905511811023622,100.0,10.905511811023622
"Estrada, Jeremiah",FS,301,1.189520608107671,1.208593611284519,1.208593611284519,True,1.0,-1.208593611284519,10.74803149606299,100.0,10.74803149606299
"Fermin, José",SL,317,1.096642715017707,1.2099974640585713,1.2099974640585713,True,1.0,-1.2099974640585713,10.708661417322835,100.0,10.708661417322835
"Buehler, Walker",FF,554,1.026741291123082,1.234796131597294,1.234796131597294,True,1.0,-1.234796131597294,10.511811023622048,100.0,10.511811023622048
"Rodríguez, Randy",FF,448,1.0268737842792501,1.2366722505107388,1.2366722505107388,True,1.0,-1.2366722505107388,10.47244094488189,100.0,10.47244094488189
"Civale, Aaron",SI,296,0.9968872966698914,1.279958872843596,1.279958872843596,True,1.0,-1.279958872843596,9.803149606299213,98.66666666666667,10.339370078740156
"Vodnik, Victor",FF,511,1.0280901750975537,1.253896489757208,1.253896489757208,True,1.0,-1.253896489757208,10.275590551181102,100.0,10.275590551181102
"Giolito, Lucas",SL,606,1.1016908090222395,1.2638174923444476,1.2638174923444476,True,1.0,-1.2638174923444476,10.039370078740157,100.0,10.039370078740157
"Soto, Gregory",SI,542,0.9968674048241851,1.279683335012982,1.279683335012982,True,1.0,-1.279683335012982,9.84251968503937,100.0,9.84251968503937
"Díaz, Edwin",SL,505,1.1034697897008665,1.282784015225711,1.282784015225711,True,1.0,-1.282784015225711,9.724409448818898,100.0,9.724409448818898
"Leasure, Jordan",FF,605,1.0312358086040672,1.298439035855557,1.298439035855557,True,1.0,-1.298439035855557,9.606299212598426,100.0,9.606299212598426
"deGrom, Jacob",CH,295,1.1230046440971682,1.3530180686625504,1.3530180686625504,True,1.0,-1.3530180686625504,8.818897637795276,98.33333333333333,9.505577427821525
"Henry, Cole",ST,318,1.1393845882763722,1.3023908422095634,1.3023908422095634,True,1.0,-1.3023908422095634,9.448818897637794,100.0,9.448818897637794
"Lugo, Seth",FF,501,1.0315427165414865,1.3027848888998312,1.3027848888998312,True,1.0,-1.3027848888998312,9.409448818897639,100.0,9.409448818897639
"Schlittler, Cam",FC,294,1.0389643311175034,1.428978354600563,1.428978354600563,True,1.0,-1.428978354600563,8.307086614173228,98.0,9.141338582677164
"Sabrowski, Erik",FF,363,1.0327409084302277,1.3197514291304113,1.3197514291304113,True,1.0,-1.3197514291304113,9.133858267716535,100.0,9.133858267716535
"Ferrer, José A.",CH,265,1.1955622734444107,2.01725646308599,2.01725646308599,True,1.0,-2.01725646308599,3.346456692913386,88.33333333333333,8.791666666666668
"Birdsong, Hayden",FF,527,1.0366336579918403,1.3748732277882727,1.3748732277882727,True,1.0,-1.3748732277882727,8.740157480314961,100.0,8.740157480314961
"Sasaki, Roki",FO,271,1.1747857649793982,1.8751871648610943,,True,1.0,-1.8751871648610943,4.291338582677166,90.33333333333333,8.711745406824148
"Abreu, Bryan",FF,594,1.0371505618558885,1.3821926482309623,1.3821926482309623,True,1.0,-1.3821926482309623,8.661417322834646,100.0,8.661417322834646
"Ginn, J.T.",SI,811,1.0053539349202458,1.3972370364963154,1.3972370364963154,True,1.0,-1.3972370364963154,8.503937007874015,100.0,8.503937007874015
"Montgomery, Mason",SL,290,1.1288163361033487,1.553015085230754,1.553015085230754,True,1.0,-1.553015085230754,7.047244094488189,96.66666666666667,8.479658792650918
"Mejia, Juan",FF,721,1.0402362753499137,1.4258867197969336,1.4258867197969336,True,1.0,-1.4258867197969336,8.346456692913385,100.0,8.346456692913385
"McCullers Jr., Lance",SI,283,1.027383026904013,1.7023795710418184,1.7023795710418184,True,1.0,-1.7023795710418184,5.78740157480315,94.33333333333334,8.29389763779527
"Liberatore, Matthew",CU,376,1.2788118090961138,1.4340208562961667,1.4340208562961667,True,1.0,-1.4340208562961667,8.267716535433072,100.0,8.267716535433072
"Kochanowicz, Jack",SI,874,1.009321987986672,1.4522017064333492,1.4522017064333492,True,1.0,-1.4522017064333492,8.070866141732283,100.0,8.070866141732283
"Ashcraft, Graham",FC,562,1.0411685060755704,1.4574356009040947,1.4574356009040947,True,1.0,-1.4574356009040947,8.031496062992126,100.0,8.031496062992126
"Miller, Mason",SL,459,1.1221477726529236,1.4819184944767405,1.4819184944767405,True,1.0,-1.4819184944767405,7.874015748031496,100.0,7.874015748031496
"Cantillo, Joey",CH,516,1.138059202420489,1.4908370098186905,1.4908370098186905,True,1.0,-1.4908370098186905,7.755905511811023,100.0,7.755905511811023
"Beeks, Jalen",CH,345,1.1432351881570926,1.5382212544001441,1.5382212544001441,True,1.0,-1.5382212544001441,7.244094488188976,100.0,7.244094488188976
"Domínguez, Seranthony",ST,273,1.2182851889558484,2.140717196209694,2.140717196209694,True,1.0,-2.140717196209694,2.716535433070866,91.0,6.973818897637794
"Fried, Max",ST,363,1.172122548956208,1.6502347746736339,1.6502347746736339,True,1.0,-1.6502347746736339,6.141732283464567,100.0,6.141732283464567
"Kinley, Tyler",FF,280,1.0884972269590063,2.1092675578211515,2.1092675578211515,True,1.0,-2.1092675578211515,2.874015748031496,93.33333333333333,6.017060367454073
"Kershaw, Clayton",CU,323,1.3124303639209993,1.69137682056471,1.69137682056471,True,1.0,-1.69137682056471,5.866141732283465,100.0,5.866141732283465
"Glasnow, Tyler",CU,408,1.3141566147321009,1.704591574868531,1.704591574868531,True,1.0,-1.704591574868531,5.748031496062992,100.0,5.748031496062992
"Rodríguez, Yariel",FF,491,1.0603414896159904,1.710578954734534,1.710578954734534,True,1.0,-1.710578954734534,5.62992125984252,100.0,5.62992125984252
"Soto, Gregory",SL,335,1.1473432680438607,1.750539140882961,1.750539140882961,True,1.0,-1.750539140882961,5.354330708661418,100.0,5.354330708661418
"Canning, Griffin",FF,471,1.0743319552020578,1.9086856181504792,1.9086856181504792,True,1.0,-1.9086856181504792,4.133858267716536,100.0,4.133858267716536
"Gore, MacKenzie",CH,289,1.2287306594818725,2.320900830816119,2.320900830816119,True,1.0,-2.320900830816119,2.0078740157480315,96.33333333333334,3.768307086614171
"Kikuchi, Yusei",CH,376,1.1914608410621343,1.979709359012322,1.979709359012322,True,1.0,-1.979709359012322,3.622047244094488,100.0,3.622047244094488
"Peralta, Wandy",SI,526,1.0504108850182234,2.0213568123780625,2.0213568123780625,True,1.0,-2.0213568123780625,3.3070866141732282,100.0,3.3070866141732282
"Banda, Anthony",SL,565,1.1772014011283711,2.0688702903680865,2.0688702903680865,True,1.0,-2.0688702903680865,2.9921259842519685,100.0,2.9921259842519685
"Mey, Luis",SI,302,1.0569694883296663,2.112205261284034,2.112205261284034,True,1.0,-2.112205261284034,2.8346456692913384,100.0,2.8346456692913384
"Leiter, Jack",CH,426,1.2115400527388034,2.1635271524737054,2.1635271524737054,True,1.0,-2.1635271524737054,2.637795275590551,100.0,2.637795275590551
"Hoffman, Jeff",SL,401,1.1916892009407205,2.223331319620049,2.223331319620049,True,1.0,-2.223331319620049,2.440944881889764,100.0,2.440944881889764
"Bautista, Félix",SI,387,1.068489696149664,2.271780854108076,2.271780854108076,True,1.0,-2.271780854108076,2.283464566929134,100.0,2.283464566929134
"Hernández, Daysbel",FF,315,1.1028328129901217,2.3122611679526632,2.3122611679526632,True,1.0,-2.3122611679526632,2.1259842519685037,100.0,2.1259842519685037
"Povich, Cade",CH,296,1.2651111939255784,2.653951235088625,2.653951235088625,True,1.0,-2.653951235088625,1.1811023622047243,98.66666666666667,1.832283464566928
"Halvorsen, Seth",FF,346,1.1064257106109636,2.363137027321412,2.363137027321412,True,1.5,-2.363137027321412,1.811023622047244,100.0,1.811023622047244
"Bradley, Taj",FC,514,1.1130555223052176,2.385540930921572,2.385540930921572,True,1.0,-2.385540930921572,1.6141732283464567,100.0,1.6141732283464567
"Rutledge, Jackson",SL,351,1.2114807917659547,2.4343384793679057,2.4343384793679057,True,1.0,-2.4343384793679057,1.5354330708661417,100.0,1.5354330708661417
"Bradley, Taj",CU,335,1.4260319522369462,2.56101700753215,2.56101700753215,True,1.0,-2.56101700753215,1.2992125984251968,100.0,1.2992125984251968
"Pallante, Andre",KC,381,1.396280964538534,2.697268310224883,2.697268310224883,True,1.0,-2.697268310224883,1.141732283464567,100.0,1.141732283464567
"Hodge, Porter",FF,307,1.1765643282172134,3.356308228458452,3.356308228458452,True,1.0,-3.356308228458452,0.3543307086614173,100.0,0.3543307086614173
