player_name,season,pitcher_effectiveness,pitcher_command,trusted_velocity_score,trusted_movement_score,trusted_tunneling_score,raw_tunneling_score,pitcher_effectiveness_contribution,pitcher_command_contribution,trusted_velocity_score_contribution,trusted_movement_score_contribution,paom_score,paom_confidence,effectiveness_confidence,movement_confidence,command_confidence,velocity_confidence
"Sale, Chris",2024,100.0,77.02127659574468,91.70212765957447,40.85106382978723,,,65.93305153445394,15.965507191101018,12.231460219760761,0.0,94.13001894531571,49.98235373796777,49.98235373796777,100.0,97.6809946714032,100.0
"Smith, Cade",2024,96.17021276595744,92.5531914893617,75.1063829787234,81.38297872340425,,,63.40795594377272,19.185070795936305,10.017878091822618,0.0,92.61090483153164,42.54622725856869,42.54622725856869,75.0,92.11355589276683,75.0
"Grove, Michael",2024,97.65957446808511,65.53191489361701,95.31914893617022,93.61702127659575,,,64.38993756237097,13.583912195743405,12.713907606619076,0.0,90.68775736473346,32.659932659932664,32.659932659932664,100.0,76.25874420564686,100.0
"Jax, Griffin",2024,92.34042553191489,94.25531914893617,75.53191489361703,98.08510638297872,,,60.8828603530915,19.537899684137432,10.074636607923598,0.0,90.49539664515252,27.722936197512468,27.722936197512468,100.0,82.19132334581772,100.0
"Skubal, Tarik",2024,99.14893617021276,75.1063829787234,70.85106382978724,4.042553191489362,,,65.37191918096921,15.56857469187475,9.45029293081284,0.0,90.3907868036568,47.8928046544165,47.8928046544165,100.0,97.6703237603528,100.0
"Phillips, Evan",2024,95.74468085106383,82.76595744680851,67.4468085106383,61.170212765957444,,,63.127389767030365,17.156304688779823,8.996224802005015,0.0,89.27991925781521,28.2471694082461,28.2471694082461,100.0,85.82463186077644,100.0
"Iglesias, Raisel",2024,94.68085106382979,85.74468085106382,63.61702127659574,35.53191489361702,,,62.42597432517447,17.773755243131795,8.485398157096212,0.0,88.68512772540248,26.919926919926915,26.919926919926915,100.0,79.48678414096916,100.0
"Wheeler, Zack",2024,90.85106382978724,84.46808510638299,78.72340425531915,45.95744680851064,,,59.900878734493254,17.50913357698095,10.500325478680931,0.0,87.91033779015514,42.69208698993923,42.69208698993923,100.0,98.52080123266566,100.0
"Crochet, Garrett",2024,98.93617021276596,47.65957446808511,90.85106382978724,50.638297872340424,,,65.23163609259804,9.87920886963157,12.117943187558806,0.0,87.22878814978841,47.9872672650601,47.9872672650601,100.0,92.88267223382046,100.0
"King, Michael",2024,95.95744680851064,86.17021276595744,41.06382978723404,35.95744680851064,,,63.26767285540154,17.861962465182078,5.477196803744378,0.0,86.606832124328,43.158517203477025,43.158517203477025,100.0,97.55804867157846,100.0
"Muñoz, Andrés",2024,95.53191489361701,60.63829787234043,76.38297872340426,49.787234042553195,,,62.98710667865918,12.569529142165168,10.188153640125554,0.0,85.7447894609499,29.486203454634662,29.486203454634662,75.0,92.8552400981423,75.0
"Flaherty, Jack",2024,85.74468085106382,96.17021276595744,67.87234042553192,57.234042553191486,,,56.534084613584966,19.934832183363703,9.052983318105992,0.0,85.52190011505465,51.56282863703542,51.56282863703542,75.0,96.37109683237512,75.0
"Puk, A.J.",2024,93.19148936170212,60.0,86.80851063829788,48.51063829787234,,,61.44399270657622,12.437218309089744,11.578737284599514,0.0,85.45994830026548,31.016087355172125,31.016087355172125,100.0,83.8984606275903,100.0
"Tinoco, Jesus",2024,94.04255319148936,76.17021276595744,55.74468085106383,40.319148936170215,,,62.005125060060934,15.789092747000453,7.4353656092281195,0.0,85.2295834162895,23.954372623574145,23.954372623574145,75.0,79.06829268292684,75.0
"Snell, Blake",2024,94.8936170212766,50.212765957446805,91.27659574468086,90.0,,,62.56625741354565,10.40845220193326,12.174701703659785,0.0,85.1494113191387,35.55210757309158,35.55210757309158,100.0,95.91497366440933,100.0
"Kerkering, Orion",2024,93.82978723404256,63.829787234042556,73.82978723404256,86.38297872340426,,,61.864841971689756,13.23108330754228,9.847602543519685,0.0,84.94352782275172,33.210734760815534,33.210734760815534,75.0,93.77507246376811,75.0
"García, Yimi",2024,89.57446808510639,72.3404255319149,80.2127659574468,52.34042553191489,,,59.05918020426619,14.995227748547919,10.698980285034354,0.0,84.75338823784845,22.779922779922774,22.779922779922774,100.0,49.51864406779662,100.0
"Ryan, Joe",2024,86.17021276595744,98.51063829787235,54.680851063829785,39.361702127659576,,,56.81465079032733,20.419971904640253,7.293469318975674,0.0,84.52809201394325,43.60669545953268,43.60669545953268,100.0,92.9613801836024,100.0
"Núñez, Dedniel",2024,97.87234042553192,67.65957446808511,43.723404255319146,58.08510638297872,,,64.53022065074215,14.024948305994817,5.83193752937549,0.0,84.38710648611246,23.66412213740458,23.66412213740458,50.0,83.84956925115972,50.0
"Yates, Kirby",2024,98.72340425531915,80.0,17.659574468085108,29.148936170212764,,,65.09135300422686,16.58295774545299,2.3554784181905877,0.0,84.02978916787043,32.622402635212694,32.622402635212694,50.0,100.0,50.0
"Ferguson, Tyler",2024,91.70212765957447,71.48936170212767,65.53191489361701,28.297872340425535,,,60.46201108797797,14.818813304447355,8.740811479550613,0.0,84.02163587197595,25.650557620817843,25.650557620817843,100.0,74.15189346650021,100.0
"Jiménez, Joe",2024,89.36170212765957,97.23404255319149,35.74468085106383,72.12765957446808,,,58.918897115895,20.155350238489405,4.767715352482154,0.0,83.84196270686655,35.17860670693923,35.17860670693923,50.0,100.0,50.0
"Burnes, Corbin",2024,78.72340425531915,88.93617021276596,99.57446808510639,63.829787234042556,,,51.904742697336076,18.43530940850891,13.281492767628855,0.0,83.62154487347385,51.358361399893504,51.358361399893504,100.0,96.51148677936716,100.0
"Johnson, Pierce",2024,92.5531914893617,80.2127659574468,44.04255319148936,83.61702127659575,,,61.02314344146268,16.62706135647813,5.874506416451224,0.0,83.52471121439203,43.342776203966,43.342776203966,50.0,93.09129267357116,50.0
"Skenes, Paul",2024,84.04255319148936,71.27659574468085,99.7872340425532,24.04255319148936,,,55.41181990661554,14.774709693422212,13.309872025679343,0.0,83.4964016257171,43.017374120543124,43.017374120543124,100.0,87.74337254901963,100.0
"López, Pablo",2024,84.8936170212766,88.51063829787233,68.51063829787233,84.8936170212766,,,55.97295226010026,18.347102186458628,9.138121092257458,0.0,83.45817553881635,44.35195357603857,44.35195357603857,100.0,98.12123241795044,100.0
"Schwellenbach, Spencer",2024,76.59574468085107,98.08510638297872,94.04255319148936,17.02127659574468,,,50.5019118136243,20.33176468258997,12.54363205831614,0.0,83.3773085545304,30.984398012261785,30.984398012261785,100.0,90.74270310466629,100.0
"Santillan, Tony",2024,86.38297872340426,81.48936170212767,69.57446808510637,59.361702127659576,,,56.95493387869851,16.89168302262898,9.280017382509904,0.0,83.1266342838374,23.07692307692308,23.07692307692308,75.0,74.11020408163267,75.0
"Burr, Ryan",2024,97.44680851063829,72.76595744680851,28.191489361702125,58.723404255319146,,,64.24965447399978,15.0834349705982,3.760251691689793,0.0,83.09334113628778,28.05755395683453,28.05755395683453,50.0,88.09461966604823,50.0
"Nardi, Andrew",2024,91.06382978723404,85.31914893617021,39.8936170212766,80.63829787234043,,,60.04116182286443,17.685548021081512,5.321110884466688,0.0,83.04782072841263,31.153550120980942,31.153550120980942,50.0,100.0,50.0
"Scott, Tanner",2024,98.08510638297872,55.95744680851064,47.4468085106383,75.0,,,64.67050373911333,11.599249699612065,6.328574545259048,0.0,82.59832798398443,38.71844039629275,38.71844039629275,50.0,100.0,50.0
"Lee, Dylan",2024,93.40425531914893,93.82978723404256,9.361702127659575,20.0,,,61.584275794947395,19.449692462087153,1.2486873542215162,0.0,82.28265561125606,31.279331785704986,31.279331785704986,75.0,90.07407407407408,75.0
"Nola, Aaron",2024,83.82978723404256,100.0,44.25531914893617,73.61702127659574,,,55.271536818244364,20.728697181816237,5.902885674501713,0.0,81.90311967456232,47.76498468503632,47.76498468503632,100.0,99.7253853413023,100.0
"Thornton, Trent",2024,77.4468085106383,89.36170212765957,82.34042553191489,96.38297872340425,,,51.06304416710901,18.52351663055919,10.982772865539244,0.0,80.56933366320744,29.82456140350877,29.82456140350877,100.0,77.14581373471309,100.0
"Garcia, Robert",2024,90.2127659574468,84.25531914893617,26.170212765957444,44.25531914893617,,,59.480029469379716,17.465029965955807,3.490648740210147,0.0,80.43570817554567,31.326681472284264,31.326681472284264,75.0,91.54356261022927,75.0
"Garrett, Reed",2024,99.7872340425532,19.148936170212767,79.7872340425532,45.744680851063826,,,65.79276844608276,3.9693249922626843,10.642221768933377,0.0,80.40431520727883,29.577464788732392,29.577464788732392,100.0,78.26498042758205,100.0
"Martin, Davis",2024,92.12765957446808,45.744680851063826,74.8936170212766,90.2127659574468,,,60.742577264720325,9.4822763704053,9.98949883377213,0.0,80.21435246889776,20.948616600790515,20.948616600790515,100.0,67.73617339312406,100.0
"Strahm, Matt",2024,97.23404255319149,53.829787234042556,36.38297872340426,29.893617021276597,,,64.1093713856286,11.158213589360656,4.85285312663362,0.0,80.12043810162288,37.10691823899371,37.10691823899371,100.0,78.71069182389937,100.0
"Cleavinger, Garrett",2024,90.63829787234042,35.319148936170215,94.68085106382979,61.91489361702127,,,59.76059564612207,7.321199430173396,12.628769832467608,0.0,79.71056490876308,25.0936329588015,25.0936329588015,100.0,76.85795454545456,100.0
"Uceta, Edwin",2024,97.02127659574468,70.2127659574468,8.51063829787234,42.97872340425532,,,63.969088297257436,14.554191638296507,1.1351703220195601,0.0,79.6584502575735,23.07692307692308,23.07692307692308,75.0,75.53354134165366,75.0
"Miller, Mason",2024,99.36170212765958,20.638297872340424,71.80851063829788,81.70212765957446,,,65.5122022693404,4.27805026943867,9.57799959204004,0.0,79.36825213081912,34.090213429056405,34.090213429056405,50.0,100.0,50.0
"Walker, Ryan",2024,96.80851063829788,40.0,52.87234042553192,77.4468085106383,,,63.82880520888626,8.291478872726495,7.052245625546518,0.0,79.17252970715927,38.28348352076587,38.28348352076587,50.0,100.0,50.0
"Kirby, George",2024,73.82978723404256,95.53191489361701,79.14893617021276,85.74468085106382,,,48.67823166479897,19.802521350288277,10.557083994781909,0.0,79.03783700986915,46.786382603863956,46.786382603863956,100.0,98.39605188945289,100.0
"Brown, Hunter",2024,90.0,40.42553191489361,82.87234042553192,47.87234042553192,,,59.33974638100854,8.379686094776776,11.053721010665468,0.0,78.77315348645078,38.6574076902995,38.6574076902995,100.0,97.87829094154395,100.0
"Sandoval, Patrick",2024,91.48936170212765,27.659574468085108,91.06382978723404,72.97872340425532,,,60.321727999606786,5.733469433268321,12.146322445609293,0.0,78.20151987848439,30.814101539135734,30.814101539135734,100.0,84.82456140350878,100.0
"Doval, Camilo",2024,95.31914893617022,23.617021276595747,77.87234042553192,16.382978723404253,,,62.84682359028801,4.895500823790644,10.386808446478977,0.0,78.12913286055763,32.69042627533193,32.69042627533193,75.0,93.26624737945492,75.0
"Leclerc, José",2024,92.97872340425532,28.085106382978726,77.4468085106383,1.702127659574468,,,61.30370961820504,5.821676655318604,10.330049930378,0.0,77.45543620390164,27.54334318215298,27.54334318215298,100.0,82.81425364758698,100.0
"Hamilton, Ian",2024,94.25531914893617,47.87234042553192,40.21276595744681,23.19148936170213,,,62.14540814843211,9.92331248065671,5.363679771542422,0.0,77.43240040063124,30.79584775086505,30.79584775086505,75.0,76.1244019138756,75.0
"Clase, Emmanuel",2024,96.59574468085106,26.170212765957444,60.63829787234043,27.872340425531917,,,63.688522120515074,5.424744156092334,8.088088544389366,0.0,77.20135482099677,44.60822563625096,44.60822563625096,50.0,94.86678944137508,50.0
"Pivetta, Nick",2024,82.5531914893617,66.38297872340425,66.38297872340425,96.59574468085106,,,54.42983828801729,13.76032663984397,8.854328511752568,0.0,77.04449343961383,47.433802586566635,47.433802586566635,100.0,94.34703579418344,100.0
"Martin, Chris",2024,84.25531914893617,95.74468085106383,7.021276595744681,5.531914893617021,,,55.55210299498672,19.84662496131342,0.9365155156661372,0.0,76.33524347196627,24.52830188679245,24.52830188679245,100.0,71.61024033437826,100.0
"Morton, Charlie",2024,87.44680851063829,54.04255319148936,55.53191489361702,53.61702127659574,,,57.65634932055439,11.202317200385798,7.40698635117763,0.0,76.26565287211783,45.03623883054079,45.03623883054079,100.0,96.7938144329897,100.0
"Bummer, Aaron",2024,80.85106382978722,87.44680851063829,35.53191489361702,80.0,,,53.307573581047855,18.126584131332923,4.739336094431664,0.0,76.17349380681244,29.838690824960956,29.838690824960956,75.0,92.84270488790885,75.0
"Gray, Sonny",2024,80.42553191489363,86.80851063829788,37.659574468085104,59.89361702127659,,,53.02700740430551,17.9942732982575,5.023128674936554,0.0,76.04440937749956,36.94924829172165,36.94924829172165,100.0,96.98562407631333,100.0
"Ragans, Cole",2024,88.08510638297872,29.148936170212764,89.36170212765957,65.74468085106383,,,58.07719858566794,6.042194710444307,11.919288381205382,0.0,76.03868167731763,48.618664960332026,48.618664960332026,100.0,100.0,100.0
"Cease, Dylan",2024,91.91489361702128,21.06382978723404,82.5531914893617,73.82978723404256,,,60.60229417634915,4.366257491488952,11.011152123589733,0.0,75.97970379142784,59.89720812415849,59.89720812415849,75.0,96.55027104428761,75.0
"Erceg, Lucas",2024,83.40425531914893,38.72340425531915,95.95744680851064,13.829787234042554,,,54.990970641502,8.02685720657565,12.799045380770542,0.0,75.8168732288482,23.5798185416506,23.5798185416506,100.0,87.11515151515152,100.0
"Estrada, Jeremiah",2024,89.7872340425532,26.80851063829787,81.48936170212767,35.74468085106383,,,59.19946329263736,5.557054989167757,10.86925583333729,0.0,75.6257741151424,29.43390641754947,29.43390641754947,75.0,90.5204788909893,75.0
"Brito, Jhony",2024,82.34042553191489,67.02127659574468,55.1063829787234,0.6382978723404255,,,54.28955519964611,13.892637472919393,7.350227835076652,0.0,75.53242050764216,23.66412213740458,23.66412213740458,100.0,56.32763532763533,100.0
"Treinen, Blake",2024,88.29787234042553,51.91489361702127,47.23404255319149,86.17021276595744,,,58.21748167403911,10.761281090134386,6.30019528720856,0.0,75.27895805138206,29.32811944543192,29.32811944543192,100.0,84.90990990990991,100.0
"Martinez, Nick",2024,82.12765957446808,80.42553191489363,32.340425531914896,36.17021276595745,,,54.14927211127493,16.671164967503273,4.313647223674329,0.0,75.13408430245254,35.957990946813204,35.957990946813204,100.0,94.66807843137256,100.0
"Payamps, Joel",2024,83.19148936170212,65.74468085106383,49.361702127659576,28.936170212765955,,,54.850687553130825,13.628015806768548,6.583987867713449,0.0,75.06269122761282,21.875,21.875,100.0,71.61075268817203,100.0
"Chafin, Andrew",2024,90.42553191489363,67.4468085106383,10.851063829787234,34.46808510638298,,,59.62031255775091,13.980844694969678,1.4473421605749393,0.0,75.04849941329552,31.27711697029104,31.27711697029104,75.0,92.26094450189589,75.0
"Kahnle, Tommy",2024,99.57446808510639,30.638297872340424,20.851063829787233,41.48936170212766,,,65.65248535771158,6.350919987620294,2.7811672889479224,0.0,74.78457263427981,41.52046783625731,41.52046783625731,50.0,91.03956834532374,50.0
"Duran, Jhoan",2024,70.63829787234043,78.29787234042553,88.08510638297872,56.38297872340425,,,46.57398533923129,16.230128857251863,11.749012832902448,0.0,74.5531270293856,26.47389471338049,26.47389471338049,75.0,92.41098484848483,75.0
"Suarez, Ranger",2024,70.0,89.7872340425532,73.19148936170212,51.48936170212765,,,46.153136074117754,18.611723852609476,9.762464769368217,0.0,74.52732469609545,37.15815304749025,37.15815304749025,100.0,99.75990200081665,100.0
"Barlow, Scott",2024,96.38297872340425,32.12765957446809,31.914893617021278,84.46808510638299,,,63.5482390321439,6.659645264796282,4.256888707573351,0.0,74.46477300451353,28.57142857142857,28.57142857142857,100.0,80.47927031509121,100.0
"Sands, Cole",2024,74.68085106382979,68.93617021276596,80.63829787234043,61.59574468085106,,,49.23936401828369,14.289569972145662,10.755738801135333,0.0,74.28467279156469,26.54204976608606,26.54204976608606,100.0,81.19456617002628,100.0
"Kikuchi, Yusei",2024,78.93617021276596,56.59574468085107,78.29787234042553,28.723404255319153,,,52.04502578570725,11.731560532687489,10.443566962579954,0.0,74.2201532809747,47.96993811213714,47.96993811213714,100.0,100.0,100.0
"Kittredge, Andrew",2024,78.51063829787233,96.59574468085106,14.680851063829786,56.17021276595745,,,51.76445960896489,20.023039405413982,1.9581688054837412,0.0,73.74566781986262,35.78864014922719,35.78864014922719,75.0,92.78485145282403,75.0
"Herrin, Tim",2024,76.38297872340426,57.446808510638306,84.46808510638299,40.638297872340424,,,50.36162872525312,11.907974976788054,11.266565446044137,0.0,73.5361691480853,26.590214251815937,26.590214251815937,100.0,91.8168433451119,100.0
"Fried, Max",2024,77.23404255319149,46.808510638297875,96.17021276595744,79.25531914893617,,,50.92276107873782,9.702794425531005,12.82742463882103,0.0,73.45298014308986,41.76011327608828,41.76011327608828,100.0,92.06474221905441,100.0
"Snider, Collin",2024,74.46808510638297,87.02127659574468,46.38297872340426,18.51063829787234,,,49.0990809299125,18.03837690928264,6.186678255006603,0.0,73.32413609420175,22.60710757162959,22.60710757162959,75.0,80.21671826625386,75.0
"Glasnow, Tyler",2024,84.46808510638299,27.02127659574468,87.02127659574468,51.276595744680854,,,55.6923860833579,5.601158600192899,11.607116542650003,0.0,72.9006612262008,40.954367661122184,40.954367661122184,100.0,96.1778697001034,100.0
"Tonkin, Michael",2024,87.87234042553192,43.829787234042556,43.723404255319146,84.68085106382979,,,57.93691549729676,9.085343871179033,5.83193752937549,0.0,72.85419689785128,36.63530713890426,36.63530713890426,100.0,91.5649518440216,100.0
"Rodriguez, Grayson",2024,71.70212765957447,64.04255319148936,91.91489361702128,91.70212765957447,,,47.275400781087185,13.275186918567421,12.25983947781125,0.0,72.81042717746585,41.07816023046585,41.07816023046585,100.0,99.3773283661522,100.0
"Mears, Nick",2024,69.7872340425532,73.40425531914893,83.61702127659575,61.170212765957444,,,46.01285298574658,15.21574580367362,11.15304841384218,0.0,72.38164720326238,32.719019059533444,32.719019059533444,75.0,88.89921011058453,75.0
"Steele, Justin",2024,81.70212765957446,84.04255319148936,6.808510638297872,45.31914893617021,,,53.86870593453257,17.420926354930668,0.9081362576156482,0.0,72.1977685470789,52.972470936832934,52.972470936832934,75.0,93.9901764901765,75.0
"Greene, Hunter",2024,84.68085106382979,33.40425531914894,70.63829787234043,32.5531914893617,,,55.83266917172908,6.924266930947127,9.42191367276235,0.0,72.17884977543855,53.1085098140333,53.1085098140333,75.0,97.38508557457212,75.0
"Bradford, Cody",2024,75.95744680851064,93.19148936170212,20.0,55.319148936170215,,,50.08106254851076,19.317381629011727,2.6676502567459663,0.0,72.06609443426846,36.24207333884754,36.24207333884754,100.0,88.42051282051281,100.0
"Springs, Jeffrey",2024,87.65957446808511,64.46808510638297,6.0638297872340425,48.08510638297872,,,57.79663240892558,13.363394140617702,0.8088088544389367,0.0,71.96883540398223,21.25984251968504,21.25984251968504,75.0,64.18824265165729,75.0
"Brazobán, Huascar",2024,98.29787234042553,12.340425531914894,34.46808510638298,2.9787234042553195,,,64.8107868274845,2.558009439458174,4.597439804179219,0.0,71.9662360711219,25.0936329588015,25.0936329588015,100.0,72.79243827160494,100.0
"Kopech, Michael",2024,89.14893617021276,11.702127659574469,79.36170212765957,38.08510638297872,,,58.77861402752382,2.4256986063827513,10.585463252832398,0.0,71.78977588673897,46.80851063829788,46.80851063829788,75.0,88.57223072996426,75.0
"Díaz, Edwin",2024,98.51063829787235,1.9148936170212765,47.87234042553192,48.29787234042553,,,64.95106991585568,0.3969324992262684,6.3853330613600265,0.0,71.73333547644198,33.1942504917639,33.1942504917639,50.0,100.0,50.0
"Morejon, Adrian",2024,67.87234042553192,75.31914893617021,83.82978723404256,58.93617021276596,,,44.75030519040597,15.612678302899889,11.181427671892669,0.0,71.54441116519853,28.84609133601164,28.84609133601164,100.0,89.91619407687462,100.0
"Ober, Bailey",2024,75.74468085106383,95.1063829787234,13.191489361702127,83.19148936170212,,,49.94077946013958,19.714314128237998,1.7595139991303181,0.0,71.4146075875079,45.368224835269295,45.368224835269295,100.0,99.99999999999999,100.0
"Roupp, Landen",2024,69.36170212765957,70.85106382978724,79.57446808510639,77.6595744680851,,,45.732286809004215,14.68650247137193,10.613842510882888,0.0,71.03263179125904,28.126882152178275,28.126882152178275,75.0,92.78238546603475,75.0
"Kelly, Zack",2024,80.63829787234043,26.595744680851062,92.5531914893617,94.8936170212766,,,53.167290492676685,5.512951378142616,12.344977251962716,0.0,71.02521912278202,22.17898832684825,22.17898832684825,100.0,81.35322862129146,100.0
"Otañez, Michel",2024,87.02127659574468,13.617021276595745,80.85106382978722,25.319148936170212,,,57.37578314381204,2.8226311056090196,10.78411805918582,0.0,70.98253230860688,16.666666666666664,16.666666666666664,75.0,73.42151968940655,75.0
"Musgrove, Joe",2024,79.36170212765957,70.0,27.4468085106383,74.04255319148936,,,52.32559196244961,14.510088027271367,3.660924288513082,0.0,70.49660427823406,26.566144617738843,26.566144617738843,100.0,91.27902501603593,100.0
"Neris, Héctor",2024,81.06382978723404,68.29787234042554,21.48936170212766,14.468085106382977,,,53.44785666941904,14.157259139070241,2.8663050630993894,0.0,70.47142087158866,33.341176370724575,33.341176370724575,75.0,94.12154882154881,75.0
"Hader, Josh",2024,95.1063829787234,3.829787234042553,51.70212765957447,62.23404255319149,,,62.70654050191683,0.7938649984525368,6.896159706268829,0.0,70.39656520663819,40.458574097154035,40.458574097154035,50.0,100.0,50.0
"Cole, Gerrit",2024,65.74468085106383,74.04255319148936,87.2340425531915,65.1063829787234,,,43.34747430669419,15.348056636749044,11.635495800700493,0.0,70.33102674414373,38.145643955721475,38.145643955721475,100.0,96.14417650076962,100.0
"Yamamoto, Yoshinobu",2024,56.38297872340425,96.38297872340425,97.65957446808511,95.53191489361701,,,37.17501841836232,19.978935794388843,13.026079445174453,0.0,70.1800336579256,35.03588725367333,35.03588725367333,100.0,92.54940869913811,100.0
"Detmers, Reid",2024,79.14893617021276,25.319148936170212,94.25531914893617,80.42553191489363,,,52.18530887407843,5.2483297119917705,12.572011316366629,0.0,70.00564990243683,33.23759720378248,33.23759720378248,100.0,89.27210447441661,100.0
"Akin, Keegan",2024,82.76595744680851,60.851063829787236,18.93617021276596,43.829787234042556,,,54.57012137638847,12.613632753190307,2.5257539664935216,0.0,69.7095080960723,37.01319442451511,37.01319442451511,75.0,94.08718766613504,75.0
"Abreu, Bryan",2024,92.76595744680851,5.957446808510639,54.46808510638298,82.5531914893617,,,61.16342652983386,1.2349011087039463,7.265090060925186,0.0,69.663417699463,39.31526971799235,39.31526971799235,50.0,100.0,50.0
"Ruiz, José",2024,65.31914893617021,91.70212765957447,56.38297872340425,45.53191489361702,,,43.06690812995182,19.008656351835743,7.520503383379586,0.0,69.59606786516716,25.861786360857536,25.861786360857536,75.0,84.3021645021645,75.0
"Robertson, David",2024,93.61702127659575,24.25531914893617,20.425531914893615,44.46808510638298,,,61.72455888331858,5.027811656866066,2.724408772846944,0.0,69.47677931303159,34.651534853714764,34.651534853714764,75.0,94.87608318890815,75.0
"Bradish, Kyle",2024,86.59574468085106,21.48936170212766,59.361702127659576,95.95744680851064,,,57.09521696706968,4.454464713539235,7.9178129960864325,0.0,69.46749467669534,19.67871485943775,19.67871485943775,100.0,65.89812067260138,100.0
"Santana, Dennis",2024,87.2340425531915,33.829787234042556,36.17021276595745,1.4893617021276597,,,57.51606623218323,7.012474152997409,4.824473868583132,0.0,69.35301425376376,26.54095952106333,26.54095952106333,100.0,81.21527777777779,100.0
"Wacha, Michael",2024,74.25531914893617,38.08510638297872,93.61702127659575,54.8936170212766,,,48.958797841541326,7.894546373500226,12.486873542215163,0.0,69.34021775725671,42.98959786427207,42.98959786427207,100.0,96.1740984405458,100.0
"Leiter Jr., Mark",2024,85.31914893617021,15.106382978723405,74.04255319148936,92.34042553191489,,,56.25351843684261,3.131356382785006,9.875981801570173,0.0,69.26085662119779,29.98411516278531,29.98411516278531,100.0,80.87535680304472,100.0
"Brebbia, John",2024,77.02127659574468,66.17021276595744,34.680851063829785,81.91489361702128,,,50.782477990366644,13.71622302881883,4.6258190622297075,0.0,69.12452008141518,33.3957982803844,33.3957982803844,50.0,100.0,50.0
"Hjelle, Sean",2024,72.97872340425532,83.19148936170212,28.191489361702125,31.914893617021278,,,48.117099311314256,17.244511910830106,3.760251691689793,0.0,69.12186291383415,40.87631647824264,40.87631647824264,75.0,94.01268265784395,75.0
"Rogers, Tyler",2024,73.19148936170212,95.31914893617022,7.446808510638298,82.23404255319149,,,48.25738239968543,19.75841773926314,0.9932740317671152,0.0,69.00907417071569,40.87322946417254,40.87322946417254,50.0,100.0,50.0
"Scott, Tayler",2024,72.5531914893617,96.80851063829788,6.382978723404255,68.29787234042554,,,47.836533134571894,20.067143016439125,0.8513777415146702,0.0,68.75505389252568,28.12366993890674,28.12366993890674,100.0,91.89304516486561,100.0
"Winn, Keaton",2024,76.17021276595744,72.5531914893617,25.957446808510635,15.957446808510639,,,50.221345636881935,15.039331359573056,3.462269482159658,0.0,68.72294647861465,31.74061433447099,31.74061433447099,100.0,76.00236127508855,100.0
"Anderson, Nick",2024,70.85106382978724,64.68085106382979,64.14893617021276,19.46808510638298,,,46.71426842760247,13.407497751642845,8.556346302222435,0.0,68.67811248146775,20.0,20.0,75.0,66.12554112554113,75.0
"Weaver, Luke",2024,85.53191489361703,42.765957446808514,25.21276595744681,27.23404255319149,,,56.393801525213796,8.864825816053328,3.362942078982947,0.0,68.62156942025008,36.325063632176466,36.325063632176466,75.0,100.0,75.0
"Joyce, Ben",2024,78.08510638297872,25.106382978723403,88.93617021276596,55.95744680851064,,,51.48389343222254,5.20422610096663,11.862529865104404,0.0,68.55064939829357,23.954372623574145,23.954372623574145,75.0,66.73333333333332,75.0
"Suarez, Robert",2024,75.53191489361703,47.23404255319149,67.02127659574468,9.148936170212766,,,49.8004963717684,9.791001647581288,8.939466285904036,0.0,68.53096430525373,44.59833795013851,44.59833795013851,75.0,85.46592442645074,75.0
"Cousins, Jake",2024,85.95744680851064,12.76595744680851,67.23404255319149,78.51063829787233,,,56.67436770195615,2.646216661508456,8.967845543954525,0.0,68.28842990741913,25.159348328048523,25.159348328048523,75.0,88.38240495137046,75.0
"Kelly, Michael",2024,80.2127659574468,36.80851063829787,56.80851063829787,51.06382978723404,,,52.88672431593432,7.629924707349381,7.577261899480564,0.0,68.09391092276427,27.00729927007299,27.00729927007299,75.0,64.9928469241774,75.0
"Miller, Erik",2024,81.91489361702128,16.595744680851062,78.93617021276596,90.63829787234042,,,54.008989022903755,3.4400816599609927,10.52870473673142,0.0,67.97777541959617,32.083710978491375,32.083710978491375,75.0,94.97346992382452,75.0
"Hudson, Bryan",2024,71.27659574468085,94.68085106382979,9.574468085106384,43.29787234042553,,,46.994834604344824,19.626106906187715,1.2770666122720054,0.0,67.89800812280454,27.728147505453975,27.728147505453975,75.0,87.5170801869831,75.0
"Fernandez, Ryan",2024,91.27659574468086,16.382978723404253,30.638297872340424,15.106382978723405,,,60.18144491123562,3.3959780489358513,4.086613159270416,0.0,67.66403611944189,34.96477992445183,34.96477992445183,75.0,93.85066215835445,75.0
"Hoffman, Jeff",2024,85.1063829787234,14.893617021276595,63.191489361702125,38.93617021276596,,,56.113235348471434,3.0872527717598652,8.428639640995234,0.0,67.62912776122653,28.959624399952435,28.959624399952435,100.0,86.22583732057416,100.0
"Law, Derek",2024,86.80851063829788,35.95744680851064,20.212765957446805,7.021276595744681,,,57.235500055440866,7.453510263248818,2.696029514796455,0.0,67.38503983348613,37.021336747347824,37.021336747347824,100.0,84.82203604975884,100.0
"Eovaldi, Nathan",2024,58.723404255319146,74.25531914893617,99.14893617021276,75.0,,,38.718132390445284,15.392160247774186,13.224734251527876,0.0,67.33502688974734,44.74708886162027,44.74708886162027,100.0,97.74725420140265,100.0
"Houck, Tanner",2024,70.2127659574468,81.27659574468085,28.936170212765955,42.12765957446808,,,46.29341916248893,16.847579411603835,3.8595790948665045,0.0,67.00057766895927,51.67935076185913,51.67935076185913,75.0,100.0,75.0
"Cano, Yennier",2024,61.27659574468085,93.40425531914893,51.91489361702127,12.553191489361701,,,40.40152945089943,19.361485240036867,6.924538964319316,0.0,66.68755365525561,31.831922123184256,31.831922123184256,100.0,81.89746158984637,100.0
"Chapman, Aroldis",2024,80.0,3.404255319148936,98.93617021276596,15.74468085106383,,,52.746441227563146,0.7056577764022549,13.196354993477387,0.0,66.64845399744279,24.138977393415267,24.138977393415267,100.0,93.3936170212766,100.0
"Okert, Steven",2024,88.72340425531915,13.404255319148936,32.76595744680851,39.787234042553195,,,58.498047850781475,2.7785274945838787,4.370405739775307,0.0,65.64698108514065,26.199261992619927,26.199261992619927,75.0,78.74897119341564,75.0
"Rodríguez, Manuel",2024,88.93617021276596,8.51063829787234,38.08510638297872,48.93617021276596,,,58.63833093915265,1.7641444410056373,5.079887191037532,0.0,65.48236257119582,24.24242424242424,24.24242424242424,75.0,72.63505268996117,75.0
"Gallen, Zac",2024,59.361702127659576,93.61702127659575,51.06382978723404,88.08510638297872,,,39.13898165555883,19.40558885106201,6.811021932117361,0.0,65.3555924387382,45.97942219366069,45.97942219366069,100.0,94.69890754063415,100.0
"Smith, Burch",2024,60.0,68.08510638297872,86.17021276595744,89.25531914893618,,,39.55983092067236,14.113155528045098,11.493599510448046,0.0,65.1665859591655,32.88590604026846,32.88590604026846,100.0,77.05712138293873,100.0
"Castillo, Luis",2024,60.42553191489362,90.0,49.148936170212764,11.702127659574469,,,39.840397097414716,18.655827463634616,6.5556086096629596,0.0,65.05183317071229,45.94574981863257,45.94574981863257,100.0,100.0,100.0
"Banda, Anthony",2024,68.93617021276596,54.8936170212766,61.27659574468085,24.893617021276597,,,45.45172063226186,11.378731644486361,8.173226318540832,0.0,65.00367859528905,24.579017104937112,24.579017104937112,100.0,84.97653098643198,100.0
"Milner, Hoby",2024,68.08510638297872,95.95744680851064,0.851063829787234,18.72340425531915,,,44.890588278777145,19.89072857233856,0.11351703220195603,0.0,64.89483388331766,26.113941746342768,26.113941746342768,100.0,86.90238328436173,100.0
"Pfaadt, Brandon",2024,63.829787234042556,98.72340425531915,16.80851063829787,25.744680851063826,,,42.08492651135358,20.464075515665392,2.241961385988631,0.0,64.7909634130076,44.93538257702341,44.93538257702341,100.0,97.2548510690891,100.0
"Rogers, Taylor",2024,81.48936170212767,23.404255319148938,45.95744680851064,82.76595744680851,,,53.7284228461614,4.8513972127655025,6.129919738905625,0.0,64.70973979783253,32.866074911059364,32.866074911059364,50.0,100.0,50.0
"Pepiot, Ryan",2024,79.57446808510639,41.06382978723404,27.872340425531917,43.61702127659575,,,52.46587505082079,8.5119969278522,3.7176828046140598,0.0,64.69555478328705,43.07510458519896,43.07510458519896,100.0,94.35446685878962,100.0
"Adams, Austin",2024,94.46808510638299,1.0638297872340425,16.382978723404253,70.85106382978724,,,62.285691236803295,0.22051805512570466,2.1852028698876533,0.0,64.69141216181664,37.88819875776397,37.88819875776397,50.0,91.1139455782313,50.0
"Adam, Jason",2024,71.48936170212767,22.5531914893617,94.8936170212766,98.93617021276596,,,47.13511769271601,4.674982768664939,12.657149090518097,0.0,64.46724955189904,31.183855656083573,31.183855656083573,100.0,89.65671217292378,100.0
"Holderman, Colin",2024,79.7872340425532,7.659574468085106,76.17021276595744,21.48936170212766,,,52.60615813919197,1.5877299969050735,10.159774382075064,0.0,64.35366251817211,26.090434992906424,26.090434992906424,75.0,86.07111640842272,75.0
"Kinley, Tyler",2024,88.51063829787233,10.638297872340425,27.659574468085108,22.02127659574468,,,58.357764762410284,2.2051805512570466,3.6893035465635706,0.0,64.25224886023089,38.21461140946398,38.21461140946398,50.0,100.0,50.0
"Helsley, Ryan",2024,71.06382978723404,26.382978723404253,88.72340425531915,54.46808510638298,,,46.85455151597365,5.4688477671174756,11.834150607053916,0.0,64.15754989014503,35.228131656703084,35.228131656703084,75.0,94.90905836018618,75.0
"Brieske, Beau",2024,72.76595744680851,45.31914893617021,50.851063829787236,24.25531914893617,,,47.97681622294308,9.394069148355017,6.782642674066873,0.0,64.15352804536496,26.290306478985727,26.290306478985727,100.0,89.73500134517084,100.0
"Festa, David",2024,81.27659574468085,31.914893617021278,27.02127659574468,54.04255319148936,,,53.588139757790216,6.61554165377114,3.6041657724121037,0.0,63.80784718397346,27.949188357730925,27.949188357730925,75.0,100.0,75.0
"Ginkel, Kevin",2024,69.57446808510637,59.361702127659576,40.638297872340424,30.638297872340424,,,45.87256989737539,12.304907476014321,5.4204382876434,0.0,63.59791566103311,36.33115464875564,36.33115464875564,75.0,94.23564189189189,75.0
"Vest, Will",2024,61.06382978723405,79.57446808510639,50.638297872340424,34.680851063829785,,,40.261246362528254,16.49475052340271,6.754263416016383,0.0,63.510260301947355,35.19385026737968,35.19385026737968,100.0,85.19471153846155,100.0
"Vesia, Alex",2024,67.65957446808511,76.38297872340426,22.97872340425532,73.19148936170212,,,44.61002210203479,15.833196358025598,3.0649598694528124,0.0,63.5081783295132,36.36620286348054,36.36620286348054,50.0,96.17946505608282,50.0
"Kuhl, Chad",2024,73.61702127659574,12.127659574468085,92.34042553191489,12.76595744680851,,,48.53794857642779,2.513905828433033,12.316597993912227,0.0,63.368452398773044,24.731182795698924,24.731182795698924,100.0,66.47585034013605,100.0
"Martinez, Justin",2024,72.3404255319149,13.191489361702127,96.59574468085106,6.170212765957447,,,47.696250046200724,2.7344238835587378,12.884183154922008,0.0,63.31485708468147,33.15097388579817,33.15097388579817,100.0,87.2223166241858,100.0
"Lodolo, Nick",2024,58.51063829787234,82.34042553191489,55.95744680851064,26.382978723404253,,,38.577849302074114,17.06809746672954,7.463744867278608,0.0,63.10969163608226,34.71644280434139,34.71644280434139,100.0,100.0,100.0
"Littell, Zack",2024,61.702127659574465,85.1063829787234,33.829787234042556,58.51063829787234,,,40.682095627641786,17.641444410056373,4.512302030027752,0.0,62.83584206772591,42.11012361977252,42.11012361977252,100.0,97.05915492957749,100.0
"Jackson, Luke",2024,77.6595744680851,30.851063829787233,38.297872340425535,64.04255319148936,,,51.203327255480175,6.395023598645435,5.108266449088021,0.0,62.70661730321363,30.03348072310903,30.03348072310903,75.0,91.37935994246673,75.0
"Cabrera, Edward",2024,69.14893617021278,31.27659574468085,78.51063829787233,23.404255319148938,,,45.592003720633045,6.483230820695717,10.471946220630441,0.0,62.547180761959204,32.39242141879173,32.39242141879173,100.0,91.39196462898886,100.0
"Paddack, Chris",2024,54.8936170212766,81.91489361702128,69.7872340425532,97.02127659574468,,,36.19303679976407,16.97989024467926,9.308396640560394,0.0,62.48132368500373,38.72970724419258,38.72970724419258,100.0,92.9150684931507,100.0
"Waldron, Matt",2024,75.31914893617021,51.48936170212765,15.957446808510639,50.851063829787236,,,49.66021328339722,10.673073868084105,2.1284443537866755,0.0,62.461731505268,38.110085270720454,38.110085270720454,100.0,97.14261460101866,100.0
"Irvin, Jake",2024,59.787234042553195,72.97872340425532,58.08510638297872,50.212765957446805,,,39.419547832301184,15.127538581623341,7.747537447783498,0.0,62.294623861708025,50.37671678632395,50.37671678632395,100.0,95.46841691910691,100.0
"Matz, Steven",2024,53.191489361702125,75.74468085106383,85.95744680851064,88.51063829787233,,,35.07077209279464,15.700885524950174,11.465220252397557,0.0,62.23687787014237,25.392396530613112,25.392396530613112,100.0,78.49478458049886,100.0
"Buttó, José",2024,76.80851063829788,24.04255319148936,47.65957446808511,46.170212765957444,,,50.642194901995474,4.983708045840926,6.356953803309538,0.0,61.98285675114594,26.30721442438264,26.30721442438264,100.0,88.46607669616519,100.0
"Wilson, Justin",2024,77.87234042553192,35.74468085106383,23.19148936170213,16.80851063829787,,,51.34361034385136,7.4094066522236774,3.0933391275033015,0.0,61.84635612357834,25.63302299337001,25.63302299337001,75.0,83.59107806691449,75.0
"Banks, Tanner",2024,68.51063829787233,55.74468085106383,34.8936170212766,10.851063829787234,,,45.1711544555195,11.555146088586925,4.654198320280197,0.0,61.38049886438662,27.65464827943187,27.65464827943187,100.0,81.77308558558559,100.0
"Wesneski, Hayden",2024,74.04255319148936,21.914893617021278,59.57446808510638,37.659574468085104,,,48.81851475317015,4.542671935589516,7.946192254136921,0.0,61.30737894289659,32.42849284231286,32.42849284231286,100.0,86.762137504073,100.0
"Cruz, Fernando",2024,78.29787234042553,5.74468085106383,60.851063829787236,20.851063829787233,,,51.624176520593714,1.1907974976788052,8.116467802439855,0.0,60.93144182071238,28.587149723573297,28.587149723573297,75.0,98.38798309178745,75.0
"Gilbert, Logan",2024,60.63829787234043,42.5531914893617,90.0,34.04255319148936,,,39.9806801857859,8.820722205028186,12.00442615535685,0.0,60.80582854617094,44.33161605338886,44.33161605338886,100.0,100.0,100.0
"Gaddis, Hunter",2024,48.29787234042553,89.57446808510639,77.6595744680851,47.4468085106383,,,31.844261060257537,18.567620241584333,10.358429188428486,0.0,60.77031049027036,36.9507184615306,36.9507184615306,75.0,95.23035230352305,75.0
"Voth, Austin",2024,55.53191489361702,55.1063829787234,92.76595744680851,90.42553191489363,,,36.61388606487761,11.422835255511501,12.373356510013206,0.0,60.410077830402315,23.5813418740248,23.5813418740248,100.0,81.76283367556468,100.0
"Ray, Robbie",2024,58.08510638297872,84.68085106382979,34.04255319148936,19.148936170212767,,,38.29728312533175,17.553237188006094,4.540681288078241,0.0,60.391201601416086,20.634920634920636,20.634920634920636,75.0,76.6719483568075,75.0
"Kelly, Merrill",2024,62.97872340425532,83.40425531914893,11.27659574468085,31.48936170212766,,,41.52379415786886,17.288615521855245,1.5041006766759173,0.0,60.31651035640003,23.088038362728742,23.088038362728742,100.0,71.64740221833041,100.0
"Stone, Gavin",2024,61.91489361702127,79.14893617021276,21.914893617021278,3.1914893617021276,,,40.82237871601296,16.40654330135243,2.9230635792003676,0.0,60.15198559656576,36.96369667549073,36.96369667549073,100.0,93.69911783238814,100.0
"Farmer, Buck",2024,74.8936170212766,41.27659574468085,16.595744680851062,47.02127659574468,,,49.379647106654865,8.55610053887734,2.213582127938142,0.0,60.14932977347034,24.751027850758305,24.751027850758305,100.0,89.34087612416593,100.0
"Liberatore, Matthew",2024,56.17021276595745,49.148936170212764,96.38297872340425,67.23404255319149,,,37.03473532999115,10.187934146807555,12.85580389687152,0.0,60.07847337367023,28.98882545742216,28.98882545742216,100.0,84.9801031687546,100.0
"Roberts, Ethan",2024,67.4468085106383,66.59574468085107,12.978723404255318,56.59574468085107,,,44.46973901366361,13.804430250869114,1.731134741079829,0.0,60.00530400561256,23.371647509578544,23.371647509578544,50.0,74.43816543816544,50.0
"Anderson, Justin",2024,75.1063829787234,9.574468085106384,60.42553191489362,22.5531914893617,,,49.51993019502604,1.9846624961313422,8.059709286338878,0.0,59.564301977496264,27.745384809096716,27.745384809096716,100.0,86.3873015873016,100.0
"Kelly, Kevin",2024,55.95744680851064,92.12765957446808,25.744680851063826,91.27659574468086,,,36.894452241619966,19.096863573886022,3.4338902241091693,0.0,59.425206039615155,37.23650694308538,37.23650694308538,75.0,92.74356435643564,75.0
"Jiménez, Dany",2024,82.97872340425532,3.1914893617021276,26.80851063829787,50.0,,,54.71040446475965,0.661554165377114,3.5757865143616145,0.0,58.94774514449838,23.954372623574145,23.954372623574145,50.0,75.40895061728395,50.0
"Luzardo, Jesús",2024,58.93617021276596,56.38297872340425,61.48936170212767,1.276595744680851,,,38.85841547881647,11.687456921662346,8.201605576591323,0.0,58.74747797707013,26.651140940278403,26.651140940278403,100.0,89.51461988304094,100.0
"Kremer, Dean",2024,57.87234042553191,46.59574468085106,81.91489361702128,85.53191489361703,,,38.15700003696057,9.658690814505864,10.926014349438267,0.0,58.7417052009047,35.32272914984032,35.32272914984032,100.0,98.01996007984033,100.0
"Bernardino, Brennan",2024,66.38297872340425,60.21276595744681,18.51063829787234,38.51063829787234,,,43.76832357180771,12.481321920114885,2.4689954503925433,0.0,58.71864094231514,28.099590452498745,28.099590452498745,100.0,86.99108527131783,100.0
"Herz, DJ",2024,83.61702127659575,0.6382978723404255,25.53191489361702,27.02127659574468,,,55.13125372987319,0.1323108330754228,3.4055109660586806,0.0,58.66907552900729,36.43068012103291,36.43068012103291,75.0,96.29361076082387,75.0
"Zerpa, Angel",2024,64.04255319148936,37.02127659574468,65.31914893617021,11.27659574468085,,,42.22520959972476,7.674028318374522,8.712432221500125,0.0,58.611670139599404,33.5548172757475,33.5548172757475,100.0,82.50634602538409,100.0
"Sánchez, Cristopher",2024,64.25531914893618,55.319148936170215,35.319148936170215,23.829787234042556,,,42.36549268809594,11.466938866536642,4.710956836381175,0.0,58.543388391013764,55.860781551806284,55.860781551806284,75.0,100.0,75.0
"Woods Richardson, Simeon",2024,52.55319148936171,61.27659574468085,83.19148936170212,98.29787234042553,,,34.64992282768112,12.701839975240588,11.096289897741201,0.0,58.448052700662906,44.18027269029309,44.18027269029309,100.0,97.30849673202614,100.0
"Woo, Bryan",2024,45.744680851063826,94.04255319148936,65.74468085106383,33.191489361702125,,,30.160863999803393,19.493796073112293,8.769190737601104,0.0,58.4238508105168,40.68674654960414,40.68674654960414,100.0,86.9566822066822,100.0
"Manaea, Sean",2024,61.48936170212767,48.93617021276596,56.17021276595745,1.0638297872340425,,,40.541812539270616,10.143830535782415,7.492124125329098,0.0,58.17776720038213,45.18991195804962,45.18991195804962,100.0,95.99689129562776,100.0
"López, Reynaldo",2024,40.0,97.65957446808511,86.59574468085106,53.829787234042556,,,26.373220613781573,20.24355746053969,11.550358026549024,0.0,58.16713610087028,49.940262843488654,49.940262843488654,75.0,94.98170246618935,75.0
"Domínguez, Seranthony",2024,68.72340425531915,4.8936170212765955,87.87234042553192,12.978723404255318,,,45.31143754389068,1.0143830535782414,11.72063357485196,0.0,58.046454172320885,27.00729927007299,27.00729927007299,100.0,81.70025348542458,100.0
"Roycroft, Chris",2024,54.46808510638298,62.76595744680851,68.19148936170212,71.27659574468085,,,35.91247062302172,13.010565252416574,9.095552205181725,0.0,58.01858808062002,24.81203007518797,24.81203007518797,75.0,72.70134228187918,75.0
"Miller, Tyson",2024,53.61702127659574,99.57446808510639,13.404255319148936,29.893617021276597,,,35.351338269537,20.640489959765958,1.7878932571808073,0.0,57.779721486483766,31.647300068352695,31.647300068352695,50.0,100.0,50.0
"Ottavino, Adam",2024,63.61702127659574,36.38297872340426,62.12765957446808,43.29787234042553,,,41.944643422982395,7.5417174852991,8.286743350742789,0.0,57.77310425902429,23.619165674401618,23.619165674401618,100.0,81.68821689259647,100.0
"Boyd, Matthew",2024,55.319148936170215,47.4468085106383,85.31914893617021,36.38297872340426,,,36.473602976506434,9.835105258606427,11.38008247824609,0.0,57.68879071335895,22.17898832684825,22.17898832684825,100.0,70.7946603847664,100.0
"Cabrera, Génesis",2024,57.234042553191486,33.191489361702125,97.87234042553192,10.425531914893616,,,37.736150771847036,6.880163319921985,13.054458703224942,0.0,57.670772794993965,26.17841204939588,26.17841204939588,100.0,75.22556634304206,100.0
"Blanco, Ronel",2024,68.29787234042554,25.957446808510635,53.829787234042556,60.744680851063826,,,45.03087136714833,5.380640545067193,7.179952286773719,0.0,57.59146419898924,47.32257345469161,47.32257345469161,100.0,98.8419612043318,100.0
"Schmidt, Clarke",2024,70.42553191489361,31.06382978723404,35.1063829787234,89.57446808510639,,,46.43370225086011,6.439127209670576,4.682577578330686,0.0,57.55540703886137,30.177009669622713,30.177009669622713,100.0,97.84502164502163,100.0
"Singer, Brady",2024,64.46808510638297,65.95744680851064,9.787234042553191,33.61702127659574,,,42.505775776467104,13.67211941779369,1.3054458703224943,0.0,57.483341064583286,57.06103794437281,57.06103794437281,100.0,96.05362952990015,100.0
"McFarland, T.J.",2024,57.446808510638306,91.06382978723404,3.829787234042553,33.829787234042556,,,37.87643386021822,18.87634551876032,0.510826644908802,0.0,57.26360602388735,31.097730621666088,31.097730621666088,75.0,91.8998003992016,75.0
"Slaten, Justin",2024,67.02127659574468,10.425531914893616,81.27659574468085,96.17021276595744,,,44.18917283692125,2.1610769402319057,10.8408765752868,0.0,57.19112635243996,25.762303777250672,25.762303777250672,100.0,78.39245283018869,100.0
"Peralta, Freddy",2024,63.191489361702125,16.80851063829787,89.57446808510639,75.74468085106383,,,41.66407724624004,3.4841852709861336,11.947667639255872,0.0,57.09593015648204,52.9234555303377,52.9234555303377,100.0,98.28541001064963,100.0
"McArthur, James",2024,56.80851063829787,58.08510638297872,56.59574468085107,90.85106382978724,,,37.45558459510468,12.040285809863475,7.548882641430076,0.0,57.044753046398235,28.086611216649295,28.086611216649295,100.0,85.84311554078995,100.0
"Sims, Lucas",2024,65.53191489361701,17.02127659574468,75.95744680851064,94.25531914893617,,,43.207191218323,3.5282888820112746,10.131395124024575,0.0,56.86687522435885,24.346439663411903,24.346439663411903,100.0,82.97444831591173,100.0
"Muller, Kyle",2024,50.0,87.87234042553192,42.5531914893617,46.38297872340426,,,32.96652576722697,18.214791353383205,5.6758516100978005,0.0,56.857168730707976,32.659932659932664,32.659932659932664,100.0,73.81294964028777,100.0
"Webb, Jacob",2024,53.829787234042556,82.97872340425532,29.78723404255319,87.65957446808511,,,35.49162135790819,17.200408299804963,3.9730961270684606,0.0,56.66512578478161,26.575896405710207,26.575896405710207,75.0,92.78335112059764,75.0
"Rodríguez, Yariel",2024,66.17021276595744,10.851063829787234,80.0,66.06382978723404,,,43.628040483436536,2.2492841622821875,10.670601026983865,0.0,56.54792567270259,36.189111199164515,36.189111199164515,100.0,85.06706640017767,100.0
"Stripling, Ross",2024,51.06382978723404,75.95744680851064,51.276595744680854,31.06382978723404,,,33.66794120908286,15.744989135975313,6.839401190167851,0.0,56.25233153522602,27.607254347427208,27.607254347427208,100.0,76.2540500736377,100.0
"Gil, Luis",2024,73.40425531914893,5.531914893617021,48.93617021276596,46.808510638297875,,,48.39766548805661,1.1466938866536642,6.527229351612471,0.0,56.071588726322744,49.09895127391236,49.09895127391236,75.0,100.0,75.0
"Pressly, Ryan",2024,54.25531914893617,71.06382978723404,40.85106382978723,97.44680851063829,,,35.772187534650534,14.730606082397072,5.448817545693888,0.0,55.9516111627415,23.939801238188334,23.939801238188334,100.0,86.75474956822107,100.0
"Smyly, Drew",2024,60.21276595744681,54.680851063829785,36.59574468085106,63.61702127659574,,,39.700114009043546,11.33462803346122,4.881232384684108,0.0,55.91597442718888,34.10468681033569,34.10468681033569,50.0,100.0,50.0
"Sandlin, Nick",2024,67.23404255319149,27.4468085106383,42.97872340425532,52.76595744680851,,,44.32945592529243,5.689365822243181,5.732610126198779,0.0,55.75143187373439,23.1597643007818,23.1597643007818,100.0,90.79428381522101,100.0
"Mlodzinski, Carmen",2024,55.74468085106383,46.38297872340426,70.0,8.51063829787234,,,36.75416915324879,9.614587203480724,9.336775898610883,0.0,55.705532255340394,23.66412213740458,23.66412213740458,100.0,76.21944444444445,100.0
"Eflin, Zach",2024,44.46808510638298,97.44680851063829,46.170212765957444,37.234042553191486,,,29.319165469576326,20.199453849514548,6.1582989969561135,0.0,55.67691831604699,42.13555063602586,42.13555063602586,100.0,92.58230697920806,100.0
"Bibee, Tanner",2024,59.148936170212764,30.425531914893618,77.23404255319149,64.8936170212766,,,38.998698567187645,6.306816376595154,10.301670672327509,0.0,55.60718561611031,47.31537211217207,47.31537211217207,100.0,95.53082788671024,100.0
"Burke, Brock",2024,60.851063829787236,48.08510638297872,39.57446808510638,29.361702127659573,,,40.12096327415708,9.967416091681851,5.278541997390954,0.0,55.366921363229885,21.875,21.875,75.0,71.74656679151062,75.0
"Olson, Reese",2024,52.34042553191489,48.51063829787234,80.42553191489363,72.76595744680851,,,34.509639739309925,10.055623313732132,10.727359543084845,0.0,55.292622596126904,34.05194180656528,34.05194180656528,100.0,96.32350000000001,100.0
"Francis, Bowden",2024,40.42553191489361,77.4468085106383,93.40425531914893,91.48936170212765,,,26.653786790523927,16.0537144131513,12.458494284164672,0.0,55.1659954878399,43.74000467300632,43.74000467300632,100.0,93.04210758377425,100.0
"Smith, Will",2024,50.851063829787236,77.87234042553192,39.8936170212766,70.0,,,33.527658120711685,16.14192163520158,5.321110884466688,0.0,54.99069064037995,22.98745675658467,22.98745675658467,100.0,71.40663694898464,100.0
"Keller, Mitch",2024,47.23404255319149,57.234042553191486,89.7872340425532,89.7872340425532,,,31.142845618401648,11.863871365762911,11.976046897306361,0.0,54.982763881470916,39.07955191836778,39.07955191836778,100.0,98.20111071723974,100.0
"Weissert, Greg",2024,41.06382978723404,87.65957446808511,70.42553191489361,78.29787234042553,,,27.074636055637466,18.170687742358066,9.39353441471186,0.0,54.63885821270739,23.82465865782347,23.82465865782347,100.0,83.25494071146245,100.0
"Pérez, Cionel",2024,62.76595744680851,14.042553191489363,76.59574468085107,88.72340425531915,,,41.38351106949768,2.910838327659302,10.216532898176043,0.0,54.51088229533302,27.266693216514007,27.266693216514007,75.0,92.74637681159422,75.0
"Maeda, Kenta",2024,58.29787234042553,74.8936170212766,4.042553191489362,42.4468085106383,,,38.43756621370293,15.524471080849608,0.5392059029592912,0.0,54.501243197511826,34.706018326605765,34.706018326605765,100.0,92.45496493170913,100.0
"Brasier, Ryan",2024,51.91489361702127,78.93617021276596,28.510638297872344,16.595744680851062,,,34.22907356256757,16.362439690327285,3.802820578765527,0.0,54.39433383166038,22.48062015503876,22.48062015503876,100.0,53.43912175648702,100.0
"Nelson, Ryne",2024,40.85106382978723,69.57446808510637,95.53191489361701,55.1063829787234,,,26.934352967266285,14.421880805221084,12.742286864669563,0.0,54.09852063715694,48.065807405891924,48.065807405891924,100.0,91.84473118279568,100.0
"Crawford, Kutter",2024,51.48936170212765,56.80851063829787,62.5531914893617,93.40425531914893,,,33.94850738582521,11.775664143712628,8.343501866843768,0.0,54.06767339638161,46.13104867030618,46.13104867030618,100.0,96.00519541858543,100.0
"Imanaga, Shota",2024,50.42553191489362,91.91489361702128,12.553191489361701,53.191489361702125,,,33.24709194396932,19.052759962860883,1.6743762249788512,0.0,53.974228131809056,57.905934868715335,57.905934868715335,75.0,90.6269564092614,75.0
"Severino, Luis",2024,49.361702127659576,58.93617021276596,67.65957446808511,15.319148936170212,,,32.54567650211343,12.216700253964039,9.024604060055504,0.0,53.786980816132974,46.66822708556169,46.66822708556169,100.0,95.46645702306081,100.0
"Rodríguez, Randy",2024,64.8936170212766,9.787234042553191,66.80851063829788,81.06382978723404,,,42.78634195320947,2.028766107156483,8.911087027853547,0.0,53.726195088219505,28.21942254639521,28.21942254639521,50.0,100.0,50.0
"Chavez, Jesse",2024,47.87234042553192,85.53191489361703,33.191489361702125,94.68085106382979,,,31.563694883515183,17.729651632106656,4.427164255876284,0.0,53.72051077149812,29.01041731425185,29.01041731425185,100.0,86.39589257503951,100.0
"Civale, Aaron",2024,41.27659574468085,84.8936170212766,65.1063829787234,99.7872340425532,,,27.214919144008643,17.597340799031233,8.684052963449636,0.0,53.496312906489514,40.755874531804736,40.755874531804736,100.0,97.26614699331849,100.0
"Bender, Anthony",2024,65.1063829787234,20.425531914893615,47.02127659574468,79.57446808510639,,,42.92662504158064,4.2339466584135295,6.27181602915807,0.0,53.43238772915224,28.340134579652123,28.340134579652123,50.0,100.0,50.0
"Jones, Jared",2024,43.40425531914894,56.17021276595745,98.29787234042553,81.38297872340425,,,28.617750027720433,11.643353310637208,13.111217219325919,0.0,53.372320557683565,48.15249898162659,48.15249898162659,100.0,92.39647653933368,100.0
"Funderburk, Kody",2024,72.12765957446808,8.085106382978724,29.574468085106382,87.02127659574468,,,47.55596695782954,1.6759372189553556,3.9447168690179715,0.0,53.17662104580287,21.248856713224924,21.248856713224924,75.0,76.07749469214437,75.0
"Dubin, Shawn",2024,50.638297872340424,44.8936170212766,76.80851063829788,100.0,,,33.3873750323405,9.305861926304738,10.244912156226532,0.0,52.93814911487177,20.634920634920636,20.634920634920636,100.0,66.70286396181385,100.0
"Fedde, Erick",2024,46.170212765957444,99.7872340425532,12.76595744680851,1.9148936170212765,,,30.44143017654575,20.684593570791098,1.7027554830293403,0.0,52.82877923036619,44.51858013086887,44.51858013086887,100.0,100.00000000000003,100.0
"Matsui, Yuki",2024,71.91489361702128,14.468085106382977,17.23404255319149,57.02127659574469,,,47.41568386945836,2.9990455497095834,2.2987199020896094,0.0,52.713449321257556,26.857648965881435,26.857648965881435,100.0,89.98378728923475,100.0
"Saucedo, Tayler",2024,65.95744680851064,39.148936170212764,4.680851063829787,4.680851063829787,,,43.48775739506536,8.115064428625931,0.6243436771107581,0.0,52.227165500802045,24.52830188679245,24.52830188679245,100.0,65.25071225071227,100.0
"Holmes, Grant",2024,42.5531914893617,86.59574468085106,42.765957446808514,6.595744680851063,,,28.056617674235717,17.950169687232357,5.70423086814829,0.0,51.71101822961636,30.042267579172144,30.042267579172144,100.0,86.2366737739872,100.0
"Romero, JoJo",2024,57.02127659574469,32.76595744680851,52.55319148936171,34.25531914893617,,,37.595867683475866,6.791956097871703,7.009676738470785,0.0,51.39750051981836,27.403726708074533,27.403726708074533,100.0,84.94190268700072,100.0
"Weathers, Ryan",2024,48.51063829787234,38.297872340425535,84.8936170212766,47.23404255319149,,,31.984544148628718,7.938649984525369,11.323323962145112,0.0,51.246518095299194,33.230651880537465,33.230651880537465,100.0,92.59780668196888,100.0
"Maton, Phil",2024,62.34042553191489,43.40425531914894,6.595744680851063,99.57446808510639,,,41.102944892755325,8.99713664912875,0.8797569995651591,0.0,50.97983854144923,26.48662560757373,26.48662560757373,100.0,90.14285714285715,100.0
"Koenig, Jared",2024,49.57446808510638,42.12765957446808,70.2127659574468,88.93617021276596,,,32.68595959048461,8.732514982977904,9.365155156661372,0.0,50.783629730123884,32.61712180312375,32.61712180312375,75.0,88.65533813937522,75.0
"Bradley, Taj",2024,54.04255319148936,8.936170212765958,98.51063829787235,98.51063829787235,,,35.63190444627936,1.8523516630559194,13.13959647737641,0.0,50.623852586711685,44.6153021079684,44.6153021079684,100.0,97.17015402499273,100.0
"Bido, Osvaldo",2024,66.59574468085107,11.063829787234042,29.148936170212764,0.851063829787234,,,43.908606660178904,2.2933877733073285,3.887958352916993,0.0,50.08995278640323,24.859731556930154,24.859731556930154,100.0,74.1349131121643,100.0
"Yarbrough, Ryan",2024,45.95744680851064,92.97872340425532,3.1914893617021276,7.872340425531915,,,30.301147088174574,19.273278017986588,0.4256888707573351,0.0,50.00011397691849,34.620856038564646,34.620856038564646,100.0,87.63002114164905,100.0
"Miller, Bryce",2024,41.48936170212766,62.97872340425532,71.80851063829788,92.5531914893617,,,27.355202232379824,13.054668863441716,9.57799959204004,0.0,49.98787068786159,45.70440725120397,45.70440725120397,100.0,91.68521886746696,100.0
"Alexander, Tyler",2024,43.829787234042556,98.93617021276596,3.6170212765957444,40.319148936170215,,,28.89831620446279,20.508179126690536,0.48244738685831307,0.0,49.888942718011634,29.429360527311182,29.429360527311182,100.0,92.96166967690147,100.0
"Reid-Foley, Sean",2024,51.70212765957447,61.91489361702127,22.127659574468083,36.59574468085106,,,34.0887904741964,12.83415080831601,2.9514428372508563,0.0,49.87438411976327,17.355371900826448,17.355371900826448,50.0,73.09297725024727,50.0
"Turnbull, Spencer",2024,46.59574468085106,50.42553191489362,62.34042553191489,97.65957446808511,,,30.72199635328811,10.452555812958401,8.315122608793278,0.0,49.48967477503979,24.11978060863411,24.11978060863411,100.0,84.16666666666666,100.0
"Varland, Louis",2024,35.74468085106383,77.23404255319149,73.40425531914893,57.87234042553191,,,23.567558846358004,16.009610802126158,9.790844027418705,0.0,49.368013675902866,25.210199269176062,25.210199269176062,100.0,79.13725490196079,100.0
"Holton, Tyler",2024,66.80851063829788,13.829787234042554,18.29787234042553,38.72340425531915,,,44.048889748550074,2.8667347166341606,2.440616192342054,0.0,49.35624065752629,25.84973991282992,25.84973991282992,100.0,90.28578121339892,100.0
"Soroka, Michael",2024,62.5531914893617,8.72340425531915,44.46808510638298,30.425531914893618,,,41.2432279811265,1.8082480520307784,5.931264932552202,0.0,48.98274096570948,27.95852003472701,27.95852003472701,100.0,90.71705963938973,100.0
"Soto, Gregory",2024,52.97872340425533,4.680851063829787,96.80851063829788,38.297872340425535,,,34.93048900442347,0.9702794425531005,12.912562412972498,0.0,48.81333085994907,29.62413849908247,29.62413849908247,100.0,86.99306278182449,100.0
"Hernández, Jonathan",2024,46.38297872340426,53.404255319148945,53.61702127659574,13.191489361702127,,,30.58171326491693,11.070006367310375,7.151573028723229,0.0,48.80329266095053,24.88581377470266,24.88581377470266,75.0,89.7,75.0
"Schreiber, John",2024,47.4468085106383,63.61702127659574,30.425531914893618,17.659574468085108,,,31.283128706772825,13.186979696517138,4.0582339012199276,0.0,48.52834230450989,22.356553143526618,22.356553143526618,100.0,73.7850923023337,100.0
"Faedo, Alex",2024,56.59574468085107,32.5531914893617,32.97872340425532,41.06382978723404,,,37.315301506733505,6.747852486846563,4.398784997825795,0.0,48.46193899140586,27.369042382725,27.369042382725,100.0,88.98245614035088,100.0
"Booser, Cam",2024,55.1063829787234,15.957446808510639,65.95744680851064,49.361702127659576,,,36.33331988813525,3.30777082688557,8.79756999565159,0.0,48.438660710672416,27.27272727272727,27.27272727272727,75.0,80.8810551558753,75.0
"Strickland, Hunter",2024,44.25531914893617,52.55319148936171,60.21276595744681,41.702127659574465,,,29.178882381205142,10.893591923209812,8.031330028288389,0.0,48.10380433270334,28.72623432674778,28.72623432674778,100.0,77.20685681359839,100.0
"Jansen, Kenley",2024,64.68085106382979,19.361702127659576,10.638297872340425,22.97872340425532,,,42.646058864838295,4.013428603287825,1.4189629025244501,0.0,48.07845037065057,43.342776203966,43.342776203966,50.0,93.11005863779883,50.0
"Alcala, Jorge",2024,57.659574468085104,6.595744680851063,64.14893617021276,3.404255319148936,,,38.0167169485894,1.3672119417793689,8.556346302222435,0.0,47.9402751925912,27.761798033675127,27.761798033675127,100.0,87.47462577583059,100.0
"De Los Santos, Enyel",2024,34.46808510638298,97.87234042553192,36.80851063829787,12.340425531914894,,,22.72586031613093,20.28766107156483,4.909611642734597,0.0,47.92313303043036,34.385354288834996,34.385354288834996,75.0,94.44323671497587,75.0
"King, John",2024,41.702127659574465,82.12765957446808,24.893617021276597,8.72340425531915,,,27.495485320751,17.0239938557044,3.3203731919072137,0.0,47.83985236836262,33.64186877242547,33.64186877242547,75.0,86.10571992110454,75.0
"Hodge, Porter",2024,59.57446808510638,2.553191489361702,57.234042553191486,76.91489361702128,,,39.27926474393,0.5292433323016912,7.634020415581542,0.0,47.442528491813235,24.670309281557543,24.670309281557543,50.0,92.41706161137441,50.0
"Heaney, Andrew",2024,48.723404255319146,67.23404255319149,7.76595744680851,32.12765957446809,,,32.12482723699989,13.936741083944534,1.0358429188428486,0.0,47.09741123978727,50.21939806921263,50.21939806921263,75.0,97.60316870899865,75.0
"Williams, Trevor",2024,39.361702127659576,98.29787234042553,2.3404255319148937,5.106382978723404,,,25.952371348668038,20.37586829361511,0.31217183855537906,0.0,46.64041148083853,32.20338983050847,32.20338983050847,100.0,73.93201754385966,100.0
"Gibson, Kyle",2024,42.97872340425532,71.70212765957447,23.617021276595747,46.59574468085106,,,28.337183850978075,14.862916915472494,3.15009764360428,0.0,46.350198410054844,38.19326048597024,38.19326048597024,100.0,97.4126869271587,100.0
"Taillon, Jameson",2024,32.12765957446809,97.02127659574468,37.12765957446808,86.80851063829788,,,21.18274634404797,20.111246627464265,4.952180529810331,0.0,46.24617350132257,37.3646525260095,37.3646525260095,100.0,96.2829910055041,100.0
"Williams, Gavin",2024,27.872340425531917,70.42553191489361,99.36170212765958,69.57446808510637,,,18.377084576624394,14.598295249321648,13.253113509578366,0.0,46.228493335524405,36.11328976034858,36.11328976034858,100.0,84.30942234848486,100.0
"Ferguson, Caleb",2024,39.148936170212764,60.42553191489362,59.148936170212764,77.87234042553192,,,25.812088260296857,12.525425531140025,7.889433738035943,0.0,46.226947529472824,26.180805764821486,26.180805764821486,100.0,81.3084842030529,100.0
"Quijada, José",2024,63.40425531914894,4.042553191489362,24.680851063829788,30.851063829787233,,,41.80436033461122,0.8379686094776778,3.2919939338567246,0.0,45.93432287794562,22.779922779922774,22.779922779922774,25.0,100.0,25.0
"Suarez, José",2024,52.76595744680851,14.255319148936172,59.787234042553195,31.70212765957447,,,34.79020591605229,2.954941938684443,7.974571512187411,0.0,45.71971936692414,23.071007467404236,23.071007467404236,100.0,74.09890485968515,100.0
"Darvish, Yu",2024,28.936170212765955,64.8936170212766,98.72340425531915,95.31914893617022,,,19.078500018480284,13.451601362667985,13.167975735426898,0.0,45.69807711657517,23.90616662507411,23.90616662507411,100.0,66.3395153313551,100.0
"Hudson, Daniel",2024,38.297872340425535,81.06382978723404,26.595744680851062,31.27659574468085,,,25.25095590681215,16.803475800578695,3.5474072563111254,0.0,45.60183896370197,35.812636435028736,35.812636435028736,50.0,95.91409266409266,50.0
"Leasure, Jordan",2024,43.61702127659575,25.53191489361702,85.74468085106382,87.44680851063829,,,28.758033116091614,5.292433323016912,11.436840994347067,0.0,45.48730743345559,23.66412213740458,23.66412213740458,75.0,77.68869047619047,75.0
"Green, Chad",2024,33.61702127659574,89.14893617021276,31.70212765957447,60.744680851063826,,,22.164727962646214,18.47941301953405,4.2285094495228615,0.0,44.87265043170312,32.945005337530986,32.945005337530986,50.0,100.0,50.0
"Holmes, Clay",2024,52.12765957446809,2.7659574468085104,74.25531914893617,76.06382978723404,,,34.369356650938755,0.5733469433268321,9.904361059620662,0.0,44.84706465388625,37.89067286331142,37.89067286331142,75.0,95.31766612641815,75.0
"Wilson, Steven",2024,53.404255319148945,20.212765957446805,40.42553191489361,64.25531914893618,,,35.21105518116583,4.189843047388388,5.39205902959291,0.0,44.792957258147126,22.493280340695456,22.493280340695456,75.0,86.25757575757576,75.0
"Anderson, Chase",2024,34.8936170212766,70.63829787234043,53.191489361702125,68.93617021276596,,,23.00642649287329,14.642398860346791,7.094814512622251,0.0,44.743639865842326,25.650557620817843,25.650557620817843,100.0,84.40235865417966,100.0
"Buehler, Walker",2024,32.76595744680851,49.787234042553195,93.82978723404256,98.72340425531915,,,21.6035956091615,10.320244979882979,12.515252800265651,0.0,44.43909338931013,26.547954948536386,26.547954948536386,100.0,88.64386742664134,100.0
"Lugo, Seth",2024,45.31914893617021,44.680851063829785,38.93617021276596,86.59574468085106,,,29.880297823061035,9.261758315279595,5.193404223239488,0.0,44.33546036158012,38.02634340402417,38.02634340402417,100.0,93.71189024390245,100.0
"Young, Danny",2024,62.12765957446808,2.127659574468085,21.06382978723404,83.82978723404256,,,40.96266180438415,0.4410361102514093,2.8095465469984116,0.0,44.21324446163397,25.57347605328737,25.57347605328737,50.0,100.0,50.0
"Swanson, Erik",2024,44.04255319148936,59.148936170212764,21.27659574468085,44.680851063829785,,,29.03859929283397,12.260803864989178,2.8379258050489002,0.0,44.13732896287205,24.326561853214308,24.326561853214308,75.0,79.28928928928929,75.0
"Peguero, Elvis",2024,47.65957446808511,38.93617021276596,33.40425531914894,66.59574468085107,,,31.423411795144006,8.07096081760079,4.455543513926774,0.0,43.94991612667157,31.290299135093598,31.290299135093598,50.0,100.0,50.0
"Junis, Jakob",2024,37.02127659574468,88.72340425531915,8.297872340425531,29.574468085106382,,,24.409257376585074,18.39120579748377,1.106791063969071,0.0,43.907254238037915,30.774197952135964,30.774197952135964,100.0,86.97910024796315,100.0
"Blackburn, Paul",2024,39.57446808510638,69.14893617021278,25.21276595744681,93.82978723404256,,,26.092654437039215,14.333673583170805,3.362942078982947,0.0,43.78927009919297,21.52746538711451,21.52746538711451,100.0,70.94279427942794,100.0
"Ross, Joe",2024,38.93617021276596,74.68085106382979,19.574468085106382,2.553191489361702,,,25.67180517192568,15.480367469824468,2.6108917406449885,0.0,43.763064382395136,32.52686843391491,32.52686843391491,100.0,88.74229691876751,100.0
"Shuster, Jared",2024,41.91489361702128,69.7872340425532,10.0,11.48936170212766,,,27.635768409122182,14.465984416246227,1.3338251283729832,0.0,43.435577953741394,30.976732708243155,30.976732708243155,75.0,96.2328165374677,75.0
"Armstrong, Shawn",2024,37.4468085106383,83.61702127659575,10.212765957446807,12.127659574468085,,,24.689823553327432,17.33271913288039,1.362204386423472,0.0,43.38474707263129,27.87265873163113,27.87265873163113,100.0,95.37453531598514,100.0
"Mikolas, Miles",2024,20.851063829787233,90.2127659574468,81.06382978723404,49.148936170212764,,,13.7477426603755,18.699931074659755,10.81249731723631,0.0,43.26017105227156,40.108015149992276,40.108015149992276,100.0,95.40361968513699,100.0
"Hendricks, Kyle",2024,42.12765957446808,73.19148936170212,2.127659574468085,62.97872340425532,,,27.77605149749336,15.17164219264848,0.28379258050489004,0.0,43.23148627064673,51.18898351196912,51.18898351196912,100.0,97.89617486338798,100.0
"Matthews, Zebby",2024,27.02127659574468,75.53191489361703,72.76595744680851,39.148936170212764,,,17.81595222313968,15.656781913925032,9.70570625326724,0.0,43.17844039033195,21.25984251968504,21.25984251968504,100.0,67.87633658763366,100.0
"Falter, Bailey",2024,34.25531914893617,69.36170212765957,45.1063829787234,6.808510638297872,,,22.58557722775975,14.377777194195943,6.016402706703669,0.0,42.97975712865936,43.522111008091365,43.522111008091365,100.0,99.53165374677003,100.0
"Fulmer, Carson",2024,39.787234042553195,65.31914893617021,23.404255319148938,41.91489361702128,,,26.232937525410396,13.539808584718266,3.1217183855537907,0.0,42.894464495682456,28.701634894068807,28.701634894068807,100.0,89.38023679417124,100.0
"Berríos, José",2024,31.48936170212766,81.70212765957446,37.4468085106383,72.3404255319149,,,20.76189707893443,16.935786633654118,4.994749416886065,0.0,42.692433129474615,46.48991174117919,46.48991174117919,100.0,97.70086936627774,100.0
"Long, Sam",2024,43.19148936170213,9.148936170212766,90.63829787234042,80.2127659574468,,,28.477466939349256,1.89645527408106,12.089563929508316,0.0,42.463486142938635,23.596707285455018,23.596707285455018,100.0,76.81818181818181,100.0
"Díaz, Alexis",2024,49.787234042553195,33.61702127659574,19.361702127659576,49.57446808510638,,,32.82624267885579,6.968370541972267,2.5825124825945,0.0,42.377125703422564,32.19710862522159,32.19710862522159,50.0,100.0,50.0
"Stanek, Ryne",2024,50.212765957446805,3.6170212765957444,63.829787234042556,44.8936170212766,,,33.106808855598146,0.7497613874273958,8.513777415146702,0.0,42.37034765817225,35.98740440845704,35.98740440845704,75.0,88.8883777982214,75.0
"Carrasco, Carlos",2024,45.53191489361702,51.70212765957447,12.127659574468085,16.170212765957448,,,30.020580911432216,10.717177479109248,1.6176177088778734,0.0,42.35537609941934,30.426223022252103,30.426223022252103,100.0,92.54302027958259,100.0
"Mantiply, Joe",2024,37.87234042553192,80.63829787234043,4.25531914893617,39.57446808510638,,,24.97038973006979,16.715268578528416,0.5675851610097801,0.0,42.25324346960799,28.36023368814442,28.36023368814442,75.0,86.46486928104575,75.0
"Harvey, Hunter",2024,19.574468085106382,85.95744680851064,86.38297872340426,85.95744680851064,,,12.906044130148429,17.81785885415694,11.521978768498537,0.0,42.2458817528039,34.21052631578947,34.21052631578947,75.0,85.70833333333333,75.0
"Marsh, Alec",2024,49.148936170212764,18.51063829787234,44.680851063829785,32.97872340425532,,,32.40539341374225,3.837014159187261,5.959644190602691,0.0,42.202051763532204,32.54462462605819,32.54462462605819,100.0,92.96960972488803,100.0
"Bednar, David",2024,33.40425531914894,40.21276595744681,88.51063829787233,83.40425531914893,,,22.024444874275037,8.335582483751637,11.805771349003425,0.0,42.1657987070301,34.38198721217589,34.38198721217589,75.0,89.47442163571195,75.0
"Thielbar, Caleb",2024,18.51063829787234,90.85106382978724,81.70212765957446,92.76595744680851,,,12.204628688292537,18.832241907735177,10.897635091387777,0.0,41.934505687415495,31.74061433447099,31.74061433447099,75.0,90.62419416003033,75.0
"Kershaw, Clayton",2024,37.234042553191486,51.276595744680854,50.0,58.29787234042553,,,24.54954046495625,10.628970257058965,6.669125641864916,0.0,41.847636363880135,22.17898832684825,22.17898832684825,75.0,59.81543859649122,75.0
"Thorpe, Drew",2024,47.02127659574468,50.0,2.9787234042553195,21.70212765957447,,,31.002562530030467,10.364348590908119,0.3973096127068461,0.0,41.76422073364543,21.92217773613123,21.92217773613123,100.0,67.52797704447633,100.0
"Spiers, Carson",2024,38.08510638297872,68.72340425531915,17.4468085106383,30.21276595744681,,,25.110672818440968,14.245466361120522,2.3270991601400985,0.0,41.68323833970159,30.165028525542283,30.165028525542283,100.0,91.11486048020765,100.0
"Cronin, Declan",2024,54.680851063829785,19.574468085106382,11.063829787234042,42.4468085106383,,,36.052753711392896,4.057532214312966,1.4757214186254282,0.0,41.586007344331286,37.44804015371661,37.44804015371661,75.0,94.65104166666667,75.0
"Bassitt, Chris",2024,28.085106382978726,48.29787234042553,97.23404255319149,93.19148936170212,,,18.517367664995575,10.011519702706991,12.969320929073474,0.0,41.49820829677604,43.06651020092517,43.06651020092517,100.0,87.97003492170779,100.0
"Arrighetti, Spencer",2024,30.21276595744681,49.361702127659576,84.68085106382979,95.1063829787234,,,19.920198548707358,10.232037757832696,11.294944704094625,0.0,41.44718101063468,40.09794349144544,40.09794349144544,100.0,96.47204387372926,100.0
"Diekman, Jake",2024,48.08510638297872,9.361702127659575,57.87234042553191,14.255319148936172,,,31.70397797188636,1.940558885106201,7.719158189733009,0.0,41.36369504672557,21.25984251968504,21.25984251968504,100.0,70.85539606592239,100.0
"Rodón, Carlos",2024,37.659574468085104,20.851063829787233,88.29787234042553,94.04255319148936,,,24.83010664169861,4.322153880463811,11.777392090952937,0.0,40.92965261311536,54.439679250570606,54.439679250570606,100.0,97.14167154852568,100.0
"Peterson, David",2024,30.425531914893618,62.5531914893617,58.51063829787234,20.212765957446805,,,20.06048163707854,12.966461641391435,7.804295963884476,0.0,40.83123924235445,36.12511232026365,36.12511232026365,100.0,96.20445344129554,100.0
"Quintana, Jose",2024,30.0,90.42553191489363,17.02127659574468,69.7872340425532,,,19.77991546033618,18.7440346856849,2.2703406440391203,0.0,40.7942907900602,43.910747909856546,43.910747909856546,100.0,97.70965651328581,100.0
"Wrobleski, Justin",2024,35.95744680851064,34.46808510638298,72.23404255319149,77.23404255319149,,,23.70784193472918,7.144784986072831,9.634758108141016,0.0,40.48738502894303,30.069930069930063,30.069930069930063,100.0,72.22730042656917,100.0
"Bowman, Matt",2024,48.93617021276596,34.8936170212766,5.74468085106383,56.80851063829787,,,32.265110325371076,7.232992208123114,0.7662399673632031,0.0,40.264342500857396,18.367346938775512,18.367346938775512,100.0,46.71102150537634,100.0
"Little, Luke",2024,44.680851063829785,11.48936170212766,62.76595744680851,78.08510638297872,,,29.4594485579475,2.3815949953576103,8.371881124894255,0.0,40.212924678199364,23.66412213740458,23.66412213740458,50.0,83.54601701469451,50.0
"Martinez, Seth",2024,30.851063829787233,90.63829787234042,7.76595744680851,37.4468085106383,,,20.341047813820893,18.788138296710034,1.0358429188428486,0.0,40.16502902937377,22.02472559382078,22.02472559382078,100.0,76.2442322991249,100.0
"Avila, Pedro",2024,40.21276595744681,16.170212765957448,77.02127659574468,48.723404255319146,,,26.513503702152754,3.3518744379107113,10.27329141427702,0.0,40.13866955434049,34.6465471080329,34.6465471080329,100.0,83.84636301835486,100.0
"Mize, Casey",2024,24.893617021276597,53.61702127659574,93.19148936170212,62.76595744680851,,,16.413121339427896,11.114109978335515,12.430115026114184,0.0,39.95734634387759,36.46783507917301,36.46783507917301,100.0,91.34088708115436,100.0
"Kimbrel, Craig",2024,35.1063829787234,61.06382978723405,30.851063829787233,84.04255319148936,,,23.146709581244465,12.657736364215449,4.114992417320906,0.0,39.919438362780824,36.507936507936506,36.507936507936506,50.0,97.76216611781925,50.0
"Jackson, Jay",2024,36.80851063829787,72.12765957446808,4.8936170212765955,26.063829787234045,,,24.268974288213894,14.951124137522775,0.6527229351612471,0.0,39.872821360897916,21.568627450980397,21.568627450980397,75.0,62.741433021806856,75.0
"Estévez, Carlos",2024,42.340425531914896,31.70212765957447,39.361702127659576,28.085106382978726,,,27.91633458586454,6.571438042745999,5.250162739340466,0.0,39.73793536795101,40.11976047904192,40.11976047904192,75.0,87.564696794129,75.0
"Feltner, Ryan",2024,34.680851063829785,24.893617021276597,87.55319148936171,21.27659574468085,,,22.866143404502107,5.1601224899414895,11.678064687776226,0.0,39.704330582219825,38.32514577175591,38.32514577175591,100.0,95.6829594017094,100.0
"Baumann, Mike",2024,46.808510638297875,12.553191489361701,46.59574468085106,55.53191489361702,,,30.86227944165929,2.602113050483315,6.215057513057092,0.0,39.6794500051997,26.56177785657291,26.56177785657291,75.0,96.3397129186603,75.0
"Suárez, Albert",2024,26.80851063829787,47.02127659574468,90.42553191489363,74.46808510638297,,,17.6756691347685,9.746898036556146,12.061184671457829,0.0,39.483751842782475,41.40370387808967,41.40370387808967,100.0,99.17608024691357,100.0
"Bello, Brayan",2024,38.72340425531915,41.91489361702128,38.72340425531915,14.893617021276595,,,25.531522083554506,8.688411371952764,5.165024965189,0.0,39.38495842069627,49.02433426132296,49.02433426132296,75.0,97.29054137378222,75.0
"Ortiz, Luis",2024,35.319148936170215,43.19148936170213,52.87234042553192,9.574468085106384,,,23.286992669615646,8.95303303810361,7.052245625546518,0.0,39.292271333265774,37.93895945999391,37.93895945999391,100.0,100.00000000000001,100.0
"Stratton, Hunter",2024,38.51063829787234,29.574468085106382,57.446808510638306,10.212765957446807,,,25.391238995183322,6.130401932494589,7.662399673632033,0.0,39.184040601309945,20.948616600790515,20.948616600790515,75.0,66.42971887550202,75.0
"Cannon, Jonathan",2024,28.510638297872344,59.787234042553195,58.723404255319146,20.638297872340424,,,18.797933841737933,12.393114698064602,7.832675221934965,0.0,39.0237237617375,33.65386003786979,33.65386003786979,100.0,97.30047912388775,100.0
"Sewald, Paul",2024,24.04255319148936,99.36170212765958,15.74468085106383,72.5531914893617,,,15.85198898594318,20.59638634874082,2.1000650957361864,0.0,38.548440430420186,31.27147766323024,31.27147766323024,50.0,93.22720000000001,50.0
"Morgan, Eli",2024,26.170212765957444,78.51063829787233,37.12765957446808,52.12765957446809,,,17.254819869654963,16.274232468277003,4.952180529810331,0.0,38.48123286774229,22.48062015503876,22.48062015503876,75.0,83.26946386946386,75.0
"Criswell, Cooper",2024,34.04255319148936,73.61702127659574,3.404255319148936,76.38297872340426,,,22.445294139388572,15.259849414698762,0.4540681288078241,0.0,38.15921168289516,34.63434374597721,34.63434374597721,100.0,98.47870692992643,100.0
"Barnes, Jacob",2024,32.5531914893617,65.1063829787234,21.70212765957447,27.659574468085108,,,21.46331252079032,13.495704973693126,2.8946843211498785,0.0,37.85370181563333,37.80588690292437,37.80588690292437,50.0,100.0,50.0
"Anderson, Tyler",2024,51.276595744680854,12.978723404255318,5.319148936170213,15.53191489361702,,,33.80822429745404,2.6903202725335964,0.7094814512622251,0.0,37.208026021249864,52.93541056765303,52.93541056765303,75.0,96.30333218825146,75.0
"Fairbanks, Pete",2024,40.638297872340424,7.872340425531915,63.40425531914894,79.25531914893617,,,26.794069878895108,1.6318336079302145,8.457018899045723,0.0,36.88292238587105,26.52927267709429,26.52927267709429,50.0,100.0,50.0
"Sears, JP",2024,28.723404255319153,66.80851063829788,30.0,22.76595744680851,,,18.93821693010911,13.848533861894254,4.001475385118949,0.0,36.78822617712231,45.516238639379736,45.516238639379736,100.0,98.33051543970882,100.0
"Freeland, Kyle",2024,25.53191489361702,94.8936170212766,1.9148936170212765,2.7659574468085104,,,16.83397060454143,19.670210517212855,0.255413322454401,0.0,36.75959444420869,33.30131738552668,33.30131738552668,100.0,96.35123421895611,100.0
"Valdez, Framber",2024,29.574468085106382,41.48936170212766,64.68085106382979,66.38297872340425,,,19.499349283593823,8.600204149902481,8.627294447348659,0.0,36.726847880844964,51.79812633607825,51.79812633607825,75.0,97.27664910960621,75.0
"Megill, Tylor",2024,24.25531914893617,36.59574468085106,98.08510638297872,70.63829787234043,,,15.992272074314359,7.58582109632424,13.08283796127543,0.0,36.660931131914026,36.70886075949368,36.70886075949368,100.0,73.37145723601706,100.0
"Quantrill, Cal",2024,33.191489361702125,22.340425531914892,75.74468085106383,5.74468085106383,,,21.884161785903856,4.630879157639797,10.103015865974086,0.0,36.61805680951774,38.03351627759501,38.03351627759501,100.0,98.2190077401345,100.0
"Verlander, Justin",2024,15.319148936170212,77.6595744680851,78.08510638297872,96.80851063829788,,,10.100382362724858,16.097818024176437,10.415187704529465,0.0,36.613388091430764,42.41808565531476,42.41808565531476,100.0,95.26827207435572,100.0
"Soriano, José",2024,17.872340425531917,57.87234042553191,94.46808510638299,35.1063829787234,,,11.783779423179002,11.996182198838333,12.60039057441712,0.0,36.38035219643446,44.48703810674088,44.48703810674088,100.0,90.01651305683565,100.0
"Hanifee, Brenan",2024,33.829787234042556,45.95744680851064,32.5531914893617,22.340425531914892,,,22.305011051017395,9.526379981430441,4.342026481724818,0.0,36.173417514172655,23.954372623574145,23.954372623574145,75.0,63.6774441878368,75.0
"Gore, MacKenzie",2024,32.97872340425532,14.680851063829786,84.25531914893617,54.25531914893617,,,21.74387869753268,3.0431491607347243,11.238186187993646,0.0,36.02521404626105,51.4997032462313,51.4997032462313,100.0,99.27766439909298,100.0
"Finnegan, Kyle",2024,19.78723404255319,63.191489361702125,73.61702127659574,24.680851063829788,,,13.046327218519608,13.098772474466857,9.819223285469194,0.0,35.964322978455655,37.518028642390625,37.518028642390625,75.0,94.3923773820681,75.0
"Montero, Keider",2024,21.914893617021278,45.1063829787234,90.2127659574468,75.31914893617021,,,14.449158102231396,9.349965537329878,12.032805413407338,0.0,35.83192905296861,38.288437460935356,38.288437460935356,100.0,85.60479964773228,100.0
"Irvin, Cole",2024,21.06382978723404,76.59574468085107,45.31914893617021,22.02127659574468,,,13.88802574874668,15.877299969050737,6.044781964754158,0.0,35.810107682551575,30.475021018629143,30.475021018629143,100.0,90.28145632899454,100.0
"Harrison, Kyle",2024,23.617021276595747,78.08510638297872,30.21276595744681,64.68085106382979,,,15.571422809200824,16.186025246226723,4.029854643169439,0.0,35.78730269859698,47.67260401793201,47.67260401793201,75.0,100.0,75.0
"Richards, Trevor",2024,45.1063829787234,4.25531914893617,37.87234042553192,68.51063829787233,,,29.740014734689858,0.8820722205028186,5.051507932987043,0.0,35.67359488817972,35.14554939724708,35.14554939724708,50.0,100.0,50.0
"Scherzer, Max",2024,18.72340425531915,58.29787234042553,83.40425531914893,97.23404255319149,,,12.344911776663716,12.084389420888614,11.12466915579169,0.0,35.55397035334402,22.779922779922774,22.779922779922774,100.0,66.73820879703233,100.0
"Wentz, Joey",2024,32.340425531914896,23.829787234042556,69.14893617021278,59.57446808510638,,,21.323029432419148,4.939604434815785,9.223258866408928,0.0,35.48589273364386,31.007327575826327,31.007327575826327,100.0,89.46925834022609,100.0
"Gray, Jon",2024,25.744680851063826,79.36170212765957,14.255319148936172,13.404255319148936,,,16.974253692912605,16.450646912377568,1.9014102893827636,0.0,35.32631089467294,46.59373256589242,46.59373256589242,75.0,92.18127572016462,75.0
"Cecconi, Slade",2024,11.27659574468085,71.91489361702128,97.02127659574468,87.87234042553192,,,7.4350036836724644,14.907020526497636,12.940941671022987,0.0,35.28296588119309,38.417738023147685,38.417738023147685,100.0,88.66614826334889,100.0
"Webb, Logan",2024,24.46808510638298,88.29787234042553,6.0638297872340425,67.87234042553192,,,16.132555162685538,18.302998575433488,0.8088088544389367,0.0,35.24436259255796,54.62127198439495,54.62127198439495,100.0,95.83666666666667,100.0
"Megill, Trevor",2024,22.97872340425532,53.191489361702125,66.59574468085107,80.85106382978722,,,15.150573544087287,11.025902756285232,8.882707769803059,0.0,35.059184070175576,38.2716049382716,38.2716049382716,50.0,90.65947242206235,50.0
"Staumont, Josh",2024,44.8936170212766,5.319148936170213,32.12765957446809,75.53191489361703,,,29.59973164631868,1.1025902756285233,4.285267965623841,0.0,34.98758988757104,22.17898832684825,22.17898832684825,50.0,71.44561403508771,50.0
"Contreras, Roansy",2024,23.19148936170213,35.1063829787234,92.97872340425532,69.36170212765957,,,15.290856632458466,7.277095819148253,12.401735768063695,0.0,34.96968821967042,28.519115575153457,28.519115575153457,100.0,71.87101860611796,100.0
"Lively, Ben",2024,22.76595744680851,86.38297872340426,15.319148936170212,32.340425531914896,,,15.010290455716108,17.90606607620722,2.043306579635208,0.0,34.959663111558534,36.4554922808385,36.4554922808385,100.0,92.10521262002743,100.0
"Baz, Shane",2024,17.02127659574468,67.87234042553192,71.27659574468085,92.12765957446808,,,11.222647069694286,14.069051917019959,9.507051446913817,0.0,34.79875043362806,31.297061997371962,31.297061997371962,100.0,87.29519071310118,100.0
"Ureña, José",2024,12.978723404255318,91.48936170212765,53.404255319148945,0.2127659574468085,,,8.557268390641893,18.9645527408106,7.123193770672741,0.0,34.64501490212523,42.42392864142574,42.42392864142574,100.0,96.35190449118818,100.0
"Scott, Christian",2024,20.425531914893615,74.46808510638297,41.27659574468085,45.1063829787234,,,13.467176483633143,15.436263858799325,5.505576061794867,0.0,34.40901640422734,31.74061433447099,31.74061433447099,100.0,73.35414012738855,100.0
"Gausman, Kevin",2024,12.76595744680851,99.14893617021276,39.148936170212764,7.446808510638298,,,8.416985302270716,20.552282737715675,5.221783481289977,0.0,34.191051521276364,59.07864229277183,59.07864229277183,100.0,95.82298930729894,100.0
"Brown, Ben",2024,35.53191489361702,18.72340425531915,50.42553191489362,76.06382978723404,,,23.427275757986823,3.881117770212402,6.725884157965894,0.0,34.03427768616512,31.95476033533346,31.95476033533346,50.0,100.0,50.0
"Meyer, Max",2024,42.765957446808514,17.23404255319149,14.042553191489363,33.40425531914894,,,28.196900762606898,3.5723924930364155,1.8730310313322744,0.0,33.64232428697559,31.649215083492383,31.649215083492383,75.0,92.28275377590447,75.0
"Keller, Brad",2024,31.27659574468085,50.638297872340424,16.170212765957448,42.765957446808514,,,20.62161399056325,10.496659423983541,2.1568236118371646,0.0,33.27509702638395,25.46658639373871,25.46658639373871,75.0,82.76954732510288,75.0
"Knack, Landon",2024,24.680851063829788,40.85106382978723,61.06382978723405,88.29787234042553,,,16.272838251056715,8.467893316827059,8.144847060490346,0.0,32.88557862837412,32.181313186244736,32.181313186244736,100.0,85.9415401911186,100.0
"Hernández, Carlos",2024,13.617021276595745,52.12765957446809,97.44680851063829,23.617021276595747,,,8.97811765575543,10.80538470115953,12.997700187123963,0.0,32.78120254403892,20.634920634920636,20.634920634920636,100.0,64.35559921414539,100.0
"Jarvis, Bryce",2024,29.78723404255319,25.744680851063826,57.02127659574469,8.936170212765958,,,19.639632371965,5.336536934042052,7.605641157531054,0.0,32.581810463538105,25.46484509515595,25.46484509515595,100.0,72.99933266599932,100.0
"Estes, Joey",2024,9.574468085106384,94.46808510638299,49.787234042553195,71.48936170212767,,,6.312738976703037,19.582003295162576,6.640746383814427,0.0,32.53548865568004,43.70166328649877,43.70166328649877,100.0,93.12137771154164,100.0
"Pearson, Nate",2024,23.829787234042556,24.680851063829788,87.55319148936171,87.2340425531915,,,15.711705897572003,5.116018878916348,11.678064687776226,0.0,32.50578946426458,34.314547523507215,34.314547523507215,75.0,92.95163907822135,75.0
"Manning, Matt",2024,27.23404255319149,48.723404255319146,31.27659574468085,34.8936170212766,,,17.95623531151086,10.099726924757274,4.171750933421884,0.0,32.22771316969002,19.67871485943775,19.67871485943775,50.0,61.675951717734456,50.0
"Suter, Brent",2024,30.638297872340424,57.02127659574469,1.0638297872340425,5.957446808510639,,,20.200764725449716,11.819767754737772,0.14189629025244502,0.0,32.16242877043993,33.993399339933994,33.993399339933994,100.0,79.80640898579452,100.0
"Daniel, Davis",2024,28.297872340425535,57.659574468085104,10.425531914893616,35.319148936170215,,,18.657650753366752,11.952078587813192,1.3905836444739612,0.0,32.000312985653906,20.318725099601597,20.318725099601597,75.0,60.29046563192904,75.0
"Lambert, Peter",2024,31.06382978723404,11.27659574468085,68.19148936170212,76.91489361702128,,,20.481330902192074,2.3374913843324694,9.095552205181725,0.0,31.91437449170627,27.253145133875215,27.253145133875215,100.0,82.10661128418138,100.0
"Peralta, Wandy",2024,31.70212765957447,40.638297872340424,18.085106382978726,10.638297872340425,,,20.90218016730561,8.423789705801918,2.412236934291566,0.0,31.73820680739909,23.07973477151065,23.07973477151065,75.0,77.6095571095571,75.0
"Povich, Cade",2024,16.595744680851062,55.53191489361702,68.72340425531915,62.23404255319149,,,10.942080892951928,11.511042477561784,9.166500350307949,0.0,31.61962372082166,29.157373518463793,29.157373518463793,100.0,73.69210463162946,100.0
"Boyle, Joe",2024,36.59574468085106,0.2127659574468085,55.319148936170215,63.191489361702125,,,24.128691199842716,0.04410361102514093,7.378607093127141,0.0,31.551401903994996,28.804372614902768,28.804372614902768,50.0,100.0,50.0
"Floro, Dylan",2024,21.70212765957447,80.85106382978722,0.2127659574468085,2.127659574468085,,,14.308875013860217,16.759372189553552,0.028379258050489006,0.0,31.096626461464258,32.427372755399176,32.427372755399176,100.0,83.86051080550098,100.0
"Montas, Frankie",2024,25.319148936170212,37.4468085106383,48.723404255319146,7.659574468085106,,,16.69368751617025,7.762235540424804,6.498850093561981,0.0,30.954773150157035,40.76595619419672,40.76595619419672,100.0,94.66778066592401,100.0
"Chargois, JT",2024,36.38297872340426,10.0,35.95744680851064,66.06382978723404,,,23.98840811147154,2.072869718181624,4.796094610532642,0.0,30.857372440185806,22.631348095627832,22.631348095627832,50.0,83.59036144578313,50.0
"Bivens, Spencer",2024,14.042553191489363,61.48936170212767,66.17021276595744,24.46808510638298,,,9.258683832497788,12.745943586265732,8.82594925370208,0.0,30.830576672465597,28.57142857142857,28.57142857142857,100.0,73.09082526509913,100.0
"Wicks, Jordan",2024,7.446808510638298,91.27659574468086,50.212765957446805,59.148936170212764,,,4.90990809299125,18.920449129785464,6.697504899915405,0.0,30.527862122692117,29.07801418439716,29.07801418439716,100.0,73.84922575387124,100.0
"Lynn, Lance",2024,27.659574468085108,39.787234042553195,24.361702127659573,14.042553191489363,,,18.236801488253217,8.247375261701356,3.2494250467809906,0.0,29.733601796735563,40.46827575824538,40.46827575824538,100.0,92.71617817519457,100.0
"Kerr, Ray",2024,21.48936170212766,37.659574468085104,57.659574468085104,60.42553191489362,,,14.168591925489038,7.8063391514499445,7.69077893168252,0.0,29.665710008621502,20.318725099601597,20.318725099601597,50.0,58.36380952380952,50.0
"Howard, Spencer",2024,5.319148936170213,88.08510638297872,58.93617021276596,28.510638297872344,,,3.5070772092794646,18.258894964408345,7.861054479985454,0.0,29.627026653673266,23.954372623574145,23.954372623574145,75.0,67.72133333333332,75.0
"Montgomery, Jordan",2024,22.340425531914892,52.34042553191489,28.723404255319153,25.53191489361702,,,14.72972427897375,10.849488312184668,3.8311998368160163,0.0,29.410412427974432,37.61095416289562,37.61095416289562,100.0,100.0,100.0
"Myers, Tobias",2024,31.914893617021278,18.29787234042553,31.48936170212766,10.0,,,21.04246325567679,3.79291054816212,4.200130191472373,0.0,29.03550399531128,44.26284300582791,44.26284300582791,100.0,95.29123440084199,100.0
"Rogers, Trevor",2024,18.93617021276596,76.80851063829788,4.468085106382979,26.80851063829787,,,12.485194865034895,15.921403580075877,0.5959644190602692,0.0,29.002562864171043,38.12624540104635,38.12624540104635,100.0,100.0,100.0
"Ferrer, José A.",2024,6.382978723404255,73.82978723404256,71.06382978723404,5.319148936170213,,,4.208492651135358,15.303953025723905,9.478672188863328,0.0,28.99111786572259,23.66412213740458,23.66412213740458,75.0,64.19703703703703,75.0
"Pérez, Martín",2024,26.595744680851062,45.53191489361702,14.468085106382977,18.29787234042553,,,17.53538604639732,9.43817275938016,1.9297895474332523,0.0,28.90334835321073,38.76636212510558,38.76636212510558,100.0,96.96509272245598,100.0
"Vásquez, Randy",2024,14.893617021276595,58.51063829787234,52.12765957446809,44.04255319148936,,,9.8198161859825,12.128493031913756,6.9529182223698065,0.0,28.901227440266062,26.260443084116822,26.260443084116822,100.0,86.81591448931118,100.0
"García, Luis",2024,5.74468085106383,58.723404255319146,95.74468085106383,27.4468085106383,,,3.7876433860218217,12.172596642938897,12.770666122720053,0.0,28.73090615168077,37.30407523510972,37.30407523510972,100.0,75.89783653846153,100.0
"Little, Brendon",2024,36.17021276595745,10.212765957446807,19.78723404255319,59.89361702127659,,,23.848125023100362,2.1169733292067647,2.639270998695477,0.0,28.604369351002603,27.780665025838147,27.780665025838147,75.0,83.34530651340997,75.0
"Hill, Tim",2024,12.553191489361701,92.34042553191489,8.72340425531915,19.46808510638298,,,8.276702213899537,19.140967184911165,1.1635495800700493,0.0,28.581218978880752,45.276497695852534,45.276497695852534,50.0,94.48884870403857,50.0
"Canning, Griffin",2024,26.382978723404253,21.27659574468085,49.57446808510638,92.97872340425532,,,17.395102958026143,4.410361102514093,6.612367125763938,0.0,28.417831186304177,49.38219780695265,49.38219780695265,100.0,100.0,100.0
"Spence, Mitch",2024,29.148936170212764,34.04255319148936,15.53191489361702,67.02127659574468,,,19.218783106851465,7.056577764022549,2.0716858376856973,0.0,28.34704670855971,43.482012783885146,43.482012783885146,100.0,99.51515151515152,100.0
"Gordon, Tanner",2024,14.680851063829786,83.82978723404256,7.234042553191489,13.617021276595745,,,9.679533097611321,17.376822743905528,0.9648947737166261,0.0,28.021250615233473,25.0936329588015,25.0936329588015,75.0,74.88505747126437,75.0
"Hurter, Brant",2024,11.48936170212766,87.2340425531915,15.106382978723405,11.063829787234042,,,7.575286772043643,18.082480520307787,2.0149273215847194,0.0,27.672694613936148,33.5548172757475,33.5548172757475,75.0,82.7141458639256,75.0
"Latz, Jacob",2024,15.53191489361702,50.851063829787236,51.48936170212765,60.21276595744681,,,10.240665451096037,10.540763035008684,6.867780448218339,0.0,27.649208934323063,28.05755395683453,28.05755395683453,75.0,81.62780656303974,75.0
"Abbott, Andrew",2024,29.361702127659573,19.78723404255319,29.361702127659573,63.40425531914894,,,19.359066195222642,4.101635825338107,3.9163376109674823,0.0,27.37703963152823,47.22143512606757,47.22143512606757,100.0,98.84020618556701,100.0
"Pagán, Emilio",2024,13.404255319148936,61.702127659574465,42.340425531914896,32.76595744680851,,,8.83783456738425,12.79004719729087,5.647472352047313,0.0,27.275354116722433,28.31541218637993,28.31541218637993,75.0,76.8645306351883,75.0
"Walker, Taijuan",2024,14.255319148936172,44.25531914893617,64.46808510638297,52.97872340425533,,,9.398966920868967,9.173551093229314,8.598915189298168,0.0,27.171433203396447,28.61584040411925,28.61584040411925,100.0,80.1791962174941,100.0
"Thompson, Ryan",2024,7.234042553191489,79.7872340425532,43.19148936170213,85.1063829787234,,,4.769625004620071,16.53885413442785,5.760989384249268,0.0,27.06946852329719,46.09164420485176,46.09164420485176,75.0,89.01467076083249,75.0
"Nastrini, Nick",2024,25.106382978723403,4.468085106382979,69.36170212765957,71.91489361702128,,,16.553404427799073,0.9261758315279597,9.251638124459415,0.0,26.731218383786448,21.54907161803714,21.54907161803714,100.0,81.65712988192553,100.0
"Moore, Matt",2024,25.957446808510635,31.48936170212766,22.5531914893617,89.25531914893618,,,17.114536781283785,6.527334431720858,3.0082013533518346,0.0,26.650072566356478,26.226429269025616,26.226429269025616,75.0,88.06643081761005,75.0
"Alvarado, José",2024,22.127659574468083,35.53191489361702,33.61702127659574,41.27659574468085,,,14.589441190602571,7.365303041198536,4.483922771977262,0.0,26.43866700377837,35.8442975464252,35.8442975464252,50.0,100.0,50.0
"Paxton, James",2024,2.127659574468085,92.76595744680851,42.12765957446808,2.3404255319148937,,,1.4028308837117858,19.229174406961448,5.619093093996823,0.0,26.25109838467006,45.61133171150367,45.61133171150367,100.0,89.4724824355972,100.0
"Rodriguez, Eduardo",2024,19.361702127659576,63.40425531914894,2.553191489361702,0.425531914893617,,,12.765761041777253,13.142876085491999,0.340551096605868,0.0,26.24918822387512,25.0936329588015,25.0936329588015,100.0,71.46150885296383,100.0
"Mazur, Adam",2024,4.8936170212765955,62.12765957446808,74.68085106382979,65.53191489361701,,,3.226511032537107,12.878254419341152,9.961119575721641,0.0,26.065885027599897,22.48062015503876,22.48062015503876,100.0,59.9245395127748,100.0
"Stroman, Marcus",2024,19.148936170212767,64.25531914893618,0.6382978723404255,7.234042553191489,,,12.625477953406074,13.319290529592564,0.085137774151467,0.0,26.029906257150106,38.42998673935069,38.42998673935069,100.0,95.62501568184669,100.0
"Lorenzen, Michael",2024,22.5531914893617,22.127659574468083,46.808510638297875,55.74468085106383,,,14.870007367344929,4.586775546614657,6.243436771107581,0.0,25.700219685067168,33.99501166541453,33.99501166541453,100.0,86.84872636349431,100.0
"Pallante, Andre",2024,15.957446808510639,15.319148936170212,89.14893617021276,51.70212765957447,,,10.521231627838395,3.175459993810147,11.890909123154893,0.0,25.587600744803435,38.449687216564065,38.449687216564065,100.0,97.64495001723543,100.0
"Pop, Zach",2024,16.170212765957448,37.87234042553192,52.34042553191489,47.65957446808511,,,10.661514716209574,7.850442762475087,6.981297480420294,0.0,25.493254959104956,40.82840236686391,40.82840236686391,75.0,82.03963963963963,75.0
"Miller, Shelby",2024,27.4468085106383,30.21276595744681,8.085106382978724,37.02127659574468,,,18.096518399882036,6.262712765570012,1.0784118059185823,0.0,25.43764297137063,33.77483443708609,33.77483443708609,75.0,82.63725490196077,75.0
"Nicolas, Kyle",2024,20.638297872340424,8.297872340425531,74.46808510638297,76.59574468085107,,,13.607459572004322,1.7200408299804963,9.93274031767115,0.0,25.260240719655968,30.869269683535546,30.869269683535546,75.0,87.05438596491229,75.0
"Hancock, Emerson",2024,13.829787234042554,62.34042553191489,24.04255319148936,6.382978723404255,,,9.118400744126609,12.922358030366292,3.2068561597052576,0.0,25.247614934198157,25.246775798772532,25.246775798772532,100.0,81.67028627838106,100.0
"Parker, Mitchell",2024,23.404255319148938,29.78723404255319,26.382978723404253,36.80851063829787,,,15.431139720829645,6.1745055435197305,3.5190279982606363,0.0,25.124673262610013,46.59600282618648,46.59600282618648,100.0,97.9057127010538,100.0
"Rea, Colin",2024,18.29787234042553,46.170212765957444,23.829787234042556,17.23404255319149,,,12.064345599921358,9.570483592455583,3.178476901654769,0.0,24.81330609403171,37.67420481026127,37.67420481026127,100.0,95.00655136268345,100.0
"Harris, Hogan",2024,1.0638297872340425,52.76595744680851,95.1063829787234,99.36170212765958,,,0.7014154418558929,10.937695534234951,12.685528348568585,0.0,24.32463932465943,39.02439024390244,39.02439024390244,100.0,82.54755996691479,100.0
"Gomber, Austin",2024,16.80851063829787,54.25531914893617,11.48936170212766,57.446808510638306,,,11.082363981323107,11.246420811410937,1.5324799347264062,0.0,23.86126472746045,44.901886109516354,44.901886109516354,100.0,100.0,100.0
"Hall, DL",2024,11.702127659574469,42.340425531914896,54.25531914893617,82.97872340425532,,,7.715569860414822,8.776618594003047,7.236710802874696,0.0,23.728899257292568,25.925925925925924,25.925925925925924,100.0,70.79768270944741,100.0
"López, Jorge",2024,10.425531914893616,32.340425531914896,75.31914893617021,66.80851063829788,,,6.87387133018775,6.7037488758214225,10.046257349873107,0.0,23.62387755588228,23.07692307692308,23.07692307692308,100.0,63.639235245220284,100.0
"Kolek, Stephen",2024,3.1914893617021276,54.46808510638298,72.97872340425532,37.87234042553192,,,2.104246325567679,11.290524422436079,9.734085511317728,0.0,23.128856259321488,25.37313432835821,25.37313432835821,100.0,61.2797619047619,100.0
"Curry, Xzavion",2024,14.468085106382977,17.659574468085108,72.23404255319149,78.72340425531915,,,9.539250009240142,3.660599715086698,9.634758108141016,0.0,22.834607832467853,24.133912291584426,24.133912291584426,75.0,80.49252136752136,75.0
"Weems, Jordan",2024,20.0,21.70212765957447,38.51063829787234,71.70212765957447,,,13.186610306890787,4.498568324564375,5.13664570713851,0.0,22.82182433859367,28.757453386975698,28.757453386975698,50.0,94.6892975011787,50.0
"Medina, Luis",2024,12.127659574468085,11.914893617021278,91.48936170212765,67.65957446808511,,,7.9961360371571795,2.4698022174078926,12.20308096171027,0.0,22.669019216275345,23.954372623574145,23.954372623574145,100.0,66.25833333333334,100.0
"Honeywell, Brent",2024,1.702127659574468,59.57446808510638,68.93617021276596,67.4468085106383,,,1.1222647069694287,12.349011087039461,9.194879608358438,0.0,22.666155402367327,29.07801418439716,29.07801418439716,75.0,79.98168498168499,75.0
"Faucher, Calvin",2024,21.27659574468085,2.3404255319148937,60.0,85.31914893617021,,,14.028308837117859,0.48513972127655025,8.002950770237899,0.0,22.516399328632307,30.313588850174217,30.313588850174217,100.0,88.58932792975347,100.0
"Winckowski, Josh",2024,16.382978723404253,28.510638297872344,41.91489361702128,8.297872340425531,,,10.80179780458075,5.909883877368886,5.590713835946334,0.0,22.30239551789597,31.22614899618384,31.22614899618384,100.0,83.81929681112021,100.0
"Vieira, Thyago",2024,20.212765957446805,1.276595744680851,61.702127659574465,17.4468085106383,,,13.326893395261964,0.2646216661508456,8.229984834641812,0.0,21.821499896054622,20.634920634920636,20.634920634920636,75.0,85.47606019151846,75.0
"Priester, Quinn",2024,2.9787234042553195,68.51063829787233,41.702127659574465,26.063829787234045,,,1.9639632371965003,14.20136275009538,5.562334577895845,0.0,21.727660565187726,24.24242424242424,24.24242424242424,100.0,55.2382271468144,100.0
"Ramírez, Yohan",2024,15.74468085106383,6.808510638297872,72.5531914893617,99.14893617021276,,,10.380948539467216,1.4113155528045098,9.677326995216749,0.0,21.469591087488475,24.24242424242424,24.24242424242424,100.0,73.76128472222223,100.0
"Tate, Dillon",2024,10.0,42.97872340425532,41.48936170212766,18.085106382978726,,,6.593305153445393,8.90892942707847,5.533955319845356,0.0,21.036189900369216,29.328621908127207,29.328621908127207,75.0,78.04269005847954,75.0
"Assad, Javier",2024,17.23404255319149,15.74468085106383,43.40425531914894,91.06382978723404,,,11.362930158065465,3.263667215860429,5.789368642299757,0.0,20.41596601622565,38.017996238913156,38.017996238913156,100.0,94.71062124248498,100.0
"Wilson, Bryse",2024,9.148936170212766,34.25531914893617,54.04255319148936,69.14893617021278,,,6.032172799960679,7.10068137504769,7.208331544824207,0.0,20.341185719832577,35.55593779733222,35.55593779733222,100.0,90.7301683911544,100.0
"Leiter, Jack",2024,1.9148936170212765,38.51063829787234,82.12765957446808,68.72340425531915,,,1.2625477953406072,7.982753595550509,10.954393607488756,0.0,20.199694998379872,28.05755395683453,28.05755395683453,75.0,79.67533875338752,75.0
"Henry, Tommy",2024,13.191489361702127,49.57446808510638,8.936170212765958,57.659574468085104,,,8.697551479013072,10.276141368857838,1.1919288381205384,0.0,20.165621685991447,20.0,20.0,100.0,55.90840415486308,100.0
"Cantillo, Joey",2024,15.106382978723405,7.021276595744681,64.8936170212766,94.46808510638299,,,9.960099274353679,1.455419163829651,8.655673705399147,0.0,20.07119214358248,23.07692307692308,23.07692307692308,100.0,75.46157224418094,100.0
"Allen, Logan",2024,17.659574468085108,28.723404255319153,17.872340425531917,14.680851063829786,,,11.643496334807823,5.953987488394027,2.383857676241077,0.0,19.981341499442927,33.92369364102066,33.92369364102066,100.0,95.379186228482,100.0
"Díaz, Yilber",2024,3.404255319148936,28.936170212765955,85.53191489361703,74.25531914893617,,,2.2445294139388574,5.998091099419167,11.40846173629658,0.0,19.651082249654603,25.37313432835821,25.37313432835821,75.0,67.70663811563169,75.0
"Elder, Bryce",2024,4.680851063829787,78.72340425531915,1.702127659574468,4.468085106382979,,,3.086227944165929,16.318336079302146,0.22703406440391205,0.0,19.63159808787199,30.55555555555556,30.55555555555556,100.0,80.77056778679027,100.0
"Cortes, Nestor",2024,11.063829787234042,30.0,44.8936170212766,84.25531914893617,,,7.2947205953012855,6.218609154544872,5.9880234486531805,0.0,19.501353198499338,47.01194395933691,47.01194395933691,100.0,99.15311459819306,100.0
"Leahy, Kyle",2024,3.6170212765957444,51.06382978723404,48.29787234042553,53.404255319148945,,,2.3848125023100355,10.584866646033824,6.442091577461004,0.0,19.411770725804864,23.371647509578544,23.371647509578544,100.0,70.70199692780338,100.0
"Miller, Bobby",2024,1.4893617021276597,22.76595744680851,100.0,79.7872340425532,,,0.9819816185982502,4.71908637969008,13.338251283729832,0.0,19.039319282018162,30.79584775086505,30.79584775086505,100.0,74.20892687559355,100.0
"Blach, Ty",2024,2.3404255319148937,82.5531914893617,1.4893617021276597,4.8936170212765955,,,1.5431139720829645,17.11220107775468,0.19865480635342306,0.0,18.853969856191068,36.54251824186464,36.54251824186464,100.0,85.16769638128861,100.0
"Hicks, Jordan",2024,9.361702127659575,6.170212765957447,85.1063829787234,54.680851063829785,,,6.172455888331858,1.279004719729087,11.351703220195601,0.0,18.803163828256544,41.519686414247666,41.519686414247666,100.0,96.51430030643515,100.0
"Flexen, Chris",2024,8.51063829787234,6.382978723404255,84.04255319148936,97.87234042553192,,,5.611323534847143,1.323108330754228,11.209806929943158,0.0,18.144238795544528,44.49471040863304,44.49471040863304,100.0,97.70385126162019,100.0
"Vodnik, Victor",2024,8.297872340425531,7.446808510638298,82.87234042553192,51.91489361702127,,,5.471040446475964,1.5436263858799326,11.053721010665468,0.0,18.068387843021362,38.789024661600834,38.789024661600834,75.0,93.37619768028239,75.0
"Muñoz, Roddery",2024,17.4468085106383,0.851063829787234,45.53191489361702,9.361702127659575,,,11.503213246436644,0.17641444410056373,6.0731612228046465,0.0,17.752788913341853,25.870019106696198,25.870019106696198,100.0,94.98181818181817,100.0
"Houser, Adrian",2024,2.7659574468085104,36.17021276595745,62.97872340425532,74.68085106382979,,,1.8236801488253214,7.497613874273959,8.400260382944746,0.0,17.721554406044028,36.30573248407643,36.30573248407643,100.0,75.37754199823165,100.0
"Foley, Jason",2024,7.872340425531915,24.46808510638298,54.8936170212766,25.106382978723403,,,5.190474269733608,5.071915267891208,7.321848577026164,0.0,17.58423811465098,33.65639783085266,33.65639783085266,75.0,92.80679648720886,75.0
"Kochanowicz, Jack",2024,0.2127659574468085,52.97872340425533,48.08510638297872,64.46808510638297,,,0.1402830883711786,10.981799145260094,6.413712319410515,0.0,17.53579455304179,44.90358126721763,44.90358126721763,50.0,89.42589857213196,50.0
"McCaughan, Darren",2024,18.085106382978726,23.19148936170213,0.425531914893617,19.78723404255319,,,11.924062511550181,4.807293601740362,0.05675851610097801,0.0,16.788114629391522,21.23340385241823,21.23340385241823,100.0,69.85434173669466,100.0
"Blalock, Bradley",2024,6.595744680851063,20.0,61.91489361702127,52.55319148936171,,,4.348775739506536,4.145739436363248,8.2583640926923,0.0,16.752879268562083,21.25984251968504,21.25984251968504,100.0,59.30245746691871,100.0
"Corbin, Patrick",2024,9.787234042553191,39.57446808510638,11.702127659574469,3.829787234042553,,,6.453022065074214,8.203271650676214,1.5608591927768953,0.0,16.217152908527325,51.754666802371254,51.754666802371254,100.0,93.72293471981514,100.0
"Molina, Anthony",2024,1.276595744680851,32.97872340425532,58.29787234042553,18.93617021276596,,,0.8416985302270714,6.836059708896845,7.775916705833986,0.0,15.453674944957903,33.5548172757475,33.5548172757475,100.0,84.14818386370942,100.0
"Stratton, Chris",2024,7.659574468085106,34.680851063829785,22.340425531914892,71.06382978723404,,,5.050191181362429,7.1888885970979715,2.9798220953013455,0.0,15.218901873761746,24.81203007518797,24.81203007518797,100.0,74.43895055499496,100.0
"Beeks, Jalen",2024,10.851063829787234,18.085106382978726,31.06382978723404,26.595744680851062,,,7.154437506930108,3.7488069371369797,4.1433716753713945,0.0,15.046616119438482,40.281259727207605,40.281259727207605,75.0,94.6635407786303,75.0
"Bellozo, Valente",2024,5.106382978723404,44.04255319148936,18.72340425531915,95.74468085106383,,,3.3667941209082857,9.129447482204172,2.4973747084430324,0.0,14.993616311555492,29.414950592342247,29.414950592342247,100.0,77.67187499999999,100.0
"Lawrence, Justin",2024,12.340425531914894,2.9787234042553195,45.744680851063826,78.93617021276596,,,8.136419125528358,0.6174505543519732,6.101540480855135,0.0,14.855410160735467,37.18950732525393,37.18950732525393,50.0,100.0,50.0
"Bird, Jake",2024,2.553191489361702,15.53191489361702,71.48936170212767,73.40425531914893,,,1.6833970604541428,3.219563604835288,9.535430704964307,0.0,14.438391370253738,28.05755395683453,28.05755395683453,75.0,77.2259978425027,75.0
"Alexander, Scott",2024,6.808510638297872,39.361702127659576,11.914893617021278,11.914893617021278,,,4.489058827877715,8.159168039651073,1.5892384508273845,0.0,14.237465318356172,30.79584775086505,30.79584775086505,75.0,77.1849234393404,75.0
"Birdsong, Hayden",2024,0.6382978723404255,7.234042553191489,92.12765957446808,91.91489361702128,,,0.4208492651135357,1.4995227748547917,12.288218735861738,0.0,14.208590775830066,34.42622950819672,34.42622950819672,100.0,88.87157622739018,100.0
"Hoeing, Bryan",2024,0.425531914893617,44.46808510638298,34.25531914893617,20.425531914893615,,,0.2805661767423572,9.217654704254455,4.569060546128729,0.0,14.067281427125543,34.85342019543974,34.85342019543974,75.0,82.26475477971738,75.0
"Oller, Adam",2024,3.829787234042553,22.97872340425532,48.51063829787234,65.31914893617021,,,2.5250955906812145,4.763189990715221,6.4704708355114935,0.0,13.758756416907929,23.954372623574145,23.954372623574145,100.0,66.53314393939394,100.0
"Lynch IV, Daniel",2024,5.957446808510639,43.61702127659575,5.106382978723404,4.25531914893617,,,3.9279264743930007,9.041240260153893,0.681102193211736,0.0,13.65026892775863,23.07692307692308,23.07692307692308,100.0,56.87118644067796,100.0
"Tyler, Kyle",2024,7.021276595744681,27.872340425531917,19.148936170212767,82.23404255319149,,,4.629341916248894,5.7775730442934625,2.5541332245440107,0.0,12.961048185086366,22.48062015503876,22.48062015503876,100.0,61.63986013986015,100.0
"Wood, Alex",2024,4.468085106382979,41.702127659574465,5.531914893617021,68.08510638297872,,,2.9459448557947505,8.644307760927623,0.7378607093127141,0.0,12.328113326035089,25.650557620817843,25.650557620817843,75.0,83.71081677704194,75.0
"Salazar, Eduardo",2024,8.72340425531915,17.872340425531917,20.638297872340424,62.5531914893617,,,5.751606623218322,3.7047033261118387,2.7527880308974333,0.0,12.209097980227593,21.568627450980397,21.568627450980397,50.0,76.42251461988305,50.0
"Woodford, Jake",2024,4.042553191489362,37.234042553191486,13.617021276595745,70.2127659574468,,,2.6653786790523935,7.718131929399663,1.8162725152312964,0.0,12.199783123683353,24.24242424242424,24.24242424242424,75.0,70.87273788674838,75.0
"Dunning, Dane",2024,8.085106382978724,27.23404255319149,1.276595744680851,8.085106382978724,,,5.330757358104787,5.645262211218039,0.170275548302934,0.0,11.14629511762576,34.83224103324664,34.83224103324664,100.0,92.61896061713358,100.0
"McKenzie, Triston",2024,10.212765957446807,0.425531914893617,27.23404255319149,50.42553191489362,,,6.733588241816571,0.08820722205028186,3.632545030462593,0.0,10.454340494329447,37.55394261991361,37.55394261991361,75.0,98.17893660531698,75.0
"Ashcraft, Graham",2024,8.936170212765958,5.106382978723404,24.361702127659573,17.872340425531917,,,5.891889711589501,1.0584866646033824,3.2494250467809906,0.0,10.199801422973874,39.78164099316159,39.78164099316159,75.0,91.4806259314456,75.0
"Ginn, J.T.",2024,4.25531914893617,29.361702127659573,9.148936170212766,9.787234042553191,,,2.8056617674235715,6.086298321469449,1.220308096171027,0.0,10.112268185064048,24.24242424242424,24.24242424242424,75.0,66.41548821548821,75.0
"Mayza, Tim",2024,11.914893617021278,1.702127659574468,13.829787234042554,61.59574468085106,,,7.855852948786001,0.35282888820112746,1.8446517732817853,0.0,10.053333610268915,39.02439024390244,39.02439024390244,50.0,90.46818996415772,50.0
"Hudson, Dakota",2024,5.531914893617021,28.297872340425535,2.7659574468085104,3.6170212765957444,,,3.6473602976506427,5.865780266343744,0.36893035465635704,0.0,9.882070918650744,32.169395446628315,32.169395446628315,100.0,89.17232202262143,100.0
"McGough, Scott",2024,6.170212765957447,17.4468085106383,12.340425531914894,21.06382978723404,,,4.068209562764179,3.616496104061557,1.6459969669283623,0.0,9.330702633754097,21.568627450980397,21.568627450980397,75.0,74.48402652200122,75.0
"Poche, Colin",2024,10.638297872340425,1.4893617021276597,14.893617021276595,40.0,,,7.014154418558929,0.3087252771759866,1.9865480635342303,0.0,9.309427759269147,30.069930069930063,30.069930069930063,50.0,86.51258440761204,50.0
"Rainey, Tanner",2024,0.851063829787234,18.93617021276596,22.76595744680851,70.42553191489361,,,0.5611323534847144,3.9252213812375434,3.0365806114023233,0.0,7.522934346124581,41.17647058823529,41.17647058823529,50.0,96.25629949604033,50.0
