player_name,comp_player_name,season,p_throws,rank,physical_distance
"Abbott, Andrew","Latz, Jacob",2024,L,1,0.42362819282725495
"Abbott, Andrew","Lynch IV, Daniel",2024,L,2,0.42553746079950816
"Abbott, Andrew","Herrin, Tim",2024,L,3,0.4277364555255436
"Abbott, Andrew","Herz, DJ",2024,L,4,0.48391929180606186
"Abbott, Andrew","Paxton, James",2024,L,5,0.5155029618272805
"Abbott, Andrew","Freeland, Kyle",2024,L,6,0.5235551882150361
"Abbott, Andrew","Fried, Max",2024,L,7,0.5442894225664653
"Abbott, Andrew","Holton, Tyler",2024,L,8,0.5710507450600834
"Abbott, Andrew","Bubic, Kris",2024,L,9,0.5947747667209445
"Abbott, Andrew","Parker, Mitchell",2024,L,10,0.6025487851978479
"Akin, Keegan","Cabrera, Génesis",2024,L,1,0.40695969388229286
"Akin, Keegan","Luzardo, Jesús",2024,L,2,0.46867150461930357
"Akin, Keegan","Weathers, Ryan",2024,L,3,0.5607097163559049
"Akin, Keegan","Matsui, Yuki",2024,L,4,0.7357313175079325
"Akin, Keegan","Little, Brendon",2024,L,5,0.8291964355336306
"Akin, Keegan","Pérez, Cionel",2024,L,6,0.9476284953933487
"Akin, Keegan","Ellard, Fraser",2024,L,7,0.9621982401530332
"Akin, Keegan","Banks, Tanner",2024,L,8,0.9632460356372814
"Akin, Keegan","Ray, Robbie",2024,L,9,0.9791887191607347
"Akin, Keegan","Rodón, Carlos",2024,L,10,1.0152482934035563
"Aldegheri, Sam","Young, Alex",2024,L,1,0.5312276156409421
"Aldegheri, Sam","Matsui, Yuki",2024,L,2,0.6709893113038197
"Aldegheri, Sam","Rosenberg, Kenny",2024,L,3,0.7073384062551352
"Aldegheri, Sam","Rogers, Taylor",2024,L,4,0.7821190604529054
"Aldegheri, Sam","Cortes, Nestor",2024,L,5,0.8142457112237512
"Aldegheri, Sam","Keuchel, Dallas",2024,L,6,0.8321919106384921
"Aldegheri, Sam","Luzardo, Jesús",2024,L,7,0.838217228996971
"Aldegheri, Sam","Valdez, Framber",2024,L,8,0.890464734010328
"Aldegheri, Sam","Pennington, Walter",2024,L,9,0.9600379274412324
"Aldegheri, Sam","Pérez, Martín",2024,L,10,0.9633902894753881
"Alexander, Scott","Kerr, Ray",2024,L,1,0.2145055299215137
"Alexander, Scott","Rodriguez, Eduardo",2024,L,2,0.547680165357809
"Alexander, Scott","Suarez, José",2024,L,3,0.6941842147907519
"Alexander, Scott","King, John",2024,L,4,0.7506629968022897
"Alexander, Scott","Wicks, Jordan",2024,L,5,0.8129166937244152
"Alexander, Scott","Long, Sam",2024,L,6,0.820445916673644
"Alexander, Scott","Veneziano, Anthony",2024,L,7,0.8363891101496445
"Alexander, Scott","Matz, Steven",2024,L,8,0.8506832049646001
"Alexander, Scott","Booser, Cam",2024,L,9,0.8646602803610308
"Alexander, Scott","Matsui, Yuki",2024,L,10,0.8825888371681225
"Alexander, Tyler","Horn, Bailey",2024,L,1,0.4504348630481584
"Alexander, Tyler","Allard, Kolby",2024,L,2,0.45511167004195635
"Alexander, Tyler","Boyd, Matthew",2024,L,3,0.592209955150908
"Alexander, Tyler","Allen, Logan",2024,L,4,0.610060904165829
"Alexander, Tyler","Suarez, Ranger",2024,L,5,0.6141201232432708
"Alexander, Tyler","Sammons, Bryan",2024,L,6,0.6887411033638039
"Alexander, Tyler","Gonzales, Marco",2024,L,7,0.8329767777501481
"Alexander, Tyler","Guenther, Sean",2024,L,8,0.8615770244208212
"Alexander, Tyler","Povich, Cade",2024,L,9,0.9345785722759067
"Alexander, Tyler","Springs, Jeffrey",2024,L,10,0.9445976955079642
"Allard, Kolby","Alexander, Tyler",2024,L,1,0.45511167004195635
"Allard, Kolby","Horn, Bailey",2024,L,2,0.5170961390287153
"Allard, Kolby","Boyd, Matthew",2024,L,3,0.6271354939338035
"Allard, Kolby","Allen, Logan",2024,L,4,0.7732682371383462
"Allard, Kolby","Sammons, Bryan",2024,L,5,0.8128163615670017
"Allard, Kolby","Emanuel, Kent",2024,L,6,0.8232878210096827
"Allard, Kolby","Pérez, Martín",2024,L,7,0.9094576349278768
"Allard, Kolby","Guenther, Sean",2024,L,8,0.9587153692980909
"Allard, Kolby","Suarez, Ranger",2024,L,9,0.9817974646877802
"Allard, Kolby","Suarez, José",2024,L,10,0.996399719760637
"Allen, Logan","Sammons, Bryan",2024,L,1,0.21914526929563827
"Allen, Logan","Boyd, Matthew",2024,L,2,0.45011776966338973
"Allen, Logan","Gonzales, Marco",2024,L,3,0.551588151301168
"Allen, Logan","Imanaga, Shota",2024,L,4,0.6027303702945758
"Allen, Logan","Alexander, Tyler",2024,L,5,0.610060904165829
"Allen, Logan","Povich, Cade",2024,L,6,0.6168251704315438
"Allen, Logan","Suarez, Ranger",2024,L,7,0.6724543672712205
"Allen, Logan","Quintana, Jose",2024,L,8,0.6950307251462113
"Allen, Logan","Horn, Bailey",2024,L,9,0.7413725721498149
"Allen, Logan","Allard, Kolby",2024,L,10,0.7732682371383462
"Alvarado, José","Crochet, Garrett",2024,L,1,1.5132162041107113
"Alvarado, José","Burke, Brock",2024,L,2,1.5239837770249298
"Alvarado, José","Chapman, Aroldis",2024,L,3,1.7519448961063118
"Alvarado, José","Mayza, Tim",2024,L,4,1.8970491692617473
"Alvarado, José","Skubal, Tarik",2024,L,5,2.0130373153098198
"Alvarado, José","Miller, Erik",2024,L,6,2.0390498241670967
"Alvarado, José","Wilson, Justin",2024,L,7,2.1760846500853583
"Alvarado, José","Gore, MacKenzie",2024,L,8,2.202540018870117
"Alvarado, José","Liberatore, Matthew",2024,L,9,2.214340059562825
"Alvarado, José","Beeks, Jalen",2024,L,10,2.2145428857266345
"Anderson, Tyler","Smith, Will",2024,L,1,0.26652471400024785
"Anderson, Tyler","Means, John",2024,L,2,0.40745396372175624
"Anderson, Tyler","Kershaw, Clayton",2024,L,3,0.9538579355520082
"Anderson, Tyler","Keuchel, Dallas",2024,L,4,0.9540859798039516
"Anderson, Tyler","Thielbar, Caleb",2024,L,5,0.9780396352307554
"Anderson, Tyler","Irvin, Cole",2024,L,6,0.9919965466572382
"Anderson, Tyler","Lee, Dylan",2024,L,7,1.0996355814907561
"Anderson, Tyler","Smyly, Drew",2024,L,8,1.0999062306911656
"Anderson, Tyler","Rosenberg, Kenny",2024,L,9,1.1945258124696723
"Anderson, Tyler","Springs, Jeffrey",2024,L,10,1.1993601907872842
"Ashby, Aaron","Peralta, Wandy",2024,L,1,1.5430213673462112
"Ashby, Aaron","Little, Brendon",2024,L,2,1.5482823839160738
"Ashby, Aaron","Williamson, Brandon",2024,L,3,1.5703612578996138
"Ashby, Aaron","Luzardo, Jesús",2024,L,4,1.6566913152828997
"Ashby, Aaron","Wrobleski, Justin",2024,L,5,1.6576238757189263
"Ashby, Aaron","Aldegheri, Sam",2024,L,6,1.8258358643781507
"Ashby, Aaron","Valdez, Framber",2024,L,7,1.9419303531346603
"Ashby, Aaron","Akin, Keegan",2024,L,8,1.944960126086116
"Ashby, Aaron","Smyly, Drew",2024,L,9,2.042596025084916
"Ashby, Aaron","Cabrera, Génesis",2024,L,10,2.152859169356997
"Banda, Anthony","Minter, A.J.",2024,L,1,0.6701833895419385
"Banda, Anthony","Scott, Tanner",2024,L,2,0.6950912115662119
"Banda, Anthony","Quijada, José",2024,L,3,0.729576173638697
"Banda, Anthony","Strahm, Matt",2024,L,4,0.7403504076974212
"Banda, Anthony","Morejon, Adrian",2024,L,5,0.8296638587980325
"Banda, Anthony","Koenig, Jared",2024,L,6,0.9137348134789168
"Banda, Anthony","Soto, Gregory",2024,L,7,0.962786206363241
"Banda, Anthony","Ferguson, Caleb",2024,L,8,1.034207194759929
"Banda, Anthony","Diekman, Jake",2024,L,9,1.0377710690406292
"Banda, Anthony","Garcia, Robert",2024,L,10,1.0416469542641609
"Banks, Tanner","Ray, Robbie",2024,L,1,0.6729219901143262
"Banks, Tanner","Matsui, Yuki",2024,L,2,0.7238311485669551
"Banks, Tanner","Hurter, Brant",2024,L,3,0.7801474553513622
"Banks, Tanner","Steele, Justin",2024,L,4,0.7910126622765142
"Banks, Tanner","Rodón, Carlos",2024,L,5,0.7913171552882371
"Banks, Tanner","Detmers, Reid",2024,L,6,0.8052956088149437
"Banks, Tanner","Veneziano, Anthony",2024,L,7,0.8990038111640541
"Banks, Tanner","Ragans, Cole",2024,L,8,0.9456858141260885
"Banks, Tanner","Akin, Keegan",2024,L,9,0.9632460356372814
"Banks, Tanner","Long, Sam",2024,L,10,0.9797644801185712
"Basso, Brady","Lee, Dylan",2024,L,1,0.47814442651665034
"Basso, Brady","Muller, Kyle",2024,L,2,0.6863763186588726
"Basso, Brady","Chafin, Andrew",2024,L,3,0.7306577168182835
"Basso, Brady","Wentz, Joey",2024,L,4,0.8379512958769486
"Basso, Brady","Montgomery, Jordan",2024,L,5,0.9423552840053696
"Basso, Brady","Steele, Justin",2024,L,6,0.9988031087315123
"Basso, Brady","Moore, Matt",2024,L,7,1.0583864104951202
"Basso, Brady","Paxton, James",2024,L,8,1.0806676843706695
"Basso, Brady","Bush, Ky",2024,L,9,1.1689265204695307
"Basso, Brady","Corbin, Patrick",2024,L,10,1.179904295457622
"Beeks, Jalen","Vesia, Alex",2024,L,1,0.5272794522998264
"Beeks, Jalen","Lucas, Easton",2024,L,2,0.7259793858536522
"Beeks, Jalen","Skubal, Tarik",2024,L,3,0.7889951684789616
"Beeks, Jalen","Miller, Erik",2024,L,4,0.8008031760232014
"Beeks, Jalen","Mayza, Tim",2024,L,5,0.8009896964200913
"Beeks, Jalen","Rodriguez, Eduardo",2024,L,6,0.8333403910209599
"Beeks, Jalen","Latz, Jacob",2024,L,7,0.8420555686339342
"Beeks, Jalen","Soto, Gregory",2024,L,8,0.9347217694354576
"Beeks, Jalen","Matz, Steven",2024,L,9,0.9718217341148092
"Beeks, Jalen","Veneziano, Anthony",2024,L,10,1.002031571748008
"Bernardino, Brennan","Young, Danny",2024,L,1,0.718429473981095
"Bernardino, Brennan","Wood, Alex",2024,L,2,1.0568228226750722
"Bernardino, Brennan","Cosgrove, Tom",2024,L,3,1.170911682815813
"Bernardino, Brennan","Rogers, Taylor",2024,L,4,1.4518510674347116
"Bernardino, Brennan","McFarland, T.J.",2024,L,5,1.4590788766770795
"Bernardino, Brennan","Allard, Kolby",2024,L,6,1.477379035177002
"Bernardino, Brennan","Bummer, Aaron",2024,L,7,1.5208263906029367
"Bernardino, Brennan","Boyd, Matthew",2024,L,8,1.5875614245236134
"Bernardino, Brennan","Suarez, José",2024,L,9,1.6305496941640185
"Bernardino, Brennan","Pennington, Walter",2024,L,10,1.6359948017265449
"Blach, Ty","McFarland, T.J.",2024,L,1,1.3339132862154839
"Blach, Ty","Rogers, Taylor",2024,L,2,1.6138286063876692
"Blach, Ty","Rosenberg, Kenny",2024,L,3,1.7003236775795576
"Blach, Ty","Aldegheri, Sam",2024,L,4,1.7642590214727005
"Blach, Ty","Emanuel, Kent",2024,L,5,1.7932242872487374
"Blach, Ty","Young, Alex",2024,L,6,1.8477194022741807
"Blach, Ty","Keuchel, Dallas",2024,L,7,1.945837793665193
"Blach, Ty","Pennington, Walter",2024,L,8,1.966648240679029
"Blach, Ty","Romero, JoJo",2024,L,9,1.9860933140589059
"Blach, Ty","Bernardino, Brennan",2024,L,10,2.0882834978923297
"Booser, Cam","Ferguson, Caleb",2024,L,1,0.5078968084943685
"Booser, Cam","Minter, A.J.",2024,L,2,0.6247967486213916
"Booser, Cam","Matz, Steven",2024,L,3,0.6500797727654947
"Booser, Cam","Hurter, Brant",2024,L,4,0.6921913682246599
"Booser, Cam","Lodolo, Nick",2024,L,5,0.710568535776931
"Booser, Cam","Lucas, Easton",2024,L,6,0.7401841124162863
"Booser, Cam","Rodriguez, Eduardo",2024,L,7,0.7411342670674271
"Booser, Cam","Wicks, Jordan",2024,L,8,0.7582201206449064
"Booser, Cam","Veneziano, Anthony",2024,L,9,0.7955007634045359
"Booser, Cam","Koenig, Jared",2024,L,10,0.8013912403208822
"Boyd, Matthew","Sammons, Bryan",2024,L,1,0.35434669367261223
"Boyd, Matthew","Allen, Logan",2024,L,2,0.45011776966338973
"Boyd, Matthew","Guenther, Sean",2024,L,3,0.4933743982332297
"Boyd, Matthew","Gonzales, Marco",2024,L,4,0.5657112228838983
"Boyd, Matthew","Alexander, Tyler",2024,L,5,0.592209955150908
"Boyd, Matthew","Allard, Kolby",2024,L,6,0.6271354939338035
"Boyd, Matthew","Imanaga, Shota",2024,L,7,0.7180545231200429
"Boyd, Matthew","Okert, Steven",2024,L,8,0.7855190667467751
"Boyd, Matthew","Rodríguez, Joely",2024,L,9,0.8016630413861093
"Boyd, Matthew","Suarez, Ranger",2024,L,10,0.8064920489023417
"Bradford, Cody","Thompson, Zack",2024,L,1,0.7848332853641684
"Bradford, Cody","Cantillo, Joey",2024,L,2,0.8473239262706853
"Bradford, Cody","Bush, Ky",2024,L,3,1.324831594883147
"Bradford, Cody","Poche, Colin",2024,L,4,1.4124322352938417
"Bradford, Cody","Montgomery, Jordan",2024,L,5,1.423554419020635
"Bradford, Cody","Corbin, Patrick",2024,L,6,1.4263700693655983
"Bradford, Cody","Gomber, Austin",2024,L,7,1.4436293903753743
"Bradford, Cody","Sabrowski, Erik",2024,L,8,1.494265838603053
"Bradford, Cody","Parker, Mitchell",2024,L,9,1.5127326780796955
"Bradford, Cody","Henry, Tommy",2024,L,10,1.5536278535515493
"Bubic, Kris","Rogers, Trevor",2024,L,1,0.21431299326810657
"Bubic, Kris","Freeland, Kyle",2024,L,2,0.4209562700728963
"Bubic, Kris","Herz, DJ",2024,L,3,0.4583589069484109
"Bubic, Kris","Herrin, Tim",2024,L,4,0.5229338607826765
"Bubic, Kris","Hall, DL",2024,L,5,0.585264751701137
"Bubic, Kris","Abbott, Andrew",2024,L,6,0.5947747667209445
"Bubic, Kris","Funderburk, Kody",2024,L,7,0.6066858948312064
"Bubic, Kris","Nardi, Andrew",2024,L,8,0.6670872538800156
"Bubic, Kris","King, Bryan",2024,L,9,0.7190914985445482
"Bubic, Kris","Hughes, Brandon",2024,L,10,0.7221278366995705
"Bummer, Aaron","Sale, Chris",2024,L,1,0.5859567355897067
"Bummer, Aaron","Heaney, Andrew",2024,L,2,0.587756841277984
"Bummer, Aaron","Imanaga, Shota",2024,L,3,0.6628411635016783
"Bummer, Aaron","González, Victor",2024,L,4,0.6935929505284911
"Bummer, Aaron","Hughes, Brandon",2024,L,5,0.9008984915782181
"Bummer, Aaron","Fleming, Josh",2024,L,6,0.9446467034027545
"Bummer, Aaron","Rodríguez, Joely",2024,L,7,0.9948049799630422
"Bummer, Aaron","Strahm, Matt",2024,L,8,1.0464931931749477
"Bummer, Aaron","Wood, Alex",2024,L,9,1.0587995158241268
"Bummer, Aaron","Sammons, Bryan",2024,L,10,1.0639744199722092
"Burke, Brock","Mayza, Tim",2024,L,1,0.6356233126805179
"Burke, Brock","Gore, MacKenzie",2024,L,2,0.8685369265907062
"Burke, Brock","Crochet, Garrett",2024,L,3,0.8910785860873377
"Burke, Brock","Miller, Erik",2024,L,4,1.0728404608007398
"Burke, Brock","Sánchez, Cristopher",2024,L,5,1.072922234343584
"Burke, Brock","Beeks, Jalen",2024,L,6,1.157031672913321
"Burke, Brock","Lucas, Easton",2024,L,7,1.2345631734068436
"Burke, Brock","Snell, Blake",2024,L,8,1.241252113208617
"Burke, Brock","Skubal, Tarik",2024,L,9,1.2582634654640779
"Burke, Brock","Hentges, Sam",2024,L,10,1.269525349382621
"Bush, Ky","Corbin, Patrick",2024,L,1,0.2540488943968367
"Bush, Ky","Chafin, Andrew",2024,L,2,0.6592510084564227
"Bush, Ky","Montgomery, Jordan",2024,L,3,0.7582853107999233
"Bush, Ky","Harris, Hogan",2024,L,4,0.7666852543463912
"Bush, Ky","Parker, Mitchell",2024,L,5,0.7773449710862153
"Bush, Ky","Gomber, Austin",2024,L,6,0.7864779543063251
"Bush, Ky","Garrett, Braxton",2024,L,7,0.9289727164951369
"Bush, Ky","Sabrowski, Erik",2024,L,8,1.05904147518677
"Bush, Ky","Henry, Tommy",2024,L,9,1.082312922198176
"Bush, Ky","Fried, Max",2024,L,10,1.0978929069356826
"Cabrera, Génesis","Akin, Keegan",2024,L,1,0.40695969388229286
"Cabrera, Génesis","Weathers, Ryan",2024,L,2,0.7882472130171165
"Cabrera, Génesis","Rodón, Carlos",2024,L,3,0.8187587447891519
"Cabrera, Génesis","Ray, Robbie",2024,L,4,0.8320390300458333
"Cabrera, Génesis","Koenig, Jared",2024,L,5,0.8446427403040551
"Cabrera, Génesis","Pérez, Cionel",2024,L,6,0.8525239372502604
"Cabrera, Génesis","Luzardo, Jesús",2024,L,7,0.8607123642217068
"Cabrera, Génesis","Matsui, Yuki",2024,L,8,0.8837606080701925
"Cabrera, Génesis","Alexander, Scott",2024,L,9,0.8929772983639447
"Cabrera, Génesis","Little, Brendon",2024,L,10,0.9086657614571406
"Cantillo, Joey","Bradford, Cody",2024,L,1,0.8473239262706853
"Cantillo, Joey","Thompson, Zack",2024,L,2,1.213639378085376
"Cantillo, Joey","Falter, Bailey",2024,L,3,1.429247735063176
"Cantillo, Joey","Poche, Colin",2024,L,4,1.6258613045761208
"Cantillo, Joey","Sabrowski, Erik",2024,L,5,1.891863206355068
"Cantillo, Joey","Henry, Tommy",2024,L,6,1.9605112826495166
"Cantillo, Joey","Parker, Mitchell",2024,L,7,1.9657608027783808
"Cantillo, Joey","Suter, Brent",2024,L,8,1.969181876933752
"Cantillo, Joey","Bush, Ky",2024,L,9,1.980064765346787
"Cantillo, Joey","Peterson, David",2024,L,10,2.004380528929619
"Chafin, Andrew","Wentz, Joey",2024,L,1,0.6180029506430303
"Chafin, Andrew","Paxton, James",2024,L,2,0.6227873189883881
"Chafin, Andrew","Bush, Ky",2024,L,3,0.6592510084564227
"Chafin, Andrew","Parker, Mitchell",2024,L,4,0.6772545889530648
"Chafin, Andrew","Corbin, Patrick",2024,L,5,0.7144221803759605
"Chafin, Andrew","Basso, Brady",2024,L,6,0.7306577168182835
"Chafin, Andrew","Fried, Max",2024,L,7,0.7524993675332864
"Chafin, Andrew","Lee, Dylan",2024,L,8,0.802591497017309
"Chafin, Andrew","Lynch IV, Daniel",2024,L,9,0.8104825423688992
"Chafin, Andrew","Muller, Kyle",2024,L,10,0.8439016674657166
"Chapman, Aroldis","Crochet, Garrett",2024,L,1,1.459079461104025
"Chapman, Aroldis","Burke, Brock",2024,L,2,1.7430771163887806
"Chapman, Aroldis","Alvarado, José",2024,L,3,1.7519448961063118
"Chapman, Aroldis","Gore, MacKenzie",2024,L,4,1.7559804255180262
"Chapman, Aroldis","Little, Luke",2024,L,5,2.0669522988203775
"Chapman, Aroldis","Walker, Josh",2024,L,6,2.18718814716255
"Chapman, Aroldis","Mayza, Tim",2024,L,7,2.308477619189876
"Chapman, Aroldis","Hader, Josh",2024,L,8,2.3176223627726267
"Chapman, Aroldis","Sánchez, Cristopher",2024,L,9,2.340575353723798
"Chapman, Aroldis","Poche, Colin",2024,L,10,2.356027907303399
"Cleavinger, Garrett","Speier, Gabe",2024,L,1,0.537104831285576
"Cleavinger, Garrett","King, John",2024,L,2,0.5972504749989779
"Cleavinger, Garrett","Pérez, Cionel",2024,L,3,0.6914468050096881
"Cleavinger, Garrett","Strahm, Matt",2024,L,4,0.8640036277256244
"Cleavinger, Garrett","Alexander, Scott",2024,L,5,1.0229417601296296
"Cleavinger, Garrett","Kerr, Ray",2024,L,6,1.0556433299800265
"Cleavinger, Garrett","Suarez, José",2024,L,7,1.1704420101799322
"Cleavinger, Garrett","González, Victor",2024,L,8,1.27308978024609
"Cleavinger, Garrett","Cortes, Nestor",2024,L,9,1.296781289181303
"Cleavinger, Garrett","Cabrera, Génesis",2024,L,10,1.2997667980725247
"Corbin, Patrick","Bush, Ky",2024,L,1,0.2540488943968367
"Corbin, Patrick","Gomber, Austin",2024,L,2,0.6984552542233233
"Corbin, Patrick","Harris, Hogan",2024,L,3,0.7011375993081904
"Corbin, Patrick","Chafin, Andrew",2024,L,4,0.7144221803759605
"Corbin, Patrick","Montgomery, Jordan",2024,L,5,0.8456793397713916
"Corbin, Patrick","Garrett, Braxton",2024,L,6,0.8731827817500544
"Corbin, Patrick","Parker, Mitchell",2024,L,7,0.9132530565175664
"Corbin, Patrick","Kershaw, Clayton",2024,L,8,0.9527017928528935
"Corbin, Patrick","Henry, Tommy",2024,L,9,0.9868792660208281
"Corbin, Patrick","Springs, Jeffrey",2024,L,10,1.0711594310341623
"Cortes, Nestor","Pérez, Martín",2024,L,1,0.4000181693729436
"Cortes, Nestor","Suarez, José",2024,L,2,0.5198622716818115
"Cortes, Nestor","Rogers, Taylor",2024,L,3,0.634037701572463
"Cortes, Nestor","Valdez, Framber",2024,L,4,0.6693793264985668
"Cortes, Nestor","Young, Alex",2024,L,5,0.6825366811495581
"Cortes, Nestor","Matsui, Yuki",2024,L,6,0.7123543849263775
"Cortes, Nestor","Kerr, Ray",2024,L,7,0.7959416234072727
"Cortes, Nestor","Aldegheri, Sam",2024,L,8,0.8142457112237512
"Cortes, Nestor","Long, Sam",2024,L,9,0.8675338464050223
"Cortes, Nestor","Alexander, Scott",2024,L,10,0.9254983744403191
"Cosgrove, Tom","Bernardino, Brennan",2024,L,1,1.170911682815813
"Cosgrove, Tom","Wood, Alex",2024,L,2,1.3220118688905629
"Cosgrove, Tom","Young, Danny",2024,L,3,1.3579696724334884
"Cosgrove, Tom","Peralta, Sammy",2024,L,4,1.4570159682344108
"Cosgrove, Tom","McFarland, T.J.",2024,L,5,1.5557270570894082
"Cosgrove, Tom","Mantiply, Joe",2024,L,6,1.5893670248255676
"Cosgrove, Tom","Yarbrough, Ryan",2024,L,7,1.6148067065640834
"Cosgrove, Tom","Sears, JP",2024,L,8,1.7773679513741591
"Cosgrove, Tom","Allard, Kolby",2024,L,9,1.7884496233901253
"Cosgrove, Tom","Boyd, Matthew",2024,L,10,1.8689953036578593
"Coulombe, Danny","Keuchel, Dallas",2024,L,1,1.210142282166008
"Coulombe, Danny","Rosenberg, Kenny",2024,L,2,1.2988976670529242
"Coulombe, Danny","Pérez, Martín",2024,L,3,1.402587988664251
"Coulombe, Danny","Thielbar, Caleb",2024,L,4,1.4582325300439287
"Coulombe, Danny","Valdez, Framber",2024,L,5,1.4863698576647812
"Coulombe, Danny","Anderson, Tyler",2024,L,6,1.5430358305764802
"Coulombe, Danny","Young, Alex",2024,L,7,1.548296501091711
"Coulombe, Danny","Means, John",2024,L,8,1.5590084295953321
"Coulombe, Danny","Smyly, Drew",2024,L,9,1.566960030891521
"Coulombe, Danny","Smith, Will",2024,L,10,1.5856416491975662
"Crochet, Garrett","Burke, Brock",2024,L,1,0.8910785860873377
"Crochet, Garrett","Gore, MacKenzie",2024,L,2,1.0354569051052593
"Crochet, Garrett","Hader, Josh",2024,L,3,1.0900307462066863
"Crochet, Garrett","Soto, Gregory",2024,L,4,1.4139880904072388
"Crochet, Garrett","Little, Luke",2024,L,5,1.45845294090145
"Crochet, Garrett","Chapman, Aroldis",2024,L,6,1.459079461104025
"Crochet, Garrett","Mayza, Tim",2024,L,7,1.468968246314836
"Crochet, Garrett","Alvarado, José",2024,L,8,1.5132162041107113
"Crochet, Garrett","Walker, Josh",2024,L,9,1.620862651873295
"Crochet, Garrett","Morejon, Adrian",2024,L,10,1.6416062051331477
"Detmers, Reid","Long, Sam",2024,L,1,0.31780529628969745
"Detmers, Reid","Moore, Matt",2024,L,2,0.5607734256277973
"Detmers, Reid","Matsui, Yuki",2024,L,3,0.5973238149163045
"Detmers, Reid","Sandoval, Patrick",2024,L,4,0.6084163510491036
"Detmers, Reid","Valdez, Framber",2024,L,5,0.6759052104826687
"Detmers, Reid","Steele, Justin",2024,L,6,0.7988706163390468
"Detmers, Reid","Banks, Tanner",2024,L,7,0.8052956088149437
"Detmers, Reid","Ragans, Cole",2024,L,8,0.8083066139036666
"Detmers, Reid","Wicks, Jordan",2024,L,9,0.8890313998134963
"Detmers, Reid","Young, Alex",2024,L,10,0.8926993533789063
"Diekman, Jake","Garcia, Robert",2024,L,1,0.5072927115023901
"Diekman, Jake","Lodolo, Nick",2024,L,2,0.7407580192414517
"Diekman, Jake","Booser, Cam",2024,L,3,0.8740266561447176
"Diekman, Jake","Ferguson, Caleb",2024,L,4,0.9629787486346102
"Diekman, Jake","Banda, Anthony",2024,L,5,1.0377710690406292
"Diekman, Jake","Minter, A.J.",2024,L,6,1.0580072751756553
"Diekman, Jake","Koenig, Jared",2024,L,7,1.1580066829870177
"Diekman, Jake","Strahm, Matt",2024,L,8,1.1617657500911993
"Diekman, Jake","Nardi, Andrew",2024,L,9,1.1655803979608637
"Diekman, Jake","Hurter, Brant",2024,L,10,1.2161294953515458
"Ellard, Fraser","Weathers, Ryan",2024,L,1,0.772982253375119
"Ellard, Fraser","Koenig, Jared",2024,L,2,0.8050073378582475
"Ellard, Fraser","Cabrera, Génesis",2024,L,3,0.9334953453783253
"Ellard, Fraser","Akin, Keegan",2024,L,4,0.9621982401530332
"Ellard, Fraser","Pérez, Cionel",2024,L,5,1.0225543262142123
"Ellard, Fraser","Little, Brendon",2024,L,6,1.0460773005471393
"Ellard, Fraser","Minter, A.J.",2024,L,7,1.0650937667456246
"Ellard, Fraser","Zerpa, Angel",2024,L,8,1.1488474623124336
"Ellard, Fraser","Banda, Anthony",2024,L,9,1.198017420476588
"Ellard, Fraser","Ray, Robbie",2024,L,10,1.2269680268614145
"Emanuel, Kent","Rosenberg, Kenny",2024,L,1,0.6882939295435294
"Emanuel, Kent","Young, Alex",2024,L,2,0.7559359455871273
"Emanuel, Kent","Keuchel, Dallas",2024,L,3,0.7834220277296514
"Emanuel, Kent","Horn, Bailey",2024,L,4,0.8191991546244335
"Emanuel, Kent","Allard, Kolby",2024,L,5,0.8232878210096827
"Emanuel, Kent","Walston, Blake",2024,L,6,0.8818360369892843
"Emanuel, Kent","Rogers, Taylor",2024,L,7,0.8989804234068949
"Emanuel, Kent","Alexander, Tyler",2024,L,8,1.0123752640228603
"Emanuel, Kent","Pérez, Martín",2024,L,9,1.02731434100801
"Emanuel, Kent","Aldegheri, Sam",2024,L,10,1.214652993692325
"Falter, Bailey","Poche, Colin",2024,L,1,0.9860752957641734
"Falter, Bailey","Peterson, David",2024,L,2,1.0510709561311107
"Falter, Bailey","Sánchez, Cristopher",2024,L,3,1.2021147699170676
"Falter, Bailey","Walker, Josh",2024,L,4,1.2092435829902681
"Falter, Bailey","Sabrowski, Erik",2024,L,5,1.2100956787574102
"Falter, Bailey","Funderburk, Kody",2024,L,6,1.2109212588353526
"Falter, Bailey","Lovelady, Richard",2024,L,7,1.2621206958395397
"Falter, Bailey","Manaea, Sean",2024,L,8,1.30082137593834
"Falter, Bailey","Bubic, Kris",2024,L,9,1.3551872997597545
"Falter, Bailey","Parker, Mitchell",2024,L,10,1.3649979997815234
"Ferguson, Caleb","Matz, Steven",2024,L,1,0.35274581792901843
"Ferguson, Caleb","Booser, Cam",2024,L,2,0.5078968084943685
"Ferguson, Caleb","Herz, DJ",2024,L,3,0.5670477144252647
"Ferguson, Caleb","Herrin, Tim",2024,L,4,0.6160991465093504
"Ferguson, Caleb","Lucas, Easton",2024,L,5,0.6690622040883087
"Ferguson, Caleb","Latz, Jacob",2024,L,6,0.7124206852853258
"Ferguson, Caleb","Minter, A.J.",2024,L,7,0.732085846984032
"Ferguson, Caleb","Freeland, Kyle",2024,L,8,0.7374299725489886
"Ferguson, Caleb","Rodriguez, Eduardo",2024,L,9,0.770841237301224
"Ferguson, Caleb","Nardi, Andrew",2024,L,10,0.7754902814224814
"Ferrer, José A.","Ellard, Fraser",2024,L,1,1.2961680179085138
"Ferrer, José A.","Morejon, Adrian",2024,L,2,1.4084145025407857
"Ferrer, José A.","Koenig, Jared",2024,L,3,1.4839107934755882
"Ferrer, José A.","Wilson, Justin",2024,L,4,1.53341893306571
"Ferrer, José A.","Scott, Tanner",2024,L,5,1.640340666712817
"Ferrer, José A.","Skubal, Tarik",2024,L,6,1.653956627459263
"Ferrer, José A.","Quijada, José",2024,L,7,1.6626270158709688
"Ferrer, José A.","Banda, Anthony",2024,L,8,1.6767710468541694
"Ferrer, José A.","Soto, Gregory",2024,L,9,1.6860872403903355
"Ferrer, José A.","Minter, A.J.",2024,L,10,1.6957777604366562
"Fleming, Josh","Rodríguez, Joely",2024,L,1,0.5314502236804348
"Fleming, Josh","King, Bryan",2024,L,2,0.5493171980099151
"Fleming, Josh","Imanaga, Shota",2024,L,3,0.5663166050906631
"Fleming, Josh","Sale, Chris",2024,L,4,0.6253377687501924
"Fleming, Josh","Hughes, Brandon",2024,L,5,0.6477036697629598
"Fleming, Josh","Saucedo, Tayler",2024,L,6,0.6625382751507093
"Fleming, Josh","Sammons, Bryan",2024,L,7,0.7175804967217235
"Fleming, Josh","Heaney, Andrew",2024,L,8,0.7351369278877958
"Fleming, Josh","Gonzales, Marco",2024,L,9,0.7559607258699537
"Fleming, Josh","Okert, Steven",2024,L,10,0.7985334333066433
"Freeland, Kyle","Herrin, Tim",2024,L,1,0.27897291718085543
"Freeland, Kyle","Rogers, Trevor",2024,L,2,0.28525962003379685
"Freeland, Kyle","King, Bryan",2024,L,3,0.40761869456475336
"Freeland, Kyle","Bubic, Kris",2024,L,4,0.4209562700728963
"Freeland, Kyle","Herz, DJ",2024,L,5,0.5195801384760877
"Freeland, Kyle","Abbott, Andrew",2024,L,6,0.5235551882150361
"Freeland, Kyle","Hughes, Brandon",2024,L,7,0.6422078627479055
"Freeland, Kyle","Hall, DL",2024,L,8,0.6539557011599484
"Freeland, Kyle","Paxton, James",2024,L,9,0.7076777245843694
"Freeland, Kyle","Nardi, Andrew",2024,L,10,0.7097724948320993
"Fried, Max","Holton, Tyler",2024,L,1,0.275219073220729
"Fried, Max","Abbott, Andrew",2024,L,2,0.5442894225664653
"Fried, Max","Lynch IV, Daniel",2024,L,3,0.5599128770044839
"Fried, Max","Povich, Cade",2024,L,4,0.6121421768228315
"Fried, Max","Quintana, Jose",2024,L,5,0.6894873295918875
"Fried, Max","Irvin, Cole",2024,L,6,0.7154263267104302
"Fried, Max","Paxton, James",2024,L,7,0.7344852647710464
"Fried, Max","Parker, Mitchell",2024,L,8,0.7436180090989775
"Fried, Max","Chafin, Andrew",2024,L,9,0.7524993675332864
"Fried, Max","Sandoval, Patrick",2024,L,10,0.7616310376094036
"Funderburk, Kody","Nardi, Andrew",2024,L,1,0.47235507918789954
"Funderburk, Kody","Rogers, Trevor",2024,L,2,0.5985056862583241
"Funderburk, Kody","Bubic, Kris",2024,L,3,0.6066858948312064
"Funderburk, Kody","Peterson, David",2024,L,4,0.6192555191214457
"Funderburk, Kody","Herz, DJ",2024,L,5,0.6194357731359112
"Funderburk, Kody","Sánchez, Cristopher",2024,L,6,0.6260770184319266
"Funderburk, Kody","Parker, Mitchell",2024,L,7,0.7116781206625081
"Funderburk, Kody","Sabrowski, Erik",2024,L,8,0.7709291707901393
"Funderburk, Kody","Freeland, Kyle",2024,L,9,0.8002541256740607
"Funderburk, Kody","Latz, Jacob",2024,L,10,0.8386740904170402
"Garcia, Robert","Diekman, Jake",2024,L,1,0.5072927115023901
"Garcia, Robert","Nardi, Andrew",2024,L,2,0.8533046897848552
"Garcia, Robert","Ferguson, Caleb",2024,L,3,0.8620486977228221
"Garcia, Robert","Hader, Josh",2024,L,4,0.9676718042830502
"Garcia, Robert","Booser, Cam",2024,L,5,1.017762387742839
"Garcia, Robert","Banda, Anthony",2024,L,6,1.0416469542641609
"Garcia, Robert","Minter, A.J.",2024,L,7,1.07265504401444
"Garcia, Robert","Kikuchi, Yusei",2024,L,8,1.1073034627803955
"Garcia, Robert","Lucas, Easton",2024,L,9,1.1255694460761994
"Garcia, Robert","Herz, DJ",2024,L,10,1.1532129581167045
"Garrett, Braxton","Harris, Hogan",2024,L,1,0.2362033455221703
"Garrett, Braxton","Quintana, Jose",2024,L,2,0.6275033431617492
"Garrett, Braxton","Henry, Tommy",2024,L,3,0.6281312641513794
"Garrett, Braxton","King, Bryan",2024,L,4,0.6987320834967309
"Garrett, Braxton","Freeland, Kyle",2024,L,5,0.7162260176704635
"Garrett, Braxton","Rogers, Trevor",2024,L,6,0.7433112120569115
"Garrett, Braxton","Hall, DL",2024,L,7,0.7713958020047679
"Garrett, Braxton","Okert, Steven",2024,L,8,0.7773429280085571
"Garrett, Braxton","Parker, Mitchell",2024,L,9,0.7810379742410541
"Garrett, Braxton","Bubic, Kris",2024,L,10,0.8651500072183068
"Gasser, Robert","Harrison, Kyle",2024,L,1,0.3281771276550254
"Gasser, Robert","Saucedo, Tayler",2024,L,2,0.6333082172386667
"Gasser, Robert","Heaney, Andrew",2024,L,3,0.8338262835989341
"Gasser, Robert","Hughes, Brandon",2024,L,4,0.8813266293274401
"Gasser, Robert","Sale, Chris",2024,L,5,0.9090624155026868
"Gasser, Robert","González, Victor",2024,L,6,1.0612738509543496
"Gasser, Robert","Fleming, Josh",2024,L,7,1.0714167968828499
"Gasser, Robert","Bummer, Aaron",2024,L,8,1.073307482277381
"Gasser, Robert","Hall, DL",2024,L,9,1.1190347937972323
"Gasser, Robert","Sears, JP",2024,L,10,1.2856715954971136
"Gomber, Austin","Corbin, Patrick",2024,L,1,0.6984552542233233
"Gomber, Austin","Montgomery, Jordan",2024,L,2,0.7181041773834209
"Gomber, Austin","Bush, Ky",2024,L,3,0.7864779543063251
"Gomber, Austin","Kershaw, Clayton",2024,L,4,1.1227972542749745
"Gomber, Austin","Chafin, Andrew",2024,L,5,1.1920865819873665
"Gomber, Austin","Basso, Brady",2024,L,6,1.323134866210663
"Gomber, Austin","Harris, Hogan",2024,L,7,1.3531823578269528
"Gomber, Austin","Springs, Jeffrey",2024,L,8,1.356498362791771
"Gomber, Austin","Lee, Dylan",2024,L,9,1.3775094052637056
"Gomber, Austin","Means, John",2024,L,10,1.4290267167301867
"Gonzales, Marco","Sammons, Bryan",2024,L,1,0.5469297127152102
"Gonzales, Marco","Allen, Logan",2024,L,2,0.551588151301168
"Gonzales, Marco","Boyd, Matthew",2024,L,3,0.5657112228838983
"Gonzales, Marco","La Sorsa, Joe",2024,L,4,0.6506978647287943
"Gonzales, Marco","Fleming, Josh",2024,L,5,0.7559607258699537
"Gonzales, Marco","Guenther, Sean",2024,L,6,0.7724469620387245
"Gonzales, Marco","Quintana, Jose",2024,L,7,0.7838117491843819
"Gonzales, Marco","Henry, Tommy",2024,L,8,0.8268516655450966
"Gonzales, Marco","Alexander, Tyler",2024,L,9,0.8329767777501481
"Gonzales, Marco","Suarez, Ranger",2024,L,10,0.8501475701932344
"González, Victor","Bummer, Aaron",2024,L,1,0.6935929505284911
"González, Victor","Harrison, Kyle",2024,L,2,0.9609517452240435
"González, Victor","Strahm, Matt",2024,L,3,0.9892671342943353
"González, Victor","Heaney, Andrew",2024,L,4,1.0008980078309855
"González, Victor","Sale, Chris",2024,L,5,1.0556600557460343
"González, Victor","Gasser, Robert",2024,L,6,1.0612738509543496
"González, Victor","Hughes, Brandon",2024,L,7,1.136089525665409
"González, Victor","King, John",2024,L,8,1.1962451175536815
"González, Victor","Cleavinger, Garrett",2024,L,9,1.27308978024609
"González, Victor","Imanaga, Shota",2024,L,10,1.292747369035808
"Gore, MacKenzie","Burke, Brock",2024,L,1,0.8685369265907062
"Gore, MacKenzie","Puk, A.J.",2024,L,2,0.962183846295404
"Gore, MacKenzie","Kikuchi, Yusei",2024,L,3,0.9680534471615954
"Gore, MacKenzie","Funderburk, Kody",2024,L,4,0.9990784490329886
"Gore, MacKenzie","Nardi, Andrew",2024,L,5,1.0147753053681587
"Gore, MacKenzie","Sánchez, Cristopher",2024,L,6,1.0244547668829729
"Gore, MacKenzie","Crochet, Garrett",2024,L,7,1.0354569051052593
"Gore, MacKenzie","Hader, Josh",2024,L,8,1.0706424521885685
"Gore, MacKenzie","Little, Luke",2024,L,9,1.0846495102906377
"Gore, MacKenzie","Soto, Gregory",2024,L,10,1.1081899937347213
"Guenther, Sean","Okert, Steven",2024,L,1,0.42679153797641584
"Guenther, Sean","Boyd, Matthew",2024,L,2,0.4933743982332297
"Guenther, Sean","Sammons, Bryan",2024,L,3,0.5989189315653055
"Guenther, Sean","Rodríguez, Joely",2024,L,4,0.6970726616532786
"Guenther, Sean","Quintana, Jose",2024,L,5,0.771798204079258
"Guenther, Sean","Gonzales, Marco",2024,L,6,0.7724469620387245
"Guenther, Sean","Springs, Jeffrey",2024,L,7,0.7821090035745369
"Guenther, Sean","Allen, Logan",2024,L,8,0.7823726316946497
"Guenther, Sean","Suarez, Ranger",2024,L,9,0.7907181208831489
"Guenther, Sean","Fleming, Josh",2024,L,10,0.8555140831873919
"Hader, Josh","Soto, Gregory",2024,L,1,0.7394021610994564
"Hader, Josh","Quijada, José",2024,L,2,0.7846067901692735
"Hader, Josh","Morejon, Adrian",2024,L,3,0.9121155891442402
"Hader, Josh","Garcia, Robert",2024,L,4,0.9676718042830502
"Hader, Josh","Gore, MacKenzie",2024,L,5,1.0706424521885685
"Hader, Josh","Crochet, Garrett",2024,L,6,1.0900307462066863
"Hader, Josh","Banda, Anthony",2024,L,7,1.2110971232408294
"Hader, Josh","Lucas, Easton",2024,L,8,1.238489682677493
"Hader, Josh","Minter, A.J.",2024,L,9,1.2657940132224175
"Hader, Josh","Scott, Tanner",2024,L,10,1.2739207714859138
"Hall, DL","Rogers, Trevor",2024,L,1,0.5175864003321407
"Hall, DL","Bubic, Kris",2024,L,2,0.585264751701137
"Hall, DL","Hughes, Brandon",2024,L,3,0.6426636815384005
"Hall, DL","Freeland, Kyle",2024,L,4,0.6539557011599484
"Hall, DL","Saucedo, Tayler",2024,L,5,0.6864423952781351
"Hall, DL","King, Bryan",2024,L,6,0.6900338137659559
"Hall, DL","Manaea, Sean",2024,L,7,0.7054122086114478
"Hall, DL","Garrett, Braxton",2024,L,8,0.7713958020047679
"Hall, DL","Fleming, Josh",2024,L,9,0.8206070419867978
"Hall, DL","Herrin, Tim",2024,L,10,0.8379708108038743
"Harris, Hogan","Garrett, Braxton",2024,L,1,0.2362033455221703
"Harris, Hogan","Henry, Tommy",2024,L,2,0.5007802844284572
"Harris, Hogan","Quintana, Jose",2024,L,3,0.6412727056399309
"Harris, Hogan","Corbin, Patrick",2024,L,4,0.7011375993081904
"Harris, Hogan","Parker, Mitchell",2024,L,5,0.7311815768963462
"Harris, Hogan","Bush, Ky",2024,L,6,0.7666852543463912
"Harris, Hogan","Okert, Steven",2024,L,7,0.8436314864222321
"Harris, Hogan","Fried, Max",2024,L,8,0.8684821818071741
"Harris, Hogan","King, Bryan",2024,L,9,0.8758163063964552
"Harris, Hogan","Freeland, Kyle",2024,L,10,0.8816378613682309
"Harrison, Kyle","Gasser, Robert",2024,L,1,0.3281771276550254
"Harrison, Kyle","Saucedo, Tayler",2024,L,2,0.9115191741184233
"Harrison, Kyle","González, Victor",2024,L,3,0.9609517452240435
"Harrison, Kyle","Heaney, Andrew",2024,L,4,1.014488457491216
"Harrison, Kyle","Hughes, Brandon",2024,L,5,1.099120099662036
"Harrison, Kyle","Sale, Chris",2024,L,6,1.1130546622414264
"Harrison, Kyle","Bummer, Aaron",2024,L,7,1.153890434440634
"Harrison, Kyle","Sears, JP",2024,L,8,1.2629821474475678
"Harrison, Kyle","Fleming, Josh",2024,L,9,1.3593283017650073
"Harrison, Kyle","Hall, DL",2024,L,10,1.3994482966115003
"Heaney, Andrew","Sale, Chris",2024,L,1,0.15210910914870468
"Heaney, Andrew","Bummer, Aaron",2024,L,2,0.587756841277984
"Heaney, Andrew","Fleming, Josh",2024,L,3,0.7351369278877958
"Heaney, Andrew","Imanaga, Shota",2024,L,4,0.8263118381367109
"Heaney, Andrew","Gasser, Robert",2024,L,5,0.8338262835989341
"Heaney, Andrew","Saucedo, Tayler",2024,L,6,0.9221080721633592
"Heaney, Andrew","Hughes, Brandon",2024,L,7,0.9221086822190171
"Heaney, Andrew","Rodríguez, Joely",2024,L,8,0.9686531202663019
"Heaney, Andrew","González, Victor",2024,L,9,1.0008980078309855
"Heaney, Andrew","Harrison, Kyle",2024,L,10,1.014488457491216
"Henry, Tommy","Harris, Hogan",2024,L,1,0.5007802844284572
"Henry, Tommy","Quintana, Jose",2024,L,2,0.5496835759373987
"Henry, Tommy","Garrett, Braxton",2024,L,3,0.6281312641513794
"Henry, Tommy","Suarez, Ranger",2024,L,4,0.7488162539816965
"Henry, Tommy","Fried, Max",2024,L,5,0.7741313736871461
"Henry, Tommy","Holton, Tyler",2024,L,6,0.8128234330445567
"Henry, Tommy","Gonzales, Marco",2024,L,7,0.8268516655450966
"Henry, Tommy","Okert, Steven",2024,L,8,0.8592400361592609
"Henry, Tommy","Thompson, Zack",2024,L,9,0.9390016873383861
"Henry, Tommy","Kershaw, Clayton",2024,L,10,0.94053549952374
"Hentges, Sam","Snell, Blake",2024,L,1,0.5123585581096629
"Hentges, Sam","Sánchez, Cristopher",2024,L,2,0.5315244399377843
"Hentges, Sam","Peterson, David",2024,L,3,0.7398611007902713
"Hentges, Sam","Poche, Colin",2024,L,4,0.8393355246886336
"Hentges, Sam","Sabrowski, Erik",2024,L,5,0.8875648418718225
"Hentges, Sam","Parker, Mitchell",2024,L,6,0.9340112147742973
"Hentges, Sam","Muller, Kyle",2024,L,7,0.9567760457066437
"Hentges, Sam","Mayza, Tim",2024,L,8,1.0361035782239918
"Hentges, Sam","Chafin, Andrew",2024,L,9,1.0453584293235767
"Hentges, Sam","Funderburk, Kody",2024,L,10,1.0555545091135936
"Herrin, Tim","Freeland, Kyle",2024,L,1,0.27897291718085543
"Herrin, Tim","Abbott, Andrew",2024,L,2,0.4277364555255436
"Herrin, Tim","King, Bryan",2024,L,3,0.4328954604247482
"Herrin, Tim","Rogers, Trevor",2024,L,4,0.49313832802534685
"Herrin, Tim","Shuster, Jared",2024,L,5,0.49563460422598893
"Herrin, Tim","Herz, DJ",2024,L,6,0.49576286062805314
"Herrin, Tim","Matz, Steven",2024,L,7,0.49615500091196685
"Herrin, Tim","Bubic, Kris",2024,L,8,0.5229338607826765
"Herrin, Tim","Hughes, Brandon",2024,L,9,0.6100250618332823
"Herrin, Tim","Ferguson, Caleb",2024,L,10,0.6160991465093504
"Herz, DJ","Latz, Jacob",2024,L,1,0.3849325097965755
"Herz, DJ","Bubic, Kris",2024,L,2,0.4583589069484109
"Herz, DJ","Abbott, Andrew",2024,L,3,0.48391929180606186
"Herz, DJ","Matz, Steven",2024,L,4,0.4856832903371715
"Herz, DJ","Herrin, Tim",2024,L,5,0.49576286062805314
"Herz, DJ","Rogers, Trevor",2024,L,6,0.5041038688941061
"Herz, DJ","Freeland, Kyle",2024,L,7,0.5195801384760877
"Herz, DJ","Nardi, Andrew",2024,L,8,0.5333830280166211
"Herz, DJ","Ferguson, Caleb",2024,L,9,0.5670477144252647
"Herz, DJ","Funderburk, Kody",2024,L,10,0.6194357731359112
"Hill, Tim","Milner, Hoby",2024,L,1,2.730977434608735
"Hill, Tim","Harrison, Kyle",2024,L,2,3.4166858505707416
"Hill, Tim","Sears, JP",2024,L,3,3.514505136704501
"Hill, Tim","Gasser, Robert",2024,L,4,3.5981449467874245
"Hill, Tim","Peralta, Sammy",2024,L,5,3.60881144194873
"Hill, Tim","González, Victor",2024,L,6,3.731834187572831
"Hill, Tim","Heaney, Andrew",2024,L,7,3.8118843824213164
"Hill, Tim","Hudson, Bryan",2024,L,8,3.824040228499629
"Hill, Tim","Wood, Alex",2024,L,9,3.877486852510566
"Hill, Tim","Sale, Chris",2024,L,10,3.9401990624224057
"Holton, Tyler","Fried, Max",2024,L,1,0.275219073220729
"Holton, Tyler","Povich, Cade",2024,L,2,0.3450757692893844
"Holton, Tyler","Quintana, Jose",2024,L,3,0.5434249067699057
"Holton, Tyler","Abbott, Andrew",2024,L,4,0.5710507450600834
"Holton, Tyler","Wicks, Jordan",2024,L,5,0.6060615929878748
"Holton, Tyler","Lynch IV, Daniel",2024,L,6,0.6842023542489597
"Holton, Tyler","Sandoval, Patrick",2024,L,7,0.6977363676904238
"Holton, Tyler","Suarez, Ranger",2024,L,8,0.7030144896624906
"Holton, Tyler","Irvin, Cole",2024,L,9,0.7048129595305884
"Holton, Tyler","Paxton, James",2024,L,10,0.7050049637597412
"Horn, Bailey","Alexander, Tyler",2024,L,1,0.4504348630481584
"Horn, Bailey","Allard, Kolby",2024,L,2,0.5170961390287153
"Horn, Bailey","Pérez, Martín",2024,L,3,0.6341982047971279
"Horn, Bailey","Allen, Logan",2024,L,4,0.7413725721498149
"Horn, Bailey","Suarez, Ranger",2024,L,5,0.747588481710824
"Horn, Bailey","Emanuel, Kent",2024,L,6,0.8191991546244335
"Horn, Bailey","Suarez, José",2024,L,7,0.8313808561736362
"Horn, Bailey","Sammons, Bryan",2024,L,8,0.8401751713984089
"Horn, Bailey","Povich, Cade",2024,L,9,0.8475314701404898
"Horn, Bailey","Boyd, Matthew",2024,L,10,0.8571273906984411
"Hudson, Bryan","Lovelady, Richard",2024,L,1,0.9180378746611237
"Hudson, Bryan","Manaea, Sean",2024,L,2,1.0109357875134781
"Hudson, Bryan","Puk, A.J.",2024,L,3,1.6022928861161811
"Hudson, Bryan","Hall, DL",2024,L,4,1.6497404064526056
"Hudson, Bryan","Kikuchi, Yusei",2024,L,5,1.684996650618563
"Hudson, Bryan","Gasser, Robert",2024,L,6,1.7175632537137664
"Hudson, Bryan","Saucedo, Tayler",2024,L,7,1.829956869944793
"Hudson, Bryan","Falter, Bailey",2024,L,8,1.835461997328268
"Hudson, Bryan","Harrison, Kyle",2024,L,9,1.847177891940851
"Hudson, Bryan","Little, Luke",2024,L,10,1.861371900818514
"Hughes, Brandon","King, Bryan",2024,L,1,0.5229426830083541
"Hughes, Brandon","Saucedo, Tayler",2024,L,2,0.5612997217229051
"Hughes, Brandon","Herrin, Tim",2024,L,3,0.6100250618332823
"Hughes, Brandon","Freeland, Kyle",2024,L,4,0.6422078627479055
"Hughes, Brandon","Hall, DL",2024,L,5,0.6426636815384005
"Hughes, Brandon","Fleming, Josh",2024,L,6,0.6477036697629598
"Hughes, Brandon","Shuster, Jared",2024,L,7,0.6849676517749258
"Hughes, Brandon","Rogers, Trevor",2024,L,8,0.7101286502977668
"Hughes, Brandon","Bubic, Kris",2024,L,9,0.7221278366995705
"Hughes, Brandon","Imanaga, Shota",2024,L,10,0.7884623516685793
"Hurter, Brant","Booser, Cam",2024,L,1,0.6921913682246599
"Hurter, Brant","Wicks, Jordan",2024,L,2,0.751650800535627
"Hurter, Brant","Banks, Tanner",2024,L,3,0.7801474553513622
"Hurter, Brant","Lodolo, Nick",2024,L,4,0.7929818177695928
"Hurter, Brant","Pennington, Walter",2024,L,5,0.8132712275924483
"Hurter, Brant","Matsui, Yuki",2024,L,6,0.8213688782471634
"Hurter, Brant","Steele, Justin",2024,L,7,0.8483052345526174
"Hurter, Brant","Kerr, Ray",2024,L,8,0.9379666495368124
"Hurter, Brant","Veneziano, Anthony",2024,L,9,0.9493529583392109
"Hurter, Brant","Walston, Blake",2024,L,10,0.968418527445371
"Imanaga, Shota","Rodríguez, Joely",2024,L,1,0.43895328250766563
"Imanaga, Shota","Sammons, Bryan",2024,L,2,0.491589700353474
"Imanaga, Shota","Fleming, Josh",2024,L,3,0.5663166050906631
"Imanaga, Shota","Allen, Logan",2024,L,4,0.6027303702945758
"Imanaga, Shota","King, Bryan",2024,L,5,0.6617788315469902
"Imanaga, Shota","Bummer, Aaron",2024,L,6,0.6628411635016783
"Imanaga, Shota","Boyd, Matthew",2024,L,7,0.7180545231200429
"Imanaga, Shota","Sale, Chris",2024,L,8,0.7184229394890408
"Imanaga, Shota","Hughes, Brandon",2024,L,9,0.7884623516685793
"Imanaga, Shota","Povich, Cade",2024,L,10,0.8229868778715144
"Irvin, Cole","Sandoval, Patrick",2024,L,1,0.45010083929552863
"Irvin, Cole","Kershaw, Clayton",2024,L,2,0.4965630919325722
"Irvin, Cole","Thielbar, Caleb",2024,L,3,0.6137459090058884
"Irvin, Cole","Suarez, Ranger",2024,L,4,0.6579490261042731
"Irvin, Cole","Holton, Tyler",2024,L,5,0.7048129595305884
"Irvin, Cole","Fried, Max",2024,L,6,0.7154263267104302
"Irvin, Cole","Means, John",2024,L,7,0.7322788080528264
"Irvin, Cole","Povich, Cade",2024,L,8,0.7362235694106294
"Irvin, Cole","Long, Sam",2024,L,9,0.758873739156689
"Irvin, Cole","Lee, Dylan",2024,L,10,0.8461041555089232
"Kerr, Ray","Alexander, Scott",2024,L,1,0.2145055299215137
"Kerr, Ray","Suarez, José",2024,L,2,0.4942535463221116
"Kerr, Ray","Rodriguez, Eduardo",2024,L,3,0.7184512373686951
"Kerr, Ray","King, John",2024,L,4,0.7358281178461475
"Kerr, Ray","Long, Sam",2024,L,5,0.7498655858056048
"Kerr, Ray","Wicks, Jordan",2024,L,6,0.7903914284434662
"Kerr, Ray","Cortes, Nestor",2024,L,7,0.7959416234072727
"Kerr, Ray","Matsui, Yuki",2024,L,8,0.7979516686395561
"Kerr, Ray","Povich, Cade",2024,L,9,0.826694734789101
"Kerr, Ray","Booser, Cam",2024,L,10,0.9043891932329073
"Kershaw, Clayton","Irvin, Cole",2024,L,1,0.4965630919325722
"Kershaw, Clayton","Suarez, Ranger",2024,L,2,0.5817518970983077
"Kershaw, Clayton","Springs, Jeffrey",2024,L,3,0.6063780940368979
"Kershaw, Clayton","Thielbar, Caleb",2024,L,4,0.7439450715675412
"Kershaw, Clayton","Means, John",2024,L,5,0.7795837701079575
"Kershaw, Clayton","Quintana, Jose",2024,L,6,0.8743010952041252
"Kershaw, Clayton","Fried, Max",2024,L,7,0.8881276165323737
"Kershaw, Clayton","Holton, Tyler",2024,L,8,0.9095146793726022
"Kershaw, Clayton","Sandoval, Patrick",2024,L,9,0.9339830680146991
"Kershaw, Clayton","Henry, Tommy",2024,L,10,0.94053549952374
"Keuchel, Dallas","Rosenberg, Kenny",2024,L,1,0.27151461815020655
"Keuchel, Dallas","Young, Alex",2024,L,2,0.5977099188374058
"Keuchel, Dallas","Emanuel, Kent",2024,L,3,0.7834220277296514
"Keuchel, Dallas","Aldegheri, Sam",2024,L,4,0.8321919106384921
"Keuchel, Dallas","Smyly, Drew",2024,L,5,0.9223587057075269
"Keuchel, Dallas","Anderson, Tyler",2024,L,6,0.9540859798039516
"Keuchel, Dallas","Walston, Blake",2024,L,7,0.9575032501772229
"Keuchel, Dallas","Pérez, Martín",2024,L,8,0.968569345561374
"Keuchel, Dallas","Rogers, Taylor",2024,L,9,1.0337668380515006
"Keuchel, Dallas","Long, Sam",2024,L,10,1.0433938536514191
"Kikuchi, Yusei","Puk, A.J.",2024,L,1,0.5295447914597707
"Kikuchi, Yusei","Lovelady, Richard",2024,L,2,0.8337144189186801
"Kikuchi, Yusei","Nardi, Andrew",2024,L,3,0.9044235404077813
"Kikuchi, Yusei","Gore, MacKenzie",2024,L,4,0.9680534471615954
"Kikuchi, Yusei","Little, Luke",2024,L,5,0.9721549056490982
"Kikuchi, Yusei","Bubic, Kris",2024,L,6,0.9731311152338415
"Kikuchi, Yusei","Funderburk, Kody",2024,L,7,1.0371636705695713
"Kikuchi, Yusei","Manaea, Sean",2024,L,8,1.042957116460647
"Kikuchi, Yusei","Rogers, Trevor",2024,L,9,1.0552361618236814
"Kikuchi, Yusei","Herz, DJ",2024,L,10,1.060658806201333
"King, Bryan","Freeland, Kyle",2024,L,1,0.40761869456475336
"King, Bryan","Herrin, Tim",2024,L,2,0.4328954604247482
"King, Bryan","Hughes, Brandon",2024,L,3,0.5229426830083541
"King, Bryan","Fleming, Josh",2024,L,4,0.5493171980099151
"King, Bryan","Rogers, Trevor",2024,L,5,0.6167906011805572
"King, Bryan","Quintana, Jose",2024,L,6,0.6395725896623446
"King, Bryan","Rodríguez, Joely",2024,L,7,0.6494378378111959
"King, Bryan","Imanaga, Shota",2024,L,8,0.6617788315469902
"King, Bryan","Hall, DL",2024,L,9,0.6900338137659559
"King, Bryan","Shuster, Jared",2024,L,10,0.6922532655044229
"King, John","Strahm, Matt",2024,L,1,0.4643284767156603
"King, John","Speier, Gabe",2024,L,2,0.5028056694721207
"King, John","Cleavinger, Garrett",2024,L,3,0.5972504749989779
"King, John","Pérez, Cionel",2024,L,4,0.7143146405966265
"King, John","Kerr, Ray",2024,L,5,0.7358281178461475
"King, John","Alexander, Scott",2024,L,6,0.7506629968022897
"King, John","Suarez, José",2024,L,7,0.9060305088196282
"King, John","Weathers, Ryan",2024,L,8,0.9145850855873101
"King, John","Lodolo, Nick",2024,L,9,0.9225183104260646
"King, John","Booser, Cam",2024,L,10,0.9839271243036358
"Koenig, Jared","Minter, A.J.",2024,L,1,0.41508827741713133
"Koenig, Jared","Morejon, Adrian",2024,L,2,0.6409482929828814
"Koenig, Jared","Booser, Cam",2024,L,3,0.8013912403208822
"Koenig, Jared","Ellard, Fraser",2024,L,4,0.8050073378582475
"Koenig, Jared","Lucas, Easton",2024,L,5,0.8191330292133354
"Koenig, Jared","Cabrera, Génesis",2024,L,6,0.8446427403040551
"Koenig, Jared","Ray, Robbie",2024,L,7,0.8735125290069173
"Koenig, Jared","Skubal, Tarik",2024,L,8,0.8867343058306801
"Koenig, Jared","Banda, Anthony",2024,L,9,0.9137348134789168
"Koenig, Jared","Rodón, Carlos",2024,L,10,1.0431677915534614
"La Sorsa, Joe","Gonzales, Marco",2024,L,1,0.6506978647287943
"La Sorsa, Joe","Mantiply, Joe",2024,L,2,0.9143414988890882
"La Sorsa, Joe","Fleming, Josh",2024,L,3,0.9856479064887448
"La Sorsa, Joe","Henry, Tommy",2024,L,4,0.9880763636782458
"La Sorsa, Joe","Guenther, Sean",2024,L,5,0.9980891185013616
"La Sorsa, Joe","Boyd, Matthew",2024,L,6,1.0388607127402714
"La Sorsa, Joe","Okert, Steven",2024,L,7,1.0778367963130007
"La Sorsa, Joe","Saucedo, Tayler",2024,L,8,1.103191521625063
"La Sorsa, Joe","Sammons, Bryan",2024,L,9,1.112683378627375
"La Sorsa, Joe","Quintana, Jose",2024,L,10,1.150794955043083
"Latz, Jacob","Herz, DJ",2024,L,1,0.3849325097965755
"Latz, Jacob","Abbott, Andrew",2024,L,2,0.42362819282725495
"Latz, Jacob","Lynch IV, Daniel",2024,L,3,0.4521136741948613
"Latz, Jacob","Matz, Steven",2024,L,4,0.5109445183853665
"Latz, Jacob","Paxton, James",2024,L,5,0.5147904126385502
"Latz, Jacob","Lucas, Easton",2024,L,6,0.6312665929005736
"Latz, Jacob","Herrin, Tim",2024,L,7,0.6360948525859653
"Latz, Jacob","Rodriguez, Eduardo",2024,L,8,0.6372569409864584
"Latz, Jacob","Ferguson, Caleb",2024,L,9,0.7124206852853258
"Latz, Jacob","Veneziano, Anthony",2024,L,10,0.7145651547043697
"Lee, Dylan","Basso, Brady",2024,L,1,0.47814442651665034
"Lee, Dylan","Moore, Matt",2024,L,2,0.676526159356751
"Lee, Dylan","Wentz, Joey",2024,L,3,0.7633553378728632
"Lee, Dylan","Chafin, Andrew",2024,L,4,0.802591497017309
"Lee, Dylan","Irvin, Cole",2024,L,5,0.8461041555089232
"Lee, Dylan","Means, John",2024,L,6,0.8551590515838736
"Lee, Dylan","Sandoval, Patrick",2024,L,7,0.8838034808151656
"Lee, Dylan","Muller, Kyle",2024,L,8,0.8946185142273101
"Lee, Dylan","Steele, Justin",2024,L,9,0.9083761820051323
"Lee, Dylan","Detmers, Reid",2024,L,10,0.9362463833042631
"Liberatore, Matthew","Miller, Erik",2024,L,1,0.6307082675798005
"Liberatore, Matthew","Ragans, Cole",2024,L,2,0.6764685454038437
"Liberatore, Matthew","Skubal, Tarik",2024,L,3,0.8276406979978634
"Liberatore, Matthew","Rodón, Carlos",2024,L,4,0.8881018349460039
"Liberatore, Matthew","Wilson, Justin",2024,L,5,0.9108717093455326
"Liberatore, Matthew","Beeks, Jalen",2024,L,6,1.0471729992897447
"Liberatore, Matthew","Vesia, Alex",2024,L,7,1.0782469170772127
"Liberatore, Matthew","Veneziano, Anthony",2024,L,8,1.0914109209892828
"Liberatore, Matthew","Mayza, Tim",2024,L,9,1.0942060161429006
"Liberatore, Matthew","Ray, Robbie",2024,L,10,1.1731419485340246
"Little, Brendon","Peralta, Wandy",2024,L,1,0.51948051450731
"Little, Brendon","Akin, Keegan",2024,L,2,0.8291964355336306
"Little, Brendon","Cabrera, Génesis",2024,L,3,0.9086657614571406
"Little, Brendon","Luzardo, Jesús",2024,L,4,0.9194177588880194
"Little, Brendon","Ellard, Fraser",2024,L,5,1.0460773005471393
"Little, Brendon","Weathers, Ryan",2024,L,6,1.12369984065123
"Little, Brendon","Pérez, Cionel",2024,L,7,1.153229627104338
"Little, Brendon","Wrobleski, Justin",2024,L,8,1.2427225089425942
"Little, Brendon","Wilson, Justin",2024,L,9,1.2498291323040858
"Little, Brendon","Rodón, Carlos",2024,L,10,1.2622639700269103
"Little, Luke","Puk, A.J.",2024,L,1,0.6552725547271709
"Little, Luke","Kikuchi, Yusei",2024,L,2,0.9721549056490982
"Little, Luke","Gore, MacKenzie",2024,L,3,1.0846495102906377
"Little, Luke","Lovelady, Richard",2024,L,4,1.1916493717662167
"Little, Luke","Hader, Josh",2024,L,5,1.3507250230594738
"Little, Luke","Crochet, Garrett",2024,L,6,1.45845294090145
"Little, Luke","Walker, Josh",2024,L,7,1.4908282471351233
"Little, Luke","Nardi, Andrew",2024,L,8,1.5236438654016233
"Little, Luke","Manaea, Sean",2024,L,9,1.5780360683967363
"Little, Luke","Funderburk, Kody",2024,L,10,1.5876762296669678
"Lodolo, Nick","Booser, Cam",2024,L,1,0.710568535776931
"Lodolo, Nick","Strahm, Matt",2024,L,2,0.7359318825114469
"Lodolo, Nick","Diekman, Jake",2024,L,3,0.7407580192414517
"Lodolo, Nick","Hurter, Brant",2024,L,4,0.7929818177695928
"Lodolo, Nick","King, John",2024,L,5,0.9225183104260646
"Lodolo, Nick","Minter, A.J.",2024,L,6,0.9966134268123757
"Lodolo, Nick","Weathers, Ryan",2024,L,7,1.0145126521566248
"Lodolo, Nick","Ferguson, Caleb",2024,L,8,1.045987773758737
"Lodolo, Nick","Banda, Anthony",2024,L,9,1.0562681931275044
"Lodolo, Nick","Koenig, Jared",2024,L,10,1.0756948742339756
"Long, Sam","Detmers, Reid",2024,L,1,0.31780529628969745
"Long, Sam","Sandoval, Patrick",2024,L,2,0.4336521586267789
"Long, Sam","Matsui, Yuki",2024,L,3,0.6602110310281515
"Long, Sam","Povich, Cade",2024,L,4,0.7298668575319259
"Long, Sam","Moore, Matt",2024,L,5,0.7407589736038988
"Long, Sam","Wicks, Jordan",2024,L,6,0.7442230705427879
"Long, Sam","Kerr, Ray",2024,L,7,0.7498655858056048
"Long, Sam","Irvin, Cole",2024,L,8,0.758873739156689
"Long, Sam","Walston, Blake",2024,L,9,0.7788260304776352
"Long, Sam","Valdez, Framber",2024,L,10,0.7991067445805649
"Lovelady, Richard","Manaea, Sean",2024,L,1,0.6920138341025194
"Lovelady, Richard","Kikuchi, Yusei",2024,L,2,0.8337144189186801
"Lovelady, Richard","Puk, A.J.",2024,L,3,0.867897224814633
"Lovelady, Richard","Hudson, Bryan",2024,L,4,0.9180378746611237
"Lovelady, Richard","Little, Luke",2024,L,5,1.1916493717662167
"Lovelady, Richard","Hall, DL",2024,L,6,1.214965885049715
"Lovelady, Richard","Falter, Bailey",2024,L,7,1.2621206958395397
"Lovelady, Richard","Bubic, Kris",2024,L,8,1.3430692224177732
"Lovelady, Richard","Gasser, Robert",2024,L,9,1.4073100323297736
"Lovelady, Richard","Rogers, Trevor",2024,L,10,1.4266427032501103
"Lucas, Easton","Latz, Jacob",2024,L,1,0.6312665929005736
"Lucas, Easton","Minter, A.J.",2024,L,2,0.666743826638852
"Lucas, Easton","Ferguson, Caleb",2024,L,3,0.6690622040883087
"Lucas, Easton","Veneziano, Anthony",2024,L,4,0.7030344831501344
"Lucas, Easton","Matz, Steven",2024,L,5,0.704899861106311
"Lucas, Easton","Rodriguez, Eduardo",2024,L,6,0.7175091095197388
"Lucas, Easton","Beeks, Jalen",2024,L,7,0.7259793858536522
"Lucas, Easton","Morejon, Adrian",2024,L,8,0.7357117224488138
"Lucas, Easton","Booser, Cam",2024,L,9,0.7401841124162863
"Lucas, Easton","Skubal, Tarik",2024,L,10,0.7615927561585404
"Luzardo, Jesús","Akin, Keegan",2024,L,1,0.46867150461930357
"Luzardo, Jesús","Weathers, Ryan",2024,L,2,0.7494571222786627
"Luzardo, Jesús","Matsui, Yuki",2024,L,3,0.7825610799537469
"Luzardo, Jesús","Aldegheri, Sam",2024,L,4,0.838217228996971
"Luzardo, Jesús","Cabrera, Génesis",2024,L,5,0.8607123642217068
"Luzardo, Jesús","Little, Brendon",2024,L,6,0.9194177588880194
"Luzardo, Jesús","Pennington, Walter",2024,L,7,1.0293195769167673
"Luzardo, Jesús","Banks, Tanner",2024,L,8,1.061379460455942
"Luzardo, Jesús","Valdez, Framber",2024,L,9,1.0994877679223136
"Luzardo, Jesús","Cortes, Nestor",2024,L,10,1.1414748661664773
"Lynch IV, Daniel","Abbott, Andrew",2024,L,1,0.42553746079950816
"Lynch IV, Daniel","Latz, Jacob",2024,L,2,0.4521136741948613
"Lynch IV, Daniel","Fried, Max",2024,L,3,0.5599128770044839
"Lynch IV, Daniel","Paxton, James",2024,L,4,0.5871303850378097
"Lynch IV, Daniel","Sabrowski, Erik",2024,L,5,0.6384724969901885
"Lynch IV, Daniel","Wentz, Joey",2024,L,6,0.676252025571993
"Lynch IV, Daniel","Holton, Tyler",2024,L,7,0.6842023542489597
"Lynch IV, Daniel","Parker, Mitchell",2024,L,8,0.7163742132706211
"Lynch IV, Daniel","Herz, DJ",2024,L,9,0.7433907108881912
"Lynch IV, Daniel","Rodriguez, Eduardo",2024,L,10,0.7585805214138174
"Manaea, Sean","Lovelady, Richard",2024,L,1,0.6920138341025194
"Manaea, Sean","Hall, DL",2024,L,2,0.7054122086114478
"Manaea, Sean","Hudson, Bryan",2024,L,3,1.0109357875134781
"Manaea, Sean","Puk, A.J.",2024,L,4,1.0212005980476366
"Manaea, Sean","Kikuchi, Yusei",2024,L,5,1.042957116460647
"Manaea, Sean","Rogers, Trevor",2024,L,6,1.0484734624411145
"Manaea, Sean","Bubic, Kris",2024,L,7,1.048845734368946
"Manaea, Sean","Saucedo, Tayler",2024,L,8,1.1361864970311264
"Manaea, Sean","Funderburk, Kody",2024,L,9,1.1951435695535233
"Manaea, Sean","Hughes, Brandon",2024,L,10,1.2331656565359712
"Mantiply, Joe","La Sorsa, Joe",2024,L,1,0.9143414988890882
"Mantiply, Joe","Peralta, Sammy",2024,L,2,0.9212375096411521
"Mantiply, Joe","Guenther, Sean",2024,L,3,0.9457123210607451
"Mantiply, Joe","Boyd, Matthew",2024,L,4,0.9717097405755154
"Mantiply, Joe","Gonzales, Marco",2024,L,5,1.049354535047838
"Mantiply, Joe","Sale, Chris",2024,L,6,1.0549221824051223
"Mantiply, Joe","Fleming, Josh",2024,L,7,1.0615810757877744
"Mantiply, Joe","Heaney, Andrew",2024,L,8,1.0809562296420745
"Mantiply, Joe","Young, Danny",2024,L,9,1.0956523785672145
"Mantiply, Joe","Rodríguez, Joely",2024,L,10,1.1915251745320916
"Matsui, Yuki","Detmers, Reid",2024,L,1,0.5973238149163045
"Matsui, Yuki","Long, Sam",2024,L,2,0.6602110310281515
"Matsui, Yuki","Aldegheri, Sam",2024,L,3,0.6709893113038197
"Matsui, Yuki","Young, Alex",2024,L,4,0.7067847750965547
"Matsui, Yuki","Cortes, Nestor",2024,L,5,0.7123543849263775
"Matsui, Yuki","Banks, Tanner",2024,L,6,0.7238311485669551
"Matsui, Yuki","Akin, Keegan",2024,L,7,0.7357313175079325
"Matsui, Yuki","Valdez, Framber",2024,L,8,0.7422653416552961
"Matsui, Yuki","Luzardo, Jesús",2024,L,9,0.7825610799537469
"Matsui, Yuki","Pennington, Walter",2024,L,10,0.7863633451182171
"Matz, Steven","Ferguson, Caleb",2024,L,1,0.35274581792901843
"Matz, Steven","Herz, DJ",2024,L,2,0.4856832903371715
"Matz, Steven","Herrin, Tim",2024,L,3,0.49615500091196685
"Matz, Steven","Latz, Jacob",2024,L,4,0.5109445183853665
"Matz, Steven","Rodriguez, Eduardo",2024,L,5,0.5280583697875679
"Matz, Steven","Shuster, Jared",2024,L,6,0.6078922143009226
"Matz, Steven","Abbott, Andrew",2024,L,7,0.6253879956641594
"Matz, Steven","Booser, Cam",2024,L,8,0.6500797727654947
"Matz, Steven","Lucas, Easton",2024,L,9,0.704899861106311
"Matz, Steven","Freeland, Kyle",2024,L,10,0.710735792817312
"Mayza, Tim","Miller, Erik",2024,L,1,0.48855979724818743
"Mayza, Tim","Burke, Brock",2024,L,2,0.6356233126805179
"Mayza, Tim","Beeks, Jalen",2024,L,3,0.8009896964200913
"Mayza, Tim","Lucas, Easton",2024,L,4,0.8464731033069213
"Mayza, Tim","Skubal, Tarik",2024,L,5,0.888261195458785
"Mayza, Tim","Snell, Blake",2024,L,6,0.9661409886037124
"Mayza, Tim","Latz, Jacob",2024,L,7,0.9683171871988693
"Mayza, Tim","Sánchez, Cristopher",2024,L,8,0.9715587498209234
"Mayza, Tim","Hentges, Sam",2024,L,9,1.0361035782239918
"Mayza, Tim","Liberatore, Matthew",2024,L,10,1.0942060161429006
"McFarland, T.J.","Blach, Ty",2024,L,1,1.3339132862154839
"McFarland, T.J.","Rogers, Taylor",2024,L,2,1.4098811473336748
"McFarland, T.J.","Emanuel, Kent",2024,L,3,1.4141066816159618
"McFarland, T.J.","Bernardino, Brennan",2024,L,4,1.4590788766770795
"McFarland, T.J.","Allard, Kolby",2024,L,5,1.5010012469092928
"McFarland, T.J.","Cosgrove, Tom",2024,L,6,1.5557270570894082
"McFarland, T.J.","Rosenberg, Kenny",2024,L,7,1.6845896189393101
"McFarland, T.J.","Young, Alex",2024,L,8,1.774315253687335
"McFarland, T.J.","Young, Danny",2024,L,9,1.7746669380504183
"McFarland, T.J.","Pérez, Martín",2024,L,10,1.7849935926390226
"Means, John","Anderson, Tyler",2024,L,1,0.40745396372175624
"Means, John","Smith, Will",2024,L,2,0.6303266169033097
"Means, John","Irvin, Cole",2024,L,3,0.7322788080528264
"Means, John","Thielbar, Caleb",2024,L,4,0.7741594814493132
"Means, John","Kershaw, Clayton",2024,L,5,0.7795837701079575
"Means, John","Lee, Dylan",2024,L,6,0.8551590515838736
"Means, John","Moore, Matt",2024,L,7,0.9735449486163161
"Means, John","Sandoval, Patrick",2024,L,8,0.9888929416978268
"Means, John","Keuchel, Dallas",2024,L,9,1.123616515476249
"Means, John","Long, Sam",2024,L,10,1.1783922049107614
"Miller, Erik","Mayza, Tim",2024,L,1,0.48855979724818743
"Miller, Erik","Liberatore, Matthew",2024,L,2,0.6307082675798005
"Miller, Erik","Skubal, Tarik",2024,L,3,0.7649145811123236
"Miller, Erik","Beeks, Jalen",2024,L,4,0.8008031760232014
"Miller, Erik","Muller, Kyle",2024,L,5,0.9450241332876261
"Miller, Erik","Veneziano, Anthony",2024,L,6,0.9546624871398105
"Miller, Erik","Lucas, Easton",2024,L,7,0.9570690299941974
"Miller, Erik","Ragans, Cole",2024,L,8,0.9619467170623749
"Miller, Erik","Vesia, Alex",2024,L,9,1.053665600554095
"Miller, Erik","Latz, Jacob",2024,L,10,1.0580050850878517
"Milner, Hoby","Peralta, Sammy",2024,L,1,1.3373352760179325
"Milner, Hoby","Mantiply, Joe",2024,L,2,1.8750206413386068
"Milner, Hoby","Sears, JP",2024,L,3,1.9304912206949463
"Milner, Hoby","Heaney, Andrew",2024,L,4,1.9890696080342531
"Milner, Hoby","Gasser, Robert",2024,L,5,2.015774615506026
"Milner, Hoby","Sale, Chris",2024,L,6,2.075055427756286
"Milner, Hoby","Harrison, Kyle",2024,L,7,2.0989147793778447
"Milner, Hoby","La Sorsa, Joe",2024,L,8,2.222944711667478
"Milner, Hoby","Hudson, Bryan",2024,L,9,2.3008218936159692
"Milner, Hoby","Saucedo, Tayler",2024,L,10,2.347228329628261
"Minter, A.J.","Koenig, Jared",2024,L,1,0.41508827741713133
"Minter, A.J.","Morejon, Adrian",2024,L,2,0.5374543262991228
"Minter, A.J.","Booser, Cam",2024,L,3,0.6247967486213916
"Minter, A.J.","Lucas, Easton",2024,L,4,0.666743826638852
"Minter, A.J.","Banda, Anthony",2024,L,5,0.6701833895419385
"Minter, A.J.","Ferguson, Caleb",2024,L,6,0.732085846984032
"Minter, A.J.","Strahm, Matt",2024,L,7,0.7862349476221534
"Minter, A.J.","Soto, Gregory",2024,L,8,0.8288669798441834
"Minter, A.J.","Rodriguez, Eduardo",2024,L,9,0.8853252668268196
"Minter, A.J.","Matz, Steven",2024,L,10,0.8898964816784047
"Moll, Sam","Romero, JoJo",2024,L,1,1.7840107145872584
"Moll, Sam","Wrobleski, Justin",2024,L,2,1.8400143273359253
"Moll, Sam","Blach, Ty",2024,L,3,2.2987729458038575
"Moll, Sam","Zerpa, Angel",2024,L,4,2.4025119587231183
"Moll, Sam","Bernardino, Brennan",2024,L,5,2.680649020009365
"Moll, Sam","Speier, Gabe",2024,L,6,2.7173607015977583
"Moll, Sam","Rogers, Taylor",2024,L,7,2.770419075733203
"Moll, Sam","Luzardo, Jesús",2024,L,8,2.7959487087886457
"Moll, Sam","McFarland, T.J.",2024,L,9,2.8124457513320538
"Moll, Sam","Weathers, Ryan",2024,L,10,2.848996217748628
"Montgomery, Jordan","Gomber, Austin",2024,L,1,0.7181041773834209
"Montgomery, Jordan","Bush, Ky",2024,L,2,0.7582853107999233
"Montgomery, Jordan","Corbin, Patrick",2024,L,3,0.8456793397713916
"Montgomery, Jordan","Chafin, Andrew",2024,L,4,0.8622470384554541
"Montgomery, Jordan","Wentz, Joey",2024,L,5,0.925279557203425
"Montgomery, Jordan","Basso, Brady",2024,L,6,0.9423552840053696
"Montgomery, Jordan","Muller, Kyle",2024,L,7,0.9435921219385669
"Montgomery, Jordan","Lee, Dylan",2024,L,8,1.0605991687019143
"Montgomery, Jordan","Hentges, Sam",2024,L,9,1.1864082502386863
"Montgomery, Jordan","Kershaw, Clayton",2024,L,10,1.217270111312422
"Moore, Matt","Detmers, Reid",2024,L,1,0.5607734256277973
"Moore, Matt","Lee, Dylan",2024,L,2,0.676526159356751
"Moore, Matt","Sandoval, Patrick",2024,L,3,0.6832738447244407
"Moore, Matt","Long, Sam",2024,L,4,0.7407589736038988
"Moore, Matt","Ragans, Cole",2024,L,5,0.7483012113672584
"Moore, Matt","Irvin, Cole",2024,L,6,0.9238460726239737
"Moore, Matt","Wentz, Joey",2024,L,7,0.9566047634135936
"Moore, Matt","Means, John",2024,L,8,0.9735449486163161
"Moore, Matt","Steele, Justin",2024,L,9,0.9862569520237959
"Moore, Matt","Valdez, Framber",2024,L,10,1.0045163237926567
"Morejon, Adrian","Soto, Gregory",2024,L,1,0.44848662219511776
"Morejon, Adrian","Minter, A.J.",2024,L,2,0.5374543262991228
"Morejon, Adrian","Koenig, Jared",2024,L,3,0.6409482929828814
"Morejon, Adrian","Lucas, Easton",2024,L,4,0.7357117224488138
"Morejon, Adrian","Skubal, Tarik",2024,L,5,0.7934310134775653
"Morejon, Adrian","Quijada, José",2024,L,6,0.8227333455608692
"Morejon, Adrian","Banda, Anthony",2024,L,7,0.8296638587980325
"Morejon, Adrian","Hader, Josh",2024,L,8,0.9121155891442402
"Morejon, Adrian","Beeks, Jalen",2024,L,9,1.0231282622250888
"Morejon, Adrian","Ferguson, Caleb",2024,L,10,1.040614964556952
"Muller, Kyle","Wentz, Joey",2024,L,1,0.5716692969999716
"Muller, Kyle","Basso, Brady",2024,L,2,0.6863763186588726
"Muller, Kyle","Snell, Blake",2024,L,3,0.7920509688153725
"Muller, Kyle","Chafin, Andrew",2024,L,4,0.8439016674657166
"Muller, Kyle","Lee, Dylan",2024,L,5,0.8946185142273101
"Muller, Kyle","Montgomery, Jordan",2024,L,6,0.9435921219385669
"Muller, Kyle","Miller, Erik",2024,L,7,0.9450241332876261
"Muller, Kyle","Hentges, Sam",2024,L,8,0.9567760457066437
"Muller, Kyle","Lynch IV, Daniel",2024,L,9,1.100019934678379
"Muller, Kyle","Paxton, James",2024,L,10,1.1235045558761196
"Nardi, Andrew","Funderburk, Kody",2024,L,1,0.47235507918789954
"Nardi, Andrew","Herz, DJ",2024,L,2,0.5333830280166211
"Nardi, Andrew","Rogers, Trevor",2024,L,3,0.5998214168983657
"Nardi, Andrew","Bubic, Kris",2024,L,4,0.6670872538800156
"Nardi, Andrew","Freeland, Kyle",2024,L,5,0.7097724948320993
"Nardi, Andrew","Ferguson, Caleb",2024,L,6,0.7754902814224814
"Nardi, Andrew","Latz, Jacob",2024,L,7,0.8125979767041164
"Nardi, Andrew","Garcia, Robert",2024,L,8,0.8533046897848552
"Nardi, Andrew","Herrin, Tim",2024,L,9,0.8535493702845789
"Nardi, Andrew","Kikuchi, Yusei",2024,L,10,0.9044235404077813
"Okert, Steven","Guenther, Sean",2024,L,1,0.42679153797641584
"Okert, Steven","Quintana, Jose",2024,L,2,0.4800191316916005
"Okert, Steven","Springs, Jeffrey",2024,L,3,0.6395633218203459
"Okert, Steven","Rodríguez, Joely",2024,L,4,0.6579656358662417
"Okert, Steven","Sammons, Bryan",2024,L,5,0.6841021113358681
"Okert, Steven","Suarez, Ranger",2024,L,6,0.6932911517149608
"Okert, Steven","Garrett, Braxton",2024,L,7,0.7773429280085571
"Okert, Steven","Boyd, Matthew",2024,L,8,0.7855190667467751
"Okert, Steven","Fleming, Josh",2024,L,9,0.7985334333066433
"Okert, Steven","King, Bryan",2024,L,10,0.8139376015740228
"Parker, Mitchell","Sabrowski, Erik",2024,L,1,0.37436490760466923
"Parker, Mitchell","Abbott, Andrew",2024,L,2,0.6025487851978479
"Parker, Mitchell","Chafin, Andrew",2024,L,3,0.6772545889530648
"Parker, Mitchell","Funderburk, Kody",2024,L,4,0.7116781206625081
"Parker, Mitchell","Lynch IV, Daniel",2024,L,5,0.7163742132706211
"Parker, Mitchell","Harris, Hogan",2024,L,6,0.7311815768963462
"Parker, Mitchell","Fried, Max",2024,L,7,0.7436180090989775
"Parker, Mitchell","Rogers, Trevor",2024,L,8,0.7573651067219203
"Parker, Mitchell","Bubic, Kris",2024,L,9,0.76344094059316
"Parker, Mitchell","Paxton, James",2024,L,10,0.7656106480007308
"Paxton, James","Wicks, Jordan",2024,L,1,0.4885824548079338
"Paxton, James","Steele, Justin",2024,L,2,0.49823965804366865
"Paxton, James","Latz, Jacob",2024,L,3,0.5147904126385502
"Paxton, James","Abbott, Andrew",2024,L,4,0.5155029618272805
"Paxton, James","Lynch IV, Daniel",2024,L,5,0.5871303850378097
"Paxton, James","Chafin, Andrew",2024,L,6,0.6227873189883881
"Paxton, James","Veneziano, Anthony",2024,L,7,0.6403906759856202
"Paxton, James","Herrin, Tim",2024,L,8,0.6873563519339249
"Paxton, James","Holton, Tyler",2024,L,9,0.7050049637597412
"Paxton, James","Freeland, Kyle",2024,L,10,0.7076777245843694
"Pennington, Walter","Matsui, Yuki",2024,L,1,0.7863633451182171
"Pennington, Walter","Hurter, Brant",2024,L,2,0.8132712275924483
"Pennington, Walter","Walston, Blake",2024,L,3,0.8810404404635721
"Pennington, Walter","Young, Alex",2024,L,4,0.9085248535160239
"Pennington, Walter","Rogers, Taylor",2024,L,5,0.9179570789053254
"Pennington, Walter","Aldegheri, Sam",2024,L,6,0.9600379274412324
"Pennington, Walter","Weathers, Ryan",2024,L,7,1.0058778653975715
"Pennington, Walter","Suarez, José",2024,L,8,1.0265563894712753
"Pennington, Walter","Luzardo, Jesús",2024,L,9,1.0293195769167673
"Pennington, Walter","Cortes, Nestor",2024,L,10,1.0881035272485813
"Peralta, Sammy","Mantiply, Joe",2024,L,1,0.9212375096411521
"Peralta, Sammy","Sears, JP",2024,L,2,1.010060686574627
"Peralta, Sammy","Wood, Alex",2024,L,3,1.333196307482199
"Peralta, Sammy","Milner, Hoby",2024,L,4,1.3373352760179325
"Peralta, Sammy","Heaney, Andrew",2024,L,5,1.3555036793577808
"Peralta, Sammy","La Sorsa, Joe",2024,L,6,1.3763661858524805
"Peralta, Sammy","Sale, Chris",2024,L,7,1.4346549510453428
"Peralta, Sammy","Cosgrove, Tom",2024,L,8,1.4570159682344108
"Peralta, Sammy","Yarbrough, Ryan",2024,L,9,1.499033614409007
"Peralta, Sammy","Gonzales, Marco",2024,L,10,1.562097765006291
"Peralta, Wandy","Little, Brendon",2024,L,1,0.51948051450731
"Peralta, Wandy","Cabrera, Génesis",2024,L,2,1.0007817201891245
"Peralta, Wandy","Akin, Keegan",2024,L,3,1.0224653401387818
"Peralta, Wandy","Pérez, Cionel",2024,L,4,1.141153075569747
"Peralta, Wandy","Luzardo, Jesús",2024,L,5,1.1507422760425923
"Peralta, Wandy","Valdez, Framber",2024,L,6,1.2795308967200085
"Peralta, Wandy","Wilson, Justin",2024,L,7,1.3013983936962767
"Peralta, Wandy","Rodón, Carlos",2024,L,8,1.3794374206607858
"Peralta, Wandy","Weathers, Ryan",2024,L,9,1.4098742117388205
"Peralta, Wandy","Ellard, Fraser",2024,L,10,1.4110139652095472
"Peterson, David","Sánchez, Cristopher",2024,L,1,0.4170227424520251
"Peterson, David","Walker, Josh",2024,L,2,0.6144584846342197
"Peterson, David","Funderburk, Kody",2024,L,3,0.6192555191214457
"Peterson, David","Hentges, Sam",2024,L,4,0.7398611007902713
"Peterson, David","Poche, Colin",2024,L,5,0.7803108129695471
"Peterson, David","Parker, Mitchell",2024,L,6,0.8734747847944515
"Peterson, David","Sabrowski, Erik",2024,L,7,0.8887876662432868
"Peterson, David","Nardi, Andrew",2024,L,8,1.0403087771471338
"Peterson, David","Falter, Bailey",2024,L,9,1.0510709561311107
"Peterson, David","Rogers, Trevor",2024,L,10,1.1476126401714153
"Poche, Colin","Peterson, David",2024,L,1,0.7803108129695471
"Poche, Colin","Sánchez, Cristopher",2024,L,2,0.8046832803973563
"Poche, Colin","Hentges, Sam",2024,L,3,0.8393355246886336
"Poche, Colin","Walker, Josh",2024,L,4,0.9834601864218065
"Poche, Colin","Falter, Bailey",2024,L,5,0.9860752957641734
"Poche, Colin","Sabrowski, Erik",2024,L,6,1.0769032925141484
"Poche, Colin","Parker, Mitchell",2024,L,7,1.2423850394790084
"Poche, Colin","Funderburk, Kody",2024,L,8,1.2766627059347058
"Poche, Colin","Snell, Blake",2024,L,9,1.2787074691994857
"Poche, Colin","Bradford, Cody",2024,L,10,1.4124322352938417
"Povich, Cade","Holton, Tyler",2024,L,1,0.3450757692893844
"Povich, Cade","Quintana, Jose",2024,L,2,0.5138370892734214
"Povich, Cade","Wicks, Jordan",2024,L,3,0.5585013207795858
"Povich, Cade","Suarez, Ranger",2024,L,4,0.5893776693009508
"Povich, Cade","Fried, Max",2024,L,5,0.6121421768228315
"Povich, Cade","Allen, Logan",2024,L,6,0.6168251704315438
"Povich, Cade","Sammons, Bryan",2024,L,7,0.6398764561171706
"Povich, Cade","Sandoval, Patrick",2024,L,8,0.7021510176667372
"Povich, Cade","Long, Sam",2024,L,9,0.7298668575319259
"Povich, Cade","Irvin, Cole",2024,L,10,0.7362235694106294
"Puk, A.J.","Kikuchi, Yusei",2024,L,1,0.5295447914597707
"Puk, A.J.","Little, Luke",2024,L,2,0.6552725547271709
"Puk, A.J.","Lovelady, Richard",2024,L,3,0.867897224814633
"Puk, A.J.","Gore, MacKenzie",2024,L,4,0.962183846295404
"Puk, A.J.","Nardi, Andrew",2024,L,5,0.9659928183541483
"Puk, A.J.","Manaea, Sean",2024,L,6,1.0212005980476366
"Puk, A.J.","Funderburk, Kody",2024,L,7,1.0355010581334867
"Puk, A.J.","Bubic, Kris",2024,L,8,1.2161172695081972
"Puk, A.J.","Garcia, Robert",2024,L,9,1.2184596839603195
"Puk, A.J.","Rogers, Trevor",2024,L,10,1.2417703079398812
"Pérez, Cionel","Cleavinger, Garrett",2024,L,1,0.6914468050096881
"Pérez, Cionel","King, John",2024,L,2,0.7143146405966265
"Pérez, Cionel","Speier, Gabe",2024,L,3,0.7773761817161418
"Pérez, Cionel","Cabrera, Génesis",2024,L,4,0.8525239372502604
"Pérez, Cionel","Strahm, Matt",2024,L,5,0.9062428410757672
"Pérez, Cionel","Weathers, Ryan",2024,L,6,0.9139299509980232
"Pérez, Cionel","Akin, Keegan",2024,L,7,0.9476284953933487
"Pérez, Cionel","Ellard, Fraser",2024,L,8,1.0225543262142123
"Pérez, Cionel","Alexander, Scott",2024,L,9,1.1261034104255891
"Pérez, Cionel","Peralta, Wandy",2024,L,10,1.141153075569747
"Pérez, Martín","Cortes, Nestor",2024,L,1,0.4000181693729436
"Pérez, Martín","Suarez, José",2024,L,2,0.5781786982940476
"Pérez, Martín","Young, Alex",2024,L,3,0.6189416020526124
"Pérez, Martín","Rogers, Taylor",2024,L,4,0.6335889508144994
"Pérez, Martín","Horn, Bailey",2024,L,5,0.6341982047971279
"Pérez, Martín","Long, Sam",2024,L,6,0.8212537635620567
"Pérez, Martín","Valdez, Framber",2024,L,7,0.8538645816305869
"Pérez, Martín","Rosenberg, Kenny",2024,L,8,0.8988928723780371
"Pérez, Martín","Allard, Kolby",2024,L,9,0.9094576349278768
"Pérez, Martín","Matsui, Yuki",2024,L,10,0.9245675175522404
"Quijada, José","Scott, Tanner",2024,L,1,0.5594039426816332
"Quijada, José","Soto, Gregory",2024,L,2,0.6413091356346994
"Quijada, José","Banda, Anthony",2024,L,3,0.729576173638697
"Quijada, José","Hader, Josh",2024,L,4,0.7846067901692735
"Quijada, José","Morejon, Adrian",2024,L,5,0.8227333455608692
"Quijada, José","Minter, A.J.",2024,L,6,1.0680574624884398
"Quijada, José","Garcia, Robert",2024,L,7,1.1959575628363979
"Quijada, José","Ferguson, Caleb",2024,L,8,1.3051503246309564
"Quijada, José","Koenig, Jared",2024,L,9,1.3136027083835817
"Quijada, José","Lucas, Easton",2024,L,10,1.3585127682643199
"Quintana, Jose","Okert, Steven",2024,L,1,0.4800191316916005
"Quintana, Jose","Suarez, Ranger",2024,L,2,0.4918938999530147
"Quintana, Jose","Povich, Cade",2024,L,3,0.5138370892734214
"Quintana, Jose","Holton, Tyler",2024,L,4,0.5434249067699057
"Quintana, Jose","Henry, Tommy",2024,L,5,0.5496835759373987
"Quintana, Jose","Sammons, Bryan",2024,L,6,0.625164078083863
"Quintana, Jose","Garrett, Braxton",2024,L,7,0.6275033431617492
"Quintana, Jose","King, Bryan",2024,L,8,0.6395725896623446
"Quintana, Jose","Harris, Hogan",2024,L,9,0.6412727056399309
"Quintana, Jose","Fried, Max",2024,L,10,0.6894873295918875
"Ragans, Cole","Rodón, Carlos",2024,L,1,0.6492899917600166
"Ragans, Cole","Liberatore, Matthew",2024,L,2,0.6764685454038437
"Ragans, Cole","Veneziano, Anthony",2024,L,3,0.731821860292936
"Ragans, Cole","Moore, Matt",2024,L,4,0.7483012113672584
"Ragans, Cole","Detmers, Reid",2024,L,5,0.8083066139036666
"Ragans, Cole","Steele, Justin",2024,L,6,0.8595328021891557
"Ragans, Cole","Ray, Robbie",2024,L,7,0.9015260959173554
"Ragans, Cole","Banks, Tanner",2024,L,8,0.9456858141260885
"Ragans, Cole","Miller, Erik",2024,L,9,0.9619467170623749
"Ragans, Cole","Rodriguez, Eduardo",2024,L,10,1.0196021353007034
"Ray, Robbie","Rodón, Carlos",2024,L,1,0.34139516469200487
"Ray, Robbie","Banks, Tanner",2024,L,2,0.6729219901143262
"Ray, Robbie","Cabrera, Génesis",2024,L,3,0.8320390300458333
"Ray, Robbie","Veneziano, Anthony",2024,L,4,0.8691116199516551
"Ray, Robbie","Koenig, Jared",2024,L,5,0.8735125290069173
"Ray, Robbie","Ragans, Cole",2024,L,6,0.9015260959173554
"Ray, Robbie","Skubal, Tarik",2024,L,7,0.9659725723296632
"Ray, Robbie","Steele, Justin",2024,L,8,0.9769926645077989
"Ray, Robbie","Akin, Keegan",2024,L,9,0.9791887191607347
"Ray, Robbie","Wilson, Justin",2024,L,10,1.0403237580211528
"Rodriguez, Eduardo","Veneziano, Anthony",2024,L,1,0.49991906855312723
"Rodriguez, Eduardo","Matz, Steven",2024,L,2,0.5280583697875679
"Rodriguez, Eduardo","Alexander, Scott",2024,L,3,0.547680165357809
"Rodriguez, Eduardo","Vesia, Alex",2024,L,4,0.5607060821161562
"Rodriguez, Eduardo","Latz, Jacob",2024,L,5,0.6372569409864584
"Rodriguez, Eduardo","Lucas, Easton",2024,L,6,0.7175091095197388
"Rodriguez, Eduardo","Kerr, Ray",2024,L,7,0.7184512373686951
"Rodriguez, Eduardo","Steele, Justin",2024,L,8,0.7315986573287417
"Rodriguez, Eduardo","Wicks, Jordan",2024,L,9,0.7320167906787058
"Rodriguez, Eduardo","Booser, Cam",2024,L,10,0.7411342670674271
"Rodríguez, Joely","Imanaga, Shota",2024,L,1,0.43895328250766563
"Rodríguez, Joely","Fleming, Josh",2024,L,2,0.5314502236804348
"Rodríguez, Joely","Sammons, Bryan",2024,L,3,0.6446463614944856
"Rodríguez, Joely","King, Bryan",2024,L,4,0.6494378378111959
"Rodríguez, Joely","Okert, Steven",2024,L,5,0.6579656358662417
"Rodríguez, Joely","Guenther, Sean",2024,L,6,0.6970726616532786
"Rodríguez, Joely","Boyd, Matthew",2024,L,7,0.8016630413861093
"Rodríguez, Joely","Sale, Chris",2024,L,8,0.8241532149734233
"Rodríguez, Joely","Quintana, Jose",2024,L,9,0.833603339848692
"Rodríguez, Joely","Allen, Logan",2024,L,10,0.8416904128468728
"Rodón, Carlos","Ray, Robbie",2024,L,1,0.34139516469200487
"Rodón, Carlos","Ragans, Cole",2024,L,2,0.6492899917600166
"Rodón, Carlos","Banks, Tanner",2024,L,3,0.7913171552882371
"Rodón, Carlos","Cabrera, Génesis",2024,L,4,0.8187587447891519
"Rodón, Carlos","Wilson, Justin",2024,L,5,0.8390215339491314
"Rodón, Carlos","Veneziano, Anthony",2024,L,6,0.8683388075923605
"Rodón, Carlos","Skubal, Tarik",2024,L,7,0.8836677078059273
"Rodón, Carlos","Liberatore, Matthew",2024,L,8,0.8881018349460039
"Rodón, Carlos","Akin, Keegan",2024,L,9,1.0152482934035563
"Rodón, Carlos","Steele, Justin",2024,L,10,1.0244193843506129
"Rogers, Taylor","Young, Alex",2024,L,1,0.5466465904965256
"Rogers, Taylor","Pérez, Martín",2024,L,2,0.6335889508144994
"Rogers, Taylor","Cortes, Nestor",2024,L,3,0.634037701572463
"Rogers, Taylor","Aldegheri, Sam",2024,L,4,0.7821190604529054
"Rogers, Taylor","Rosenberg, Kenny",2024,L,5,0.8180932935979112
"Rogers, Taylor","Suarez, José",2024,L,6,0.8307048336341962
"Rogers, Taylor","Emanuel, Kent",2024,L,7,0.8989804234068949
"Rogers, Taylor","Pennington, Walter",2024,L,8,0.9179570789053254
"Rogers, Taylor","Matsui, Yuki",2024,L,9,0.987854764392642
"Rogers, Taylor","Horn, Bailey",2024,L,10,1.0034299501535682
"Rogers, Trevor","Bubic, Kris",2024,L,1,0.21431299326810657
"Rogers, Trevor","Freeland, Kyle",2024,L,2,0.28525962003379685
"Rogers, Trevor","Herrin, Tim",2024,L,3,0.49313832802534685
"Rogers, Trevor","Herz, DJ",2024,L,4,0.5041038688941061
"Rogers, Trevor","Hall, DL",2024,L,5,0.5175864003321407
"Rogers, Trevor","Funderburk, Kody",2024,L,6,0.5985056862583241
"Rogers, Trevor","Nardi, Andrew",2024,L,7,0.5998214168983657
"Rogers, Trevor","King, Bryan",2024,L,8,0.6167906011805572
"Rogers, Trevor","Abbott, Andrew",2024,L,9,0.6224863740591936
"Rogers, Trevor","Hughes, Brandon",2024,L,10,0.7101286502977668
"Romero, JoJo","Wrobleski, Justin",2024,L,1,1.0037847717779373
"Romero, JoJo","Speier, Gabe",2024,L,2,1.058331985891085
"Romero, JoJo","Luzardo, Jesús",2024,L,3,1.2353807915959918
"Romero, JoJo","Weathers, Ryan",2024,L,4,1.2919339321558874
"Romero, JoJo","Cortes, Nestor",2024,L,5,1.3066481949834892
"Romero, JoJo","Rogers, Taylor",2024,L,6,1.325625990392994
"Romero, JoJo","Pérez, Cionel",2024,L,7,1.3708822888641294
"Romero, JoJo","Akin, Keegan",2024,L,8,1.3925032087367162
"Romero, JoJo","Zerpa, Angel",2024,L,9,1.4215594180313231
"Romero, JoJo","Aldegheri, Sam",2024,L,10,1.4550207583738783
"Rosenberg, Kenny","Keuchel, Dallas",2024,L,1,0.27151461815020655
"Rosenberg, Kenny","Young, Alex",2024,L,2,0.47495293749183465
"Rosenberg, Kenny","Emanuel, Kent",2024,L,3,0.6882939295435294
"Rosenberg, Kenny","Aldegheri, Sam",2024,L,4,0.7073384062551352
"Rosenberg, Kenny","Rogers, Taylor",2024,L,5,0.8180932935979112
"Rosenberg, Kenny","Pérez, Martín",2024,L,6,0.8988928723780371
"Rosenberg, Kenny","Walston, Blake",2024,L,7,0.9738480470387683
"Rosenberg, Kenny","Cortes, Nestor",2024,L,8,1.0495469514996743
"Rosenberg, Kenny","Horn, Bailey",2024,L,9,1.0568135054925498
"Rosenberg, Kenny","Matsui, Yuki",2024,L,10,1.1137586380650277
"Sabrowski, Erik","Parker, Mitchell",2024,L,1,0.37436490760466923
"Sabrowski, Erik","Lynch IV, Daniel",2024,L,2,0.6384724969901885
"Sabrowski, Erik","Abbott, Andrew",2024,L,3,0.6641966894930277
"Sabrowski, Erik","Sánchez, Cristopher",2024,L,4,0.727612361301573
"Sabrowski, Erik","Funderburk, Kody",2024,L,5,0.7709291707901393
"Sabrowski, Erik","Latz, Jacob",2024,L,6,0.7881223796340189
"Sabrowski, Erik","Herz, DJ",2024,L,7,0.8357895683600051
"Sabrowski, Erik","Fried, Max",2024,L,8,0.8359428848510883
"Sabrowski, Erik","Bubic, Kris",2024,L,9,0.8363460334250046
"Sabrowski, Erik","Hentges, Sam",2024,L,10,0.8875648418718225
"Sale, Chris","Heaney, Andrew",2024,L,1,0.15210910914870468
"Sale, Chris","Bummer, Aaron",2024,L,2,0.5859567355897067
"Sale, Chris","Fleming, Josh",2024,L,3,0.6253377687501924
"Sale, Chris","Imanaga, Shota",2024,L,4,0.7184229394890408
"Sale, Chris","Rodríguez, Joely",2024,L,5,0.8241532149734233
"Sale, Chris","Hughes, Brandon",2024,L,6,0.8545180955432672
"Sale, Chris","Gasser, Robert",2024,L,7,0.9090624155026868
"Sale, Chris","Saucedo, Tayler",2024,L,8,0.9092186322176387
"Sale, Chris","King, Bryan",2024,L,9,1.0430413971008266
"Sale, Chris","Mantiply, Joe",2024,L,10,1.0549221824051223
"Sammons, Bryan","Allen, Logan",2024,L,1,0.21914526929563827
"Sammons, Bryan","Boyd, Matthew",2024,L,2,0.35434669367261223
"Sammons, Bryan","Imanaga, Shota",2024,L,3,0.491589700353474
"Sammons, Bryan","Gonzales, Marco",2024,L,4,0.5469297127152102
"Sammons, Bryan","Guenther, Sean",2024,L,5,0.5989189315653055
"Sammons, Bryan","Quintana, Jose",2024,L,6,0.625164078083863
"Sammons, Bryan","Povich, Cade",2024,L,7,0.6398764561171706
"Sammons, Bryan","Rodríguez, Joely",2024,L,8,0.6446463614944856
"Sammons, Bryan","Suarez, Ranger",2024,L,9,0.67966623243464
"Sammons, Bryan","Okert, Steven",2024,L,10,0.6841021113358681
"Sandoval, Patrick","Long, Sam",2024,L,1,0.4336521586267789
"Sandoval, Patrick","Irvin, Cole",2024,L,2,0.45010083929552863
"Sandoval, Patrick","Detmers, Reid",2024,L,3,0.6084163510491036
"Sandoval, Patrick","Moore, Matt",2024,L,4,0.6832738447244407
"Sandoval, Patrick","Holton, Tyler",2024,L,5,0.6977363676904238
"Sandoval, Patrick","Povich, Cade",2024,L,6,0.7021510176667372
"Sandoval, Patrick","Fried, Max",2024,L,7,0.7616310376094036
"Sandoval, Patrick","Wicks, Jordan",2024,L,8,0.8462696273898
"Sandoval, Patrick","Lee, Dylan",2024,L,9,0.8838034808151656
"Sandoval, Patrick","Steele, Justin",2024,L,10,0.8999645394594772
"Saucedo, Tayler","Hughes, Brandon",2024,L,1,0.5612997217229051
"Saucedo, Tayler","Gasser, Robert",2024,L,2,0.6333082172386667
"Saucedo, Tayler","Fleming, Josh",2024,L,3,0.6625382751507093
"Saucedo, Tayler","Hall, DL",2024,L,4,0.6864423952781351
"Saucedo, Tayler","King, Bryan",2024,L,5,0.8013837932284993
"Saucedo, Tayler","Shuster, Jared",2024,L,6,0.8582624300136101
"Saucedo, Tayler","Sale, Chris",2024,L,7,0.9092186322176387
"Saucedo, Tayler","Harrison, Kyle",2024,L,8,0.9115191741184233
"Saucedo, Tayler","Bubic, Kris",2024,L,9,0.9194153746186103
"Saucedo, Tayler","Heaney, Andrew",2024,L,10,0.9221080721633592
"Scott, Tanner","Quijada, José",2024,L,1,0.5594039426816332
"Scott, Tanner","Banda, Anthony",2024,L,2,0.6950912115662119
"Scott, Tanner","Soto, Gregory",2024,L,3,1.1340255856300279
"Scott, Tanner","Morejon, Adrian",2024,L,4,1.1722588357576917
"Scott, Tanner","Minter, A.J.",2024,L,5,1.2711888110493823
"Scott, Tanner","Hader, Josh",2024,L,6,1.2739207714859138
"Scott, Tanner","Strahm, Matt",2024,L,7,1.323928367733105
"Scott, Tanner","Garcia, Robert",2024,L,8,1.479208033899784
"Scott, Tanner","Koenig, Jared",2024,L,9,1.4811705037762093
"Scott, Tanner","Ferguson, Caleb",2024,L,10,1.5980697312881151
"Sears, JP","Wood, Alex",2024,L,1,0.8997287925940826
"Sears, JP","Peralta, Sammy",2024,L,2,1.010060686574627
"Sears, JP","Heaney, Andrew",2024,L,3,1.2347472818161869
"Sears, JP","Harrison, Kyle",2024,L,4,1.2629821474475678
"Sears, JP","Gasser, Robert",2024,L,5,1.2856715954971136
"Sears, JP","Sale, Chris",2024,L,6,1.3606407321824638
"Sears, JP","Bummer, Aaron",2024,L,7,1.3884560364132386
"Sears, JP","Mantiply, Joe",2024,L,8,1.4937482786289225
"Sears, JP","Gonzales, Marco",2024,L,9,1.5010124775950424
"Sears, JP","Saucedo, Tayler",2024,L,10,1.518131973719582
"Shuster, Jared","Herrin, Tim",2024,L,1,0.49563460422598893
"Shuster, Jared","Matz, Steven",2024,L,2,0.6078922143009226
"Shuster, Jared","Abbott, Andrew",2024,L,3,0.6438924079653552
"Shuster, Jared","Hughes, Brandon",2024,L,4,0.6849676517749258
"Shuster, Jared","King, Bryan",2024,L,5,0.6922532655044229
"Shuster, Jared","Freeland, Kyle",2024,L,6,0.7348475474548364
"Shuster, Jared","Holton, Tyler",2024,L,7,0.7431014267999851
"Shuster, Jared","Bubic, Kris",2024,L,8,0.7796467682330376
"Shuster, Jared","Herz, DJ",2024,L,9,0.8048988420227162
"Shuster, Jared","Povich, Cade",2024,L,10,0.8228153361395308
"Skubal, Tarik","Lucas, Easton",2024,L,1,0.7615927561585404
"Skubal, Tarik","Miller, Erik",2024,L,2,0.7649145811123236
"Skubal, Tarik","Beeks, Jalen",2024,L,3,0.7889951684789616
"Skubal, Tarik","Morejon, Adrian",2024,L,4,0.7934310134775653
"Skubal, Tarik","Wilson, Justin",2024,L,5,0.7995090806594258
"Skubal, Tarik","Liberatore, Matthew",2024,L,6,0.8276406979978634
"Skubal, Tarik","Rodón, Carlos",2024,L,7,0.8836677078059273
"Skubal, Tarik","Koenig, Jared",2024,L,8,0.8867343058306801
"Skubal, Tarik","Mayza, Tim",2024,L,9,0.888261195458785
"Skubal, Tarik","Ray, Robbie",2024,L,10,0.9659725723296632
"Smith, Will","Anderson, Tyler",2024,L,1,0.26652471400024785
"Smith, Will","Means, John",2024,L,2,0.6303266169033097
"Smith, Will","Keuchel, Dallas",2024,L,3,1.0455516345981228
"Smith, Will","Smyly, Drew",2024,L,4,1.11423372335739
"Smith, Will","Thielbar, Caleb",2024,L,5,1.1836690383835287
"Smith, Will","Kershaw, Clayton",2024,L,6,1.1837596825402579
"Smith, Will","Irvin, Cole",2024,L,7,1.2560736879089454
"Smith, Will","Rosenberg, Kenny",2024,L,8,1.276219412452039
"Smith, Will","Lee, Dylan",2024,L,9,1.312146266572539
"Smith, Will","Emanuel, Kent",2024,L,10,1.3251251236323847
"Smyly, Drew","Williamson, Brandon",2024,L,1,0.9195902641541293
"Smyly, Drew","Keuchel, Dallas",2024,L,2,0.9223587057075269
"Smyly, Drew","Anderson, Tyler",2024,L,3,1.0999062306911656
"Smyly, Drew","Moore, Matt",2024,L,4,1.1041946103602356
"Smyly, Drew","Smith, Will",2024,L,5,1.11423372335739
"Smyly, Drew","Rosenberg, Kenny",2024,L,6,1.1189436003485305
"Smyly, Drew","Means, John",2024,L,7,1.189281816162718
"Smyly, Drew","Detmers, Reid",2024,L,8,1.245466049924947
"Smyly, Drew","Aldegheri, Sam",2024,L,9,1.259202937377215
"Smyly, Drew","Lee, Dylan",2024,L,10,1.3025052947537834
"Snell, Blake","Hentges, Sam",2024,L,1,0.5123585581096629
"Snell, Blake","Muller, Kyle",2024,L,2,0.7920509688153725
"Snell, Blake","Sánchez, Cristopher",2024,L,3,0.9336311079399658
"Snell, Blake","Mayza, Tim",2024,L,4,0.9661409886037124
"Snell, Blake","Miller, Erik",2024,L,5,1.0915153337157752
"Snell, Blake","Peterson, David",2024,L,6,1.1640562610374106
"Snell, Blake","Wentz, Joey",2024,L,7,1.182592475361605
"Snell, Blake","Chafin, Andrew",2024,L,8,1.1954231063303296
"Snell, Blake","Burke, Brock",2024,L,9,1.241252113208617
"Snell, Blake","Basso, Brady",2024,L,10,1.2443464531849504
"Soto, Gregory","Morejon, Adrian",2024,L,1,0.44848662219511776
"Soto, Gregory","Quijada, José",2024,L,2,0.6413091356346994
"Soto, Gregory","Hader, Josh",2024,L,3,0.7394021610994564
"Soto, Gregory","Minter, A.J.",2024,L,4,0.8288669798441834
"Soto, Gregory","Lucas, Easton",2024,L,5,0.8438078272574623
"Soto, Gregory","Beeks, Jalen",2024,L,6,0.9347217694354576
"Soto, Gregory","Banda, Anthony",2024,L,7,0.962786206363241
"Soto, Gregory","Skubal, Tarik",2024,L,8,1.0176951261119527
"Soto, Gregory","Ferguson, Caleb",2024,L,9,1.0521565598212905
"Soto, Gregory","Koenig, Jared",2024,L,10,1.0600600436223626
"Speier, Gabe","King, John",2024,L,1,0.5028056694721207
"Speier, Gabe","Cleavinger, Garrett",2024,L,2,0.537104831285576
"Speier, Gabe","Pérez, Cionel",2024,L,3,0.7773761817161418
"Speier, Gabe","Suarez, José",2024,L,4,0.9186815909558592
"Speier, Gabe","Strahm, Matt",2024,L,5,0.9246876697703007
"Speier, Gabe","Kerr, Ray",2024,L,6,0.9737480025689729
"Speier, Gabe","Cortes, Nestor",2024,L,7,1.0024761030682472
"Speier, Gabe","Weathers, Ryan",2024,L,8,1.02143449625257
"Speier, Gabe","Alexander, Scott",2024,L,9,1.032916431192967
"Speier, Gabe","Romero, JoJo",2024,L,10,1.058331985891085
"Springs, Jeffrey","Suarez, Ranger",2024,L,1,0.5219626214034462
"Springs, Jeffrey","Kershaw, Clayton",2024,L,2,0.6063780940368979
"Springs, Jeffrey","Okert, Steven",2024,L,3,0.6395633218203459
"Springs, Jeffrey","Quintana, Jose",2024,L,4,0.7323658663051112
"Springs, Jeffrey","Guenther, Sean",2024,L,5,0.7821090035745369
"Springs, Jeffrey","Irvin, Cole",2024,L,6,0.920592330251162
"Springs, Jeffrey","Alexander, Tyler",2024,L,7,0.9445976955079642
"Springs, Jeffrey","Povich, Cade",2024,L,8,0.9485497994139388
"Springs, Jeffrey","Henry, Tommy",2024,L,9,0.9793615232733145
"Springs, Jeffrey","Sammons, Bryan",2024,L,10,1.0113591393976133
"Steele, Justin","Veneziano, Anthony",2024,L,1,0.33855837692184776
"Steele, Justin","Wicks, Jordan",2024,L,2,0.40490358455938114
"Steele, Justin","Paxton, James",2024,L,3,0.49823965804366865
"Steele, Justin","Rodriguez, Eduardo",2024,L,4,0.7315986573287417
"Steele, Justin","Banks, Tanner",2024,L,5,0.7910126622765142
"Steele, Justin","Detmers, Reid",2024,L,6,0.7988706163390468
"Steele, Justin","Long, Sam",2024,L,7,0.8025602373425375
"Steele, Justin","Latz, Jacob",2024,L,8,0.8115161498388607
"Steele, Justin","Lynch IV, Daniel",2024,L,9,0.8301892645384027
"Steele, Justin","Hurter, Brant",2024,L,10,0.8483052345526174
"Strahm, Matt","King, John",2024,L,1,0.4643284767156603
"Strahm, Matt","Lodolo, Nick",2024,L,2,0.7359318825114469
"Strahm, Matt","Banda, Anthony",2024,L,3,0.7403504076974212
"Strahm, Matt","Minter, A.J.",2024,L,4,0.7862349476221534
"Strahm, Matt","Booser, Cam",2024,L,5,0.8083904549033386
"Strahm, Matt","Cleavinger, Garrett",2024,L,6,0.8640036277256244
"Strahm, Matt","Pérez, Cionel",2024,L,7,0.9062428410757672
"Strahm, Matt","Ferguson, Caleb",2024,L,8,0.9192991118863384
"Strahm, Matt","Speier, Gabe",2024,L,9,0.9246876697703007
"Strahm, Matt","Alexander, Scott",2024,L,10,0.964696369685716
"Suarez, José","Kerr, Ray",2024,L,1,0.4942535463221116
"Suarez, José","Cortes, Nestor",2024,L,2,0.5198622716818115
"Suarez, José","Pérez, Martín",2024,L,3,0.5781786982940476
"Suarez, José","Alexander, Scott",2024,L,4,0.6941842147907519
"Suarez, José","Matsui, Yuki",2024,L,5,0.8260859556916805
"Suarez, José","Long, Sam",2024,L,6,0.8292173242361266
"Suarez, José","Rogers, Taylor",2024,L,7,0.8307048336341962
"Suarez, José","Horn, Bailey",2024,L,8,0.8313808561736362
"Suarez, José","Young, Alex",2024,L,9,0.8894019519356896
"Suarez, José","Allen, Logan",2024,L,10,0.8986309892299889
"Suarez, Ranger","Quintana, Jose",2024,L,1,0.4918938999530147
"Suarez, Ranger","Springs, Jeffrey",2024,L,2,0.5219626214034462
"Suarez, Ranger","Kershaw, Clayton",2024,L,3,0.5817518970983077
"Suarez, Ranger","Povich, Cade",2024,L,4,0.5893776693009508
"Suarez, Ranger","Alexander, Tyler",2024,L,5,0.6141201232432708
"Suarez, Ranger","Irvin, Cole",2024,L,6,0.6579490261042731
"Suarez, Ranger","Allen, Logan",2024,L,7,0.6724543672712205
"Suarez, Ranger","Sammons, Bryan",2024,L,8,0.67966623243464
"Suarez, Ranger","Okert, Steven",2024,L,9,0.6932911517149608
"Suarez, Ranger","Holton, Tyler",2024,L,10,0.7030144896624906
"Suter, Brent","Gomber, Austin",2024,L,1,1.492229021372682
"Suter, Brent","Corbin, Patrick",2024,L,2,1.584817978386492
"Suter, Brent","Bush, Ky",2024,L,3,1.6205099023772014
"Suter, Brent","Bradford, Cody",2024,L,4,1.6608091352122694
"Suter, Brent","Thompson, Zack",2024,L,5,1.8139088745984866
"Suter, Brent","Harris, Hogan",2024,L,6,1.8337363556943074
"Suter, Brent","Garrett, Braxton",2024,L,7,1.9666585202087843
"Suter, Brent","Cantillo, Joey",2024,L,8,1.969181876933752
"Suter, Brent","Montgomery, Jordan",2024,L,9,2.01512125467268
"Suter, Brent","Henry, Tommy",2024,L,10,2.046333902935243
"Sánchez, Cristopher","Peterson, David",2024,L,1,0.4170227424520251
"Sánchez, Cristopher","Hentges, Sam",2024,L,2,0.5315244399377843
"Sánchez, Cristopher","Funderburk, Kody",2024,L,3,0.6260770184319266
"Sánchez, Cristopher","Sabrowski, Erik",2024,L,4,0.727612361301573
"Sánchez, Cristopher","Poche, Colin",2024,L,5,0.8046832803973563
"Sánchez, Cristopher","Parker, Mitchell",2024,L,6,0.8254752916107883
"Sánchez, Cristopher","Walker, Josh",2024,L,7,0.8430509663261072
"Sánchez, Cristopher","Snell, Blake",2024,L,8,0.9336311079399658
"Sánchez, Cristopher","Mayza, Tim",2024,L,9,0.9715587498209234
"Sánchez, Cristopher","Nardi, Andrew",2024,L,10,0.9963241772248603
"Thielbar, Caleb","Irvin, Cole",2024,L,1,0.6137459090058884
"Thielbar, Caleb","Kershaw, Clayton",2024,L,2,0.7439450715675412
"Thielbar, Caleb","Means, John",2024,L,3,0.7741594814493132
"Thielbar, Caleb","Sandoval, Patrick",2024,L,4,0.9006571715391217
"Thielbar, Caleb","Suarez, Ranger",2024,L,5,0.9214670996924458
"Thielbar, Caleb","Horn, Bailey",2024,L,6,0.9645484362567028
"Thielbar, Caleb","Anderson, Tyler",2024,L,7,0.9780396352307554
"Thielbar, Caleb","Alexander, Tyler",2024,L,8,1.0140596423535178
"Thielbar, Caleb","Fried, Max",2024,L,9,1.1697660824950042
"Thielbar, Caleb","Smith, Will",2024,L,10,1.1836690383835287
"Thompson, Zack","Bradford, Cody",2024,L,1,0.7848332853641684
"Thompson, Zack","Henry, Tommy",2024,L,2,0.9390016873383861
"Thompson, Zack","Harris, Hogan",2024,L,3,1.1752268276093698
"Thompson, Zack","Cantillo, Joey",2024,L,4,1.213639378085376
"Thompson, Zack","Corbin, Patrick",2024,L,5,1.2677873975743563
"Thompson, Zack","Bush, Ky",2024,L,6,1.2773618498792296
"Thompson, Zack","Fried, Max",2024,L,7,1.344826849297912
"Thompson, Zack","Kershaw, Clayton",2024,L,8,1.3489699035845268
"Thompson, Zack","Parker, Mitchell",2024,L,9,1.355583400535051
"Thompson, Zack","Garrett, Braxton",2024,L,10,1.3811459059319242
"Valdez, Framber","Cortes, Nestor",2024,L,1,0.6693793264985668
"Valdez, Framber","Detmers, Reid",2024,L,2,0.6759052104826687
"Valdez, Framber","Matsui, Yuki",2024,L,3,0.7422653416552961
"Valdez, Framber","Long, Sam",2024,L,4,0.7991067445805649
"Valdez, Framber","Pérez, Martín",2024,L,5,0.8538645816305869
"Valdez, Framber","Aldegheri, Sam",2024,L,6,0.890464734010328
"Valdez, Framber","Young, Alex",2024,L,7,0.970668270786798
"Valdez, Framber","Kerr, Ray",2024,L,8,0.9779198908479448
"Valdez, Framber","Alexander, Scott",2024,L,9,0.9779598487279751
"Valdez, Framber","Moore, Matt",2024,L,10,1.0045163237926567
"Veneziano, Anthony","Steele, Justin",2024,L,1,0.33855837692184776
"Veneziano, Anthony","Rodriguez, Eduardo",2024,L,2,0.49991906855312723
"Veneziano, Anthony","Wicks, Jordan",2024,L,3,0.6032404690571008
"Veneziano, Anthony","Paxton, James",2024,L,4,0.6403906759856202
"Veneziano, Anthony","Lucas, Easton",2024,L,5,0.7030344831501344
"Veneziano, Anthony","Latz, Jacob",2024,L,6,0.7145651547043697
"Veneziano, Anthony","Ragans, Cole",2024,L,7,0.731821860292936
"Veneziano, Anthony","Booser, Cam",2024,L,8,0.7955007634045359
"Veneziano, Anthony","Lynch IV, Daniel",2024,L,9,0.8095915559280656
"Veneziano, Anthony","Alexander, Scott",2024,L,10,0.8363891101496445
"Vesia, Alex","Beeks, Jalen",2024,L,1,0.5272794522998264
"Vesia, Alex","Rodriguez, Eduardo",2024,L,2,0.5607060821161562
"Vesia, Alex","Veneziano, Anthony",2024,L,3,0.8772163497259441
"Vesia, Alex","Matz, Steven",2024,L,4,0.8888714579721297
"Vesia, Alex","Latz, Jacob",2024,L,5,0.8936044790043636
"Vesia, Alex","Lynch IV, Daniel",2024,L,6,0.9212328720703253
"Vesia, Alex","Alexander, Scott",2024,L,7,0.9254187202314116
"Vesia, Alex","Lucas, Easton",2024,L,8,0.931593257168731
"Vesia, Alex","Skubal, Tarik",2024,L,9,1.0308690210619755
"Vesia, Alex","Miller, Erik",2024,L,10,1.053665600554095
"Walker, Josh","Peterson, David",2024,L,1,0.6144584846342197
"Walker, Josh","Sánchez, Cristopher",2024,L,2,0.8430509663261072
"Walker, Josh","Poche, Colin",2024,L,3,0.9834601864218065
"Walker, Josh","Funderburk, Kody",2024,L,4,1.0508606234658437
"Walker, Josh","Hentges, Sam",2024,L,5,1.1402956934643393
"Walker, Josh","Gore, MacKenzie",2024,L,6,1.1808616798951959
"Walker, Josh","Falter, Bailey",2024,L,7,1.2092435829902681
"Walker, Josh","Puk, A.J.",2024,L,8,1.263036364219498
"Walker, Josh","Nardi, Andrew",2024,L,9,1.3487713407673467
"Walker, Josh","Burke, Brock",2024,L,10,1.3869003488725624
"Walston, Blake","Young, Alex",2024,L,1,0.7103853162849729
"Walston, Blake","Long, Sam",2024,L,2,0.7788260304776352
"Walston, Blake","Matsui, Yuki",2024,L,3,0.8425319265890926
"Walston, Blake","Pennington, Walter",2024,L,4,0.8810404404635721
"Walston, Blake","Emanuel, Kent",2024,L,5,0.8818360369892843
"Walston, Blake","Detmers, Reid",2024,L,6,0.9055578413303862
"Walston, Blake","Keuchel, Dallas",2024,L,7,0.9575032501772229
"Walston, Blake","Horn, Bailey",2024,L,8,0.9605734167834094
"Walston, Blake","Povich, Cade",2024,L,9,0.9617370235173186
"Walston, Blake","Hurter, Brant",2024,L,10,0.968418527445371
"Weathers, Ryan","Akin, Keegan",2024,L,1,0.5607097163559049
"Weathers, Ryan","Luzardo, Jesús",2024,L,2,0.7494571222786627
"Weathers, Ryan","Ellard, Fraser",2024,L,3,0.772982253375119
"Weathers, Ryan","Cabrera, Génesis",2024,L,4,0.7882472130171165
"Weathers, Ryan","Pérez, Cionel",2024,L,5,0.9139299509980232
"Weathers, Ryan","King, John",2024,L,6,0.9145850855873101
"Weathers, Ryan","Pennington, Walter",2024,L,7,1.0058778653975715
"Weathers, Ryan","Lodolo, Nick",2024,L,8,1.0145126521566248
"Weathers, Ryan","Hurter, Brant",2024,L,9,1.0184909336338215
"Weathers, Ryan","Speier, Gabe",2024,L,10,1.02143449625257
"Wentz, Joey","Muller, Kyle",2024,L,1,0.5716692969999716
"Wentz, Joey","Chafin, Andrew",2024,L,2,0.6180029506430303
"Wentz, Joey","Lynch IV, Daniel",2024,L,3,0.676252025571993
"Wentz, Joey","Lee, Dylan",2024,L,4,0.7633553378728632
"Wentz, Joey","Fried, Max",2024,L,5,0.8136717911538778
"Wentz, Joey","Basso, Brady",2024,L,6,0.8379512958769486
"Wentz, Joey","Paxton, James",2024,L,7,0.8701735604764039
"Wentz, Joey","Montgomery, Jordan",2024,L,8,0.925279557203425
"Wentz, Joey","Steele, Justin",2024,L,9,0.9403863538068299
"Wentz, Joey","Sandoval, Patrick",2024,L,10,0.949091191975413
"Wicks, Jordan","Steele, Justin",2024,L,1,0.40490358455938114
"Wicks, Jordan","Paxton, James",2024,L,2,0.4885824548079338
"Wicks, Jordan","Povich, Cade",2024,L,3,0.5585013207795858
"Wicks, Jordan","Veneziano, Anthony",2024,L,4,0.6032404690571008
"Wicks, Jordan","Holton, Tyler",2024,L,5,0.6060615929878748
"Wicks, Jordan","Herrin, Tim",2024,L,6,0.7238731191146007
"Wicks, Jordan","Rodriguez, Eduardo",2024,L,7,0.7320167906787058
"Wicks, Jordan","Abbott, Andrew",2024,L,8,0.7367505976556115
"Wicks, Jordan","Long, Sam",2024,L,9,0.7442230705427879
"Wicks, Jordan","Hurter, Brant",2024,L,10,0.751650800535627
"Williamson, Brandon","Smyly, Drew",2024,L,1,0.9195902641541293
"Williamson, Brandon","Moore, Matt",2024,L,2,1.1287422201448238
"Williamson, Brandon","Ragans, Cole",2024,L,3,1.296942092512008
"Williamson, Brandon","Valdez, Framber",2024,L,4,1.3676284908672502
"Williamson, Brandon","Detmers, Reid",2024,L,5,1.3731000430798521
"Williamson, Brandon","Aldegheri, Sam",2024,L,6,1.5508225278951102
"Williamson, Brandon","Keuchel, Dallas",2024,L,7,1.5535052020380105
"Williamson, Brandon","Ashby, Aaron",2024,L,8,1.5703612578996138
"Williamson, Brandon","Rodón, Carlos",2024,L,9,1.5924917991452863
"Williamson, Brandon","Banks, Tanner",2024,L,10,1.603333381398662
"Wilson, Justin","Skubal, Tarik",2024,L,1,0.7995090806594258
"Wilson, Justin","Rodón, Carlos",2024,L,2,0.8390215339491314
"Wilson, Justin","Liberatore, Matthew",2024,L,3,0.9108717093455326
"Wilson, Justin","Ray, Robbie",2024,L,4,1.0403237580211528
"Wilson, Justin","Ragans, Cole",2024,L,5,1.199998949923557
"Wilson, Justin","Cabrera, Génesis",2024,L,6,1.2142033795498997
"Wilson, Justin","Little, Brendon",2024,L,7,1.2498291323040858
"Wilson, Justin","Koenig, Jared",2024,L,8,1.2744846170383948
"Wilson, Justin","Miller, Erik",2024,L,9,1.2789301181886052
"Wilson, Justin","Peralta, Wandy",2024,L,10,1.3013983936962767
"Wood, Alex","Sears, JP",2024,L,1,0.8997287925940826
"Wood, Alex","Bernardino, Brennan",2024,L,2,1.0568228226750722
"Wood, Alex","Bummer, Aaron",2024,L,3,1.0587995158241268
"Wood, Alex","Young, Danny",2024,L,4,1.0968893508747866
"Wood, Alex","Heaney, Andrew",2024,L,5,1.1361308377071497
"Wood, Alex","Sale, Chris",2024,L,6,1.21773717238258
"Wood, Alex","Cosgrove, Tom",2024,L,7,1.3220118688905629
"Wood, Alex","Peralta, Sammy",2024,L,8,1.333196307482199
"Wood, Alex","González, Victor",2024,L,9,1.4085228126788425
"Wood, Alex","Boyd, Matthew",2024,L,10,1.412233017815929
"Wrobleski, Justin","Romero, JoJo",2024,L,1,1.0037847717779373
"Wrobleski, Justin","Zerpa, Angel",2024,L,2,1.1679612967836386
"Wrobleski, Justin","Little, Brendon",2024,L,3,1.2427225089425942
"Wrobleski, Justin","Luzardo, Jesús",2024,L,4,1.3185922473396459
"Wrobleski, Justin","Peralta, Wandy",2024,L,5,1.4221863363822438
"Wrobleski, Justin","Weathers, Ryan",2024,L,6,1.5194322300364491
"Wrobleski, Justin","Akin, Keegan",2024,L,7,1.5456385226772855
"Wrobleski, Justin","Ashby, Aaron",2024,L,8,1.6576238757189263
"Wrobleski, Justin","Pérez, Cionel",2024,L,9,1.6726558600681714
"Wrobleski, Justin","Ellard, Fraser",2024,L,10,1.7674434675586306
"Yarbrough, Ryan","Mantiply, Joe",2024,L,1,1.432083091663073
"Yarbrough, Ryan","Peralta, Sammy",2024,L,2,1.499033614409007
"Yarbrough, Ryan","Cosgrove, Tom",2024,L,3,1.6148067065640834
"Yarbrough, Ryan","La Sorsa, Joe",2024,L,4,1.7916541968840205
"Yarbrough, Ryan","Guenther, Sean",2024,L,5,1.9734910463086022
"Yarbrough, Ryan","Boyd, Matthew",2024,L,6,2.0086949482341483
"Yarbrough, Ryan","Gonzales, Marco",2024,L,7,2.0952341861853694
"Yarbrough, Ryan","Young, Danny",2024,L,8,2.112038382705617
"Yarbrough, Ryan","Allard, Kolby",2024,L,9,2.1451193369657577
"Yarbrough, Ryan","Alexander, Tyler",2024,L,10,2.1848075718685656
"Young, Alex","Rosenberg, Kenny",2024,L,1,0.47495293749183465
"Young, Alex","Aldegheri, Sam",2024,L,2,0.5312276156409421
"Young, Alex","Rogers, Taylor",2024,L,3,0.5466465904965256
"Young, Alex","Keuchel, Dallas",2024,L,4,0.5977099188374058
"Young, Alex","Pérez, Martín",2024,L,5,0.6189416020526124
"Young, Alex","Cortes, Nestor",2024,L,6,0.6825366811495581
"Young, Alex","Matsui, Yuki",2024,L,7,0.7067847750965547
"Young, Alex","Walston, Blake",2024,L,8,0.7103853162849729
"Young, Alex","Emanuel, Kent",2024,L,9,0.7559359455871273
"Young, Alex","Long, Sam",2024,L,10,0.8238089426573151
"Young, Danny","Bernardino, Brennan",2024,L,1,0.718429473981095
"Young, Danny","Boyd, Matthew",2024,L,2,1.076004152107302
"Young, Danny","Mantiply, Joe",2024,L,3,1.0956523785672145
"Young, Danny","Wood, Alex",2024,L,4,1.0968893508747866
"Young, Danny","Sale, Chris",2024,L,5,1.1071911617516101
"Young, Danny","Imanaga, Shota",2024,L,6,1.1297250962673946
"Young, Danny","Rodríguez, Joely",2024,L,7,1.1389581408084317
"Young, Danny","Heaney, Andrew",2024,L,8,1.1535882202060208
"Young, Danny","Bummer, Aaron",2024,L,9,1.1774755779662038
"Young, Danny","Allard, Kolby",2024,L,10,1.2141450544579706
"Zerpa, Angel","Ellard, Fraser",2024,L,1,1.1488474623124336
"Zerpa, Angel","Wrobleski, Justin",2024,L,2,1.1679612967836386
"Zerpa, Angel","Pérez, Cionel",2024,L,3,1.1973227383862066
"Zerpa, Angel","Weathers, Ryan",2024,L,4,1.2658560898367583
"Zerpa, Angel","Little, Brendon",2024,L,5,1.3378423318591244
"Zerpa, Angel","Romero, JoJo",2024,L,6,1.4215594180313231
"Zerpa, Angel","Akin, Keegan",2024,L,7,1.5494848892614652
"Zerpa, Angel","Speier, Gabe",2024,L,8,1.5679772837589852
"Zerpa, Angel","Peralta, Wandy",2024,L,9,1.5935195673500293
"Zerpa, Angel","Luzardo, Jesús",2024,L,10,1.6362783057620685
"Abreu, Bryan","Leone, Dominic",2024,R,1,0.20803580706397465
"Abreu, Bryan","Lange, Alex",2024,R,2,0.2666414434799439
"Abreu, Bryan","Zeferjahn, Ryan",2024,R,3,0.29144813530651376
"Abreu, Bryan","Fernandez, Ryan",2024,R,4,0.3170797056845368
"Abreu, Bryan","López, Jorge",2024,R,5,0.35424303027494164
"Abreu, Bryan","Stone, Gavin",2024,R,6,0.3790314624108355
"Abreu, Bryan","Gray, Jon",2024,R,7,0.4198824930195007
"Abreu, Bryan","Kittredge, Andrew",2024,R,8,0.4227819294926985
"Abreu, Bryan","Ryan, River",2024,R,9,0.4350658159017376
"Abreu, Bryan","Baz, Shane",2024,R,10,0.4460209121216459
"Adam, Jason","Quantrill, Cal",2024,R,1,0.3525127745285574
"Adam, Jason","Dana, Caden",2024,R,2,0.37527365844811444
"Adam, Jason","Merryweather, Julian",2024,R,3,0.3966746621408958
"Adam, Jason","Lambert, Peter",2024,R,4,0.4079420957088765
"Adam, Jason","Priester, Quinn",2024,R,5,0.4680760437021146
"Adam, Jason","Contreras, Roansy",2024,R,6,0.479628824448527
"Adam, Jason","Birdsong, Hayden",2024,R,7,0.48599899275069197
"Adam, Jason","Nance, Tommy",2024,R,8,0.5319124567879389
"Adam, Jason","White, Mitch",2024,R,9,0.5499991156942319
"Adam, Jason","Staumont, Josh",2024,R,10,0.554417579130024
"Adams, Austin","Scott, Tayler",2024,R,1,0.7775680003845611
"Adams, Austin","Bird, Jake",2024,R,2,0.8292923876180381
"Adams, Austin","Walker, Ryan",2024,R,3,0.8471462159779233
"Adams, Austin","Snider, Collin",2024,R,4,0.9115533697803762
"Adams, Austin","Weissert, Greg",2024,R,5,0.9540047525560799
"Adams, Austin","Cronin, Declan",2024,R,6,0.959113174115095
"Adams, Austin","Yates, Kirby",2024,R,7,0.9943417589992637
"Adams, Austin","King, Michael",2024,R,8,0.9994956000129646
"Adams, Austin","García, Yimi",2024,R,9,1.0093731496521319
"Adams, Austin","Aguiar, Julian",2024,R,10,1.0282140326063824
"Aguiar, Julian","Houck, Tanner",2024,R,1,0.24893004270829605
"Aguiar, Julian","Junis, Jakob",2024,R,2,0.430520803832169
"Aguiar, Julian","Kelly, Merrill",2024,R,3,0.5260965180228883
"Aguiar, Julian","Sánchez, Sixto",2024,R,4,0.5500135535762244
"Aguiar, Julian","Bird, Jake",2024,R,5,0.5829058607845596
"Aguiar, Julian","Englert, Mason",2024,R,6,0.6152598562416389
"Aguiar, Julian","Bazardo, Eduard",2024,R,7,0.6226751778815128
"Aguiar, Julian","Morton, Charlie",2024,R,8,0.6623675771534053
"Aguiar, Julian","Lugo, Seth",2024,R,9,0.6739331322449298
"Aguiar, Julian","Jefferies, Daulton",2024,R,10,0.6742995598241168
"Alcala, Jorge","Stanek, Ryne",2024,R,1,0.8379366515469061
"Alcala, Jorge","Holmes, Clay",2024,R,2,1.0941202289815712
"Alcala, Jorge","Ruiz, José",2024,R,3,1.1447917435085637
"Alcala, Jorge","Winn, Keaton",2024,R,4,1.3129950908681263
"Alcala, Jorge","Brieske, Beau",2024,R,5,1.3520038789963267
"Alcala, Jorge","Ashcraft, Graham",2024,R,6,1.3632125644972355
"Alcala, Jorge","Senzatela, Antonio",2024,R,7,1.3816434692063226
"Alcala, Jorge","Brazobán, Huascar",2024,R,8,1.39161156890085
"Alcala, Jorge","Kinley, Tyler",2024,R,9,1.3935993144978098
"Alcala, Jorge","Hamilton, Ian",2024,R,10,1.4112709409786979
"Almonte, Yency","Fedde, Erick",2024,R,1,0.1162836916737274
"Almonte, Yency","Rodríguez, Yariel",2024,R,2,0.3057759035712884
"Almonte, Yency","Myers, Tobias",2024,R,3,0.32798203716715857
"Almonte, Yency","Houser, Adrian",2024,R,4,0.351539752790152
"Almonte, Yency","Sulser, Cole",2024,R,5,0.3590860686596295
"Almonte, Yency","Brebbia, John",2024,R,6,0.41593301046190856
"Almonte, Yency","Ginn, J.T.",2024,R,7,0.42412082138413026
"Almonte, Yency","Cecconi, Slade",2024,R,8,0.4412563106347987
"Almonte, Yency","Heller, Ben",2024,R,9,0.4459495497117648
"Almonte, Yency","Staumont, Josh",2024,R,10,0.4539482319220677
"Alzolay, Adbert","Bradish, Kyle",2024,R,1,0.3860066231179511
"Alzolay, Adbert","Birdsong, Hayden",2024,R,2,0.4007400375450123
"Alzolay, Adbert","Frías, Luis",2024,R,3,0.45291331354443287
"Alzolay, Adbert","Law, Derek",2024,R,4,0.4990111720670298
"Alzolay, Adbert","Cease, Dylan",2024,R,5,0.5216011016397107
"Alzolay, Adbert","Mercado, Michael",2024,R,6,0.5701862063731806
"Alzolay, Adbert","Stratton, Hunter",2024,R,7,0.5761843527880757
"Alzolay, Adbert","Hjelle, Sean",2024,R,8,0.5770109549245739
"Alzolay, Adbert","Winckowski, Josh",2024,R,9,0.5869325926273984
"Alzolay, Adbert","Fitts, Richard",2024,R,10,0.5954439947211562
"Anderson, Chase","Estes, Joey",2024,R,1,0.6165155889691488
"Anderson, Chase","Sims, Lucas",2024,R,2,0.6258318095545345
"Anderson, Chase","Germán, Domingo",2024,R,3,0.6542844755909704
"Anderson, Chase","Knack, Landon",2024,R,4,0.6743197364984146
"Anderson, Chase","Lugo, Seth",2024,R,5,0.7497499737721314
"Anderson, Chase","Junis, Jakob",2024,R,6,0.7843380048480033
"Anderson, Chase","Kelly, Michael",2024,R,7,0.8060832700412499
"Anderson, Chase","Farmer, Buck",2024,R,8,0.8090477789392796
"Anderson, Chase","Houck, Tanner",2024,R,9,0.8627305828180866
"Anderson, Chase","Crawford, Kutter",2024,R,10,0.8646193226793987
"Anderson, Grant","Schreiber, John",2024,R,1,0.508840764979468
"Anderson, Grant","Sewald, Paul",2024,R,2,0.8314940610108744
"Anderson, Grant","Lawrence, Justin",2024,R,3,0.9170451611346518
"Anderson, Grant","Sandlin, Nick",2024,R,4,1.0757283157235138
"Anderson, Grant","Cuas, Jose",2024,R,5,1.2508386005273318
"Anderson, Grant","Miller, Ryan",2024,R,6,1.262707156278187
"Anderson, Grant","Thompson, Ryan",2024,R,7,1.397565940718663
"Anderson, Grant","Festa, Matt",2024,R,8,1.41065259768677
"Anderson, Grant","Weissert, Greg",2024,R,9,1.565080605846225
"Anderson, Grant","Uceta, Edwin",2024,R,10,1.5921867489190105
"Anderson, Justin","Ross, Joe",2024,R,1,0.2595228512511786
"Anderson, Justin","Gausman, Kevin",2024,R,2,0.2953077527395736
"Anderson, Justin","Rodríguez, Yerry",2024,R,3,0.4169794158657875
"Anderson, Justin","Leiter, Jack",2024,R,4,0.4321760406110285
"Anderson, Justin","Warren, Will",2024,R,5,0.4800620177142074
"Anderson, Justin","Pagán, Emilio",2024,R,6,0.5113414620469248
"Anderson, Justin","McArthur, James",2024,R,7,0.5116076556826853
"Anderson, Justin","Robertson, David",2024,R,8,0.5309467737417504
"Anderson, Justin","Leone, Dominic",2024,R,9,0.5396688116776581
"Anderson, Justin","Smith, Burch",2024,R,10,0.5399688395751095
"Anderson, Nick","Keller, Brad",2024,R,1,0.4426156383413986
"Anderson, Nick","Musgrove, Joe",2024,R,2,0.5934516792634517
"Anderson, Nick","Elder, Bryce",2024,R,3,0.5995716246884746
"Anderson, Nick","Honeywell, Brent",2024,R,4,0.612936636419378
"Anderson, Nick","Sborz, Josh",2024,R,5,0.625198023858545
"Anderson, Nick","Chirinos, Yonny",2024,R,6,0.6340395064057628
"Anderson, Nick","Brooks, Aaron",2024,R,7,0.7109272722315624
"Anderson, Nick","Poteet, Cody",2024,R,8,0.71174700398671
"Anderson, Nick","Maldonado, Anthony",2024,R,9,0.7815296399385966
"Anderson, Nick","Neris, Héctor",2024,R,10,0.7985892511608154
"Anderson, Shaun","Burke, Sean",2024,R,1,0.3203179463719706
"Anderson, Shaun","Cruz, Fernando",2024,R,2,0.4374791229463908
"Anderson, Shaun","Blanco, Ronel",2024,R,3,0.4843313159474668
"Anderson, Shaun","Houser, Adrian",2024,R,4,0.5332746312730996
"Anderson, Shaun","Howard, Spencer",2024,R,5,0.5570247812453766
"Anderson, Shaun","Wesneski, Hayden",2024,R,6,0.568408864719043
"Anderson, Shaun","Paddack, Chris",2024,R,7,0.5718340367377099
"Anderson, Shaun","Beck, Tristan",2024,R,8,0.5766749963813552
"Anderson, Shaun","Brebbia, John",2024,R,9,0.6159445318330086
"Anderson, Shaun","Manoah, Alek",2024,R,10,0.6227429627815123
"Armstrong, Shawn","Kirby, George",2024,R,1,0.173880395033312
"Armstrong, Shawn","Bednar, David",2024,R,2,0.2495705099645825
"Armstrong, Shawn","Kittredge, Andrew",2024,R,3,0.26036014649717854
"Armstrong, Shawn","Rodríguez, Yerry",2024,R,4,0.4123865867347981
"Armstrong, Shawn","Stone, Gavin",2024,R,5,0.42373347810334006
"Armstrong, Shawn","Pallante, Andre",2024,R,6,0.43158108951095103
"Armstrong, Shawn","Baz, Shane",2024,R,7,0.4384438563281032
"Armstrong, Shawn","Abreu, Bryan",2024,R,8,0.46749927481150144
"Armstrong, Shawn","Gray, Jon",2024,R,9,0.48045099559640325
"Armstrong, Shawn","Zeferjahn, Ryan",2024,R,10,0.48976753853156746
"Arrighetti, Spencer","Singer, Brady",2024,R,1,0.49174177361478527
"Arrighetti, Spencer","Nola, Aaron",2024,R,2,0.5302605219940245
"Arrighetti, Spencer","Webb, Logan",2024,R,3,0.6114806033755593
"Arrighetti, Spencer","Ramírez, Yohan",2024,R,4,0.6784398354757709
"Arrighetti, Spencer","Castro, Miguel",2024,R,5,0.7603439054612102
"Arrighetti, Spencer","Lively, Ben",2024,R,6,0.8130593850716791
"Arrighetti, Spencer","Gómez, Yoendrys",2024,R,7,0.9648938916877241
"Arrighetti, Spencer","Dunning, Dane",2024,R,8,0.9882329623460784
"Arrighetti, Spencer","Ottavino, Adam",2024,R,9,1.0038807102877514
"Arrighetti, Spencer","Black, Mason",2024,R,10,1.0269428673454493
"Ashcraft, Graham","Kinley, Tyler",2024,R,1,0.6737634341618601
"Ashcraft, Graham","Faucher, Calvin",2024,R,2,0.9718349444400074
"Ashcraft, Graham","Holmes, Clay",2024,R,3,1.2194123726043848
"Ashcraft, Graham","Brazobán, Huascar",2024,R,4,1.2923634993913935
"Ashcraft, Graham","Alcala, Jorge",2024,R,5,1.3632125644972355
"Ashcraft, Graham","Ruiz, José",2024,R,6,1.383745811052022
"Ashcraft, Graham","Stanek, Ryne",2024,R,7,1.389134204568138
"Ashcraft, Graham","Montas, Frankie",2024,R,8,1.4075326428786372
"Ashcraft, Graham","Hamilton, Ian",2024,R,9,1.501572519015283
"Ashcraft, Graham","Taylor, Troy",2024,R,10,1.502583269813922
"Assad, Javier","Carrasco, Carlos",2024,R,1,0.26226914582989075
"Assad, Javier","Taillon, Jameson",2024,R,2,0.39231684177035986
"Assad, Javier","Stratton, Chris",2024,R,3,0.3957441401845789
"Assad, Javier","Martin, Davis",2024,R,4,0.43421189270167476
"Assad, Javier","Phillips, Tyler",2024,R,5,0.47189775138661344
"Assad, Javier","Brebbia, John",2024,R,6,0.5074347050028978
"Assad, Javier","Nastrini, Nick",2024,R,7,0.5294969523919867
"Assad, Javier","Myers, Tobias",2024,R,8,0.5889986081273423
"Assad, Javier","Sulser, Cole",2024,R,9,0.5990977783125744
"Assad, Javier","Howard, Spencer",2024,R,10,0.6108984199310168
"Avila, Nick","Pinto, Ricardo",2024,R,1,0.25459262922408715
"Avila, Nick","Neris, Héctor",2024,R,2,0.2600240863004144
"Avila, Nick","Honeywell, Brent",2024,R,3,0.3503301136889267
"Avila, Nick","Nance, Tommy",2024,R,4,0.37276307546356025
"Avila, Nick","Vásquez, Randy",2024,R,5,0.45683956524689895
"Avila, Nick","Kremer, Dean",2024,R,6,0.46901999842819364
"Avila, Nick","White, Mitch",2024,R,7,0.48755558245930203
"Avila, Nick","Faedo, Alex",2024,R,8,0.4928329883324743
"Avila, Nick","Brooks, Aaron",2024,R,9,0.5174399494500085
"Avila, Nick","Priester, Quinn",2024,R,10,0.5617398090918191
"Avila, Pedro","Phillips, Tyler",2024,R,1,0.3212474954934759
"Avila, Pedro","Rodriguez, Carlos",2024,R,2,0.33803750312747843
"Avila, Pedro","Turnbull, Spencer",2024,R,3,0.40530287594985
"Avila, Pedro","Stratton, Chris",2024,R,4,0.525418520811041
"Avila, Pedro","Morgan, Eli",2024,R,5,0.5313681862160069
"Avila, Pedro","Curry, Xzavion",2024,R,6,0.5805030790669268
"Avila, Pedro","Jackson, Jay",2024,R,7,0.612127431997675
"Avila, Pedro","Assad, Javier",2024,R,8,0.6636725616295025
"Avila, Pedro","Farmer, Buck",2024,R,9,0.673960823397273
"Avila, Pedro","Bassitt, Chris",2024,R,10,0.6934944251530702
"Baker, Bryan","Law, Derek",2024,R,1,0.17779529188436827
"Baker, Bryan","Frías, Luis",2024,R,2,0.4459204577536938
"Baker, Bryan","Birdsong, Hayden",2024,R,3,0.52350026202483
"Baker, Bryan","Bradish, Kyle",2024,R,4,0.5395917546368255
"Baker, Bryan","Alzolay, Adbert",2024,R,5,0.6566386085142375
"Baker, Bryan","Hjelle, Sean",2024,R,6,0.6897052887569277
"Baker, Bryan","Quantrill, Cal",2024,R,7,0.823208791580401
"Baker, Bryan","Molina, Anthony",2024,R,8,0.910600975690084
"Baker, Bryan","Nance, Tommy",2024,R,9,0.939228876869143
"Baker, Bryan","Fairbanks, Pete",2024,R,10,0.9461320480230466
"Barlow, Scott","Criswell, Cooper",2024,R,1,0.6113265052739925
"Barlow, Scott","Williams, Trevor",2024,R,2,0.6132586744167946
"Barlow, Scott","Maton, Phil",2024,R,3,0.6621491835830954
"Barlow, Scott","Waldron, Matt",2024,R,4,0.796751381974962
"Barlow, Scott","McCaughan, Darren",2024,R,5,0.8776942900084753
"Barlow, Scott","Lively, Ben",2024,R,6,0.9489452791684241
"Barlow, Scott","Dunning, Dane",2024,R,7,1.0000723976884733
"Barlow, Scott","Toussaint, Touki",2024,R,8,1.0079445029730403
"Barlow, Scott","Roupp, Landen",2024,R,9,1.1170975946200545
"Barlow, Scott","Ottavino, Adam",2024,R,10,1.117760426506849
"Barnes, Jacob","Jones, Jared",2024,R,1,0.33112999921231523
"Barnes, Jacob","Estrada, Jeremiah",2024,R,2,0.43896517162117876
"Barnes, Jacob","Reid-Foley, Sean",2024,R,3,0.4666084357909438
"Barnes, Jacob","Leiter, Jack",2024,R,4,0.5453850067772491
"Barnes, Jacob","Leasure, Jordan",2024,R,5,0.5555454037031978
"Barnes, Jacob","Pearson, Nate",2024,R,6,0.5604143064180496
"Barnes, Jacob","Rodríguez, Yerry",2024,R,7,0.5649670802933534
"Barnes, Jacob","Kittredge, Andrew",2024,R,8,0.5661502483307623
"Barnes, Jacob","Armstrong, Shawn",2024,R,9,0.574990050771889
"Barnes, Jacob","Hernández, Carlos",2024,R,10,0.5757426159726488
"Barnes, Matt","McKenzie, Triston",2024,R,1,0.18362333443341658
"Barnes, Matt","Wacha, Michael",2024,R,2,0.26325678948224673
"Barnes, Matt","Woods Richardson, Simeon",2024,R,3,0.5824819583987143
"Barnes, Matt","Gibson, Kyle",2024,R,4,0.6249196167045895
"Barnes, Matt","Taillon, Jameson",2024,R,5,0.7992351679434027
"Barnes, Matt","Paddack, Chris",2024,R,6,0.8639366688056282
"Barnes, Matt","Pivetta, Nick",2024,R,7,0.9390686415276897
"Barnes, Matt","Waguespack, Jacob",2024,R,8,0.964781773080429
"Barnes, Matt","Burr, Ryan",2024,R,9,1.023400858850548
"Barnes, Matt","Cruz, Fernando",2024,R,10,1.031947682978265
"Bassitt, Chris","Beede, Tyler",2024,R,1,0.389854581558696
"Bassitt, Chris","Darvish, Yu",2024,R,2,0.4901235072492986
"Bassitt, Chris","Jackson, Jay",2024,R,3,0.6041099310909233
"Bassitt, Chris","Daniel, Davis",2024,R,4,0.6392238312162174
"Bassitt, Chris","Voth, Austin",2024,R,5,0.6475457163117
"Bassitt, Chris","Tate, Dillon",2024,R,6,0.6614364751393805
"Bassitt, Chris","Flaherty, Jack",2024,R,7,0.6635845168608397
"Bassitt, Chris","Rodriguez, Carlos",2024,R,8,0.6705401019044577
"Bassitt, Chris","Eflin, Zach",2024,R,9,0.6900021911611829
"Bassitt, Chris","Avila, Pedro",2024,R,10,0.6934944251530702
"Baumann, Mike","Cabrera, Edward",2024,R,1,0.2599086717989588
"Baumann, Mike","Green, Chad",2024,R,2,0.31347264594441054
"Baumann, Mike","Weems, Jordan",2024,R,3,0.32940064231182425
"Baumann, Mike","Brown, Hunter",2024,R,4,0.3311689124109778
"Baumann, Mike","Bradley, Taj",2024,R,5,0.36816647006765124
"Baumann, Mike","Pallante, Andre",2024,R,6,0.40028991537122777
"Baumann, Mike","Bednar, David",2024,R,7,0.44648107503674267
"Baumann, Mike","Hernández, Carlos",2024,R,8,0.47612120376271994
"Baumann, Mike","Kirby, George",2024,R,9,0.5128074505458351
"Baumann, Mike","Winckowski, Josh",2024,R,10,0.5143318018703625
"Baz, Shane","López, Reynaldo",2024,R,1,0.3481214934916227
"Baz, Shane","Kittredge, Andrew",2024,R,2,0.3631306472391265
"Baz, Shane","Gray, Jon",2024,R,3,0.40376163484175015
"Baz, Shane","Sauer, Matt",2024,R,4,0.4066867309710356
"Baz, Shane","Armstrong, Shawn",2024,R,5,0.4384438563281032
"Baz, Shane","Dubin, Shawn",2024,R,6,0.43944387761749276
"Baz, Shane","Abreu, Bryan",2024,R,7,0.4460209121216459
"Baz, Shane","Holderman, Colin",2024,R,8,0.4629937705514846
"Baz, Shane","Burnes, Corbin",2024,R,9,0.46588226201239347
"Baz, Shane","López, Jorge",2024,R,10,0.4673898826023466
"Bazardo, Eduard","Canning, Griffin",2024,R,1,0.3990956470595387
"Bazardo, Eduard","Cannon, Jonathan",2024,R,2,0.4460161548434638
"Bazardo, Eduard","Lorenzen, Michael",2024,R,3,0.4558266708860497
"Bazardo, Eduard","Holmes, Grant",2024,R,4,0.48717262202926676
"Bazardo, Eduard","Faedo, Alex",2024,R,5,0.4915421529625089
"Bazardo, Eduard","Sánchez, Sixto",2024,R,6,0.5220550858301484
"Bazardo, Eduard","Lowder, Rhett",2024,R,7,0.5349482686960243
"Bazardo, Eduard","Englert, Mason",2024,R,8,0.5394206602713065
"Bazardo, Eduard","Houck, Tanner",2024,R,9,0.5452019194830927
"Bazardo, Eduard","Estes, Joey",2024,R,10,0.549098891143087
"Beck, Tristan","Paddack, Chris",2024,R,1,0.43110628006178703
"Beck, Tristan","Burke, Sean",2024,R,2,0.4323976849617624
"Beck, Tristan","Anderson, Shaun",2024,R,3,0.5766749963813552
"Beck, Tristan","Howard, Spencer",2024,R,4,0.5839828410083088
"Beck, Tristan","Francis, Bowden",2024,R,5,0.6210245797712572
"Beck, Tristan","Bowman, Matt",2024,R,6,0.6714292325388661
"Beck, Tristan","Manoah, Alek",2024,R,7,0.6915280062988282
"Beck, Tristan","Bloss, Jake",2024,R,8,0.7073420870910129
"Beck, Tristan","Gibson, Kyle",2024,R,9,0.7073612954170958
"Beck, Tristan","Gallen, Zac",2024,R,10,0.7306248009908657
"Bednar, David","Kirby, George",2024,R,1,0.09122238466528827
"Bednar, David","Armstrong, Shawn",2024,R,2,0.2495705099645825
"Bednar, David","Pallante, Andre",2024,R,3,0.27802458073868414
"Bednar, David","Kittredge, Andrew",2024,R,4,0.3493984433321398
"Bednar, David","Winckowski, Josh",2024,R,5,0.39922069336378185
"Bednar, David","Weems, Jordan",2024,R,6,0.40085991165556
"Bednar, David","Zeferjahn, Ryan",2024,R,7,0.43318049084813187
"Bednar, David","Baumann, Mike",2024,R,8,0.44648107503674267
"Bednar, David","Green, Chad",2024,R,9,0.45119021845351365
"Bednar, David","Abreu, Bryan",2024,R,10,0.4892607833462271
"Beede, Tyler","Bassitt, Chris",2024,R,1,0.389854581558696
"Beede, Tyler","Tate, Dillon",2024,R,2,0.45520533214466885
"Beede, Tyler","Hernández, Elieser",2024,R,3,0.5076060060208557
"Beede, Tyler","Woodford, Jake",2024,R,4,0.5339568816583045
"Beede, Tyler","Flaherty, Jack",2024,R,5,0.5532924807640216
"Beede, Tyler","Roupp, Landen",2024,R,6,0.585649533425753
"Beede, Tyler","Chavez, Jesse",2024,R,7,0.6433223909185606
"Beede, Tyler","Darvish, Yu",2024,R,8,0.6785705059056844
"Beede, Tyler","García, Deivi",2024,R,9,0.7361833961089211
"Beede, Tyler","Thornton, Trent",2024,R,10,0.7474966011980951
"Bello, Brayan","Tinoco, Jesus",2024,R,1,0.37559976761606323
"Bello, Brayan","Chargois, JT",2024,R,2,0.4695535138089084
"Bello, Brayan","Paredes, Enoli",2024,R,3,0.48021796716566056
"Bello, Brayan","Cisnero, José",2024,R,4,0.5217065174101744
"Bello, Brayan","Hernández, Jonathan",2024,R,5,0.5515478251151742
"Bello, Brayan","Phillips, Evan",2024,R,6,0.5579743297353624
"Bello, Brayan","Buttó, José",2024,R,7,0.5702486860447505
"Bello, Brayan","De Los Santos, Enyel",2024,R,8,0.6100647749248961
"Bello, Brayan","Ryan, Ryder",2024,R,9,0.6463023803001177
"Bello, Brayan","Mlodzinski, Carmen",2024,R,10,0.6535967998371334
"Bellozo, Valente","Javier, Cristian",2024,R,1,0.6624090069553509
"Bellozo, Valente","Vines, Darius",2024,R,2,0.9488352819679647
"Bellozo, Valente","Thorpe, Drew",2024,R,3,1.1682307154623914
"Bellozo, Valente","Maeda, Kenta",2024,R,4,1.1747558650278267
"Bellozo, Valente","Richards, Trevor",2024,R,5,1.2152034458254728
"Bellozo, Valente","France, J.P.",2024,R,6,1.2609567021051449
"Bellozo, Valente","Hendricks, Kyle",2024,R,7,1.2931477107988487
"Bellozo, Valente","Crawford, Kutter",2024,R,8,1.3342674282000986
"Bellozo, Valente","Devenski, Chris",2024,R,9,1.3780184096326964
"Bellozo, Valente","Hudson, Dakota",2024,R,10,1.416918045100796
"Bender, Anthony","Kelly, Merrill",2024,R,1,0.395386249678323
"Bender, Anthony","Cobb, Alex",2024,R,2,0.4344715016232483
"Bender, Anthony","Bird, Jake",2024,R,3,0.4807022446072397
"Bender, Anthony","Cronin, Declan",2024,R,4,0.526150257652422
"Bender, Anthony","Schmidt, Clarke",2024,R,5,0.5781663199980471
"Bender, Anthony","Marsh, Alec",2024,R,6,0.5810660895566666
"Bender, Anthony","Smith, Drew",2024,R,7,0.5874988536043704
"Bender, Anthony","Jarvis, Bryce",2024,R,8,0.6000048041835692
"Bender, Anthony","De Los Santos, Enyel",2024,R,9,0.6065668182036815
"Bender, Anthony","Díaz, Yilber",2024,R,10,0.6110197648731693
"Berroa, Prelander","Montas, Frankie",2024,R,1,0.4185038208675001
"Berroa, Prelander","Brieske, Beau",2024,R,2,0.543614956027348
"Berroa, Prelander","Hernández, Daysbel",2024,R,3,0.6067855027113722
"Berroa, Prelander","Muñoz, Roddery",2024,R,4,0.6475010206838898
"Berroa, Prelander","Zulueta, Yosver",2024,R,5,0.7311408586802289
"Berroa, Prelander","Weaver, Luke",2024,R,6,0.7593997758565376
"Berroa, Prelander","Chivilli, Angel",2024,R,7,0.7709705455542939
"Berroa, Prelander","Kerkering, Orion",2024,R,8,0.8304932884608611
"Berroa, Prelander","Cease, Dylan",2024,R,9,0.8387177581958722
"Berroa, Prelander","Brazobán, Huascar",2024,R,10,0.8513909385206893
"Berríos, José","Hicks, Jordan",2024,R,1,0.316802714832938
"Berríos, José","Keller, Mitch",2024,R,2,0.3437798114028146
"Berríos, José","García, Deivi",2024,R,3,0.38674104668948855
"Berríos, José","Fulmer, Carson",2024,R,4,0.3910626310330836
"Berríos, José","Dubin, Shawn",2024,R,5,0.43129335806969205
"Berríos, José","Feltner, Ryan",2024,R,6,0.44163505623994287
"Berríos, José","Rodríguez, Yariel",2024,R,7,0.44738321538526216
"Berríos, José","Mahle, Tyler",2024,R,8,0.4532359962671314
"Berríos, José","Hancock, Emerson",2024,R,9,0.4697421262292703
"Berríos, José","Cecconi, Slade",2024,R,10,0.4805932905541724
"Bibee, Tanner","Howard, Spencer",2024,R,1,0.2936422015258167
"Bibee, Tanner","Fitts, Richard",2024,R,2,0.4084475200017245
"Bibee, Tanner","Hoeing, Bryan",2024,R,3,0.46122281863300857
"Bibee, Tanner","Merryweather, Julian",2024,R,4,0.4612795566539994
"Bibee, Tanner","Dana, Caden",2024,R,5,0.47176992725073674
"Bibee, Tanner","Lambert, Peter",2024,R,6,0.5245480904491815
"Bibee, Tanner","Martin, Davis",2024,R,7,0.5394938787701083
"Bibee, Tanner","Nastrini, Nick",2024,R,8,0.5855549627229728
"Bibee, Tanner","Quantrill, Cal",2024,R,9,0.5901401208440238
"Bibee, Tanner","Suárez, Albert",2024,R,10,0.5992664410179239
"Bido, Osvaldo","Fernandez, Ryan",2024,R,1,0.25002713274891797
"Bido, Osvaldo","Lange, Alex",2024,R,2,0.35881795720203413
"Bido, Osvaldo","Cole, Gerrit",2024,R,3,0.3799514931502955
"Bido, Osvaldo","López, Jorge",2024,R,4,0.4387265802517855
"Bido, Osvaldo","Matthews, Zebby",2024,R,5,0.44002552372052556
"Bido, Osvaldo","Zeferjahn, Ryan",2024,R,6,0.4522993977009953
"Bido, Osvaldo","Bivens, Spencer",2024,R,7,0.4770887369166422
"Bido, Osvaldo","Mercado, Michael",2024,R,8,0.5082519391713551
"Bido, Osvaldo","Garrett, Reed",2024,R,9,0.5082571401103675
"Bido, Osvaldo","Santana, Dennis",2024,R,10,0.5383023178642118
"Bielak, Brandon","Poteet, Cody",2024,R,1,0.7082303177682527
"Bielak, Brandon","Civale, Aaron",2024,R,2,0.7545505703969126
"Bielak, Brandon","Maldonado, Anthony",2024,R,3,0.8512435109658076
"Bielak, Brandon","Leclerc, José",2024,R,4,0.8576023779911711
"Bielak, Brandon","Martinez, Nick",2024,R,5,0.8801283797064712
"Bielak, Brandon","Kelly, Michael",2024,R,6,0.9237863977783409
"Bielak, Brandon","Johnson, Pierce",2024,R,7,0.9596982172422341
"Bielak, Brandon","Davis, Noah",2024,R,8,0.9992331524865844
"Bielak, Brandon","Casparius, Ben",2024,R,9,1.0422009582707976
"Bielak, Brandon","Jiménez, Dany",2024,R,10,1.0449207056673793
"Bigge, Hunter","Estrada, Jeremiah",2024,R,1,0.43653146215341004
"Bigge, Hunter","Barnes, Jacob",2024,R,2,0.612284737054449
"Bigge, Hunter","Reid-Foley, Sean",2024,R,3,0.6367207808128122
"Bigge, Hunter","Jones, Jared",2024,R,4,0.677379760746339
"Bigge, Hunter","Rodríguez, Manuel",2024,R,5,0.7033271037401501
"Bigge, Hunter","Foley, Jason",2024,R,6,0.7291623341790527
"Bigge, Hunter","Hernández, Carlos",2024,R,7,0.77579505952202
"Bigge, Hunter","Finnegan, Kyle",2024,R,8,0.8217006023975993
"Bigge, Hunter","Domínguez, Seranthony",2024,R,9,0.9237804243486333
"Bigge, Hunter","Uribe, Abner",2024,R,10,0.9280091231885502
"Bird, Jake","Cronin, Declan",2024,R,1,0.3467459983318249
"Bird, Jake","Cobb, Alex",2024,R,2,0.4629527957618538
"Bird, Jake","Bender, Anthony",2024,R,3,0.4807022446072397
"Bird, Jake","Kelly, Merrill",2024,R,4,0.4983781247472255
"Bird, Jake","Yates, Kirby",2024,R,5,0.5273683148556402
"Bird, Jake","Aguiar, Julian",2024,R,6,0.5829058607845596
"Bird, Jake","Smith, Drew",2024,R,7,0.6864863359400633
"Bird, Jake","King, Michael",2024,R,8,0.727258135531556
"Bird, Jake","Jarvis, Bryce",2024,R,9,0.7366194226131185
"Bird, Jake","García, Yimi",2024,R,10,0.7951206822932437
"Birdsong, Hayden","Law, Derek",2024,R,1,0.3842091929884517
"Birdsong, Hayden","Quantrill, Cal",2024,R,2,0.3894869555879475
"Birdsong, Hayden","Alzolay, Adbert",2024,R,3,0.4007400375450123
"Birdsong, Hayden","Adam, Jason",2024,R,4,0.48599899275069197
"Birdsong, Hayden","Baker, Bryan",2024,R,5,0.52350026202483
"Birdsong, Hayden","Suárez, Albert",2024,R,6,0.5494784073593143
"Birdsong, Hayden","Bradish, Kyle",2024,R,7,0.5529894236792198
"Birdsong, Hayden","Merryweather, Julian",2024,R,8,0.5806677717614641
"Birdsong, Hayden","Frías, Luis",2024,R,9,0.5862531540448852
"Birdsong, Hayden","Lambert, Peter",2024,R,10,0.6040505179950818
"Bivens, Spencer","Mercado, Michael",2024,R,1,0.2822422314728205
"Bivens, Spencer","Matthews, Zebby",2024,R,2,0.3129512298346434
"Bivens, Spencer","White, Mitch",2024,R,3,0.33062144929876375
"Bivens, Spencer","Vásquez, Randy",2024,R,4,0.3918156787141139
"Bivens, Spencer","Sauer, Matt",2024,R,5,0.4097909249692167
"Bivens, Spencer","López, Reynaldo",2024,R,6,0.4506124021655207
"Bivens, Spencer","Lambert, Peter",2024,R,7,0.46388380478156593
"Bivens, Spencer","Bido, Osvaldo",2024,R,8,0.4770887369166422
"Bivens, Spencer","Meyer, Max",2024,R,9,0.49568409648906886
"Bivens, Spencer","Dubin, Shawn",2024,R,10,0.5083277999503096
"Black, Mason","Castro, Miguel",2024,R,1,0.48322977689519797
"Black, Mason","Peralta, Freddy",2024,R,2,0.5517593951000082
"Black, Mason","Spiers, Carson",2024,R,3,0.6340984086447967
"Black, Mason","Kuhl, Chad",2024,R,4,0.7073955475351149
"Black, Mason","Webb, Logan",2024,R,5,0.7276758218032034
"Black, Mason","Scott, Christian",2024,R,6,0.7635500123914324
"Black, Mason","Ryan, Joe",2024,R,7,0.7767078354672788
"Black, Mason","Schwellenbach, Spencer",2024,R,8,0.7968319189903686
"Black, Mason","Hernández, Elieser",2024,R,9,0.8084190878962604
"Black, Mason","Manning, Matt",2024,R,10,0.828175016208717
"Blackburn, Paul","Hudson, Dakota",2024,R,1,0.3291780046723078
"Blackburn, Paul","Curry, Xzavion",2024,R,2,0.3444795976919831
"Blackburn, Paul","Kremer, Dean",2024,R,3,0.4391509388270765
"Blackburn, Paul","Spence, Mitch",2024,R,4,0.48203404657528787
"Blackburn, Paul","Brewer, Colten",2024,R,5,0.49901232047274846
"Blackburn, Paul","Crawford, Kutter",2024,R,6,0.5848944627606804
"Blackburn, Paul","Gordon, Tanner",2024,R,7,0.5909383431374609
"Blackburn, Paul","Neris, Héctor",2024,R,8,0.6704991277627501
"Blackburn, Paul","Jackson, Jay",2024,R,9,0.6803787033269457
"Blackburn, Paul","Martin, Davis",2024,R,10,0.6991563566405504
"Blalock, Bradley","Mikolas, Miles",2024,R,1,0.3567770643774814
"Blalock, Bradley","Quantrill, Cal",2024,R,2,0.4802253858894604
"Blalock, Bradley","Merryweather, Julian",2024,R,3,0.5133757751563002
"Blalock, Bradley","Gordon, Tanner",2024,R,4,0.5313762024619864
"Blalock, Bradley","Bibee, Tanner",2024,R,5,0.6183904147891377
"Blalock, Bradley","Lambert, Peter",2024,R,6,0.649642464166516
"Blalock, Bradley","Birdsong, Hayden",2024,R,7,0.6970760945768529
"Blalock, Bradley","Fitts, Richard",2024,R,8,0.7098289524421638
"Blalock, Bradley","Brooks, Aaron",2024,R,9,0.7347417787416886
"Blalock, Bradley","Spence, Mitch",2024,R,10,0.7622651447618003
"Blanco, Ronel","Cruz, Fernando",2024,R,1,0.3117517575424756
"Blanco, Ronel","Anderson, Shaun",2024,R,2,0.4843313159474668
"Blanco, Ronel","Myers, Tobias",2024,R,3,0.550343551145981
"Blanco, Ronel","Houser, Adrian",2024,R,4,0.5599597902566168
"Blanco, Ronel","Swanson, Erik",2024,R,5,0.5619168463337416
"Blanco, Ronel","Staumont, Josh",2024,R,6,0.6140617359751
"Blanco, Ronel","Suárez, Albert",2024,R,7,0.6179414503512827
"Blanco, Ronel","Wesneski, Hayden",2024,R,8,0.6234901416176004
"Blanco, Ronel","Taillon, Jameson",2024,R,9,0.6443588874205125
"Blanco, Ronel","Woods Richardson, Simeon",2024,R,10,0.6727464168388612
"Blewett, Scott","Burr, Ryan",2024,R,1,0.5308342140604154
"Blewett, Scott","Burke, Sean",2024,R,2,0.6948171011559048
"Blewett, Scott","Paddack, Chris",2024,R,3,0.7670522633344539
"Blewett, Scott","Wesneski, Hayden",2024,R,4,0.7893856477171358
"Blewett, Scott","Anderson, Shaun",2024,R,5,0.8326729859279971
"Blewett, Scott","Gibson, Kyle",2024,R,6,0.8405128329127879
"Blewett, Scott","Holman, Grant",2024,R,7,0.8709767559222098
"Blewett, Scott","Gaddis, Hunter",2024,R,8,0.8947743358949621
"Blewett, Scott","Ober, Bailey",2024,R,9,0.9227838780551866
"Blewett, Scott","Festa, David",2024,R,10,0.9302818814542123
"Bloss, Jake","Manoah, Alek",2024,R,1,0.2718910588150587
"Bloss, Jake","Irvin, Jake",2024,R,2,0.45620145124331096
"Bloss, Jake","Bowman, Matt",2024,R,3,0.5300149034418982
"Bloss, Jake","McGreevy, Michael",2024,R,4,0.5800164066307585
"Bloss, Jake","Kahnle, Tommy",2024,R,5,0.5999329766258842
"Bloss, Jake","McArthur, James",2024,R,6,0.6612645745615097
"Bloss, Jake","Smith, Burch",2024,R,7,0.6775660429057856
"Bloss, Jake","Burke, Sean",2024,R,8,0.6950116418662964
"Bloss, Jake","Robertson, Nick",2024,R,9,0.6995523453225909
"Bloss, Jake","Beck, Tristan",2024,R,10,0.7073420870910129
"Bolton, Cody","Buttó, José",2024,R,1,0.3638810057738114
"Bolton, Cody","Fulmer, Carson",2024,R,2,0.4854307756896267
"Bolton, Cody","Criswell, Jeff",2024,R,3,0.49125757940811204
"Bolton, Cody","Ramírez, Erasmo",2024,R,4,0.5124114348784273
"Bolton, Cody","Ryan, Ryder",2024,R,5,0.5129439831652884
"Bolton, Cody","Hancock, Emerson",2024,R,6,0.5151591207959288
"Bolton, Cody","Lynn, Lance",2024,R,7,0.5295388616462583
"Bolton, Cody","Payamps, Joel",2024,R,8,0.5308732376509473
"Bolton, Cody","Berríos, José",2024,R,9,0.5644861005816286
"Bolton, Cody","Eovaldi, Nathan",2024,R,10,0.5751355966966775
"Bowman, Matt","Kahnle, Tommy",2024,R,1,0.3621178434514177
"Bowman, Matt","Garabito, Gerson",2024,R,2,0.4119056771182691
"Bowman, Matt","Gallen, Zac",2024,R,3,0.4290421822373424
"Bowman, Matt","McGreevy, Michael",2024,R,4,0.43369701209945466
"Bowman, Matt","Bloss, Jake",2024,R,5,0.5300149034418982
"Bowman, Matt","Heller, Ben",2024,R,6,0.5366907600573702
"Bowman, Matt","Warren, Will",2024,R,7,0.5456548951544911
"Bowman, Matt","Smith, Burch",2024,R,8,0.5710165576884825
"Bowman, Matt","Clevinger, Mike",2024,R,9,0.5818539230667141
"Bowman, Matt","McArthur, James",2024,R,10,0.5820999377069038
"Boyle, Joe","Helsley, Ryan",2024,R,1,0.3822631817422139
"Boyle, Joe","Petersen, Michael",2024,R,2,0.4195966635296872
"Boyle, Joe","Brown, Hunter",2024,R,3,0.48651775446233464
"Boyle, Joe","Cabrera, Edward",2024,R,4,0.5071544929107241
"Boyle, Joe","Brown, Ben",2024,R,5,0.5087915868110789
"Boyle, Joe","Bradley, Taj",2024,R,6,0.5851616311505408
"Boyle, Joe","Baumann, Mike",2024,R,7,0.595701213090899
"Boyle, Joe","Brito, Jhony",2024,R,8,0.620612806249593
"Boyle, Joe","Green, Chad",2024,R,9,0.649309164595814
"Boyle, Joe","Soriano, José",2024,R,10,0.6721960300226749
"Bradish, Kyle","Hjelle, Sean",2024,R,1,0.3269289532822048
"Bradish, Kyle","Frías, Luis",2024,R,2,0.3689370194561463
"Bradish, Kyle","Alzolay, Adbert",2024,R,3,0.3860066231179511
"Bradish, Kyle","Law, Derek",2024,R,4,0.4211550207661591
"Bradish, Kyle","Baker, Bryan",2024,R,5,0.5395917546368255
"Bradish, Kyle","Birdsong, Hayden",2024,R,6,0.5529894236792198
"Bradish, Kyle","Brown, Hunter",2024,R,7,0.593092326440712
"Bradish, Kyle","Cabrera, Edward",2024,R,8,0.6159798109971026
"Bradish, Kyle","Bradley, Taj",2024,R,9,0.6348810947055612
"Bradish, Kyle","Slaten, Justin",2024,R,10,0.6883432024294497
"Bradley, Taj","Green, Chad",2024,R,1,0.2053745935074351
"Bradley, Taj","Winckowski, Josh",2024,R,2,0.28104082484575565
"Bradley, Taj","Baumann, Mike",2024,R,3,0.36816647006765124
"Bradley, Taj","Brito, Jhony",2024,R,4,0.368954291570024
"Bradley, Taj","Brown, Hunter",2024,R,5,0.3711562640808645
"Bradley, Taj","Cabrera, Edward",2024,R,6,0.3903438040376729
"Bradley, Taj","Weems, Jordan",2024,R,7,0.43021994981114536
"Bradley, Taj","Pallante, Andre",2024,R,8,0.46017415073078327
"Bradley, Taj","Stratton, Hunter",2024,R,9,0.4771049939937914
"Bradley, Taj","Bednar, David",2024,R,10,0.49581097417627074
"Brasier, Ryan","Pagán, Emilio",2024,R,1,0.3705386613867281
"Brasier, Ryan","Mize, Casey",2024,R,2,0.4455978341350896
"Brasier, Ryan","Leiter, Jack",2024,R,3,0.5285845415318087
"Brasier, Ryan","Rocker, Kumar",2024,R,4,0.5371780349534844
"Brasier, Ryan","Ginn, J.T.",2024,R,5,0.5552178749610837
"Brasier, Ryan","Ross, Joe",2024,R,6,0.5559793140096073
"Brasier, Ryan","Miller, Bobby",2024,R,7,0.556941103698787
"Brasier, Ryan","Leasure, Jordan",2024,R,8,0.5874235206662327
"Brasier, Ryan","Winn, Cole",2024,R,9,0.6067073845878856
"Brasier, Ryan","Grove, Michael",2024,R,10,0.6126300895950644
"Brazobán, Huascar","Weaver, Luke",2024,R,1,0.4075039422636122
"Brazobán, Huascar","Zulueta, Yosver",2024,R,2,0.5351567251350114
"Brazobán, Huascar","Montas, Frankie",2024,R,3,0.6173180899846282
"Brazobán, Huascar","Taylor, Troy",2024,R,4,0.625282242418312
"Brazobán, Huascar","Brieske, Beau",2024,R,5,0.6667426333206239
"Brazobán, Huascar","Hamilton, Ian",2024,R,6,0.6824591046809085
"Brazobán, Huascar","Faucher, Calvin",2024,R,7,0.7340634539630767
"Brazobán, Huascar","Muñoz, Roddery",2024,R,8,0.7395042948618348
"Brazobán, Huascar","Berroa, Prelander",2024,R,9,0.8513909385206893
"Brazobán, Huascar","Jarvis, Bryce",2024,R,10,0.8629403779564411
"Brebbia, John","Sulser, Cole",2024,R,1,0.17782468410049906
"Brebbia, John","Nastrini, Nick",2024,R,2,0.2512215865623245
"Brebbia, John","Garabito, Gerson",2024,R,3,0.32230920899247784
"Brebbia, John","Rodríguez, Yariel",2024,R,4,0.4092424533871908
"Brebbia, John","Kahnle, Tommy",2024,R,5,0.4114851358680235
"Brebbia, John","Heller, Ben",2024,R,6,0.41374741191300135
"Brebbia, John","Martin, Davis",2024,R,7,0.41402403973840757
"Brebbia, John","Almonte, Yency",2024,R,8,0.41593301046190856
"Brebbia, John","Fedde, Erick",2024,R,9,0.45956198375533774
"Brebbia, John","Carrasco, Carlos",2024,R,10,0.46330831778050735
"Brewer, Colten","Gordon, Tanner",2024,R,1,0.2987836517968148
"Brewer, Colten","Kremer, Dean",2024,R,2,0.42473245216013106
"Brewer, Colten","Montero, Keider",2024,R,3,0.43872286922703785
"Brewer, Colten","Spence, Mitch",2024,R,4,0.4488568053640257
"Brewer, Colten","Blackburn, Paul",2024,R,5,0.49901232047274846
"Brewer, Colten","Martin, Davis",2024,R,6,0.5053142857412757
"Brewer, Colten","Faedo, Alex",2024,R,7,0.5760337404897312
"Brewer, Colten","White, Mitch",2024,R,8,0.6019674785034886
"Brewer, Colten","Vásquez, Randy",2024,R,9,0.6053403459870276
"Brewer, Colten","Merryweather, Julian",2024,R,10,0.6168165996199433
"Brieske, Beau","Montas, Frankie",2024,R,1,0.407784381372112
"Brieske, Beau","Berroa, Prelander",2024,R,2,0.543614956027348
"Brieske, Beau","Zulueta, Yosver",2024,R,3,0.5636482080606193
"Brieske, Beau","Winn, Keaton",2024,R,4,0.5639860733557556
"Brieske, Beau","Muñoz, Roddery",2024,R,5,0.5885322977024522
"Brieske, Beau","Hernández, Daysbel",2024,R,6,0.600109449546982
"Brieske, Beau","Cole, Gerrit",2024,R,7,0.613043961466446
"Brieske, Beau","Ruiz, José",2024,R,8,0.6153158781204681
"Brieske, Beau","Weaver, Luke",2024,R,9,0.6274037637047619
"Brieske, Beau","Brazobán, Huascar",2024,R,10,0.6667426333206239
"Brito, Jhony","Bradley, Taj",2024,R,1,0.368954291570024
"Brito, Jhony","Green, Chad",2024,R,2,0.44193917622647333
"Brito, Jhony","Winckowski, Josh",2024,R,3,0.5114075475496308
"Brito, Jhony","Stratton, Hunter",2024,R,4,0.526163251084481
"Brito, Jhony","Greene, Hunter",2024,R,5,0.5614529331109219
"Brito, Jhony","Winn, Keaton",2024,R,6,0.574878037897334
"Brito, Jhony","Brown, Hunter",2024,R,7,0.5791756574716733
"Brito, Jhony","Severino, Luis",2024,R,8,0.6021596950069784
"Brito, Jhony","Boyle, Joe",2024,R,9,0.620612806249593
"Brito, Jhony","Cease, Dylan",2024,R,10,0.6397611813184204
"Brooks, Aaron","Avila, Nick",2024,R,1,0.5174399494500085
"Brooks, Aaron","Keller, Brad",2024,R,2,0.5174966847442838
"Brooks, Aaron","Neris, Héctor",2024,R,3,0.5180492624578513
"Brooks, Aaron","Faedo, Alex",2024,R,4,0.5237833689239975
"Brooks, Aaron","Kremer, Dean",2024,R,5,0.5523951075432637
"Brooks, Aaron","Pinto, Ricardo",2024,R,6,0.6208522132414225
"Brooks, Aaron","Gordon, Tanner",2024,R,7,0.648825667915761
"Brooks, Aaron","Spence, Mitch",2024,R,8,0.6514558840986164
"Brooks, Aaron","Honeywell, Brent",2024,R,9,0.6585820649868385
"Brooks, Aaron","Chirinos, Yonny",2024,R,10,0.6817782666270765
"Brown, Ben","Brown, Hunter",2024,R,1,0.33599420559627136
"Brown, Ben","Reynolds, Sean",2024,R,2,0.417767478134198
"Brown, Ben","Ginkel, Kevin",2024,R,3,0.48067352109164524
"Brown, Ben","Cabrera, Edward",2024,R,4,0.4931134252179619
"Brown, Ben","Boyle, Joe",2024,R,5,0.5087915868110789
"Brown, Ben","Baumann, Mike",2024,R,6,0.5480838592793486
"Brown, Ben","Hjelle, Sean",2024,R,7,0.5633361895368459
"Brown, Ben","Jansen, Kenley",2024,R,8,0.5865950391019022
"Brown, Ben","Petersen, Michael",2024,R,9,0.6119930568237727
"Brown, Ben","García, Luis",2024,R,10,0.6411759268497831
"Brown, Hunter","Cabrera, Edward",2024,R,1,0.3232759792638459
"Brown, Hunter","Baumann, Mike",2024,R,2,0.3311689124109778
"Brown, Hunter","Brown, Ben",2024,R,3,0.33599420559627136
"Brown, Hunter","Green, Chad",2024,R,4,0.37032409177556797
"Brown, Hunter","Bradley, Taj",2024,R,5,0.3711562640808645
"Brown, Hunter","Boyle, Joe",2024,R,6,0.48651775446233464
"Brown, Hunter","Hjelle, Sean",2024,R,7,0.5125857164453065
"Brown, Hunter","Weems, Jordan",2024,R,8,0.5185004691001108
"Brown, Hunter","García, Luis",2024,R,9,0.5602568400965037
"Brown, Hunter","Brito, Jhony",2024,R,10,0.5791756574716733
"Buehler, Walker","Yamamoto, Yoshinobu",2024,R,1,0.17482699405247001
"Buehler, Walker","Feltner, Ryan",2024,R,2,0.3250887674073918
"Buehler, Walker","Hicks, Jordan",2024,R,3,0.38472112489627186
"Buehler, Walker","Ginn, J.T.",2024,R,4,0.44395316426844983
"Buehler, Walker","Holderman, Colin",2024,R,5,0.49566338385213443
"Buehler, Walker","Cecconi, Slade",2024,R,6,0.49636944153316326
"Buehler, Walker","García, Deivi",2024,R,7,0.5304597626821329
"Buehler, Walker","Rea, Colin",2024,R,8,0.531616513303004
"Buehler, Walker","Gray, Sonny",2024,R,9,0.5329003848030336
"Buehler, Walker","Berríos, José",2024,R,10,0.5341840985891444
"Burdi, Nick","Doval, Camilo",2024,R,1,0.22430458881890103
"Burdi, Nick","Pop, Zach",2024,R,2,0.4093515096438001
"Burdi, Nick","Stewart, Brock",2024,R,3,0.4445192025580754
"Burdi, Nick","Domínguez, Seranthony",2024,R,4,0.5098114146263133
"Burdi, Nick","Vest, Will",2024,R,5,0.5451425230518987
"Burdi, Nick","Kolek, Stephen",2024,R,6,0.5549225505139642
"Burdi, Nick","Skenes, Paul",2024,R,7,0.618093329893638
"Burdi, Nick","Kelly, Joe",2024,R,8,0.6569778592812375
"Burdi, Nick","Rodríguez, Manuel",2024,R,9,0.6632881100597288
"Burdi, Nick","Varland, Gus",2024,R,10,0.6725918735569928
"Burke, Sean","Anderson, Shaun",2024,R,1,0.3203179463719706
"Burke, Sean","Beck, Tristan",2024,R,2,0.4323976849617624
"Burke, Sean","Paddack, Chris",2024,R,3,0.45372260030362493
"Burke, Sean","Manoah, Alek",2024,R,4,0.5359025037927956
"Burke, Sean","Gaddis, Hunter",2024,R,5,0.6306899210673684
"Burke, Sean","Burr, Ryan",2024,R,6,0.6450567351874089
"Burke, Sean","Howard, Spencer",2024,R,7,0.6453536928292845
"Burke, Sean","Wesneski, Hayden",2024,R,8,0.6763666185894229
"Burke, Sean","Blewett, Scott",2024,R,9,0.6948171011559048
"Burke, Sean","Bloss, Jake",2024,R,10,0.6950116418662964
"Burnes, Corbin","Slaten, Justin",2024,R,1,0.41908995142845307
"Burnes, Corbin","Sauer, Matt",2024,R,2,0.44660898436245444
"Burnes, Corbin","Baz, Shane",2024,R,3,0.46588226201239347
"Burnes, Corbin","Contreras, Roansy",2024,R,4,0.48256134960345054
"Burnes, Corbin","Pepiot, Ryan",2024,R,5,0.5095801194897118
"Burnes, Corbin","Meyer, Max",2024,R,6,0.5156444052442722
"Burnes, Corbin","Chivilli, Angel",2024,R,7,0.5362257532410866
"Burnes, Corbin","Stratton, Hunter",2024,R,8,0.5377427625905682
"Burnes, Corbin","Staumont, Josh",2024,R,9,0.543688096415328
"Burnes, Corbin","López, Reynaldo",2024,R,10,0.5551750100015851
"Burr, Ryan","Jackson, Luke",2024,R,1,0.48919217900451184
"Burr, Ryan","Blewett, Scott",2024,R,2,0.5308342140604154
"Burr, Ryan","Burke, Sean",2024,R,3,0.6450567351874089
"Burr, Ryan","Anderson, Shaun",2024,R,4,0.7371655101693816
"Burr, Ryan","Festa, David",2024,R,5,0.7405500571779827
"Burr, Ryan","Suárez, Albert",2024,R,6,0.7432752403613477
"Burr, Ryan","Gaddis, Hunter",2024,R,7,0.7660988750855088
"Burr, Ryan","Paddack, Chris",2024,R,8,0.7754006613866644
"Burr, Ryan","Blanco, Ronel",2024,R,9,0.8392250789318928
"Burr, Ryan","Woods Richardson, Simeon",2024,R,10,0.8433248599724564
"Buttó, José","Bolton, Cody",2024,R,1,0.3638810057738114
"Buttó, José","Tinoco, Jesus",2024,R,2,0.37516136052438576
"Buttó, José","Yates, Kirby",2024,R,3,0.4045571572096287
"Buttó, José","De Los Santos, Enyel",2024,R,4,0.4999564790376602
"Buttó, José","Chargois, JT",2024,R,5,0.5296856232116799
"Buttó, José","Criswell, Jeff",2024,R,6,0.5486239446026575
"Buttó, José","Bello, Brayan",2024,R,7,0.5702486860447505
"Buttó, José","Walker, Ryan",2024,R,8,0.6075927185033542
"Buttó, José","Snider, Collin",2024,R,9,0.6171966257745551
"Buttó, José","Payamps, Joel",2024,R,10,0.6418038166770119
"Cabrera, Edward","Baumann, Mike",2024,R,1,0.2599086717989588
"Cabrera, Edward","Brown, Hunter",2024,R,2,0.3232759792638459
"Cabrera, Edward","Bradley, Taj",2024,R,3,0.3903438040376729
"Cabrera, Edward","Mears, Nick",2024,R,4,0.4241966437842726
"Cabrera, Edward","Pallante, Andre",2024,R,5,0.44930074975373774
"Cabrera, Edward","Green, Chad",2024,R,6,0.46186204450711094
"Cabrera, Edward","Brown, Ben",2024,R,7,0.4931134252179619
"Cabrera, Edward","Hernández, Carlos",2024,R,8,0.49375190665042173
"Cabrera, Edward","Boyle, Joe",2024,R,9,0.5071544929107241
"Cabrera, Edward","Nelson, Ryne",2024,R,10,0.5135906986469664
"Canning, Griffin","McGough, Scott",2024,R,1,0.2666848173303863
"Canning, Griffin","Lorenzen, Michael",2024,R,2,0.2727911799374387
"Canning, Griffin","Holmes, Grant",2024,R,3,0.3696134257832646
"Canning, Griffin","Casparius, Ben",2024,R,4,0.38401836584038435
"Canning, Griffin","Bazardo, Eduard",2024,R,5,0.3990956470595387
"Canning, Griffin","Díaz, Yilber",2024,R,6,0.6156220928100263
"Canning, Griffin","Mazur, Adam",2024,R,7,0.6182477357647671
"Canning, Griffin","Faedo, Alex",2024,R,8,0.6317116170286501
"Canning, Griffin","Olson, Reese",2024,R,9,0.66364884475044
"Canning, Griffin","Knack, Landon",2024,R,10,0.6702641525131435
"Cannon, Jonathan","Thompson, Keegan",2024,R,1,0.20607081643078823
"Cannon, Jonathan","Madden, Ty",2024,R,2,0.2814339055323993
"Cannon, Jonathan","Lowder, Rhett",2024,R,3,0.2921726257495273
"Cannon, Jonathan","Vásquez, Randy",2024,R,4,0.4081006744013258
"Cannon, Jonathan","Bazardo, Eduard",2024,R,5,0.4460161548434638
"Cannon, Jonathan","Englert, Mason",2024,R,6,0.45379731600133744
"Cannon, Jonathan","Marsh, Alec",2024,R,7,0.46296752930308394
"Cannon, Jonathan","Faedo, Alex",2024,R,8,0.4702254945518647
"Cannon, Jonathan","Smith, Drew",2024,R,9,0.48463072548639746
"Cannon, Jonathan","Montero, Keider",2024,R,10,0.4899276582691754
"Cano, Yennier","Santillan, Tony",2024,R,1,0.26490082215661476
"Cano, Yennier","Vest, Will",2024,R,2,0.34864816701484247
"Cano, Yennier","Hanifee, Brenan",2024,R,3,0.44497187231251545
"Cano, Yennier","Kelly, Joe",2024,R,4,0.4940279852381179
"Cano, Yennier","Zulueta, Yosver",2024,R,5,0.6764520665656719
"Cano, Yennier","Weaver, Luke",2024,R,6,0.6903134379762103
"Cano, Yennier","Doval, Camilo",2024,R,7,0.7067680056829313
"Cano, Yennier","Burdi, Nick",2024,R,8,0.710097421440409
"Cano, Yennier","Montero, Rafael",2024,R,9,0.860125759888759
"Cano, Yennier","Skenes, Paul",2024,R,10,0.8905364997441347
"Carrasco, Carlos","Assad, Javier",2024,R,1,0.26226914582989075
"Carrasco, Carlos","Stratton, Chris",2024,R,2,0.43352185267929066
"Carrasco, Carlos","Brebbia, John",2024,R,3,0.46330831778050735
"Carrasco, Carlos","Myers, Tobias",2024,R,4,0.4809604995902483
"Carrasco, Carlos","Sulser, Cole",2024,R,5,0.481772467456233
"Carrasco, Carlos","Taillon, Jameson",2024,R,6,0.49151270546943393
"Carrasco, Carlos","Phillips, Tyler",2024,R,7,0.5600673212255065
"Carrasco, Carlos","Nastrini, Nick",2024,R,8,0.5873554708165007
"Carrasco, Carlos","Martin, Davis",2024,R,9,0.59252076189965
"Carrasco, Carlos","Cruz, Fernando",2024,R,10,0.6047901892474123
"Casparius, Ben","McGough, Scott",2024,R,1,0.2136302024153076
"Casparius, Ben","Mazur, Adam",2024,R,2,0.3135589696729313
"Casparius, Ben","Canning, Griffin",2024,R,3,0.38401836584038435
"Casparius, Ben","Lorenzen, Michael",2024,R,4,0.5258609683935735
"Casparius, Ben","Poteet, Cody",2024,R,5,0.6097419929244314
"Casparius, Ben","Holmes, Grant",2024,R,6,0.659592898804486
"Casparius, Ben","Kelly, Michael",2024,R,7,0.6875744095294694
"Casparius, Ben","Díaz, Yilber",2024,R,8,0.6876343146388109
"Casparius, Ben","Honeywell, Brent",2024,R,9,0.6968372968558462
"Casparius, Ben","Knack, Landon",2024,R,10,0.7180316100256979
"Castillo, Luis","García, Yimi",2024,R,1,1.2666026913773296
"Castillo, Luis","Cronin, Declan",2024,R,2,1.526320207340621
"Castillo, Luis","Taylor, Troy",2024,R,3,1.5813771777459653
"Castillo, Luis","Sands, Cole",2024,R,4,1.687550554755462
"Castillo, Luis","Adams, Austin",2024,R,5,1.746124964816612
"Castillo, Luis","Bird, Jake",2024,R,6,1.7653073545929274
"Castillo, Luis","Cobb, Alex",2024,R,7,1.7775475207000406
"Castillo, Luis","Scott, Tayler",2024,R,8,1.8067882471327252
"Castillo, Luis","Santillan, Tony",2024,R,9,1.8140169449923538
"Castillo, Luis","Yates, Kirby",2024,R,10,1.9057902644025126
"Castro, Miguel","Black, Mason",2024,R,1,0.48322977689519797
"Castro, Miguel","Webb, Logan",2024,R,2,0.5800736918778437
"Castro, Miguel","Ramírez, Yohan",2024,R,3,0.580562888112565
"Castro, Miguel","Scott, Christian",2024,R,4,0.7023071455473027
"Castro, Miguel","Ryan, Joe",2024,R,5,0.7305080964088334
"Castro, Miguel","Arrighetti, Spencer",2024,R,6,0.7603439054612102
"Castro, Miguel","Nola, Aaron",2024,R,7,0.7749790220398185
"Castro, Miguel","Peralta, Freddy",2024,R,8,0.8271660796286995
"Castro, Miguel","Kimbrel, Craig",2024,R,9,0.8508517388962228
"Castro, Miguel","Singer, Brady",2024,R,10,0.8666827479357387
"Cease, Dylan","Stratton, Hunter",2024,R,1,0.3537677783714186
"Cease, Dylan","Chivilli, Angel",2024,R,2,0.3744822339289675
"Cease, Dylan","Winn, Keaton",2024,R,3,0.44676612925106096
"Cease, Dylan","Mercado, Michael",2024,R,4,0.507616432603004
"Cease, Dylan","Molina, Anthony",2024,R,5,0.5145998163091057
"Cease, Dylan","Alzolay, Adbert",2024,R,6,0.5216011016397107
"Cease, Dylan","Bivens, Spencer",2024,R,7,0.5353619911552084
"Cease, Dylan","Meyer, Max",2024,R,8,0.5950613049999665
"Cease, Dylan","Winckowski, Josh",2024,R,9,0.6043670609089198
"Cease, Dylan","Matthews, Zebby",2024,R,10,0.6086945247531852
"Cecconi, Slade","Heller, Ben",2024,R,1,0.13676548074349337
"Cecconi, Slade","Rea, Colin",2024,R,2,0.16719589179987876
"Cecconi, Slade","Hicks, Jordan",2024,R,3,0.25679738694288823
"Cecconi, Slade","Garabito, Gerson",2024,R,4,0.3083882754454452
"Cecconi, Slade","Kahnle, Tommy",2024,R,5,0.35231822384862044
"Cecconi, Slade","Sulser, Cole",2024,R,6,0.35545130773345956
"Cecconi, Slade","Mahle, Tyler",2024,R,7,0.3607469452625982
"Cecconi, Slade","Rodríguez, Yariel",2024,R,8,0.3680099086047203
"Cecconi, Slade","Teng, Kai-Wei",2024,R,9,0.39055087516654097
"Cecconi, Slade","Ginn, J.T.",2024,R,10,0.42754719878950603
"Chargois, JT","Cisnero, José",2024,R,1,0.17095039345274254
"Chargois, JT","De Los Santos, Enyel",2024,R,2,0.22901958423149082
"Chargois, JT","Tinoco, Jesus",2024,R,3,0.2986506473062386
"Chargois, JT","Hernández, Jonathan",2024,R,4,0.37566152540229514
"Chargois, JT","Iglesias, Raisel",2024,R,5,0.3781318541623811
"Chargois, JT","Marte, Yunior",2024,R,6,0.40840339561856925
"Chargois, JT","Bello, Brayan",2024,R,7,0.4695535138089084
"Chargois, JT","Garrett, Reed",2024,R,8,0.487867401915913
"Chargois, JT","Miller, Bryce",2024,R,9,0.48967662173099524
"Chargois, JT","Kerkering, Orion",2024,R,10,0.521692217847635
"Chavez, Jesse","Thornton, Trent",2024,R,1,0.42318009677943386
"Chavez, Jesse","Soriano, George",2024,R,2,0.5899286857194971
"Chavez, Jesse","Woodford, Jake",2024,R,3,0.617657805375022
"Chavez, Jesse","Beede, Tyler",2024,R,4,0.6433223909185606
"Chavez, Jesse","Festa, Matt",2024,R,5,0.6499453219249429
"Chavez, Jesse","Hernández, Elieser",2024,R,6,0.7205668666969522
"Chavez, Jesse","Ramírez, Erasmo",2024,R,7,0.7317020370165349
"Chavez, Jesse","Miller, Ryan",2024,R,8,0.7491275297065978
"Chavez, Jesse","García, Deivi",2024,R,9,0.77009094747736
"Chavez, Jesse","Tate, Dillon",2024,R,10,0.7903593375628637
"Chirinos, Yonny","Keller, Brad",2024,R,1,0.6298356454725805
"Chirinos, Yonny","Anderson, Nick",2024,R,2,0.6340395064057628
"Chirinos, Yonny","Brooks, Aaron",2024,R,3,0.6817782666270765
"Chirinos, Yonny","Elder, Bryce",2024,R,4,0.7833590961476266
"Chirinos, Yonny","Sborz, Josh",2024,R,5,0.8354123014255652
"Chirinos, Yonny","Musgrove, Joe",2024,R,6,0.8600209276177669
"Chirinos, Yonny","Stripling, Ross",2024,R,7,0.8634995905714326
"Chirinos, Yonny","Blalock, Bradley",2024,R,8,0.8749433995866562
"Chirinos, Yonny","Mikolas, Miles",2024,R,9,0.9006291296259595
"Chirinos, Yonny","Molina, Anthony",2024,R,10,0.9126352676135369
"Chivilli, Angel","Stratton, Hunter",2024,R,1,0.19166462570857576
"Chivilli, Angel","Meyer, Max",2024,R,2,0.3716829698725322
"Chivilli, Angel","Cease, Dylan",2024,R,3,0.3744822339289675
"Chivilli, Angel","López, Jorge",2024,R,4,0.4819324170878703
"Chivilli, Angel","Winckowski, Josh",2024,R,5,0.5286606715445388
"Chivilli, Angel","Burnes, Corbin",2024,R,6,0.5362257532410866
"Chivilli, Angel","Bivens, Spencer",2024,R,7,0.581857190574935
"Chivilli, Angel","Matthews, Zebby",2024,R,8,0.5842566909193898
"Chivilli, Angel","Lange, Alex",2024,R,9,0.6102654213126391
"Chivilli, Angel","Kerkering, Orion",2024,R,10,0.6182067248052433
"Cimber, Adam","Rogers, Tyler",2024,R,1,2.783996498345457
"Cimber, Adam","Jacob, Alek",2024,R,2,3.5145833788140775
"Cimber, Adam","Thompson, Ryan",2024,R,3,3.690065801657681
"Cimber, Adam","Kelly, Kevin",2024,R,4,3.8899676431008094
"Cimber, Adam","Anderson, Grant",2024,R,5,4.152175243981099
"Cimber, Adam","Sandlin, Nick",2024,R,6,4.3337727815411045
"Cimber, Adam","Schreiber, John",2024,R,7,4.422116478099287
"Cimber, Adam","Martinez, Seth",2024,R,8,4.556240763008631
"Cimber, Adam","Cuas, Jose",2024,R,9,4.581852621782604
"Cimber, Adam","Sewald, Paul",2024,R,10,4.630484671779238
"Cisnero, José","Chargois, JT",2024,R,1,0.17095039345274254
"Cisnero, José","De Los Santos, Enyel",2024,R,2,0.27825017649224365
"Cisnero, José","Iglesias, Raisel",2024,R,3,0.33233957423665333
"Cisnero, José","Marte, Yunior",2024,R,4,0.3470360231560495
"Cisnero, José","Tinoco, Jesus",2024,R,5,0.34708428591343965
"Cisnero, José","Hernández, Jonathan",2024,R,6,0.3557191453038891
"Cisnero, José","Bello, Brayan",2024,R,7,0.5217065174101744
"Cisnero, José","Kerkering, Orion",2024,R,8,0.5327934693554748
"Cisnero, José","Miller, Bryce",2024,R,9,0.5358292016193063
"Cisnero, José","Garrett, Reed",2024,R,10,0.5375632217263585
"Civale, Aaron","Jiménez, Dany",2024,R,1,0.35130521524062946
"Civale, Aaron","Martinez, Nick",2024,R,2,0.664354043242089
"Civale, Aaron","Bielak, Brandon",2024,R,3,0.7545505703969126
"Civale, Aaron","Poteet, Cody",2024,R,4,0.8519987935600946
"Civale, Aaron","Elder, Bryce",2024,R,5,0.8879790375168637
"Civale, Aaron","Walker, Taijuan",2024,R,6,0.8894659353971405
"Civale, Aaron","Maldonado, Anthony",2024,R,7,0.906677965091544
"Civale, Aaron","Gallegos, Giovanny",2024,R,8,0.918973468390055
"Civale, Aaron","Kelly, Michael",2024,R,9,0.9272419087087369
"Civale, Aaron","Musgrove, Joe",2024,R,10,1.0370439624220573
"Clase, Emmanuel","Suarez, Robert",2024,R,1,0.49251637403789705
"Clase, Emmanuel","Miller, Mason",2024,R,2,1.0636378175629437
"Clase, Emmanuel","Uribe, Abner",2024,R,3,1.0869615969116557
"Clase, Emmanuel","Kopech, Michael",2024,R,4,1.3435377181395363
"Clase, Emmanuel","Duran, Jhoan",2024,R,5,1.362747776386887
"Clase, Emmanuel","Megill, Trevor",2024,R,6,1.3685906090238877
"Clase, Emmanuel","Soriano, José",2024,R,7,1.3704669568839953
"Clase, Emmanuel","Martinez, Justin",2024,R,8,1.4533128795058516
"Clase, Emmanuel","Petersen, Michael",2024,R,9,1.5045735180903923
"Clase, Emmanuel","Rasmussen, Drew",2024,R,10,1.5530676008772004
"Clevinger, Mike","Wilson, Steven",2024,R,1,0.28374234670968174
"Clevinger, Mike","Darvish, Yu",2024,R,2,0.37119550107930194
"Clevinger, Mike","Daniel, Davis",2024,R,3,0.46242568384930627
"Clevinger, Mike","Garabito, Gerson",2024,R,4,0.4687739452758169
"Clevinger, Mike","Kahnle, Tommy",2024,R,5,0.49418394515430636
"Clevinger, Mike","Sulser, Cole",2024,R,6,0.5165949245032618
"Clevinger, Mike","Rea, Colin",2024,R,7,0.5381005177280161
"Clevinger, Mike","Teng, Kai-Wei",2024,R,8,0.5505159957107033
"Clevinger, Mike","Heller, Ben",2024,R,9,0.5716511079707723
"Clevinger, Mike","Bowman, Matt",2024,R,10,0.5818539230667141
"Cobb, Alex","Jarvis, Bryce",2024,R,1,0.29974489902783014
"Cobb, Alex","Bender, Anthony",2024,R,2,0.4344715016232483
"Cobb, Alex","Bird, Jake",2024,R,3,0.4629527957618538
"Cobb, Alex","Smith, Drew",2024,R,4,0.5182327890463339
"Cobb, Alex","Cronin, Declan",2024,R,5,0.6034186614523099
"Cobb, Alex","Santana, Dennis",2024,R,6,0.6110598745731993
"Cobb, Alex","Kelly, Merrill",2024,R,7,0.6332838920868493
"Cobb, Alex","Yates, Kirby",2024,R,8,0.6706617704512212
"Cobb, Alex","Muñoz, Roddery",2024,R,9,0.6941788121506657
"Cobb, Alex","Sands, Cole",2024,R,10,0.6967176629185601
"Cole, Gerrit","Bido, Osvaldo",2024,R,1,0.3799514931502955
"Cole, Gerrit","Rainey, Tanner",2024,R,2,0.3938105296274465
"Cole, Gerrit","Medina, Luis",2024,R,3,0.47880404016804284
"Cole, Gerrit","Severino, Luis",2024,R,4,0.5437056804560773
"Cole, Gerrit","Mercado, Michael",2024,R,5,0.5499872915518235
"Cole, Gerrit","Santana, Dennis",2024,R,6,0.5690124064967901
"Cole, Gerrit","Fernandez, Ryan",2024,R,7,0.5740350115054477
"Cole, Gerrit","Zeferjahn, Ryan",2024,R,8,0.6111784586088043
"Cole, Gerrit","Brieske, Beau",2024,R,9,0.613043961466446
"Cole, Gerrit","Matthews, Zebby",2024,R,10,0.6173501467825563
"Contreras, Roansy","Priester, Quinn",2024,R,1,0.13389126765160897
"Contreras, Roansy","White, Mitch",2024,R,2,0.3591314512953486
"Contreras, Roansy","Dana, Caden",2024,R,3,0.40755422527143065
"Contreras, Roansy","Lambert, Peter",2024,R,4,0.4546454865697199
"Contreras, Roansy","Adam, Jason",2024,R,5,0.479628824448527
"Contreras, Roansy","Rodríguez, Yariel",2024,R,6,0.4822121009179437
"Contreras, Roansy","Burnes, Corbin",2024,R,7,0.48256134960345054
"Contreras, Roansy","López, Reynaldo",2024,R,8,0.5036030663145539
"Contreras, Roansy","Meyer, Max",2024,R,9,0.5037240491772925
"Contreras, Roansy","Sauer, Matt",2024,R,10,0.5097101476447724
"Cousins, Jake","Ottavino, Adam",2024,R,1,0.6012058472068568
"Cousins, Jake","Dunning, Dane",2024,R,2,0.6921617780341259
"Cousins, Jake","Gómez, Yoendrys",2024,R,3,0.7357225538294856
"Cousins, Jake","Bloss, Jake",2024,R,4,0.7400976664678306
"Cousins, Jake","Wilson, Steven",2024,R,5,0.7616290139000609
"Cousins, Jake","Tyler, Kyle",2024,R,6,0.8365955862977126
"Cousins, Jake","Francis, Bowden",2024,R,7,0.8630614148223915
"Cousins, Jake","Toussaint, Touki",2024,R,8,0.8782115907521557
"Cousins, Jake","Bowman, Matt",2024,R,9,0.9075091741080161
"Cousins, Jake","Beck, Tristan",2024,R,10,0.9487146122104625
"Crawford, Kutter","Curry, Xzavion",2024,R,1,0.28785380566785207
"Crawford, Kutter","Littell, Zack",2024,R,2,0.5294523824413698
"Crawford, Kutter","Blackburn, Paul",2024,R,3,0.5848944627606804
"Crawford, Kutter","Vines, Darius",2024,R,4,0.6460742115106879
"Crawford, Kutter","Kelly, Michael",2024,R,5,0.6477475000886062
"Crawford, Kutter","Musgrove, Joe",2024,R,6,0.6538099853548045
"Crawford, Kutter","Estes, Joey",2024,R,7,0.6634761036857588
"Crawford, Kutter","Kremer, Dean",2024,R,8,0.6706607665295575
"Crawford, Kutter","Neris, Héctor",2024,R,9,0.686060131295146
"Crawford, Kutter","Hudson, Dakota",2024,R,10,0.704323303881059
"Criswell, Cooper","Williams, Trevor",2024,R,1,0.35063133575399913
"Criswell, Cooper","Barlow, Scott",2024,R,2,0.6113265052739925
"Criswell, Cooper","McCaughan, Darren",2024,R,3,0.9022082494237147
"Criswell, Cooper","Roberts, Ethan",2024,R,4,0.9200500982354826
"Criswell, Cooper","Lively, Ben",2024,R,5,1.0081557790511386
"Criswell, Cooper","Maton, Phil",2024,R,6,1.0585402367099694
"Criswell, Cooper","Roupp, Landen",2024,R,7,1.0647101765566158
"Criswell, Cooper","Waldron, Matt",2024,R,8,1.096289249883146
"Criswell, Cooper","Nola, Aaron",2024,R,9,1.1318801131292886
"Criswell, Cooper","Dunning, Dane",2024,R,10,1.3038213470004842
"Criswell, Jeff","Lynn, Lance",2024,R,1,0.4749605234685663
"Criswell, Jeff","Bolton, Cody",2024,R,2,0.49125757940811204
"Criswell, Jeff","Hudson, Daniel",2024,R,3,0.5283467968955115
"Criswell, Jeff","Buttó, José",2024,R,4,0.5486239446026575
"Criswell, Jeff","Phillips, Evan",2024,R,5,0.5608978624130295
"Criswell, Jeff","Ureña, José",2024,R,6,0.5693746464935722
"Criswell, Jeff","Núñez, Dedniel",2024,R,7,0.584412624403354
"Criswell, Jeff","Garrett, Reed",2024,R,8,0.660494973391532
"Criswell, Jeff","Fulmer, Carson",2024,R,9,0.6611827573853244
"Criswell, Jeff","Henriquez, Ronny",2024,R,10,0.6621653512980672
"Cronin, Declan","Bird, Jake",2024,R,1,0.3467459983318249
"Cronin, Declan","Bender, Anthony",2024,R,2,0.526150257652422
"Cronin, Declan","Cobb, Alex",2024,R,3,0.6034186614523099
"Cronin, Declan","Yates, Kirby",2024,R,4,0.6188658581294363
"Cronin, Declan","García, Yimi",2024,R,5,0.6643429785578752
"Cronin, Declan","Kelly, Merrill",2024,R,6,0.7090999163498904
"Cronin, Declan","Aguiar, Julian",2024,R,7,0.8578171477100914
"Cronin, Declan","Jarvis, Bryce",2024,R,8,0.8823785591869258
"Cronin, Declan","Tinoco, Jesus",2024,R,9,0.9015104833413172
"Cronin, Declan","Smith, Drew",2024,R,10,0.9552210930838773
"Crouse, Hans","Leclerc, José",2024,R,1,1.039029307127235
"Crouse, Hans","Bielak, Brandon",2024,R,2,1.1131405464586723
"Crouse, Hans","Davis, Noah",2024,R,3,1.239115202798
"Crouse, Hans","Sims, Lucas",2024,R,4,1.4382315505830456
"Crouse, Hans","Knack, Landon",2024,R,5,1.5901139387504184
"Crouse, Hans","Treinen, Blake",2024,R,6,1.6505614045225772
"Crouse, Hans","Lorenzen, Michael",2024,R,7,1.6828439801127486
"Crouse, Hans","Poteet, Cody",2024,R,8,1.6933798314815807
"Crouse, Hans","Faucher, Calvin",2024,R,9,1.703982931785725
"Crouse, Hans","Civale, Aaron",2024,R,10,1.7087628797139882
"Cruz, Fernando","Blanco, Ronel",2024,R,1,0.3117517575424756
"Cruz, Fernando","Anderson, Shaun",2024,R,2,0.4374791229463908
"Cruz, Fernando","Wesneski, Hayden",2024,R,3,0.5647250277747163
"Cruz, Fernando","Taillon, Jameson",2024,R,4,0.599150961134578
"Cruz, Fernando","Houser, Adrian",2024,R,5,0.601272830909523
"Cruz, Fernando","Carrasco, Carlos",2024,R,6,0.6047901892474123
"Cruz, Fernando","Myers, Tobias",2024,R,7,0.6384806841015398
"Cruz, Fernando","Francis, Bowden",2024,R,8,0.7080876269552588
"Cruz, Fernando","Assad, Javier",2024,R,9,0.7251637152055492
"Cruz, Fernando","Burke, Sean",2024,R,10,0.725672828273294
"Cuas, Jose","Sewald, Paul",2024,R,1,0.9010905809841588
"Cuas, Jose","Lawrence, Justin",2024,R,2,1.0567061873233763
"Cuas, Jose","Schreiber, John",2024,R,3,1.0965692950783619
"Cuas, Jose","Anderson, Grant",2024,R,4,1.2508386005273318
"Cuas, Jose","Thompson, Ryan",2024,R,5,1.366835300131218
"Cuas, Jose","Weissert, Greg",2024,R,6,1.656540965469186
"Cuas, Jose","Sandlin, Nick",2024,R,7,1.697018169340208
"Cuas, Jose","Ryan, Joe",2024,R,8,1.7002455494293347
"Cuas, Jose","Kimbrel, Craig",2024,R,9,1.7063302735528263
"Cuas, Jose","Uceta, Edwin",2024,R,10,1.810446740167923
"Curry, Xzavion","Crawford, Kutter",2024,R,1,0.28785380566785207
"Curry, Xzavion","Blackburn, Paul",2024,R,2,0.3444795976919831
"Curry, Xzavion","Hudson, Dakota",2024,R,3,0.5277248760460821
"Curry, Xzavion","Kremer, Dean",2024,R,4,0.5492428495571984
"Curry, Xzavion","Littell, Zack",2024,R,5,0.575946133209982
"Curry, Xzavion","Avila, Pedro",2024,R,6,0.5805030790669268
"Curry, Xzavion","Vines, Darius",2024,R,7,0.6300117434969168
"Curry, Xzavion","Turnbull, Spencer",2024,R,8,0.6424994304873191
"Curry, Xzavion","Neris, Héctor",2024,R,9,0.6514550137434845
"Curry, Xzavion","Pinto, Ricardo",2024,R,10,0.6784223873732401
"Dana, Caden","Lambert, Peter",2024,R,1,0.21063810157902133
"Dana, Caden","Merryweather, Julian",2024,R,2,0.29306725825582647
"Dana, Caden","White, Mitch",2024,R,3,0.32302225460969597
"Dana, Caden","Adam, Jason",2024,R,4,0.37527365844811444
"Dana, Caden","Martin, Davis",2024,R,5,0.3769207159921114
"Dana, Caden","Fitts, Richard",2024,R,6,0.3869683993496191
"Dana, Caden","Nastrini, Nick",2024,R,7,0.4004991566514261
"Dana, Caden","Contreras, Roansy",2024,R,8,0.40755422527143065
"Dana, Caden","Priester, Quinn",2024,R,9,0.42089952402906095
"Dana, Caden","Sauer, Matt",2024,R,10,0.42328399137569234
"Daniel, Davis","Darvish, Yu",2024,R,1,0.3829895685963129
"Daniel, Davis","Wilson, Steven",2024,R,2,0.4335833939160893
"Daniel, Davis","Clevinger, Mike",2024,R,3,0.46242568384930627
"Daniel, Davis","Bassitt, Chris",2024,R,4,0.6392238312162174
"Daniel, Davis","Eflin, Zach",2024,R,5,0.6688994892095799
"Daniel, Davis","Carrasco, Carlos",2024,R,6,0.6929669100560509
"Daniel, Davis","Flaherty, Jack",2024,R,7,0.7192617423637937
"Daniel, Davis","Gray, Sonny",2024,R,8,0.7309624505340353
"Daniel, Davis","Stratton, Chris",2024,R,9,0.7362213787658736
"Daniel, Davis","Tate, Dillon",2024,R,10,0.7448470691873583
"Darvish, Yu","Clevinger, Mike",2024,R,1,0.37119550107930194
"Darvish, Yu","Daniel, Davis",2024,R,2,0.3829895685963129
"Darvish, Yu","Eflin, Zach",2024,R,3,0.41887068165215624
"Darvish, Yu","Bassitt, Chris",2024,R,4,0.4901235072492986
"Darvish, Yu","Wilson, Steven",2024,R,5,0.49640241852137174
"Darvish, Yu","Flaherty, Jack",2024,R,6,0.5030814550725642
"Darvish, Yu","Mahle, Tyler",2024,R,7,0.5407126439638429
"Darvish, Yu","Stratton, Chris",2024,R,8,0.5414019855455912
"Darvish, Yu","Garabito, Gerson",2024,R,9,0.6069681562719894
"Darvish, Yu","Teng, Kai-Wei",2024,R,10,0.6141200348854937
"Davis, Noah","Leclerc, José",2024,R,1,0.4671506008885856
"Davis, Noah","Sims, Lucas",2024,R,2,0.7173315415978743
"Davis, Noah","Olson, Reese",2024,R,3,0.7261186979780817
"Davis, Noah","Treinen, Blake",2024,R,4,0.8235088470010806
"Davis, Noah","Johnson, Pierce",2024,R,5,0.8252785994356232
"Davis, Noah","Lorenzen, Michael",2024,R,6,0.8354131500375498
"Davis, Noah","Sands, Cole",2024,R,7,0.8880840580019093
"Davis, Noah","Canning, Griffin",2024,R,8,0.9266951706922435
"Davis, Noah","Holmes, Grant",2024,R,9,0.9287054480573064
"Davis, Noah","McGough, Scott",2024,R,10,0.9493329312986812
"De Los Santos, Enyel","Chargois, JT",2024,R,1,0.22901958423149082
"De Los Santos, Enyel","Iglesias, Raisel",2024,R,2,0.24231853857644345
"De Los Santos, Enyel","Cisnero, José",2024,R,3,0.27825017649224365
"De Los Santos, Enyel","Garrett, Reed",2024,R,4,0.29474704300946386
"De Los Santos, Enyel","Marte, Yunior",2024,R,5,0.30565878411826497
"De Los Santos, Enyel","Tinoco, Jesus",2024,R,6,0.35463401252156407
"De Los Santos, Enyel","Hernández, Jonathan",2024,R,7,0.4164287298201844
"De Los Santos, Enyel","Kerkering, Orion",2024,R,8,0.4670040391579783
"De Los Santos, Enyel","Buttó, José",2024,R,9,0.4999564790376602
"De Los Santos, Enyel","Miller, Bryce",2024,R,10,0.5198442338197665
"Devenski, Chris","Plesac, Zach",2024,R,1,0.48167519058269753
"Devenski, Chris","Littell, Zack",2024,R,2,0.8212774481808975
"Devenski, Chris","Flexen, Chris",2024,R,3,0.8586789541639506
"Devenski, Chris","Musgrove, Joe",2024,R,4,0.9091637587256246
"Devenski, Chris","Thorpe, Drew",2024,R,5,0.9304267526851691
"Devenski, Chris","Vines, Darius",2024,R,6,1.036129058235625
"Devenski, Chris","Crawford, Kutter",2024,R,7,1.0633174179376856
"Devenski, Chris","Anderson, Nick",2024,R,8,1.1349083714277506
"Devenski, Chris","Curry, Xzavion",2024,R,9,1.1496392916470237
"Devenski, Chris","Stripling, Ross",2024,R,10,1.175210276177938
"Domínguez, Seranthony","Pop, Zach",2024,R,1,0.23317128070118842
"Domínguez, Seranthony","Stewart, Brock",2024,R,2,0.46666914318462827
"Domínguez, Seranthony","Foley, Jason",2024,R,3,0.5023194074246419
"Domínguez, Seranthony","Rodríguez, Manuel",2024,R,4,0.5051387842054526
"Domínguez, Seranthony","Burdi, Nick",2024,R,5,0.5098114146263133
"Domínguez, Seranthony","Finnegan, Kyle",2024,R,6,0.5615037249736167
"Domínguez, Seranthony","Doval, Camilo",2024,R,7,0.5915511625943363
"Domínguez, Seranthony","Vodnik, Victor",2024,R,8,0.6330900333799045
"Domínguez, Seranthony","Varland, Gus",2024,R,9,0.658718519992091
"Domínguez, Seranthony","Kolek, Stephen",2024,R,10,0.7178361545261188
"Doval, Camilo","Burdi, Nick",2024,R,1,0.22430458881890103
"Doval, Camilo","Stewart, Brock",2024,R,2,0.484232763319562
"Doval, Camilo","Kolek, Stephen",2024,R,3,0.5334559352492344
"Doval, Camilo","Pop, Zach",2024,R,4,0.5508653210552006
"Doval, Camilo","Rodríguez, Manuel",2024,R,5,0.5521051984809309
"Doval, Camilo","Vest, Will",2024,R,6,0.5542159934476258
"Doval, Camilo","Domínguez, Seranthony",2024,R,7,0.5915511625943363
"Doval, Camilo","Varland, Gus",2024,R,8,0.5961720681806785
"Doval, Camilo","Skenes, Paul",2024,R,9,0.606882154337868
"Doval, Camilo","Jax, Griffin",2024,R,10,0.6318993661903998
"Dubin, Shawn","Keller, Mitch",2024,R,1,0.09230973859401219
"Dubin, Shawn","López, Reynaldo",2024,R,2,0.1415097587341783
"Dubin, Shawn","Rodríguez, Yariel",2024,R,3,0.29566214921598954
"Dubin, Shawn","Sauer, Matt",2024,R,4,0.3820886769065189
"Dubin, Shawn","Hicks, Jordan",2024,R,5,0.3823307553127363
"Dubin, Shawn","Holderman, Colin",2024,R,6,0.4175207311924046
"Dubin, Shawn","Leone, Dominic",2024,R,7,0.4176374264467542
"Dubin, Shawn","Robertson, David",2024,R,8,0.4273601951542093
"Dubin, Shawn","Berríos, José",2024,R,9,0.43129335806969205
"Dubin, Shawn","Baz, Shane",2024,R,10,0.43944387761749276
"Dunning, Dane","Ottavino, Adam",2024,R,1,0.24608564597446828
"Dunning, Dane","Gómez, Yoendrys",2024,R,2,0.3586774661073612
"Dunning, Dane","Toussaint, Touki",2024,R,3,0.5190831406913301
"Dunning, Dane","Lively, Ben",2024,R,4,0.6606779601706892
"Dunning, Dane","Cousins, Jake",2024,R,5,0.6921617780341259
"Dunning, Dane","Wilson, Steven",2024,R,6,0.7375629480434709
"Dunning, Dane","Nola, Aaron",2024,R,7,0.8689085517912941
"Dunning, Dane","Singer, Brady",2024,R,8,0.8843533973804839
"Dunning, Dane","McCaughan, Darren",2024,R,9,0.9245106939648519
"Dunning, Dane","Clevinger, Mike",2024,R,10,0.9770192052490307
"Duran, Jhoan","Estévez, Carlos",2024,R,1,0.5467430468297084
"Duran, Jhoan","Harvey, Hunter",2024,R,2,0.6700795130946422
"Duran, Jhoan","Zuñiga, Guillo",2024,R,3,0.6828017930289837
"Duran, Jhoan","Martinez, Justin",2024,R,4,0.7689967615759791
"Duran, Jhoan","Kochanowicz, Jack",2024,R,5,0.7728862567399325
"Duran, Jhoan","Rasmussen, Drew",2024,R,6,0.7893199430533911
"Duran, Jhoan","Ort, Kaleb",2024,R,7,0.8016365321861728
"Duran, Jhoan","Uribe, Abner",2024,R,8,0.8132314349181646
"Duran, Jhoan","Soriano, José",2024,R,9,0.8256531936838338
"Duran, Jhoan","Erceg, Lucas",2024,R,10,0.8561739326369182
"Díaz, Alexis","Díaz, Edwin",2024,R,1,1.4325512065240458
"Díaz, Alexis","Wheeler, Zack",2024,R,2,1.7321346700719744
"Díaz, Alexis","Williams, Devin",2024,R,3,1.77274930813647
"Díaz, Alexis","Webb, Logan",2024,R,4,1.9851824252408263
"Díaz, Alexis","Ramírez, Yohan",2024,R,5,1.9941497874629173
"Díaz, Alexis","Roycroft, Chris",2024,R,6,2.0672817290970107
"Díaz, Alexis","Arrighetti, Spencer",2024,R,7,2.107061630354919
"Díaz, Alexis","Kimbrel, Craig",2024,R,8,2.1760609854681885
"Díaz, Alexis","Scott, Christian",2024,R,9,2.205792908294239
"Díaz, Alexis","Castro, Miguel",2024,R,10,2.211056978991557
"Díaz, Edwin","Roycroft, Chris",2024,R,1,0.9473305869113438
"Díaz, Edwin","Wheeler, Zack",2024,R,2,1.1228066014538338
"Díaz, Edwin","Díaz, Alexis",2024,R,3,1.4325512065240458
"Díaz, Edwin","Ortiz, Luis",2024,R,4,1.4554845485621681
"Díaz, Edwin","Peguero, Elvis",2024,R,5,1.4677965224404703
"Díaz, Edwin","Vodnik, Victor",2024,R,6,1.4746088544785876
"Díaz, Edwin","Muñoz, Andrés",2024,R,7,1.4934852070741589
"Díaz, Edwin","Palencia, Daniel",2024,R,8,1.525651606675859
"Díaz, Edwin","Miller, Shelby",2024,R,9,1.5595813855130927
"Díaz, Edwin","Williams, Devin",2024,R,10,1.5829887498658848
"Díaz, Yilber","Lorenzen, Michael",2024,R,1,0.5029157849553905
"Díaz, Yilber","Bender, Anthony",2024,R,2,0.6110197648731693
"Díaz, Yilber","Canning, Griffin",2024,R,3,0.6156220928100263
"Díaz, Yilber","Casparius, Ben",2024,R,4,0.6876343146388109
"Díaz, Yilber","McGough, Scott",2024,R,5,0.6884178747866158
"Díaz, Yilber","Schmidt, Clarke",2024,R,6,0.7267681193999231
"Díaz, Yilber","Taylor, Troy",2024,R,7,0.7470110671810807
"Díaz, Yilber","Montas, Frankie",2024,R,8,0.7670462877094364
"Díaz, Yilber","Muñoz, Roddery",2024,R,9,0.7679437226953681
"Díaz, Yilber","Cobb, Alex",2024,R,10,0.770030822122559
"Eflin, Zach","Stratton, Chris",2024,R,1,0.3362072765677442
"Eflin, Zach","Darvish, Yu",2024,R,2,0.41887068165215624
"Eflin, Zach","Jackson, Jay",2024,R,3,0.5721896982381212
"Eflin, Zach","Clevinger, Mike",2024,R,4,0.5842127241608202
"Eflin, Zach","Brebbia, John",2024,R,5,0.6118714094443684
"Eflin, Zach","Nastrini, Nick",2024,R,6,0.6143190474641859
"Eflin, Zach","Garabito, Gerson",2024,R,7,0.6257934131846038
"Eflin, Zach","Carrasco, Carlos",2024,R,8,0.6324527861190399
"Eflin, Zach","Sulser, Cole",2024,R,9,0.6480985675997974
"Eflin, Zach","Martin, Davis",2024,R,10,0.6582728499116831
"Elder, Bryce","Gallegos, Giovanny",2024,R,1,0.5594765661147967
"Elder, Bryce","Anderson, Nick",2024,R,2,0.5995716246884746
"Elder, Bryce","Stripling, Ross",2024,R,3,0.6024061279985458
"Elder, Bryce","Walker, Taijuan",2024,R,4,0.6540747090210278
"Elder, Bryce","Musgrove, Joe",2024,R,5,0.730128551625332
"Elder, Bryce","Chirinos, Yonny",2024,R,6,0.7833590961476266
"Elder, Bryce","Martinez, Nick",2024,R,7,0.8653158496717113
"Elder, Bryce","Civale, Aaron",2024,R,8,0.8879790375168637
"Elder, Bryce","Verlander, Justin",2024,R,9,0.8967591053883863
"Elder, Bryce","Keller, Brad",2024,R,10,0.9216277689123002
"Englert, Mason","Turnbull, Spencer",2024,R,1,0.35209753529162885
"Englert, Mason","Rodriguez, Carlos",2024,R,2,0.4144505639584888
"Englert, Mason","Ramírez, Erasmo",2024,R,3,0.45129484441197326
"Englert, Mason","Cannon, Jonathan",2024,R,4,0.45379731600133744
"Englert, Mason","Webb, Jacob",2024,R,5,0.4865334410871033
"Englert, Mason","Farmer, Buck",2024,R,6,0.49167602736685584
"Englert, Mason","Schmidt, Clarke",2024,R,7,0.4927220593776058
"Englert, Mason","Junis, Jakob",2024,R,8,0.5032792294119246
"Englert, Mason","Lowder, Rhett",2024,R,9,0.5103273482242425
"Englert, Mason","Marsh, Alec",2024,R,10,0.5189197180759589
"Eovaldi, Nathan","Holderman, Colin",2024,R,1,0.3282514112174782
"Eovaldi, Nathan","Pfaadt, Brandon",2024,R,2,0.36150120600657
"Eovaldi, Nathan","Hicks, Jordan",2024,R,3,0.37561148438967507
"Eovaldi, Nathan","Gausman, Kevin",2024,R,4,0.4089852422345241
"Eovaldi, Nathan","Berríos, José",2024,R,5,0.5001526641967513
"Eovaldi, Nathan","Cecconi, Slade",2024,R,6,0.5056212967144329
"Eovaldi, Nathan","Warren, Will",2024,R,7,0.5085678896456732
"Eovaldi, Nathan","Rea, Colin",2024,R,8,0.5129828409705197
"Eovaldi, Nathan","Teng, Kai-Wei",2024,R,9,0.523835312720364
"Eovaldi, Nathan","Keller, Mitch",2024,R,10,0.556176746815073
"Erceg, Lucas","Kochanowicz, Jack",2024,R,1,0.31391025675425915
"Erceg, Lucas","Weems, Jordan",2024,R,2,0.33083378014580095
"Erceg, Lucas","Rasmussen, Drew",2024,R,3,0.3383367997103663
"Erceg, Lucas","Soriano, José",2024,R,4,0.4304883516771493
"Erceg, Lucas","Greene, Hunter",2024,R,5,0.45855864052069356
"Erceg, Lucas","Green, Chad",2024,R,6,0.49913928969666155
"Erceg, Lucas","Baumann, Mike",2024,R,7,0.5540314230443167
"Erceg, Lucas","Estévez, Carlos",2024,R,8,0.5654865621421872
"Erceg, Lucas","Martin, Chris",2024,R,9,0.6162677233307844
"Erceg, Lucas","Finnegan, Kyle",2024,R,10,0.6405580718340635
"Estes, Joey","Sánchez, Sixto",2024,R,1,0.36412715122295647
"Estes, Joey","Junis, Jakob",2024,R,2,0.44990093318011487
"Estes, Joey","Bazardo, Eduard",2024,R,3,0.549098891143087
"Estes, Joey","Houck, Tanner",2024,R,4,0.5604762518546564
"Estes, Joey","Soroka, Michael",2024,R,5,0.5974881559718629
"Estes, Joey","Anderson, Chase",2024,R,6,0.6165155889691488
"Estes, Joey","Kelly, Michael",2024,R,7,0.6295090548013449
"Estes, Joey","Farmer, Buck",2024,R,8,0.6590305729329493
"Estes, Joey","Crawford, Kutter",2024,R,9,0.6634761036857588
"Estes, Joey","Strickland, Hunter",2024,R,10,0.6713715813296539
"Estrada, Jeremiah","Bigge, Hunter",2024,R,1,0.43653146215341004
"Estrada, Jeremiah","Barnes, Jacob",2024,R,2,0.43896517162117876
"Estrada, Jeremiah","Hernández, Carlos",2024,R,3,0.4934945945984698
"Estrada, Jeremiah","Leasure, Jordan",2024,R,4,0.6240648570336328
"Estrada, Jeremiah","Reid-Foley, Sean",2024,R,5,0.6688738284662482
"Estrada, Jeremiah","Nicolas, Kyle",2024,R,6,0.6770862650297214
"Estrada, Jeremiah","Jones, Jared",2024,R,7,0.6987160800597374
"Estrada, Jeremiah","Pepiot, Ryan",2024,R,8,0.7782793545875236
"Estrada, Jeremiah","Miller, Bobby",2024,R,9,0.8129528546838405
"Estrada, Jeremiah","Armstrong, Shawn",2024,R,10,0.8501615518855653
"Estévez, Carlos","Zuñiga, Guillo",2024,R,1,0.2762719968895466
"Estévez, Carlos","Harvey, Hunter",2024,R,2,0.4072466089763037
"Estévez, Carlos","Kochanowicz, Jack",2024,R,3,0.411559274228173
"Estévez, Carlos","Greene, Hunter",2024,R,4,0.5365191794419285
"Estévez, Carlos","Ort, Kaleb",2024,R,5,0.5375127098366135
"Estévez, Carlos","Duran, Jhoan",2024,R,6,0.5467430468297084
"Estévez, Carlos","Erceg, Lucas",2024,R,7,0.5654865621421872
"Estévez, Carlos","Severino, Luis",2024,R,8,0.6039666325023484
"Estévez, Carlos","Soriano, José",2024,R,9,0.6435415466523674
"Estévez, Carlos","Rasmussen, Drew",2024,R,10,0.6591891250822093
"Faedo, Alex","Kremer, Dean",2024,R,1,0.31437727364094814
"Faedo, Alex","Neris, Héctor",2024,R,2,0.40083131313225623
"Faedo, Alex","Vásquez, Randy",2024,R,3,0.4391332909993658
"Faedo, Alex","Cannon, Jonathan",2024,R,4,0.4702254945518647
"Faedo, Alex","Bazardo, Eduard",2024,R,5,0.4915421529625089
"Faedo, Alex","Avila, Nick",2024,R,6,0.4928329883324743
"Faedo, Alex","Pinto, Ricardo",2024,R,7,0.5038900241212041
"Faedo, Alex","Brooks, Aaron",2024,R,8,0.5237833689239975
"Faedo, Alex","Thompson, Keegan",2024,R,9,0.5322338856893426
"Faedo, Alex","Holmes, Grant",2024,R,10,0.5329069160862812
"Fairbanks, Pete","Baker, Bryan",2024,R,1,0.9461320480230466
"Fairbanks, Pete","Law, Derek",2024,R,2,1.083067427535844
"Fairbanks, Pete","Frías, Luis",2024,R,3,1.0922053612765426
"Fairbanks, Pete","Bradish, Kyle",2024,R,4,1.250066508818117
"Fairbanks, Pete","Hjelle, Sean",2024,R,5,1.2713984113917842
"Fairbanks, Pete","Holmes, Clay",2024,R,6,1.375216772596191
"Fairbanks, Pete","Birdsong, Hayden",2024,R,7,1.4617769230886086
"Fairbanks, Pete","Reynolds, Sean",2024,R,8,1.4668760368542864
"Fairbanks, Pete","Jansen, Kenley",2024,R,9,1.4771930020203656
"Fairbanks, Pete","Brown, Ben",2024,R,10,1.481536127068709
"Farmer, Buck","Turnbull, Spencer",2024,R,1,0.43168420519774414
"Farmer, Buck","Lugo, Seth",2024,R,2,0.46221899760865226
"Farmer, Buck","Englert, Mason",2024,R,3,0.49167602736685584
"Farmer, Buck","Rodriguez, Carlos",2024,R,4,0.5454594036947383
"Farmer, Buck","Bazardo, Eduard",2024,R,5,0.5655261456327354
"Farmer, Buck","Junis, Jakob",2024,R,6,0.5907083683021304
"Farmer, Buck","Knack, Landon",2024,R,7,0.6475195354533843
"Farmer, Buck","Houck, Tanner",2024,R,8,0.6559606090632674
"Farmer, Buck","Estes, Joey",2024,R,9,0.6590305729329493
"Farmer, Buck","Avila, Pedro",2024,R,10,0.673960823397273
"Faucher, Calvin","Montas, Frankie",2024,R,1,0.6638070746421396
"Faucher, Calvin","Taylor, Troy",2024,R,2,0.7177689199765891
"Faucher, Calvin","Brazobán, Huascar",2024,R,3,0.7340634539630767
"Faucher, Calvin","McGough, Scott",2024,R,4,0.7614551624193587
"Faucher, Calvin","Casparius, Ben",2024,R,5,0.7862682055344242
"Faucher, Calvin","Díaz, Yilber",2024,R,6,0.8788721574953899
"Faucher, Calvin","Hamilton, Ian",2024,R,7,0.9016684228878067
"Faucher, Calvin","Mazur, Adam",2024,R,8,0.9023714614716374
"Faucher, Calvin","Kinley, Tyler",2024,R,9,0.930396359664686
"Faucher, Calvin","Leclerc, José",2024,R,10,0.9328521153553119
"Fedde, Erick","Almonte, Yency",2024,R,1,0.1162836916737274
"Fedde, Erick","Houser, Adrian",2024,R,2,0.2752779064604293
"Fedde, Erick","Ginn, J.T.",2024,R,3,0.37407609065682035
"Fedde, Erick","Myers, Tobias",2024,R,4,0.37409449635775344
"Fedde, Erick","Rodríguez, Yariel",2024,R,5,0.3867605505168245
"Fedde, Erick","Sulser, Cole",2024,R,6,0.39328552627514257
"Fedde, Erick","Staumont, Josh",2024,R,7,0.42797248296199786
"Fedde, Erick","Heller, Ben",2024,R,8,0.44264985918699246
"Fedde, Erick","Cecconi, Slade",2024,R,9,0.45043845683972006
"Fedde, Erick","Brebbia, John",2024,R,10,0.45956198375533774
"Feltner, Ryan","Buehler, Walker",2024,R,1,0.3250887674073918
"Feltner, Ryan","Yamamoto, Yoshinobu",2024,R,2,0.34194790755670995
"Feltner, Ryan","Hancock, Emerson",2024,R,3,0.3455558700178403
"Feltner, Ryan","Ryan, Ryder",2024,R,4,0.40858355094889703
"Feltner, Ryan","Berríos, José",2024,R,5,0.44163505623994287
"Feltner, Ryan","Hicks, Jordan",2024,R,6,0.44502553937091777
"Feltner, Ryan","Miller, Bryce",2024,R,7,0.4797391166576792
"Feltner, Ryan","Holderman, Colin",2024,R,8,0.5114457790285091
"Feltner, Ryan","García, Deivi",2024,R,9,0.5405370169808563
"Feltner, Ryan","Keller, Mitch",2024,R,10,0.5415067247827847
"Ferguson, Tyler","Santana, Dennis",2024,R,1,0.709294530810642
"Ferguson, Tyler","Hamilton, Ian",2024,R,2,0.73835671036228
"Ferguson, Tyler","Ureña, José",2024,R,3,0.758898423099443
"Ferguson, Tyler","Jarvis, Bryce",2024,R,4,0.8093054770077736
"Ferguson, Tyler","Hanifee, Brenan",2024,R,5,0.8107956021169479
"Ferguson, Tyler","Cole, Gerrit",2024,R,6,0.812228126878162
"Ferguson, Tyler","Rainey, Tanner",2024,R,7,0.8958854203480385
"Ferguson, Tyler","Ort, Kaleb",2024,R,8,0.9449713756797178
"Ferguson, Tyler","Santillan, Tony",2024,R,9,0.9609705533113349
"Ferguson, Tyler","Weaver, Luke",2024,R,10,0.9749703032485257
"Fernandez, Ryan","Lange, Alex",2024,R,1,0.1254353340560274
"Fernandez, Ryan","Bido, Osvaldo",2024,R,2,0.25002713274891797
"Fernandez, Ryan","López, Jorge",2024,R,3,0.26010427769289607
"Fernandez, Ryan","Zeferjahn, Ryan",2024,R,4,0.2953830146688538
"Fernandez, Ryan","Abreu, Bryan",2024,R,5,0.3170797056845368
"Fernandez, Ryan","Leone, Dominic",2024,R,6,0.3714019311607688
"Fernandez, Ryan","Matthews, Zebby",2024,R,7,0.41909117385755984
"Fernandez, Ryan","Garrett, Reed",2024,R,8,0.5095872503204086
"Fernandez, Ryan","Hancock, Emerson",2024,R,9,0.5210571192075397
"Fernandez, Ryan","Dubin, Shawn",2024,R,10,0.5451937575798649
"Festa, David","Gaddis, Hunter",2024,R,1,0.32473275031128446
"Festa, David","Nelson, Ryne",2024,R,2,0.47843230481189375
"Festa, David","Suárez, Albert",2024,R,3,0.5974731856561002
"Festa, David","Miller, Bobby",2024,R,4,0.5982005454472751
"Festa, David","Hoeing, Bryan",2024,R,5,0.6282008612032368
"Festa, David","García, Luis",2024,R,6,0.6365712969328625
"Festa, David","Mears, Nick",2024,R,7,0.6526287157434959
"Festa, David","Staumont, Josh",2024,R,8,0.6529230176866221
"Festa, David","Swanson, Erik",2024,R,9,0.7200781590497131
"Festa, David","Burke, Sean",2024,R,10,0.7215491475428575
"Festa, Matt","Miller, Ryan",2024,R,1,0.40246908604669185
"Festa, Matt","Chavez, Jesse",2024,R,2,0.6499453219249429
"Festa, Matt","Thornton, Trent",2024,R,3,0.6507607532624183
"Festa, Matt","Woodford, Jake",2024,R,4,0.6524062176113975
"Festa, Matt","Soriano, George",2024,R,5,0.7014616571304099
"Festa, Matt","Hernández, Elieser",2024,R,6,0.8743243666559829
"Festa, Matt","Kuhl, Chad",2024,R,7,0.9073167962211919
"Festa, Matt","Snider, Collin",2024,R,8,0.9412452937814966
"Festa, Matt","Tate, Dillon",2024,R,9,0.9896441077897804
"Festa, Matt","Paredes, Enoli",2024,R,10,0.993717131150764
"Finnegan, Kyle","Foley, Jason",2024,R,1,0.11638190895304573
"Finnegan, Kyle","Rasmussen, Drew",2024,R,2,0.32567170663709266
"Finnegan, Kyle","Domínguez, Seranthony",2024,R,3,0.5615037249736167
"Finnegan, Kyle","Soriano, José",2024,R,4,0.5735634460558982
"Finnegan, Kyle","Kochanowicz, Jack",2024,R,5,0.6315115822062046
"Finnegan, Kyle","Pop, Zach",2024,R,6,0.638029934779626
"Finnegan, Kyle","Erceg, Lucas",2024,R,7,0.6405580718340635
"Finnegan, Kyle","Uribe, Abner",2024,R,8,0.6770655662009807
"Finnegan, Kyle","Harvey, Hunter",2024,R,9,0.6799787674135569
"Finnegan, Kyle","Rodríguez, Manuel",2024,R,10,0.7030772071944202
"Fitts, Richard","Hoeing, Bryan",2024,R,1,0.2010433493012369
"Fitts, Richard","Sauer, Matt",2024,R,2,0.3749203633841026
"Fitts, Richard","Lambert, Peter",2024,R,3,0.37676987953581814
"Fitts, Richard","Dana, Caden",2024,R,4,0.3869683993496191
"Fitts, Richard","Bibee, Tanner",2024,R,5,0.4084475200017245
"Fitts, Richard","Merryweather, Julian",2024,R,6,0.43042136283028226
"Fitts, Richard","Matthews, Zebby",2024,R,7,0.49496603216477786
"Fitts, Richard","Mercado, Michael",2024,R,8,0.5048989597506126
"Fitts, Richard","White, Mitch",2024,R,9,0.5303816605344006
"Fitts, Richard","Staumont, Josh",2024,R,10,0.54847853006887
"Flaherty, Jack","Tate, Dillon",2024,R,1,0.37175444825589493
"Flaherty, Jack","Hernández, Elieser",2024,R,2,0.3950050868187224
"Flaherty, Jack","Marinaccio, Ron",2024,R,3,0.41200331707255594
"Flaherty, Jack","Roupp, Landen",2024,R,4,0.47954284688680193
"Flaherty, Jack","Darvish, Yu",2024,R,5,0.5030814550725642
"Flaherty, Jack","Woodford, Jake",2024,R,6,0.5510445770869818
"Flaherty, Jack","Beede, Tyler",2024,R,7,0.5532924807640216
"Flaherty, Jack","Teng, Kai-Wei",2024,R,8,0.6016779682535975
"Flaherty, Jack","McCaughan, Darren",2024,R,9,0.6057557670696375
"Flaherty, Jack","Mahle, Tyler",2024,R,10,0.6275009541609237
"Flexen, Chris","Wells, Tyler",2024,R,1,0.7611141510905101
"Flexen, Chris","Devenski, Chris",2024,R,2,0.8586789541639506
"Flexen, Chris","Stripling, Ross",2024,R,3,1.0078458707725244
"Flexen, Chris","Plesac, Zach",2024,R,4,1.0809523488781434
"Flexen, Chris","Musgrove, Joe",2024,R,5,1.4057073208508948
"Flexen, Chris","Elder, Bryce",2024,R,6,1.4188153316469752
"Flexen, Chris","Thorpe, Drew",2024,R,7,1.4534327879265379
"Flexen, Chris","Verlander, Justin",2024,R,8,1.5062375809165647
"Flexen, Chris","Richards, Trevor",2024,R,9,1.5380537533658074
"Flexen, Chris","McKenzie, Triston",2024,R,10,1.5542704650095518
"Floro, Dylan","Gallen, Zac",2024,R,1,0.6192532423493736
"Floro, Dylan","Brewer, Colten",2024,R,2,0.6635365629642584
"Floro, Dylan","Gordon, Tanner",2024,R,3,0.6797941534079659
"Floro, Dylan","Howard, Spencer",2024,R,4,0.711166155961247
"Floro, Dylan","Spence, Mitch",2024,R,5,0.7568405442084933
"Floro, Dylan","Martin, Davis",2024,R,6,0.7687852330699555
"Floro, Dylan","Eflin, Zach",2024,R,7,0.7722490989733284
"Floro, Dylan","Nastrini, Nick",2024,R,8,0.7980889764043732
"Floro, Dylan","Montero, Keider",2024,R,9,0.802047452404277
"Floro, Dylan","Oller, Adam",2024,R,10,0.8638290387793669
"Foley, Jason","Finnegan, Kyle",2024,R,1,0.11638190895304573
"Foley, Jason","Rasmussen, Drew",2024,R,2,0.41133262937855664
"Foley, Jason","Domínguez, Seranthony",2024,R,3,0.5023194074246419
"Foley, Jason","Pop, Zach",2024,R,4,0.617064136826234
"Foley, Jason","Rodríguez, Manuel",2024,R,5,0.6206310204145525
"Foley, Jason","Soriano, José",2024,R,6,0.627201199193095
"Foley, Jason","Kochanowicz, Jack",2024,R,7,0.6892213592361617
"Foley, Jason","Erceg, Lucas",2024,R,8,0.7043211855674069
"Foley, Jason","Uribe, Abner",2024,R,9,0.7226267832080067
"Foley, Jason","Bigge, Hunter",2024,R,10,0.7291623341790527
"France, J.P.","Voth, Austin",2024,R,1,0.6663584008544337
"France, J.P.","Maeda, Kenta",2024,R,2,0.6734371771534584
"France, J.P.","Vines, Darius",2024,R,3,0.7048639567564055
"France, J.P.","Bassitt, Chris",2024,R,4,0.7629598067836468
"France, J.P.","Javier, Cristian",2024,R,5,0.8513852943160245
"France, J.P.","Germán, Domingo",2024,R,6,0.898734022285799
"France, J.P.","Leiter Jr., Mark",2024,R,7,0.9566464073850407
"France, J.P.","Thorpe, Drew",2024,R,8,0.9916376369452276
"France, J.P.","Beede, Tyler",2024,R,9,1.0079719327475143
"France, J.P.","Avila, Pedro",2024,R,10,1.011300408909135
"Francis, Bowden","Tyler, Kyle",2024,R,1,0.48407943166665335
"Francis, Bowden","Wilson, Steven",2024,R,2,0.5709772000338745
"Francis, Bowden","Beck, Tristan",2024,R,3,0.6210245797712572
"Francis, Bowden","Paddack, Chris",2024,R,4,0.6483907232697315
"Francis, Bowden","Anderson, Shaun",2024,R,5,0.6484872749390933
"Francis, Bowden","Clevinger, Mike",2024,R,6,0.6547295656366773
"Francis, Bowden","Eflin, Zach",2024,R,7,0.660339489415515
"Francis, Bowden","Carrasco, Carlos",2024,R,8,0.6882325585735944
"Francis, Bowden","Gibson, Kyle",2024,R,9,0.7054971873288378
"Francis, Bowden","Taillon, Jameson",2024,R,10,0.7056582610285296
"Frías, Luis","Law, Derek",2024,R,1,0.34162252879303584
"Frías, Luis","Bradish, Kyle",2024,R,2,0.3689370194561463
"Frías, Luis","Hjelle, Sean",2024,R,3,0.43446772683812496
"Frías, Luis","Baker, Bryan",2024,R,4,0.4459204577536938
"Frías, Luis","Alzolay, Adbert",2024,R,5,0.45291331354443287
"Frías, Luis","Birdsong, Hayden",2024,R,6,0.5862531540448852
"Frías, Luis","Molina, Anthony",2024,R,7,0.7158214576873708
"Frías, Luis","Brown, Hunter",2024,R,8,0.7240161138880866
"Frías, Luis","Medina, Luis",2024,R,9,0.7745528798798075
"Frías, Luis","Winn, Keaton",2024,R,10,0.7828579090553897
"Fulmer, Carson","Payamps, Joel",2024,R,1,0.3452503898343799
"Fulmer, Carson","Berríos, José",2024,R,2,0.3910626310330836
"Fulmer, Carson","Oller, Adam",2024,R,3,0.3935317133380851
"Fulmer, Carson","Lynn, Lance",2024,R,4,0.399232254146374
"Fulmer, Carson","Keller, Mitch",2024,R,5,0.43592494771566603
"Fulmer, Carson","Wilson, Bryse",2024,R,6,0.4775905223182069
"Fulmer, Carson","Bolton, Cody",2024,R,7,0.4854307756896267
"Fulmer, Carson","Hancock, Emerson",2024,R,8,0.4862966108449031
"Fulmer, Carson","Montero, Keider",2024,R,9,0.49161471867212
"Fulmer, Carson","Dubin, Shawn",2024,R,10,0.4927433243021275
"Gaddis, Hunter","Festa, David",2024,R,1,0.32473275031128446
"Gaddis, Hunter","Burke, Sean",2024,R,2,0.6306899210673684
"Gaddis, Hunter","Hoeing, Bryan",2024,R,3,0.7585641516403677
"Gaddis, Hunter","Burr, Ryan",2024,R,4,0.7660988750855088
"Gaddis, Hunter","Nelson, Ryne",2024,R,5,0.7661044175823045
"Gaddis, Hunter","Manoah, Alek",2024,R,6,0.7665013039897868
"Gaddis, Hunter","García, Luis",2024,R,7,0.7885904998384682
"Gaddis, Hunter","McArthur, James",2024,R,8,0.7901174883275771
"Gaddis, Hunter","Jackson, Luke",2024,R,9,0.8304910443071598
"Gaddis, Hunter","Suárez, Albert",2024,R,10,0.8345309873721135
"Gallegos, Giovanny","Elder, Bryce",2024,R,1,0.5594765661147967
"Gallegos, Giovanny","Walker, Taijuan",2024,R,2,0.7480606953249507
"Gallegos, Giovanny","Verlander, Justin",2024,R,3,0.8585377943602921
"Gallegos, Giovanny","Stripling, Ross",2024,R,4,0.8719028378642805
"Gallegos, Giovanny","Civale, Aaron",2024,R,5,0.918973468390055
"Gallegos, Giovanny","Martinez, Nick",2024,R,6,0.9656935616508964
"Gallegos, Giovanny","Maldonado, Anthony",2024,R,7,0.9936668111016073
"Gallegos, Giovanny","Anderson, Nick",2024,R,8,1.0534923690201303
"Gallegos, Giovanny","Poteet, Cody",2024,R,9,1.0698043509190671
"Gallegos, Giovanny","Musgrove, Joe",2024,R,10,1.0930744542527364
"Gallen, Zac","Bowman, Matt",2024,R,1,0.4290421822373424
"Gallen, Zac","Garabito, Gerson",2024,R,2,0.4321261678446725
"Gallen, Zac","Nastrini, Nick",2024,R,3,0.45112539605340707
"Gallen, Zac","Oller, Adam",2024,R,4,0.47218957402035283
"Gallen, Zac","Kahnle, Tommy",2024,R,5,0.49465063833121176
"Gallen, Zac","Wilson, Bryse",2024,R,6,0.5005751154596736
"Gallen, Zac","Brebbia, John",2024,R,7,0.5019559903500244
"Gallen, Zac","Howard, Spencer",2024,R,8,0.55070240134204
"Gallen, Zac","Heller, Ben",2024,R,9,0.5513233410118654
"Gallen, Zac","McGreevy, Michael",2024,R,10,0.5776358869387851
"Garabito, Gerson","Kahnle, Tommy",2024,R,1,0.17923587347869638
"Garabito, Gerson","Heller, Ben",2024,R,2,0.19623474864962384
"Garabito, Gerson","Sulser, Cole",2024,R,3,0.24926390724533495
"Garabito, Gerson","Cecconi, Slade",2024,R,4,0.3083882754454452
"Garabito, Gerson","Brebbia, John",2024,R,5,0.32230920899247784
"Garabito, Gerson","Rea, Colin",2024,R,6,0.33220307302063573
"Garabito, Gerson","Bowman, Matt",2024,R,7,0.4119056771182691
"Garabito, Gerson","Gallen, Zac",2024,R,8,0.4321261678446725
"Garabito, Gerson","Nastrini, Nick",2024,R,9,0.445094827088851
"Garabito, Gerson","Mahle, Tyler",2024,R,10,0.46035486062315367
"García, Deivi","Mahle, Tyler",2024,R,1,0.3340892463561561
"García, Deivi","Berríos, José",2024,R,2,0.38674104668948855
"García, Deivi","Ryan, Ryder",2024,R,3,0.442805003043522
"García, Deivi","Ramírez, Erasmo",2024,R,4,0.46576487655483256
"García, Deivi","Rea, Colin",2024,R,5,0.4878148084980443
"García, Deivi","Teng, Kai-Wei",2024,R,6,0.49660578137686645
"García, Deivi","Hernández, Elieser",2024,R,7,0.5000901335949309
"García, Deivi","Hicks, Jordan",2024,R,8,0.5028781192710373
"García, Deivi","Buehler, Walker",2024,R,9,0.5304597626821329
"García, Deivi","Soriano, George",2024,R,10,0.5359323820514064
"García, Luis","Jansen, Kenley",2024,R,1,0.43330299878968803
"García, Luis","Hjelle, Sean",2024,R,2,0.5439654727863794
"García, Luis","Brown, Hunter",2024,R,3,0.5602568400965037
"García, Luis","Mears, Nick",2024,R,4,0.5732407456060499
"García, Luis","Ginkel, Kevin",2024,R,5,0.5742927733588864
"García, Luis","Nelson, Ryne",2024,R,6,0.5799886623305366
"García, Luis","Baumann, Mike",2024,R,7,0.5937045273992597
"García, Luis","Cabrera, Edward",2024,R,8,0.6142441163047531
"García, Luis","Pallante, Andre",2024,R,9,0.6213010082537856
"García, Luis","Festa, David",2024,R,10,0.6365712969328625
"García, Yimi","Cronin, Declan",2024,R,1,0.6643429785578752
"García, Yimi","Yates, Kirby",2024,R,2,0.6854979363427334
"García, Yimi","Bird, Jake",2024,R,3,0.7951206822932437
"García, Yimi","Cobb, Alex",2024,R,4,0.8161915964980138
"García, Yimi","Walker, Ryan",2024,R,5,0.8710612361077971
"García, Yimi","Santillan, Tony",2024,R,6,0.9036808404575871
"García, Yimi","Tinoco, Jesus",2024,R,7,0.9360689669585371
"García, Yimi","Bender, Anthony",2024,R,8,0.9531876549326012
"García, Yimi","Jarvis, Bryce",2024,R,9,0.9660986868477748
"García, Yimi","Adams, Austin",2024,R,10,1.0093731496521319
"Garrett, Reed","De Los Santos, Enyel",2024,R,1,0.29474704300946386
"Garrett, Reed","Iglesias, Raisel",2024,R,2,0.3098542783666724
"Garrett, Reed","Marte, Yunior",2024,R,3,0.3663442661877512
"Garrett, Reed","Kerkering, Orion",2024,R,4,0.3862071834746362
"Garrett, Reed","Payamps, Joel",2024,R,5,0.4419815501236132
"Garrett, Reed","Santana, Dennis",2024,R,6,0.44989888337835104
"Garrett, Reed","Hancock, Emerson",2024,R,7,0.48597162940186606
"Garrett, Reed","Chargois, JT",2024,R,8,0.487867401915913
"Garrett, Reed","Miller, Bryce",2024,R,9,0.5009871795783215
"Garrett, Reed","Bido, Osvaldo",2024,R,10,0.5082571401103675
"Gausman, Kevin","Anderson, Justin",2024,R,1,0.2953077527395736
"Gausman, Kevin","Robertson, David",2024,R,2,0.3315660224473211
"Gausman, Kevin","Warren, Will",2024,R,3,0.372578693201554
"Gausman, Kevin","Leone, Dominic",2024,R,4,0.3855107229651129
"Gausman, Kevin","Holderman, Colin",2024,R,5,0.3902462754840475
"Gausman, Kevin","Eovaldi, Nathan",2024,R,6,0.4089852422345241
"Gausman, Kevin","Smith, Burch",2024,R,7,0.4394520203138619
"Gausman, Kevin","McArthur, James",2024,R,8,0.46022076986147653
"Gausman, Kevin","Wilson, Bryse",2024,R,9,0.4610792658983372
"Gausman, Kevin","Ross, Joe",2024,R,10,0.4647751059499441
"Germán, Domingo","Lugo, Seth",2024,R,1,0.36621627937926865
"Germán, Domingo","Junis, Jakob",2024,R,2,0.6329843181994798
"Germán, Domingo","Anderson, Chase",2024,R,3,0.6542844755909704
"Germán, Domingo","Farmer, Buck",2024,R,4,0.6863077774662711
"Germán, Domingo","Maeda, Kenta",2024,R,5,0.7050159976662598
"Germán, Domingo","Houck, Tanner",2024,R,6,0.734601742235521
"Germán, Domingo","Morton, Charlie",2024,R,7,0.7360573744997796
"Germán, Domingo","Turnbull, Spencer",2024,R,8,0.8043658801439886
"Germán, Domingo","Estes, Joey",2024,R,9,0.8170084727754663
"Germán, Domingo","Aguiar, Julian",2024,R,10,0.8600184869723063
"Gibson, Kyle","Paddack, Chris",2024,R,1,0.31024866706209503
"Gibson, Kyle","Barnes, Matt",2024,R,2,0.6249196167045895
"Gibson, Kyle","McKenzie, Triston",2024,R,3,0.6918523379470642
"Gibson, Kyle","Francis, Bowden",2024,R,4,0.7054971873288378
"Gibson, Kyle","Burke, Sean",2024,R,5,0.7071994578637227
"Gibson, Kyle","Beck, Tristan",2024,R,6,0.7073612954170958
"Gibson, Kyle","Anderson, Shaun",2024,R,7,0.7244938845126565
"Gibson, Kyle","Tyler, Kyle",2024,R,8,0.7247510611572795
"Gibson, Kyle","Wacha, Michael",2024,R,9,0.7341856530709087
"Gibson, Kyle","Cruz, Fernando",2024,R,10,0.8239568478396192
"Gil, Luis","Peguero, Elvis",2024,R,1,0.6295501920859545
"Gil, Luis","Ryan, River",2024,R,2,0.7241718697583605
"Gil, Luis","Leiter, Jack",2024,R,3,0.7544644288046721
"Gil, Luis","Foley, Jason",2024,R,4,0.7586851728265607
"Gil, Luis","Rodríguez, Yerry",2024,R,5,0.7675584668451744
"Gil, Luis","Finnegan, Kyle",2024,R,6,0.7692807353128932
"Gil, Luis","Ross, Joe",2024,R,7,0.7716565989668276
"Gil, Luis","Salazar, Eduardo",2024,R,8,0.7833030126024686
"Gil, Luis","Anderson, Justin",2024,R,9,0.7972815081621241
"Gil, Luis","Otañez, Michel",2024,R,10,0.8044536795552097
"Gilbert, Logan","Romano, Jordan",2024,R,1,0.655662612374072
"Gilbert, Logan","Megill, Tylor",2024,R,2,0.716572296728717
"Gilbert, Logan","Glasnow, Tyler",2024,R,3,0.9422823710398626
"Gilbert, Logan","Leahy, Kyle",2024,R,4,1.080351538053757
"Gilbert, Logan","Rodriguez, Grayson",2024,R,5,1.1202233907685153
"Gilbert, Logan","Holman, Grant",2024,R,6,1.1457375860518677
"Gilbert, Logan","Jiménez, Joe",2024,R,7,1.1486451986345105
"Gilbert, Logan","López, Pablo",2024,R,8,1.1579249257016915
"Gilbert, Logan","Hodge, Porter",2024,R,9,1.2098533921433752
"Gilbert, Logan","Williams, Gavin",2024,R,10,1.3795089418240187
"Ginkel, Kevin","Reynolds, Sean",2024,R,1,0.4012233371944242
"Ginkel, Kevin","Jansen, Kenley",2024,R,2,0.450603838215269
"Ginkel, Kevin","Brown, Ben",2024,R,3,0.48067352109164524
"Ginkel, Kevin","García, Luis",2024,R,4,0.5742927733588864
"Ginkel, Kevin","Mears, Nick",2024,R,5,0.6831011142527073
"Ginkel, Kevin","Brown, Hunter",2024,R,6,0.7035193697039528
"Ginkel, Kevin","Hjelle, Sean",2024,R,7,0.7566381238778976
"Ginkel, Kevin","Cabrera, Edward",2024,R,8,0.7899006332823535
"Ginkel, Kevin","Baumann, Mike",2024,R,9,0.7942308713136557
"Ginkel, Kevin","Nicolas, Kyle",2024,R,10,0.8202948257267607
"Ginn, J.T.","Fedde, Erick",2024,R,1,0.37407609065682035
"Ginn, J.T.","Holderman, Colin",2024,R,2,0.39216490046590935
"Ginn, J.T.","Yamamoto, Yoshinobu",2024,R,3,0.4211400966849159
"Ginn, J.T.","Almonte, Yency",2024,R,4,0.42412082138413026
"Ginn, J.T.","Cecconi, Slade",2024,R,5,0.42754719878950603
"Ginn, J.T.","Pfaadt, Brandon",2024,R,6,0.429354887908242
"Ginn, J.T.","Hicks, Jordan",2024,R,7,0.4303830915925877
"Ginn, J.T.","Buehler, Walker",2024,R,8,0.44395316426844983
"Ginn, J.T.","Pagán, Emilio",2024,R,9,0.45467563443475767
"Ginn, J.T.","Heller, Ben",2024,R,10,0.49549303404989165
"Glasnow, Tyler","Romano, Jordan",2024,R,1,0.40287866627598956
"Glasnow, Tyler","Megill, Tylor",2024,R,2,0.6670436797210575
"Glasnow, Tyler","Holman, Grant",2024,R,3,0.754064757842163
"Glasnow, Tyler","Leahy, Kyle",2024,R,4,0.8519742505377154
"Glasnow, Tyler","Smith, Cade",2024,R,5,0.8609699072554163
"Glasnow, Tyler","Gilbert, Logan",2024,R,6,0.9422823710398626
"Glasnow, Tyler","Williams, Gavin",2024,R,7,1.0067007599529894
"Glasnow, Tyler","Hodge, Porter",2024,R,8,1.137732183312717
"Glasnow, Tyler","Leasure, Jordan",2024,R,9,1.152560659094255
"Glasnow, Tyler","Nicolas, Kyle",2024,R,10,1.3028310033332187
"Gordon, Tanner","Brewer, Colten",2024,R,1,0.2987836517968148
"Gordon, Tanner","Spence, Mitch",2024,R,2,0.3504762249700314
"Gordon, Tanner","Mikolas, Miles",2024,R,3,0.4722367278514958
"Gordon, Tanner","Merryweather, Julian",2024,R,4,0.5210817613118018
"Gordon, Tanner","Blalock, Bradley",2024,R,5,0.5313762024619864
"Gordon, Tanner","Kremer, Dean",2024,R,6,0.5537071840898883
"Gordon, Tanner","Martin, Davis",2024,R,7,0.5558440344964104
"Gordon, Tanner","Blackburn, Paul",2024,R,8,0.5909383431374609
"Gordon, Tanner","Lambert, Peter",2024,R,9,0.6097201768169288
"Gordon, Tanner","Brooks, Aaron",2024,R,10,0.648825667915761
"Gray, Jon","Stone, Gavin",2024,R,1,0.1847217573029097
"Gray, Jon","Rodríguez, Yerry",2024,R,2,0.35884768627814934
"Gray, Jon","Holderman, Colin",2024,R,3,0.36025801851351935
"Gray, Jon","Kittredge, Andrew",2024,R,4,0.39072502711203927
"Gray, Jon","Salazar, Eduardo",2024,R,5,0.4029508601844362
"Gray, Jon","Baz, Shane",2024,R,6,0.40376163484175015
"Gray, Jon","Abreu, Bryan",2024,R,7,0.4198824930195007
"Gray, Jon","Ryan, River",2024,R,8,0.4654989115571422
"Gray, Jon","Pagán, Emilio",2024,R,9,0.4679701350267534
"Gray, Jon","Armstrong, Shawn",2024,R,10,0.48045099559640325
"Gray, Sonny","Buehler, Walker",2024,R,1,0.5329003848030336
"Gray, Sonny","Morgan, Eli",2024,R,2,0.5702544162000578
"Gray, Sonny","Spiers, Carson",2024,R,3,0.5789302164946083
"Gray, Sonny","Yamamoto, Yoshinobu",2024,R,4,0.6554973929616886
"Gray, Sonny","Rea, Colin",2024,R,5,0.6779062212670669
"Gray, Sonny","Mahle, Tyler",2024,R,6,0.695251432564368
"Gray, Sonny","Cecconi, Slade",2024,R,7,0.7121538963040567
"Gray, Sonny","García, Deivi",2024,R,8,0.7290544051459984
"Gray, Sonny","Daniel, Davis",2024,R,9,0.7309624505340353
"Gray, Sonny","Manning, Matt",2024,R,10,0.7323466568994896
"Green, Chad","Bradley, Taj",2024,R,1,0.2053745935074351
"Green, Chad","Weems, Jordan",2024,R,2,0.2469666944519026
"Green, Chad","Winckowski, Josh",2024,R,3,0.31035665060136375
"Green, Chad","Baumann, Mike",2024,R,4,0.31347264594441054
"Green, Chad","Brown, Hunter",2024,R,5,0.37032409177556797
"Green, Chad","Greene, Hunter",2024,R,6,0.38180751426589526
"Green, Chad","Brito, Jhony",2024,R,7,0.44193917622647333
"Green, Chad","Bednar, David",2024,R,8,0.45119021845351365
"Green, Chad","Cabrera, Edward",2024,R,9,0.46186204450711094
"Green, Chad","Pallante, Andre",2024,R,10,0.47987244741540525
"Greene, Hunter","Severino, Luis",2024,R,1,0.22892123314952378
"Greene, Hunter","Kochanowicz, Jack",2024,R,2,0.3017110252617763
"Greene, Hunter","Weems, Jordan",2024,R,3,0.34535062285201273
"Greene, Hunter","Green, Chad",2024,R,4,0.38180751426589526
"Greene, Hunter","Erceg, Lucas",2024,R,5,0.45855864052069356
"Greene, Hunter","Winckowski, Josh",2024,R,6,0.4636826781856519
"Greene, Hunter","Zuñiga, Guillo",2024,R,7,0.4705881703568868
"Greene, Hunter","Zeferjahn, Ryan",2024,R,8,0.48855187845499565
"Greene, Hunter","Ort, Kaleb",2024,R,9,0.49522965056744445
"Greene, Hunter","Hoffman, Jeff",2024,R,10,0.5019904485746485
"Grove, Michael","Lazar, Max",2024,R,1,0.23029306757556794
"Grove, Michael","Wesneski, Hayden",2024,R,2,0.4619244777705531
"Grove, Michael","Swanson, Erik",2024,R,3,0.527944735902376
"Grove, Michael","Houser, Adrian",2024,R,4,0.5791271439095617
"Grove, Michael","Brasier, Ryan",2024,R,5,0.6126300895950644
"Grove, Michael","Miller, Bobby",2024,R,6,0.6599299605791286
"Grove, Michael","Blanco, Ronel",2024,R,7,0.6866534273530386
"Grove, Michael","Staumont, Josh",2024,R,8,0.6929013214869328
"Grove, Michael","Slaten, Justin",2024,R,9,0.6970037647060663
"Grove, Michael","Fedde, Erick",2024,R,10,0.7554946078913821
"Gómez, Yoendrys","Dunning, Dane",2024,R,1,0.3586774661073612
"Gómez, Yoendrys","Ottavino, Adam",2024,R,2,0.5066085426648239
"Gómez, Yoendrys","Wilson, Steven",2024,R,3,0.57212815402485
"Gómez, Yoendrys","Toussaint, Touki",2024,R,4,0.5919856718934514
"Gómez, Yoendrys","Lively, Ben",2024,R,5,0.6684985079741824
"Gómez, Yoendrys","Singer, Brady",2024,R,6,0.7025628488122011
"Gómez, Yoendrys","Cousins, Jake",2024,R,7,0.7357225538294856
"Gómez, Yoendrys","Clevinger, Mike",2024,R,8,0.7752747335814593
"Gómez, Yoendrys","Daniel, Davis",2024,R,9,0.8362762389977543
"Gómez, Yoendrys","Bloss, Jake",2024,R,10,0.8586663048563098
"Hamilton, Ian","Sands, Cole",2024,R,1,0.6006552952668179
"Hamilton, Ian","Brazobán, Huascar",2024,R,2,0.6824591046809085
"Hamilton, Ian","Ferguson, Tyler",2024,R,3,0.73835671036228
"Hamilton, Ian","Senzatela, Antonio",2024,R,4,0.786393373043536
"Hamilton, Ian","Jarvis, Bryce",2024,R,5,0.8276379548783412
"Hamilton, Ian","Weaver, Luke",2024,R,6,0.8861073524976795
"Hamilton, Ian","Faucher, Calvin",2024,R,7,0.9016684228878067
"Hamilton, Ian","Taylor, Troy",2024,R,8,0.9085537725462599
"Hamilton, Ian","Santana, Dennis",2024,R,9,0.9091677226798139
"Hamilton, Ian","Holmes, Grant",2024,R,10,0.9736178931102617
"Hancock, Emerson","Miller, Bryce",2024,R,1,0.31238408849313054
"Hancock, Emerson","Feltner, Ryan",2024,R,2,0.3455558700178403
"Hancock, Emerson","Lange, Alex",2024,R,3,0.45566541408552175
"Hancock, Emerson","Kerkering, Orion",2024,R,4,0.4674871428883136
"Hancock, Emerson","Berríos, José",2024,R,5,0.4697421262292703
"Hancock, Emerson","Garrett, Reed",2024,R,6,0.48597162940186606
"Hancock, Emerson","Fulmer, Carson",2024,R,7,0.4862966108449031
"Hancock, Emerson","López, Jorge",2024,R,8,0.4872726882367477
"Hancock, Emerson","Keller, Mitch",2024,R,9,0.48837577968668766
"Hancock, Emerson","Holderman, Colin",2024,R,10,0.5052679273140172
"Hanifee, Brenan","Vest, Will",2024,R,1,0.32437158607240485
"Hanifee, Brenan","Santillan, Tony",2024,R,2,0.39210596683526
"Hanifee, Brenan","Cano, Yennier",2024,R,3,0.44497187231251545
"Hanifee, Brenan","Ureña, José",2024,R,4,0.6394762702187471
"Hanifee, Brenan","Iglesias, Raisel",2024,R,5,0.6522430495189472
"Hanifee, Brenan","Skenes, Paul",2024,R,6,0.6719372970507774
"Hanifee, Brenan","Marte, Yunior",2024,R,7,0.684603041032807
"Hanifee, Brenan","Núñez, Dedniel",2024,R,8,0.7061429106149009
"Hanifee, Brenan","Weaver, Luke",2024,R,9,0.7095690963346637
"Hanifee, Brenan","Santana, Dennis",2024,R,10,0.7125175987150802
"Harvey, Hunter","Zuñiga, Guillo",2024,R,1,0.26050960562367853
"Harvey, Hunter","Ort, Kaleb",2024,R,2,0.3766046509078279
"Harvey, Hunter","Kochanowicz, Jack",2024,R,3,0.38359967513058796
"Harvey, Hunter","Estévez, Carlos",2024,R,4,0.4072466089763037
"Harvey, Hunter","Skenes, Paul",2024,R,5,0.43067665221104584
"Harvey, Hunter","Severino, Luis",2024,R,6,0.5514785513480365
"Harvey, Hunter","Greene, Hunter",2024,R,7,0.5636073519653274
"Harvey, Hunter","Otañez, Michel",2024,R,8,0.571326680900413
"Harvey, Hunter","Vest, Will",2024,R,9,0.6151940475253602
"Harvey, Hunter","Rasmussen, Drew",2024,R,10,0.6248012514063248
"Heller, Ben","Cecconi, Slade",2024,R,1,0.13676548074349337
"Heller, Ben","Garabito, Gerson",2024,R,2,0.19623474864962384
"Heller, Ben","Kahnle, Tommy",2024,R,3,0.22488258813189826
"Heller, Ben","Rea, Colin",2024,R,4,0.2351188942288652
"Heller, Ben","Sulser, Cole",2024,R,5,0.2969896208261662
"Heller, Ben","Hicks, Jordan",2024,R,6,0.3629197205592899
"Heller, Ben","Smith, Burch",2024,R,7,0.3679627484651761
"Heller, Ben","Rodríguez, Yariel",2024,R,8,0.38804264195383903
"Heller, Ben","Brebbia, John",2024,R,9,0.41374741191300135
"Heller, Ben","Teng, Kai-Wei",2024,R,10,0.4199786998807693
"Helsley, Ryan","Boyle, Joe",2024,R,1,0.3822631817422139
"Helsley, Ryan","Petersen, Michael",2024,R,2,0.6420632567307306
"Helsley, Ryan","Soriano, José",2024,R,3,0.7143454651682201
"Helsley, Ryan","Brito, Jhony",2024,R,4,0.7297068911748735
"Helsley, Ryan","Cabrera, Edward",2024,R,5,0.7566618036698315
"Helsley, Ryan","Bradley, Taj",2024,R,6,0.7707446960806764
"Helsley, Ryan","Uribe, Abner",2024,R,7,0.7708399786922338
"Helsley, Ryan","Brown, Hunter",2024,R,8,0.8234369660702072
"Helsley, Ryan","Hernández, Carlos",2024,R,9,0.8343305950981883
"Helsley, Ryan","Baumann, Mike",2024,R,10,0.8458001067678894
"Hendricks, Kyle","Javier, Cristian",2024,R,1,1.180894600699993
"Hendricks, Kyle","Bellozo, Valente",2024,R,2,1.2931477107988487
"Hendricks, Kyle","Maeda, Kenta",2024,R,3,1.4282746274818223
"Hendricks, Kyle","Anderson, Chase",2024,R,4,1.514386419910952
"Hendricks, Kyle","Civale, Aaron",2024,R,5,1.7054517154179678
"Hendricks, Kyle","Martinez, Nick",2024,R,6,1.7099900752779909
"Hendricks, Kyle","Jiménez, Dany",2024,R,7,1.7240733566220576
"Hendricks, Kyle","Estes, Joey",2024,R,8,1.7549683029194678
"Hendricks, Kyle","Walker, Taijuan",2024,R,9,1.8556578159693622
"Hendricks, Kyle","Germán, Domingo",2024,R,10,1.8599468521977678
"Henriquez, Ronny","Phillips, Evan",2024,R,1,0.24008284055090756
"Henriquez, Ronny","Núñez, Dedniel",2024,R,2,0.3974367497234256
"Henriquez, Ronny","Rodríguez, Randy",2024,R,3,0.4263011911020054
"Henriquez, Ronny","Salazar, Eduardo",2024,R,4,0.45068372446353366
"Henriquez, Ronny","Ryan, River",2024,R,5,0.48844074671209664
"Henriquez, Ronny","Kolek, Stephen",2024,R,6,0.4952321583968313
"Henriquez, Ronny","Hudson, Daniel",2024,R,7,0.5215200311323928
"Henriquez, Ronny","Mlodzinski, Carmen",2024,R,8,0.5607879765212702
"Henriquez, Ronny","Stone, Gavin",2024,R,9,0.5632289257267796
"Henriquez, Ronny","Stewart, Brock",2024,R,10,0.5686515038649699
"Hernández, Carlos","Nicolas, Kyle",2024,R,1,0.3491134227838439
"Hernández, Carlos","Baumann, Mike",2024,R,2,0.47612120376271994
"Hernández, Carlos","Estrada, Jeremiah",2024,R,3,0.4934945945984698
"Hernández, Carlos","Cabrera, Edward",2024,R,4,0.49375190665042173
"Hernández, Carlos","Mears, Nick",2024,R,5,0.5198754328816411
"Hernández, Carlos","Leasure, Jordan",2024,R,6,0.5269247541181311
"Hernández, Carlos","Barnes, Jacob",2024,R,7,0.5757426159726488
"Hernández, Carlos","Miller, Bobby",2024,R,8,0.6525913175099415
"Hernández, Carlos","Pallante, Andre",2024,R,9,0.6559676059603899
"Hernández, Carlos","Pepiot, Ryan",2024,R,10,0.6608648049941686
"Hernández, Daysbel","Severino, Luis",2024,R,1,0.539428884128353
"Hernández, Daysbel","Zulueta, Yosver",2024,R,2,0.5692925808767296
"Hernández, Daysbel","Brieske, Beau",2024,R,3,0.600109449546982
"Hernández, Daysbel","Berroa, Prelander",2024,R,4,0.6067855027113722
"Hernández, Daysbel","Zuñiga, Guillo",2024,R,5,0.6119258050109228
"Hernández, Daysbel","Harvey, Hunter",2024,R,6,0.6338885444804083
"Hernández, Daysbel","Muñoz, Roddery",2024,R,7,0.6496400829723901
"Hernández, Daysbel","Chivilli, Angel",2024,R,8,0.663875549360064
"Hernández, Daysbel","Kerkering, Orion",2024,R,9,0.6693953119904426
"Hernández, Daysbel","Jax, Griffin",2024,R,10,0.6756776910203703
"Hernández, Elieser","Tate, Dillon",2024,R,1,0.29776078679814005
"Hernández, Elieser","Woodford, Jake",2024,R,2,0.3093419852227171
"Hernández, Elieser","Flaherty, Jack",2024,R,3,0.3950050868187224
"Hernández, Elieser","Spiers, Carson",2024,R,4,0.4441097827826346
"Hernández, Elieser","Kuhl, Chad",2024,R,5,0.4804044277249108
"Hernández, Elieser","García, Deivi",2024,R,6,0.5000901335949309
"Hernández, Elieser","Mahle, Tyler",2024,R,7,0.5037783091797934
"Hernández, Elieser","Beede, Tyler",2024,R,8,0.5076060060208557
"Hernández, Elieser","Teng, Kai-Wei",2024,R,9,0.520821165498772
"Hernández, Elieser","Marinaccio, Ron",2024,R,10,0.541317075296823
"Hernández, Jonathan","Miller, Bryce",2024,R,1,0.3327457596176813
"Hernández, Jonathan","Cisnero, José",2024,R,2,0.3557191453038891
"Hernández, Jonathan","Chargois, JT",2024,R,3,0.37566152540229514
"Hernández, Jonathan","Núñez, Dedniel",2024,R,4,0.41445662999930877
"Hernández, Jonathan","De Los Santos, Enyel",2024,R,5,0.4164287298201844
"Hernández, Jonathan","Iglesias, Raisel",2024,R,6,0.43219465039453886
"Hernández, Jonathan","Kolek, Stephen",2024,R,7,0.438816986620517
"Hernández, Jonathan","Marte, Yunior",2024,R,8,0.4481755845345443
"Hernández, Jonathan","Kerkering, Orion",2024,R,9,0.45379280430119384
"Hernández, Jonathan","Garrett, Reed",2024,R,10,0.5148694704660824
"Hicks, Jordan","Holderman, Colin",2024,R,1,0.25574136128529984
"Hicks, Jordan","Cecconi, Slade",2024,R,2,0.25679738694288823
"Hicks, Jordan","Berríos, José",2024,R,3,0.316802714832938
"Hicks, Jordan","Rea, Colin",2024,R,4,0.33737043717437676
"Hicks, Jordan","Keller, Mitch",2024,R,5,0.3380392375268267
"Hicks, Jordan","Heller, Ben",2024,R,6,0.3629197205592899
"Hicks, Jordan","Rodríguez, Yariel",2024,R,7,0.36362680967088923
"Hicks, Jordan","Eovaldi, Nathan",2024,R,8,0.37561148438967507
"Hicks, Jordan","Dubin, Shawn",2024,R,9,0.3823307553127363
"Hicks, Jordan","Buehler, Walker",2024,R,10,0.38472112489627186
"Hjelle, Sean","Bradish, Kyle",2024,R,1,0.3269289532822048
"Hjelle, Sean","Jansen, Kenley",2024,R,2,0.4334912544637667
"Hjelle, Sean","Frías, Luis",2024,R,3,0.43446772683812496
"Hjelle, Sean","Brown, Hunter",2024,R,4,0.5125857164453065
"Hjelle, Sean","García, Luis",2024,R,5,0.5439654727863794
"Hjelle, Sean","Brown, Ben",2024,R,6,0.5633361895368459
"Hjelle, Sean","Law, Derek",2024,R,7,0.5673055440620842
"Hjelle, Sean","Alzolay, Adbert",2024,R,8,0.5770109549245739
"Hjelle, Sean","Cabrera, Edward",2024,R,9,0.6105434283709745
"Hjelle, Sean","Reynolds, Sean",2024,R,10,0.6341753423637781
"Hodge, Porter","Williams, Gavin",2024,R,1,0.416196312763212
"Hodge, Porter","Robertson, Nick",2024,R,2,0.4896194210534597
"Hodge, Porter","Rodriguez, Grayson",2024,R,3,0.5254271570718003
"Hodge, Porter","Jiménez, Joe",2024,R,4,0.536868360518927
"Hodge, Porter","Megill, Tylor",2024,R,5,0.5982885616739662
"Hodge, Porter","López, Pablo",2024,R,6,0.6803205926214204
"Hodge, Porter","Rocker, Kumar",2024,R,7,0.7183494512888345
"Hodge, Porter","Leahy, Kyle",2024,R,8,0.8199647761435498
"Hodge, Porter","Irvin, Jake",2024,R,9,0.8233492559289645
"Hodge, Porter","Williams, Devin",2024,R,10,0.8432324026604612
"Hoeing, Bryan","Fitts, Richard",2024,R,1,0.2010433493012369
"Hoeing, Bryan","Sauer, Matt",2024,R,2,0.41849407944851275
"Hoeing, Bryan","Bibee, Tanner",2024,R,3,0.46122281863300857
"Hoeing, Bryan","Staumont, Josh",2024,R,4,0.49056648920194285
"Hoeing, Bryan","Dana, Caden",2024,R,5,0.525665834973805
"Hoeing, Bryan","Suárez, Albert",2024,R,6,0.527175396070338
"Hoeing, Bryan","Matthews, Zebby",2024,R,7,0.5521920045409804
"Hoeing, Bryan","Lambert, Peter",2024,R,8,0.5638498696174868
"Hoeing, Bryan","Merryweather, Julian",2024,R,9,0.6135769589061638
"Hoeing, Bryan","Mercado, Michael",2024,R,10,0.6268636643770537
"Hoffman, Jeff","Martin, Chris",2024,R,1,0.2951151226791111
"Hoffman, Jeff","Zeferjahn, Ryan",2024,R,2,0.4664335882939777
"Hoffman, Jeff","Weems, Jordan",2024,R,3,0.467551635874806
"Hoffman, Jeff","Greene, Hunter",2024,R,4,0.5019904485746485
"Hoffman, Jeff","Rainey, Tanner",2024,R,5,0.50250857765756
"Hoffman, Jeff","Winckowski, Josh",2024,R,6,0.5034720450507814
"Hoffman, Jeff","Green, Chad",2024,R,7,0.5171730139862293
"Hoffman, Jeff","Bednar, David",2024,R,8,0.5396111635960485
"Hoffman, Jeff","Kirby, George",2024,R,9,0.5876367948481498
"Hoffman, Jeff","Pallante, Andre",2024,R,10,0.595758151565797
"Holderman, Colin","Hicks, Jordan",2024,R,1,0.25574136128529984
"Holderman, Colin","Eovaldi, Nathan",2024,R,2,0.3282514112174782
"Holderman, Colin","Pfaadt, Brandon",2024,R,3,0.33129504863428927
"Holderman, Colin","Gray, Jon",2024,R,4,0.36025801851351935
"Holderman, Colin","Gausman, Kevin",2024,R,5,0.3902462754840475
"Holderman, Colin","Ginn, J.T.",2024,R,6,0.39216490046590935
"Holderman, Colin","Keller, Mitch",2024,R,7,0.408799441162643
"Holderman, Colin","Dubin, Shawn",2024,R,8,0.4175207311924046
"Holderman, Colin","Cecconi, Slade",2024,R,9,0.4312537609035373
"Holderman, Colin","Yamamoto, Yoshinobu",2024,R,10,0.43673023827133994
"Holman, Grant","Romano, Jordan",2024,R,1,0.6766959832112522
"Holman, Grant","Leahy, Kyle",2024,R,2,0.6959107931972219
"Holman, Grant","Glasnow, Tyler",2024,R,3,0.754064757842163
"Holman, Grant","Williams, Gavin",2024,R,4,0.80354285196525
"Holman, Grant","Megill, Tylor",2024,R,5,0.8098380554913598
"Holman, Grant","Festa, David",2024,R,6,0.8434043188610743
"Holman, Grant","Blewett, Scott",2024,R,7,0.8709767559222098
"Holman, Grant","Gaddis, Hunter",2024,R,8,0.8787741356464196
"Holman, Grant","Miller, Bobby",2024,R,9,0.9282715570504745
"Holman, Grant","Leasure, Jordan",2024,R,10,0.9318492167300426
"Holmes, Clay","Ruiz, José",2024,R,1,0.6519467888726033
"Holmes, Clay","Sborz, Josh",2024,R,2,0.9456657726489286
"Holmes, Clay","Winn, Keaton",2024,R,3,0.9674829465037502
"Holmes, Clay","Kinley, Tyler",2024,R,4,0.9842165423150482
"Holmes, Clay","Keller, Brad",2024,R,5,1.059318714165863
"Holmes, Clay","Stanek, Ryne",2024,R,6,1.0898099867965023
"Holmes, Clay","Alcala, Jorge",2024,R,7,1.0941202289815712
"Holmes, Clay","Molina, Anthony",2024,R,8,1.104957820816732
"Holmes, Clay","Senzatela, Antonio",2024,R,9,1.1443952486759181
"Holmes, Clay","Montas, Frankie",2024,R,10,1.2107416420589787
"Holmes, Grant","Canning, Griffin",2024,R,1,0.3696134257832646
"Holmes, Grant","Olson, Reese",2024,R,2,0.4379339576961226
"Holmes, Grant","Jefferies, Daulton",2024,R,3,0.45568052462069764
"Holmes, Grant","McGough, Scott",2024,R,4,0.4713998317528073
"Holmes, Grant","Bazardo, Eduard",2024,R,5,0.48717262202926676
"Holmes, Grant","Faedo, Alex",2024,R,6,0.5329069160862812
"Holmes, Grant","Lorenzen, Michael",2024,R,7,0.5597935357257416
"Holmes, Grant","Smith, Drew",2024,R,8,0.6022753416602299
"Holmes, Grant","Thompson, Keegan",2024,R,9,0.603656488965795
"Holmes, Grant","Madden, Ty",2024,R,10,0.6102537454078508
"Honeywell, Brent","Avila, Nick",2024,R,1,0.3503301136889267
"Honeywell, Brent","Pinto, Ricardo",2024,R,2,0.36061681572768556
"Honeywell, Brent","Sborz, Josh",2024,R,3,0.3861201578149015
"Honeywell, Brent","Neris, Héctor",2024,R,4,0.4144924211070891
"Honeywell, Brent","Nance, Tommy",2024,R,5,0.4159715444982716
"Honeywell, Brent","Keller, Brad",2024,R,6,0.4773274400023387
"Honeywell, Brent","Mazur, Adam",2024,R,7,0.523492267423808
"Honeywell, Brent","Pressly, Ryan",2024,R,8,0.5327739051272435
"Honeywell, Brent","Anderson, Nick",2024,R,9,0.612936636419378
"Honeywell, Brent","Brooks, Aaron",2024,R,10,0.6585820649868385
"Houck, Tanner","Junis, Jakob",2024,R,1,0.18703034913691086
"Houck, Tanner","Aguiar, Julian",2024,R,2,0.24893004270829605
"Houck, Tanner","Sánchez, Sixto",2024,R,3,0.32895964783642984
"Houck, Tanner","Englert, Mason",2024,R,4,0.5190837614151458
"Houck, Tanner","Bazardo, Eduard",2024,R,5,0.5452019194830927
"Houck, Tanner","Morton, Charlie",2024,R,6,0.5464526948808566
"Houck, Tanner","Estes, Joey",2024,R,7,0.5604762518546564
"Houck, Tanner","Lugo, Seth",2024,R,8,0.6176588223173936
"Houck, Tanner","Farmer, Buck",2024,R,9,0.6559606090632674
"Houck, Tanner","Kelly, Merrill",2024,R,10,0.6583149758618936
"Houser, Adrian","Fedde, Erick",2024,R,1,0.2752779064604293
"Houser, Adrian","Almonte, Yency",2024,R,2,0.351539752790152
"Houser, Adrian","Myers, Tobias",2024,R,3,0.3806487829257306
"Houser, Adrian","Staumont, Josh",2024,R,4,0.45115330810105336
"Houser, Adrian","Sulser, Cole",2024,R,5,0.47049119935898337
"Houser, Adrian","Wesneski, Hayden",2024,R,6,0.520716658667179
"Houser, Adrian","Brebbia, John",2024,R,7,0.5213966037768513
"Houser, Adrian","Anderson, Shaun",2024,R,8,0.5332746312730996
"Houser, Adrian","Ginn, J.T.",2024,R,9,0.5460666260397321
"Houser, Adrian","Blanco, Ronel",2024,R,10,0.5599597902566168
"Howard, Spencer","Bibee, Tanner",2024,R,1,0.2936422015258167
"Howard, Spencer","Martin, Davis",2024,R,2,0.43579968288672666
"Howard, Spencer","Nastrini, Nick",2024,R,3,0.46806530999901147
"Howard, Spencer","Brebbia, John",2024,R,4,0.47548736218542537
"Howard, Spencer","Gallen, Zac",2024,R,5,0.55070240134204
"Howard, Spencer","Anderson, Shaun",2024,R,6,0.5570247812453766
"Howard, Spencer","Dana, Caden",2024,R,7,0.5570954167401293
"Howard, Spencer","Beck, Tristan",2024,R,8,0.5839828410083088
"Howard, Spencer","Merryweather, Julian",2024,R,9,0.5956986660663923
"Howard, Spencer","Assad, Javier",2024,R,10,0.6108984199310168
"Hudson, Dakota","Blackburn, Paul",2024,R,1,0.3291780046723078
"Hudson, Dakota","Richards, Trevor",2024,R,2,0.49674751650968735
"Hudson, Dakota","Spence, Mitch",2024,R,3,0.5012975879784431
"Hudson, Dakota","Curry, Xzavion",2024,R,4,0.5277248760460821
"Hudson, Dakota","Crawford, Kutter",2024,R,5,0.704323303881059
"Hudson, Dakota","Kremer, Dean",2024,R,6,0.7181792959247805
"Hudson, Dakota","Brewer, Colten",2024,R,7,0.7304505270030656
"Hudson, Dakota","Gordon, Tanner",2024,R,8,0.7431063112774887
"Hudson, Dakota","Musgrove, Joe",2024,R,9,0.8161445003016523
"Hudson, Dakota","Vines, Darius",2024,R,10,0.8235884967912177
"Hudson, Daniel","Núñez, Dedniel",2024,R,1,0.3657543849995975
"Hudson, Daniel","Otañez, Michel",2024,R,2,0.42773850779080125
"Hudson, Daniel","Ryan, River",2024,R,3,0.46311652329529035
"Hudson, Daniel","Ureña, José",2024,R,4,0.5145622852518428
"Hudson, Daniel","Henriquez, Ronny",2024,R,5,0.5215200311323928
"Hudson, Daniel","Criswell, Jeff",2024,R,6,0.5283467968955115
"Hudson, Daniel","Skenes, Paul",2024,R,7,0.5371590414976852
"Hudson, Daniel","Phillips, Evan",2024,R,8,0.5755195486829714
"Hudson, Daniel","Kolek, Stephen",2024,R,9,0.585618953707055
"Hudson, Daniel","Stewart, Brock",2024,R,10,0.6578556143064997
"Iglesias, Raisel","Marte, Yunior",2024,R,1,0.07549366250028343
"Iglesias, Raisel","De Los Santos, Enyel",2024,R,2,0.24231853857644345
"Iglesias, Raisel","Garrett, Reed",2024,R,3,0.3098542783666724
"Iglesias, Raisel","Cisnero, José",2024,R,4,0.33233957423665333
"Iglesias, Raisel","Kerkering, Orion",2024,R,5,0.3444648843509459
"Iglesias, Raisel","Chargois, JT",2024,R,6,0.3781318541623811
"Iglesias, Raisel","Muñoz, Roddery",2024,R,7,0.4073199158146064
"Iglesias, Raisel","Hernández, Jonathan",2024,R,8,0.43219465039453886
"Iglesias, Raisel","Miller, Bryce",2024,R,9,0.5019733001021051
"Iglesias, Raisel","Santana, Dennis",2024,R,10,0.5191523023648092
"Irvin, Jake","Manoah, Alek",2024,R,1,0.3483913188099391
"Irvin, Jake","Mize, Casey",2024,R,2,0.36695243040571396
"Irvin, Jake","Robertson, Nick",2024,R,3,0.43010441825967216
"Irvin, Jake","Bloss, Jake",2024,R,4,0.45620145124331096
"Irvin, Jake","López, Pablo",2024,R,5,0.5798541253799973
"Irvin, Jake","McArthur, James",2024,R,6,0.6063549242688636
"Irvin, Jake","Smith, Burch",2024,R,7,0.6281400558135095
"Irvin, Jake","McGreevy, Michael",2024,R,8,0.6286282942970196
"Irvin, Jake","Jiménez, Joe",2024,R,9,0.6391432253450848
"Irvin, Jake","Rocker, Kumar",2024,R,10,0.6406087956800837
"Jackson, Jay","Rodriguez, Carlos",2024,R,1,0.46771551277630685
"Jackson, Jay","Turnbull, Spencer",2024,R,2,0.4697707947199181
"Jackson, Jay","Webb, Jacob",2024,R,3,0.5020157460402969
"Jackson, Jay","Stratton, Chris",2024,R,4,0.5445875326546653
"Jackson, Jay","Eflin, Zach",2024,R,5,0.5721896982381212
"Jackson, Jay","Scherzer, Max",2024,R,6,0.5957165564035708
"Jackson, Jay","Bassitt, Chris",2024,R,7,0.6041099310909233
"Jackson, Jay","Voth, Austin",2024,R,8,0.6099120993381335
"Jackson, Jay","Avila, Pedro",2024,R,9,0.612127431997675
"Jackson, Jay","Englert, Mason",2024,R,10,0.6320890423913167
"Jackson, Luke","Burr, Ryan",2024,R,1,0.48919217900451184
"Jackson, Luke","Suárez, Albert",2024,R,2,0.6997886001642927
"Jackson, Luke","Bibee, Tanner",2024,R,3,0.7783281092063522
"Jackson, Luke","Festa, David",2024,R,4,0.7954486760797077
"Jackson, Luke","Pivetta, Nick",2024,R,5,0.7996352773469769
"Jackson, Luke","Gaddis, Hunter",2024,R,6,0.8304910443071598
"Jackson, Luke","Jansen, Kenley",2024,R,7,0.8555064641818231
"Jackson, Luke","Hoeing, Bryan",2024,R,8,0.8896641750980989
"Jackson, Luke","Burke, Sean",2024,R,9,0.8941990238667947
"Jackson, Luke","Blalock, Bradley",2024,R,10,0.9151200071044459
"Jacob, Alek","Miller, Tyson",2024,R,1,2.2649990536559517
"Jacob, Alek","Kelly, Kevin",2024,R,2,2.2993168615778217
"Jacob, Alek","Martinez, Seth",2024,R,3,2.4610710574933616
"Jacob, Alek","Williams, Trevor",2024,R,4,2.9608033804674676
"Jacob, Alek","Criswell, Cooper",2024,R,5,3.0590612449776304
"Jacob, Alek","Sandlin, Nick",2024,R,6,3.0859442322764963
"Jacob, Alek","Thompson, Ryan",2024,R,7,3.1255402083397623
"Jacob, Alek","Maton, Phil",2024,R,8,3.2074005471072136
"Jacob, Alek","Barlow, Scott",2024,R,9,3.3295274938653323
"Jacob, Alek","Nola, Aaron",2024,R,10,3.45653289900767
"Jansen, Kenley","García, Luis",2024,R,1,0.43330299878968803
"Jansen, Kenley","Hjelle, Sean",2024,R,2,0.4334912544637667
"Jansen, Kenley","Ginkel, Kevin",2024,R,3,0.450603838215269
"Jansen, Kenley","Reynolds, Sean",2024,R,4,0.47927116371775286
"Jansen, Kenley","Brown, Ben",2024,R,5,0.5865950391019022
"Jansen, Kenley","Brown, Hunter",2024,R,6,0.689893313503054
"Jansen, Kenley","Mears, Nick",2024,R,7,0.7051188473185086
"Jansen, Kenley","Bradish, Kyle",2024,R,8,0.751165426618303
"Jansen, Kenley","Cabrera, Edward",2024,R,9,0.7813313558817033
"Jansen, Kenley","Frías, Luis",2024,R,10,0.8190425273797154
"Jarvis, Bryce","Cobb, Alex",2024,R,1,0.29974489902783014
"Jarvis, Bryce","Santana, Dennis",2024,R,2,0.3423321847092287
"Jarvis, Bryce","Smith, Drew",2024,R,3,0.4925006481403992
"Jarvis, Bryce","Muñoz, Roddery",2024,R,4,0.500425207259191
"Jarvis, Bryce","Iglesias, Raisel",2024,R,5,0.5910240635666639
"Jarvis, Bryce","Bender, Anthony",2024,R,6,0.6000048041835692
"Jarvis, Bryce","Marte, Yunior",2024,R,7,0.6029529005662867
"Jarvis, Bryce","Garrett, Reed",2024,R,8,0.6366171146778562
"Jarvis, Bryce","Weaver, Luke",2024,R,9,0.6782564508138216
"Jarvis, Bryce","De Los Santos, Enyel",2024,R,10,0.6788469766909165
"Javier, Cristian","Maeda, Kenta",2024,R,1,0.6170796228378197
"Javier, Cristian","Bellozo, Valente",2024,R,2,0.6624090069553509
"Javier, Cristian","France, J.P.",2024,R,3,0.8513852943160245
"Javier, Cristian","Vines, Darius",2024,R,4,0.8655109636499868
"Javier, Cristian","Anderson, Chase",2024,R,5,0.9973778417183062
"Javier, Cristian","Germán, Domingo",2024,R,6,1.0539780293337553
"Javier, Cristian","Hendricks, Kyle",2024,R,7,1.180894600699993
"Javier, Cristian","Crawford, Kutter",2024,R,8,1.1811285613938947
"Javier, Cristian","Voth, Austin",2024,R,9,1.187080239593822
"Javier, Cristian","Thorpe, Drew",2024,R,10,1.2588792968420552
"Jax, Griffin","Rodríguez, Manuel",2024,R,1,0.43622232847885084
"Jax, Griffin","Varland, Gus",2024,R,2,0.4499851667863467
"Jax, Griffin","Hernández, Jonathan",2024,R,3,0.612994709028476
"Jax, Griffin","Doval, Camilo",2024,R,4,0.6318993661903998
"Jax, Griffin","Kolek, Stephen",2024,R,5,0.6714862136037172
"Jax, Griffin","Hernández, Daysbel",2024,R,6,0.6756776910203703
"Jax, Griffin","Miller, Bryce",2024,R,7,0.6974483153095442
"Jax, Griffin","Stewart, Brock",2024,R,8,0.7093020302691855
"Jax, Griffin","Kerkering, Orion",2024,R,9,0.8020765404746963
"Jax, Griffin","Rodríguez, Randy",2024,R,10,0.8085129039113763
"Jefferies, Daulton","Thompson, Keegan",2024,R,1,0.4206818497878958
"Jefferies, Daulton","Strickland, Hunter",2024,R,2,0.424196767930847
"Jefferies, Daulton","Madden, Ty",2024,R,3,0.43549414807944975
"Jefferies, Daulton","Holmes, Grant",2024,R,4,0.45568052462069764
"Jefferies, Daulton","Lowder, Rhett",2024,R,5,0.4706974313993298
"Jefferies, Daulton","Smith, Drew",2024,R,6,0.49649327973290464
"Jefferies, Daulton","Cannon, Jonathan",2024,R,7,0.4980037562524289
"Jefferies, Daulton","Olson, Reese",2024,R,8,0.536155552327274
"Jefferies, Daulton","Bazardo, Eduard",2024,R,9,0.55891237782241
"Jefferies, Daulton","Sánchez, Sixto",2024,R,10,0.6116353231442168
"Jiménez, Dany","Civale, Aaron",2024,R,1,0.35130521524062946
"Jiménez, Dany","Martinez, Nick",2024,R,2,0.9461587918302452
"Jiménez, Dany","Elder, Bryce",2024,R,3,1.0278715328121848
"Jiménez, Dany","Bielak, Brandon",2024,R,4,1.0449207056673793
"Jiménez, Dany","Walker, Taijuan",2024,R,5,1.102727752642356
"Jiménez, Dany","Gallegos, Giovanny",2024,R,6,1.1184791360347333
"Jiménez, Dany","Poteet, Cody",2024,R,7,1.1579948260773187
"Jiménez, Dany","Kelly, Michael",2024,R,8,1.182048715167968
"Jiménez, Dany","Musgrove, Joe",2024,R,9,1.1849866597122622
"Jiménez, Dany","Maldonado, Anthony",2024,R,10,1.2237545836984123
"Jiménez, Joe","Rodriguez, Grayson",2024,R,1,0.15120985329767367
"Jiménez, Joe","Robertson, Nick",2024,R,2,0.5046935368591197
"Jiménez, Joe","Hodge, Porter",2024,R,3,0.536868360518927
"Jiménez, Joe","López, Pablo",2024,R,4,0.6029668283598894
"Jiménez, Joe","Irvin, Jake",2024,R,5,0.6391432253450848
"Jiménez, Joe","Williams, Devin",2024,R,6,0.7691450792634044
"Jiménez, Joe","Kelly, Zack",2024,R,7,0.7876821513263198
"Jiménez, Joe","Mize, Casey",2024,R,8,0.7941379703934988
"Jiménez, Joe","Megill, Tylor",2024,R,9,0.8281676124598631
"Jiménez, Joe","Bloss, Jake",2024,R,10,0.868639161184959
"Johnson, Pierce","Maldonado, Anthony",2024,R,1,0.2580531935136055
"Johnson, Pierce","Soroka, Michael",2024,R,2,0.40452588886320007
"Johnson, Pierce","Poteet, Cody",2024,R,3,0.4509252666808568
"Johnson, Pierce","Olson, Reese",2024,R,4,0.471911790567706
"Johnson, Pierce","Martinez, Nick",2024,R,5,0.481294382958743
"Johnson, Pierce","Kelly, Michael",2024,R,6,0.48254239440632957
"Johnson, Pierce","Estes, Joey",2024,R,7,0.6756436061218264
"Johnson, Pierce","Faedo, Alex",2024,R,8,0.7076435034946746
"Johnson, Pierce","Holmes, Grant",2024,R,9,0.731516975863236
"Johnson, Pierce","Canning, Griffin",2024,R,10,0.7529105256851196
"Jones, Jared","Barnes, Jacob",2024,R,1,0.33112999921231523
"Jones, Jared","Reid-Foley, Sean",2024,R,2,0.3447077055205211
"Jones, Jared","Pearson, Nate",2024,R,3,0.4247912504477523
"Jones, Jared","Rodríguez, Randy",2024,R,4,0.4399154304343485
"Jones, Jared","Salazar, Eduardo",2024,R,5,0.4992115206124678
"Jones, Jared","Marte, José",2024,R,6,0.5451062112583153
"Jones, Jared","Rodríguez, Yerry",2024,R,7,0.5630950479507576
"Jones, Jared","Leiter, Jack",2024,R,8,0.5645412564950759
"Jones, Jared","Winn, Cole",2024,R,9,0.5776280653852254
"Jones, Jared","Stone, Gavin",2024,R,10,0.6197278049017693
"Joyce, Ben","Kopech, Michael",2024,R,1,1.0680514290182517
"Joyce, Ben","Palencia, Daniel",2024,R,2,1.0855896146086763
"Joyce, Ben","Pop, Zach",2024,R,3,1.3412070695753604
"Joyce, Ben","Vodnik, Victor",2024,R,4,1.3418568004890898
"Joyce, Ben","Domínguez, Seranthony",2024,R,5,1.444729914406247
"Joyce, Ben","Finnegan, Kyle",2024,R,6,1.584572396979641
"Joyce, Ben","Foley, Jason",2024,R,7,1.5886218214842232
"Joyce, Ben","Muñoz, Andrés",2024,R,8,1.6048038655451813
"Joyce, Ben","Burdi, Nick",2024,R,9,1.6800905233669008
"Joyce, Ben","Miller, Mason",2024,R,10,1.6875611339882015
"Junis, Jakob","Houck, Tanner",2024,R,1,0.18703034913691086
"Junis, Jakob","Sánchez, Sixto",2024,R,2,0.26576278188604474
"Junis, Jakob","Aguiar, Julian",2024,R,3,0.430520803832169
"Junis, Jakob","Estes, Joey",2024,R,4,0.44990093318011487
"Junis, Jakob","Englert, Mason",2024,R,5,0.5032792294119246
"Junis, Jakob","Morton, Charlie",2024,R,6,0.5045246040044712
"Junis, Jakob","Bazardo, Eduard",2024,R,7,0.5720425632798721
"Junis, Jakob","Lugo, Seth",2024,R,8,0.5810039435619869
"Junis, Jakob","Farmer, Buck",2024,R,9,0.5907083683021304
"Junis, Jakob","Turnbull, Spencer",2024,R,10,0.6056227634006408
"Kahnle, Tommy","Garabito, Gerson",2024,R,1,0.17923587347869638
"Kahnle, Tommy","Heller, Ben",2024,R,2,0.22488258813189826
"Kahnle, Tommy","Sulser, Cole",2024,R,3,0.3330051221927103
"Kahnle, Tommy","Smith, Burch",2024,R,4,0.34743167182358536
"Kahnle, Tommy","Cecconi, Slade",2024,R,5,0.35231822384862044
"Kahnle, Tommy","Bowman, Matt",2024,R,6,0.3621178434514177
"Kahnle, Tommy","McGreevy, Michael",2024,R,7,0.3642537781129636
"Kahnle, Tommy","Rea, Colin",2024,R,8,0.3981682413015399
"Kahnle, Tommy","Brebbia, John",2024,R,9,0.4114851358680235
"Kahnle, Tommy","Warren, Will",2024,R,10,0.41773707537941507
"Keller, Brad","Sborz, Josh",2024,R,1,0.3367142581266515
"Keller, Brad","Anderson, Nick",2024,R,2,0.4426156383413986
"Keller, Brad","Honeywell, Brent",2024,R,3,0.4773274400023387
"Keller, Brad","Brooks, Aaron",2024,R,4,0.5174966847442838
"Keller, Brad","Avila, Nick",2024,R,5,0.6131549086443997
"Keller, Brad","Chirinos, Yonny",2024,R,6,0.6298356454725805
"Keller, Brad","Molina, Anthony",2024,R,7,0.6420116077923992
"Keller, Brad","Mazur, Adam",2024,R,8,0.6758230297362203
"Keller, Brad","Neris, Héctor",2024,R,9,0.6800054483750085
"Keller, Brad","Pinto, Ricardo",2024,R,10,0.7148702120623397
"Keller, Mitch","Dubin, Shawn",2024,R,1,0.09230973859401219
"Keller, Mitch","López, Reynaldo",2024,R,2,0.20234666061769804
"Keller, Mitch","Rodríguez, Yariel",2024,R,3,0.2946271051368363
"Keller, Mitch","Hicks, Jordan",2024,R,4,0.3380392375268267
"Keller, Mitch","Berríos, José",2024,R,5,0.3437798114028146
"Keller, Mitch","Holderman, Colin",2024,R,6,0.408799441162643
"Keller, Mitch","Fulmer, Carson",2024,R,7,0.43592494771566603
"Keller, Mitch","Sauer, Matt",2024,R,8,0.45745138884705616
"Keller, Mitch","Leone, Dominic",2024,R,9,0.4719017122694156
"Keller, Mitch","Wilson, Bryse",2024,R,10,0.4844553048195158
"Kelly, Joe","Montero, Rafael",2024,R,1,0.3924595547234872
"Kelly, Joe","Cano, Yennier",2024,R,2,0.4940279852381179
"Kelly, Joe","Santillan, Tony",2024,R,3,0.6260937954479504
"Kelly, Joe","Burdi, Nick",2024,R,4,0.6569778592812375
"Kelly, Joe","Doval, Camilo",2024,R,5,0.6731722998600532
"Kelly, Joe","Vest, Will",2024,R,6,0.6861492790318386
"Kelly, Joe","Hanifee, Brenan",2024,R,7,0.7768976967607176
"Kelly, Joe","Kolek, Stephen",2024,R,8,0.8605349610504425
"Kelly, Joe","Stewart, Brock",2024,R,9,0.9155390467356436
"Kelly, Joe","Cisnero, José",2024,R,10,0.987696302406276
"Kelly, Kevin","Martinez, Seth",2024,R,1,1.601692465674947
"Kelly, Kevin","Thompson, Ryan",2024,R,2,1.6019764256248716
"Kelly, Kevin","Miller, Tyson",2024,R,3,2.074015774639317
"Kelly, Kevin","Schreiber, John",2024,R,4,2.2655616867043404
"Kelly, Kevin","Jacob, Alek",2024,R,5,2.2993168615778217
"Kelly, Kevin","Sandlin, Nick",2024,R,6,2.363650154222384
"Kelly, Kevin","Díaz, Alexis",2024,R,7,2.4873605933146785
"Kelly, Kevin","Anderson, Grant",2024,R,8,2.490269777666109
"Kelly, Kevin","Arrighetti, Spencer",2024,R,9,2.5953705056707372
"Kelly, Kevin","Nola, Aaron",2024,R,10,2.616404628611413
"Kelly, Merrill","Bender, Anthony",2024,R,1,0.395386249678323
"Kelly, Merrill","Marsh, Alec",2024,R,2,0.4044488421094327
"Kelly, Merrill","Schmidt, Clarke",2024,R,3,0.4093797692188509
"Kelly, Merrill","Smith, Drew",2024,R,4,0.4792915736211653
"Kelly, Merrill","Bird, Jake",2024,R,5,0.4983781247472255
"Kelly, Merrill","Lowder, Rhett",2024,R,6,0.5012195796195068
"Kelly, Merrill","Aguiar, Julian",2024,R,7,0.5260965180228883
"Kelly, Merrill","Englert, Mason",2024,R,8,0.5366451823450762
"Kelly, Merrill","Ramírez, Erasmo",2024,R,9,0.5686626663990714
"Kelly, Merrill","Cobb, Alex",2024,R,10,0.6332838920868493
"Kelly, Michael","Poteet, Cody",2024,R,1,0.35483769561174006
"Kelly, Michael","Maldonado, Anthony",2024,R,2,0.4238095606443165
"Kelly, Michael","Martinez, Nick",2024,R,3,0.424774996502687
"Kelly, Michael","Johnson, Pierce",2024,R,4,0.48254239440632957
"Kelly, Michael","Knack, Landon",2024,R,5,0.6055497700918296
"Kelly, Michael","Estes, Joey",2024,R,6,0.6295090548013449
"Kelly, Michael","Crawford, Kutter",2024,R,7,0.6477475000886062
"Kelly, Michael","Casparius, Ben",2024,R,8,0.6875744095294694
"Kelly, Michael","Canning, Griffin",2024,R,9,0.7013210537758309
"Kelly, Michael","Bazardo, Eduard",2024,R,10,0.7170741028287608
"Kelly, Zack","Ramírez, Yohan",2024,R,1,0.5930724413535086
"Kelly, Zack","Scott, Christian",2024,R,2,0.6222478295713002
"Kelly, Zack","Robertson, Nick",2024,R,3,0.6742227588801569
"Kelly, Zack","Bloss, Jake",2024,R,4,0.7152057118056643
"Kelly, Zack","Schwellenbach, Spencer",2024,R,5,0.7477259660635575
"Kelly, Zack","Irvin, Jake",2024,R,6,0.7706512329913097
"Kelly, Zack","Jiménez, Joe",2024,R,7,0.7876821513263198
"Kelly, Zack","Rodriguez, Grayson",2024,R,8,0.7898585478894332
"Kelly, Zack","Williams, Devin",2024,R,9,0.7964464469822609
"Kelly, Zack","Manoah, Alek",2024,R,10,0.8935804275317702
"Kerkering, Orion","Miller, Bryce",2024,R,1,0.2791503399945469
"Kerkering, Orion","Marte, Yunior",2024,R,2,0.3222767267520625
"Kerkering, Orion","Iglesias, Raisel",2024,R,3,0.3444648843509459
"Kerkering, Orion","Garrett, Reed",2024,R,4,0.3862071834746362
"Kerkering, Orion","Hernández, Jonathan",2024,R,5,0.45379280430119384
"Kerkering, Orion","López, Jorge",2024,R,6,0.462331949990095
"Kerkering, Orion","De Los Santos, Enyel",2024,R,7,0.4670040391579783
"Kerkering, Orion","Hancock, Emerson",2024,R,8,0.4674871428883136
"Kerkering, Orion","Muñoz, Roddery",2024,R,9,0.48776071479925254
"Kerkering, Orion","Lange, Alex",2024,R,10,0.5194867049405512
"Kimbrel, Craig","Ryan, Joe",2024,R,1,0.2594068728518883
"Kimbrel, Craig","Ortiz, Luis",2024,R,2,0.7661994592616156
"Kimbrel, Craig","Castro, Miguel",2024,R,3,0.8508517388962228
"Kimbrel, Craig","Scott, Christian",2024,R,4,0.9059437080950515
"Kimbrel, Craig","Black, Mason",2024,R,5,0.9186476861165982
"Kimbrel, Craig","Mlodzinski, Carmen",2024,R,6,1.0531992880975865
"Kimbrel, Craig","Paredes, Enoli",2024,R,7,1.0622722182844955
"Kimbrel, Craig","Peralta, Freddy",2024,R,8,1.0682155970810683
"Kimbrel, Craig","Webb, Logan",2024,R,9,1.0983502128002165
"Kimbrel, Craig","Woo, Bryan",2024,R,10,1.1342136522449402
"King, Michael","Payamps, Joel",2024,R,1,0.4986230509985467
"King, Michael","Lowder, Rhett",2024,R,2,0.546171208077855
"King, Michael","Madden, Ty",2024,R,3,0.5619061961087726
"King, Michael","Snider, Collin",2024,R,4,0.5875479035952753
"King, Michael","Smith, Drew",2024,R,5,0.5877197237224603
"King, Michael","Webb, Jacob",2024,R,6,0.6385076412395168
"King, Michael","Buttó, José",2024,R,7,0.645871986027445
"King, Michael","Ramírez, Erasmo",2024,R,8,0.649687201537156
"King, Michael","Thompson, Keegan",2024,R,9,0.6523639703557119
"King, Michael","Jefferies, Daulton",2024,R,10,0.6606942733792831
"Kinley, Tyler","Ashcraft, Graham",2024,R,1,0.6737634341618601
"Kinley, Tyler","Faucher, Calvin",2024,R,2,0.930396359664686
"Kinley, Tyler","Holmes, Clay",2024,R,3,0.9842165423150482
"Kinley, Tyler","Ruiz, José",2024,R,4,1.2262800731750996
"Kinley, Tyler","Treinen, Blake",2024,R,5,1.298092730832708
"Kinley, Tyler","Bielak, Brandon",2024,R,6,1.3128676483508608
"Kinley, Tyler","Casparius, Ben",2024,R,7,1.3256414973064954
"Kinley, Tyler","McGough, Scott",2024,R,8,1.337947201322572
"Kinley, Tyler","Senzatela, Antonio",2024,R,9,1.3614543199124345
"Kinley, Tyler","Leclerc, José",2024,R,10,1.3765103787983641
"Kirby, George","Bednar, David",2024,R,1,0.09122238466528827
"Kirby, George","Armstrong, Shawn",2024,R,2,0.173880395033312
"Kirby, George","Kittredge, Andrew",2024,R,3,0.3230308267949591
"Kirby, George","Pallante, Andre",2024,R,4,0.3309445014947244
"Kirby, George","Winckowski, Josh",2024,R,5,0.3989796455473043
"Kirby, George","Zeferjahn, Ryan",2024,R,6,0.4003662621778904
"Kirby, George","Abreu, Bryan",2024,R,7,0.44842184311334665
"Kirby, George","Weems, Jordan",2024,R,8,0.4512954083821494
"Kirby, George","Rodríguez, Yerry",2024,R,9,0.4795771033778478
"Kirby, George","Green, Chad",2024,R,10,0.48655063429944184
"Kittredge, Andrew","Rodríguez, Yerry",2024,R,1,0.22688720233228182
"Kittredge, Andrew","Armstrong, Shawn",2024,R,2,0.26036014649717854
"Kittredge, Andrew","Kirby, George",2024,R,3,0.3230308267949591
"Kittredge, Andrew","Stone, Gavin",2024,R,4,0.33834511843235865
"Kittredge, Andrew","Bednar, David",2024,R,5,0.3493984433321398
"Kittredge, Andrew","Baz, Shane",2024,R,6,0.3631306472391265
"Kittredge, Andrew","Ross, Joe",2024,R,7,0.3884009781087741
"Kittredge, Andrew","Gray, Jon",2024,R,8,0.39072502711203927
"Kittredge, Andrew","Pagán, Emilio",2024,R,9,0.3979867006109433
"Kittredge, Andrew","Abreu, Bryan",2024,R,10,0.4227819294926985
"Knack, Landon","Sims, Lucas",2024,R,1,0.4120049569061861
"Knack, Landon","Lorenzen, Michael",2024,R,2,0.5295400621895126
"Knack, Landon","Kelly, Michael",2024,R,3,0.6055497700918296
"Knack, Landon","Farmer, Buck",2024,R,4,0.6475195354533843
"Knack, Landon","Canning, Griffin",2024,R,5,0.6702641525131435
"Knack, Landon","Anderson, Chase",2024,R,6,0.6743197364984146
"Knack, Landon","Bazardo, Eduard",2024,R,7,0.6995996359780496
"Knack, Landon","Casparius, Ben",2024,R,8,0.7180316100256979
"Knack, Landon","McGough, Scott",2024,R,9,0.7764686050514532
"Knack, Landon","Estes, Joey",2024,R,10,0.7836876297822482
"Kochanowicz, Jack","Greene, Hunter",2024,R,1,0.3017110252617763
"Kochanowicz, Jack","Erceg, Lucas",2024,R,2,0.31391025675425915
"Kochanowicz, Jack","Harvey, Hunter",2024,R,3,0.38359967513058796
"Kochanowicz, Jack","Zuñiga, Guillo",2024,R,4,0.39071523830797583
"Kochanowicz, Jack","Ort, Kaleb",2024,R,5,0.4024892728369655
"Kochanowicz, Jack","Estévez, Carlos",2024,R,6,0.411559274228173
"Kochanowicz, Jack","Weems, Jordan",2024,R,7,0.4280192634156983
"Kochanowicz, Jack","Rasmussen, Drew",2024,R,8,0.42984606796272534
"Kochanowicz, Jack","Severino, Luis",2024,R,9,0.44625461734719984
"Kochanowicz, Jack","Skenes, Paul",2024,R,10,0.5427462686729518
"Kolek, Stephen","Stewart, Brock",2024,R,1,0.26300379455510786
"Kolek, Stephen","Núñez, Dedniel",2024,R,2,0.3085069400333367
"Kolek, Stephen","Varland, Gus",2024,R,3,0.34755626411893775
"Kolek, Stephen","Hernández, Jonathan",2024,R,4,0.438816986620517
"Kolek, Stephen","Henriquez, Ronny",2024,R,5,0.4952321583968313
"Kolek, Stephen","Doval, Camilo",2024,R,6,0.5334559352492344
"Kolek, Stephen","Burdi, Nick",2024,R,7,0.5549225505139642
"Kolek, Stephen","Otañez, Michel",2024,R,8,0.5608756345722
"Kolek, Stephen","Phillips, Evan",2024,R,9,0.581852366344454
"Kolek, Stephen","Ryan, River",2024,R,10,0.5837626333417252
"Kopech, Michael","Miller, Mason",2024,R,1,0.7352755881416044
"Kopech, Michael","Palencia, Daniel",2024,R,2,0.8258906246101815
"Kopech, Michael","Joyce, Ben",2024,R,3,1.0680514290182517
"Kopech, Michael","Finnegan, Kyle",2024,R,4,1.0892194846315595
"Kopech, Michael","Foley, Jason",2024,R,5,1.1348500329517772
"Kopech, Michael","Vieira, Thyago",2024,R,6,1.1599216622096213
"Kopech, Michael","Rasmussen, Drew",2024,R,7,1.1936959789990929
"Kopech, Michael","Uribe, Abner",2024,R,8,1.2575454545052365
"Kopech, Michael","Peguero, Elvis",2024,R,9,1.2928109570135327
"Kopech, Michael","Vodnik, Victor",2024,R,10,1.2983262353856775
"Kremer, Dean","Neris, Héctor",2024,R,1,0.30172863850155335
"Kremer, Dean","Faedo, Alex",2024,R,2,0.31437727364094814
"Kremer, Dean","Pinto, Ricardo",2024,R,3,0.3963429768064781
"Kremer, Dean","Brewer, Colten",2024,R,4,0.42473245216013106
"Kremer, Dean","Blackburn, Paul",2024,R,5,0.4391509388270765
"Kremer, Dean","Avila, Nick",2024,R,6,0.46901999842819364
"Kremer, Dean","Vásquez, Randy",2024,R,7,0.5274765863917057
"Kremer, Dean","Curry, Xzavion",2024,R,8,0.5492428495571984
"Kremer, Dean","Brooks, Aaron",2024,R,9,0.5523951075432637
"Kremer, Dean","Gordon, Tanner",2024,R,10,0.5537071840898883
"Kuhl, Chad","Peralta, Freddy",2024,R,1,0.43901591556145336
"Kuhl, Chad","Hernández, Elieser",2024,R,2,0.4804044277249108
"Kuhl, Chad","Teng, Kai-Wei",2024,R,3,0.5110977517134234
"Kuhl, Chad","García, Deivi",2024,R,4,0.5541012074110123
"Kuhl, Chad","Eovaldi, Nathan",2024,R,5,0.5632018287807228
"Kuhl, Chad","Woodford, Jake",2024,R,6,0.5733337093223432
"Kuhl, Chad","Mahle, Tyler",2024,R,7,0.5798912935969889
"Kuhl, Chad","Marinaccio, Ron",2024,R,8,0.5931521344193357
"Kuhl, Chad","Soriano, George",2024,R,9,0.6032427682047553
"Kuhl, Chad","Bolton, Cody",2024,R,10,0.6157759859596224
"Lambert, Peter","Merryweather, Julian",2024,R,1,0.16244018683021968
"Lambert, Peter","Dana, Caden",2024,R,2,0.21063810157902133
"Lambert, Peter","White, Mitch",2024,R,3,0.23235267107040058
"Lambert, Peter","Fitts, Richard",2024,R,4,0.37676987953581814
"Lambert, Peter","Adam, Jason",2024,R,5,0.4079420957088765
"Lambert, Peter","Priester, Quinn",2024,R,6,0.41832379607011694
"Lambert, Peter","Martin, Davis",2024,R,7,0.4526461836833192
"Lambert, Peter","Contreras, Roansy",2024,R,8,0.4546454865697199
"Lambert, Peter","Bivens, Spencer",2024,R,9,0.46388380478156593
"Lambert, Peter","Sauer, Matt",2024,R,10,0.4752735158389252
"Lange, Alex","Fernandez, Ryan",2024,R,1,0.1254353340560274
"Lange, Alex","López, Jorge",2024,R,2,0.16200633771692624
"Lange, Alex","Abreu, Bryan",2024,R,3,0.2666414434799439
"Lange, Alex","Zeferjahn, Ryan",2024,R,4,0.3021657077242237
"Lange, Alex","Bido, Osvaldo",2024,R,5,0.35881795720203413
"Lange, Alex","Leone, Dominic",2024,R,6,0.3770366345831492
"Lange, Alex","Hancock, Emerson",2024,R,7,0.45566541408552175
"Lange, Alex","Matthews, Zebby",2024,R,8,0.46492873470591395
"Lange, Alex","Baz, Shane",2024,R,9,0.5062919102403786
"Lange, Alex","Miller, Bryce",2024,R,10,0.5090071601658415
"Law, Derek","Baker, Bryan",2024,R,1,0.17779529188436827
"Law, Derek","Frías, Luis",2024,R,2,0.34162252879303584
"Law, Derek","Birdsong, Hayden",2024,R,3,0.3842091929884517
"Law, Derek","Bradish, Kyle",2024,R,4,0.4211550207661591
"Law, Derek","Alzolay, Adbert",2024,R,5,0.4990111720670298
"Law, Derek","Hjelle, Sean",2024,R,6,0.5673055440620842
"Law, Derek","Quantrill, Cal",2024,R,7,0.7217526609232209
"Law, Derek","Suárez, Albert",2024,R,8,0.8100762217611441
"Law, Derek","Molina, Anthony",2024,R,9,0.8194206025406443
"Law, Derek","Adam, Jason",2024,R,10,0.8554066609168219
"Lawrence, Justin","Schreiber, John",2024,R,1,0.790015122707573
"Lawrence, Justin","Uceta, Edwin",2024,R,2,0.8483031913589951
"Lawrence, Justin","Anderson, Grant",2024,R,3,0.9170451611346518
"Lawrence, Justin","Sewald, Paul",2024,R,4,0.9319467660702885
"Lawrence, Justin","Cuas, Jose",2024,R,5,1.0567061873233763
"Lawrence, Justin","Miller, Ryan",2024,R,6,1.0701041893052081
"Lawrence, Justin","Festa, Matt",2024,R,7,1.1766531005014211
"Lawrence, Justin","Weissert, Greg",2024,R,8,1.2411828975035004
"Lawrence, Justin","Ryan, Joe",2024,R,9,1.429893170115764
"Lawrence, Justin","Paredes, Enoli",2024,R,10,1.477668765871986
"Lazar, Max","Grove, Michael",2024,R,1,0.23029306757556794
"Lazar, Max","Wesneski, Hayden",2024,R,2,0.5556972434460448
"Lazar, Max","Brasier, Ryan",2024,R,3,0.6239310955814175
"Lazar, Max","Houser, Adrian",2024,R,4,0.7174773794447146
"Lazar, Max","Swanson, Erik",2024,R,5,0.7420478955466641
"Lazar, Max","Mize, Casey",2024,R,6,0.742810425794299
"Lazar, Max","Miller, Bobby",2024,R,7,0.7579728458352429
"Lazar, Max","Leahy, Kyle",2024,R,8,0.7928342796658252
"Lazar, Max","Slaten, Justin",2024,R,9,0.860029297929729
"Lazar, Max","Fedde, Erick",2024,R,10,0.8780360675056631
"Leahy, Kyle","Leasure, Jordan",2024,R,1,0.538534398813887
"Leahy, Kyle","Megill, Tylor",2024,R,2,0.6011691241778313
"Leahy, Kyle","López, Pablo",2024,R,3,0.6357545511362508
"Leahy, Kyle","Rocker, Kumar",2024,R,4,0.6882760907059559
"Leahy, Kyle","Holman, Grant",2024,R,5,0.6959107931972219
"Leahy, Kyle","Mize, Casey",2024,R,6,0.7068667610604219
"Leahy, Kyle","Brasier, Ryan",2024,R,7,0.7138681400189256
"Leahy, Kyle","Miller, Bobby",2024,R,8,0.7486411947619278
"Leahy, Kyle","Lazar, Max",2024,R,9,0.7928342796658252
"Leahy, Kyle","Marte, José",2024,R,10,0.8154755518836595
"Leasure, Jordan","Miller, Bobby",2024,R,1,0.4164900209500699
"Leasure, Jordan","Hernández, Carlos",2024,R,2,0.5269247541181311
"Leasure, Jordan","Leahy, Kyle",2024,R,3,0.538534398813887
"Leasure, Jordan","Barnes, Jacob",2024,R,4,0.5555454037031978
"Leasure, Jordan","Mears, Nick",2024,R,5,0.5566045354642957
"Leasure, Jordan","Brasier, Ryan",2024,R,6,0.5874235206662327
"Leasure, Jordan","Nelson, Ryne",2024,R,7,0.5889116936280906
"Leasure, Jordan","Estrada, Jeremiah",2024,R,8,0.6240648570336328
"Leasure, Jordan","Leiter, Jack",2024,R,9,0.6563927326402489
"Leasure, Jordan","Rocker, Kumar",2024,R,10,0.662909501209606
"Leclerc, José","Davis, Noah",2024,R,1,0.4671506008885856
"Leclerc, José","Lorenzen, Michael",2024,R,2,0.8096156037844839
"Leclerc, José","Sands, Cole",2024,R,3,0.8118139589399198
"Leclerc, José","McGough, Scott",2024,R,4,0.8276563736122132
"Leclerc, José","Sims, Lucas",2024,R,5,0.8354478579079648
"Leclerc, José","Treinen, Blake",2024,R,6,0.8425519597654366
"Leclerc, José","Bielak, Brandon",2024,R,7,0.8576023779911711
"Leclerc, José","Canning, Griffin",2024,R,8,0.9057074690248293
"Leclerc, José","Casparius, Ben",2024,R,9,0.926478056272654
"Leclerc, José","Faucher, Calvin",2024,R,10,0.9328521153553119
"Leiter Jr., Mark","Waldron, Matt",2024,R,1,0.8126219146130814
"Leiter Jr., Mark","Daniel, Davis",2024,R,2,0.8579477036541677
"Leiter Jr., Mark","Tyler, Kyle",2024,R,3,0.9382518862087186
"Leiter Jr., Mark","Thorpe, Drew",2024,R,4,0.938994947610864
"Leiter Jr., Mark","France, J.P.",2024,R,5,0.9566464073850407
"Leiter Jr., Mark","Francis, Bowden",2024,R,6,0.9855426216676356
"Leiter Jr., Mark","Eflin, Zach",2024,R,7,1.0320277620331342
"Leiter Jr., Mark","Bassitt, Chris",2024,R,8,1.042860469176542
"Leiter Jr., Mark","Voth, Austin",2024,R,9,1.0622604679208545
"Leiter Jr., Mark","Darvish, Yu",2024,R,10,1.0629032132808887
"Leiter, Jack","Ross, Joe",2024,R,1,0.19399170677049807
"Leiter, Jack","Rodríguez, Yerry",2024,R,2,0.3209289122625794
"Leiter, Jack","Pagán, Emilio",2024,R,3,0.32644156155179244
"Leiter, Jack","Winn, Cole",2024,R,4,0.3571250690877454
"Leiter, Jack","Pearson, Nate",2024,R,5,0.3892914266137159
"Leiter, Jack","Marte, José",2024,R,6,0.38974898244934236
"Leiter, Jack","Rocker, Kumar",2024,R,7,0.4078890541268415
"Leiter, Jack","Anderson, Justin",2024,R,8,0.4321760406110285
"Leiter, Jack","Kittredge, Andrew",2024,R,9,0.46325241397822003
"Leiter, Jack","Salazar, Eduardo",2024,R,10,0.4642488174248906
"Leone, Dominic","Abreu, Bryan",2024,R,1,0.20803580706397465
"Leone, Dominic","Robertson, David",2024,R,2,0.2655151152658763
"Leone, Dominic","Fernandez, Ryan",2024,R,3,0.3714019311607688
"Leone, Dominic","Lange, Alex",2024,R,4,0.3770366345831492
"Leone, Dominic","Gausman, Kevin",2024,R,5,0.3855107229651129
"Leone, Dominic","Zeferjahn, Ryan",2024,R,6,0.3897401614095791
"Leone, Dominic","Dubin, Shawn",2024,R,7,0.4176374264467542
"Leone, Dominic","Matthews, Zebby",2024,R,8,0.43080012363208675
"Leone, Dominic","López, Reynaldo",2024,R,9,0.44490736651145874
"Leone, Dominic","Wilson, Bryse",2024,R,10,0.4535136677175138
"Littell, Zack","Crawford, Kutter",2024,R,1,0.5294523824413698
"Littell, Zack","Curry, Xzavion",2024,R,2,0.575946133209982
"Littell, Zack","Pinto, Ricardo",2024,R,3,0.5952497167410554
"Littell, Zack","Neris, Héctor",2024,R,4,0.6399561204956652
"Littell, Zack","Nance, Tommy",2024,R,5,0.6553537051719384
"Littell, Zack","Musgrove, Joe",2024,R,6,0.6764560717556574
"Littell, Zack","Honeywell, Brent",2024,R,7,0.6838353370108042
"Littell, Zack","Plesac, Zach",2024,R,8,0.6906944595050919
"Littell, Zack","Pressly, Ryan",2024,R,9,0.759771728993637
"Littell, Zack","Avila, Nick",2024,R,10,0.7823162425318719
"Lively, Ben","Nola, Aaron",2024,R,1,0.5165551856870163
"Lively, Ben","Dunning, Dane",2024,R,2,0.6606779601706892
"Lively, Ben","Gómez, Yoendrys",2024,R,3,0.6684985079741824
"Lively, Ben","Singer, Brady",2024,R,4,0.6710128986344768
"Lively, Ben","Ottavino, Adam",2024,R,5,0.7951676208476035
"Lively, Ben","Arrighetti, Spencer",2024,R,6,0.8130593850716791
"Lively, Ben","McCaughan, Darren",2024,R,7,0.8763000117867764
"Lively, Ben","Daniel, Davis",2024,R,8,0.8990909340993735
"Lively, Ben","Wilson, Steven",2024,R,9,0.9124137395139373
"Lively, Ben","Toussaint, Touki",2024,R,10,0.9332521980482933
"Lorenzen, Michael","Canning, Griffin",2024,R,1,0.2727911799374387
"Lorenzen, Michael","McGough, Scott",2024,R,2,0.4484743547218105
"Lorenzen, Michael","Bazardo, Eduard",2024,R,3,0.4558266708860497
"Lorenzen, Michael","Díaz, Yilber",2024,R,4,0.5029157849553905
"Lorenzen, Michael","Casparius, Ben",2024,R,5,0.5258609683935735
"Lorenzen, Michael","Knack, Landon",2024,R,6,0.5295400621895126
"Lorenzen, Michael","Sims, Lucas",2024,R,7,0.5315787359475803
"Lorenzen, Michael","Holmes, Grant",2024,R,8,0.5597935357257416
"Lorenzen, Michael","Aguiar, Julian",2024,R,9,0.748616734147458
"Lorenzen, Michael","Smith, Drew",2024,R,10,0.75029327685033
"Lowder, Rhett","Madden, Ty",2024,R,1,0.15113110829112797
"Lowder, Rhett","Smith, Drew",2024,R,2,0.21315217156582333
"Lowder, Rhett","Marsh, Alec",2024,R,3,0.2625358371912021
"Lowder, Rhett","Cannon, Jonathan",2024,R,4,0.2921726257495273
"Lowder, Rhett","Thompson, Keegan",2024,R,5,0.30690811894314324
"Lowder, Rhett","Payamps, Joel",2024,R,6,0.34066947415470816
"Lowder, Rhett","Jefferies, Daulton",2024,R,7,0.4706974313993298
"Lowder, Rhett","Schmidt, Clarke",2024,R,8,0.47670048694215156
"Lowder, Rhett","Kelly, Merrill",2024,R,9,0.5012195796195068
"Lowder, Rhett","Englert, Mason",2024,R,10,0.5103273482242425
"Lugo, Seth","Germán, Domingo",2024,R,1,0.36621627937926865
"Lugo, Seth","Farmer, Buck",2024,R,2,0.46221899760865226
"Lugo, Seth","Junis, Jakob",2024,R,3,0.5810039435619869
"Lugo, Seth","Houck, Tanner",2024,R,4,0.6176588223173936
"Lugo, Seth","Aguiar, Julian",2024,R,5,0.6739331322449298
"Lugo, Seth","Englert, Mason",2024,R,6,0.6774006430070026
"Lugo, Seth","Turnbull, Spencer",2024,R,7,0.6886868019046357
"Lugo, Seth","Morton, Charlie",2024,R,8,0.7341200473225155
"Lugo, Seth","Anderson, Chase",2024,R,9,0.7497499737721314
"Lugo, Seth","Sims, Lucas",2024,R,10,0.7820505449563991
"Lynn, Lance","Fulmer, Carson",2024,R,1,0.399232254146374
"Lynn, Lance","Oller, Adam",2024,R,2,0.44264786435992326
"Lynn, Lance","Criswell, Jeff",2024,R,3,0.4749605234685663
"Lynn, Lance","Wilson, Bryse",2024,R,4,0.4823917084760898
"Lynn, Lance","Bolton, Cody",2024,R,5,0.5295388616462583
"Lynn, Lance","Eovaldi, Nathan",2024,R,6,0.572527681757586
"Lynn, Lance","Payamps, Joel",2024,R,7,0.5727485881298188
"Lynn, Lance","Robertson, David",2024,R,8,0.6389109745600392
"Lynn, Lance","Berríos, José",2024,R,9,0.6639708642089568
"Lynn, Lance","Gausman, Kevin",2024,R,10,0.6656808189989198
"López, Jorge","Lange, Alex",2024,R,1,0.16200633771692624
"López, Jorge","Fernandez, Ryan",2024,R,2,0.26010427769289607
"López, Jorge","Zeferjahn, Ryan",2024,R,3,0.34438834330528184
"López, Jorge","Abreu, Bryan",2024,R,4,0.35424303027494164
"López, Jorge","Bido, Osvaldo",2024,R,5,0.4387265802517855
"López, Jorge","Miller, Bryce",2024,R,6,0.4489675043085559
"López, Jorge","Kerkering, Orion",2024,R,7,0.462331949990095
"López, Jorge","Baz, Shane",2024,R,8,0.4673898826023466
"López, Jorge","Chivilli, Angel",2024,R,9,0.4819324170878703
"López, Jorge","Hancock, Emerson",2024,R,10,0.4872726882367477
"López, Pablo","Mize, Casey",2024,R,1,0.39445837324206756
"López, Pablo","Rodriguez, Grayson",2024,R,2,0.5107122646233977
"López, Pablo","Irvin, Jake",2024,R,3,0.5798541253799973
"López, Pablo","Jiménez, Joe",2024,R,4,0.6029668283598894
"López, Pablo","Robertson, Nick",2024,R,5,0.622436621169005
"López, Pablo","Leahy, Kyle",2024,R,6,0.6357545511362508
"López, Pablo","Rocker, Kumar",2024,R,7,0.6597503697978611
"López, Pablo","Hodge, Porter",2024,R,8,0.6803205926214204
"López, Pablo","Williams, Devin",2024,R,9,0.7081054838321209
"López, Pablo","Miller, Shelby",2024,R,10,0.7111944306967838
"López, Reynaldo","Dubin, Shawn",2024,R,1,0.1415097587341783
"López, Reynaldo","Keller, Mitch",2024,R,2,0.20234666061769804
"López, Reynaldo","Sauer, Matt",2024,R,3,0.2678839503806675
"López, Reynaldo","Rodríguez, Yariel",2024,R,4,0.3167166485107256
"López, Reynaldo","Baz, Shane",2024,R,5,0.3481214934916227
"López, Reynaldo","Matthews, Zebby",2024,R,6,0.42572225037667555
"López, Reynaldo","Leone, Dominic",2024,R,7,0.44490736651145874
"López, Reynaldo","Bivens, Spencer",2024,R,8,0.4506124021655207
"López, Reynaldo","Hicks, Jordan",2024,R,9,0.46160065160441155
"López, Reynaldo","Holderman, Colin",2024,R,10,0.4712205831757358
"Madden, Ty","Lowder, Rhett",2024,R,1,0.15113110829112797
"Madden, Ty","Thompson, Keegan",2024,R,2,0.19654546136391504
"Madden, Ty","Smith, Drew",2024,R,3,0.28001266653950513
"Madden, Ty","Cannon, Jonathan",2024,R,4,0.2814339055323993
"Madden, Ty","Payamps, Joel",2024,R,5,0.3227769427003411
"Madden, Ty","Marsh, Alec",2024,R,6,0.3763344609491355
"Madden, Ty","Jefferies, Daulton",2024,R,7,0.43549414807944975
"Madden, Ty","Vásquez, Randy",2024,R,8,0.50125597829013
"Madden, Ty","Fulmer, Carson",2024,R,9,0.5575386809224394
"Madden, Ty","King, Michael",2024,R,10,0.5619061961087726
"Maeda, Kenta","Javier, Cristian",2024,R,1,0.6170796228378197
"Maeda, Kenta","France, J.P.",2024,R,2,0.6734371771534584
"Maeda, Kenta","Voth, Austin",2024,R,3,0.6855449111811832
"Maeda, Kenta","Germán, Domingo",2024,R,4,0.7050159976662598
"Maeda, Kenta","Anderson, Chase",2024,R,5,0.881871601683175
"Maeda, Kenta","Vines, Darius",2024,R,6,0.8824718163984938
"Maeda, Kenta","Estes, Joey",2024,R,7,0.9050562893310289
"Maeda, Kenta","Junis, Jakob",2024,R,8,0.9249269834548461
"Maeda, Kenta","Scherzer, Max",2024,R,9,0.9900957266476013
"Maeda, Kenta","Morton, Charlie",2024,R,10,0.9942775658860361
"Mahle, Tyler","Rea, Colin",2024,R,1,0.21518716263543247
"Mahle, Tyler","Teng, Kai-Wei",2024,R,2,0.2224029821516762
"Mahle, Tyler","García, Deivi",2024,R,3,0.3340892463561561
"Mahle, Tyler","Cecconi, Slade",2024,R,4,0.3607469452625982
"Mahle, Tyler","Heller, Ben",2024,R,5,0.4237328266510243
"Mahle, Tyler","Hicks, Jordan",2024,R,6,0.43827670022940796
"Mahle, Tyler","Berríos, José",2024,R,7,0.4532359962671314
"Mahle, Tyler","Garabito, Gerson",2024,R,8,0.46035486062315367
"Mahle, Tyler","Spiers, Carson",2024,R,9,0.4952215304955547
"Mahle, Tyler","Hernández, Elieser",2024,R,10,0.5037783091797934
"Maldonado, Anthony","Johnson, Pierce",2024,R,1,0.2580531935136055
"Maldonado, Anthony","Poteet, Cody",2024,R,2,0.2652356969725597
"Maldonado, Anthony","Martinez, Nick",2024,R,3,0.3536438227618547
"Maldonado, Anthony","Kelly, Michael",2024,R,4,0.4238095606443165
"Maldonado, Anthony","Soroka, Michael",2024,R,5,0.5969795108366992
"Maldonado, Anthony","Walker, Taijuan",2024,R,6,0.6285493552092605
"Maldonado, Anthony","Olson, Reese",2024,R,7,0.6821981617810225
"Maldonado, Anthony","Musgrove, Joe",2024,R,8,0.752409747293395
"Maldonado, Anthony","McGough, Scott",2024,R,9,0.7631517718065479
"Maldonado, Anthony","Brooks, Aaron",2024,R,10,0.7633053249110802
"Manning, Matt","Rea, Colin",2024,R,1,0.47815572716911997
"Manning, Matt","Pfaadt, Brandon",2024,R,2,0.49298294511231416
"Manning, Matt","Cecconi, Slade",2024,R,3,0.49770798074524814
"Manning, Matt","Teng, Kai-Wei",2024,R,4,0.5168560281625447
"Manning, Matt","Heller, Ben",2024,R,5,0.5181385019359966
"Manning, Matt","Smith, Burch",2024,R,6,0.518978091043354
"Manning, Matt","Ginn, J.T.",2024,R,7,0.5262102408056277
"Manning, Matt","Kahnle, Tommy",2024,R,8,0.5293364393888736
"Manning, Matt","Spiers, Carson",2024,R,9,0.5857527020714042
"Manning, Matt","Warren, Will",2024,R,10,0.5887310215559248
"Manoah, Alek","Bloss, Jake",2024,R,1,0.2718910588150587
"Manoah, Alek","Irvin, Jake",2024,R,2,0.3483913188099391
"Manoah, Alek","McGreevy, Michael",2024,R,3,0.4931385169128823
"Manoah, Alek","McArthur, James",2024,R,4,0.5043375142828926
"Manoah, Alek","Burke, Sean",2024,R,5,0.5359025037927956
"Manoah, Alek","Kahnle, Tommy",2024,R,6,0.5519472888015957
"Manoah, Alek","Smith, Burch",2024,R,7,0.5629997214361903
"Manoah, Alek","Bowman, Matt",2024,R,8,0.5991558852997269
"Manoah, Alek","Anderson, Shaun",2024,R,9,0.6227429627815123
"Manoah, Alek","Wesneski, Hayden",2024,R,10,0.6261623894238506
"Marinaccio, Ron","Flaherty, Jack",2024,R,1,0.41200331707255594
"Marinaccio, Ron","Teng, Kai-Wei",2024,R,2,0.5182176240232327
"Marinaccio, Ron","Hernández, Elieser",2024,R,3,0.541317075296823
"Marinaccio, Ron","Kuhl, Chad",2024,R,4,0.5931521344193357
"Marinaccio, Ron","Peralta, Freddy",2024,R,5,0.6031220103455165
"Marinaccio, Ron","Tate, Dillon",2024,R,6,0.6515869619521779
"Marinaccio, Ron","Mahle, Tyler",2024,R,7,0.6686495481693996
"Marinaccio, Ron","Woodford, Jake",2024,R,8,0.6821551267069564
"Marinaccio, Ron","Spiers, Carson",2024,R,9,0.7180691130358804
"Marinaccio, Ron","Clevinger, Mike",2024,R,10,0.7254052254158889
"Marsh, Alec","Schmidt, Clarke",2024,R,1,0.24875757854755234
"Marsh, Alec","Lowder, Rhett",2024,R,2,0.2625358371912021
"Marsh, Alec","Smith, Drew",2024,R,3,0.287284199024334
"Marsh, Alec","Madden, Ty",2024,R,4,0.3763344609491355
"Marsh, Alec","Payamps, Joel",2024,R,5,0.39443639341004694
"Marsh, Alec","Kelly, Merrill",2024,R,6,0.4044488421094327
"Marsh, Alec","Cannon, Jonathan",2024,R,7,0.46296752930308394
"Marsh, Alec","Englert, Mason",2024,R,8,0.5189197180759589
"Marsh, Alec","Thompson, Keegan",2024,R,9,0.5311453848220067
"Marsh, Alec","Garrett, Reed",2024,R,10,0.5383526735244593
"Marte, José","Varland, Louis",2024,R,1,0.16234828831459183
"Marte, José","Pearson, Nate",2024,R,2,0.17650761725900427
"Marte, José","Winn, Cole",2024,R,3,0.26058135077974637
"Marte, José","Leiter, Jack",2024,R,4,0.38974898244934236
"Marte, José","Rocker, Kumar",2024,R,5,0.46740310264499646
"Marte, José","Miller, Shelby",2024,R,6,0.47935137708833647
"Marte, José","Reid-Foley, Sean",2024,R,7,0.5396284000661545
"Marte, José","Jones, Jared",2024,R,8,0.5451062112583153
"Marte, José","Ross, Joe",2024,R,9,0.5731765684447443
"Marte, José","Pagán, Emilio",2024,R,10,0.5965340832994143
"Marte, Yunior","Iglesias, Raisel",2024,R,1,0.07549366250028343
"Marte, Yunior","De Los Santos, Enyel",2024,R,2,0.30565878411826497
"Marte, Yunior","Kerkering, Orion",2024,R,3,0.3222767267520625
"Marte, Yunior","Cisnero, José",2024,R,4,0.3470360231560495
"Marte, Yunior","Muñoz, Roddery",2024,R,5,0.3583913436103388
"Marte, Yunior","Garrett, Reed",2024,R,6,0.3663442661877512
"Marte, Yunior","Chargois, JT",2024,R,7,0.40840339561856925
"Marte, Yunior","Hernández, Jonathan",2024,R,8,0.4481755845345443
"Marte, Yunior","Miller, Bryce",2024,R,9,0.4992750170833662
"Marte, Yunior","Santana, Dennis",2024,R,10,0.5370129503252363
"Martin, Chris","Hoffman, Jeff",2024,R,1,0.2951151226791111
"Martin, Chris","Weems, Jordan",2024,R,2,0.4931016273363938
"Martin, Chris","Greene, Hunter",2024,R,3,0.5765142410916851
"Martin, Chris","Rainey, Tanner",2024,R,4,0.5906791478849136
"Martin, Chris","Green, Chad",2024,R,5,0.5927209304528671
"Martin, Chris","Erceg, Lucas",2024,R,6,0.6162677233307844
"Martin, Chris","Kochanowicz, Jack",2024,R,7,0.6711521872482565
"Martin, Chris","Baumann, Mike",2024,R,8,0.6877748041942655
"Martin, Chris","Winckowski, Josh",2024,R,9,0.7110372164089015
"Martin, Chris","Zeferjahn, Ryan",2024,R,10,0.7241622955956895
"Martin, Davis","Nastrini, Nick",2024,R,1,0.23001789574510412
"Martin, Davis","Dana, Caden",2024,R,2,0.3769207159921114
"Martin, Davis","Brebbia, John",2024,R,3,0.41402403973840757
"Martin, Davis","Merryweather, Julian",2024,R,4,0.43389622370712716
"Martin, Davis","Assad, Javier",2024,R,5,0.43421189270167476
"Martin, Davis","Howard, Spencer",2024,R,6,0.43579968288672666
"Martin, Davis","Lambert, Peter",2024,R,7,0.4526461836833192
"Martin, Davis","Phillips, Tyler",2024,R,8,0.45687611799054084
"Martin, Davis","Stratton, Chris",2024,R,9,0.45925192710352913
"Martin, Davis","White, Mitch",2024,R,10,0.4957808384771761
"Martinez, Justin","Duran, Jhoan",2024,R,1,0.7689967615759791
"Martinez, Justin","Miller, Mason",2024,R,2,0.9199337039411566
"Martinez, Justin","Erceg, Lucas",2024,R,3,0.9978808292693792
"Martinez, Justin","Estévez, Carlos",2024,R,4,1.0261743183386696
"Martinez, Justin","Rasmussen, Drew",2024,R,5,1.0453232622893438
"Martinez, Justin","Soriano, José",2024,R,6,1.0584624321460956
"Martinez, Justin","Petersen, Michael",2024,R,7,1.0805825604285022
"Martinez, Justin","Kochanowicz, Jack",2024,R,8,1.1147212612249298
"Martinez, Justin","Uribe, Abner",2024,R,9,1.1534933143185957
"Martinez, Justin","Zuñiga, Guillo",2024,R,10,1.2068431013893004
"Martinez, Nick","Maldonado, Anthony",2024,R,1,0.3536438227618547
"Martinez, Nick","Kelly, Michael",2024,R,2,0.424774996502687
"Martinez, Nick","Poteet, Cody",2024,R,3,0.4466699492253421
"Martinez, Nick","Johnson, Pierce",2024,R,4,0.481294382958743
"Martinez, Nick","Walker, Taijuan",2024,R,5,0.4956695353949079
"Martinez, Nick","Musgrove, Joe",2024,R,6,0.6254816602486363
"Martinez, Nick","Civale, Aaron",2024,R,7,0.664354043242089
"Martinez, Nick","Soroka, Michael",2024,R,8,0.7404523996830061
"Martinez, Nick","Estes, Joey",2024,R,9,0.82209450037453
"Martinez, Nick","Crawford, Kutter",2024,R,10,0.8235904042006608
"Martinez, Seth","Miller, Tyson",2024,R,1,0.948001560466589
"Martinez, Seth","Nola, Aaron",2024,R,2,1.1633227979204719
"Martinez, Seth","Sandlin, Nick",2024,R,3,1.2084100219427514
"Martinez, Seth","Williams, Trevor",2024,R,4,1.3021395664097644
"Martinez, Seth","Arrighetti, Spencer",2024,R,5,1.3129919424358196
"Martinez, Seth","Castro, Miguel",2024,R,6,1.4332867449943705
"Martinez, Seth","Criswell, Cooper",2024,R,7,1.458038191149425
"Martinez, Seth","Lively, Ben",2024,R,8,1.5543445025109008
"Martinez, Seth","Webb, Logan",2024,R,9,1.5671134302792984
"Martinez, Seth","Kelly, Kevin",2024,R,10,1.601692465674947
"Maton, Phil","Barlow, Scott",2024,R,1,0.6621491835830954
"Maton, Phil","Criswell, Cooper",2024,R,2,1.0585402367099694
"Maton, Phil","Toussaint, Touki",2024,R,3,1.060686808013212
"Maton, Phil","Waldron, Matt",2024,R,4,1.0940427496346157
"Maton, Phil","Williams, Trevor",2024,R,5,1.095092610035127
"Maton, Phil","Lively, Ben",2024,R,6,1.240535677490683
"Maton, Phil","Dunning, Dane",2024,R,7,1.294370622146098
"Maton, Phil","Gómez, Yoendrys",2024,R,8,1.461370355043647
"Maton, Phil","Leiter Jr., Mark",2024,R,9,1.4675215645619673
"Maton, Phil","Ottavino, Adam",2024,R,10,1.4789320187930752
"Matthews, Zebby","Mercado, Michael",2024,R,1,0.278330780976323
"Matthews, Zebby","Bivens, Spencer",2024,R,2,0.3129512298346434
"Matthews, Zebby","Sauer, Matt",2024,R,3,0.31875008868441873
"Matthews, Zebby","Fernandez, Ryan",2024,R,4,0.41909117385755984
"Matthews, Zebby","López, Reynaldo",2024,R,5,0.42572225037667555
"Matthews, Zebby","Leone, Dominic",2024,R,6,0.43080012363208675
"Matthews, Zebby","Bido, Osvaldo",2024,R,7,0.44002552372052556
"Matthews, Zebby","Winckowski, Josh",2024,R,8,0.45361143964755507
"Matthews, Zebby","Zeferjahn, Ryan",2024,R,9,0.4539535363398228
"Matthews, Zebby","Lange, Alex",2024,R,10,0.46492873470591395
"Mazur, Adam","Casparius, Ben",2024,R,1,0.3135589696729313
"Mazur, Adam","McGough, Scott",2024,R,2,0.5011099347399905
"Mazur, Adam","Honeywell, Brent",2024,R,3,0.523492267423808
"Mazur, Adam","Sborz, Josh",2024,R,4,0.5518368597311016
"Mazur, Adam","Canning, Griffin",2024,R,5,0.6182477357647671
"Mazur, Adam","Keller, Brad",2024,R,6,0.6758230297362203
"Mazur, Adam","Pinto, Ricardo",2024,R,7,0.7371198292583874
"Mazur, Adam","Pressly, Ryan",2024,R,8,0.7479475546564476
"Mazur, Adam","Lorenzen, Michael",2024,R,9,0.7608204276922507
"Mazur, Adam","Poteet, Cody",2024,R,10,0.766251409147443
"McArthur, James","McGreevy, Michael",2024,R,1,0.1748664924562446
"McArthur, James","Smith, Burch",2024,R,2,0.18283648922500614
"McArthur, James","Warren, Will",2024,R,3,0.24769381516623243
"McArthur, James","Kahnle, Tommy",2024,R,4,0.42321048434277675
"McArthur, James","Gausman, Kevin",2024,R,5,0.46022076986147653
"McArthur, James","Heller, Ben",2024,R,6,0.489857492000848
"McArthur, James","Manoah, Alek",2024,R,7,0.5043375142828926
"McArthur, James","Anderson, Justin",2024,R,8,0.5116076556826853
"McArthur, James","Garabito, Gerson",2024,R,9,0.5606428861461973
"McArthur, James","Robertson, David",2024,R,10,0.5652250094745236
"McCaughan, Darren","Roupp, Landen",2024,R,1,0.2915051452085846
"McCaughan, Darren","Flaherty, Jack",2024,R,2,0.6057557670696375
"McCaughan, Darren","Tate, Dillon",2024,R,3,0.7377619150246961
"McCaughan, Darren","Roberts, Ethan",2024,R,4,0.7534823135460224
"McCaughan, Darren","Williams, Trevor",2024,R,5,0.8358017394657133
"McCaughan, Darren","Beede, Tyler",2024,R,6,0.8441923792294684
"McCaughan, Darren","Marinaccio, Ron",2024,R,7,0.8613971100384622
"McCaughan, Darren","Lively, Ben",2024,R,8,0.8763000117867764
"McCaughan, Darren","Barlow, Scott",2024,R,9,0.8776942900084753
"McCaughan, Darren","Ottavino, Adam",2024,R,10,0.8882576051860683
"McGough, Scott","Casparius, Ben",2024,R,1,0.2136302024153076
"McGough, Scott","Canning, Griffin",2024,R,2,0.2666848173303863
"McGough, Scott","Lorenzen, Michael",2024,R,3,0.4484743547218105
"McGough, Scott","Holmes, Grant",2024,R,4,0.4713998317528073
"McGough, Scott","Mazur, Adam",2024,R,5,0.5011099347399905
"McGough, Scott","Poteet, Cody",2024,R,6,0.646662187021244
"McGough, Scott","Bazardo, Eduard",2024,R,7,0.6516027238182862
"McGough, Scott","Díaz, Yilber",2024,R,8,0.6884178747866158
"McGough, Scott","Olson, Reese",2024,R,9,0.7179534755040212
"McGough, Scott","Kelly, Michael",2024,R,10,0.7300218899154993
"McGreevy, Michael","McArthur, James",2024,R,1,0.1748664924562446
"McGreevy, Michael","Warren, Will",2024,R,2,0.1966465743760742
"McGreevy, Michael","Smith, Burch",2024,R,3,0.22048597639045364
"McGreevy, Michael","Kahnle, Tommy",2024,R,4,0.3642537781129636
"McGreevy, Michael","Bowman, Matt",2024,R,5,0.43369701209945466
"McGreevy, Michael","Heller, Ben",2024,R,6,0.4700278190605269
"McGreevy, Michael","Manoah, Alek",2024,R,7,0.4931385169128823
"McGreevy, Michael","Gausman, Kevin",2024,R,8,0.5023275701113762
"McGreevy, Michael","Garabito, Gerson",2024,R,9,0.5025665465159159
"McGreevy, Michael","Cecconi, Slade",2024,R,10,0.5722630004315574
"McKenzie, Triston","Barnes, Matt",2024,R,1,0.18362333443341658
"McKenzie, Triston","Wacha, Michael",2024,R,2,0.21309209492074385
"McKenzie, Triston","Woods Richardson, Simeon",2024,R,3,0.5617299435219637
"McKenzie, Triston","Gibson, Kyle",2024,R,4,0.6918523379470642
"McKenzie, Triston","Taillon, Jameson",2024,R,5,0.7376998206927446
"McKenzie, Triston","Paddack, Chris",2024,R,6,0.8836283287626916
"McKenzie, Triston","Pivetta, Nick",2024,R,7,0.9136720466886832
"McKenzie, Triston","Burr, Ryan",2024,R,8,1.040624094877698
"McKenzie, Triston","Anderson, Shaun",2024,R,9,1.046540756700729
"McKenzie, Triston","Howard, Spencer",2024,R,10,1.046593282510452
"Mears, Nick","Nelson, Ryne",2024,R,1,0.3488993257094173
"Mears, Nick","Miller, Bobby",2024,R,2,0.37689533107263057
"Mears, Nick","Cabrera, Edward",2024,R,3,0.4241966437842726
"Mears, Nick","Hernández, Carlos",2024,R,4,0.5198754328816411
"Mears, Nick","Baumann, Mike",2024,R,5,0.536969990576027
"Mears, Nick","Leasure, Jordan",2024,R,6,0.5566045354642957
"Mears, Nick","García, Luis",2024,R,7,0.5732407456060499
"Mears, Nick","Nicolas, Kyle",2024,R,8,0.5878712864981711
"Mears, Nick","Pallante, Andre",2024,R,9,0.5895137988404925
"Mears, Nick","Pepiot, Ryan",2024,R,10,0.5957042998732937
"Medina, Luis","Rainey, Tanner",2024,R,1,0.40678664601614617
"Medina, Luis","Cole, Gerrit",2024,R,2,0.47880404016804284
"Medina, Luis","Winn, Keaton",2024,R,3,0.4816703450991872
"Medina, Luis","Molina, Anthony",2024,R,4,0.48206383812139064
"Medina, Luis","Mercado, Michael",2024,R,5,0.48711896524219606
"Medina, Luis","Cease, Dylan",2024,R,6,0.6133791494841614
"Medina, Luis","Winckowski, Josh",2024,R,7,0.657497261273868
"Medina, Luis","Matthews, Zebby",2024,R,8,0.6672482677491524
"Medina, Luis","Alzolay, Adbert",2024,R,9,0.7023696717576476
"Medina, Luis","Hoffman, Jeff",2024,R,10,0.7121731691143605
"Megill, Trevor","Petersen, Michael",2024,R,1,0.9631007273927429
"Megill, Trevor","Boyle, Joe",2024,R,2,1.14738238795902
"Megill, Trevor","Helsley, Ryan",2024,R,3,1.1974086411191307
"Megill, Trevor","Suarez, Robert",2024,R,4,1.2809270659045575
"Megill, Trevor","Brown, Ben",2024,R,5,1.290886730617819
"Megill, Trevor","Uribe, Abner",2024,R,6,1.3209108373346181
"Megill, Trevor","Clase, Emmanuel",2024,R,7,1.3685906090238877
"Megill, Trevor","Soriano, José",2024,R,8,1.3709326182369754
"Megill, Trevor","Reynolds, Sean",2024,R,9,1.3868941265944597
"Megill, Trevor","Miller, Mason",2024,R,10,1.4617446057159016
"Megill, Tylor","Hodge, Porter",2024,R,1,0.5982885616739662
"Megill, Tylor","Romano, Jordan",2024,R,2,0.598934292445299
"Megill, Tylor","Leahy, Kyle",2024,R,3,0.6011691241778313
"Megill, Tylor","Glasnow, Tyler",2024,R,4,0.6670436797210575
"Megill, Tylor","Gilbert, Logan",2024,R,5,0.716572296728717
"Megill, Tylor","Williams, Gavin",2024,R,6,0.7208135607903877
"Megill, Tylor","López, Pablo",2024,R,7,0.7590217005997344
"Megill, Tylor","Rodriguez, Grayson",2024,R,8,0.7867256839255072
"Megill, Tylor","Smith, Cade",2024,R,9,0.8062939307547561
"Megill, Tylor","Holman, Grant",2024,R,10,0.8098380554913598
"Mercado, Michael","Matthews, Zebby",2024,R,1,0.278330780976323
"Mercado, Michael","Bivens, Spencer",2024,R,2,0.2822422314728205
"Mercado, Michael","Medina, Luis",2024,R,3,0.48711896524219606
"Mercado, Michael","Sauer, Matt",2024,R,4,0.4876491669162563
"Mercado, Michael","Fitts, Richard",2024,R,5,0.5048989597506126
"Mercado, Michael","Cease, Dylan",2024,R,6,0.507616432603004
"Mercado, Michael","Bido, Osvaldo",2024,R,7,0.5082519391713551
"Mercado, Michael","White, Mitch",2024,R,8,0.519156496725595
"Mercado, Michael","Lambert, Peter",2024,R,9,0.5435966424213688
"Mercado, Michael","Cole, Gerrit",2024,R,10,0.5499872915518235
"Merryweather, Julian","Lambert, Peter",2024,R,1,0.16244018683021968
"Merryweather, Julian","Dana, Caden",2024,R,2,0.29306725825582647
"Merryweather, Julian","Quantrill, Cal",2024,R,3,0.3622853921190661
"Merryweather, Julian","White, Mitch",2024,R,4,0.36715008610818595
"Merryweather, Julian","Adam, Jason",2024,R,5,0.3966746621408958
"Merryweather, Julian","Fitts, Richard",2024,R,6,0.43042136283028226
"Merryweather, Julian","Martin, Davis",2024,R,7,0.43389622370712716
"Merryweather, Julian","Bibee, Tanner",2024,R,8,0.4612795566539994
"Merryweather, Julian","Blalock, Bradley",2024,R,9,0.5133757751563002
"Merryweather, Julian","Gordon, Tanner",2024,R,10,0.5210817613118018
"Meyer, Max","Chivilli, Angel",2024,R,1,0.3716829698725322
"Meyer, Max","Bivens, Spencer",2024,R,2,0.49568409648906886
"Meyer, Max","López, Jorge",2024,R,3,0.5017147582634327
"Meyer, Max","Contreras, Roansy",2024,R,4,0.5037240491772925
"Meyer, Max","Stratton, Hunter",2024,R,5,0.513929631167389
"Meyer, Max","Burnes, Corbin",2024,R,6,0.5156444052442722
"Meyer, Max","Kerkering, Orion",2024,R,7,0.5232576581223118
"Meyer, Max","López, Reynaldo",2024,R,8,0.5263941581123699
"Meyer, Max","Miller, Bryce",2024,R,9,0.5371351353486806
"Meyer, Max","Baz, Shane",2024,R,10,0.5543516345661154
"Mikolas, Miles","Blalock, Bradley",2024,R,1,0.3567770643774814
"Mikolas, Miles","Gordon, Tanner",2024,R,2,0.4722367278514958
"Mikolas, Miles","Spence, Mitch",2024,R,3,0.5477425617709325
"Mikolas, Miles","Brooks, Aaron",2024,R,4,0.6857631855698811
"Mikolas, Miles","Merryweather, Julian",2024,R,5,0.7579960944404329
"Mikolas, Miles","Brewer, Colten",2024,R,6,0.7622784722011199
"Mikolas, Miles","Quantrill, Cal",2024,R,7,0.7968055477153292
"Mikolas, Miles","Bibee, Tanner",2024,R,8,0.8451391823190724
"Mikolas, Miles","Lambert, Peter",2024,R,9,0.8877063844576688
"Mikolas, Miles","Chirinos, Yonny",2024,R,10,0.9006291296259595
"Miller, Bobby","Nelson, Ryne",2024,R,1,0.2874448242156575
"Miller, Bobby","Mears, Nick",2024,R,2,0.37689533107263057
"Miller, Bobby","Leasure, Jordan",2024,R,3,0.4164900209500699
"Miller, Bobby","Pepiot, Ryan",2024,R,4,0.4440872085860055
"Miller, Bobby","Slaten, Justin",2024,R,5,0.5562344660886741
"Miller, Bobby","Brasier, Ryan",2024,R,6,0.556941103698787
"Miller, Bobby","Festa, David",2024,R,7,0.5982005454472751
"Miller, Bobby","Swanson, Erik",2024,R,8,0.6119920722530778
"Miller, Bobby","Pallante, Andre",2024,R,9,0.6165073327188212
"Miller, Bobby","Cabrera, Edward",2024,R,10,0.6400114335523377
"Miller, Bryce","Kerkering, Orion",2024,R,1,0.2791503399945469
"Miller, Bryce","Hancock, Emerson",2024,R,2,0.31238408849313054
"Miller, Bryce","Hernández, Jonathan",2024,R,3,0.3327457596176813
"Miller, Bryce","López, Jorge",2024,R,4,0.4489675043085559
"Miller, Bryce","Feltner, Ryan",2024,R,5,0.4797391166576792
"Miller, Bryce","Chargois, JT",2024,R,6,0.48967662173099524
"Miller, Bryce","Marte, Yunior",2024,R,7,0.4992750170833662
"Miller, Bryce","Garrett, Reed",2024,R,8,0.5009871795783215
"Miller, Bryce","Iglesias, Raisel",2024,R,9,0.5019733001021051
"Miller, Bryce","Lange, Alex",2024,R,10,0.5090071601658415
"Miller, Mason","Kopech, Michael",2024,R,1,0.7352755881416044
"Miller, Mason","Vieira, Thyago",2024,R,2,0.8190343327442072
"Miller, Mason","Uribe, Abner",2024,R,3,0.870497566123109
"Miller, Mason","Soriano, José",2024,R,4,0.879859189843748
"Miller, Mason","Rasmussen, Drew",2024,R,5,0.8975540375073887
"Miller, Mason","Martinez, Justin",2024,R,6,0.9199337039411566
"Miller, Mason","Suarez, Robert",2024,R,7,0.9582281835328194
"Miller, Mason","Finnegan, Kyle",2024,R,8,0.9987305173572054
"Miller, Mason","Erceg, Lucas",2024,R,9,1.0622299636155133
"Miller, Mason","Clase, Emmanuel",2024,R,10,1.0636378175629437
"Miller, Ryan","Festa, Matt",2024,R,1,0.40246908604669185
"Miller, Ryan","Chavez, Jesse",2024,R,2,0.7491275297065978
"Miller, Ryan","Thornton, Trent",2024,R,3,0.8876104129860656
"Miller, Ryan","Soriano, George",2024,R,4,0.8956533323226982
"Miller, Ryan","Uceta, Edwin",2024,R,5,0.8959678540029538
"Miller, Ryan","Woodford, Jake",2024,R,6,0.9871315862891923
"Miller, Ryan","Lawrence, Justin",2024,R,7,1.0701041893052081
"Miller, Ryan","Weissert, Greg",2024,R,8,1.1446820554731294
"Miller, Ryan","Hernández, Elieser",2024,R,9,1.1822351719994277
"Miller, Ryan","Schreiber, John",2024,R,10,1.206183633603966
"Miller, Shelby","Winn, Cole",2024,R,1,0.42237012196783486
"Miller, Shelby","Pearson, Nate",2024,R,2,0.4658814730349908
"Miller, Shelby","Marte, José",2024,R,3,0.47935137708833647
"Miller, Shelby","Varland, Louis",2024,R,4,0.532586862521114
"Miller, Shelby","Wheeler, Zack",2024,R,5,0.5993175071338068
"Miller, Shelby","Reid-Foley, Sean",2024,R,6,0.7041532301453125
"Miller, Shelby","López, Pablo",2024,R,7,0.7111944306967838
"Miller, Shelby","Mize, Casey",2024,R,8,0.7420347562648659
"Miller, Shelby","Leiter, Jack",2024,R,9,0.7692211383027113
"Miller, Shelby","Rocker, Kumar",2024,R,10,0.7841379331508129
"Miller, Tyson","Martinez, Seth",2024,R,1,0.948001560466589
"Miller, Tyson","Williams, Trevor",2024,R,2,1.5119712446913134
"Miller, Tyson","Sandlin, Nick",2024,R,3,1.6542683895914214
"Miller, Tyson","Nola, Aaron",2024,R,4,1.671506035818932
"Miller, Tyson","Arrighetti, Spencer",2024,R,5,1.7609048378012537
"Miller, Tyson","Ottavino, Adam",2024,R,6,1.7667054114089706
"Miller, Tyson","Criswell, Cooper",2024,R,7,1.8063140364528996
"Miller, Tyson","Dunning, Dane",2024,R,8,1.861111642470256
"Miller, Tyson","Castro, Miguel",2024,R,9,1.8888173030151334
"Miller, Tyson","Barlow, Scott",2024,R,10,1.9615447328542397
"Mize, Casey","Irvin, Jake",2024,R,1,0.36695243040571396
"Mize, Casey","López, Pablo",2024,R,2,0.39445837324206756
"Mize, Casey","Brasier, Ryan",2024,R,3,0.4455978341350896
"Mize, Casey","Rocker, Kumar",2024,R,4,0.49204844767134476
"Mize, Casey","Robertson, Nick",2024,R,5,0.5873869408241068
"Mize, Casey","Winn, Cole",2024,R,6,0.6089637904320689
"Mize, Casey","Pagán, Emilio",2024,R,7,0.6293546120933002
"Mize, Casey","Manoah, Alek",2024,R,8,0.6548455050646902
"Mize, Casey","Manning, Matt",2024,R,9,0.6629673969357155
"Mize, Casey","Smith, Burch",2024,R,10,0.6630086476493352
"Mlodzinski, Carmen","Phillips, Evan",2024,R,1,0.3695732726490686
"Mlodzinski, Carmen","Paredes, Enoli",2024,R,2,0.3888580232338178
"Mlodzinski, Carmen","Henriquez, Ronny",2024,R,3,0.5607879765212702
"Mlodzinski, Carmen","Bello, Brayan",2024,R,4,0.6535967998371334
"Mlodzinski, Carmen","Núñez, Dedniel",2024,R,5,0.7356230150182294
"Mlodzinski, Carmen","Kolek, Stephen",2024,R,6,0.7512252616025247
"Mlodzinski, Carmen","Woo, Bryan",2024,R,7,0.772142691984031
"Mlodzinski, Carmen","Criswell, Jeff",2024,R,8,0.7841614711994587
"Mlodzinski, Carmen","Hudson, Daniel",2024,R,9,0.8062027469765475
"Mlodzinski, Carmen","Stewart, Brock",2024,R,10,0.8229845137724922
"Molina, Anthony","Medina, Luis",2024,R,1,0.48206383812139064
"Molina, Anthony","Winn, Keaton",2024,R,2,0.48668198889035624
"Molina, Anthony","Cease, Dylan",2024,R,3,0.5145998163091057
"Molina, Anthony","Mercado, Michael",2024,R,4,0.5560793400986866
"Molina, Anthony","Sborz, Josh",2024,R,5,0.5617750827180157
"Molina, Anthony","Avila, Nick",2024,R,6,0.6117460089075512
"Molina, Anthony","Alzolay, Adbert",2024,R,7,0.6366496290356495
"Molina, Anthony","Keller, Brad",2024,R,8,0.6420116077923992
"Molina, Anthony","Senzatela, Antonio",2024,R,9,0.6654909482800937
"Molina, Anthony","Ruiz, José",2024,R,10,0.6768966331225285
"Montas, Frankie","Brieske, Beau",2024,R,1,0.407784381372112
"Montas, Frankie","Berroa, Prelander",2024,R,2,0.4185038208675001
"Montas, Frankie","Muñoz, Roddery",2024,R,3,0.5703970240500111
"Montas, Frankie","Brazobán, Huascar",2024,R,4,0.6173180899846282
"Montas, Frankie","Weaver, Luke",2024,R,5,0.6586690103749295
"Montas, Frankie","Ruiz, José",2024,R,6,0.6621343139788749
"Montas, Frankie","Faucher, Calvin",2024,R,7,0.6638070746421396
"Montas, Frankie","Zulueta, Yosver",2024,R,8,0.7328714095811732
"Montas, Frankie","Díaz, Yilber",2024,R,9,0.7670462877094364
"Montas, Frankie","Winn, Keaton",2024,R,10,0.7799845894253098
"Montero, Keider","Oller, Adam",2024,R,1,0.3792821855488406
"Montero, Keider","Brewer, Colten",2024,R,2,0.43872286922703785
"Montero, Keider","Cannon, Jonathan",2024,R,3,0.4899276582691754
"Montero, Keider","Fulmer, Carson",2024,R,4,0.49161471867212
"Montero, Keider","Thompson, Keegan",2024,R,5,0.5071581347490762
"Montero, Keider","Vásquez, Randy",2024,R,6,0.5227315581303406
"Montero, Keider","Nastrini, Nick",2024,R,7,0.5320410575759649
"Montero, Keider","Wilson, Bryse",2024,R,8,0.5539413487963566
"Montero, Keider","White, Mitch",2024,R,9,0.5681616080529981
"Montero, Keider","Berríos, José",2024,R,10,0.5689816340669615
"Montero, Rafael","Kelly, Joe",2024,R,1,0.3924595547234872
"Montero, Rafael","Burdi, Nick",2024,R,2,0.7506320719093472
"Montero, Rafael","Doval, Camilo",2024,R,3,0.7812560280669437
"Montero, Rafael","Kolek, Stephen",2024,R,4,0.8241542655202466
"Montero, Rafael","Stewart, Brock",2024,R,5,0.8586706859431837
"Montero, Rafael","Cano, Yennier",2024,R,6,0.860125759888759
"Montero, Rafael","Varland, Gus",2024,R,7,0.9282321015155028
"Montero, Rafael","Santillan, Tony",2024,R,8,0.9630251879091142
"Montero, Rafael","Vest, Will",2024,R,9,0.9681646680115028
"Montero, Rafael","Cisnero, José",2024,R,10,1.0008180921649024
"Morgan, Eli","Avila, Pedro",2024,R,1,0.5313681862160069
"Morgan, Eli","Gray, Sonny",2024,R,2,0.5702544162000578
"Morgan, Eli","Phillips, Tyler",2024,R,3,0.6639459368099837
"Morgan, Eli","Carrasco, Carlos",2024,R,4,0.7215072666033682
"Morgan, Eli","Rodriguez, Carlos",2024,R,5,0.730675601510503
"Morgan, Eli","Ramirez, Emmanuel",2024,R,6,0.7616588451984357
"Morgan, Eli","Bassitt, Chris",2024,R,7,0.7797951978764108
"Morgan, Eli","Stratton, Chris",2024,R,8,0.8019536035479845
"Morgan, Eli","Daniel, Davis",2024,R,9,0.8160120623164253
"Morgan, Eli","Assad, Javier",2024,R,10,0.8248097682293831
"Morton, Charlie","Webb, Jacob",2024,R,1,0.3746714136755984
"Morton, Charlie","Scherzer, Max",2024,R,2,0.4973177461693317
"Morton, Charlie","Junis, Jakob",2024,R,3,0.5045246040044712
"Morton, Charlie","Houck, Tanner",2024,R,4,0.5464526948808566
"Morton, Charlie","Englert, Mason",2024,R,5,0.6084283372964374
"Morton, Charlie","Ramírez, Erasmo",2024,R,6,0.6235453544704473
"Morton, Charlie","Thornton, Trent",2024,R,7,0.6490859094934378
"Morton, Charlie","Jackson, Jay",2024,R,8,0.6615464682754073
"Morton, Charlie","Aguiar, Julian",2024,R,9,0.6623675771534053
"Morton, Charlie","Sánchez, Sixto",2024,R,10,0.6665828321389428
"Musgrove, Joe","Walker, Taijuan",2024,R,1,0.4760774266809314
"Musgrove, Joe","Anderson, Nick",2024,R,2,0.5934516792634517
"Musgrove, Joe","Martinez, Nick",2024,R,3,0.6254816602486363
"Musgrove, Joe","Crawford, Kutter",2024,R,4,0.6538099853548045
"Musgrove, Joe","Littell, Zack",2024,R,5,0.6764560717556574
"Musgrove, Joe","Brooks, Aaron",2024,R,6,0.7077426211785465
"Musgrove, Joe","Kelly, Michael",2024,R,7,0.7239237094041318
"Musgrove, Joe","Elder, Bryce",2024,R,8,0.730128551625332
"Musgrove, Joe","Curry, Xzavion",2024,R,9,0.7513859675040163
"Musgrove, Joe","Maldonado, Anthony",2024,R,10,0.752409747293395
"Muñoz, Andrés","Vodnik, Victor",2024,R,1,0.3707153832020989
"Muñoz, Andrés","Woo, Bryan",2024,R,2,0.5495412658587417
"Muñoz, Andrés","Ortiz, Luis",2024,R,3,0.6372622429237333
"Muñoz, Andrés","Rodríguez, Randy",2024,R,4,0.724129384938268
"Muñoz, Andrés","Domínguez, Seranthony",2024,R,5,0.7303574232677235
"Muñoz, Andrés","Stewart, Brock",2024,R,6,0.7593373902473008
"Muñoz, Andrés","Roycroft, Chris",2024,R,7,0.7886929673662614
"Muñoz, Andrés","Jones, Jared",2024,R,8,0.8053788083989745
"Muñoz, Andrés","Reid-Foley, Sean",2024,R,9,0.8399732068456663
"Muñoz, Andrés","Henriquez, Ronny",2024,R,10,0.8521094428405327
"Muñoz, Roddery","Marte, Yunior",2024,R,1,0.3583913436103388
"Muñoz, Roddery","Iglesias, Raisel",2024,R,2,0.4073199158146064
"Muñoz, Roddery","Santana, Dennis",2024,R,3,0.44651204205745265
"Muñoz, Roddery","Weaver, Luke",2024,R,4,0.45451070696041884
"Muñoz, Roddery","Kerkering, Orion",2024,R,5,0.48776071479925254
"Muñoz, Roddery","Jarvis, Bryce",2024,R,6,0.500425207259191
"Muñoz, Roddery","Montas, Frankie",2024,R,7,0.5703970240500111
"Muñoz, Roddery","Garrett, Reed",2024,R,8,0.5862094570491182
"Muñoz, Roddery","Brieske, Beau",2024,R,9,0.5885322977024522
"Muñoz, Roddery","Zulueta, Yosver",2024,R,10,0.6064616562018692
"Myers, Tobias","Almonte, Yency",2024,R,1,0.32798203716715857
"Myers, Tobias","Fedde, Erick",2024,R,2,0.37409449635775344
"Myers, Tobias","Houser, Adrian",2024,R,3,0.3806487829257306
"Myers, Tobias","Carrasco, Carlos",2024,R,4,0.4809604995902483
"Myers, Tobias","Sulser, Cole",2024,R,5,0.4907053886106796
"Myers, Tobias","Brebbia, John",2024,R,6,0.5272509035936184
"Myers, Tobias","Staumont, Josh",2024,R,7,0.5306487829956116
"Myers, Tobias","Blanco, Ronel",2024,R,8,0.550343551145981
"Myers, Tobias","Rodríguez, Yariel",2024,R,9,0.5668115998757857
"Myers, Tobias","Assad, Javier",2024,R,10,0.5889986081273423
"Nance, Tommy","Avila, Nick",2024,R,1,0.37276307546356025
"Nance, Tommy","Honeywell, Brent",2024,R,2,0.4159715444982716
"Nance, Tommy","Pinto, Ricardo",2024,R,3,0.44251588992872243
"Nance, Tommy","Priester, Quinn",2024,R,4,0.4932739074838425
"Nance, Tommy","Neris, Héctor",2024,R,5,0.5024897652988772
"Nance, Tommy","Quantrill, Cal",2024,R,6,0.5285216497955414
"Nance, Tommy","Adam, Jason",2024,R,7,0.5319124567879389
"Nance, Tommy","Merryweather, Julian",2024,R,8,0.5352557644346746
"Nance, Tommy","Lambert, Peter",2024,R,9,0.539169203576786
"Nance, Tommy","White, Mitch",2024,R,10,0.554591034363736
"Nastrini, Nick","Martin, Davis",2024,R,1,0.23001789574510412
"Nastrini, Nick","Brebbia, John",2024,R,2,0.2512215865623245
"Nastrini, Nick","Sulser, Cole",2024,R,3,0.37804460143024876
"Nastrini, Nick","Rodríguez, Yariel",2024,R,4,0.386564480593045
"Nastrini, Nick","Dana, Caden",2024,R,5,0.4004991566514261
"Nastrini, Nick","Garabito, Gerson",2024,R,6,0.445094827088851
"Nastrini, Nick","Gallen, Zac",2024,R,7,0.45112539605340707
"Nastrini, Nick","Howard, Spencer",2024,R,8,0.46806530999901147
"Nastrini, Nick","Stratton, Chris",2024,R,9,0.48169118154858404
"Nastrini, Nick","Phillips, Tyler",2024,R,10,0.5041562223342095
"Nelson, Ryne","Miller, Bobby",2024,R,1,0.2874448242156575
"Nelson, Ryne","Mears, Nick",2024,R,2,0.3488993257094173
"Nelson, Ryne","Pepiot, Ryan",2024,R,3,0.39193047131215186
"Nelson, Ryne","Pallante, Andre",2024,R,4,0.39440108092712434
"Nelson, Ryne","Festa, David",2024,R,5,0.47843230481189375
"Nelson, Ryne","Cabrera, Edward",2024,R,6,0.5135906986469664
"Nelson, Ryne","Slaten, Justin",2024,R,7,0.5257749200552915
"Nelson, Ryne","García, Luis",2024,R,8,0.5799886623305366
"Nelson, Ryne","Leasure, Jordan",2024,R,9,0.5889116936280906
"Nelson, Ryne","Staumont, Josh",2024,R,10,0.5929033646104733
"Neris, Héctor","Pinto, Ricardo",2024,R,1,0.12835922565878427
"Neris, Héctor","Avila, Nick",2024,R,2,0.2600240863004144
"Neris, Héctor","Kremer, Dean",2024,R,3,0.30172863850155335
"Neris, Héctor","Faedo, Alex",2024,R,4,0.40083131313225623
"Neris, Héctor","Honeywell, Brent",2024,R,5,0.4144924211070891
"Neris, Héctor","Nance, Tommy",2024,R,6,0.5024897652988772
"Neris, Héctor","Brooks, Aaron",2024,R,7,0.5180492624578513
"Neris, Héctor","Vásquez, Randy",2024,R,8,0.5390792070269628
"Neris, Héctor","White, Mitch",2024,R,9,0.6138832672345134
"Neris, Héctor","Littell, Zack",2024,R,10,0.6399561204956652
"Nicolas, Kyle","Hernández, Carlos",2024,R,1,0.3491134227838439
"Nicolas, Kyle","Mears, Nick",2024,R,2,0.5878712864981711
"Nicolas, Kyle","Vieira, Thyago",2024,R,3,0.6519174193495446
"Nicolas, Kyle","Cabrera, Edward",2024,R,4,0.6631402040743836
"Nicolas, Kyle","Leasure, Jordan",2024,R,5,0.675590029137878
"Nicolas, Kyle","Baumann, Mike",2024,R,6,0.6763824092458649
"Nicolas, Kyle","Estrada, Jeremiah",2024,R,7,0.6770862650297214
"Nicolas, Kyle","Brown, Ben",2024,R,8,0.7345079139763436
"Nicolas, Kyle","Boyle, Joe",2024,R,9,0.757543935174026
"Nicolas, Kyle","Reynolds, Sean",2024,R,10,0.7929821660169166
"Nola, Aaron","Lively, Ben",2024,R,1,0.5165551856870163
"Nola, Aaron","Arrighetti, Spencer",2024,R,2,0.5302605219940245
"Nola, Aaron","Singer, Brady",2024,R,3,0.6497842868391014
"Nola, Aaron","Castro, Miguel",2024,R,4,0.7749790220398185
"Nola, Aaron","Webb, Logan",2024,R,5,0.8615320016380342
"Nola, Aaron","Dunning, Dane",2024,R,6,0.8689085517912941
"Nola, Aaron","Ottavino, Adam",2024,R,7,0.8751740140723928
"Nola, Aaron","Gómez, Yoendrys",2024,R,8,0.9399135029766633
"Nola, Aaron","Black, Mason",2024,R,9,0.9429676394882424
"Nola, Aaron","Ramírez, Yohan",2024,R,10,0.979906841624367
"Núñez, Dedniel","Kolek, Stephen",2024,R,1,0.3085069400333367
"Núñez, Dedniel","Hudson, Daniel",2024,R,2,0.3657543849995975
"Núñez, Dedniel","Henriquez, Ronny",2024,R,3,0.3974367497234256
"Núñez, Dedniel","Hernández, Jonathan",2024,R,4,0.41445662999930877
"Núñez, Dedniel","Ryan, River",2024,R,5,0.45344124295643934
"Núñez, Dedniel","Phillips, Evan",2024,R,6,0.4660296499937575
"Núñez, Dedniel","Otañez, Michel",2024,R,7,0.4770308849867895
"Núñez, Dedniel","Stewart, Brock",2024,R,8,0.5010643935476586
"Núñez, Dedniel","Varland, Gus",2024,R,9,0.5739478802584058
"Núñez, Dedniel","Skenes, Paul",2024,R,10,0.5781680820251102
"Ober, Bailey","Tyler, Kyle",2024,R,1,0.8821034205669276
"Ober, Bailey","Blewett, Scott",2024,R,2,0.9227838780551866
"Ober, Bailey","Gibson, Kyle",2024,R,3,0.9328312091345753
"Ober, Bailey","Wesneski, Hayden",2024,R,4,0.9652466964804649
"Ober, Bailey","Paddack, Chris",2024,R,5,1.0021437575963714
"Ober, Bailey","Cruz, Fernando",2024,R,6,1.0052312148821558
"Ober, Bailey","Toussaint, Touki",2024,R,7,1.031258035863999
"Ober, Bailey","Gómez, Yoendrys",2024,R,8,1.0779527883514615
"Ober, Bailey","Francis, Bowden",2024,R,9,1.0906935008864376
"Ober, Bailey","Anderson, Shaun",2024,R,10,1.1230738729661627
"Oller, Adam","Wilson, Bryse",2024,R,1,0.2176871862719024
"Oller, Adam","Montero, Keider",2024,R,2,0.3792821855488406
"Oller, Adam","Fulmer, Carson",2024,R,3,0.3935317133380851
"Oller, Adam","Lynn, Lance",2024,R,4,0.44264786435992326
"Oller, Adam","Robertson, David",2024,R,5,0.4528839772565912
"Oller, Adam","Gallen, Zac",2024,R,6,0.47218957402035283
"Oller, Adam","Keller, Mitch",2024,R,7,0.49624640913969154
"Oller, Adam","Dubin, Shawn",2024,R,8,0.5054913820950041
"Oller, Adam","Berríos, José",2024,R,9,0.5421723894700412
"Oller, Adam","Nastrini, Nick",2024,R,10,0.6193451891461307
"Olson, Reese","Holmes, Grant",2024,R,1,0.4379339576961226
"Olson, Reese","Soroka, Michael",2024,R,2,0.464735962522787
"Olson, Reese","Johnson, Pierce",2024,R,3,0.471911790567706
"Olson, Reese","Strickland, Hunter",2024,R,4,0.5314200583284496
"Olson, Reese","Jefferies, Daulton",2024,R,5,0.536155552327274
"Olson, Reese","Faedo, Alex",2024,R,6,0.6538039031728854
"Olson, Reese","Canning, Griffin",2024,R,7,0.66364884475044
"Olson, Reese","Bazardo, Eduard",2024,R,8,0.6744981021933679
"Olson, Reese","Maldonado, Anthony",2024,R,9,0.6821981617810225
"Olson, Reese","McGough, Scott",2024,R,10,0.7179534755040212
"Ort, Kaleb","Zuñiga, Guillo",2024,R,1,0.3305687331977947
"Ort, Kaleb","Harvey, Hunter",2024,R,2,0.3766046509078279
"Ort, Kaleb","Kochanowicz, Jack",2024,R,3,0.4024892728369655
"Ort, Kaleb","Skenes, Paul",2024,R,4,0.4333833048161306
"Ort, Kaleb","Greene, Hunter",2024,R,5,0.49522965056744445
"Ort, Kaleb","Severino, Luis",2024,R,6,0.5009782913211521
"Ort, Kaleb","Estévez, Carlos",2024,R,7,0.5375127098366135
"Ort, Kaleb","Otañez, Michel",2024,R,8,0.5504206965471982
"Ort, Kaleb","Vest, Will",2024,R,9,0.6563846347988572
"Ort, Kaleb","Erceg, Lucas",2024,R,10,0.6854237230670871
"Ortiz, Luis","Woo, Bryan",2024,R,1,0.5155121427530885
"Ortiz, Luis","Muñoz, Andrés",2024,R,2,0.6372622429237333
"Ortiz, Luis","Kimbrel, Craig",2024,R,3,0.7661994592616156
"Ortiz, Luis","Ryan, Joe",2024,R,4,0.8168191343596926
"Ortiz, Luis","Miller, Shelby",2024,R,5,0.8846400971314059
"Ortiz, Luis","Rodríguez, Randy",2024,R,6,0.9464953244746864
"Ortiz, Luis","Mlodzinski, Carmen",2024,R,7,0.9541816406018918
"Ortiz, Luis","Roycroft, Chris",2024,R,8,0.9682888909116186
"Ortiz, Luis","Vodnik, Victor",2024,R,9,0.9803019603847202
"Ortiz, Luis","Henriquez, Ronny",2024,R,10,0.9972934552032979
"Otañez, Michel","Skenes, Paul",2024,R,1,0.15508782041260102
"Otañez, Michel","Ryan, River",2024,R,2,0.3696531829894562
"Otañez, Michel","Hudson, Daniel",2024,R,3,0.42773850779080125
"Otañez, Michel","Núñez, Dedniel",2024,R,4,0.4770308849867895
"Otañez, Michel","Ort, Kaleb",2024,R,5,0.5504206965471982
"Otañez, Michel","Zeferjahn, Ryan",2024,R,6,0.5540332463534625
"Otañez, Michel","Kolek, Stephen",2024,R,7,0.5608756345722
"Otañez, Michel","Stewart, Brock",2024,R,8,0.5697922723561961
"Otañez, Michel","Harvey, Hunter",2024,R,9,0.571326680900413
"Otañez, Michel","Severino, Luis",2024,R,10,0.5750102365024594
"Ottavino, Adam","Dunning, Dane",2024,R,1,0.24608564597446828
"Ottavino, Adam","Gómez, Yoendrys",2024,R,2,0.5066085426648239
"Ottavino, Adam","Cousins, Jake",2024,R,3,0.6012058472068568
"Ottavino, Adam","Toussaint, Touki",2024,R,4,0.7265634520730775
"Ottavino, Adam","Wilson, Steven",2024,R,5,0.7712683385817206
"Ottavino, Adam","Lively, Ben",2024,R,6,0.7951676208476035
"Ottavino, Adam","Nola, Aaron",2024,R,7,0.8751740140723928
"Ottavino, Adam","McCaughan, Darren",2024,R,8,0.8882576051860683
"Ottavino, Adam","Singer, Brady",2024,R,9,0.9401858191175
"Ottavino, Adam","Kelly, Zack",2024,R,10,0.9468223824187142
"Paddack, Chris","Gibson, Kyle",2024,R,1,0.31024866706209503
"Paddack, Chris","Beck, Tristan",2024,R,2,0.43110628006178703
"Paddack, Chris","Burke, Sean",2024,R,3,0.45372260030362493
"Paddack, Chris","Anderson, Shaun",2024,R,4,0.5718340367377099
"Paddack, Chris","Francis, Bowden",2024,R,5,0.6483907232697315
"Paddack, Chris","Blewett, Scott",2024,R,6,0.7670522633344539
"Paddack, Chris","Burr, Ryan",2024,R,7,0.7754006613866644
"Paddack, Chris","Tyler, Kyle",2024,R,8,0.7970089964215136
"Paddack, Chris","Howard, Spencer",2024,R,9,0.811611327488387
"Paddack, Chris","Cruz, Fernando",2024,R,10,0.8246610188840303
"Pagán, Emilio","Ross, Joe",2024,R,1,0.31634984125940535
"Pagán, Emilio","Leiter, Jack",2024,R,2,0.32644156155179244
"Pagán, Emilio","Rodríguez, Yerry",2024,R,3,0.34607788218773244
"Pagán, Emilio","Brasier, Ryan",2024,R,4,0.3705386613867281
"Pagán, Emilio","Kittredge, Andrew",2024,R,5,0.3979867006109433
"Pagán, Emilio","Winn, Cole",2024,R,6,0.43462077939792443
"Pagán, Emilio","Ginn, J.T.",2024,R,7,0.45467563443475767
"Pagán, Emilio","Gray, Jon",2024,R,8,0.4679701350267534
"Pagán, Emilio","Stone, Gavin",2024,R,9,0.4784822923231728
"Pagán, Emilio","Pfaadt, Brandon",2024,R,10,0.48251917681742035
"Palencia, Daniel","Vodnik, Victor",2024,R,1,0.6307127486070231
"Palencia, Daniel","Peguero, Elvis",2024,R,2,0.8244526481860001
"Palencia, Daniel","Kopech, Michael",2024,R,3,0.8258906246101815
"Palencia, Daniel","Foley, Jason",2024,R,4,0.8309839446557101
"Palencia, Daniel","Domínguez, Seranthony",2024,R,5,0.8626195086753576
"Palencia, Daniel","Finnegan, Kyle",2024,R,6,0.8764698283007991
"Palencia, Daniel","Reid-Foley, Sean",2024,R,7,0.928061311152139
"Palencia, Daniel","Muñoz, Andrés",2024,R,8,0.9361168321631884
"Palencia, Daniel","Pop, Zach",2024,R,9,0.9475897258607724
"Palencia, Daniel","Roycroft, Chris",2024,R,10,0.9774411557181155
"Pallante, Andre","Bednar, David",2024,R,1,0.27802458073868414
"Pallante, Andre","Kirby, George",2024,R,2,0.3309445014947244
"Pallante, Andre","Pepiot, Ryan",2024,R,3,0.38400867497354196
"Pallante, Andre","Nelson, Ryne",2024,R,4,0.39440108092712434
"Pallante, Andre","Winckowski, Josh",2024,R,5,0.4002379158112383
"Pallante, Andre","Baumann, Mike",2024,R,6,0.40028991537122777
"Pallante, Andre","Armstrong, Shawn",2024,R,7,0.43158108951095103
"Pallante, Andre","Kittredge, Andrew",2024,R,8,0.4357004990165281
"Pallante, Andre","Cabrera, Edward",2024,R,9,0.44930074975373774
"Pallante, Andre","Bradley, Taj",2024,R,10,0.46017415073078327
"Paredes, Enoli","Mlodzinski, Carmen",2024,R,1,0.3888580232338178
"Paredes, Enoli","Phillips, Evan",2024,R,2,0.419000315602924
"Paredes, Enoli","Bello, Brayan",2024,R,3,0.48021796716566056
"Paredes, Enoli","Henriquez, Ronny",2024,R,4,0.6333646258870762
"Paredes, Enoli","Buttó, José",2024,R,5,0.6524860133546793
"Paredes, Enoli","Bolton, Cody",2024,R,6,0.7011198572342804
"Paredes, Enoli","Tinoco, Jesus",2024,R,7,0.703957399489188
"Paredes, Enoli","Criswell, Jeff",2024,R,8,0.7236968124631359
"Paredes, Enoli","Soriano, George",2024,R,9,0.7496534745542011
"Paredes, Enoli","Kuhl, Chad",2024,R,10,0.7904111467629493
"Payamps, Joel","Madden, Ty",2024,R,1,0.3227769427003411
"Payamps, Joel","Lowder, Rhett",2024,R,2,0.34066947415470816
"Payamps, Joel","Fulmer, Carson",2024,R,3,0.3452503898343799
"Payamps, Joel","Smith, Drew",2024,R,4,0.3885781624052823
"Payamps, Joel","Marsh, Alec",2024,R,5,0.39443639341004694
"Payamps, Joel","Garrett, Reed",2024,R,6,0.4419815501236132
"Payamps, Joel","Thompson, Keegan",2024,R,7,0.4705886945481581
"Payamps, Joel","King, Michael",2024,R,8,0.4986230509985467
"Payamps, Joel","Bolton, Cody",2024,R,9,0.5308732376509473
"Payamps, Joel","Cannon, Jonathan",2024,R,10,0.534622294827919
"Pearson, Nate","Marte, José",2024,R,1,0.17650761725900427
"Pearson, Nate","Winn, Cole",2024,R,2,0.21520512368112032
"Pearson, Nate","Varland, Louis",2024,R,3,0.3068762576657776
"Pearson, Nate","Leiter, Jack",2024,R,4,0.3892914266137159
"Pearson, Nate","Jones, Jared",2024,R,5,0.4247912504477523
"Pearson, Nate","Miller, Shelby",2024,R,6,0.4658814730349908
"Pearson, Nate","Reid-Foley, Sean",2024,R,7,0.4780737326932319
"Pearson, Nate","Salazar, Eduardo",2024,R,8,0.5144406328046718
"Pearson, Nate","Pagán, Emilio",2024,R,9,0.5543422596951025
"Pearson, Nate","Ross, Joe",2024,R,10,0.5589430672374636
"Peguero, Elvis","Roycroft, Chris",2024,R,1,0.5847762682964296
"Peguero, Elvis","Gil, Luis",2024,R,2,0.6295501920859545
"Peguero, Elvis","Varland, Louis",2024,R,3,0.6443703268993031
"Peguero, Elvis","Vodnik, Victor",2024,R,4,0.7077377940556504
"Peguero, Elvis","Marte, José",2024,R,5,0.7603134913103625
"Peguero, Elvis","Pearson, Nate",2024,R,6,0.8057870084021945
"Peguero, Elvis","Palencia, Daniel",2024,R,7,0.8244526481860001
"Peguero, Elvis","Reid-Foley, Sean",2024,R,8,0.9033604625482149
"Peguero, Elvis","Muñoz, Andrés",2024,R,9,0.9085013704036438
"Peguero, Elvis","Jones, Jared",2024,R,10,0.9296056863568103
"Pepiot, Ryan","Slaten, Justin",2024,R,1,0.3735591246947377
"Pepiot, Ryan","Pallante, Andre",2024,R,2,0.38400867497354196
"Pepiot, Ryan","Nelson, Ryne",2024,R,3,0.39193047131215186
"Pepiot, Ryan","Miller, Bobby",2024,R,4,0.4440872085860055
"Pepiot, Ryan","Kittredge, Andrew",2024,R,5,0.5088323167233303
"Pepiot, Ryan","Burnes, Corbin",2024,R,6,0.5095801194897118
"Pepiot, Ryan","Baz, Shane",2024,R,7,0.5185892891976897
"Pepiot, Ryan","Armstrong, Shawn",2024,R,8,0.5193302627511254
"Pepiot, Ryan","Cabrera, Edward",2024,R,9,0.5201337964662993
"Pepiot, Ryan","Bednar, David",2024,R,10,0.5445994325074537
"Peralta, Freddy","Kuhl, Chad",2024,R,1,0.43901591556145336
"Peralta, Freddy","Schwellenbach, Spencer",2024,R,2,0.49981448250833865
"Peralta, Freddy","Black, Mason",2024,R,3,0.5517593951000082
"Peralta, Freddy","Marinaccio, Ron",2024,R,4,0.6031220103455165
"Peralta, Freddy","Teng, Kai-Wei",2024,R,5,0.6069092681895899
"Peralta, Freddy","Eovaldi, Nathan",2024,R,6,0.617638883367306
"Peralta, Freddy","Pfaadt, Brandon",2024,R,7,0.6554860229868145
"Peralta, Freddy","Scott, Christian",2024,R,8,0.6677995661499092
"Peralta, Freddy","Warren, Will",2024,R,9,0.7405450616378013
"Peralta, Freddy","Spiers, Carson",2024,R,10,0.7652856967715852
"Petersen, Michael","Boyle, Joe",2024,R,1,0.4195966635296872
"Petersen, Michael","Soriano, José",2024,R,2,0.5813545944417365
"Petersen, Michael","Brown, Ben",2024,R,3,0.6119930568237727
"Petersen, Michael","Helsley, Ryan",2024,R,4,0.6420632567307306
"Petersen, Michael","Brown, Hunter",2024,R,5,0.6517410062525525
"Petersen, Michael","Erceg, Lucas",2024,R,6,0.7073044270315246
"Petersen, Michael","Brito, Jhony",2024,R,7,0.7305563366889428
"Petersen, Michael","Uribe, Abner",2024,R,8,0.7486383841373226
"Petersen, Michael","Green, Chad",2024,R,9,0.7775961345439056
"Petersen, Michael","Baumann, Mike",2024,R,10,0.7933403385431391
"Pfaadt, Brandon","Holderman, Colin",2024,R,1,0.33129504863428927
"Pfaadt, Brandon","Eovaldi, Nathan",2024,R,2,0.36150120600657
"Pfaadt, Brandon","Ginn, J.T.",2024,R,3,0.429354887908242
"Pfaadt, Brandon","Warren, Will",2024,R,4,0.44354607829612314
"Pfaadt, Brandon","Schwellenbach, Spencer",2024,R,5,0.4456185046758792
"Pfaadt, Brandon","Smith, Burch",2024,R,6,0.4458722655557843
"Pfaadt, Brandon","Hicks, Jordan",2024,R,7,0.45019567297236185
"Pfaadt, Brandon","Pagán, Emilio",2024,R,8,0.48251917681742035
"Pfaadt, Brandon","Gausman, Kevin",2024,R,9,0.48587134969778933
"Pfaadt, Brandon","Cecconi, Slade",2024,R,10,0.4880340126941387
"Phillips, Evan","Henriquez, Ronny",2024,R,1,0.24008284055090756
"Phillips, Evan","Mlodzinski, Carmen",2024,R,2,0.3695732726490686
"Phillips, Evan","Paredes, Enoli",2024,R,3,0.419000315602924
"Phillips, Evan","Núñez, Dedniel",2024,R,4,0.4660296499937575
"Phillips, Evan","Bello, Brayan",2024,R,5,0.5579743297353624
"Phillips, Evan","Criswell, Jeff",2024,R,6,0.5608978624130295
"Phillips, Evan","Hudson, Daniel",2024,R,7,0.5755195486829714
"Phillips, Evan","Kolek, Stephen",2024,R,8,0.581852366344454
"Phillips, Evan","Rodríguez, Randy",2024,R,9,0.6529307068950284
"Phillips, Evan","Salazar, Eduardo",2024,R,10,0.6755659553110207
"Phillips, Tyler","Avila, Pedro",2024,R,1,0.3212474954934759
"Phillips, Tyler","Stratton, Chris",2024,R,2,0.44046436404203804
"Phillips, Tyler","Martin, Davis",2024,R,3,0.45687611799054084
"Phillips, Tyler","Rodriguez, Carlos",2024,R,4,0.4706883498386931
"Phillips, Tyler","Assad, Javier",2024,R,5,0.47189775138661344
"Phillips, Tyler","Priester, Quinn",2024,R,6,0.47463992060426985
"Phillips, Tyler","Nastrini, Nick",2024,R,7,0.5041562223342095
"Phillips, Tyler","Contreras, Roansy",2024,R,8,0.5184784783687835
"Phillips, Tyler","Carrasco, Carlos",2024,R,9,0.5600673212255065
"Phillips, Tyler","Turnbull, Spencer",2024,R,10,0.5614456012609138
"Pinto, Ricardo","Neris, Héctor",2024,R,1,0.12835922565878427
"Pinto, Ricardo","Avila, Nick",2024,R,2,0.25459262922408715
"Pinto, Ricardo","Honeywell, Brent",2024,R,3,0.36061681572768556
"Pinto, Ricardo","Kremer, Dean",2024,R,4,0.3963429768064781
"Pinto, Ricardo","Nance, Tommy",2024,R,5,0.44251588992872243
"Pinto, Ricardo","Faedo, Alex",2024,R,6,0.5038900241212041
"Pinto, Ricardo","Pressly, Ryan",2024,R,7,0.5437765025417866
"Pinto, Ricardo","Vásquez, Randy",2024,R,8,0.5564474581152019
"Pinto, Ricardo","Priester, Quinn",2024,R,9,0.5694409901095681
"Pinto, Ricardo","White, Mitch",2024,R,10,0.5833082205230856
"Pivetta, Nick","Wacha, Michael",2024,R,1,0.723037809920718
"Pivetta, Nick","Jackson, Luke",2024,R,2,0.7996352773469769
"Pivetta, Nick","Woods Richardson, Simeon",2024,R,3,0.8226572195878935
"Pivetta, Nick","McKenzie, Triston",2024,R,4,0.9136720466886832
"Pivetta, Nick","Barnes, Matt",2024,R,5,0.9390686415276897
"Pivetta, Nick","Burr, Ryan",2024,R,6,0.9431128825847028
"Pivetta, Nick","Wells, Tyler",2024,R,7,1.0567161159276044
"Pivetta, Nick","Waguespack, Jacob",2024,R,8,1.0943128704290364
"Pivetta, Nick","Quantrill, Cal",2024,R,9,1.197883877268917
"Pivetta, Nick","Blalock, Bradley",2024,R,10,1.2185640215066904
"Plesac, Zach","Devenski, Chris",2024,R,1,0.48167519058269753
"Plesac, Zach","Littell, Zack",2024,R,2,0.6906944595050919
"Plesac, Zach","Thorpe, Drew",2024,R,3,0.751046608781337
"Plesac, Zach","Vines, Darius",2024,R,4,0.9769874013034174
"Plesac, Zach","Taillon, Jameson",2024,R,5,0.9841198628598472
"Plesac, Zach","Curry, Xzavion",2024,R,6,1.0197544564843053
"Plesac, Zach","Musgrove, Joe",2024,R,7,1.029833550703523
"Plesac, Zach","Crawford, Kutter",2024,R,8,1.0407232998677853
"Plesac, Zach","Assad, Javier",2024,R,9,1.0573478824701892
"Plesac, Zach","Woods Richardson, Simeon",2024,R,10,1.069581796251456
"Pop, Zach","Domínguez, Seranthony",2024,R,1,0.23317128070118842
"Pop, Zach","Burdi, Nick",2024,R,2,0.4093515096438001
"Pop, Zach","Doval, Camilo",2024,R,3,0.5508653210552006
"Pop, Zach","Stewart, Brock",2024,R,4,0.5534507455458719
"Pop, Zach","Foley, Jason",2024,R,5,0.617064136826234
"Pop, Zach","Finnegan, Kyle",2024,R,6,0.638029934779626
"Pop, Zach","Rodríguez, Manuel",2024,R,7,0.6562074882342867
"Pop, Zach","Vodnik, Victor",2024,R,8,0.7416569566730895
"Pop, Zach","Skenes, Paul",2024,R,9,0.782841264833517
"Pop, Zach","Kolek, Stephen",2024,R,10,0.7865859651233693
"Poteet, Cody","Maldonado, Anthony",2024,R,1,0.2652356969725597
"Poteet, Cody","Kelly, Michael",2024,R,2,0.35483769561174006
"Poteet, Cody","Martinez, Nick",2024,R,3,0.4466699492253421
"Poteet, Cody","Johnson, Pierce",2024,R,4,0.4509252666808568
"Poteet, Cody","Casparius, Ben",2024,R,5,0.6097419929244314
"Poteet, Cody","McGough, Scott",2024,R,6,0.646662187021244
"Poteet, Cody","Bielak, Brandon",2024,R,7,0.7082303177682527
"Poteet, Cody","Anderson, Nick",2024,R,8,0.71174700398671
"Poteet, Cody","Canning, Griffin",2024,R,9,0.7440903395650011
"Poteet, Cody","Keller, Brad",2024,R,10,0.7480366290180381
"Pressly, Ryan","Priester, Quinn",2024,R,1,0.5117551435034166
"Pressly, Ryan","Honeywell, Brent",2024,R,2,0.5327739051272435
"Pressly, Ryan","Pinto, Ricardo",2024,R,3,0.5437765025417866
"Pressly, Ryan","Nance, Tommy",2024,R,4,0.5701286066068
"Pressly, Ryan","Contreras, Roansy",2024,R,5,0.5748359096826078
"Pressly, Ryan","Avila, Nick",2024,R,6,0.6216950859375954
"Pressly, Ryan","Meyer, Max",2024,R,7,0.6550233991486374
"Pressly, Ryan","Neris, Héctor",2024,R,8,0.6706096179828706
"Pressly, Ryan","White, Mitch",2024,R,9,0.7360331786142751
"Pressly, Ryan","Mazur, Adam",2024,R,10,0.7479475546564476
"Priester, Quinn","Contreras, Roansy",2024,R,1,0.13389126765160897
"Priester, Quinn","White, Mitch",2024,R,2,0.30936466481461083
"Priester, Quinn","Lambert, Peter",2024,R,3,0.41832379607011694
"Priester, Quinn","Dana, Caden",2024,R,4,0.42089952402906095
"Priester, Quinn","Adam, Jason",2024,R,5,0.4680760437021146
"Priester, Quinn","Phillips, Tyler",2024,R,6,0.47463992060426985
"Priester, Quinn","Nance, Tommy",2024,R,7,0.4932739074838425
"Priester, Quinn","Pressly, Ryan",2024,R,8,0.5117551435034166
"Priester, Quinn","Merryweather, Julian",2024,R,9,0.5241076930979156
"Priester, Quinn","Bivens, Spencer",2024,R,10,0.525899312447769
"Quantrill, Cal","Adam, Jason",2024,R,1,0.3525127745285574
"Quantrill, Cal","Merryweather, Julian",2024,R,2,0.3622853921190661
"Quantrill, Cal","Birdsong, Hayden",2024,R,3,0.3894869555879475
"Quantrill, Cal","Lambert, Peter",2024,R,4,0.4764267884499935
"Quantrill, Cal","Blalock, Bradley",2024,R,5,0.4802253858894604
"Quantrill, Cal","Nance, Tommy",2024,R,6,0.5285216497955414
"Quantrill, Cal","Dana, Caden",2024,R,7,0.5539896489157745
"Quantrill, Cal","Bibee, Tanner",2024,R,8,0.5901401208440238
"Quantrill, Cal","Fitts, Richard",2024,R,9,0.6315791181860649
"Quantrill, Cal","Suárez, Albert",2024,R,10,0.6474753670464265
"Rainey, Tanner","Cole, Gerrit",2024,R,1,0.3938105296274465
"Rainey, Tanner","Medina, Luis",2024,R,2,0.40678664601614617
"Rainey, Tanner","Hoffman, Jeff",2024,R,3,0.50250857765756
"Rainey, Tanner","Greene, Hunter",2024,R,4,0.5880868748517825
"Rainey, Tanner","Severino, Luis",2024,R,5,0.5897974539070707
"Rainey, Tanner","Martin, Chris",2024,R,6,0.5906791478849136
"Rainey, Tanner","Bido, Osvaldo",2024,R,7,0.642523759500684
"Rainey, Tanner","Zeferjahn, Ryan",2024,R,8,0.6510140765304713
"Rainey, Tanner","Mercado, Michael",2024,R,9,0.6534314513003013
"Rainey, Tanner","Winckowski, Josh",2024,R,10,0.6859071098758195
"Ramirez, Emmanuel","Myers, Tobias",2024,R,1,0.6307559261809791
"Ramirez, Emmanuel","Gray, Sonny",2024,R,2,0.7520543703534938
"Ramirez, Emmanuel","Morgan, Eli",2024,R,3,0.7616588451984357
"Ramirez, Emmanuel","Contreras, Roansy",2024,R,4,0.80911979433796
"Ramirez, Emmanuel","Almonte, Yency",2024,R,5,0.82052929945528
"Ramirez, Emmanuel","Buehler, Walker",2024,R,6,0.8331631705746255
"Ramirez, Emmanuel","Burnes, Corbin",2024,R,7,0.850702636866401
"Ramirez, Emmanuel","Fedde, Erick",2024,R,8,0.866511104954125
"Ramirez, Emmanuel","Priester, Quinn",2024,R,9,0.883764092197594
"Ramirez, Emmanuel","Ginn, J.T.",2024,R,10,0.9111178772799919
"Ramírez, Erasmo","Webb, Jacob",2024,R,1,0.4072061482546909
"Ramírez, Erasmo","Englert, Mason",2024,R,2,0.45129484441197326
"Ramírez, Erasmo","García, Deivi",2024,R,3,0.46576487655483256
"Ramírez, Erasmo","Bolton, Cody",2024,R,4,0.5124114348784273
"Ramírez, Erasmo","Berríos, José",2024,R,5,0.535138143051443
"Ramírez, Erasmo","Thornton, Trent",2024,R,6,0.5583522127248076
"Ramírez, Erasmo","Kelly, Merrill",2024,R,7,0.5686626663990714
"Ramírez, Erasmo","Ryan, Ryder",2024,R,8,0.5830523774321552
"Ramírez, Erasmo","Marsh, Alec",2024,R,9,0.6100479154221015
"Ramírez, Erasmo","Morton, Charlie",2024,R,10,0.6235453544704473
"Ramírez, Yohan","Scott, Christian",2024,R,1,0.5284336409995585
"Ramírez, Yohan","Williams, Devin",2024,R,2,0.5610940574144432
"Ramírez, Yohan","Castro, Miguel",2024,R,3,0.580562888112565
"Ramírez, Yohan","Kelly, Zack",2024,R,4,0.5930724413535086
"Ramírez, Yohan","Arrighetti, Spencer",2024,R,5,0.6784398354757709
"Ramírez, Yohan","Webb, Logan",2024,R,6,0.6819182999232386
"Ramírez, Yohan","Singer, Brady",2024,R,7,0.753942933269381
"Ramírez, Yohan","Black, Mason",2024,R,8,0.8420304121813356
"Ramírez, Yohan","Schwellenbach, Spencer",2024,R,9,0.897798713944908
"Ramírez, Yohan","Rodriguez, Grayson",2024,R,10,0.9306158290763238
"Rasmussen, Drew","Finnegan, Kyle",2024,R,1,0.32567170663709266
"Rasmussen, Drew","Erceg, Lucas",2024,R,2,0.3383367997103663
"Rasmussen, Drew","Soriano, José",2024,R,3,0.3605278395819195
"Rasmussen, Drew","Foley, Jason",2024,R,4,0.41133262937855664
"Rasmussen, Drew","Kochanowicz, Jack",2024,R,5,0.42984606796272534
"Rasmussen, Drew","Weems, Jordan",2024,R,6,0.5840911686460659
"Rasmussen, Drew","Uribe, Abner",2024,R,7,0.5978673079878171
"Rasmussen, Drew","Harvey, Hunter",2024,R,8,0.6248012514063248
"Rasmussen, Drew","Estévez, Carlos",2024,R,9,0.6591891250822093
"Rasmussen, Drew","Greene, Hunter",2024,R,10,0.6808113882622233
"Rea, Colin","Cecconi, Slade",2024,R,1,0.16719589179987876
"Rea, Colin","Mahle, Tyler",2024,R,2,0.21518716263543247
"Rea, Colin","Heller, Ben",2024,R,3,0.2351188942288652
"Rea, Colin","Teng, Kai-Wei",2024,R,4,0.23860626152635617
"Rea, Colin","Garabito, Gerson",2024,R,5,0.33220307302063573
"Rea, Colin","Hicks, Jordan",2024,R,6,0.33737043717437676
"Rea, Colin","Kahnle, Tommy",2024,R,7,0.3981682413015399
"Rea, Colin","Sulser, Cole",2024,R,8,0.4282441028325643
"Rea, Colin","Manning, Matt",2024,R,9,0.47815572716911997
"Rea, Colin","García, Deivi",2024,R,10,0.4878148084980443
"Reid-Foley, Sean","Jones, Jared",2024,R,1,0.3447077055205211
"Reid-Foley, Sean","Barnes, Jacob",2024,R,2,0.4666084357909438
"Reid-Foley, Sean","Pearson, Nate",2024,R,3,0.4780737326932319
"Reid-Foley, Sean","Marte, José",2024,R,4,0.5396284000661545
"Reid-Foley, Sean","Varland, Louis",2024,R,5,0.6041025694076648
"Reid-Foley, Sean","Bigge, Hunter",2024,R,6,0.6367207808128122
"Reid-Foley, Sean","Winn, Cole",2024,R,7,0.6533684374408354
"Reid-Foley, Sean","Estrada, Jeremiah",2024,R,8,0.6688738284662482
"Reid-Foley, Sean","Miller, Shelby",2024,R,9,0.7041532301453125
"Reid-Foley, Sean","Rodríguez, Randy",2024,R,10,0.7264852927192436
"Reynolds, Sean","Ginkel, Kevin",2024,R,1,0.4012233371944242
"Reynolds, Sean","Brown, Ben",2024,R,2,0.417767478134198
"Reynolds, Sean","Jansen, Kenley",2024,R,3,0.47927116371775286
"Reynolds, Sean","Hjelle, Sean",2024,R,4,0.6341753423637781
"Reynolds, Sean","Mears, Nick",2024,R,5,0.6404930405328761
"Reynolds, Sean","Brown, Hunter",2024,R,6,0.6929628581198055
"Reynolds, Sean","Cabrera, Edward",2024,R,7,0.7178475038606872
"Reynolds, Sean","García, Luis",2024,R,8,0.734103636174252
"Reynolds, Sean","Nicolas, Kyle",2024,R,9,0.7929821660169166
"Reynolds, Sean","Boyle, Joe",2024,R,10,0.8090583493579997
"Richards, Trevor","Hudson, Dakota",2024,R,1,0.49674751650968735
"Richards, Trevor","Thorpe, Drew",2024,R,2,0.7335900900254081
"Richards, Trevor","Blackburn, Paul",2024,R,3,0.7964628752173581
"Richards, Trevor","Spence, Mitch",2024,R,4,0.8612133915008783
"Richards, Trevor","Vines, Darius",2024,R,5,0.873682294518763
"Richards, Trevor","Curry, Xzavion",2024,R,6,0.8936841069462785
"Richards, Trevor","Musgrove, Joe",2024,R,7,0.9644579399175185
"Richards, Trevor","Crawford, Kutter",2024,R,8,1.0128121883620493
"Richards, Trevor","Walker, Taijuan",2024,R,9,1.0883691451252027
"Richards, Trevor","Gordon, Tanner",2024,R,10,1.101231519055062
"Roberts, Ethan","Roupp, Landen",2024,R,1,0.6271294573070717
"Roberts, Ethan","McCaughan, Darren",2024,R,2,0.7534823135460224
"Roberts, Ethan","Beede, Tyler",2024,R,3,0.8782086892620586
"Roberts, Ethan","Criswell, Cooper",2024,R,4,0.9200500982354826
"Roberts, Ethan","Tate, Dillon",2024,R,5,1.0264706469898044
"Roberts, Ethan","Woodford, Jake",2024,R,6,1.0397066217703235
"Roberts, Ethan","Williams, Trevor",2024,R,7,1.0404824748484751
"Roberts, Ethan","Bassitt, Chris",2024,R,8,1.067306098057661
"Roberts, Ethan","Flaherty, Jack",2024,R,9,1.072566375596954
"Roberts, Ethan","Hernández, Elieser",2024,R,10,1.1805337603283677
"Robertson, David","Wilson, Bryse",2024,R,1,0.24596142665653586
"Robertson, David","Leone, Dominic",2024,R,2,0.2655151152658763
"Robertson, David","Gausman, Kevin",2024,R,3,0.3315660224473211
"Robertson, David","Dubin, Shawn",2024,R,4,0.4273601951542093
"Robertson, David","Oller, Adam",2024,R,5,0.4528839772565912
"Robertson, David","Abreu, Bryan",2024,R,6,0.46324728887330074
"Robertson, David","Keller, Mitch",2024,R,7,0.48552443247956023
"Robertson, David","López, Reynaldo",2024,R,8,0.4995543134000305
"Robertson, David","Anderson, Justin",2024,R,9,0.5309467737417504
"Robertson, David","Matthews, Zebby",2024,R,10,0.5569189523972689
"Robertson, Nick","Irvin, Jake",2024,R,1,0.43010441825967216
"Robertson, Nick","Hodge, Porter",2024,R,2,0.4896194210534597
"Robertson, Nick","Jiménez, Joe",2024,R,3,0.5046935368591197
"Robertson, Nick","Rodriguez, Grayson",2024,R,4,0.5323019764313599
"Robertson, Nick","Rocker, Kumar",2024,R,5,0.5574353734164192
"Robertson, Nick","Mize, Casey",2024,R,6,0.5873869408241068
"Robertson, Nick","López, Pablo",2024,R,7,0.622436621169005
"Robertson, Nick","Manoah, Alek",2024,R,8,0.6605192119959921
"Robertson, Nick","Kelly, Zack",2024,R,9,0.6742227588801569
"Robertson, Nick","Williams, Gavin",2024,R,10,0.6922592020739362
"Rocker, Kumar","Leiter, Jack",2024,R,1,0.4078890541268415
"Rocker, Kumar","Marte, José",2024,R,2,0.46740310264499646
"Rocker, Kumar","Ross, Joe",2024,R,3,0.47892645978367054
"Rocker, Kumar","Varland, Louis",2024,R,4,0.4896324118533429
"Rocker, Kumar","Mize, Casey",2024,R,5,0.49204844767134476
"Rocker, Kumar","Winn, Cole",2024,R,6,0.4987505343140218
"Rocker, Kumar","Brasier, Ryan",2024,R,7,0.5371780349534844
"Rocker, Kumar","Robertson, Nick",2024,R,8,0.5574353734164192
"Rocker, Kumar","Pagán, Emilio",2024,R,9,0.5792282124306862
"Rocker, Kumar","Pearson, Nate",2024,R,10,0.589369316663037
"Rodriguez, Carlos","Turnbull, Spencer",2024,R,1,0.17424579433922546
"Rodriguez, Carlos","Avila, Pedro",2024,R,2,0.33803750312747843
"Rodriguez, Carlos","Englert, Mason",2024,R,3,0.4144505639584888
"Rodriguez, Carlos","Jackson, Jay",2024,R,4,0.46771551277630685
"Rodriguez, Carlos","Phillips, Tyler",2024,R,5,0.4706883498386931
"Rodriguez, Carlos","Farmer, Buck",2024,R,6,0.5454594036947383
"Rodriguez, Carlos","Ramírez, Erasmo",2024,R,7,0.6319371988165283
"Rodriguez, Carlos","Webb, Jacob",2024,R,8,0.6377315960448312
"Rodriguez, Carlos","Stratton, Chris",2024,R,9,0.6567452541613598
"Rodriguez, Carlos","Bassitt, Chris",2024,R,10,0.6705401019044577
"Rodriguez, Grayson","Jiménez, Joe",2024,R,1,0.15120985329767367
"Rodriguez, Grayson","López, Pablo",2024,R,2,0.5107122646233977
"Rodriguez, Grayson","Hodge, Porter",2024,R,3,0.5254271570718003
"Rodriguez, Grayson","Robertson, Nick",2024,R,4,0.5323019764313599
"Rodriguez, Grayson","Williams, Devin",2024,R,5,0.6382265856890871
"Rodriguez, Grayson","Irvin, Jake",2024,R,6,0.6709433180226617
"Rodriguez, Grayson","Mize, Casey",2024,R,7,0.7580836907724355
"Rodriguez, Grayson","Megill, Tylor",2024,R,8,0.7867256839255072
"Rodriguez, Grayson","Kelly, Zack",2024,R,9,0.7898585478894332
"Rodriguez, Grayson","Williams, Gavin",2024,R,10,0.9054140701020466
"Rodríguez, Manuel","Jax, Griffin",2024,R,1,0.43622232847885084
"Rodríguez, Manuel","Varland, Gus",2024,R,2,0.4720146400736775
"Rodríguez, Manuel","Domínguez, Seranthony",2024,R,3,0.5051387842054526
"Rodríguez, Manuel","Doval, Camilo",2024,R,4,0.5521051984809309
"Rodríguez, Manuel","Stewart, Brock",2024,R,5,0.5657706057787719
"Rodríguez, Manuel","Foley, Jason",2024,R,6,0.6206310204145525
"Rodríguez, Manuel","Pop, Zach",2024,R,7,0.6562074882342867
"Rodríguez, Manuel","Burdi, Nick",2024,R,8,0.6632881100597288
"Rodríguez, Manuel","Jones, Jared",2024,R,9,0.6706804538311392
"Rodríguez, Manuel","Kolek, Stephen",2024,R,10,0.6860761037067612
"Rodríguez, Randy","Salazar, Eduardo",2024,R,1,0.2532439106237838
"Rodríguez, Randy","Henriquez, Ronny",2024,R,2,0.4263011911020054
"Rodríguez, Randy","Stone, Gavin",2024,R,3,0.4277317875939552
"Rodríguez, Randy","Jones, Jared",2024,R,4,0.4399154304343485
"Rodríguez, Randy","Ryan, River",2024,R,5,0.4706413639702424
"Rodríguez, Randy","Varland, Gus",2024,R,6,0.48300583545199754
"Rodríguez, Randy","Gray, Jon",2024,R,7,0.5058482959721036
"Rodríguez, Randy","Rodríguez, Yerry",2024,R,8,0.5279319050004837
"Rodríguez, Randy","Stewart, Brock",2024,R,9,0.5764736874759169
"Rodríguez, Randy","Pearson, Nate",2024,R,10,0.582365785313263
"Rodríguez, Yariel","Keller, Mitch",2024,R,1,0.2946271051368363
"Rodríguez, Yariel","Dubin, Shawn",2024,R,2,0.29566214921598954
"Rodríguez, Yariel","Almonte, Yency",2024,R,3,0.3057759035712884
"Rodríguez, Yariel","López, Reynaldo",2024,R,4,0.3167166485107256
"Rodríguez, Yariel","Hicks, Jordan",2024,R,5,0.36362680967088923
"Rodríguez, Yariel","Cecconi, Slade",2024,R,6,0.3680099086047203
"Rodríguez, Yariel","Sulser, Cole",2024,R,7,0.38303273904740043
"Rodríguez, Yariel","Nastrini, Nick",2024,R,8,0.386564480593045
"Rodríguez, Yariel","Fedde, Erick",2024,R,9,0.3867605505168245
"Rodríguez, Yariel","Heller, Ben",2024,R,10,0.38804264195383903
"Rodríguez, Yerry","Kittredge, Andrew",2024,R,1,0.22688720233228182
"Rodríguez, Yerry","Stone, Gavin",2024,R,2,0.2386221830558946
"Rodríguez, Yerry","Ross, Joe",2024,R,3,0.25520137699904494
"Rodríguez, Yerry","Leiter, Jack",2024,R,4,0.3209289122625794
"Rodríguez, Yerry","Salazar, Eduardo",2024,R,5,0.3279929487756021
"Rodríguez, Yerry","Pagán, Emilio",2024,R,6,0.34607788218773244
"Rodríguez, Yerry","Gray, Jon",2024,R,7,0.35884768627814934
"Rodríguez, Yerry","Armstrong, Shawn",2024,R,8,0.4123865867347981
"Rodríguez, Yerry","Anderson, Justin",2024,R,9,0.4169794158657875
"Rodríguez, Yerry","Ryan, River",2024,R,10,0.44281881781536203
"Rogers, Tyler","Cimber, Adam",2024,R,1,2.783996498345457
"Rogers, Tyler","Jacob, Alek",2024,R,2,6.092556951565067
"Rogers, Tyler","Thompson, Ryan",2024,R,3,6.267514221618537
"Rogers, Tyler","Kelly, Kevin",2024,R,4,6.4409474067873145
"Rogers, Tyler","Anderson, Grant",2024,R,5,6.596933226679741
"Rogers, Tyler","Schreiber, John",2024,R,6,6.913530848688713
"Rogers, Tyler","Sandlin, Nick",2024,R,7,6.963935712783136
"Rogers, Tyler","Cuas, Jose",2024,R,8,7.04289594905258
"Rogers, Tyler","Sewald, Paul",2024,R,9,7.174350655757598
"Rogers, Tyler","Martinez, Seth",2024,R,10,7.2565268803456
"Romano, Jordan","Glasnow, Tyler",2024,R,1,0.40287866627598956
"Romano, Jordan","Megill, Tylor",2024,R,2,0.598934292445299
"Romano, Jordan","Gilbert, Logan",2024,R,3,0.655662612374072
"Romano, Jordan","Holman, Grant",2024,R,4,0.6766959832112522
"Romano, Jordan","Leahy, Kyle",2024,R,5,0.8965537694138547
"Romano, Jordan","Williams, Gavin",2024,R,6,1.033166098843604
"Romano, Jordan","Smith, Cade",2024,R,7,1.0754540373545054
"Romano, Jordan","Hodge, Porter",2024,R,8,1.0773807703213647
"Romano, Jordan","Jiménez, Joe",2024,R,9,1.2311995671312577
"Romano, Jordan","Rodriguez, Grayson",2024,R,10,1.2438302634017173
"Ross, Joe","Leiter, Jack",2024,R,1,0.19399170677049807
"Ross, Joe","Rodríguez, Yerry",2024,R,2,0.25520137699904494
"Ross, Joe","Anderson, Justin",2024,R,3,0.2595228512511786
"Ross, Joe","Pagán, Emilio",2024,R,4,0.31634984125940535
"Ross, Joe","Kittredge, Andrew",2024,R,5,0.3884009781087741
"Ross, Joe","Stone, Gavin",2024,R,6,0.4610355704341186
"Ross, Joe","Salazar, Eduardo",2024,R,7,0.46191235229939287
"Ross, Joe","Gausman, Kevin",2024,R,8,0.4647751059499441
"Ross, Joe","Rocker, Kumar",2024,R,9,0.47892645978367054
"Ross, Joe","Winn, Cole",2024,R,10,0.4929053381617964
"Roupp, Landen","McCaughan, Darren",2024,R,1,0.2915051452085846
"Roupp, Landen","Flaherty, Jack",2024,R,2,0.47954284688680193
"Roupp, Landen","Tate, Dillon",2024,R,3,0.5817552978935316
"Roupp, Landen","Beede, Tyler",2024,R,4,0.585649533425753
"Roupp, Landen","Roberts, Ethan",2024,R,5,0.6271294573070717
"Roupp, Landen","Woodford, Jake",2024,R,6,0.7016606977668102
"Roupp, Landen","Hernández, Elieser",2024,R,7,0.7250774681607155
"Roupp, Landen","Bassitt, Chris",2024,R,8,0.7322496083278578
"Roupp, Landen","Marinaccio, Ron",2024,R,9,0.8054797347934619
"Roupp, Landen","Darvish, Yu",2024,R,10,0.8166101756967517
"Roycroft, Chris","Peguero, Elvis",2024,R,1,0.5847762682964296
"Roycroft, Chris","Wheeler, Zack",2024,R,2,0.6819240722138673
"Roycroft, Chris","Vodnik, Victor",2024,R,3,0.736665515653673
"Roycroft, Chris","Varland, Louis",2024,R,4,0.780857684179449
"Roycroft, Chris","Muñoz, Andrés",2024,R,5,0.7886929673662614
"Roycroft, Chris","Marte, José",2024,R,6,0.8935692772084189
"Roycroft, Chris","Pearson, Nate",2024,R,7,0.9087776446311493
"Roycroft, Chris","Miller, Shelby",2024,R,8,0.9328432719726889
"Roycroft, Chris","Díaz, Edwin",2024,R,9,0.9473305869113438
"Roycroft, Chris","Ortiz, Luis",2024,R,10,0.9682888909116186
"Ruiz, José","Winn, Keaton",2024,R,1,0.4049216906727255
"Ruiz, José","Brieske, Beau",2024,R,2,0.6153158781204681
"Ruiz, José","Senzatela, Antonio",2024,R,3,0.645984307958384
"Ruiz, José","Holmes, Clay",2024,R,4,0.6519467888726033
"Ruiz, José","Montas, Frankie",2024,R,5,0.6621343139788749
"Ruiz, José","Molina, Anthony",2024,R,6,0.6768966331225285
"Ruiz, José","Sborz, Josh",2024,R,7,0.6859843656612106
"Ruiz, José","Cease, Dylan",2024,R,8,0.7424070257957532
"Ruiz, José","Medina, Luis",2024,R,9,0.8110257708242518
"Ruiz, José","Berroa, Prelander",2024,R,10,0.8610249415422861
"Ryan, Joe","Kimbrel, Craig",2024,R,1,0.2594068728518883
"Ryan, Joe","Castro, Miguel",2024,R,2,0.7305080964088334
"Ryan, Joe","Black, Mason",2024,R,3,0.7767078354672788
"Ryan, Joe","Ortiz, Luis",2024,R,4,0.8168191343596926
"Ryan, Joe","Webb, Logan",2024,R,5,0.9628683627645737
"Ryan, Joe","Scott, Christian",2024,R,6,0.9676068935469462
"Ryan, Joe","Paredes, Enoli",2024,R,7,1.0353880845068653
"Ryan, Joe","Peralta, Freddy",2024,R,8,1.041961351753569
"Ryan, Joe","Mlodzinski, Carmen",2024,R,9,1.109142807162832
"Ryan, Joe","Ramírez, Yohan",2024,R,10,1.143041537116939
"Ryan, River","Stone, Gavin",2024,R,1,0.31288728421929646
"Ryan, River","Otañez, Michel",2024,R,2,0.3696531829894562
"Ryan, River","Salazar, Eduardo",2024,R,3,0.3905463764664964
"Ryan, River","Abreu, Bryan",2024,R,4,0.4350658159017376
"Ryan, River","Rodríguez, Yerry",2024,R,5,0.44281881781536203
"Ryan, River","Núñez, Dedniel",2024,R,6,0.45344124295643934
"Ryan, River","Hudson, Daniel",2024,R,7,0.46311652329529035
"Ryan, River","Gray, Jon",2024,R,8,0.4654989115571422
"Ryan, River","Rodríguez, Randy",2024,R,9,0.4706413639702424
"Ryan, River","Henriquez, Ronny",2024,R,10,0.48844074671209664
"Ryan, Ryder","Soriano, George",2024,R,1,0.3711752686942851
"Ryan, Ryder","Feltner, Ryan",2024,R,2,0.40858355094889703
"Ryan, Ryder","García, Deivi",2024,R,3,0.442805003043522
"Ryan, Ryder","Bolton, Cody",2024,R,4,0.5129439831652884
"Ryan, Ryder","Hancock, Emerson",2024,R,5,0.5286718040406242
"Ryan, Ryder","Yamamoto, Yoshinobu",2024,R,6,0.548204615224678
"Ryan, Ryder","Buehler, Walker",2024,R,7,0.5654060147670147
"Ryan, Ryder","Ramírez, Erasmo",2024,R,8,0.5830523774321552
"Ryan, Ryder","Berríos, José",2024,R,9,0.5830566043118485
"Ryan, Ryder","Chargois, JT",2024,R,10,0.6306319840500284
"Salazar, Eduardo","Rodríguez, Randy",2024,R,1,0.2532439106237838
"Salazar, Eduardo","Stone, Gavin",2024,R,2,0.28367430686214756
"Salazar, Eduardo","Rodríguez, Yerry",2024,R,3,0.3279929487756021
"Salazar, Eduardo","Ryan, River",2024,R,4,0.3905463764664964
"Salazar, Eduardo","Gray, Jon",2024,R,5,0.4029508601844362
"Salazar, Eduardo","Henriquez, Ronny",2024,R,6,0.45068372446353366
"Salazar, Eduardo","Ross, Joe",2024,R,7,0.46191235229939287
"Salazar, Eduardo","Leiter, Jack",2024,R,8,0.4642488174248906
"Salazar, Eduardo","Jones, Jared",2024,R,9,0.4992115206124678
"Salazar, Eduardo","Pagán, Emilio",2024,R,10,0.512186954115328
"Sandlin, Nick","Sewald, Paul",2024,R,1,0.9097658552158487
"Sandlin, Nick","Anderson, Grant",2024,R,2,1.0757283157235138
"Sandlin, Nick","Schreiber, John",2024,R,3,1.0876641664540234
"Sandlin, Nick","Martinez, Seth",2024,R,4,1.2084100219427514
"Sandlin, Nick","Roberts, Ethan",2024,R,5,1.3040976957450023
"Sandlin, Nick","Williams, Trevor",2024,R,6,1.326910576247129
"Sandlin, Nick","Festa, Matt",2024,R,7,1.3518588406449492
"Sandlin, Nick","Criswell, Cooper",2024,R,8,1.4065431085306057
"Sandlin, Nick","Miller, Ryan",2024,R,9,1.4270429784071466
"Sandlin, Nick","Nola, Aaron",2024,R,10,1.4768166430005811
"Sands, Cole","Hamilton, Ian",2024,R,1,0.6006552952668179
"Sands, Cole","Cobb, Alex",2024,R,2,0.6967176629185601
"Sands, Cole","Jarvis, Bryce",2024,R,3,0.7280604800012335
"Sands, Cole","Taylor, Troy",2024,R,4,0.7705072072412339
"Sands, Cole","Leclerc, José",2024,R,5,0.8118139589399198
"Sands, Cole","Holmes, Grant",2024,R,6,0.86535216413483
"Sands, Cole","Davis, Noah",2024,R,7,0.8880840580019093
"Sands, Cole","Jefferies, Daulton",2024,R,8,0.9328367721531915
"Sands, Cole","Treinen, Blake",2024,R,9,0.9429304651413333
"Sands, Cole","Olson, Reese",2024,R,10,0.9634878693611916
"Santana, Dennis","Jarvis, Bryce",2024,R,1,0.3423321847092287
"Santana, Dennis","Muñoz, Roddery",2024,R,2,0.44651204205745265
"Santana, Dennis","Garrett, Reed",2024,R,3,0.44989888337835104
"Santana, Dennis","Smith, Drew",2024,R,4,0.4869938602410981
"Santana, Dennis","Iglesias, Raisel",2024,R,5,0.5191523023648092
"Santana, Dennis","Marte, Yunior",2024,R,6,0.5370129503252363
"Santana, Dennis","Bido, Osvaldo",2024,R,7,0.5383023178642118
"Santana, Dennis","Cole, Gerrit",2024,R,8,0.5690124064967901
"Santana, Dennis","Payamps, Joel",2024,R,9,0.5978072031125288
"Santana, Dennis","Ureña, José",2024,R,10,0.6097707279696322
"Santillan, Tony","Cano, Yennier",2024,R,1,0.26490082215661476
"Santillan, Tony","Hanifee, Brenan",2024,R,2,0.39210596683526
"Santillan, Tony","Vest, Will",2024,R,3,0.49328904411464475
"Santillan, Tony","Weaver, Luke",2024,R,4,0.6179745549457148
"Santillan, Tony","Kelly, Joe",2024,R,5,0.6260937954479504
"Santillan, Tony","Zulueta, Yosver",2024,R,6,0.7155728950153717
"Santillan, Tony","Iglesias, Raisel",2024,R,7,0.8328759591958299
"Santillan, Tony","Jarvis, Bryce",2024,R,8,0.8354379096055907
"Santillan, Tony","Muñoz, Roddery",2024,R,9,0.8435134340413479
"Santillan, Tony","Marte, Yunior",2024,R,10,0.8435381930744699
"Sauer, Matt","López, Reynaldo",2024,R,1,0.2678839503806675
"Sauer, Matt","Matthews, Zebby",2024,R,2,0.31875008868441873
"Sauer, Matt","Fitts, Richard",2024,R,3,0.3749203633841026
"Sauer, Matt","Dubin, Shawn",2024,R,4,0.3820886769065189
"Sauer, Matt","Baz, Shane",2024,R,5,0.4066867309710356
"Sauer, Matt","Bivens, Spencer",2024,R,6,0.4097909249692167
"Sauer, Matt","Hoeing, Bryan",2024,R,7,0.41849407944851275
"Sauer, Matt","Dana, Caden",2024,R,8,0.42328399137569234
"Sauer, Matt","Burnes, Corbin",2024,R,9,0.44660898436245444
"Sauer, Matt","Keller, Mitch",2024,R,10,0.45745138884705616
"Sborz, Josh","Keller, Brad",2024,R,1,0.3367142581266515
"Sborz, Josh","Honeywell, Brent",2024,R,2,0.3861201578149015
"Sborz, Josh","Mazur, Adam",2024,R,3,0.5518368597311016
"Sborz, Josh","Molina, Anthony",2024,R,4,0.5617750827180157
"Sborz, Josh","Avila, Nick",2024,R,5,0.5997118788915518
"Sborz, Josh","Anderson, Nick",2024,R,6,0.625198023858545
"Sborz, Josh","Nance, Tommy",2024,R,7,0.6529650179879618
"Sborz, Josh","Ruiz, José",2024,R,8,0.6859843656612106
"Sborz, Josh","Pinto, Ricardo",2024,R,9,0.7179562778299812
"Sborz, Josh","Cease, Dylan",2024,R,10,0.733807615873916
"Scherzer, Max","Morton, Charlie",2024,R,1,0.4973177461693317
"Scherzer, Max","Webb, Jacob",2024,R,2,0.5424998187525063
"Scherzer, Max","Jackson, Jay",2024,R,3,0.5957165564035708
"Scherzer, Max","Voth, Austin",2024,R,4,0.6222764741999106
"Scherzer, Max","Beede, Tyler",2024,R,5,0.8048996475617991
"Scherzer, Max","Bassitt, Chris",2024,R,6,0.8428637061773109
"Scherzer, Max","Junis, Jakob",2024,R,7,0.8523798107950711
"Scherzer, Max","Sánchez, Sixto",2024,R,8,0.8984417806748307
"Scherzer, Max","Flaherty, Jack",2024,R,9,0.9166002060263589
"Scherzer, Max","Ramírez, Erasmo",2024,R,10,0.9186573483188251
"Schmidt, Clarke","Marsh, Alec",2024,R,1,0.24875757854755234
"Schmidt, Clarke","Kelly, Merrill",2024,R,2,0.4093797692188509
"Schmidt, Clarke","Lowder, Rhett",2024,R,3,0.47670048694215156
"Schmidt, Clarke","Englert, Mason",2024,R,4,0.4927220593776058
"Schmidt, Clarke","Smith, Drew",2024,R,5,0.5072861547068298
"Schmidt, Clarke","Bender, Anthony",2024,R,6,0.5781663199980471
"Schmidt, Clarke","Cannon, Jonathan",2024,R,7,0.5939196917453755
"Schmidt, Clarke","Madden, Ty",2024,R,8,0.5996259765024025
"Schmidt, Clarke","Payamps, Joel",2024,R,9,0.6210789792301317
"Schmidt, Clarke","Kerkering, Orion",2024,R,10,0.6237560846914127
"Schreiber, John","Anderson, Grant",2024,R,1,0.508840764979468
"Schreiber, John","Sewald, Paul",2024,R,2,0.7347723476063164
"Schreiber, John","Lawrence, Justin",2024,R,3,0.790015122707573
"Schreiber, John","Sandlin, Nick",2024,R,4,1.0876641664540234
"Schreiber, John","Cuas, Jose",2024,R,5,1.0965692950783619
"Schreiber, John","Miller, Ryan",2024,R,6,1.206183633603966
"Schreiber, John","Thompson, Ryan",2024,R,7,1.2218437864591136
"Schreiber, John","Festa, Matt",2024,R,8,1.2934954137372991
"Schreiber, John","Ryan, Joe",2024,R,9,1.3553824529330922
"Schreiber, John","Uceta, Edwin",2024,R,10,1.463469856647415
"Schwellenbach, Spencer","Pfaadt, Brandon",2024,R,1,0.4456185046758792
"Schwellenbach, Spencer","Warren, Will",2024,R,2,0.4818398384506511
"Schwellenbach, Spencer","Peralta, Freddy",2024,R,3,0.49981448250833865
"Schwellenbach, Spencer","Scott, Christian",2024,R,4,0.5526664629096847
"Schwellenbach, Spencer","Smith, Burch",2024,R,5,0.5648939815752483
"Schwellenbach, Spencer","Anderson, Justin",2024,R,6,0.6108563213680226
"Schwellenbach, Spencer","Manning, Matt",2024,R,7,0.6219780711969941
"Schwellenbach, Spencer","McGreevy, Michael",2024,R,8,0.623094773511466
"Schwellenbach, Spencer","Eovaldi, Nathan",2024,R,9,0.6241232435917236
"Schwellenbach, Spencer","Winn, Cole",2024,R,10,0.6329791907379735
"Scott, Christian","Ramírez, Yohan",2024,R,1,0.5284336409995585
"Scott, Christian","Schwellenbach, Spencer",2024,R,2,0.5526664629096847
"Scott, Christian","Kelly, Zack",2024,R,3,0.6222478295713002
"Scott, Christian","Peralta, Freddy",2024,R,4,0.6677995661499092
"Scott, Christian","Williams, Devin",2024,R,5,0.6854570679987183
"Scott, Christian","Castro, Miguel",2024,R,6,0.7023071455473027
"Scott, Christian","Black, Mason",2024,R,7,0.7635500123914324
"Scott, Christian","Wheeler, Zack",2024,R,8,0.870865703566656
"Scott, Christian","Miller, Shelby",2024,R,9,0.8932973815833882
"Scott, Christian","Kimbrel, Craig",2024,R,10,0.9059437080950515
"Scott, Tayler","Weissert, Greg",2024,R,1,0.687732819913071
"Scott, Tayler","Adams, Austin",2024,R,2,0.7775680003845611
"Scott, Tayler","Walker, Ryan",2024,R,3,1.1793743746389689
"Scott, Tayler","Snider, Collin",2024,R,4,1.239762858021804
"Scott, Tayler","García, Yimi",2024,R,5,1.3085178507964534
"Scott, Tayler","Tonkin, Michael",2024,R,6,1.3273608996442847
"Scott, Tayler","Cronin, Declan",2024,R,7,1.3613419986485122
"Scott, Tayler","Bird, Jake",2024,R,8,1.385348611297381
"Scott, Tayler","Yates, Kirby",2024,R,9,1.3911123808504156
"Scott, Tayler","Uceta, Edwin",2024,R,10,1.4486940291222625
"Senzatela, Antonio","Ruiz, José",2024,R,1,0.645984307958384
"Senzatela, Antonio","Holmes, Grant",2024,R,2,0.6603624278251272
"Senzatela, Antonio","Molina, Anthony",2024,R,3,0.6654909482800937
"Senzatela, Antonio","Cole, Gerrit",2024,R,4,0.671599051069494
"Senzatela, Antonio","Winn, Keaton",2024,R,5,0.6986098943910092
"Senzatela, Antonio","Medina, Luis",2024,R,6,0.7243509972140837
"Senzatela, Antonio","Brieske, Beau",2024,R,7,0.7278687940350153
"Senzatela, Antonio","McGough, Scott",2024,R,8,0.748546108019893
"Senzatela, Antonio","Montas, Frankie",2024,R,9,0.7803308064405529
"Senzatela, Antonio","Hamilton, Ian",2024,R,10,0.786393373043536
"Severino, Luis","Greene, Hunter",2024,R,1,0.22892123314952378
"Severino, Luis","Zeferjahn, Ryan",2024,R,2,0.41655892759143126
"Severino, Luis","Kochanowicz, Jack",2024,R,3,0.44625461734719984
"Severino, Luis","Zuñiga, Guillo",2024,R,4,0.4534001041871447
"Severino, Luis","Winckowski, Josh",2024,R,5,0.4878010022149542
"Severino, Luis","Ort, Kaleb",2024,R,6,0.5009782913211521
"Severino, Luis","Skenes, Paul",2024,R,7,0.533689397568511
"Severino, Luis","Green, Chad",2024,R,8,0.5343634343699722
"Severino, Luis","Hernández, Daysbel",2024,R,9,0.539428884128353
"Severino, Luis","Weems, Jordan",2024,R,10,0.5419141824268333
"Sewald, Paul","Schreiber, John",2024,R,1,0.7347723476063164
"Sewald, Paul","Anderson, Grant",2024,R,2,0.8314940610108744
"Sewald, Paul","Cuas, Jose",2024,R,3,0.9010905809841588
"Sewald, Paul","Sandlin, Nick",2024,R,4,0.9097658552158487
"Sewald, Paul","Lawrence, Justin",2024,R,5,0.9319467660702885
"Sewald, Paul","Festa, Matt",2024,R,6,1.1013244135169749
"Sewald, Paul","Weissert, Greg",2024,R,7,1.1697075998994284
"Sewald, Paul","Miller, Ryan",2024,R,8,1.2108582544024096
"Sewald, Paul","Ryan, Joe",2024,R,9,1.388670987111814
"Sewald, Paul","Woodford, Jake",2024,R,10,1.4856753995886491
"Sims, Lucas","Knack, Landon",2024,R,1,0.4120049569061861
"Sims, Lucas","Lorenzen, Michael",2024,R,2,0.5315787359475803
"Sims, Lucas","Anderson, Chase",2024,R,3,0.6258318095545345
"Sims, Lucas","Aguiar, Julian",2024,R,4,0.7077911604128023
"Sims, Lucas","Bazardo, Eduard",2024,R,5,0.7165669193211525
"Sims, Lucas","Davis, Noah",2024,R,6,0.7173315415978743
"Sims, Lucas","Houck, Tanner",2024,R,7,0.7320765988012603
"Sims, Lucas","Canning, Griffin",2024,R,8,0.7459234078293596
"Sims, Lucas","Estes, Joey",2024,R,9,0.7516274271813731
"Sims, Lucas","Lugo, Seth",2024,R,10,0.7820505449563991
"Singer, Brady","Arrighetti, Spencer",2024,R,1,0.49174177361478527
"Singer, Brady","Nola, Aaron",2024,R,2,0.6497842868391014
"Singer, Brady","Lively, Ben",2024,R,3,0.6710128986344768
"Singer, Brady","Webb, Logan",2024,R,4,0.6978593139111833
"Singer, Brady","Gómez, Yoendrys",2024,R,5,0.7025628488122011
"Singer, Brady","Ramírez, Yohan",2024,R,6,0.753942933269381
"Singer, Brady","Manning, Matt",2024,R,7,0.7979445706311528
"Singer, Brady","Castro, Miguel",2024,R,8,0.8666827479357387
"Singer, Brady","Dunning, Dane",2024,R,9,0.8843533973804839
"Singer, Brady","Black, Mason",2024,R,10,0.8891039130576226
"Skenes, Paul","Otañez, Michel",2024,R,1,0.15508782041260102
"Skenes, Paul","Harvey, Hunter",2024,R,2,0.43067665221104584
"Skenes, Paul","Ort, Kaleb",2024,R,3,0.4333833048161306
"Skenes, Paul","Ryan, River",2024,R,4,0.518669483980895
"Skenes, Paul","Severino, Luis",2024,R,5,0.533689397568511
"Skenes, Paul","Hudson, Daniel",2024,R,6,0.5371590414976852
"Skenes, Paul","Kochanowicz, Jack",2024,R,7,0.5427462686729518
"Skenes, Paul","Vest, Will",2024,R,8,0.5502403485570562
"Skenes, Paul","Zuñiga, Guillo",2024,R,9,0.5637296783790551
"Skenes, Paul","Núñez, Dedniel",2024,R,10,0.5781680820251102
"Slaten, Justin","Swanson, Erik",2024,R,1,0.3255804202993672
"Slaten, Justin","Pepiot, Ryan",2024,R,2,0.3735591246947377
"Slaten, Justin","Burnes, Corbin",2024,R,3,0.41908995142845307
"Slaten, Justin","Staumont, Josh",2024,R,4,0.4287095036488602
"Slaten, Justin","Nelson, Ryne",2024,R,5,0.5257749200552915
"Slaten, Justin","Suárez, Albert",2024,R,6,0.5423483665953573
"Slaten, Justin","Miller, Bobby",2024,R,7,0.5562344660886741
"Slaten, Justin","Pallante, Andre",2024,R,8,0.6496367379423376
"Slaten, Justin","Sauer, Matt",2024,R,9,0.6709569975664897
"Slaten, Justin","Alzolay, Adbert",2024,R,10,0.680804670290047
"Smith, Burch","Warren, Will",2024,R,1,0.16707471935087112
"Smith, Burch","McArthur, James",2024,R,2,0.18283648922500614
"Smith, Burch","McGreevy, Michael",2024,R,3,0.22048597639045364
"Smith, Burch","Kahnle, Tommy",2024,R,4,0.34743167182358536
"Smith, Burch","Heller, Ben",2024,R,5,0.3679627484651761
"Smith, Burch","Cecconi, Slade",2024,R,6,0.43396109640790614
"Smith, Burch","Gausman, Kevin",2024,R,7,0.4394520203138619
"Smith, Burch","Pfaadt, Brandon",2024,R,8,0.4458722655557843
"Smith, Burch","Garabito, Gerson",2024,R,9,0.4796018719525234
"Smith, Burch","Ginn, J.T.",2024,R,10,0.5072490240384199
"Smith, Cade","Williams, Gavin",2024,R,1,0.8040087680023928
"Smith, Cade","Megill, Tylor",2024,R,2,0.8062939307547561
"Smith, Cade","Glasnow, Tyler",2024,R,3,0.8609699072554163
"Smith, Cade","Hodge, Porter",2024,R,4,0.9164359157154616
"Smith, Cade","Peguero, Elvis",2024,R,5,1.064414944520488
"Smith, Cade","Romano, Jordan",2024,R,6,1.0754540373545054
"Smith, Cade","Leahy, Kyle",2024,R,7,1.1133571740016484
"Smith, Cade","Varland, Louis",2024,R,8,1.1360496357510281
"Smith, Cade","Roycroft, Chris",2024,R,9,1.2390457529470134
"Smith, Cade","Rocker, Kumar",2024,R,10,1.253113006673935
"Smith, Drew","Lowder, Rhett",2024,R,1,0.21315217156582333
"Smith, Drew","Madden, Ty",2024,R,2,0.28001266653950513
"Smith, Drew","Marsh, Alec",2024,R,3,0.287284199024334
"Smith, Drew","Payamps, Joel",2024,R,4,0.3885781624052823
"Smith, Drew","Thompson, Keegan",2024,R,5,0.46246660714584126
"Smith, Drew","Kelly, Merrill",2024,R,6,0.4792915736211653
"Smith, Drew","Cannon, Jonathan",2024,R,7,0.48463072548639746
"Smith, Drew","Santana, Dennis",2024,R,8,0.4869938602410981
"Smith, Drew","Jarvis, Bryce",2024,R,9,0.4925006481403992
"Smith, Drew","Jefferies, Daulton",2024,R,10,0.49649327973290464
"Snider, Collin","Tonkin, Michael",2024,R,1,0.40445934038039205
"Snider, Collin","Walker, Ryan",2024,R,2,0.531971708831104
"Snider, Collin","Thornton, Trent",2024,R,3,0.5866935887106968
"Snider, Collin","King, Michael",2024,R,4,0.5875479035952753
"Snider, Collin","Buttó, José",2024,R,5,0.6171966257745551
"Snider, Collin","Yates, Kirby",2024,R,6,0.7115949296467098
"Snider, Collin","Bolton, Cody",2024,R,7,0.7516223928239767
"Snider, Collin","Ramírez, Erasmo",2024,R,8,0.7706722584902652
"Snider, Collin","Weissert, Greg",2024,R,9,0.8112395915069581
"Snider, Collin","Webb, Jacob",2024,R,10,0.8244579961366896
"Soriano, George","Ryan, Ryder",2024,R,1,0.3711752686942851
"Soriano, George","García, Deivi",2024,R,2,0.5359323820514064
"Soriano, George","Chavez, Jesse",2024,R,3,0.5899286857194971
"Soriano, George","Kuhl, Chad",2024,R,4,0.6032427682047553
"Soriano, George","Hernández, Elieser",2024,R,5,0.646983447930801
"Soriano, George","Spiers, Carson",2024,R,6,0.6613936272066504
"Soriano, George","Thornton, Trent",2024,R,7,0.6633173283324949
"Soriano, George","Bolton, Cody",2024,R,8,0.6696542950355239
"Soriano, George","Woodford, Jake",2024,R,9,0.689775016197406
"Soriano, George","Ramírez, Erasmo",2024,R,10,0.6994198310528547
"Soriano, José","Uribe, Abner",2024,R,1,0.34900005953661917
"Soriano, José","Rasmussen, Drew",2024,R,2,0.3605278395819195
"Soriano, José","Erceg, Lucas",2024,R,3,0.4304883516771493
"Soriano, José","Finnegan, Kyle",2024,R,4,0.5735634460558982
"Soriano, José","Petersen, Michael",2024,R,5,0.5813545944417365
"Soriano, José","Kochanowicz, Jack",2024,R,6,0.5910856965666706
"Soriano, José","Foley, Jason",2024,R,7,0.627201199193095
"Soriano, José","Estévez, Carlos",2024,R,8,0.6435415466523674
"Soriano, José","Weems, Jordan",2024,R,9,0.6599330103183109
"Soriano, José","Boyle, Joe",2024,R,10,0.6721960300226749
"Soroka, Michael","Johnson, Pierce",2024,R,1,0.40452588886320007
"Soroka, Michael","Olson, Reese",2024,R,2,0.464735962522787
"Soroka, Michael","Strickland, Hunter",2024,R,3,0.4947434636175325
"Soroka, Michael","Faedo, Alex",2024,R,4,0.558906582040749
"Soroka, Michael","Maldonado, Anthony",2024,R,5,0.5969795108366992
"Soroka, Michael","Estes, Joey",2024,R,6,0.5974881559718629
"Soroka, Michael","Sánchez, Sixto",2024,R,7,0.6658663933267187
"Soroka, Michael","Kremer, Dean",2024,R,8,0.6972611498462155
"Soroka, Michael","Kelly, Michael",2024,R,9,0.735573047548495
"Soroka, Michael","Brooks, Aaron",2024,R,10,0.7401410728604529
"Spence, Mitch","Gordon, Tanner",2024,R,1,0.3504762249700314
"Spence, Mitch","Brewer, Colten",2024,R,2,0.4488568053640257
"Spence, Mitch","Blackburn, Paul",2024,R,3,0.48203404657528787
"Spence, Mitch","Hudson, Dakota",2024,R,4,0.5012975879784431
"Spence, Mitch","Mikolas, Miles",2024,R,5,0.5477425617709325
"Spence, Mitch","Kremer, Dean",2024,R,6,0.5758467428265149
"Spence, Mitch","Brooks, Aaron",2024,R,7,0.6514558840986164
"Spence, Mitch","Faedo, Alex",2024,R,8,0.7160066011771474
"Spence, Mitch","Soroka, Michael",2024,R,9,0.7504202095294357
"Spence, Mitch","Floro, Dylan",2024,R,10,0.7568405442084933
"Spiers, Carson","Tate, Dillon",2024,R,1,0.4422676013650747
"Spiers, Carson","Hernández, Elieser",2024,R,2,0.4441097827826346
"Spiers, Carson","Teng, Kai-Wei",2024,R,3,0.47861651924183357
"Spiers, Carson","Mahle, Tyler",2024,R,4,0.4952215304955547
"Spiers, Carson","García, Deivi",2024,R,5,0.5398311089736185
"Spiers, Carson","Rea, Colin",2024,R,6,0.5514257047268051
"Spiers, Carson","Gray, Sonny",2024,R,7,0.5789302164946083
"Spiers, Carson","Manning, Matt",2024,R,8,0.5857527020714042
"Spiers, Carson","Black, Mason",2024,R,9,0.6340984086447967
"Spiers, Carson","Kuhl, Chad",2024,R,10,0.6402671580926357
"Stanek, Ryne","Alcala, Jorge",2024,R,1,0.8379366515469061
"Stanek, Ryne","Ruiz, José",2024,R,2,0.9769312278922347
"Stanek, Ryne","Estévez, Carlos",2024,R,3,1.0146167387199119
"Stanek, Ryne","Brieske, Beau",2024,R,4,1.0319208566673976
"Stanek, Ryne","Winn, Keaton",2024,R,5,1.0783874756970995
"Stanek, Ryne","Brito, Jhony",2024,R,6,1.0812503342337945
"Stanek, Ryne","Holmes, Clay",2024,R,7,1.0898099867965023
"Stanek, Ryne","Zulueta, Yosver",2024,R,8,1.1468295021877533
"Stanek, Ryne","Zuñiga, Guillo",2024,R,9,1.1632439373125325
"Stanek, Ryne","Petersen, Michael",2024,R,10,1.171058068810477
"Staumont, Josh","Swanson, Erik",2024,R,1,0.3608413927686241
"Staumont, Josh","Suárez, Albert",2024,R,2,0.3667759172973728
"Staumont, Josh","Fedde, Erick",2024,R,3,0.42797248296199786
"Staumont, Josh","Slaten, Justin",2024,R,4,0.4287095036488602
"Staumont, Josh","Houser, Adrian",2024,R,5,0.45115330810105336
"Staumont, Josh","Almonte, Yency",2024,R,6,0.4539482319220677
"Staumont, Josh","Hoeing, Bryan",2024,R,7,0.49056648920194285
"Staumont, Josh","Sauer, Matt",2024,R,8,0.5061569467898067
"Staumont, Josh","Dana, Caden",2024,R,9,0.5197523800334203
"Staumont, Josh","Myers, Tobias",2024,R,10,0.5306487829956116
"Stewart, Brock","Kolek, Stephen",2024,R,1,0.26300379455510786
"Stewart, Brock","Varland, Gus",2024,R,2,0.3485784882593092
"Stewart, Brock","Burdi, Nick",2024,R,3,0.4445192025580754
"Stewart, Brock","Domínguez, Seranthony",2024,R,4,0.46666914318462827
"Stewart, Brock","Doval, Camilo",2024,R,5,0.484232763319562
"Stewart, Brock","Núñez, Dedniel",2024,R,6,0.5010643935476586
"Stewart, Brock","Pop, Zach",2024,R,7,0.5534507455458719
"Stewart, Brock","Rodríguez, Manuel",2024,R,8,0.5657706057787719
"Stewart, Brock","Henriquez, Ronny",2024,R,9,0.5686515038649699
"Stewart, Brock","Otañez, Michel",2024,R,10,0.5697922723561961
"Stone, Gavin","Gray, Jon",2024,R,1,0.1847217573029097
"Stone, Gavin","Rodríguez, Yerry",2024,R,2,0.2386221830558946
"Stone, Gavin","Salazar, Eduardo",2024,R,3,0.28367430686214756
"Stone, Gavin","Ryan, River",2024,R,4,0.31288728421929646
"Stone, Gavin","Kittredge, Andrew",2024,R,5,0.33834511843235865
"Stone, Gavin","Abreu, Bryan",2024,R,6,0.3790314624108355
"Stone, Gavin","Armstrong, Shawn",2024,R,7,0.42373347810334006
"Stone, Gavin","Rodríguez, Randy",2024,R,8,0.4277317875939552
"Stone, Gavin","Ross, Joe",2024,R,9,0.4610355704341186
"Stone, Gavin","Pagán, Emilio",2024,R,10,0.4784822923231728
"Stratton, Chris","Eflin, Zach",2024,R,1,0.3362072765677442
"Stratton, Chris","Assad, Javier",2024,R,2,0.3957441401845789
"Stratton, Chris","Carrasco, Carlos",2024,R,3,0.43352185267929066
"Stratton, Chris","Phillips, Tyler",2024,R,4,0.44046436404203804
"Stratton, Chris","Martin, Davis",2024,R,5,0.45925192710352913
"Stratton, Chris","Nastrini, Nick",2024,R,6,0.48169118154858404
"Stratton, Chris","Brebbia, John",2024,R,7,0.5220445383770076
"Stratton, Chris","Avila, Pedro",2024,R,8,0.525418520811041
"Stratton, Chris","Darvish, Yu",2024,R,9,0.5414019855455912
"Stratton, Chris","Jackson, Jay",2024,R,10,0.5445875326546653
"Stratton, Hunter","Chivilli, Angel",2024,R,1,0.19166462570857576
"Stratton, Hunter","Winckowski, Josh",2024,R,2,0.3496956267158786
"Stratton, Hunter","Cease, Dylan",2024,R,3,0.3537677783714186
"Stratton, Hunter","Bradley, Taj",2024,R,4,0.4771049939937914
"Stratton, Hunter","López, Jorge",2024,R,5,0.501273566342337
"Stratton, Hunter","Matthews, Zebby",2024,R,6,0.5013764960595543
"Stratton, Hunter","Meyer, Max",2024,R,7,0.513929631167389
"Stratton, Hunter","Brito, Jhony",2024,R,8,0.526163251084481
"Stratton, Hunter","Burnes, Corbin",2024,R,9,0.5377427625905682
"Stratton, Hunter","Mercado, Michael",2024,R,10,0.5719416206670924
"Strickland, Hunter","Jefferies, Daulton",2024,R,1,0.424196767930847
"Strickland, Hunter","Sánchez, Sixto",2024,R,2,0.44941255342158465
"Strickland, Hunter","Soroka, Michael",2024,R,3,0.4947434636175325
"Strickland, Hunter","Olson, Reese",2024,R,4,0.5314200583284496
"Strickland, Hunter","Thompson, Keegan",2024,R,5,0.5890041636654894
"Strickland, Hunter","Cannon, Jonathan",2024,R,6,0.6281152633539848
"Strickland, Hunter","Faedo, Alex",2024,R,7,0.6589312165549551
"Strickland, Hunter","Estes, Joey",2024,R,8,0.6713715813296539
"Strickland, Hunter","Bazardo, Eduard",2024,R,9,0.6856883313892307
"Strickland, Hunter","Houck, Tanner",2024,R,10,0.6888671316523987
"Stripling, Ross","Elder, Bryce",2024,R,1,0.6024061279985458
"Stripling, Ross","Verlander, Justin",2024,R,2,0.609345398806527
"Stripling, Ross","Chirinos, Yonny",2024,R,3,0.8634995905714326
"Stripling, Ross","Wells, Tyler",2024,R,4,0.8653751013199157
"Stripling, Ross","Gallegos, Giovanny",2024,R,5,0.8719028378642805
"Stripling, Ross","Walker, Taijuan",2024,R,6,0.9201475742391882
"Stripling, Ross","Musgrove, Joe",2024,R,7,0.9637629760076888
"Stripling, Ross","Flexen, Chris",2024,R,8,1.0078458707725244
"Stripling, Ross","Anderson, Nick",2024,R,9,1.0140216957132009
"Stripling, Ross","Devenski, Chris",2024,R,10,1.175210276177938
"Stroman, Marcus","Lugo, Seth",2024,R,1,0.9385729719329913
"Stroman, Marcus","Germán, Domingo",2024,R,2,0.9546605892912531
"Stroman, Marcus","Sims, Lucas",2024,R,3,1.0359821080450338
"Stroman, Marcus","Anderson, Chase",2024,R,4,1.0550123308806956
"Stroman, Marcus","Aguiar, Julian",2024,R,5,1.2068727268466235
"Stroman, Marcus","Knack, Landon",2024,R,6,1.2398771747756607
"Stroman, Marcus","Houck, Tanner",2024,R,7,1.2724562848785712
"Stroman, Marcus","Junis, Jakob",2024,R,8,1.3066848258703256
"Stroman, Marcus","Farmer, Buck",2024,R,9,1.3312277855628982
"Stroman, Marcus","Cronin, Declan",2024,R,10,1.3802871507216397
"Suarez, Robert","Clase, Emmanuel",2024,R,1,0.49251637403789705
"Suarez, Robert","Miller, Mason",2024,R,2,0.9582281835328194
"Suarez, Robert","Megill, Trevor",2024,R,3,1.2809270659045575
"Suarez, Robert","Uribe, Abner",2024,R,4,1.3024641124789673
"Suarez, Robert","Kopech, Michael",2024,R,5,1.3402492218007866
"Suarez, Robert","Martinez, Justin",2024,R,6,1.3904241246375921
"Suarez, Robert","Soriano, José",2024,R,7,1.5014954230244082
"Suarez, Robert","Petersen, Michael",2024,R,8,1.5466089488841264
"Suarez, Robert","Duran, Jhoan",2024,R,9,1.5569417816698623
"Suarez, Robert","Rasmussen, Drew",2024,R,10,1.6728322459356069
"Sulser, Cole","Brebbia, John",2024,R,1,0.17782468410049906
"Sulser, Cole","Garabito, Gerson",2024,R,2,0.24926390724533495
"Sulser, Cole","Heller, Ben",2024,R,3,0.2969896208261662
"Sulser, Cole","Kahnle, Tommy",2024,R,4,0.3330051221927103
"Sulser, Cole","Cecconi, Slade",2024,R,5,0.35545130773345956
"Sulser, Cole","Almonte, Yency",2024,R,6,0.3590860686596295
"Sulser, Cole","Nastrini, Nick",2024,R,7,0.37804460143024876
"Sulser, Cole","Rodríguez, Yariel",2024,R,8,0.38303273904740043
"Sulser, Cole","Fedde, Erick",2024,R,9,0.39328552627514257
"Sulser, Cole","Rea, Colin",2024,R,10,0.4282441028325643
"Suárez, Albert","Staumont, Josh",2024,R,1,0.3667759172973728
"Suárez, Albert","Swanson, Erik",2024,R,2,0.3760782359920977
"Suárez, Albert","Hoeing, Bryan",2024,R,3,0.527175396070338
"Suárez, Albert","Slaten, Justin",2024,R,4,0.5423483665953573
"Suárez, Albert","Birdsong, Hayden",2024,R,5,0.5494784073593143
"Suárez, Albert","Adam, Jason",2024,R,6,0.5734163096275525
"Suárez, Albert","Fitts, Richard",2024,R,7,0.5905425920661931
"Suárez, Albert","Festa, David",2024,R,8,0.5974731856561002
"Suárez, Albert","Bibee, Tanner",2024,R,9,0.5992664410179239
"Suárez, Albert","Blanco, Ronel",2024,R,10,0.6179414503512827
"Swanson, Erik","Slaten, Justin",2024,R,1,0.3255804202993672
"Swanson, Erik","Staumont, Josh",2024,R,2,0.3608413927686241
"Swanson, Erik","Suárez, Albert",2024,R,3,0.3760782359920977
"Swanson, Erik","Grove, Michael",2024,R,4,0.527944735902376
"Swanson, Erik","Blanco, Ronel",2024,R,5,0.5619168463337416
"Swanson, Erik","Miller, Bobby",2024,R,6,0.6119920722530778
"Swanson, Erik","Nelson, Ryne",2024,R,7,0.6202044967168343
"Swanson, Erik","Houser, Adrian",2024,R,8,0.6216341458928065
"Swanson, Erik","Pepiot, Ryan",2024,R,9,0.6363978063582432
"Swanson, Erik","Burnes, Corbin",2024,R,10,0.6613643009309665
"Sánchez, Sixto","Junis, Jakob",2024,R,1,0.26576278188604474
"Sánchez, Sixto","Houck, Tanner",2024,R,2,0.32895964783642984
"Sánchez, Sixto","Estes, Joey",2024,R,3,0.36412715122295647
"Sánchez, Sixto","Strickland, Hunter",2024,R,4,0.44941255342158465
"Sánchez, Sixto","Bazardo, Eduard",2024,R,5,0.5220550858301484
"Sánchez, Sixto","Aguiar, Julian",2024,R,6,0.5500135535762244
"Sánchez, Sixto","Cannon, Jonathan",2024,R,7,0.6004490866844574
"Sánchez, Sixto","Englert, Mason",2024,R,8,0.6076602553544896
"Sánchez, Sixto","Jefferies, Daulton",2024,R,9,0.6116353231442168
"Sánchez, Sixto","Soroka, Michael",2024,R,10,0.6658663933267187
"Taillon, Jameson","Assad, Javier",2024,R,1,0.39231684177035986
"Taillon, Jameson","Carrasco, Carlos",2024,R,2,0.49151270546943393
"Taillon, Jameson","Cruz, Fernando",2024,R,3,0.599150961134578
"Taillon, Jameson","Woods Richardson, Simeon",2024,R,4,0.6242779569884953
"Taillon, Jameson","Blanco, Ronel",2024,R,5,0.6443588874205125
"Taillon, Jameson","Howard, Spencer",2024,R,6,0.6960407959973394
"Taillon, Jameson","Stratton, Chris",2024,R,7,0.6965105573418935
"Taillon, Jameson","Anderson, Shaun",2024,R,8,0.7003228182550351
"Taillon, Jameson","Francis, Bowden",2024,R,9,0.7056582610285296
"Taillon, Jameson","Martin, Davis",2024,R,10,0.7329658819831905
"Tate, Dillon","Hernández, Elieser",2024,R,1,0.29776078679814005
"Tate, Dillon","Flaherty, Jack",2024,R,2,0.37175444825589493
"Tate, Dillon","Spiers, Carson",2024,R,3,0.4422676013650747
"Tate, Dillon","Beede, Tyler",2024,R,4,0.45520533214466885
"Tate, Dillon","Woodford, Jake",2024,R,5,0.47351992250406527
"Tate, Dillon","Roupp, Landen",2024,R,6,0.5817552978935316
"Tate, Dillon","Darvish, Yu",2024,R,7,0.6288692965769592
"Tate, Dillon","Mahle, Tyler",2024,R,8,0.6511914444879038
"Tate, Dillon","Marinaccio, Ron",2024,R,9,0.6515869619521779
"Tate, Dillon","Bassitt, Chris",2024,R,10,0.6614364751393805
"Taylor, Troy","Brazobán, Huascar",2024,R,1,0.625282242418312
"Taylor, Troy","Weaver, Luke",2024,R,2,0.6785709513176938
"Taylor, Troy","Faucher, Calvin",2024,R,3,0.7177689199765891
"Taylor, Troy","Cobb, Alex",2024,R,4,0.7336367960668473
"Taylor, Troy","Díaz, Yilber",2024,R,5,0.7470110671810807
"Taylor, Troy","Jarvis, Bryce",2024,R,6,0.7545542200873979
"Taylor, Troy","Sands, Cole",2024,R,7,0.7705072072412339
"Taylor, Troy","Muñoz, Roddery",2024,R,8,0.793294802350385
"Taylor, Troy","Montas, Frankie",2024,R,9,0.8212722020256876
"Taylor, Troy","Bender, Anthony",2024,R,10,0.8772562321703934
"Teng, Kai-Wei","Mahle, Tyler",2024,R,1,0.2224029821516762
"Teng, Kai-Wei","Rea, Colin",2024,R,2,0.23860626152635617
"Teng, Kai-Wei","Cecconi, Slade",2024,R,3,0.39055087516654097
"Teng, Kai-Wei","Heller, Ben",2024,R,4,0.4199786998807693
"Teng, Kai-Wei","Garabito, Gerson",2024,R,5,0.46060979798494145
"Teng, Kai-Wei","Spiers, Carson",2024,R,6,0.47861651924183357
"Teng, Kai-Wei","García, Deivi",2024,R,7,0.49660578137686645
"Teng, Kai-Wei","Kahnle, Tommy",2024,R,8,0.5061455443704563
"Teng, Kai-Wei","Hicks, Jordan",2024,R,9,0.5092828817487566
"Teng, Kai-Wei","Kuhl, Chad",2024,R,10,0.5110977517134234
"Thompson, Keegan","Madden, Ty",2024,R,1,0.19654546136391504
"Thompson, Keegan","Cannon, Jonathan",2024,R,2,0.20607081643078823
"Thompson, Keegan","Lowder, Rhett",2024,R,3,0.30690811894314324
"Thompson, Keegan","Jefferies, Daulton",2024,R,4,0.4206818497878958
"Thompson, Keegan","Vásquez, Randy",2024,R,5,0.44485065123063405
"Thompson, Keegan","Smith, Drew",2024,R,6,0.46246660714584126
"Thompson, Keegan","Payamps, Joel",2024,R,7,0.4705886945481581
"Thompson, Keegan","Montero, Keider",2024,R,8,0.5071581347490762
"Thompson, Keegan","Marsh, Alec",2024,R,9,0.5311453848220067
"Thompson, Keegan","Faedo, Alex",2024,R,10,0.5322338856893426
"Thompson, Ryan","Schreiber, John",2024,R,1,1.2218437864591136
"Thompson, Ryan","Cuas, Jose",2024,R,2,1.366835300131218
"Thompson, Ryan","Anderson, Grant",2024,R,3,1.397565940718663
"Thompson, Ryan","Sewald, Paul",2024,R,4,1.5376068432545587
"Thompson, Ryan","Kelly, Kevin",2024,R,5,1.6019764256248716
"Thompson, Ryan","Sandlin, Nick",2024,R,6,1.639322979791745
"Thompson, Ryan","Martinez, Seth",2024,R,7,1.759169258044297
"Thompson, Ryan","Lawrence, Justin",2024,R,8,1.8355472907563366
"Thompson, Ryan","Ryan, Joe",2024,R,9,2.077865206011726
"Thompson, Ryan","Miller, Tyson",2024,R,10,2.1474009773204066
"Thornton, Trent","Chavez, Jesse",2024,R,1,0.42318009677943386
"Thornton, Trent","Ramírez, Erasmo",2024,R,2,0.5583522127248076
"Thornton, Trent","Woodford, Jake",2024,R,3,0.5609613152195979
"Thornton, Trent","Snider, Collin",2024,R,4,0.5866935887106968
"Thornton, Trent","Morton, Charlie",2024,R,5,0.6490859094934378
"Thornton, Trent","Festa, Matt",2024,R,6,0.6507607532624183
"Thornton, Trent","Soriano, George",2024,R,7,0.6633173283324949
"Thornton, Trent","Webb, Jacob",2024,R,8,0.6869421176592798
"Thornton, Trent","Hernández, Elieser",2024,R,9,0.7318332041042709
"Thornton, Trent","Beede, Tyler",2024,R,10,0.7474966011980951
"Thorpe, Drew","Vines, Darius",2024,R,1,0.47794083847739904
"Thorpe, Drew","Richards, Trevor",2024,R,2,0.7335900900254081
"Thorpe, Drew","Plesac, Zach",2024,R,3,0.751046608781337
"Thorpe, Drew","Curry, Xzavion",2024,R,4,0.7958143355003415
"Thorpe, Drew","Hudson, Dakota",2024,R,5,0.8419047100533409
"Thorpe, Drew","Taillon, Jameson",2024,R,6,0.9103980419698168
"Thorpe, Drew","Crawford, Kutter",2024,R,7,0.9105460265470027
"Thorpe, Drew","Blackburn, Paul",2024,R,8,0.9183790335456739
"Thorpe, Drew","Devenski, Chris",2024,R,9,0.9304267526851691
"Thorpe, Drew","Leiter Jr., Mark",2024,R,10,0.938994947610864
"Tinoco, Jesus","Chargois, JT",2024,R,1,0.2986506473062386
"Tinoco, Jesus","Cisnero, José",2024,R,2,0.34708428591343965
"Tinoco, Jesus","De Los Santos, Enyel",2024,R,3,0.35463401252156407
"Tinoco, Jesus","Buttó, José",2024,R,4,0.37516136052438576
"Tinoco, Jesus","Bello, Brayan",2024,R,5,0.37559976761606323
"Tinoco, Jesus","Yates, Kirby",2024,R,6,0.4231989811347695
"Tinoco, Jesus","Iglesias, Raisel",2024,R,7,0.5567761487230575
"Tinoco, Jesus","Hernández, Jonathan",2024,R,8,0.559299463055836
"Tinoco, Jesus","Marte, Yunior",2024,R,9,0.6067610714289384
"Tinoco, Jesus","Bolton, Cody",2024,R,10,0.623982700483053
"Tonkin, Michael","Snider, Collin",2024,R,1,0.40445934038039205
"Tonkin, Michael","Walker, Ryan",2024,R,2,0.7631027895502175
"Tonkin, Michael","King, Michael",2024,R,3,0.7916920363125229
"Tonkin, Michael","Thornton, Trent",2024,R,4,0.81400657394049
"Tonkin, Michael","Weissert, Greg",2024,R,5,0.8176022739713993
"Tonkin, Michael","Webb, Jacob",2024,R,6,0.9325496299686696
"Tonkin, Michael","Buttó, José",2024,R,7,0.9575589714990866
"Tonkin, Michael","Morton, Charlie",2024,R,8,0.9762932913730822
"Tonkin, Michael","Woodford, Jake",2024,R,9,0.9781470993347264
"Tonkin, Michael","Kuhl, Chad",2024,R,10,0.9919910620323178
"Toussaint, Touki","Dunning, Dane",2024,R,1,0.5190831406913301
"Toussaint, Touki","Gómez, Yoendrys",2024,R,2,0.5919856718934514
"Toussaint, Touki","Ottavino, Adam",2024,R,3,0.7265634520730775
"Toussaint, Touki","Tyler, Kyle",2024,R,4,0.7968059074711382
"Toussaint, Touki","Cousins, Jake",2024,R,5,0.8782115907521557
"Toussaint, Touki","Lively, Ben",2024,R,6,0.9332521980482933
"Toussaint, Touki","Wilson, Steven",2024,R,7,0.9717236244831446
"Toussaint, Touki","Barlow, Scott",2024,R,8,1.0079445029730403
"Toussaint, Touki","Ober, Bailey",2024,R,9,1.031258035863999
"Toussaint, Touki","Maton, Phil",2024,R,10,1.060686808013212
"Treinen, Blake","Olson, Reese",2024,R,1,0.7750086864365089
"Treinen, Blake","Davis, Noah",2024,R,2,0.8235088470010806
"Treinen, Blake","Leclerc, José",2024,R,3,0.8425519597654366
"Treinen, Blake","Johnson, Pierce",2024,R,4,0.9359244527960278
"Treinen, Blake","Sands, Cole",2024,R,5,0.9429304651413333
"Treinen, Blake","Holmes, Grant",2024,R,6,1.0102729968826698
"Treinen, Blake","Maldonado, Anthony",2024,R,7,1.0171822227462186
"Treinen, Blake","Hamilton, Ian",2024,R,8,1.0179262637919424
"Treinen, Blake","McGough, Scott",2024,R,9,1.058731674137799
"Treinen, Blake","Poteet, Cody",2024,R,10,1.0934231317263812
"Turnbull, Spencer","Rodriguez, Carlos",2024,R,1,0.17424579433922546
"Turnbull, Spencer","Englert, Mason",2024,R,2,0.35209753529162885
"Turnbull, Spencer","Avila, Pedro",2024,R,3,0.40530287594985
"Turnbull, Spencer","Farmer, Buck",2024,R,4,0.43168420519774414
"Turnbull, Spencer","Jackson, Jay",2024,R,5,0.4697707947199181
"Turnbull, Spencer","Phillips, Tyler",2024,R,6,0.5614456012609138
"Turnbull, Spencer","Junis, Jakob",2024,R,7,0.6056227634006408
"Turnbull, Spencer","Webb, Jacob",2024,R,8,0.6258695309965638
"Turnbull, Spencer","Curry, Xzavion",2024,R,9,0.6424994304873191
"Turnbull, Spencer","Cannon, Jonathan",2024,R,10,0.6603765988775334
"Tyler, Kyle","Francis, Bowden",2024,R,1,0.48407943166665335
"Tyler, Kyle","Gibson, Kyle",2024,R,2,0.7247510611572795
"Tyler, Kyle","Toussaint, Touki",2024,R,3,0.7968059074711382
"Tyler, Kyle","Paddack, Chris",2024,R,4,0.7970089964215136
"Tyler, Kyle","Wilson, Steven",2024,R,5,0.8009621805476305
"Tyler, Kyle","Cousins, Jake",2024,R,6,0.8365955862977126
"Tyler, Kyle","Ober, Bailey",2024,R,7,0.8821034205669276
"Tyler, Kyle","Gómez, Yoendrys",2024,R,8,0.889943937839318
"Tyler, Kyle","Leiter Jr., Mark",2024,R,9,0.9382518862087186
"Tyler, Kyle","Beck, Tristan",2024,R,10,0.9430627024152264
"Uceta, Edwin","Lawrence, Justin",2024,R,1,0.8483031913589951
"Uceta, Edwin","Miller, Ryan",2024,R,2,0.8959678540029538
"Uceta, Edwin","Bello, Brayan",2024,R,3,1.0185942496209863
"Uceta, Edwin","Festa, Matt",2024,R,4,1.03521759015599
"Uceta, Edwin","Paredes, Enoli",2024,R,5,1.0536080942836132
"Uceta, Edwin","Tinoco, Jesus",2024,R,6,1.1129560089100083
"Uceta, Edwin","Yates, Kirby",2024,R,7,1.1703589898832811
"Uceta, Edwin","Mlodzinski, Carmen",2024,R,8,1.2117727025864051
"Uceta, Edwin","Soriano, George",2024,R,9,1.2224790461606934
"Uceta, Edwin","Buttó, José",2024,R,10,1.22825835114486
"Ureña, José","Hudson, Daniel",2024,R,1,0.5145622852518428
"Ureña, José","Garrett, Reed",2024,R,2,0.5215624592716851
"Ureña, José","Bido, Osvaldo",2024,R,3,0.5609372605972133
"Ureña, José","Fernandez, Ryan",2024,R,4,0.5637485108728927
"Ureña, José","Criswell, Jeff",2024,R,5,0.5693746464935722
"Ureña, José","Santana, Dennis",2024,R,6,0.6097707279696322
"Ureña, José","Lange, Alex",2024,R,7,0.630904909093283
"Ureña, José","Núñez, Dedniel",2024,R,8,0.634681233661113
"Ureña, José","Otañez, Michel",2024,R,9,0.6352789727599618
"Ureña, José","Hanifee, Brenan",2024,R,10,0.6394762702187471
"Uribe, Abner","Soriano, José",2024,R,1,0.34900005953661917
"Uribe, Abner","Rasmussen, Drew",2024,R,2,0.5978673079878171
"Uribe, Abner","Finnegan, Kyle",2024,R,3,0.6770655662009807
"Uribe, Abner","Foley, Jason",2024,R,4,0.7226267832080067
"Uribe, Abner","Petersen, Michael",2024,R,5,0.7486383841373226
"Uribe, Abner","Erceg, Lucas",2024,R,6,0.7589369650132899
"Uribe, Abner","Helsley, Ryan",2024,R,7,0.7708399786922338
"Uribe, Abner","Estévez, Carlos",2024,R,8,0.7780593910244082
"Uribe, Abner","Duran, Jhoan",2024,R,9,0.8132314349181646
"Uribe, Abner","Kochanowicz, Jack",2024,R,10,0.8459476921962964
"Varland, Gus","Kolek, Stephen",2024,R,1,0.34755626411893775
"Varland, Gus","Stewart, Brock",2024,R,2,0.3485784882593092
"Varland, Gus","Jax, Griffin",2024,R,3,0.4499851667863467
"Varland, Gus","Rodríguez, Manuel",2024,R,4,0.4720146400736775
"Varland, Gus","Rodríguez, Randy",2024,R,5,0.48300583545199754
"Varland, Gus","Hernández, Jonathan",2024,R,6,0.5240743258369304
"Varland, Gus","Núñez, Dedniel",2024,R,7,0.5739478802584058
"Varland, Gus","Doval, Camilo",2024,R,8,0.5961720681806785
"Varland, Gus","Henriquez, Ronny",2024,R,9,0.5973644510553789
"Varland, Gus","Ryan, River",2024,R,10,0.6526140022343649
"Varland, Louis","Marte, José",2024,R,1,0.16234828831459183
"Varland, Louis","Pearson, Nate",2024,R,2,0.3068762576657776
"Varland, Louis","Winn, Cole",2024,R,3,0.3988254865167609
"Varland, Louis","Rocker, Kumar",2024,R,4,0.4896324118533429
"Varland, Louis","Leiter, Jack",2024,R,5,0.499439391115234
"Varland, Louis","Miller, Shelby",2024,R,6,0.532586862521114
"Varland, Louis","Reid-Foley, Sean",2024,R,7,0.6041025694076648
"Varland, Louis","Peguero, Elvis",2024,R,8,0.6443703268993031
"Varland, Louis","Jones, Jared",2024,R,9,0.6527747182561822
"Varland, Louis","Ross, Joe",2024,R,10,0.6736576498842262
"Verlander, Justin","Stripling, Ross",2024,R,1,0.609345398806527
"Verlander, Justin","Gallegos, Giovanny",2024,R,2,0.8585377943602921
"Verlander, Justin","Elder, Bryce",2024,R,3,0.8967591053883863
"Verlander, Justin","Chirinos, Yonny",2024,R,4,1.070920363635616
"Verlander, Justin","Wells, Tyler",2024,R,5,1.2558086433479536
"Verlander, Justin","Walker, Taijuan",2024,R,6,1.2643795886613136
"Verlander, Justin","Anderson, Nick",2024,R,7,1.3599656819035841
"Verlander, Justin","Musgrove, Joe",2024,R,8,1.4466491496624834
"Verlander, Justin","Flexen, Chris",2024,R,9,1.5062375809165647
"Verlander, Justin","Keller, Brad",2024,R,10,1.5400787494883998
"Vest, Will","Hanifee, Brenan",2024,R,1,0.32437158607240485
"Vest, Will","Cano, Yennier",2024,R,2,0.34864816701484247
"Vest, Will","Santillan, Tony",2024,R,3,0.49328904411464475
"Vest, Will","Burdi, Nick",2024,R,4,0.5451425230518987
"Vest, Will","Skenes, Paul",2024,R,5,0.5502403485570562
"Vest, Will","Doval, Camilo",2024,R,6,0.5542159934476258
"Vest, Will","Harvey, Hunter",2024,R,7,0.6151940475253602
"Vest, Will","Ort, Kaleb",2024,R,8,0.6563846347988572
"Vest, Will","Otañez, Michel",2024,R,9,0.6594113114097236
"Vest, Will","Zulueta, Yosver",2024,R,10,0.672610257221524
"Vieira, Thyago","Nicolas, Kyle",2024,R,1,0.6519174193495446
"Vieira, Thyago","Hernández, Carlos",2024,R,2,0.7771796716056291
"Vieira, Thyago","Rasmussen, Drew",2024,R,3,0.8063451228267737
"Vieira, Thyago","Miller, Mason",2024,R,4,0.8190343327442072
"Vieira, Thyago","Erceg, Lucas",2024,R,5,0.8421328088911115
"Vieira, Thyago","Baumann, Mike",2024,R,6,0.8991041670131057
"Vieira, Thyago","Ginkel, Kevin",2024,R,7,0.9008793973526311
"Vieira, Thyago","Soriano, José",2024,R,8,0.9046005473890689
"Vieira, Thyago","Gil, Luis",2024,R,9,0.9305013189804366
"Vieira, Thyago","Finnegan, Kyle",2024,R,10,0.937796329597125
"Vines, Darius","Thorpe, Drew",2024,R,1,0.47794083847739904
"Vines, Darius","Curry, Xzavion",2024,R,2,0.6300117434969168
"Vines, Darius","Crawford, Kutter",2024,R,3,0.6460742115106879
"Vines, Darius","France, J.P.",2024,R,4,0.7048639567564055
"Vines, Darius","Hudson, Dakota",2024,R,5,0.8235884967912177
"Vines, Darius","Blackburn, Paul",2024,R,6,0.8613044648420635
"Vines, Darius","Javier, Cristian",2024,R,7,0.8655109636499868
"Vines, Darius","Richards, Trevor",2024,R,8,0.873682294518763
"Vines, Darius","Maeda, Kenta",2024,R,9,0.8824718163984938
"Vines, Darius","Avila, Pedro",2024,R,10,0.8952520478908151
"Vodnik, Victor","Muñoz, Andrés",2024,R,1,0.3707153832020989
"Vodnik, Victor","Palencia, Daniel",2024,R,2,0.6307127486070231
"Vodnik, Victor","Domínguez, Seranthony",2024,R,3,0.6330900333799045
"Vodnik, Victor","Peguero, Elvis",2024,R,4,0.7077377940556504
"Vodnik, Victor","Roycroft, Chris",2024,R,5,0.736665515653673
"Vodnik, Victor","Pop, Zach",2024,R,6,0.7416569566730895
"Vodnik, Victor","Stewart, Brock",2024,R,7,0.8537805581540215
"Vodnik, Victor","Jones, Jared",2024,R,8,0.862567070904897
"Vodnik, Victor","Reid-Foley, Sean",2024,R,9,0.8730723130919315
"Vodnik, Victor","Foley, Jason",2024,R,10,0.883654840986394
"Voth, Austin","Jackson, Jay",2024,R,1,0.6099120993381335
"Voth, Austin","Scherzer, Max",2024,R,2,0.6222764741999106
"Voth, Austin","Bassitt, Chris",2024,R,3,0.6475457163117
"Voth, Austin","France, J.P.",2024,R,4,0.6663584008544337
"Voth, Austin","Maeda, Kenta",2024,R,5,0.6855449111811832
"Voth, Austin","Eflin, Zach",2024,R,6,0.7663896529003477
"Voth, Austin","Stratton, Chris",2024,R,7,0.8537118552721724
"Voth, Austin","Beede, Tyler",2024,R,8,0.8668891991602111
"Voth, Austin","Morton, Charlie",2024,R,9,0.8783900994385936
"Voth, Austin","Darvish, Yu",2024,R,10,0.8961844377381738
"Vásquez, Randy","Bivens, Spencer",2024,R,1,0.3918156787141139
"Vásquez, Randy","Cannon, Jonathan",2024,R,2,0.4081006744013258
"Vásquez, Randy","White, Mitch",2024,R,3,0.43721891966708193
"Vásquez, Randy","Faedo, Alex",2024,R,4,0.4391332909993658
"Vásquez, Randy","Thompson, Keegan",2024,R,5,0.44485065123063405
"Vásquez, Randy","Avila, Nick",2024,R,6,0.45683956524689895
"Vásquez, Randy","Madden, Ty",2024,R,7,0.50125597829013
"Vásquez, Randy","Montero, Keider",2024,R,8,0.5227315581303406
"Vásquez, Randy","Kremer, Dean",2024,R,9,0.5274765863917057
"Vásquez, Randy","Neris, Héctor",2024,R,10,0.5390792070269628
"Wacha, Michael","McKenzie, Triston",2024,R,1,0.21309209492074385
"Wacha, Michael","Barnes, Matt",2024,R,2,0.26325678948224673
"Wacha, Michael","Woods Richardson, Simeon",2024,R,3,0.4300315881665809
"Wacha, Michael","Pivetta, Nick",2024,R,4,0.723037809920718
"Wacha, Michael","Gibson, Kyle",2024,R,5,0.7341856530709087
"Wacha, Michael","Taillon, Jameson",2024,R,6,0.7845370764486228
"Wacha, Michael","Burr, Ryan",2024,R,7,0.8933045940540049
"Wacha, Michael","Paddack, Chris",2024,R,8,0.9029857264006089
"Wacha, Michael","Waguespack, Jacob",2024,R,9,0.9333391681333144
"Wacha, Michael","Jackson, Luke",2024,R,10,0.9490983935411659
"Waguespack, Jacob","Woods Richardson, Simeon",2024,R,1,0.6978262523733585
"Waguespack, Jacob","Blanco, Ronel",2024,R,2,0.8464810723440479
"Waguespack, Jacob","Cruz, Fernando",2024,R,3,0.9135394193415488
"Waguespack, Jacob","Wacha, Michael",2024,R,4,0.9333391681333144
"Waguespack, Jacob","Burr, Ryan",2024,R,5,0.9575589510992225
"Waguespack, Jacob","Barnes, Matt",2024,R,6,0.964781773080429
"Waguespack, Jacob","Blewett, Scott",2024,R,7,1.0383127112699304
"Waguespack, Jacob","McKenzie, Triston",2024,R,8,1.0684365563370124
"Waguespack, Jacob","Pivetta, Nick",2024,R,9,1.0943128704290364
"Waguespack, Jacob","Gibson, Kyle",2024,R,10,1.1099433905079004
"Waldron, Matt","Barlow, Scott",2024,R,1,0.796751381974962
"Waldron, Matt","Leiter Jr., Mark",2024,R,2,0.8126219146130814
"Waldron, Matt","Maton, Phil",2024,R,3,1.0940427496346157
"Waldron, Matt","Criswell, Cooper",2024,R,4,1.096289249883146
"Waldron, Matt","France, J.P.",2024,R,5,1.0998342909492789
"Waldron, Matt","McCaughan, Darren",2024,R,6,1.2009293638709133
"Waldron, Matt","Roberts, Ethan",2024,R,7,1.2384940105810867
"Waldron, Matt","Williams, Trevor",2024,R,8,1.2672782380665122
"Waldron, Matt","Roupp, Landen",2024,R,9,1.2957521838182904
"Waldron, Matt","Daniel, Davis",2024,R,10,1.3181894595219734
"Walker, Ryan","Snider, Collin",2024,R,1,0.531971708831104
"Walker, Ryan","Yates, Kirby",2024,R,2,0.5406295952193358
"Walker, Ryan","Buttó, José",2024,R,3,0.6075927185033542
"Walker, Ryan","King, Michael",2024,R,4,0.7378106898983244
"Walker, Ryan","Tonkin, Michael",2024,R,5,0.7631027895502175
"Walker, Ryan","Tinoco, Jesus",2024,R,6,0.8093344384737338
"Walker, Ryan","Criswell, Jeff",2024,R,7,0.8289665173568661
"Walker, Ryan","Adams, Austin",2024,R,8,0.8471462159779233
"Walker, Ryan","García, Yimi",2024,R,9,0.8710612361077971
"Walker, Ryan","Bird, Jake",2024,R,10,0.8831441853217714
"Walker, Taijuan","Musgrove, Joe",2024,R,1,0.4760774266809314
"Walker, Taijuan","Martinez, Nick",2024,R,2,0.4956695353949079
"Walker, Taijuan","Maldonado, Anthony",2024,R,3,0.6285493552092605
"Walker, Taijuan","Elder, Bryce",2024,R,4,0.6540747090210278
"Walker, Taijuan","Gallegos, Giovanny",2024,R,5,0.7480606953249507
"Walker, Taijuan","Johnson, Pierce",2024,R,6,0.767465741219869
"Walker, Taijuan","Poteet, Cody",2024,R,7,0.793779537073644
"Walker, Taijuan","Anderson, Nick",2024,R,8,0.8110219169846287
"Walker, Taijuan","Kelly, Michael",2024,R,9,0.82495885249612
"Walker, Taijuan","Brooks, Aaron",2024,R,10,0.8319984421135803
"Warren, Will","Smith, Burch",2024,R,1,0.16707471935087112
"Warren, Will","McGreevy, Michael",2024,R,2,0.1966465743760742
"Warren, Will","McArthur, James",2024,R,3,0.24769381516623243
"Warren, Will","Gausman, Kevin",2024,R,4,0.372578693201554
"Warren, Will","Kahnle, Tommy",2024,R,5,0.41773707537941507
"Warren, Will","Heller, Ben",2024,R,6,0.43467654961061375
"Warren, Will","Pfaadt, Brandon",2024,R,7,0.44354607829612314
"Warren, Will","Anderson, Justin",2024,R,8,0.4800620177142074
"Warren, Will","Schwellenbach, Spencer",2024,R,9,0.4818398384506511
"Warren, Will","Cecconi, Slade",2024,R,10,0.49641444154102843
"Weaver, Luke","Zulueta, Yosver",2024,R,1,0.3030794945336817
"Weaver, Luke","Brazobán, Huascar",2024,R,2,0.4075039422636122
"Weaver, Luke","Muñoz, Roddery",2024,R,3,0.45451070696041884
"Weaver, Luke","Santillan, Tony",2024,R,4,0.6179745549457148
"Weaver, Luke","Brieske, Beau",2024,R,5,0.6274037637047619
"Weaver, Luke","Montas, Frankie",2024,R,6,0.6586690103749295
"Weaver, Luke","Jarvis, Bryce",2024,R,7,0.6782564508138216
"Weaver, Luke","Taylor, Troy",2024,R,8,0.6785709513176938
"Weaver, Luke","Cano, Yennier",2024,R,9,0.6903134379762103
"Weaver, Luke","Marte, Yunior",2024,R,10,0.7047014930459109
"Webb, Jacob","Morton, Charlie",2024,R,1,0.3746714136755984
"Webb, Jacob","Ramírez, Erasmo",2024,R,2,0.4072061482546909
"Webb, Jacob","Englert, Mason",2024,R,3,0.4865334410871033
"Webb, Jacob","Jackson, Jay",2024,R,4,0.5020157460402969
"Webb, Jacob","Scherzer, Max",2024,R,5,0.5424998187525063
"Webb, Jacob","Turnbull, Spencer",2024,R,6,0.6258695309965638
"Webb, Jacob","Rodriguez, Carlos",2024,R,7,0.6377315960448312
"Webb, Jacob","King, Michael",2024,R,8,0.6385076412395168
"Webb, Jacob","Junis, Jakob",2024,R,9,0.649281667271811
"Webb, Jacob","Houck, Tanner",2024,R,10,0.6749355786343186
"Webb, Logan","Castro, Miguel",2024,R,1,0.5800736918778437
"Webb, Logan","Arrighetti, Spencer",2024,R,2,0.6114806033755593
"Webb, Logan","Ramírez, Yohan",2024,R,3,0.6819182999232386
"Webb, Logan","Singer, Brady",2024,R,4,0.6978593139111833
"Webb, Logan","Black, Mason",2024,R,5,0.7276758218032034
"Webb, Logan","Nola, Aaron",2024,R,6,0.8615320016380342
"Webb, Logan","Scott, Christian",2024,R,7,0.947553060692205
"Webb, Logan","Ryan, Joe",2024,R,8,0.9628683627645737
"Webb, Logan","Williams, Devin",2024,R,9,0.9905288243438655
"Webb, Logan","Miller, Shelby",2024,R,10,1.040871930367221
"Weems, Jordan","Green, Chad",2024,R,1,0.2469666944519026
"Weems, Jordan","Baumann, Mike",2024,R,2,0.32940064231182425
"Weems, Jordan","Erceg, Lucas",2024,R,3,0.33083378014580095
"Weems, Jordan","Greene, Hunter",2024,R,4,0.34535062285201273
"Weems, Jordan","Bednar, David",2024,R,5,0.40085991165556
"Weems, Jordan","Kochanowicz, Jack",2024,R,6,0.4280192634156983
"Weems, Jordan","Bradley, Taj",2024,R,7,0.43021994981114536
"Weems, Jordan","Kirby, George",2024,R,8,0.4512954083821494
"Weems, Jordan","Winckowski, Josh",2024,R,9,0.4657265800299225
"Weems, Jordan","Hoffman, Jeff",2024,R,10,0.467551635874806
"Weissert, Greg","Scott, Tayler",2024,R,1,0.687732819913071
"Weissert, Greg","Snider, Collin",2024,R,2,0.8112395915069581
"Weissert, Greg","Tonkin, Michael",2024,R,3,0.8176022739713993
"Weissert, Greg","Adams, Austin",2024,R,4,0.9540047525560799
"Weissert, Greg","Walker, Ryan",2024,R,5,0.9805576161053674
"Weissert, Greg","Festa, Matt",2024,R,6,1.0172061907364118
"Weissert, Greg","Thornton, Trent",2024,R,7,1.0323013265289396
"Weissert, Greg","Miller, Ryan",2024,R,8,1.1446820554731294
"Weissert, Greg","Sewald, Paul",2024,R,9,1.1697075998994284
"Weissert, Greg","Lawrence, Justin",2024,R,10,1.2411828975035004
"Wells, Tyler","Flexen, Chris",2024,R,1,0.7611141510905101
"Wells, Tyler","Stripling, Ross",2024,R,2,0.8653751013199157
"Wells, Tyler","Pivetta, Nick",2024,R,3,1.0567161159276044
"Wells, Tyler","Wacha, Michael",2024,R,4,1.1079574317766079
"Wells, Tyler","Chirinos, Yonny",2024,R,5,1.1268491745920035
"Wells, Tyler","McKenzie, Triston",2024,R,6,1.1428903630649658
"Wells, Tyler","Devenski, Chris",2024,R,7,1.1920913871960583
"Wells, Tyler","Woods Richardson, Simeon",2024,R,8,1.2066210906829216
"Wells, Tyler","Plesac, Zach",2024,R,9,1.211613266779252
"Wells, Tyler","Barnes, Matt",2024,R,10,1.254377784484573
"Wesneski, Hayden","Grove, Michael",2024,R,1,0.4619244777705531
"Wesneski, Hayden","Houser, Adrian",2024,R,2,0.520716658667179
"Wesneski, Hayden","Lazar, Max",2024,R,3,0.5556972434460448
"Wesneski, Hayden","Cruz, Fernando",2024,R,4,0.5647250277747163
"Wesneski, Hayden","Anderson, Shaun",2024,R,5,0.568408864719043
"Wesneski, Hayden","Blanco, Ronel",2024,R,6,0.6234901416176004
"Wesneski, Hayden","Manoah, Alek",2024,R,7,0.6261623894238506
"Wesneski, Hayden","Irvin, Jake",2024,R,8,0.659967291164481
"Wesneski, Hayden","Burke, Sean",2024,R,9,0.6763666185894229
"Wesneski, Hayden","Mize, Casey",2024,R,10,0.7365329828381063
"Wheeler, Zack","Williams, Devin",2024,R,1,0.561808361246444
"Wheeler, Zack","Miller, Shelby",2024,R,2,0.5993175071338068
"Wheeler, Zack","Roycroft, Chris",2024,R,3,0.6819240722138673
"Wheeler, Zack","Varland, Louis",2024,R,4,0.7439053708666183
"Wheeler, Zack","Marte, José",2024,R,5,0.8251833261167392
"Wheeler, Zack","Scott, Christian",2024,R,6,0.870865703566656
"Wheeler, Zack","López, Pablo",2024,R,7,0.8777040905001565
"Wheeler, Zack","Pearson, Nate",2024,R,8,0.8827914775958676
"Wheeler, Zack","Winn, Cole",2024,R,9,0.8898334042352842
"Wheeler, Zack","Ramírez, Yohan",2024,R,10,0.9818908497121843
"White, Mitch","Lambert, Peter",2024,R,1,0.23235267107040058
"White, Mitch","Priester, Quinn",2024,R,2,0.30936466481461083
"White, Mitch","Dana, Caden",2024,R,3,0.32302225460969597
"White, Mitch","Bivens, Spencer",2024,R,4,0.33062144929876375
"White, Mitch","Contreras, Roansy",2024,R,5,0.3591314512953486
"White, Mitch","Merryweather, Julian",2024,R,6,0.36715008610818595
"White, Mitch","Vásquez, Randy",2024,R,7,0.43721891966708193
"White, Mitch","Sauer, Matt",2024,R,8,0.47946775237329403
"White, Mitch","Avila, Nick",2024,R,9,0.48755558245930203
"White, Mitch","Martin, Davis",2024,R,10,0.4957808384771761
"Whitlock, Garrett","Toussaint, Touki",2024,R,1,1.1291112507500498
"Whitlock, Garrett","Ober, Bailey",2024,R,2,1.222348633433955
"Whitlock, Garrett","Gómez, Yoendrys",2024,R,3,1.2741055546336142
"Whitlock, Garrett","Dunning, Dane",2024,R,4,1.3225494264376494
"Whitlock, Garrett","Arrighetti, Spencer",2024,R,5,1.3576514869791598
"Whitlock, Garrett","Singer, Brady",2024,R,6,1.4248650593177414
"Whitlock, Garrett","Ottavino, Adam",2024,R,7,1.464985695519289
"Whitlock, Garrett","Jiménez, Joe",2024,R,8,1.4908739584857966
"Whitlock, Garrett","Rodriguez, Grayson",2024,R,9,1.4919463649549303
"Whitlock, Garrett","Lively, Ben",2024,R,10,1.5260190778650153
"Williams, Devin","Ramírez, Yohan",2024,R,1,0.5610940574144432
"Williams, Devin","Wheeler, Zack",2024,R,2,0.561808361246444
"Williams, Devin","Rodriguez, Grayson",2024,R,3,0.6382265856890871
"Williams, Devin","Scott, Christian",2024,R,4,0.6854570679987183
"Williams, Devin","López, Pablo",2024,R,5,0.7081054838321209
"Williams, Devin","Jiménez, Joe",2024,R,6,0.7691450792634044
"Williams, Devin","Kelly, Zack",2024,R,7,0.7964464469822609
"Williams, Devin","Miller, Shelby",2024,R,8,0.8356254832356744
"Williams, Devin","Robertson, Nick",2024,R,9,0.8419499900978427
"Williams, Devin","Hodge, Porter",2024,R,10,0.8432324026604612
"Williams, Gavin","Hodge, Porter",2024,R,1,0.416196312763212
"Williams, Gavin","Robertson, Nick",2024,R,2,0.6922592020739362
"Williams, Gavin","Megill, Tylor",2024,R,3,0.7208135607903877
"Williams, Gavin","Rocker, Kumar",2024,R,4,0.7341415853111135
"Williams, Gavin","Holman, Grant",2024,R,5,0.80354285196525
"Williams, Gavin","Smith, Cade",2024,R,6,0.8040087680023928
"Williams, Gavin","Leahy, Kyle",2024,R,7,0.8326641099727082
"Williams, Gavin","Jiménez, Joe",2024,R,8,0.8797662615575884
"Williams, Gavin","Rodriguez, Grayson",2024,R,9,0.9054140701020466
"Williams, Gavin","Varland, Louis",2024,R,10,0.9566323326367362
"Williams, Trevor","Criswell, Cooper",2024,R,1,0.35063133575399913
"Williams, Trevor","Barlow, Scott",2024,R,2,0.6132586744167946
"Williams, Trevor","McCaughan, Darren",2024,R,3,0.8358017394657133
"Williams, Trevor","Lively, Ben",2024,R,4,0.9990990862916376
"Williams, Trevor","Roberts, Ethan",2024,R,5,1.0404824748484751
"Williams, Trevor","Nola, Aaron",2024,R,6,1.0432515069504964
"Williams, Trevor","Roupp, Landen",2024,R,7,1.0539286548979192
"Williams, Trevor","Maton, Phil",2024,R,8,1.095092610035127
"Williams, Trevor","Dunning, Dane",2024,R,9,1.1399187631248695
"Williams, Trevor","Ottavino, Adam",2024,R,10,1.1621579186678588
"Wilson, Bryse","Oller, Adam",2024,R,1,0.2176871862719024
"Wilson, Bryse","Robertson, David",2024,R,2,0.24596142665653586
"Wilson, Bryse","Leone, Dominic",2024,R,3,0.4535136677175138
"Wilson, Bryse","Dubin, Shawn",2024,R,4,0.4604172888387457
"Wilson, Bryse","Gausman, Kevin",2024,R,5,0.4610792658983372
"Wilson, Bryse","Fulmer, Carson",2024,R,6,0.4775905223182069
"Wilson, Bryse","Lynn, Lance",2024,R,7,0.4823917084760898
"Wilson, Bryse","Keller, Mitch",2024,R,8,0.4844553048195158
"Wilson, Bryse","Gallen, Zac",2024,R,9,0.5005751154596736
"Wilson, Bryse","Montero, Keider",2024,R,10,0.5539413487963566
"Wilson, Steven","Clevinger, Mike",2024,R,1,0.28374234670968174
"Wilson, Steven","Daniel, Davis",2024,R,2,0.4335833939160893
"Wilson, Steven","Darvish, Yu",2024,R,3,0.49640241852137174
"Wilson, Steven","Francis, Bowden",2024,R,4,0.5709772000338745
"Wilson, Steven","Gómez, Yoendrys",2024,R,5,0.57212815402485
"Wilson, Steven","Eflin, Zach",2024,R,6,0.671896196146774
"Wilson, Steven","Flaherty, Jack",2024,R,7,0.7010884234517488
"Wilson, Steven","Bowman, Matt",2024,R,8,0.7220675617276442
"Wilson, Steven","Garabito, Gerson",2024,R,9,0.7263861190870436
"Wilson, Steven","Kahnle, Tommy",2024,R,10,0.7309290646152179
"Winckowski, Josh","Bradley, Taj",2024,R,1,0.28104082484575565
"Winckowski, Josh","Green, Chad",2024,R,2,0.31035665060136375
"Winckowski, Josh","Stratton, Hunter",2024,R,3,0.3496956267158786
"Winckowski, Josh","Kirby, George",2024,R,4,0.3989796455473043
"Winckowski, Josh","Bednar, David",2024,R,5,0.39922069336378185
"Winckowski, Josh","Pallante, Andre",2024,R,6,0.4002379158112383
"Winckowski, Josh","Zeferjahn, Ryan",2024,R,7,0.444617053195361
"Winckowski, Josh","Matthews, Zebby",2024,R,8,0.45361143964755507
"Winckowski, Josh","Greene, Hunter",2024,R,9,0.4636826781856519
"Winckowski, Josh","Weems, Jordan",2024,R,10,0.4657265800299225
"Winn, Cole","Pearson, Nate",2024,R,1,0.21520512368112032
"Winn, Cole","Marte, José",2024,R,2,0.26058135077974637
"Winn, Cole","Leiter, Jack",2024,R,3,0.3571250690877454
"Winn, Cole","Varland, Louis",2024,R,4,0.3988254865167609
"Winn, Cole","Miller, Shelby",2024,R,5,0.42237012196783486
"Winn, Cole","Pagán, Emilio",2024,R,6,0.43462077939792443
"Winn, Cole","Ross, Joe",2024,R,7,0.4929053381617964
"Winn, Cole","Rocker, Kumar",2024,R,8,0.4987505343140218
"Winn, Cole","Salazar, Eduardo",2024,R,9,0.5327053382710417
"Winn, Cole","Rodríguez, Yerry",2024,R,10,0.5757257400037739
"Winn, Keaton","Ruiz, José",2024,R,1,0.4049216906727255
"Winn, Keaton","Cease, Dylan",2024,R,2,0.44676612925106096
"Winn, Keaton","Medina, Luis",2024,R,3,0.4816703450991872
"Winn, Keaton","Molina, Anthony",2024,R,4,0.48668198889035624
"Winn, Keaton","Brieske, Beau",2024,R,5,0.5639860733557556
"Winn, Keaton","Brito, Jhony",2024,R,6,0.574878037897334
"Winn, Keaton","Stratton, Hunter",2024,R,7,0.6616250305484049
"Winn, Keaton","Cole, Gerrit",2024,R,8,0.6621279283104263
"Winn, Keaton","Senzatela, Antonio",2024,R,9,0.6986098943910092
"Winn, Keaton","Chivilli, Angel",2024,R,10,0.7307454501471151
"Woo, Bryan","Ortiz, Luis",2024,R,1,0.5155121427530885
"Woo, Bryan","Muñoz, Andrés",2024,R,2,0.5495412658587417
"Woo, Bryan","Varland, Gus",2024,R,3,0.7100838753200398
"Woo, Bryan","Rodríguez, Randy",2024,R,4,0.7412795277041179
"Woo, Bryan","Mlodzinski, Carmen",2024,R,5,0.772142691984031
"Woo, Bryan","Stewart, Brock",2024,R,6,0.7805339925105937
"Woo, Bryan","Henriquez, Ronny",2024,R,7,0.7842679392278271
"Woo, Bryan","Phillips, Evan",2024,R,8,0.8212136625729151
"Woo, Bryan","Kolek, Stephen",2024,R,9,0.8476855964844119
"Woo, Bryan","Vodnik, Victor",2024,R,10,0.9015181109905687
"Woodford, Jake","Hernández, Elieser",2024,R,1,0.3093419852227171
"Woodford, Jake","Tate, Dillon",2024,R,2,0.47351992250406527
"Woodford, Jake","Beede, Tyler",2024,R,3,0.5339568816583045
"Woodford, Jake","Flaherty, Jack",2024,R,4,0.5510445770869818
"Woodford, Jake","Thornton, Trent",2024,R,5,0.5609613152195979
"Woodford, Jake","Kuhl, Chad",2024,R,6,0.5733337093223432
"Woodford, Jake","Chavez, Jesse",2024,R,7,0.617657805375022
"Woodford, Jake","Festa, Matt",2024,R,8,0.6524062176113975
"Woodford, Jake","Marinaccio, Ron",2024,R,9,0.6821551267069564
"Woodford, Jake","Soriano, George",2024,R,10,0.689775016197406
"Woods Richardson, Simeon","Wacha, Michael",2024,R,1,0.4300315881665809
"Woods Richardson, Simeon","McKenzie, Triston",2024,R,2,0.5617299435219637
"Woods Richardson, Simeon","Barnes, Matt",2024,R,3,0.5824819583987143
"Woods Richardson, Simeon","Taillon, Jameson",2024,R,4,0.6242779569884953
"Woods Richardson, Simeon","Blanco, Ronel",2024,R,5,0.6727464168388612
"Woods Richardson, Simeon","Waguespack, Jacob",2024,R,6,0.6978262523733585
"Woods Richardson, Simeon","Cruz, Fernando",2024,R,7,0.788387073523991
"Woods Richardson, Simeon","Quantrill, Cal",2024,R,8,0.8175859636687934
"Woods Richardson, Simeon","Pivetta, Nick",2024,R,9,0.8226572195878935
"Woods Richardson, Simeon","Burr, Ryan",2024,R,10,0.8433248599724564
"Yamamoto, Yoshinobu","Buehler, Walker",2024,R,1,0.17482699405247001
"Yamamoto, Yoshinobu","Feltner, Ryan",2024,R,2,0.34194790755670995
"Yamamoto, Yoshinobu","Hicks, Jordan",2024,R,3,0.4166675675414737
"Yamamoto, Yoshinobu","Ginn, J.T.",2024,R,4,0.4211400966849159
"Yamamoto, Yoshinobu","Holderman, Colin",2024,R,5,0.43673023827133994
"Yamamoto, Yoshinobu","Pfaadt, Brandon",2024,R,6,0.5096558920365443
"Yamamoto, Yoshinobu","Ryan, Ryder",2024,R,7,0.548204615224678
"Yamamoto, Yoshinobu","Cecconi, Slade",2024,R,8,0.5576661203265788
"Yamamoto, Yoshinobu","Gray, Jon",2024,R,9,0.5682349306070575
"Yamamoto, Yoshinobu","Hancock, Emerson",2024,R,10,0.5919583432673762
"Yates, Kirby","Buttó, José",2024,R,1,0.4045571572096287
"Yates, Kirby","Tinoco, Jesus",2024,R,2,0.4231989811347695
"Yates, Kirby","Bird, Jake",2024,R,3,0.5273683148556402
"Yates, Kirby","Walker, Ryan",2024,R,4,0.5406295952193358
"Yates, Kirby","De Los Santos, Enyel",2024,R,5,0.5752398065354806
"Yates, Kirby","Chargois, JT",2024,R,6,0.6157507786056924
"Yates, Kirby","Cronin, Declan",2024,R,7,0.6188658581294363
"Yates, Kirby","Bender, Anthony",2024,R,8,0.6199318613937779
"Yates, Kirby","Cisnero, José",2024,R,9,0.6686152771438586
"Yates, Kirby","Cobb, Alex",2024,R,10,0.6706617704512212
"Zeferjahn, Ryan","Abreu, Bryan",2024,R,1,0.29144813530651376
"Zeferjahn, Ryan","Fernandez, Ryan",2024,R,2,0.2953830146688538
"Zeferjahn, Ryan","Lange, Alex",2024,R,3,0.3021657077242237
"Zeferjahn, Ryan","López, Jorge",2024,R,4,0.34438834330528184
"Zeferjahn, Ryan","Leone, Dominic",2024,R,5,0.3897401614095791
"Zeferjahn, Ryan","Kirby, George",2024,R,6,0.4003662621778904
"Zeferjahn, Ryan","Severino, Luis",2024,R,7,0.41655892759143126
"Zeferjahn, Ryan","Bednar, David",2024,R,8,0.43318049084813187
"Zeferjahn, Ryan","Winckowski, Josh",2024,R,9,0.444617053195361
"Zeferjahn, Ryan","Bido, Osvaldo",2024,R,10,0.4522993977009953
"Zulueta, Yosver","Weaver, Luke",2024,R,1,0.3030794945336817
"Zulueta, Yosver","Brazobán, Huascar",2024,R,2,0.5351567251350114
"Zulueta, Yosver","Brieske, Beau",2024,R,3,0.5636482080606193
"Zulueta, Yosver","Hernández, Daysbel",2024,R,4,0.5692925808767296
"Zulueta, Yosver","Muñoz, Roddery",2024,R,5,0.6064616562018692
"Zulueta, Yosver","Vest, Will",2024,R,6,0.672610257221524
"Zulueta, Yosver","Cano, Yennier",2024,R,7,0.6764520665656719
"Zulueta, Yosver","Zuñiga, Guillo",2024,R,8,0.6901538241519504
"Zulueta, Yosver","Santillan, Tony",2024,R,9,0.7155728950153717
"Zulueta, Yosver","Berroa, Prelander",2024,R,10,0.7311408586802289
"Zuñiga, Guillo","Harvey, Hunter",2024,R,1,0.26050960562367853
"Zuñiga, Guillo","Estévez, Carlos",2024,R,2,0.2762719968895466
"Zuñiga, Guillo","Ort, Kaleb",2024,R,3,0.3305687331977947
"Zuñiga, Guillo","Kochanowicz, Jack",2024,R,4,0.39071523830797583
"Zuñiga, Guillo","Severino, Luis",2024,R,5,0.4534001041871447
"Zuñiga, Guillo","Greene, Hunter",2024,R,6,0.4705881703568868
"Zuñiga, Guillo","Skenes, Paul",2024,R,7,0.5637296783790551
"Zuñiga, Guillo","Hernández, Daysbel",2024,R,8,0.6119258050109228
"Zuñiga, Guillo","Erceg, Lucas",2024,R,9,0.6641266306581926
"Zuñiga, Guillo","Duran, Jhoan",2024,R,10,0.6828017930289837
