player_name,boundary_type,vertex_order,HB,IVB
"Abbott, Andrew",hull,0,9.0829,16.1828
"Abbott, Andrew",hull,1,-11.9363,2.4859
"Abbott, Andrew",hull,2,-8.693,-3.8696
"Abbott, Andrew",hull,3,15.1675,10.2062
"Abel, Mick",hull,0,-8.3465,16.1925
"Abel, Mick",hull,1,-14.9583,9.9309
"Abel, Mick",hull,2,-10.1295,3.1048
"Abel, Mick",hull,3,9.8119,-9.5782
"Abner, Philip",bbox,0,-2.2569,13.5323
"Abner, Philip",bbox,1,-2.2569,13.5323
"Abner, Philip",bbox,2,-2.2569,13.5323
"Abner, Philip",bbox,3,-2.2569,13.5323
"Abreu, Bryan",bbox,0,-6.5521,-6.0869
"Abreu, Bryan",bbox,1,8.4371,-6.0869
"Abreu, Bryan",bbox,2,8.4371,16.6
"Abreu, Bryan",bbox,3,-6.5521,16.6
"Adam, Jason",hull,0,-8.0866,18.7049
"Adam, Jason",hull,1,-16.1336,3.5729
"Adam, Jason",hull,2,1.435,-1.8521
"Adam, Jason",hull,3,15.2974,-3.5765
"Adams, Travis",hull,0,-15.2941,4.8486
"Adams, Travis",hull,1,5.1726,-0.1056
"Adams, Travis",hull,2,4.8722,8.0751
"Adams, Travis",hull,3,-5.28,15.2886
"Adams, Travis",hull,4,-13.7432,6.9292
"Agnos, Zach",hull,0,-10.85,1.9689
"Agnos, Zach",hull,1,9.9181,-4.5893
"Agnos, Zach",hull,2,0.9798,7.2914
"Agnos, Zach",hull,3,-8.1546,14.6988
"Akin, Keegan",hull,0,-3.5905,2.8603
"Akin, Keegan",hull,1,16.8586,8.9977
"Akin, Keegan",hull,2,11.872,17.2095
"Alcala, Jorge",hull,0,-15.0209,11.8765
"Alcala, Jorge",hull,1,3.9688,-4.8302
"Alcala, Jorge",hull,2,3.282,4.9171
"Alcala, Jorge",hull,3,-8.9277,17.7453
"Alcantara, Sandy",hull,0,-17.4816,4.8059
"Alcantara, Sandy",hull,1,2.7612,-1.7396
"Alcantara, Sandy",hull,2,0.9817,4.7437
"Alcantara, Sandy",hull,3,-14.1263,13.1244
"Alcantara, Sandy",hull,4,-17.3452,8.4784
"Aldegheri, Sam",hull,0,-4.2838,-2.7464
"Aldegheri, Sam",hull,1,14.09,9.5833
"Aldegheri, Sam",hull,2,3.8601,16.0985
"Alexander, Jason",hull,0,-17.0936,1.1994
"Alexander, Jason",hull,1,16.3098,-0.2166
"Alexander, Jason",hull,2,-13.6384,11.897
"Alexander, Scott",bbox,0,-3.6111,-2.304
"Alexander, Scott",bbox,1,13.07,-2.304
"Alexander, Scott",bbox,2,13.07,3.2412
"Alexander, Scott",bbox,3,-3.6111,3.2412
"Alexander, Tyler",hull,0,9.2629,15.9426
"Alexander, Tyler",hull,1,-12.3181,4.7865
"Alexander, Tyler",hull,2,14.4813,2.4723
"Alexander, Tyler",hull,3,16.1196,9.332
"Allard, Kolby",hull,0,-7.6145,-13.0964
"Allard, Kolby",hull,1,14.1198,6.2634
"Allard, Kolby",hull,2,13.3423,12.6377
"Allard, Kolby",hull,3,6.1765,16.1898
"Allard, Kolby",hull,4,-4.6831,6.6958
"Allen, Logan",hull,0,6.2645,16.3816
"Allen, Logan",hull,1,-14.2135,0.8064
"Allen, Logan",hull,2,9.8237,5.928
"Allen, Logan",hull,3,13.6378,9.2754
"Altavilla, Dan",hull,0,-16.3347,8.6326
"Altavilla, Dan",hull,1,-15.9398,1.1955
"Altavilla, Dan",hull,2,2.7853,5.2147
"Altavilla, Dan",hull,3,-11.1392,13.9636
"Alvarado, Elvis",hull,0,-16.7015,9.3969
"Alvarado, Elvis",hull,1,-0.8958,5.4632
"Alvarado, Elvis",hull,2,-14.1835,13.6203
"Alvarado, José",bbox,0,-0.9712,6.5232
"Alvarado, José",bbox,1,14.982,6.5232
"Alvarado, José",bbox,2,14.982,12.9558
"Alvarado, José",bbox,3,-0.9712,12.9558
"Alvarez, Andrew",hull,0,3.4403,13.6023
"Alvarez, Andrew",hull,1,-10.7713,-10.7363
"Alvarez, Andrew",hull,2,-2.5557,-3.2965
"Anderson, Grant",hull,0,-17.7576,0.4059
"Anderson, Grant",hull,1,13.9969,2.4732
"Anderson, Grant",hull,2,-12.9306,12.225
"Anderson, Ian",bbox,0,-10.5769,9.7149
"Anderson, Ian",bbox,1,-7.8808,9.7149
"Anderson, Ian",bbox,2,-7.8808,15.0392
"Anderson, Ian",bbox,3,-10.5769,15.0392
"Anderson, Nick",hull,0,-12.5294,5.4494
"Anderson, Nick",hull,1,1.8203,-0.071
"Anderson, Nick",hull,2,-6.1872,15.2959
"Anderson, Shaun",bbox,0,-2.26,4.3666
"Anderson, Shaun",bbox,1,5.8245,4.3666
"Anderson, Shaun",bbox,2,5.8245,15.208
"Anderson, Shaun",bbox,3,-2.26,15.208
"Anderson, Tyler",hull,0,-1.701,13.3592
"Anderson, Tyler",hull,1,13.1503,12.2223
"Anderson, Tyler",hull,2,6.8596,19.4817
"Arias, Luarbert",bbox,0,-9.4495,3.97
"Arias, Luarbert",bbox,1,4.5838,3.97
"Arias, Luarbert",bbox,2,4.5838,16.9383
"Arias, Luarbert",bbox,3,-9.4495,16.9383
"Armstrong, Shawn",hull,0,-5.4353,15.7215
"Armstrong, Shawn",hull,1,-15.4409,10.8727
"Armstrong, Shawn",hull,2,4.2625,9.5808
"Armstrong, Shawn",hull,3,12.4,9.9076
"Arrighetti, Spencer",hull,0,-12.9551,15.0092
"Arrighetti, Spencer",hull,1,-16.8393,9.696
"Arrighetti, Spencer",hull,2,-15.1448,4.1048
"Arrighetti, Spencer",hull,3,16.3148,-7.3977
"Arrighetti, Spencer",hull,4,15.4471,1.6914
"Arrighetti, Spencer",hull,5,3.7772,8.3637
"Ashby, Aaron",hull,0,14.9962,7.3567
"Ashby, Aaron",hull,1,-9.289,-6.8927
"Ashby, Aaron",hull,2,-7.8237,-17.2218
"Ashby, Aaron",hull,3,13.8142,3.8587
"Ashcraft, Braxton",hull,0,-15.5573,8.4096
"Ashcraft, Braxton",hull,1,7.965,-12.39
"Ashcraft, Braxton",hull,2,1.9559,5.5901
"Ashcraft, Braxton",hull,3,-7.3068,15.7398
"Ashcraft, Graham",bbox,0,2.5277,-2.2234
"Ashcraft, Graham",bbox,1,10.117,-2.2234
"Ashcraft, Graham",bbox,2,10.117,9.6814
"Ashcraft, Graham",bbox,3,2.5277,9.6814
"Assad, Javier",hull,0,-13.4489,10.764
"Assad, Javier",hull,1,13.2493,2.1567
"Assad, Javier",hull,2,-5.1783,16.495
"Avila, Luinder",hull,0,-12.1154,10.5715
"Avila, Luinder",hull,1,12.1707,-7.2558
"Avila, Luinder",hull,2,-0.5905,13.6362
"Bachar, Lake",hull,0,-9.3758,18.3405
"Bachar, Lake",hull,1,-13.105,7.1491
"Bachar, Lake",hull,2,2.2592,1.5794
"Bachar, Lake",hull,3,11.5192,0.0514
"Bachman, Sam",bbox,0,-16.0937,-2.0562
"Bachman, Sam",bbox,1,2.3358,-2.0562
"Bachman, Sam",bbox,2,2.3358,9.8242
"Bachman, Sam",bbox,3,-16.0937,9.8242
"Backhus, Kyle",bbox,0,-13.0634,2.1358
"Backhus, Kyle",bbox,1,18.3363,2.1358
"Backhus, Kyle",bbox,2,18.3363,2.2024
"Backhus, Kyle",bbox,3,-13.0634,2.2024
"Baker, Bryan",hull,0,-14.4453,7.9755
"Baker, Bryan",hull,1,6.902,4.9636
"Baker, Bryan",hull,2,-4.1949,18.0817
"Banda, Anthony",hull,0,-6.5393,-1.652
"Banda, Anthony",hull,1,15.5231,9.8538
"Banda, Anthony",hull,2,10.0527,14.4711
"Banks, Tanner",hull,0,2.3037,14.4989
"Banks, Tanner",hull,1,-12.6198,2.9236
"Banks, Tanner",hull,2,10.8913,3.1808
"Banks, Tanner",hull,3,13.8125,8.9293
"Barlow, Scott",hull,0,-12.8779,9.2086
"Barlow, Scott",hull,1,16.6484,-8.1944
"Barlow, Scott",hull,2,13.2454,6.6464
"Barlow, Scott",hull,3,-3.5787,12.3414
"Barnes, Jacob",bbox,0,-2.5778,4.5922
"Barnes, Jacob",bbox,1,4.8907,4.5922
"Barnes, Jacob",bbox,2,4.8907,17.0444
"Barnes, Jacob",bbox,3,-2.5778,17.0444
"Barnett, Mason",hull,0,14.0765,1.6604
"Barnett, Mason",hull,1,-0.6313,15.3433
"Barnett, Mason",hull,2,8.856,-15.9305
"Bassitt, Chris",hull,0,-16.2262,4.5263
"Bassitt, Chris",hull,1,16.801,-11.4808
"Bassitt, Chris",hull,2,19.2874,-0.7207
"Bassitt, Chris",hull,3,0.7967,8.4824
"Bassitt, Chris",hull,4,-5.1596,11.1976
"Basso, Brady",bbox,0,4.6189,16.4756
"Basso, Brady",bbox,1,4.6189,16.4756
"Basso, Brady",bbox,2,4.6189,16.4756
"Basso, Brady",bbox,3,4.6189,16.4756
"Bauers, Jake",bbox,0,4.5048,17.341
"Bauers, Jake",bbox,1,4.5048,17.341
"Bauers, Jake",bbox,2,4.5048,17.341
"Bauers, Jake",bbox,3,4.5048,17.341
"Bautista, Félix",hull,0,-8.8016,10.5144
"Bautista, Félix",hull,1,5.8316,0.7432
"Bautista, Félix",hull,2,-4.7712,20.64
"Baz, Shane",hull,0,-16.7255,8.9244
"Baz, Shane",hull,1,7.5531,-12.479
"Baz, Shane",hull,2,2.5146,7.7349
"Baz, Shane",hull,3,-9.9042,16.6529
"Bazardo, Eduard",hull,0,-16.2035,10.8516
"Bazardo, Eduard",hull,1,16.0662,-4.0014
"Bazardo, Eduard",hull,2,-8.3431,16.1817
"Beck, Tristan",hull,0,18.6228,-1.7136
"Beck, Tristan",hull,1,-9.6529,15.6858
"Beck, Tristan",hull,2,8.1038,-14.4111
"Bednar, David",hull,0,8.1016,-7.499
"Bednar, David",hull,1,-8.1836,18.0508
"Bednar, David",hull,2,-7.9797,5.275
"Beeks, Jalen",hull,0,-2.4818,0.8637
"Beeks, Jalen",hull,1,15.8838,9.8108
"Beeks, Jalen",hull,2,6.6592,15.688
"Beeter, Clayton",bbox,0,-3.7343,-5.2822
"Beeter, Clayton",bbox,1,4.2308,-5.2822
"Beeter, Clayton",bbox,2,4.2308,17.9986
"Beeter, Clayton",bbox,3,-3.7343,17.9986
"Bello, Brayan",hull,0,-7.6539,13.5119
"Bello, Brayan",hull,1,-16.9186,5.6786
"Bello, Brayan",hull,2,-16.0557,4.5528
"Bello, Brayan",hull,3,9.8888,-3.1877
"Bellozo, Valente",hull,0,-15.9707,4.7328
"Bellozo, Valente",hull,1,14.8291,3.4777
"Bellozo, Valente",hull,2,-3.3682,17.4606
"Bender, Anthony",hull,0,16.765,2.254
"Bender, Anthony",hull,1,-18.3709,3.3726
"Bender, Anthony",hull,2,4.571,-1.0539
"Bergert, Ryan",hull,0,-7.7667,18.6619
"Bergert, Ryan",hull,1,-14.947,13.9842
"Bergert, Ryan",hull,2,-14.4703,7.4582
"Bergert, Ryan",hull,3,14.9985,-0.5944
"Bernardino, Brennan",hull,0,-15.6153,1.1775
"Bernardino, Brennan",hull,1,15.1835,0.6058
"Bernardino, Brennan",hull,2,15.9923,4.9798
"Bernardino, Brennan",hull,3,-1.9421,5.8031
"Berríos, José",hull,0,-9.8073,15.2216
"Berríos, José",hull,1,-16.0583,10.7892
"Berríos, José",hull,2,-14.4199,4.3587
"Berríos, José",hull,3,14.8899,-4.5118
"Berríos, José",hull,4,0.058,9.9995
"Bibee, Tanner",hull,0,-14.115,9.4703
"Bibee, Tanner",hull,1,10.2839,-8.6128
"Bibee, Tanner",hull,2,16.0163,-1.9185
"Bibee, Tanner",hull,3,-5.5364,14.6226
"Bibee, Tanner",hull,4,-11.9647,11.4561
"Bido, Osvaldo",hull,0,-16.0027,9.983
"Bido, Osvaldo",hull,1,7.1311,3.346
"Bido, Osvaldo",hull,2,-10.2262,15.7613
"Bieber, Shane",hull,0,-13.1471,-0.5585
"Bieber, Shane",hull,1,7.5075,-12.1605
"Bieber, Shane",hull,2,1.981,7.15
"Bieber, Shane",hull,3,-10.2203,17.7849
"Bigge, Hunter",bbox,0,-4.2176,2.5687
"Bigge, Hunter",bbox,1,5.0887,2.5687
"Bigge, Hunter",bbox,2,5.0887,17.9435
"Bigge, Hunter",bbox,3,-4.2176,17.9435
"Bird, Jake",hull,0,-11.2178,0.3871
"Bird, Jake",hull,1,16.0678,-8.744
"Bird, Jake",hull,2,14.3248,6.03
"Birdsong, Hayden",hull,0,-11.889,-0.0257
"Birdsong, Hayden",hull,1,3.8462,-12.6372
"Birdsong, Hayden",hull,2,1.953,7.1039
"Birdsong, Hayden",hull,3,-6.0143,18.0569
"Bivens, Spencer",hull,0,5.5026,-4.9026
"Bivens, Spencer",hull,1,12.6222,3.6967
"Bivens, Spencer",hull,2,1.4659,10.243
"Bivens, Spencer",hull,3,-7.5037,13.7689
"Bivens, Spencer",hull,4,-15.9709,6.5491
"Bivens, Spencer",hull,5,-11.4188,2.3461
"Blackburn, Paul",hull,0,8.0456,-15.9304
"Blackburn, Paul",hull,1,16.9964,-5.0673
"Blackburn, Paul",hull,2,4.1777,6.2456
"Blackburn, Paul",hull,3,-12.9047,7.2413
"Blackburn, Paul",hull,4,-11.0574,3.6052
"Blalock, Bradley",hull,0,-8.5254,7.6127
"Blalock, Bradley",hull,1,1.1093,-9.6907
"Blalock, Bradley",hull,2,4.02,-2.2252
"Blalock, Bradley",hull,3,4.54,4.7188
"Blalock, Bradley",hull,4,-2.8828,16.8534
"Blanco, Ronel",hull,0,-13.6861,6.2485
"Blanco, Ronel",hull,1,10.2365,-1.5287
"Blanco, Ronel",hull,2,-6.7043,18.8014
"Blewett, Scott",hull,0,-6.4604,2.3244
"Blewett, Scott",hull,1,2.2532,-0.6172
"Blewett, Scott",hull,2,-5.3353,14.707
"Blubaugh, AJ",hull,0,-17.3694,7.1608
"Blubaugh, AJ",hull,1,15.3211,1.2322
"Blubaugh, AJ",hull,2,-11.7345,17.8174
"Booser, Cam",hull,0,7.2998,16.1148
"Booser, Cam",hull,1,-13.0873,-4.109
"Booser, Cam",hull,2,-3.3118,0.8014
"Borucki, Ryan",hull,0,18.09,8.5046
"Borucki, Ryan",hull,1,-14.0136,-0.9297
"Borucki, Ryan",hull,2,13.1965,0.2575
"Boushley, Caleb",hull,0,-5.5517,16.5092
"Boushley, Caleb",hull,1,-15.6267,10.2012
"Boushley, Caleb",hull,2,-14.6473,6.551
"Boushley, Caleb",hull,3,7.5,-11.24
"Boushley, Caleb",hull,4,4.7236,1.1964
"Boushley, Caleb",hull,5,1.2197,11.4943
"Bowden, Ben",bbox,0,-0.1494,4.7479
"Bowden, Ben",bbox,1,13.2665,4.7479
"Bowden, Ben",bbox,2,13.2665,16.5458
"Bowden, Ben",bbox,3,-0.1494,16.5458
"Bowlan, Jonathan",hull,0,-7.9864,17.6779
"Bowlan, Jonathan",hull,1,-14.0112,12.455
"Bowlan, Jonathan",hull,2,-12.4308,4.6407
"Bowlan, Jonathan",hull,3,12.2366,-7.164
"Bowman, Matt",hull,0,-18.2066,3.6427
"Bowman, Matt",hull,1,12.5848,4.9614
"Bowman, Matt",hull,2,2.017,7.295
"Boyd, Matthew",hull,0,-10.8975,-8.5433
"Boyd, Matthew",hull,1,15.7623,5.6675
"Boyd, Matthew",hull,2,13.2728,12.889
"Boyd, Matthew",hull,3,-2.394,0.2728
"Boyle, Joe",hull,0,-15.7918,2.9053
"Boyle, Joe",hull,1,3.4851,2.1651
"Boyle, Joe",hull,2,-8.2201,14.7783
"Bradish, Kyle",hull,0,-11.5297,14.0497
"Bradish, Kyle",hull,1,5.1638,-12.221
"Bradish, Kyle",hull,2,12.1663,0.0858
"Bradish, Kyle",hull,3,1.5193,16.05
"Bradley, Taj",hull,0,-12.6607,8.909
"Bradley, Taj",hull,1,3.9503,-14.6665
"Bradley, Taj",hull,2,4.0016,5.5618
"Bradley, Taj",hull,3,-6.2411,18.5148
"Bradley, Taj",hull,4,-10.4632,15.363
"Brash, Matt",hull,0,15.4312,-0.6655
"Brash, Matt",hull,1,-17.4942,7.8684
"Brash, Matt",hull,2,-14.4355,-3.3172
"Brasier, Ryan",hull,0,-15.3562,10.7175
"Brasier, Ryan",hull,1,5.3991,2.3163
"Brasier, Ryan",hull,2,-8.2379,15.6304
"Brazobán, Huascar",hull,0,-17.8683,8.1406
"Brazobán, Huascar",hull,1,-16.4755,1.8695
"Brazobán, Huascar",hull,2,-2.1965,8.5304
"Brazobán, Huascar",hull,3,-11.0876,14.4734
"Brebbia, John",bbox,0,-10.7861,4.2223
"Brebbia, John",bbox,1,6.8304,4.2223
"Brebbia, John",bbox,2,6.8304,17.2827
"Brebbia, John",bbox,3,-10.7861,17.2827
"Bride, Jonah",bbox,0,-14.1818,12.855
"Bride, Jonah",bbox,1,-14.1818,12.855
"Bride, Jonah",bbox,2,-14.1818,12.855
"Bride, Jonah",bbox,3,-14.1818,12.855
"Brieske, Beau",hull,0,-14.022,6.2208
"Brieske, Beau",hull,1,-4.5247,18.2814
"Brieske, Beau",hull,2,-12.8239,15.7433
"Brogdon, Connor",hull,0,-16.784,7.0766
"Brogdon, Connor",hull,1,3.9715,6.2762
"Brogdon, Connor",hull,2,-10.9616,15.4732
"Brown, Ben",bbox,0,-7.4138,-2.3423
"Brown, Ben",bbox,1,2.5823,-2.3423
"Brown, Ben",bbox,2,2.5823,16.9486
"Brown, Ben",bbox,3,-7.4138,16.9486
"Brown, Hunter",hull,0,-14.3616,7.9042
"Brown, Hunter",hull,1,5.0749,-15.9487
"Brown, Hunter",hull,2,3.6857,5.6924
"Brown, Hunter",hull,3,-6.751,17.3343
"Brown, Hunter",hull,4,-13.9259,13.1548
"Brown, McCade",hull,0,-11.3102,12.9029
"Brown, McCade",hull,1,11.144,-11.9707
"Brown, McCade",hull,2,3.3885,2.6202
"Brubaker, JT",hull,0,-15.5017,4.8133
"Brubaker, JT",hull,1,0.4116,1.3189
"Brubaker, JT",hull,2,-15.2847,9.2753
"Bruihl, Justin",bbox,0,-19.5662,-1.9398
"Bruihl, Justin",bbox,1,17.7412,-1.9398
"Bruihl, Justin",bbox,2,17.7412,2.8863
"Bruihl, Justin",bbox,3,-19.5662,2.8863
"Brzykcy, Zach",hull,0,-16.4835,9.3341
"Brzykcy, Zach",hull,1,5.13,-10.8718
"Brzykcy, Zach",hull,2,-6.9345,19.0428
"Bubic, Kris",hull,0,4.3268,18.1511
"Bubic, Kris",hull,1,-13.0925,-4.7447
"Bubic, Kris",hull,2,11.3448,0.1844
"Bubic, Kris",hull,3,13.5467,9.4462
"Buehler, Walker",hull,0,-15.8608,5.2032
"Buehler, Walker",hull,1,11.3255,-14.7481
"Buehler, Walker",hull,2,16.3033,1.5679
"Buehler, Walker",hull,3,4.3683,10.8762
"Buehler, Walker",hull,4,-5.7334,16.899
"Buehler, Walker",hull,5,-15.251,10.8518
"Bummer, Aaron",hull,0,8.4755,11.0472
"Bummer, Aaron",hull,1,-14.8134,-0.4763
"Bummer, Aaron",hull,2,-12.7659,-8.3783
"Bummer, Aaron",hull,3,14.4837,1.2233
"Burgos, Juan",hull,0,-13.8767,3.8983
"Burgos, Juan",hull,1,13.2051,0.4989
"Burgos, Juan",hull,2,0.0362,5.5134
"Burke, Brock",hull,0,1.0761,5.0919
"Burke, Brock",hull,1,15.24,5.1202
"Burke, Brock",hull,2,15.077,10.6415
"Burke, Brock",hull,3,8.3847,15.8057
"Burke, Sean",hull,0,-14.7809,8.8986
"Burke, Sean",hull,1,5.8998,-14.8885
"Burke, Sean",hull,2,5.3748,4.8955
"Burke, Sean",hull,3,-4.9985,18.3911
"Burnes, Corbin",hull,0,-15.3912,7.7458
"Burnes, Corbin",hull,1,9.7082,-11.5027
"Burnes, Corbin",hull,2,6.2427,1.408
"Burnes, Corbin",hull,3,2.4365,12.1825
"Burnes, Corbin",hull,4,-12.6445,10.9089
"Burns, Chase",bbox,0,-3.4934,1.335
"Burns, Chase",bbox,1,5.0486,1.335
"Burns, Chase",bbox,2,5.0486,18.1165
"Burns, Chase",bbox,3,-3.4934,18.1165
"Burrows, Mike",hull,0,-5.6679,16.9326
"Burrows, Mike",hull,1,-14.1986,11.8717
"Burrows, Mike",hull,2,-13.8733,7.9466
"Burrows, Mike",hull,3,8.8243,-16.2256
"Burrows, Mike",hull,4,3.6488,2.9684
"Buttó, José",hull,0,-3.1232,15.1046
"Buttó, José",hull,1,-14.5594,10.1022
"Buttó, José",hull,2,-9.4446,3.2292
"Buttó, José",hull,3,12.5626,-5.3439
"Cabrera, Edward",hull,0,-17.5012,4.4861
"Cabrera, Edward",hull,1,10.9177,-10.9824
"Cabrera, Edward",hull,2,1.8713,2.1967
"Cabrera, Edward",hull,3,-10.9463,14.5816
"Cabrera, Edward",hull,4,-17.2161,9.5541
"Cabrera, Génesis",hull,0,-7.6904,-8.3413
"Cabrera, Génesis",hull,1,15.3503,12.0455
"Cabrera, Génesis",hull,2,8.3919,16.6903
"Cabrera, Génesis",hull,3,-0.2219,7.149
"Cameron, Noah",hull,0,-3.7744,6.4349
"Cameron, Noah",hull,1,-3.4345,-10.6978
"Cameron, Noah",hull,2,10.8466,11.2072
"Cameron, Noah",hull,3,4.4745,16.8078
"Canning, Griffin",hull,0,-9.56,15.7485
"Canning, Griffin",hull,1,-14.9627,1.47
"Canning, Griffin",hull,2,1.294,-4.4362
"Canning, Griffin",hull,3,13.2893,-5.4851
"Cannon, Jonathan",hull,0,-15.4628,1.2432
"Cannon, Jonathan",hull,1,15.099,2.6204
"Cannon, Jonathan",hull,2,-8.8375,14.9708
"Cannon, Jonathan",hull,3,-15.0638,5.1026
"Cano, Yennier",hull,0,-13.1577,-4.2625
"Cano, Yennier",hull,1,12.2987,-0.2752
"Cano, Yennier",hull,2,-13.68,7.4219
"Cano, Yennier",hull,3,-17.8937,1.9951
"Cano, Yennier",hull,4,-17.0097,-1.3205
"Cantillo, Joey",hull,0,-8.1348,-18.0092
"Cantillo, Joey",hull,1,10.256,12.3807
"Cantillo, Joey",hull,2,7.0548,16.8706
"Cantillo, Joey",hull,3,-4.9004,5.6155
"Carrasco, Carlos",hull,0,-5.4096,11.9933
"Carrasco, Carlos",hull,1,-13.7505,4.7417
"Carrasco, Carlos",hull,2,-7.5116,1.2824
"Carrasco, Carlos",hull,3,7.9785,-5.5908
"Carrasco, Carlos",hull,4,2.4699,4.1691
"Casparius, Ben",hull,0,13.9856,-0.884
"Casparius, Ben",hull,1,-2.8222,17.8877
"Casparius, Ben",hull,2,10.218,-14.5193
"Castillo, José",hull,0,-5.2349,-1.1504
"Castillo, José",hull,1,15.5283,5.528
"Castillo, José",hull,2,6.4252,13.2444
"Castillo, Luis",hull,0,-12.9804,12.3906
"Castillo, Luis",hull,1,-18.576,3.6929
"Castillo, Luis",hull,2,-17.6866,-0.5752
"Castillo, Luis",hull,3,0.9853,-0.349
"Castillo, Luis F.",bbox,0,-12.7184,9.9413
"Castillo, Luis F.",bbox,1,-12.7184,9.9413
"Castillo, Luis F.",bbox,2,-12.7184,9.9413
"Castillo, Luis F.",bbox,3,-12.7184,9.9413
"Castro, Miguel",bbox,0,-17.2536,7.0152
"Castro, Miguel",bbox,1,-17.2536,7.0152
"Castro, Miguel",bbox,2,-17.2536,7.0152
"Castro, Miguel",bbox,3,-17.2536,7.0152
"Cavalli, Cade",hull,0,-17.6972,6.111
"Cavalli, Cade",hull,1,6.2895,-12.8415
"Cavalli, Cade",hull,2,0.4057,8.7505
"Cavalli, Cade",hull,3,-4.3588,15.0672
"Cease, Dylan",hull,0,-3.7204,18.5288
"Cease, Dylan",hull,1,3.0148,-15.5049
"Cease, Dylan",hull,2,1.2326,3.3315
"Cecconi, Slade",hull,0,-10.7538,15.8379
"Cecconi, Slade",hull,1,-16.2825,8.6331
"Cecconi, Slade",hull,2,-14.1059,3.2496
"Cecconi, Slade",hull,3,9.2379,-12.7661
"Cecconi, Slade",hull,4,5.3013,0.4004
"Chafin, Andrew",hull,0,-0.8658,-2.0506
"Chafin, Andrew",hull,1,14.6074,12.5122
"Chafin, Andrew",hull,2,8.318,16.5054
"Chandler, Bubba",hull,0,-16.7204,6.7858
"Chandler, Bubba",hull,1,1.986,1.044
"Chandler, Bubba",hull,2,-8.8814,17.3108
"Chapman, Aroldis",hull,0,-10.3538,4.68
"Chapman, Aroldis",hull,1,5.1863,3.912
"Chapman, Aroldis",hull,2,10.9635,17.0254
"Chapman, Aroldis",hull,3,3.4447,18.4768
"Chavez, Jesse",bbox,0,-16.1776,7.4339
"Chavez, Jesse",bbox,1,-1.9527,7.4339
"Chavez, Jesse",bbox,2,-1.9527,12.52
"Chavez, Jesse",bbox,3,-16.1776,12.52
"Chivilli, Angel",hull,0,0.9486,4.0505
"Chivilli, Angel",hull,1,-14.2603,9.5174
"Chivilli, Angel",hull,2,-11.7058,7.0383
"Civale, Aaron",hull,0,-7.3401,17.8704
"Civale, Aaron",hull,1,-14.3915,11.7624
"Civale, Aaron",hull,2,-13.5388,5.9941
"Civale, Aaron",hull,3,12.3716,-14.9641
"Civale, Aaron",hull,4,4.6328,11.156
"Clarke, Taylor",hull,0,-14.4518,1.1209
"Clarke, Taylor",hull,1,4.8516,2.6874
"Clarke, Taylor",hull,2,-6.7727,16.9848
"Clarke, Taylor",hull,3,-13.8223,10.7585
"Clase, Emmanuel",bbox,0,4.0732,1.7579
"Clase, Emmanuel",bbox,1,8.2544,1.7579
"Clase, Emmanuel",bbox,2,8.2544,12.5043
"Clase, Emmanuel",bbox,3,4.0732,12.5043
"Cleavinger, Garrett",hull,0,8.1189,15.5737
"Cleavinger, Garrett",hull,1,-17.14,-1.4707
"Cleavinger, Garrett",hull,2,-6.1051,-0.2276
"Cleavinger, Garrett",hull,3,16.1431,9.1348
"Contreras, Luis",bbox,0,0.0372,18.9908
"Contreras, Luis",bbox,1,0.0372,18.9908
"Contreras, Luis",bbox,2,0.0372,18.9908
"Contreras, Luis",bbox,3,0.0372,18.9908
"Contreras, Roansy",bbox,0,-7.7624,16.8983
"Contreras, Roansy",bbox,1,-7.7624,16.8983
"Contreras, Roansy",bbox,2,-7.7624,16.8983
"Contreras, Roansy",bbox,3,-7.7624,16.8983
"Corbin, Patrick",hull,0,-2.3735,0.4877
"Corbin, Patrick",hull,1,12.477,8.834
"Corbin, Patrick",hull,2,15.1614,11.057
"Corbin, Patrick",hull,3,-0.8522,6.5713
"Cortes, Nestor",hull,0,-13.4385,2.823
"Cortes, Nestor",hull,1,12.5436,6.5913
"Cortes, Nestor",hull,2,4.4779,19.3132
"Cortes, Nestor",hull,3,-4.7751,11.2238
"Coulombe, Danny",hull,0,-11.7672,-4.9119
"Coulombe, Danny",hull,1,10.7409,13.2017
"Coulombe, Danny",hull,2,0.2272,14.6477
"Cox, Austin",hull,0,3.87,18.1389
"Cox, Austin",hull,1,-4.6075,4.3295
"Cox, Austin",hull,2,-2.408,-8.4144
"Crismatt, Nabil",hull,0,-8.3827,14.692
"Crismatt, Nabil",hull,1,-14.2507,10.2231
"Crismatt, Nabil",hull,2,-11.1795,2.0979
"Crismatt, Nabil",hull,3,12.6766,-12.0665
"Criswell, Cooper",hull,0,-0.5707,8.2244
"Criswell, Cooper",hull,1,-15.0499,-1.5226
"Criswell, Cooper",hull,2,-12.9628,-5.5493
"Crochet, Garrett",hull,0,-13.7631,-2.975
"Crochet, Garrett",hull,1,16.1715,8.1847
"Crochet, Garrett",hull,2,8.0274,15.9539
"Crochet, Garrett",hull,3,-3.6537,6.2116
"Cruz, Fernando",hull,0,-6.0267,17.5347
"Cruz, Fernando",hull,1,-14.228,13.645
"Cruz, Fernando",hull,2,-4.5735,0.0789
"Cruz, Fernando",hull,3,8.2108,0.2931
"Cruz, Omar",bbox,0,10.8264,17.8296
"Cruz, Omar",bbox,1,10.8264,17.8296
"Cruz, Omar",bbox,2,10.8264,17.8296
"Cruz, Omar",bbox,3,10.8264,17.8296
"Cruz, Steven",hull,0,-9.799,15.0164
"Cruz, Steven",hull,1,5.2231,3.9631
"Cruz, Steven",hull,2,0.3454,9.2773
"Curtiss, John",bbox,0,-7.4099,8.0607
"Curtiss, John",bbox,1,2.5507,8.0607
"Curtiss, John",bbox,2,2.5507,17.4837
"Curtiss, John",bbox,3,-7.4099,17.4837
"Curvelo, Luis",hull,0,-16.2928,10.9952
"Curvelo, Luis",hull,1,3.0696,2.9249
"Curvelo, Luis",hull,2,-12.6689,13.8071
"Dana, Caden",hull,0,-13.6547,6.0176
"Dana, Caden",hull,1,5.2119,-0.4792
"Dana, Caden",hull,2,-10.7018,15.9045
"Daniel, Davis",bbox,0,-6.5303,17.3368
"Daniel, Davis",bbox,1,-6.5303,17.3368
"Daniel, Davis",bbox,2,-6.5303,17.3368
"Daniel, Davis",bbox,3,-6.5303,17.3368
"Darnell, Dugan",bbox,0,-7.2612,6.7344
"Darnell, Dugan",bbox,1,-3.8184,6.7344
"Darnell, Dugan",bbox,2,-3.8184,14.5053
"Darnell, Dugan",bbox,3,-7.2612,14.5053
"Darrell-Hicks, Michael",bbox,0,-17.2341,3.1472
"Darrell-Hicks, Michael",bbox,1,3.3057,3.1472
"Darrell-Hicks, Michael",bbox,2,3.3057,9.8224
"Darrell-Hicks, Michael",bbox,3,-17.2341,9.8224
"Darvish, Yu",hull,0,-16.1522,6.6193
"Darvish, Yu",hull,1,11.7247,-13.7607
"Darvish, Yu",hull,2,13.8431,2.841
"Darvish, Yu",hull,3,-1.4029,10.6161
"Darvish, Yu",hull,4,-10.6667,14.4188
"Davis, Noah",bbox,0,-18.1342,-0.4678
"Davis, Noah",bbox,1,17.3256,-0.4678
"Davis, Noah",bbox,2,17.3256,7.3523
"Davis, Noah",bbox,3,-18.1342,7.3523
"De Los Santos, Enyel",hull,0,-16.2971,7.6343
"De Los Santos, Enyel",hull,1,1.3403,6.3422
"De Los Santos, Enyel",hull,2,-10.6722,12.9851
"De los Santos, Yerry",hull,0,-17.3027,8.1431
"De los Santos, Yerry",hull,1,-14.0687,0.4528
"De los Santos, Yerry",hull,2,4.1186,1.23
"De los Santos, Yerry",hull,3,-13.9477,12.9951
"DeSclafani, Anthony",hull,0,-12.5274,15.2284
"DeSclafani, Anthony",hull,1,-16.6227,9.6627
"DeSclafani, Anthony",hull,2,-8.3833,0.0288
"DeSclafani, Anthony",hull,3,14.9682,-0.7041
"Detmers, Reid",hull,0,7.7685,18.1424
"Detmers, Reid",hull,1,-10.0748,-16.1801
"Detmers, Reid",hull,2,-2.7046,-2.7
"Devenski, Chris",hull,0,-17.7506,2.3918
"Devenski, Chris",hull,1,14.664,-0.0785
"Devenski, Chris",hull,2,-12.4864,16.3864
"Dobbins, Hunter",hull,0,-12.5985,5.0622
"Dobbins, Hunter",hull,1,7.0511,-11.5189
"Dobbins, Hunter",hull,2,14.74,1.0988
"Dobbins, Hunter",hull,3,-2.0511,15.7534
"Dodd, Dylan",bbox,0,1.4529,5.3809
"Dodd, Dylan",bbox,1,11.4286,5.3809
"Dodd, Dylan",bbox,2,11.4286,15.9333
"Dodd, Dylan",bbox,3,1.4529,15.9333
"Dollander, Chase",hull,0,-15.6922,4.593
"Dollander, Chase",hull,1,13.995,-7.3764
"Dollander, Chase",hull,2,4.2575,3.6734
"Dollander, Chase",hull,3,-11.4685,12.394
"Domínguez, Seranthony",hull,0,-5.0468,15.6269
"Domínguez, Seranthony",hull,1,-14.7579,10.0235
"Domínguez, Seranthony",hull,2,-8.5383,3.0817
"Domínguez, Seranthony",hull,3,10.1288,4.4703
"Doval, Camilo",hull,0,-7.4487,5.2148
"Doval, Camilo",hull,1,7.4291,-0.4171
"Doval, Camilo",hull,2,-2.7264,10.4778
"Dreyer, Jack",hull,0,-6.7782,-16.3747
"Dreyer, Jack",hull,1,7.0338,19.626
"Dreyer, Jack",hull,2,-2.5789,3.8352
"Dubin, Shawn",hull,0,10.6455,-14.808
"Dubin, Shawn",hull,1,16.3875,0.2412
"Dubin, Shawn",hull,2,-11.2893,13.8609
"Dubin, Shawn",hull,3,-16.4063,8.261
"Dubin, Shawn",hull,4,-14.2305,-2.493
"Dunning, Dane",hull,0,-16.6997,6.926
"Dunning, Dane",hull,1,-0.8914,12.1396
"Dunning, Dane",hull,2,-14.7395,8.4746
"Duran, Jhoan",hull,0,-13.2739,12.6316
"Duran, Jhoan",hull,1,-14.0813,1.6355
"Duran, Jhoan",hull,2,5.6128,-10.3981
"Duran, Jhoan",hull,3,12.1809,-2.3686
"Díaz, Alexis",bbox,0,-10.896,5.2882
"Díaz, Alexis",bbox,1,2.8504,5.2882
"Díaz, Alexis",bbox,2,2.8504,15.3148
"Díaz, Alexis",bbox,3,-10.896,15.3148
"Díaz, Edwin",bbox,0,-13.0759,3.8229
"Díaz, Edwin",bbox,1,1.6733,3.8229
"Díaz, Edwin",bbox,2,1.6733,12.893
"Díaz, Edwin",bbox,3,-13.0759,12.893
"Early, Connelly",hull,0,9.4726,15.4568
"Early, Connelly",hull,1,-9.8449,-9.8104
"Early, Connelly",hull,2,13.1934,-1.4236
"Early, Connelly",hull,3,18.332,8.566
"Eder, Jake",hull,0,-10.141,0.3986
"Eder, Jake",hull,1,15.0226,4.8679
"Eder, Jake",hull,2,8.9813,14.4951
"Eder, Jake",hull,3,-3.576,6.6698
"Effross, Scott",bbox,0,-17.46,-3.7589
"Effross, Scott",bbox,1,8.2408,-3.7589
"Effross, Scott",bbox,2,8.2408,2.5362
"Effross, Scott",bbox,3,-17.46,2.5362
"Eflin, Zach",hull,0,-9.7635,11.4137
"Eflin, Zach",hull,1,-16.1713,2.3713
"Eflin, Zach",hull,2,-15.5961,1.1301
"Eflin, Zach",hull,3,12.596,-6.9786
"Eflin, Zach",hull,4,13.0387,2.1008
"Eflin, Zach",hull,5,0.9673,8.3608
"Eisert, Brandon",hull,0,-2.4459,5.0823
"Eisert, Brandon",hull,1,12.7672,1.8661
"Eisert, Brandon",hull,2,10.0523,15.1683
"Elder, Bryce",hull,0,-3.5627,15.2711
"Elder, Bryce",hull,1,-14.4205,8.2156
"Elder, Bryce",hull,2,-11.8385,4.6868
"Elder, Bryce",hull,3,1.8593,-0.1489
"Ellard, Fraser",bbox,0,-6.8979,-2.0584
"Ellard, Fraser",bbox,1,11.1586,-2.0584
"Ellard, Fraser",bbox,2,11.1586,14.6857
"Ellard, Fraser",bbox,3,-6.8979,14.6857
"Englert, Mason",hull,0,-7.821,16.8252
"Englert, Mason",hull,1,-14.4029,7.4361
"Englert, Mason",hull,2,-12.6803,0.7413
"Englert, Mason",hull,3,12.5016,-13.2374
"Englert, Mason",hull,4,2.7969,3.2786
"Enns, Dietrich",hull,0,-2.478,0.9912
"Enns, Dietrich",hull,1,11.4838,4.3934
"Enns, Dietrich",hull,2,5.8059,17.6354
"Enright, Nic",bbox,0,-4.645,4.1796
"Enright, Nic",bbox,1,2.7511,4.1796
"Enright, Nic",bbox,2,2.7511,19.8279
"Enright, Nic",bbox,3,-4.645,19.8279
"Eovaldi, Nathan",hull,0,-13.3206,12.9911
"Eovaldi, Nathan",hull,1,-17.6165,9.548
"Eovaldi, Nathan",hull,2,-12.3787,0.2127
"Eovaldi, Nathan",hull,3,8.7065,-8.3579
"Eovaldi, Nathan",hull,4,0.4289,11.4979
"Erceg, Lucas",hull,0,-16.8671,6.8676
"Erceg, Lucas",hull,1,0.1921,-1.3874
"Erceg, Lucas",hull,2,-10.1477,14.4461
"Erceg, Lucas",hull,3,-14.8805,10.2334
"Estes, Joey",bbox,0,-6.8229,16.0774
"Estes, Joey",bbox,1,-6.8229,16.0774
"Estes, Joey",bbox,2,-6.8229,16.0774
"Estes, Joey",bbox,3,-6.8229,16.0774
"Estrada, Jeremiah",hull,0,-10.8343,9.9843
"Estrada, Jeremiah",hull,1,4.3665,3.1157
"Estrada, Jeremiah",hull,2,-1.9925,19.6058
"Estrada, Lazaro",bbox,0,-7.591,18.3476
"Estrada, Lazaro",bbox,1,-7.591,18.3476
"Estrada, Lazaro",bbox,2,-7.591,18.3476
"Estrada, Lazaro",bbox,3,-7.591,18.3476
"Estévez, Carlos",hull,0,-11.3286,9.7936
"Estévez, Carlos",hull,1,5.3933,2.9952
"Estévez, Carlos",hull,2,-7.468,17.2417
"Evans, Logan",hull,0,-17.9072,1.9848
"Evans, Logan",hull,1,11.4458,-10.1927
"Evans, Logan",hull,2,14.323,-0.2838
"Evans, Logan",hull,3,-13.3339,11.3502
"Evans, Logan",hull,4,-17.7011,5.2949
"Fairbanks, Pete",bbox,0,-0.2738,-5.4073
"Fairbanks, Pete",bbox,1,5.2151,-5.4073
"Fairbanks, Pete",bbox,2,5.2151,17.2098
"Fairbanks, Pete",bbox,3,-0.2738,17.2098
"Falter, Bailey",hull,0,-4.74,6.4173
"Falter, Bailey",hull,1,-3.4517,-2.2385
"Falter, Bailey",hull,2,3.7788,10.5195
"Falter, Bailey",hull,3,7.4978,18.2846
"Falter, Bailey",hull,4,3.7996,18.5122
"Farris, Mitch",hull,0,-2.2762,0.8501
"Farris, Mitch",hull,1,13.4822,-1.1256
"Farris, Mitch",hull,2,9.7123,15.7438
"Faucher, Calvin",hull,0,-16.7176,6.1328
"Faucher, Calvin",hull,1,9.8906,-12.7321
"Faucher, Calvin",hull,2,13.8019,-1.4959
"Faucher, Calvin",hull,3,-7.7235,15.4662
"Fedde, Erick",hull,0,-12.2122,2.5328
"Fedde, Erick",hull,1,12.8215,4.2798
"Fedde, Erick",hull,2,1.2394,9.1379
"Fedde, Erick",hull,3,-11.8602,9.3385
"Feltner, Ryan",hull,0,-10.3108,7.2665
"Feltner, Ryan",hull,1,14.4488,-1.3819
"Feltner, Ryan",hull,2,5.3744,5.582
"Feltner, Ryan",hull,3,-3.5331,11.3897
"Ferguson, Caleb",hull,0,-8.944,-12.0465
"Ferguson, Caleb",hull,1,14.6524,11.2713
"Ferguson, Caleb",hull,2,4.8957,15.6761
"Ferguson, Caleb",hull,3,-2.8408,4.6357
"Ferguson, Tyler",hull,0,-16.2473,5.4049
"Ferguson, Tyler",hull,1,11.1065,1.215
"Ferguson, Tyler",hull,2,-8.5443,14.4527
"Fermin, José",bbox,0,-8.7075,1.7016
"Fermin, José",bbox,1,-0.2347,1.7016
"Fermin, José",bbox,2,-0.2347,17.3511
"Fermin, José",bbox,3,-8.7075,17.3511
"Fernandez, Ryan",bbox,0,-8.1848,0.393
"Fernandez, Ryan",bbox,1,2.7887,0.393
"Fernandez, Ryan",bbox,2,2.7887,17.4394
"Fernandez, Ryan",bbox,3,-8.1848,17.4394
"Fernández, Julian",bbox,0,-4.2738,15.6577
"Fernández, Julian",bbox,1,-4.2738,15.6577
"Fernández, Julian",bbox,2,-4.2738,15.6577
"Fernández, Julian",bbox,3,-4.2738,15.6577
"Ferrer, José A.",hull,0,-0.288,3.4013
"Ferrer, José A.",hull,1,18.0494,0.5796
"Ferrer, José A.",hull,2,18.2948,6.5462
"Ferrer, José A.",hull,3,16.5351,8.1374
"Festa, David",hull,0,-12.7402,7.3298
"Festa, David",hull,1,1.62,2.8851
"Festa, David",hull,2,-2.9542,18.3259
"Festa, David",hull,3,-12.2636,14.6282
"Festa, Matt",hull,0,-10.8364,8.4691
"Festa, Matt",hull,1,15.5933,0.6171
"Festa, Matt",hull,2,0.5982,11.6312
"Finnegan, Kyle",bbox,0,-10.2002,3.5893
"Finnegan, Kyle",bbox,1,-8.9805,3.5893
"Finnegan, Kyle",bbox,2,-8.9805,17.1292
"Finnegan, Kyle",bbox,3,-10.2002,17.1292
"Fisher, Braydon",hull,0,-4.8758,17.6961
"Fisher, Braydon",hull,1,4.7187,-14.6462
"Fisher, Braydon",hull,2,2.2368,2.4975
"Fitts, Richard",hull,0,-12.32,14.2455
"Fitts, Richard",hull,1,5.8948,-9.3022
"Fitts, Richard",hull,2,12.6892,1.2815
"Fitts, Richard",hull,3,-2.4038,17.0274
"Flaherty, Jack",hull,0,-5.855,15.8567
"Flaherty, Jack",hull,1,12.1045,-8.6918
"Flaherty, Jack",hull,2,6.4369,2.8785
"Flexen, Chris",hull,0,7.4312,8.1771
"Flexen, Chris",hull,1,-2.1622,17.7353
"Flexen, Chris",hull,2,1.234,-11.2
"Flexen, Chris",hull,3,9.1565,-15.0313
"Fluharty, Mason",bbox,0,-16.2873,1.791
"Fluharty, Mason",bbox,1,-3.5291,1.791
"Fluharty, Mason",bbox,2,-3.5291,10.3189
"Fluharty, Mason",bbox,3,-16.2873,10.3189
"Francis, Bowden",hull,0,-8.543,5.4994
"Francis, Bowden",hull,1,15.5272,-7.3125
"Francis, Bowden",hull,2,-7.2443,18.3072
"Freeland, Kyle",hull,0,7.8991,15.0519
"Freeland, Kyle",hull,1,-9.6139,-3.1674
"Freeland, Kyle",hull,2,-2.0467,-6.5402
"Freeland, Kyle",hull,3,14.0321,8.1308
"Fried, Max",hull,0,-17.317,-3.6565
"Fried, Max",hull,1,-10.5253,-16.9182
"Fried, Max",hull,2,13.4188,3.6125
"Fried, Max",hull,3,3.1396,15.0336
"Fuentes, Didier",bbox,0,-9.3579,-1.002
"Fuentes, Didier",bbox,1,8.2545,-1.002
"Fuentes, Didier",bbox,2,8.2545,15.7356
"Fuentes, Didier",bbox,3,-9.3579,15.7356
"Fulmer, Carson",hull,0,-8.88,16.0737
"Fulmer, Carson",hull,1,-14.4023,9.5615
"Fulmer, Carson",hull,2,-13.9145,2.3594
"Fulmer, Carson",hull,3,4.5556,4.1151
"Funderburk, Kody",hull,0,-14.4083,-2.7842
"Funderburk, Kody",hull,1,16.6193,-0.3697
"Funderburk, Kody",hull,2,16.3711,7.4101
"Funderburk, Kody",hull,3,0.6489,12.4317
"Gaddis, Hunter",hull,0,-17.0268,7.3537
"Gaddis, Hunter",hull,1,5.4333,4.9003
"Gaddis, Hunter",hull,2,-7.3944,16.971
"Gage, Matt",hull,0,-5.0973,0.7071
"Gage, Matt",hull,1,12.1464,14.0976
"Gage, Matt",hull,2,0.1866,14.8701
"Gallen, Zac",hull,0,-12.2558,4.0537
"Gallen, Zac",hull,1,4.9048,-11.4515
"Gallen, Zac",hull,2,4.7394,6.4244
"Gallen, Zac",hull,3,-4.3043,17.1875
"Garcia, Brandyn",bbox,0,-15.7029,-1.7457
"Garcia, Brandyn",bbox,1,16.9829,-1.7457
"Garcia, Brandyn",bbox,2,16.9829,2.4472
"Garcia, Brandyn",bbox,3,-15.7029,2.4472
"Garcia, Luis",bbox,0,-9.6208,17.6977
"Garcia, Luis",bbox,1,-9.6208,17.6977
"Garcia, Luis",bbox,2,-9.6208,17.6977
"Garcia, Luis",bbox,3,-9.6208,17.6977
"Garcia, Rico",hull,0,-14.4521,14.4158
"Garcia, Rico",hull,1,0.1821,-9.9137
"Garcia, Rico",hull,2,0.9204,2.0968
"Garcia, Rico",hull,3,-9.1091,19.6592
"Garcia, Robert",hull,0,-3.7577,3.0864
"Garcia, Robert",hull,1,16.4675,1.6735
"Garcia, Robert",hull,2,10.6748,13.7557
"García, Luis",hull,0,11.9516,3.1771
"García, Luis",hull,1,-13.9041,10.4563
"García, Luis",hull,2,-9.1414,4.7571
"García, Yimi",hull,0,-9.9102,15.7162
"García, Yimi",hull,1,-18.0578,6.7911
"García, Yimi",hull,2,11.3032,-1.2929
"García, Yimi",hull,3,13.6955,7.1323
"Garrett, Reed",hull,0,-16.8333,7.2681
"Garrett, Reed",hull,1,-12.3003,0.6948
"Garrett, Reed",hull,2,12.8354,2.1733
"Garrett, Reed",hull,3,2.9722,7.3317
"Gasser, Robert",bbox,0,-13.0606,5.2142
"Gasser, Robert",bbox,1,7.0272,5.2142
"Gasser, Robert",bbox,2,7.0272,14.2728
"Gasser, Robert",bbox,3,-13.0606,14.2728
"Gausman, Kevin",hull,0,-15.5312,4.2972
"Gausman, Kevin",hull,1,1.6607,2.2039
"Gausman, Kevin",hull,2,-11.0428,16.7852
"Gervase, Paul",bbox,0,-5.8035,15.648
"Gervase, Paul",bbox,1,-5.8035,15.648
"Gervase, Paul",bbox,2,-5.8035,15.648
"Gervase, Paul",bbox,3,-5.8035,15.648
"Gibaut, Ian",hull,0,4.8067,9.9644
"Gibaut, Ian",hull,1,-5.4006,16.9833
"Gibaut, Ian",hull,2,6.1495,1.1495
"Gibaut, Ian",hull,3,15.6956,-0.78
"Gibson, Cade",hull,0,-15.9377,-0.9786
"Gibson, Cade",hull,1,-12.777,-16.2097
"Gibson, Cade",hull,2,15.28,2.1209
"Gibson, Cade",hull,3,16.4813,8.0579
"Gibson, Cade",hull,4,8.6484,12.5023
"Gibson, Kyle",bbox,0,-13.9884,0.6951
"Gibson, Kyle",bbox,1,12.9826,0.6951
"Gibson, Kyle",bbox,2,12.9826,6.6888
"Gibson, Kyle",bbox,3,-13.9884,6.6888
"Gil, Luis",hull,0,-14.4575,4.8666
"Gil, Luis",hull,1,7.943,5.7857
"Gil, Luis",hull,2,-2.6752,16.2152
"Gilbert, Logan",hull,0,13.0657,-3.2495
"Gilbert, Logan",hull,1,-8.211,16.5324
"Gilbert, Logan",hull,2,-4.9083,-0.888
"Gilbert, Tyler",hull,0,-8.8989,0.6954
"Gilbert, Tyler",hull,1,17.5738,3.3363
"Gilbert, Tyler",hull,2,10.1706,10.86
"Gilbert, Tyler",hull,3,0.6203,10.9792
"Gillispie, Connor",hull,0,-17.3688,6.3304
"Gillispie, Connor",hull,1,14.7712,-2.3758
"Gillispie, Connor",hull,2,-7.5512,19.7597
"Ginkel, Kevin",bbox,0,-8.9516,-2.6647
"Ginkel, Kevin",bbox,1,4.3384,-2.6647
"Ginkel, Kevin",bbox,2,4.3384,15.7263
"Ginkel, Kevin",bbox,3,-8.9516,15.7263
"Ginn, J.T.",hull,0,-1.54,9.6731
"Ginn, J.T.",hull,1,-14.3824,3.4355
"Ginn, J.T.",hull,2,-13.7984,1.0411
"Ginn, J.T.",hull,3,4.696,-1.3587
"Giolito, Lucas",hull,0,-13.2128,12.5548
"Giolito, Lucas",hull,1,2.3749,4.7339
"Giolito, Lucas",hull,2,-6.759,18.1334
"Gipson-Long, Sawyer",hull,0,-10.7927,14.3817
"Gipson-Long, Sawyer",hull,1,-15.2809,4.9878
"Gipson-Long, Sawyer",hull,2,-13.6188,1.7657
"Gipson-Long, Sawyer",hull,3,7.0655,-1.4097
"Gipson-Long, Sawyer",hull,4,1.9464,7.7616
"Glasnow, Tyler",hull,0,-10.7435,14.0163
"Glasnow, Tyler",hull,1,5.1662,-16.0015
"Glasnow, Tyler",hull,2,3.0503,-0.1209
"Glasnow, Tyler",hull,3,-1.3004,16.3059
"Gomber, Austin",hull,0,-6.5835,-10.4056
"Gomber, Austin",hull,1,9.3059,10.8044
"Gomber, Austin",hull,2,6.7694,16.3454
"Gomber, Austin",hull,3,-4.6353,3.3145
"Gonsolin, Tony",hull,0,-13.1315,-1.2118
"Gonsolin, Tony",hull,1,7.2454,-12.4241
"Gonsolin, Tony",hull,2,2.0731,5.6865
"Gonsolin, Tony",hull,3,-10.1295,16.5757
"González, Wikelman",hull,0,-16.1179,5.8168
"González, Wikelman",hull,1,17.5312,-4.2544
"González, Wikelman",hull,2,-11.6872,14.2812
"Gordon, Colton",hull,0,15.7712,12.519
"Gordon, Colton",hull,1,9.9866,16.2855
"Gordon, Colton",hull,2,-10.6867,6.1233
"Gordon, Colton",hull,3,-13.1132,-1.7789
"Gordon, Colton",hull,4,12.1337,6.8221
"Gordon, Tanner",hull,0,-12.334,7.3793
"Gordon, Tanner",hull,1,1.4961,2.0163
"Gordon, Tanner",hull,2,-11.1275,14.3642
"Gore, MacKenzie",hull,0,-4.6402,-12.9804
"Gore, MacKenzie",hull,1,14.0313,8.307
"Gore, MacKenzie",hull,2,6.6176,17.0124
"Gore, MacKenzie",hull,3,-1.0505,2.1717
"Graceffo, Gordon",hull,0,1.8848,2.7081
"Graceffo, Gordon",hull,1,-5.3635,16.0756
"Graceffo, Gordon",hull,2,1.6308,-15.7858
"Granillo, Andre",bbox,0,-3.5976,3.5831
"Granillo, Andre",bbox,1,2.1529,3.5831
"Granillo, Andre",bbox,2,2.1529,16.4682
"Granillo, Andre",bbox,3,-3.5976,16.4682
"Graveman, Kendall",hull,0,-7.2138,15.3
"Graveman, Kendall",hull,1,-15.5175,9.5091
"Graveman, Kendall",hull,2,-12.7164,3.2873
"Graveman, Kendall",hull,3,5.5183,1.6259
"Gray, Jon",bbox,0,-9.6873,2.5739
"Gray, Jon",bbox,1,3.4045,2.5739
"Gray, Jon",bbox,2,3.4045,12.4848
"Gray, Jon",bbox,3,-9.6873,12.4848
"Gray, Sonny",hull,0,-13.6496,6.8798
"Gray, Sonny",hull,1,12.713,-13.7323
"Gray, Sonny",hull,2,14.9243,-4.0637
"Gray, Sonny",hull,3,1.4934,10.4828
"Gray, Sonny",hull,4,-10.2808,8.4108
"Green, Chad",bbox,0,-6.8164,3.4405
"Green, Chad",bbox,1,3.3112,3.4405
"Green, Chad",bbox,2,3.3112,18.4025
"Green, Chad",bbox,3,-6.8164,18.4025
"Greene, Hunter",hull,0,-10.5798,4.9002
"Greene, Hunter",hull,1,5.5605,3.5519
"Greene, Hunter",hull,2,-8.9342,16.8767
"Guenther, Sean",bbox,0,-15.5615,-4.0008
"Guenther, Sean",bbox,1,12.8667,-4.0008
"Guenther, Sean",bbox,2,12.8667,5.5505
"Guenther, Sean",bbox,3,-15.5615,5.5505
"Guerrero, Luis",bbox,0,-8.5862,-1.5513
"Guerrero, Luis",bbox,1,3.9919,-1.5513
"Guerrero, Luis",bbox,2,3.9919,16.2852
"Guerrero, Luis",bbox,3,-8.5862,16.2852
"Gusto, Ryan",hull,0,-16.0142,7.9258
"Gusto, Ryan",hull,1,8.3817,-13.2128
"Gusto, Ryan",hull,2,12.7487,3.2647
"Gusto, Ryan",hull,3,-5.7627,18.2096
"Gusto, Ryan",hull,4,-15.8007,8.445
"Gómez, Yoendrys",hull,0,-17.1686,6.7614
"Gómez, Yoendrys",hull,1,12.6456,-8.9089
"Gómez, Yoendrys",hull,2,15.172,3.6751
"Gómez, Yoendrys",hull,3,-6.8377,16.4328
"Gómez, Yoendrys",hull,4,-16.0726,10.3783
"Hader, Josh",bbox,0,-3.2523,0.1802
"Hader, Josh",bbox,1,9.3746,0.1802
"Hader, Josh",bbox,2,9.3746,18.4858
"Hader, Josh",bbox,3,-3.2523,18.4858
"Hagenman, Justin",hull,0,-16.0159,0.0641
"Hagenman, Justin",hull,1,3.9941,2.6951
"Hagenman, Justin",hull,2,0.1814,9.7968
"Hagenman, Justin",hull,3,-12.0875,14.725
"Hall, DL",hull,0,-8.9271,-11.0164
"Hall, DL",hull,1,15.6796,8.6365
"Hall, DL",hull,2,7.1115,15.8619
"Hall, DL",hull,3,-0.0147,10.054
"Hall, DL",hull,4,-6.6771,-0.5097
"Halvorsen, Seth",hull,0,-12.3132,3.0278
"Halvorsen, Seth",hull,1,3.4686,0.8705
"Halvorsen, Seth",hull,2,-10.423,12.8639
"Hamilton, Ian",hull,0,-16.722,8.5242
"Hamilton, Ian",hull,1,0.2892,5.0774
"Hamilton, Ian",hull,2,-10.1682,15.0824
"Hancock, Emerson",hull,0,-12.7371,11.2372
"Hancock, Emerson",hull,1,-18.7217,4.8335
"Hancock, Emerson",hull,2,-16.1404,1.3611
"Hancock, Emerson",hull,3,5.6504,-2.0504
"Hanifee, Brenan",hull,0,-16.1258,4.0005
"Hanifee, Brenan",hull,1,2.3218,1.5397
"Hanifee, Brenan",hull,2,-11.6803,11.0472
"Harrington, Thomas",bbox,0,-10.437,15.1763
"Harrington, Thomas",bbox,1,-10.437,15.1763
"Harrington, Thomas",bbox,2,-10.437,15.1763
"Harrington, Thomas",bbox,3,-10.437,15.1763
"Harris, Hogan",hull,0,-8.2772,-17.4441
"Harris, Hogan",hull,1,16.0638,14.177
"Harris, Hogan",hull,2,8.4113,17.495
"Harrison, Kyle",bbox,0,-10.3163,-2.8509
"Harrison, Kyle",bbox,1,14.3207,-2.8509
"Harrison, Kyle",bbox,2,14.3207,12.4344
"Harrison, Kyle",bbox,3,-10.3163,12.4344
"Hart, Kyle",hull,0,-14.1365,4.4155
"Hart, Kyle",hull,1,17.0855,6.2261
"Hart, Kyle",hull,2,16.705,8.8188
"Hart, Kyle",hull,3,8.3135,14.5243
"Hartlieb, Geoff",bbox,0,-0.086,2.7582
"Hartlieb, Geoff",bbox,1,-0.086,2.7582
"Hartlieb, Geoff",bbox,2,-0.086,2.7582
"Hartlieb, Geoff",bbox,3,-0.086,2.7582
"Harvey, Hunter",bbox,0,-6.6351,17.3461
"Harvey, Hunter",bbox,1,-6.6351,17.3461
"Harvey, Hunter",bbox,2,-6.6351,17.3461
"Harvey, Hunter",bbox,3,-6.6351,17.3461
"Hatch, Thomas",hull,0,-5.5217,16.4897
"Hatch, Thomas",hull,1,-14.0144,9.5406
"Hatch, Thomas",hull,2,-13.96,7.3729
"Hatch, Thomas",hull,3,4.8156,2.7722
"Hatch, Thomas",hull,4,2.037,11.1262
"Headrick, Brent",bbox,0,-3.36,3.2813
"Headrick, Brent",bbox,1,8.2195,3.2813
"Headrick, Brent",bbox,2,8.2195,18.7713
"Headrick, Brent",bbox,3,-3.36,18.7713
"Heaney, Andrew",hull,0,15.9453,12.6796
"Heaney, Andrew",hull,1,-10.069,-3.551
"Heaney, Andrew",hull,2,-9.8068,-6.9675
"Heaney, Andrew",hull,3,18.5518,3.0846
"Heineman, Tyler",bbox,0,-1.6506,22.0528
"Heineman, Tyler",bbox,1,-1.6506,22.0528
"Heineman, Tyler",bbox,2,-1.6506,22.0528
"Heineman, Tyler",bbox,3,-1.6506,22.0528
"Helsley, Ryan",hull,0,3.7834,0.3215
"Helsley, Ryan",hull,1,-2.2048,17.7179
"Helsley, Ryan",hull,2,3.0884,-12.2505
"Henderson, Logan",bbox,0,-18.7727,5.2866
"Henderson, Logan",bbox,1,-10.9878,5.2866
"Henderson, Logan",bbox,2,-10.9878,17.1186
"Henderson, Logan",bbox,3,-18.7727,17.1186
"Hendricks, Kyle",hull,0,-13.861,7.2022
"Hendricks, Kyle",hull,1,15.7466,-10.1066
"Hendricks, Kyle",hull,2,-5.8576,14.2706
"Hendriks, Liam",bbox,0,-7.5562,3.2984
"Hendriks, Liam",bbox,1,2.3416,3.2984
"Hendriks, Liam",bbox,2,2.3416,18.4725
"Hendriks, Liam",bbox,3,-7.5562,18.4725
"Henriquez, Edgardo",hull,0,-14.2961,12.7756
"Henriquez, Edgardo",hull,1,1.0298,9.7265
"Henriquez, Edgardo",hull,2,-8.6434,15.8983
"Henriquez, Ronny",hull,0,-16.7881,3.4656
"Henriquez, Ronny",hull,1,13.073,1.2238
"Henriquez, Ronny",hull,2,-6.3166,18.438
"Henry, Cole",hull,0,-18.2743,7.4853
"Henry, Cole",hull,1,14.3758,0.5362
"Henry, Cole",hull,2,-14.4883,14.199
"Herget, Jimmy",hull,0,-13.0887,8.1787
"Herget, Jimmy",hull,1,-15.4183,0.1827
"Herget, Jimmy",hull,2,-11.6704,-1.5668
"Herget, Jimmy",hull,3,15.5426,1.9568
"Herget, Kevin",bbox,0,-15.7595,10.9367
"Herget, Kevin",bbox,1,-8.8434,10.9367
"Herget, Kevin",bbox,2,-8.8434,17.7676
"Herget, Kevin",bbox,3,-15.7595,17.7676
"Hernandez, Nick",bbox,0,-4.4299,1.6111
"Hernandez, Nick",bbox,1,4.3105,1.6111
"Hernandez, Nick",bbox,2,4.3105,18.5192
"Hernandez, Nick",bbox,3,-4.4299,18.5192
"Hernández, Carlos",hull,0,-9.8686,9.6151
"Hernández, Carlos",hull,1,5.9838,-5.97
"Hernández, Carlos",hull,2,3.0686,2.1298
"Hernández, Carlos",hull,3,-8.3391,17.5124
"Hernández, Daysbel",bbox,0,-8.816,0.8931
"Hernández, Daysbel",bbox,1,2.7504,0.8931
"Hernández, Daysbel",bbox,2,2.7504,16.1303
"Hernández, Daysbel",bbox,3,-8.816,16.1303
"Hernández, Enrique",bbox,0,0.2191,16.8212
"Hernández, Enrique",bbox,1,16.8871,16.8212
"Hernández, Enrique",bbox,2,16.8871,17.2522
"Hernández, Enrique",bbox,3,0.2191,17.2522
"Herrin, Tim",hull,0,-10.7596,-2.9922
"Herrin, Tim",hull,1,15.9853,3.5212
"Herrin, Tim",hull,2,7.9771,12.5806
"Hicks, Jordan",hull,0,3.6235,-3.9104
"Hicks, Jordan",hull,1,10.575,2.1415
"Hicks, Jordan",hull,2,-10.5514,13.2703
"Hicks, Jordan",hull,3,-16.2317,7.4963
"Hicks, Jordan",hull,4,-9.9667,2.4233
"Hill, Jaden",hull,0,-10.6649,13.0973
"Hill, Jaden",hull,1,-15.3861,7.6
"Hill, Jaden",hull,2,-13.407,1.675
"Hill, Jaden",hull,3,4.5418,1.6296
"Hill, Rich",bbox,0,-17.0563,-9.1485
"Hill, Rich",bbox,1,4.7333,-9.1485
"Hill, Rich",bbox,2,4.7333,16.0895
"Hill, Rich",bbox,3,-17.0563,16.0895
"Hill, Tim",bbox,0,15.8394,-6.4149
"Hill, Tim",bbox,1,17.9433,-6.4149
"Hill, Tim",bbox,2,17.9433,2.7609
"Hill, Tim",bbox,3,15.8394,2.7609
"Hiraldo, Yaramil",hull,0,-9.0659,9.4692
"Hiraldo, Yaramil",hull,1,4.0595,4.5615
"Hiraldo, Yaramil",hull,2,-4.7012,20.2266
"Hjelle, Sean",bbox,0,-14.1798,-2.0387
"Hjelle, Sean",bbox,1,3.7899,-2.0387
"Hjelle, Sean",bbox,2,3.7899,4.8765
"Hjelle, Sean",bbox,3,-14.1798,4.8765
"Hodge, Porter",hull,0,15.9155,0.7936
"Hodge, Porter",hull,1,-0.3475,15.0149
"Hodge, Porter",hull,2,11.2183,4.4434
"Hoeing, Bryan",bbox,0,-17.2544,0.9953
"Hoeing, Bryan",bbox,1,-9.5059,0.9953
"Hoeing, Bryan",bbox,2,-9.5059,4.3298
"Hoeing, Bryan",bbox,3,-17.2544,4.3298
"Hoffman, Jeff",hull,0,-15.5343,4.4894
"Hoffman, Jeff",hull,1,3.866,0.4848
"Hoffman, Jeff",hull,2,-12.1325,17.3692
"Hoffman, Jeff",hull,3,-15.1996,14.0042
"Hoffmann, Andrew",bbox,0,-7.9508,0.6421
"Hoffmann, Andrew",bbox,1,-6.9471,0.6421
"Hoffmann, Andrew",bbox,2,-6.9471,17.0871
"Hoffmann, Andrew",bbox,3,-7.9508,17.0871
"Hoglund, Gunnar",hull,0,-15.4448,3.5724
"Hoglund, Gunnar",hull,1,10.6396,3.3549
"Hoglund, Gunnar",hull,2,-7.1486,18.6337
"Hoglund, Gunnar",hull,3,-14.3407,12.96
"Holderman, Colin",hull,0,-16.564,7.9306
"Holderman, Colin",hull,1,11.5967,4.8397
"Holderman, Colin",hull,2,2.9788,5.9617
"Hollowell, Gavin",bbox,0,-11.3723,2.0234
"Hollowell, Gavin",bbox,1,10.5186,2.0234
"Hollowell, Gavin",bbox,2,10.5186,12.4892
"Hollowell, Gavin",bbox,3,-11.3723,12.4892
"Holman, Grant",hull,0,-10.0882,0.7479
"Holman, Grant",hull,1,0.1992,1.6536
"Holman, Grant",hull,2,-8.8177,15.1817
"Holmes, Clay",hull,0,-6.6765,13.7009
"Holmes, Clay",hull,1,-14.9521,2.9135
"Holmes, Clay",hull,2,-12.1236,0.334
"Holmes, Clay",hull,3,1.9725,-4.1512
"Holmes, Clay",hull,4,16.7354,-6.107
"Holmes, Grant",hull,0,-5.1735,15.1829
"Holmes, Grant",hull,1,4.4484,-10.1041
"Holmes, Grant",hull,2,3.1017,-3.1679
"Holmes, Grant",hull,3,-0.1996,10.5507
"Holton, Tyler",hull,0,6.0394,16.429
"Holton, Tyler",hull,1,-14.0784,0.8261
"Holton, Tyler",hull,2,14.9768,4.5109
"Holton, Tyler",hull,3,15.7448,9.5983
"Horn, Bailey",bbox,0,-12.2729,0.7282
"Horn, Bailey",bbox,1,5.0532,0.7282
"Horn, Bailey",bbox,2,5.0532,16.897
"Horn, Bailey",bbox,3,-12.2729,16.897
"Horton, Cade",hull,0,12.676,-1.134
"Horton, Cade",hull,1,-0.1305,14.4585
"Horton, Cade",hull,2,-10.5159,11.3878
"Horton, Cade",hull,3,-13.0416,8.5184
"Horton, Cade",hull,4,3.091,-6.6731
"Houck, Tanner",hull,0,14.198,-2.1917
"Houck, Tanner",hull,1,-16.9663,0.5179
"Houck, Tanner",hull,2,-13.3318,-3.1048
"Houser, Adrian",hull,0,-10.6843,14.9843
"Houser, Adrian",hull,1,-17.1039,7.0114
"Houser, Adrian",hull,2,-15.7237,4.5671
"Houser, Adrian",hull,3,7.2217,-12.0603
"Houser, Adrian",hull,4,2.5393,4.4901
"Hudson, Bryan",bbox,0,-14.9211,-4.3834
"Hudson, Bryan",bbox,1,9.3537,-4.3834
"Hudson, Bryan",bbox,2,9.3537,12.9481
"Hudson, Bryan",bbox,3,-14.9211,12.9481
"Hurter, Brant",hull,0,4.1516,10.2505
"Hurter, Brant",hull,1,-10.7234,1.5879
"Hurter, Brant",hull,2,14.7705,1.0842
"Hurter, Brant",hull,3,16.375,3.2702
"Iglesias, Raisel",hull,0,-8.9668,14.947
"Iglesias, Raisel",hull,1,-16.526,9.1647
"Iglesias, Raisel",hull,2,-15.8526,4.4409
"Iglesias, Raisel",hull,3,10.032,4.3554
"Imanaga, Shota",hull,0,-11.9728,1.7777
"Imanaga, Shota",hull,1,12.9632,6.5787
"Imanaga, Shota",hull,2,11.9179,17.9584
"Irvin, Jake",hull,0,-9.4035,14.7007
"Irvin, Jake",hull,1,-16.491,6.5834
"Irvin, Jake",hull,2,-15.6032,4.7337
"Irvin, Jake",hull,3,14.8248,-4.1975
"Jackson, Luke",hull,0,4.1858,-12.4089
"Jackson, Luke",hull,1,-6.1888,18.4076
"Jackson, Luke",hull,2,-0.1073,-5.348
"Jacob, Alek",hull,0,-20.6216,2.1905
"Jacob, Alek",hull,1,14.2406,6.9112
"Jacob, Alek",hull,2,-13.3909,13.3045
"Jansen, Kenley",hull,0,-7.869,18.849
"Jansen, Kenley",hull,1,7.1004,-3.1019
"Jansen, Kenley",hull,2,2.3871,18.7745
"Jarvis, Bryce",hull,0,-17.3945,5.331
"Jarvis, Bryce",hull,1,5.8507,-2.0595
"Jarvis, Bryce",hull,2,-10.7559,14.8116
"Javier, Cristian",hull,0,11.6497,-11.6059
"Javier, Cristian",hull,1,16.3522,-0.442
"Javier, Cristian",hull,2,-4.8068,18.4634
"Javier, Cristian",hull,3,-14.5688,12.8685
"Javier, Cristian",hull,4,-12.4028,6.8108
"Jax, Griffin",hull,0,-5.7625,16.4016
"Jax, Griffin",hull,1,-14.2556,10.4766
"Jax, Griffin",hull,2,-14.1925,2.3926
"Jax, Griffin",hull,3,14.0058,-2.9239
"Jobe, Jackson",hull,0,-16.2308,6.8911
"Jobe, Jackson",hull,1,10.4435,-10.5722
"Jobe, Jackson",hull,2,5.9772,1.5645
"Jobe, Jackson",hull,3,-7.4497,17.7776
"Jobe, Jackson",hull,4,-16.1959,9.8866
"Johnson, Pierce",bbox,0,-11.054,-4.3205
"Johnson, Pierce",bbox,1,7.3748,-4.3205
"Johnson, Pierce",bbox,2,7.3748,15.6043
"Johnson, Pierce",bbox,3,-11.054,15.6043
"Johnson, Ryan",hull,0,-9.55,4.698
"Johnson, Ryan",hull,1,11.2407,6.0826
"Johnson, Ryan",hull,2,4.4087,6.3973
"Johnson, Seth",bbox,0,-8.1425,3.2712
"Johnson, Seth",bbox,1,4.9036,3.2712
"Johnson, Seth",bbox,2,4.9036,17.148
"Johnson, Seth",bbox,3,-8.1425,17.148
"Junis, Jakob",hull,0,-4.951,13.0258
"Junis, Jakob",hull,1,-14.8783,5.8006
"Junis, Jakob",hull,2,-11.6776,2.1185
"Junis, Jakob",hull,3,12.4112,2.6812
"Junk, Janson",hull,0,-13.8737,6.6151
"Junk, Janson",hull,1,5.9507,-11.8371
"Junk, Janson",hull,2,13.0139,3.5446
"Junk, Janson",hull,3,-2.8458,18.1135
"Kahnle, Tommy",bbox,0,-11.809,1.1569
"Kahnle, Tommy",bbox,1,-6.5229,1.1569
"Kahnle, Tommy",bbox,2,-6.5229,16.6722
"Kahnle, Tommy",bbox,3,-11.809,16.6722
"Keller, Brad",hull,0,5.8794,-3.6216
"Keller, Brad",hull,1,13.8373,2.7249
"Keller, Brad",hull,2,-1.3267,15.0893
"Keller, Brad",hull,3,-13.4928,10.2761
"Keller, Brad",hull,4,-11.5098,6.4791
"Keller, Mitch",hull,0,-14.0466,2.3376
"Keller, Mitch",hull,1,11.9594,-14.1183
"Keller, Mitch",hull,2,17.5086,-0.1182
"Keller, Mitch",hull,3,-8.4635,15.2586
"Keller, Mitch",hull,4,-13.9089,9.6054
"Kelly, Kevin",hull,0,-16.7505,-1.3653
"Kelly, Kevin",hull,1,17.7362,5.1414
"Kelly, Kevin",hull,2,-9.9816,10.3272
"Kelly, Merrill",hull,0,-9.499,14.8215
"Kelly, Merrill",hull,1,-16.6093,6.1295
"Kelly, Merrill",hull,2,-15.1494,0.0529
"Kelly, Merrill",hull,3,8.4368,-9.9872
"Kelly, Merrill",hull,4,2.0679,3.4
"Kelly, Merrill",hull,5,-2.8953,11.884
"Kelly, Michael",hull,0,16.7581,-2.3404
"Kelly, Michael",hull,1,-5.6825,14.7463
"Kelly, Michael",hull,2,4.2932,5.6464
"Kelly, Zack",hull,0,-18.0104,1.5583
"Kelly, Zack",hull,1,17.1283,2.6588
"Kelly, Zack",hull,2,-9.4539,14.9833
"Kelly, Zack",hull,3,-16.0747,11.4853
"Kent, Zak",hull,0,1.7174,9.7677
"Kent, Zak",hull,1,7.5304,-14.7943
"Kent, Zak",hull,2,6.3346,-3.8949
"Kerkering, Orion",hull,0,-16.8798,10.5249
"Kerkering, Orion",hull,1,13.7122,1.7669
"Kerkering, Orion",hull,2,-11.358,16.0046
"Kershaw, Clayton",hull,0,-4.4443,8.0001
"Kershaw, Clayton",hull,1,-3.9069,-14.3628
"Kershaw, Clayton",hull,2,9.0448,12.7515
"Kershaw, Clayton",hull,3,-0.0072,17.5381
"Kikuchi, Yusei",hull,0,-6.928,-5.8266
"Kikuchi, Yusei",hull,1,13.5897,6.682
"Kikuchi, Yusei",hull,2,9.4475,15.3906
"Kikuchi, Yusei",hull,3,-2.8586,3.793
"Kimbrel, Craig",bbox,0,-12.1962,14.9068
"Kimbrel, Craig",bbox,1,-12.1962,14.9068
"Kimbrel, Craig",bbox,2,-12.1962,14.9068
"Kimbrel, Craig",bbox,3,-12.1962,14.9068
"King, Bryan",hull,0,-16.9226,2.8724
"King, Bryan",hull,1,11.8735,6.4735
"King, Bryan",hull,2,3.8744,14.291
"King, John",hull,0,-4.6489,-1.8332
"King, John",hull,1,15.2108,2.1884
"King, John",hull,2,14.3868,2.9842
"King, Michael",hull,0,-7.5061,16.7071
"King, Michael",hull,1,-19.2489,4.8738
"King, Michael",hull,2,-18.6817,4.3441
"King, Michael",hull,3,4.5069,-1.0611
"King, Michael",hull,4,14.8846,3.0934
"Kinley, Tyler",hull,0,-2.3841,14.5337
"Kinley, Tyler",hull,1,3.2162,-7.715
"Kinley, Tyler",hull,2,2.187,2.7179
"Kirby, George",hull,0,-16.7474,8.9283
"Kirby, George",hull,1,9.4157,-12.8162
"Kirby, George",hull,2,10.675,-3.1126
"Kirby, George",hull,3,-10.1455,13.4415
"Kittredge, Andrew",hull,0,-15.5762,9.3997
"Kittredge, Andrew",hull,1,5.9524,1.456
"Kittredge, Andrew",hull,2,-2.7213,16.272
"Klein, Will",hull,0,-6.7395,17.3278
"Klein, Will",hull,1,6.4758,-13.1605
"Klein, Will",hull,2,0.7835,6.5153
"Knack, Landon",hull,0,-13.3466,8.1303
"Knack, Landon",hull,1,7.8755,-14.9864
"Knack, Landon",hull,2,4.5033,0.9811
"Knack, Landon",hull,3,-6.6605,18.9936
"Kochanowicz, Jack",hull,0,-14.2138,3.0498
"Kochanowicz, Jack",hull,1,13.1965,-3.1678
"Kochanowicz, Jack",hull,2,-7.1295,14.1724
"Koenig, Jared",hull,0,-12.6837,-8.3578
"Koenig, Jared",hull,1,15.5941,4.6918
"Koenig, Jared",hull,2,14.6861,11.2834
"Koenig, Jared",hull,3,0.0046,9.7418
"Kolek, Stephen",hull,0,-8.2293,12.8807
"Kolek, Stephen",hull,1,-15.9921,4.4037
"Kolek, Stephen",hull,2,-13.5178,-0.5424
"Kolek, Stephen",hull,3,2.7544,-0.431
"Kolek, Stephen",hull,4,14.1159,-0.2297
"Kopech, Michael",bbox,0,-8.0293,17.9378
"Kopech, Michael",bbox,1,-8.0293,17.9378
"Kopech, Michael",bbox,2,-8.0293,17.9378
"Kopech, Michael",bbox,3,-8.0293,17.9378
"Kowar, Jackson",bbox,0,-11.0481,-2.3148
"Kowar, Jackson",bbox,1,2.7768,-2.3148
"Kowar, Jackson",bbox,2,2.7768,15.2178
"Kowar, Jackson",bbox,3,-11.0481,15.2178
"Kranick, Max",hull,0,-3.2832,17.1381
"Kranick, Max",hull,1,12.4724,-8.4857
"Kranick, Max",hull,2,3.0864,8.0178
"Kremer, Dean",hull,0,-14.7662,12.3254
"Kremer, Dean",hull,1,6.1343,-11.4694
"Kremer, Dean",hull,2,4.8329,5.8575
"Kremer, Dean",hull,3,-7.5642,18.1247
"Kriske, Brooks",bbox,0,-8.3324,0.1794
"Kriske, Brooks",bbox,1,-6.1002,0.1794
"Kriske, Brooks",bbox,2,-6.1002,17.6562
"Kriske, Brooks",bbox,3,-8.3324,17.6562
"Lao, Sauryn",bbox,0,-6.0938,6.8629
"Lao, Sauryn",bbox,1,2.5969,6.8629
"Lao, Sauryn",bbox,2,2.5969,11.8975
"Lao, Sauryn",bbox,3,-6.0938,11.8975
"Lara, Andry",bbox,0,-13.3841,3.0275
"Lara, Andry",bbox,1,2.9002,3.0275
"Lara, Andry",bbox,2,2.9002,11.3772
"Lara, Andry",bbox,3,-13.3841,11.3772
"Latz, Jacob",hull,0,-6.8076,-12.3438
"Latz, Jacob",hull,1,14.6093,9.8811
"Latz, Jacob",hull,2,8.7572,18.771
"Latz, Jacob",hull,3,-5.2337,0.9534
"Lauer, Eric",hull,0,-9.0989,-9.7052
"Lauer, Eric",hull,1,8.7082,5.3137
"Lauer, Eric",hull,2,8.6983,15.8512
"Lauer, Eric",hull,3,-3.3751,6.4771
"Laweryson, Cody",bbox,0,-13.6221,15.4759
"Laweryson, Cody",bbox,1,-13.6221,15.4759
"Laweryson, Cody",bbox,2,-13.6221,15.4759
"Laweryson, Cody",bbox,3,-13.6221,15.4759
"Lawrence, Casey",hull,0,-17.906,0.774
"Lawrence, Casey",hull,1,11.2518,4.5865
"Lawrence, Casey",hull,2,-16.6091,4.5349
"Lawrence, Justin",bbox,0,-17.052,-0.9098
"Lawrence, Justin",bbox,1,16.28,-0.9098
"Lawrence, Justin",bbox,2,16.28,3.5902
"Lawrence, Justin",bbox,3,-17.052,3.5902
"Lazar, Max",hull,0,-1.1418,16.3432
"Lazar, Max",hull,1,6.2286,-15.7676
"Lazar, Max",hull,2,4.1358,4.2279
"Leahy, Kyle",hull,0,8.6958,-12.8993
"Leahy, Kyle",hull,1,15.1013,3.2923
"Leahy, Kyle",hull,2,-3.1597,16.5715
"Leahy, Kyle",hull,3,-13.0384,12.2459
"Leahy, Kyle",hull,4,-11.6521,5.334
"Leasure, Jordan",bbox,0,-4.0251,3.2162
"Leasure, Jordan",bbox,1,6.4275,3.2162
"Leasure, Jordan",bbox,2,6.4275,19.2793
"Leasure, Jordan",bbox,3,-4.0251,19.2793
"Leclerc, José",bbox,0,-1.5148,17.7226
"Leclerc, José",bbox,1,-1.5148,17.7226
"Leclerc, José",bbox,2,-1.5148,17.7226
"Leclerc, José",bbox,3,-1.5148,17.7226
"Lee, Chase",hull,0,-9.2054,-1.0176
"Lee, Chase",hull,1,19.0329,5.0773
"Lee, Chase",hull,2,-4.3905,6.1229
"Lee, Dylan",hull,0,-0.3306,6.6718
"Lee, Dylan",hull,1,11.4526,12.8326
"Lee, Dylan",hull,2,8.3602,19.2408
"Legumina, Casey",hull,0,-17.842,8.4869
"Legumina, Casey",hull,1,-15.4578,0.917
"Legumina, Casey",hull,2,9.6838,6.0016
"Legumina, Casey",hull,3,-14.6949,13.5345
"Leiter Jr., Mark",hull,0,8.2081,-17.5336
"Leiter Jr., Mark",hull,1,-13.8153,13.4527
"Leiter Jr., Mark",hull,2,-7.3559,4.1192
"Leiter, Jack",hull,0,-14.4654,2.9735
"Leiter, Jack",hull,1,6.2779,-9.6993
"Leiter, Jack",hull,2,4.215,1.3493
"Leiter, Jack",hull,3,-8.8614,17.4444
"Leiter, Jack",hull,4,-13.6177,14.6899
"Liberatore, Matthew",hull,0,-9.6003,-17.9467
"Liberatore, Matthew",hull,1,15.1505,9.9616
"Liberatore, Matthew",hull,2,12.7187,14.0404
"Liberatore, Matthew",hull,3,7.0877,16.39
"Liberatore, Matthew",hull,4,-2.0018,10.7289
"Littell, Zack",hull,0,-7.3233,16.0619
"Littell, Zack",hull,1,-14.2089,12.3674
"Littell, Zack",hull,2,-11.6558,-0.9233
"Littell, Zack",hull,3,11.4729,-3.7639
"Littell, Zack",hull,4,1.3831,7.2465
"Little, Brendon",hull,0,-2.347,-7.6828
"Little, Brendon",hull,1,14.6162,-1.8129
"Little, Brendon",hull,2,1.4605,6.4716
"Lively, Ben",hull,0,-14.9121,8.805
"Lively, Ben",hull,1,7.3718,-4.4329
"Lively, Ben",hull,2,10.0892,2.6185
"Lively, Ben",hull,3,-2.371,12.7386
"Lively, Ben",hull,4,-9.2526,16.5691
"Lively, Ben",hull,5,-14.339,12.9285
"Lodolo, Nick",hull,0,16.7995,9.1217
"Lodolo, Nick",hull,1,-8.424,0.0241
"Lodolo, Nick",hull,2,17.0664,1.8523
"Lodolo, Nick",hull,3,18.6789,5.9302
"Long, Sam",hull,0,-4.8187,-13.6179
"Long, Sam",hull,1,15.1256,8.4409
"Long, Sam",hull,2,6.8916,16.2108
"Long, Sam",hull,3,-1.8356,2.7636
"Lopez, Jacob",hull,0,-9.2242,1.6866
"Lopez, Jacob",hull,1,18.3605,4.8927
"Lopez, Jacob",hull,2,17.5165,6.9996
"Lopez, Jacob",hull,3,13.6109,11.8743
"Lopez, Jacob",hull,4,0.9817,9.9022
"Lord, Brad",hull,0,-18.2344,4.8184
"Lord, Brad",hull,1,0.7836,0.5593
"Lord, Brad",hull,2,-15.5881,10.497
"Lorenzen, Michael",hull,0,-16.6062,8.0928
"Lorenzen, Michael",hull,1,2.3389,-12.2239
"Lorenzen, Michael",hull,2,12.3099,-0.7049
"Lorenzen, Michael",hull,3,-1.134,8.3503
"Lorenzen, Michael",hull,4,-11.4784,14.9354
"Loutos, Ryan",bbox,0,-12.3454,-4.9015
"Loutos, Ryan",bbox,1,1.4054,-4.9015
"Loutos, Ryan",bbox,2,1.4054,11.6445
"Loutos, Ryan",bbox,3,-12.3454,11.6445
"Lovelady, Richard",bbox,0,-11.4413,2.6284
"Lovelady, Richard",bbox,1,15.24,2.6284
"Lovelady, Richard",bbox,2,15.24,3.9221
"Lovelady, Richard",bbox,3,-11.4413,3.9221
"Loáisiga, Jonathan",hull,0,8.9719,0.3257
"Loáisiga, Jonathan",hull,1,-17.3347,6.8604
"Loáisiga, Jonathan",hull,2,-16.9568,6.4718
"Lucas, Easton",hull,0,-3.3623,1.8068
"Lucas, Easton",hull,1,13.5783,7.3943
"Lucas, Easton",hull,2,5.0923,17.3884
"Lucchesi, Joey",hull,0,-5.1096,-4.4783
"Lucchesi, Joey",hull,1,14.3376,10.108
"Lucchesi, Joey",hull,2,5.9605,14.198
"Lugo, Seth",hull,0,14.413,-13.7703
"Lugo, Seth",hull,1,16.5739,-4.1143
"Lugo, Seth",hull,2,1.3396,10.8811
"Lugo, Seth",hull,3,-7.3825,15.3451
"Lugo, Seth",hull,4,-15.4379,8.9383
"Lugo, Seth",hull,5,-14.7417,4.4777
"Luzardo, Jesús",hull,0,12.053,14.112
"Luzardo, Jesús",hull,1,-8.6993,-0.2777
"Luzardo, Jesús",hull,2,0.3178,1.1489
"Luzardo, Jesús",hull,3,16.4785,7.2534
"Luzardo, Jesús",hull,4,16.8689,8.4241
"Lynch IV, Daniel",hull,0,16.618,8.4116
"Lynch IV, Daniel",hull,1,10.2428,14.7721
"Lynch IV, Daniel",hull,2,-1.8638,3.6008
"Lynch IV, Daniel",hull,3,-3.0695,-2.7869
"Lynch IV, Daniel",hull,4,15.0735,1.9229
"López, Jorge",hull,0,-16.9637,8.7993
"López, Jorge",hull,1,8.9612,-13.5526
"López, Jorge",hull,2,6.8235,2.004
"López, Jorge",hull,3,-10.1307,14.3579
"López, Pablo",hull,0,12.4413,0.0256
"López, Pablo",hull,1,-6.4684,14.236
"López, Pablo",hull,2,-14.9298,7.2644
"López, Pablo",hull,3,-14.9312,2.6521
"López, Pablo",hull,4,7.1061,-11.7145
"Maeda, Kenta",bbox,0,-10.0684,-0.6774
"Maeda, Kenta",bbox,1,-10.0684,-0.6774
"Maeda, Kenta",bbox,2,-10.0684,-0.6774
"Maeda, Kenta",bbox,3,-10.0684,-0.6774
"Mahle, Tyler",hull,0,-10.9614,18.3295
"Mahle, Tyler",hull,1,-13.8614,6.8008
"Mahle, Tyler",hull,2,3.1428,3.2679
"Mahle, Tyler",hull,3,3.2414,7.6751
"Maldonado, Anthony",bbox,0,-13.1419,0.8955
"Maldonado, Anthony",bbox,1,3.9707,0.8955
"Maldonado, Anthony",bbox,2,3.9707,16.6084
"Maldonado, Anthony",bbox,3,-13.1419,16.6084
"Manaea, Sean",hull,0,-12.9946,3.9322
"Manaea, Sean",hull,1,14.8721,2.6066
"Manaea, Sean",hull,2,14.1231,10.9117
"Mantiply, Joe",hull,0,18.9618,2.1071
"Mantiply, Joe",hull,1,-9.3774,-3.3774
"Mantiply, Joe",hull,2,15.8353,-3.3271
"Marinaccio, Ron",bbox,0,-14.4516,13.3413
"Marinaccio, Ron",bbox,1,-14.4516,13.3413
"Marinaccio, Ron",bbox,2,-14.4516,13.3413
"Marinaccio, Ron",bbox,3,-14.4516,13.3413
"Martin, Chris",hull,0,-14.7743,10.9917
"Martin, Chris",hull,1,-10.4056,2.1141
"Martin, Chris",hull,2,2.7803,7.9503
"Martin, Chris",hull,3,-7.3219,14.9663
"Martin, Corbin",hull,0,4.4167,7.0922
"Martin, Corbin",hull,1,-2.489,15.9314
"Martin, Corbin",hull,2,-0.9439,-6.7916
"Martin, Davis",hull,0,-6.2545,15.0491
"Martin, Davis",hull,1,-15.4299,8.5949
"Martin, Davis",hull,2,-14.3322,1.2571
"Martin, Davis",hull,3,1.7693,4.7044
"Martinez, Justin",hull,0,-16.029,7.3572
"Martinez, Justin",hull,1,-9.5219,1.4205
"Martinez, Justin",hull,2,-11.7972,14.062
"Martinez, Nick",hull,0,-5.4598,17.7673
"Martinez, Nick",hull,1,-13.092,14.108
"Martinez, Nick",hull,2,-11.1884,4.9838
"Martinez, Nick",hull,3,2.0311,-16.4727
"Martinez, Nick",hull,4,1.857,11.424
"Maton, Phil",hull,0,-14.879,5.9341
"Maton, Phil",hull,1,18.653,-9.3348
"Maton, Phil",hull,2,11.8722,7.4174
"Maton, Phil",hull,3,0.6026,13.3593
"Matsui, Yuki",hull,0,-12.9116,-1.4116
"Matsui, Yuki",hull,1,9.2446,3.5575
"Matsui, Yuki",hull,2,4.5443,19.6286
"Matthews, Zebby",hull,0,-13.0271,6.7922
"Matthews, Zebby",hull,1,2.8754,-7.5677
"Matthews, Zebby",hull,2,1.861,10.6738
"Matthews, Zebby",hull,3,-9.0407,16.6412
"Mattson, Isaac",hull,0,-11.444,8.6987
"Mattson, Isaac",hull,1,2.9947,5.5588
"Mattson, Isaac",hull,2,-8.23,18.7424
"Matz, Steven",hull,0,-11.0288,-10.4972
"Matz, Steven",hull,1,15.4559,-0.3075
"Matz, Steven",hull,2,15.1991,11.1533
"Matzek, Tyler",bbox,0,7.4526,17.3984
"Matzek, Tyler",bbox,1,7.4526,17.3984
"Matzek, Tyler",bbox,2,7.4526,17.3984
"Matzek, Tyler",bbox,3,7.4526,17.3984
"Maxwell, Zach",bbox,0,-9.4621,17.5404
"Maxwell, Zach",bbox,1,-9.4621,17.5404
"Maxwell, Zach",bbox,2,-9.4621,17.5404
"Maxwell, Zach",bbox,3,-9.4621,17.5404
"May, Dustin",hull,0,-18.4538,5.5609
"May, Dustin",hull,1,16.9085,-2.3439
"May, Dustin",hull,2,-11.2793,12.8636
"Mayza, Tim",bbox,0,-2.3493,2.2307
"Mayza, Tim",bbox,1,16.419,2.2307
"Mayza, Tim",bbox,2,16.419,9.39
"Mayza, Tim",bbox,3,-2.3493,9.39
"Mazur, Adam",hull,0,-13.5908,13.1138
"Mazur, Adam",hull,1,3.84,-9.6272
"Mazur, Adam",hull,2,14.782,-4.642
"Mazur, Adam",hull,3,-3.9077,18.6
"McCormick, Chas",bbox,0,2.4216,15.2496
"McCormick, Chas",bbox,1,2.4216,15.2496
"McCormick, Chas",bbox,2,2.4216,15.2496
"McCormick, Chas",bbox,3,2.4216,15.2496
"McCullers Jr., Lance",hull,0,-16.6978,-2.6012
"McCullers Jr., Lance",hull,1,15.037,-9.7187
"McCullers Jr., Lance",hull,2,16.4779,5.3375
"McCullers Jr., Lance",hull,3,-7.769,12.1432
"McCullers Jr., Lance",hull,4,-12.7009,4.3018
"McDaniels, Garrett",bbox,0,-1.134,-2.3544
"McDaniels, Garrett",bbox,1,12.7732,-2.3544
"McDaniels, Garrett",bbox,2,12.7732,5.7737
"McDaniels, Garrett",bbox,3,-1.134,5.7737
"McDermott, Chayce",bbox,0,-5.984,-0.7408
"McDermott, Chayce",bbox,1,5.9815,-0.7408
"McDermott, Chayce",bbox,2,5.9815,18.5646
"McDermott, Chayce",bbox,3,-5.984,18.5646
"McDonald, Trevor",bbox,0,-16.1854,-4.1551
"McDonald, Trevor",bbox,1,7.4893,-4.1551
"McDonald, Trevor",bbox,2,7.4893,1.4649
"McDonald, Trevor",bbox,3,-16.1854,1.4649
"McFarland, T.J.",bbox,0,-16.162,-1.6919
"McFarland, T.J.",bbox,1,17.8705,-1.6919
"McFarland, T.J.",bbox,2,17.8705,-1.5073
"McFarland, T.J.",bbox,3,-16.162,-1.5073
"McGee, Easton",bbox,0,-17.2411,-9.22
"McGee, Easton",bbox,1,11.1618,-9.22
"McGee, Easton",bbox,2,11.1618,7.5701
"McGee, Easton",bbox,3,-17.2411,7.5701
"McGough, Scott",hull,0,-9.4594,5.4267
"McGough, Scott",hull,1,4.4914,2.4771
"McGough, Scott",hull,2,-7.0351,18.2859
"McGreevy, Michael",hull,0,-14.7837,2.658
"McGreevy, Michael",hull,1,11.2305,-12.0705
"McGreevy, Michael",hull,2,12.7715,0.1236
"McGreevy, Michael",hull,3,-9.564,13.2885
"McKenzie, Triston",bbox,0,-3.5455,20.7285
"McKenzie, Triston",bbox,1,-3.5455,20.7285
"McKenzie, Triston",bbox,2,-3.5455,20.7285
"McKenzie, Triston",bbox,3,-3.5455,20.7285
"McLean, Nolan",hull,0,-9.8302,13.6861
"McLean, Nolan",hull,1,-16.1004,2.2858
"McLean, Nolan",hull,2,-13.4175,-2.145
"McLean, Nolan",hull,3,18.72,-13.6195
"McLean, Nolan",hull,4,16.7703,0.1528
"Mears, Nick",bbox,0,-5.0944,-0.312
"Mears, Nick",bbox,1,1.9981,-0.312
"Mears, Nick",bbox,2,1.9981,18.4108
"Mears, Nick",bbox,3,-5.0944,18.4108
"Mederos, Victor",hull,0,10.3276,8.0895
"Mederos, Victor",hull,1,-18.7482,6.9027
"Mederos, Victor",hull,2,1.0995,7.068
"Megill, Trevor",bbox,0,-3.9491,-6.1233
"Megill, Trevor",bbox,1,3.027,-6.1233
"Megill, Trevor",bbox,2,3.027,19.0897
"Megill, Trevor",bbox,3,-3.9491,19.0897
"Megill, Tylor",hull,0,-16.7596,2.2989
"Megill, Tylor",hull,1,10.9158,-15.1563
"Megill, Tylor",hull,2,-6.5846,17.0083
"Megill, Tylor",hull,3,-15.5806,7.8443
"Mejia, Juan",bbox,0,-1.0895,-1.6841
"Mejia, Juan",bbox,1,13.9425,-1.6841
"Mejia, Juan",bbox,2,13.9425,12.2973
"Mejia, Juan",bbox,3,-1.0895,12.2973
"Melton, Troy",hull,0,-6.9687,14.9587
"Melton, Troy",hull,1,-14.2144,9.8288
"Melton, Troy",hull,2,-9.3292,0.1022
"Melton, Troy",hull,3,7.2144,-1.1756
"Melton, Troy",hull,4,3.5172,5.7515
"Merryweather, Julian",bbox,0,-4.5978,-2.6766
"Merryweather, Julian",bbox,1,0.0632,-2.6766
"Merryweather, Julian",bbox,2,0.0632,16.8452
"Merryweather, Julian",bbox,3,-4.5978,16.8452
"Messick, Parker",hull,0,-14.4927,-5.9043
"Messick, Parker",hull,1,14.5529,2.7321
"Messick, Parker",hull,2,12.4071,10.4957
"Messick, Parker",hull,3,4.1781,16.6709
"Messick, Parker",hull,4,-6.964,5.1125
"Mey, Luis",bbox,0,-14.4787,6.7777
"Mey, Luis",bbox,1,6.8896,6.7777
"Mey, Luis",bbox,2,6.8896,7.2532
"Mey, Luis",bbox,3,-14.4787,7.2532
"Meyer, Max",hull,0,-15.644,1.9633
"Meyer, Max",hull,1,11.0319,-4.323
"Meyer, Max",hull,2,-9.0649,15.4026
"Meyer, Max",hull,3,-14.9594,5.4304
"Mikolas, Miles",hull,0,-8.3607,14.9298
"Mikolas, Miles",hull,1,-15.2474,9.2078
"Mikolas, Miles",hull,2,-14.6459,6.792
"Mikolas, Miles",hull,3,8.7419,-15.0357
"Mikolas, Miles",hull,4,2.5262,7.0794
"Miley, Wade",bbox,0,-1.6971,9.5743
"Miley, Wade",bbox,1,-1.6971,9.5743
"Miley, Wade",bbox,2,-1.6971,9.5743
"Miley, Wade",bbox,3,-1.6971,9.5743
"Miller, Bryce",hull,0,3.2105,-10.8953
"Miller, Bryce",hull,1,4.099,1.5367
"Miller, Bryce",hull,2,-6.5188,18.8855
"Miller, Bryce",hull,3,-14.8741,13.3413
"Miller, Bryce",hull,4,-10.5637,1.631
"Miller, Erik",hull,0,10.5241,14.7564
"Miller, Erik",hull,1,-5.9708,-1.0161
"Miller, Erik",hull,2,17.1348,1.8794
"Miller, Erik",hull,3,17.3657,8.4514
"Miller, Mason",bbox,0,-8.5179,-1.5634
"Miller, Mason",bbox,1,8.6209,-1.5634
"Miller, Mason",bbox,2,8.6209,16.8389
"Miller, Mason",bbox,3,-8.5179,16.8389
"Miller, Shelby",hull,0,-14.9391,4.6321
"Miller, Shelby",hull,1,14.1641,2.219
"Miller, Shelby",hull,2,-10.8499,17.8499
"Milner, Hoby",hull,0,15.1924,6.57
"Milner, Hoby",hull,1,-14.9959,0.1318
"Milner, Hoby",hull,2,15.954,-4.1451
"Milner, Hoby",hull,3,18.2313,-0.5997
"Minter, A.J.",bbox,0,-4.8041,5.5064
"Minter, A.J.",bbox,1,5.9392,5.5064
"Minter, A.J.",bbox,2,5.9392,18.3266
"Minter, A.J.",bbox,3,-4.8041,18.3266
"Misiewicz, Anthony",bbox,0,-4.2206,4.395
"Misiewicz, Anthony",bbox,1,-4.2206,4.395
"Misiewicz, Anthony",bbox,2,-4.2206,4.395
"Misiewicz, Anthony",bbox,3,-4.2206,4.395
"Misiorowski, Jacob",hull,0,-16.6885,5.4727
"Misiorowski, Jacob",hull,1,6.476,-8.9377
"Misiorowski, Jacob",hull,2,2.5687,6.4183
"Misiorowski, Jacob",hull,3,-9.5347,15.8365
"Mize, Casey",hull,0,-14.4264,4.318
"Mize, Casey",hull,1,7.0758,-0.5457
"Mize, Casey",hull,2,-8.1359,17.2441
"Mize, Casey",hull,3,-13.8903,13.4904
"Mlodzinski, Carmen",hull,0,7.4416,-10.5863
"Mlodzinski, Carmen",hull,1,8.1302,4.6155
"Mlodzinski, Carmen",hull,2,-9.66,11.676
"Mlodzinski, Carmen",hull,3,-16.7359,6.334
"Mlodzinski, Carmen",hull,4,-10.1414,-0.707
"Molina, Anthony",hull,0,-7.0569,15.1298
"Molina, Anthony",hull,1,-13.6342,6.1582
"Molina, Anthony",hull,2,2.6492,-2.4593
"Molina, Anthony",hull,3,3.6069,5.0372
"Moll, Sam",hull,0,-15.0908,-0.8878
"Moll, Sam",hull,1,16.2158,-1.2616
"Moll, Sam",hull,2,11.1133,10.325
"Montas, Frankie",hull,0,5.4715,1.8
"Montas, Frankie",hull,1,10.3375,8.3609
"Montas, Frankie",hull,2,-4.9342,15.8144
"Montas, Frankie",hull,3,-14.8723,10.0258
"Montas, Frankie",hull,4,-11.9893,3.2186
"Montero, Keider",hull,0,-15.5088,7.1455
"Montero, Keider",hull,1,13.5282,-9.8071
"Montero, Keider",hull,2,10.3654,2.0814
"Montero, Keider",hull,3,-5.383,16.1362
"Montero, Keider",hull,4,-15.4318,10.4825
"Montero, Rafael",hull,0,-12.0781,0.9032
"Montero, Rafael",hull,1,7.4371,1.2702
"Montero, Rafael",hull,2,-9.8241,14.7924
"Montgomery, Mason",bbox,0,-0.8458,1.7615
"Montgomery, Mason",bbox,1,6.1084,1.7615
"Montgomery, Mason",bbox,2,6.1084,18.4844
"Montgomery, Mason",bbox,3,-0.8458,18.4844
"Morales, Luis",hull,0,-14.9574,10.5622
"Morales, Luis",hull,1,19.4624,-2.8004
"Morales, Luis",hull,2,-7.7018,16.0675
"Morejon, Adrian",hull,0,15.2794,10.4656
"Morejon, Adrian",hull,1,-5.7861,-1.1877
"Morejon, Adrian",hull,2,14.3391,2.5426
"Moreta, Dauri",bbox,0,-10.2238,1.5978
"Moreta, Dauri",bbox,1,-2.7,1.5978
"Moreta, Dauri",bbox,2,-2.7,17.0172
"Moreta, Dauri",bbox,3,-10.2238,17.0172
"Morgan, David",hull,0,-17.3046,5.3986
"Morgan, David",hull,1,9.4807,-9.8884
"Morgan, David",hull,2,3.8925,0.5058
"Morgan, David",hull,3,-7.7516,15.4371
"Morillo, Juan",hull,0,-14.7073,8.6459
"Morillo, Juan",hull,1,5.7277,-1.2434
"Morillo, Juan",hull,2,-5.3246,16.4893
"Morillo, Juan",hull,3,-13.441,13.129
"Morton, Charlie",hull,0,-11.9682,12.4412
"Morton, Charlie",hull,1,-17.7616,4.3627
"Morton, Charlie",hull,2,-13.6862,-3.6764
"Morton, Charlie",hull,3,15.3601,-8.937
"Morton, Charlie",hull,4,0.8359,5.3048
"Murdock, Noah",hull,0,-12.7781,2.1616
"Murdock, Noah",hull,1,14.227,2.3486
"Murdock, Noah",hull,2,3.3236,4.618
"Murfee, Penn",bbox,0,-2.8171,1.3137
"Murfee, Penn",bbox,1,18.1916,1.3137
"Murfee, Penn",bbox,2,18.1916,6.0205
"Murfee, Penn",bbox,3,-2.8171,6.0205
"Murphy, Chris",hull,0,-14.1749,-12.9159
"Murphy, Chris",hull,1,5.5743,17.0125
"Murphy, Chris",hull,2,-3.8389,4.5032
"Murray, Jayden",bbox,0,-10.7667,13.9749
"Murray, Jayden",bbox,1,-10.7667,13.9749
"Murray, Jayden",bbox,2,-10.7667,13.9749
"Murray, Jayden",bbox,3,-10.7667,13.9749
"Muñoz, Andrés",hull,0,-17.019,6.2943
"Muñoz, Andrés",hull,1,6.1014,-1.4442
"Muñoz, Andrés",hull,2,-11.2321,13.3523
"Muñoz, Roddery",hull,0,-15.8328,6.3816
"Muñoz, Roddery",hull,1,2.7069,-4.4726
"Muñoz, Roddery",hull,2,-0.1988,7.14
"Myers, Tobias",hull,0,-9.6009,10.5645
"Myers, Tobias",hull,1,4.1413,2.6153
"Myers, Tobias",hull,2,4.261,11.7447
"Myers, Tobias",hull,3,-5.5093,19.484
"Márquez, Germán",hull,0,-14.3468,10.1195
"Márquez, Germán",hull,1,1.6438,-0.7769
"Márquez, Germán",hull,2,-0.5962,6.018
"Márquez, Germán",hull,3,-10.2223,14.1475
"Nance, Tommy",hull,0,-15.9087,8.513
"Nance, Tommy",hull,1,11.843,-14.8389
"Nance, Tommy",hull,2,0.8383,-0.2232
"Nelson, Ryne",hull,0,-3.2329,19.1847
"Nelson, Ryne",hull,1,7.7483,-8.3576
"Nelson, Ryne",hull,2,4.8942,1.2751
"Nelson, Ryne",hull,3,2.2573,7.2769
"Neris, Héctor",bbox,0,-10.1832,-1.0642
"Neris, Héctor",bbox,1,-8.3082,-1.0642
"Neris, Héctor",bbox,2,-8.3082,17.7529
"Neris, Héctor",bbox,3,-10.1832,17.7529
"Newcomb, Sean",hull,0,17.1412,5.3589
"Newcomb, Sean",hull,1,10.451,15.8275
"Newcomb, Sean",hull,2,-0.146,9.8242
"Newcomb, Sean",hull,3,-16.5905,-5.7805
"Newcomb, Sean",hull,4,-12.4713,-14.6111
"Nicolas, Kyle",hull,0,-6.9018,17.232
"Nicolas, Kyle",hull,1,8.0276,-12.2359
"Nicolas, Kyle",hull,2,4.48,0.8062
"Nikhazy, Doug",bbox,0,8.1096,16.8264
"Nikhazy, Doug",bbox,1,8.1096,16.8264
"Nikhazy, Doug",bbox,2,8.1096,16.8264
"Nikhazy, Doug",bbox,3,8.1096,16.8264
"Nola, Aaron",hull,0,-12.8417,14.7919
"Nola, Aaron",hull,1,-17.6299,9.0254
"Nola, Aaron",hull,2,-15.181,3.0843
"Nola, Aaron",hull,3,14.7643,-10.3452
"Nola, Aaron",hull,4,-0.7128,8.5407
"Núñez, Dedniel",bbox,0,-5.6375,1.6998
"Núñez, Dedniel",bbox,1,0.2259,1.6998
"Núñez, Dedniel",bbox,2,0.2259,15.6062
"Núñez, Dedniel",bbox,3,-5.6375,15.6062
"Núñez, Eduarniel",bbox,0,-5.4194,-1.0609
"Núñez, Eduarniel",bbox,1,7.6923,-1.0609
"Núñez, Eduarniel",bbox,2,7.6923,14.9481
"Núñez, Eduarniel",bbox,3,-5.4194,14.9481
"O'Brien, Riley",hull,0,-15.8679,6.1193
"O'Brien, Riley",hull,1,16.7419,-2.3009
"O'Brien, Riley",hull,2,3.697,3.2489
"Ober, Bailey",hull,0,-17.9431,5.8328
"Ober, Bailey",hull,1,11.2136,0.8433
"Ober, Bailey",hull,2,-8.1847,16.8382
"Ogasawara, Shinnosuke",hull,0,-7.1293,-19.8595
"Ogasawara, Shinnosuke",hull,1,14.7576,7.9496
"Ogasawara, Shinnosuke",hull,2,6.9945,16.3269
"Ogasawara, Shinnosuke",hull,3,-2.52,3.0749
"Ohl, Pierson",hull,0,-13.2989,4.9949
"Ohl, Pierson",hull,1,1.4888,8.3362
"Ohl, Pierson",hull,2,-9.3514,18.362
"Ohtani, Shohei",hull,0,11.2844,-13.9556
"Ohtani, Shohei",hull,1,13.1543,3.7006
"Ohtani, Shohei",hull,2,-5.3148,14.6748
"Ohtani, Shohei",hull,3,-14.2942,6.6875
"Ohtani, Shohei",hull,4,-13.3736,2.5843
"Okert, Steven",bbox,0,-8.1859,7.1732
"Okert, Steven",bbox,1,8.0985,7.1732
"Okert, Steven",bbox,2,8.0985,16.416
"Okert, Steven",bbox,3,-8.1859,16.416
"Olson, Reese",hull,0,-9.8261,15.2091
"Olson, Reese",hull,1,-15.6686,10.5638
"Olson, Reese",hull,2,-14.824,0.3156
"Olson, Reese",hull,3,7.89,-12.6975
"Olson, Reese",hull,4,5.0184,-3.612
"Ort, Kaleb",hull,0,-15.0369,7.4714
"Ort, Kaleb",hull,1,11.2302,-2.3043
"Ort, Kaleb",hull,2,2.1632,10.3521
"Ort, Kaleb",hull,3,-7.424,18.3701
"Ortiz, Luis",hull,0,-12.5061,11.9235
"Ortiz, Luis",hull,1,-16.5629,3.0463
"Ortiz, Luis",hull,2,-14.614,2.6437
"Ortiz, Luis",hull,3,6.3467,0.8872
"Ortiz, Luis",hull,4,0.4011,9.152
"Orze, Eric",hull,0,-14.0924,-0.1018
"Orze, Eric",hull,1,4.0739,6.3756
"Orze, Eric",hull,2,-10.2379,16.8414
"Otañez, Michel",bbox,0,-12.2118,15.6353
"Otañez, Michel",bbox,1,-12.2118,15.6353
"Otañez, Michel",bbox,2,-12.2118,15.6353
"Otañez, Michel",bbox,3,-12.2118,15.6353
"Oviedo, Johan",hull,0,-14.6852,8.0007
"Oviedo, Johan",hull,1,8.8891,-2.3223
"Oviedo, Johan",hull,2,6.4632,1.7613
"Oviedo, Johan",hull,3,-5.9317,15.2859
"Paddack, Chris",hull,0,-14.94,4.6015
"Paddack, Chris",hull,1,5.5346,-13.0046
"Paddack, Chris",hull,2,1.5886,8.322
"Paddack, Chris",hull,3,-8.8619,18.1315
"Paddack, Chris",hull,4,-13.1405,14.2033
"Pagán, Emilio",hull,0,-7.3998,2.578
"Pagán, Emilio",hull,1,4.9851,4.6818
"Pagán, Emilio",hull,2,-6.84,18.4969
"Palencia, Daniel",bbox,0,-11.8269,1.1557
"Palencia, Daniel",bbox,1,2.3643,1.1557
"Palencia, Daniel",bbox,2,2.3643,15.3789
"Palencia, Daniel",bbox,3,-11.8269,15.3789
"Pallante, Andre",hull,0,-10.0298,14.274
"Pallante, Andre",hull,1,3.7496,-16.1058
"Pallante, Andre",hull,2,4.7184,-0.8219
"Pallante, Andre",hull,3,-0.3362,9.9423
"Palmquist, Carson",hull,0,-8.8292,1.3795
"Palmquist, Carson",hull,1,10.8726,12.8702
"Palmquist, Carson",hull,2,-2.0836,5.8895
"Parker, Mitchell",hull,0,-4.6097,2.587
"Parker, Mitchell",hull,1,-0.7028,-6.9812
"Parker, Mitchell",hull,2,6.8573,9.0414
"Parker, Mitchell",hull,3,5.8001,17.9812
"Patrick, Chad",hull,0,-7.1732,16.5342
"Patrick, Chad",hull,1,-15.4179,10.9671
"Patrick, Chad",hull,2,-12.4531,3.8839
"Patrick, Chad",hull,3,8.4224,5.6647
"Patrick, Chad",hull,4,3.7826,12.238
"Payamps, Joel",hull,0,-14.8166,8.8046
"Payamps, Joel",hull,1,14.5638,-1.6305
"Payamps, Joel",hull,2,-6.7044,15.6207
"Pearson, Nate",bbox,0,-7.094,2.8912
"Pearson, Nate",bbox,1,5.88,2.8912
"Pearson, Nate",bbox,2,5.88,16.2701
"Pearson, Nate",bbox,3,-7.094,16.2701
"Peguero, Elvis",bbox,0,-16.3902,-2.8065
"Peguero, Elvis",bbox,1,3.8697,-2.8065
"Peguero, Elvis",bbox,2,3.8697,3.3574
"Peguero, Elvis",bbox,3,-16.3902,3.3574
"Peguero, Joel",hull,0,-14.6833,8.79
"Peguero, Joel",hull,1,6.9035,0.6738
"Peguero, Joel",hull,2,-8.8264,12.84
"Pepiot, Ryan",hull,0,-14.384,2.1469
"Pepiot, Ryan",hull,1,6.7726,8.7688
"Pepiot, Ryan",hull,2,2.4625,13.9284
"Pepiot, Ryan",hull,3,-7.8497,19.0968
"Peralta, Freddy",hull,0,-4.6033,16.7491
"Peralta, Freddy",hull,1,-16.7701,3.6576
"Peralta, Freddy",hull,2,4.8165,-5.5265
"Peralta, Freddy",hull,3,4.9558,5.014
"Peralta, Luis",bbox,0,-10.3993,-1.9861
"Peralta, Luis",bbox,1,12.2287,-1.9861
"Peralta, Luis",bbox,2,12.2287,13.3247
"Peralta, Luis",bbox,3,-10.3993,13.3247
"Peralta, Sammy",bbox,0,-5.1454,4.4676
"Peralta, Sammy",bbox,1,-5.1454,4.4676
"Peralta, Sammy",bbox,2,-5.1454,4.4676
"Peralta, Sammy",bbox,3,-5.1454,4.4676
"Peralta, Wandy",hull,0,-1.455,5.2081
"Peralta, Wandy",hull,1,16.0857,5.049
"Peralta, Wandy",hull,2,15.7357,9.2925
"Pereda, Jhonny",bbox,0,-5.52,13.5911
"Pereda, Jhonny",bbox,1,-5.52,13.5911
"Pereda, Jhonny",bbox,2,-5.52,13.5911
"Pereda, Jhonny",bbox,3,-5.52,13.5911
"Perkins, Jack",hull,0,-13.5036,0.1164
"Perkins, Jack",hull,1,12.3583,2.7962
"Perkins, Jack",hull,2,-11.547,14.1744
"Petersen, Michael",bbox,0,-7.7115,3.4916
"Petersen, Michael",bbox,1,3.1271,3.4916
"Petersen, Michael",bbox,2,3.1271,18.4256
"Petersen, Michael",bbox,3,-7.7115,18.4256
"Peterson, David",hull,0,14.5895,7.8272
"Peterson, David",hull,1,4.6263,13.5409
"Peterson, David",hull,2,-2.5474,-0.0365
"Peterson, David",hull,3,-6.4664,-8.1422
"Peterson, David",hull,4,14.5838,4.5553
"Petty, Chase",bbox,0,-2.8422,1.7244
"Petty, Chase",bbox,1,-2.8422,1.7244
"Petty, Chase",bbox,2,-2.8422,1.7244
"Petty, Chase",bbox,3,-2.8422,1.7244
"Pfaadt, Brandon",hull,0,-16.0784,4.1924
"Pfaadt, Brandon",hull,1,10.6084,-8.3023
"Pfaadt, Brandon",hull,2,10.4635,5.1852
"Pfaadt, Brandon",hull,3,-6.0172,15.528
"Pfaadt, Brandon",hull,4,-15.1839,6.8948
"Phillips, Connor",bbox,0,-8.9547,-0.2972
"Phillips, Connor",bbox,1,15.1553,-0.2972
"Phillips, Connor",bbox,2,15.1553,16.5543
"Phillips, Connor",bbox,3,-8.9547,16.5543
"Phillips, Tyler",hull,0,-16.9656,5.6342
"Phillips, Tyler",hull,1,3.6981,-10.1916
"Phillips, Tyler",hull,2,10.1531,0.5866
"Phillips, Tyler",hull,3,-6.1673,9.897
"Pilkington, Konnor",hull,0,-0.7311,0.9538
"Pilkington, Konnor",hull,1,16.31,0.6889
"Pilkington, Konnor",hull,2,12.0769,14.6453
"Pivetta, Nick",hull,0,13.1716,3.1495
"Pivetta, Nick",hull,1,-2.7574,19.7934
"Pivetta, Nick",hull,2,7.0497,-16.7221
"Poche, Colin",bbox,0,-6.0191,2.7061
"Poche, Colin",bbox,1,2.0359,2.7061
"Poche, Colin",bbox,2,2.0359,19.6519
"Poche, Colin",bbox,3,-6.0191,19.6519
"Pomeranz, Drew",bbox,0,-4.0515,-10.9057
"Pomeranz, Drew",bbox,1,1.2679,-10.9057
"Pomeranz, Drew",bbox,2,1.2679,17.2142
"Pomeranz, Drew",bbox,3,-4.0515,17.2142
"Pop, Zach",bbox,0,-16.9989,6.2846
"Pop, Zach",bbox,1,-16.9989,6.2846
"Pop, Zach",bbox,2,-16.9989,6.2846
"Pop, Zach",bbox,3,-16.9989,6.2846
"Poulin, PJ",hull,0,14.9355,9.1187
"Poulin, PJ",hull,1,-9.4432,5.5889
"Poulin, PJ",hull,2,13.4004,-1.9736
"Povich, Cade",hull,0,-10.3525,-0.2914
"Povich, Cade",hull,1,-9.7842,-14.4698
"Povich, Cade",hull,2,10.9159,3.7253
"Povich, Cade",hull,3,15.7403,12.184
"Povich, Cade",hull,4,10.4863,17.3645
"Pressly, Ryan",hull,0,-13.2514,9.1122
"Pressly, Ryan",hull,1,16.3208,-11.963
"Pressly, Ryan",hull,2,0.1833,15.9565
"Priester, Quinn",hull,0,-14.6844,7.1354
"Priester, Quinn",hull,1,4.5856,-8.6626
"Priester, Quinn",hull,2,4.0997,-0.4936
"Priester, Quinn",hull,3,0.6101,11.1576
"Puk, A.J.",bbox,0,-4.4989,-1.7284
"Puk, A.J.",bbox,1,11.2503,-1.7284
"Puk, A.J.",bbox,2,11.2503,14.8689
"Puk, A.J.",bbox,3,-4.4989,14.8689
"Pérez, Cionel",hull,0,-11.0703,-5.6387
"Pérez, Cionel",hull,1,14.6768,7.5465
"Pérez, Cionel",hull,2,-5.6364,2.898
"Pérez, Eury",hull,0,-15.011,8.2873
"Pérez, Eury",hull,1,10.5156,-7.4158
"Pérez, Eury",hull,2,9.7569,8.7554
"Pérez, Eury",hull,3,-10.2464,17.6691
"Pérez, Martín",hull,0,-5.6592,-3.272
"Pérez, Martín",hull,1,15.8391,9.5824
"Pérez, Martín",hull,2,-0.5671,11.0734
"Quantrill, Cal",hull,0,-9.3843,16.8861
"Quantrill, Cal",hull,1,-14.7005,13.1587
"Quantrill, Cal",hull,2,-11.6764,5.9943
"Quantrill, Cal",hull,3,4.012,-6.8786
"Quantrill, Cal",hull,4,3.4314,-0.4043
"Quantrill, Cal",hull,5,2.1914,8.4947
"Quintana, Jose",hull,0,4.5479,16.0701
"Quintana, Jose",hull,1,-9.9707,-0.7978
"Quintana, Jose",hull,2,-5.9199,-6.2775
"Quintana, Jose",hull,3,14.6906,3.7793
"Quintana, Jose",hull,4,13.7975,12.0924
"Ragans, Cole",hull,0,-11.527,-13.0583
"Ragans, Cole",hull,1,16.2122,11.4643
"Ragans, Cole",hull,2,13.7843,16.9715
"Rainey, Tanner",bbox,0,-8.3842,0.8375
"Rainey, Tanner",bbox,1,3.2451,0.8375
"Rainey, Tanner",bbox,2,3.2451,18.4902
"Rainey, Tanner",bbox,3,-8.3842,18.4902
"Raley, Brooks",hull,0,-15.9607,5.0223
"Raley, Brooks",hull,1,17.7079,-0.4823
"Raley, Brooks",hull,2,17.8034,3.9549
"Raley, Brooks",hull,3,-2.9554,6.8354
"Ramírez, Erasmo",bbox,0,-14.3647,6.3906
"Ramírez, Erasmo",bbox,1,0.5846,6.3906
"Ramírez, Erasmo",bbox,2,0.5846,11.7634
"Ramírez, Erasmo",bbox,3,-14.3647,11.7634
"Ramírez, Yohan",hull,0,17.2792,0.4637
"Ramírez, Yohan",hull,1,-10.5071,13.5253
"Ramírez, Yohan",hull,2,12.8793,-7.7297
"Rangel, Alan",bbox,0,-11.0289,12.5356
"Rangel, Alan",bbox,1,-4.3958,12.5356
"Rangel, Alan",bbox,2,-4.3958,19.3879
"Rangel, Alan",bbox,3,-11.0289,19.3879
"Rashi, Taylor",bbox,0,-11.0615,6.3462
"Rashi, Taylor",bbox,1,2.3885,6.3462
"Rashi, Taylor",bbox,2,2.3885,16.8418
"Rashi, Taylor",bbox,3,-11.0615,16.8418
"Rasmussen, Drew",hull,0,-14.3779,13.125
"Rasmussen, Drew",hull,1,4.5312,3.8578
"Rasmussen, Drew",hull,2,-4.1007,17.3449
"Ray, Robbie",hull,0,-1.584,-5.3796
"Ray, Robbie",hull,1,11.4472,11.7221
"Ray, Robbie",hull,2,8.2496,18.164
"Ray, Robbie",hull,3,0.4868,9.1794
"Rea, Colin",hull,0,10.123,-7.4491
"Rea, Colin",hull,1,13.7554,2.0532
"Rea, Colin",hull,2,-8.5035,14.0446
"Rea, Colin",hull,3,-14.5762,8.4231
"Rea, Colin",hull,4,-13.2991,-0.2218
"Reynolds, Sean",hull,0,17.0377,1.2346
"Reynolds, Sean",hull,1,-10.1395,16.8689
"Reynolds, Sean",hull,2,5.7486,0.0023
"Ribalta, Orlando",hull,0,-15.0758,11.5478
"Ribalta, Orlando",hull,1,3.2472,3.2523
"Ribalta, Orlando",hull,2,-7.5209,18.2589
"Richards, Trevor",bbox,0,-5.4529,19.5776
"Richards, Trevor",bbox,1,-5.4529,19.5776
"Richards, Trevor",bbox,2,-5.4529,19.5776
"Richards, Trevor",bbox,3,-5.4529,19.5776
"Richardson, Lyon",hull,0,-9.9078,14.6461
"Richardson, Lyon",hull,1,-16.7982,8.0137
"Richardson, Lyon",hull,2,-15.6778,2.3222
"Richardson, Lyon",hull,3,7.896,-8.1895
"Robert, Daniel",hull,0,12.6215,2.117
"Robert, Daniel",hull,1,-7.988,15.372
"Robert, Daniel",hull,2,2.6909,7.2909
"Roberts, Ethan",bbox,0,2.3515,-0.6665
"Roberts, Ethan",bbox,1,21.4467,-0.6665
"Roberts, Ethan",bbox,2,21.4467,9.6438
"Roberts, Ethan",bbox,3,2.3515,9.6438
"Robertson, David",bbox,0,3.8978,-11.3611
"Robertson, David",bbox,1,7.4078,-11.3611
"Robertson, David",bbox,2,7.4078,14.0852
"Robertson, David",bbox,3,3.8978,14.0852
"Rock, Joe",bbox,0,18.1088,6.675
"Rock, Joe",bbox,1,18.1088,6.675
"Rock, Joe",bbox,2,18.1088,6.675
"Rock, Joe",bbox,3,18.1088,6.675
"Rocker, Kumar",hull,0,-16.7119,6.1917
"Rocker, Kumar",hull,1,8.302,-11.4913
"Rocker, Kumar",hull,2,1.3003,5.285
"Rocker, Kumar",hull,3,-11.11,11.6037
"Rodriguez, Bradgley",bbox,0,-8.7346,16.4538
"Rodriguez, Bradgley",bbox,1,-8.7346,16.4538
"Rodriguez, Bradgley",bbox,2,-8.7346,16.4538
"Rodriguez, Bradgley",bbox,3,-8.7346,16.4538
"Rodriguez, Carlos",bbox,0,-5.1089,16.2556
"Rodriguez, Carlos",bbox,1,-5.1089,16.2556
"Rodriguez, Carlos",bbox,2,-5.1089,16.2556
"Rodriguez, Carlos",bbox,3,-5.1089,16.2556
"Rodriguez, Eduardo",hull,0,-1.0425,9.4434
"Rodriguez, Eduardo",hull,1,15.9304,6.0911
"Rodriguez, Eduardo",hull,2,12.073,12.2775
"Rodriguez, Eduardo",hull,3,5.5557,14.9197
"Rodríguez, Elvin",hull,0,-6.2151,19.341
"Rodríguez, Elvin",hull,1,8.2286,-14.7086
"Rodríguez, Elvin",hull,2,2.3537,6.8274
"Rodríguez, Manuel",hull,0,-14.2033,9.5861
"Rodríguez, Manuel",hull,1,3.7581,0.0039
"Rodríguez, Manuel",hull,2,-3.636,15.9754
"Rodríguez, Randy",bbox,0,-5.4359,2.3163
"Rodríguez, Randy",bbox,1,10.8177,2.3163
"Rodríguez, Randy",bbox,2,10.8177,18.2392
"Rodríguez, Randy",bbox,3,-5.4359,18.2392
"Rodríguez, Yariel",hull,0,-4.0397,13.4136
"Rodríguez, Yariel",hull,1,-16.2667,10.6267
"Rodríguez, Yariel",hull,2,-15.4003,4.925
"Rodríguez, Yariel",hull,3,6.8626,0.5
"Rodón, Carlos",hull,0,10.742,17.5825
"Rodón, Carlos",hull,1,-5.4788,-0.7792
"Rodón, Carlos",hull,2,12.5832,3.7189
"Rodón, Carlos",hull,3,14.5471,6.2931
"Rogers, Taylor",bbox,0,-16.2831,0.4413
"Rogers, Taylor",bbox,1,17.0597,0.4413
"Rogers, Taylor",bbox,2,17.0597,8.0602
"Rogers, Taylor",bbox,3,-16.2831,8.0602
"Rogers, Trevor",hull,0,13.8224,0.6519
"Rogers, Trevor",hull,1,17.8383,8.0167
"Rogers, Trevor",hull,2,11.4581,14.6618
"Rogers, Trevor",hull,3,-7.4213,7.9702
"Rogers, Trevor",hull,4,-5.0205,3.3368
"Rogers, Tyler",bbox,0,-1.483,-13.0122
"Rogers, Tyler",bbox,1,10.9161,-13.0122
"Rogers, Tyler",bbox,2,10.9161,13.8472
"Rogers, Tyler",bbox,3,-1.483,13.8472
"Rojas, Miguel",bbox,0,-1.6956,17.1
"Rojas, Miguel",bbox,1,-1.6956,17.1
"Rojas, Miguel",bbox,2,-1.6956,17.1
"Rojas, Miguel",bbox,3,-1.6956,17.1
"Rolison, Ryan",hull,0,0.8945,11.9592
"Rolison, Ryan",hull,1,-7.9625,-11.3947
"Rolison, Ryan",hull,2,-3.9761,-2.1289
"Romano, Jordan",bbox,0,-7.2949,-0.314
"Romano, Jordan",bbox,1,2.274,-0.314
"Romano, Jordan",bbox,2,2.274,17.9065
"Romano, Jordan",bbox,3,-7.2949,17.9065
"Romero, JoJo",hull,0,10.5966,12.8522
"Romero, JoJo",hull,1,-13.1046,-0.8464
"Romero, JoJo",hull,2,14.1299,0.3821
"Romero, JoJo",hull,3,17.4846,2.6998
"Ross, Joe",hull,0,-16.8817,5.5633
"Ross, Joe",hull,1,2.8775,3.024
"Ross, Joe",hull,2,-2.8823,11.2233
"Ross, Joe",hull,3,-12.998,9.6146
"Roupp, Landen",hull,0,-2.6855,8.2355
"Roupp, Landen",hull,1,-17.9437,3.0477
"Roupp, Landen",hull,2,-15.9741,-2.3398
"Roupp, Landen",hull,3,18.592,-6.5758
"Roycroft, Chris",hull,0,-16.6573,3.6884
"Roycroft, Chris",hull,1,4.7517,0.5896
"Roycroft, Chris",hull,2,-7.0971,9.0118
"Ruiz, José",bbox,0,-6.0877,-3.1552
"Ruiz, José",bbox,1,2.7613,-3.1552
"Ruiz, José",bbox,2,2.7613,17.4282
"Ruiz, José",bbox,3,-6.0877,17.4282
"Rutledge, Jackson",hull,0,-10.511,15.3739
"Rutledge, Jackson",hull,1,-16.9862,9.2675
"Rutledge, Jackson",hull,2,-13.6343,2.019
"Rutledge, Jackson",hull,3,1.5388,0.0889
"Rutledge, Jackson",hull,4,1.7472,6.6411
"Ryan, Joe",hull,0,-12.6089,13.6957
"Ryan, Joe",hull,1,-16.4126,8.5079
"Ryan, Joe",hull,2,-15.2566,1.1346
"Ryan, Joe",hull,3,15.7442,0.1661
"Saalfrank, Andrew",bbox,0,-8.1317,-9.3449
"Saalfrank, Andrew",bbox,1,7.8702,-9.3449
"Saalfrank, Andrew",bbox,2,7.8702,4.9778
"Saalfrank, Andrew",bbox,3,-8.1317,4.9778
"Sabrowski, Erik",hull,0,-6.7815,-13.9275
"Sabrowski, Erik",hull,1,9.7012,19.7911
"Sabrowski, Erik",hull,2,-0.5051,5.9372
"Salazar, Eduardo",hull,0,-15.8787,5.6836
"Salazar, Eduardo",hull,1,5.1808,-0.326
"Salazar, Eduardo",hull,2,-10.7193,13.2847
"Sale, Chris",hull,0,-10.5492,-2.9089
"Sale, Chris",hull,1,16.514,-0.3616
"Sale, Chris",hull,2,14.9609,9.3009
"Sanders, Cam",bbox,0,-5.6649,16.2608
"Sanders, Cam",bbox,1,-5.6649,16.2608
"Sanders, Cam",bbox,2,-5.6649,16.2608
"Sanders, Cam",bbox,3,-5.6649,16.2608
"Sandlin, Nick",hull,0,14.6928,7.6349
"Sandlin, Nick",hull,1,-13.416,13.062
"Sandlin, Nick",hull,2,-12.3663,-1.6547
"Sands, Cole",hull,0,-11.278,13.6358
"Sands, Cole",hull,1,-16.4039,6.8983
"Sands, Cole",hull,2,-14.347,0.5232
"Sands, Cole",hull,3,16.7803,-5.658
"Sands, Cole",hull,4,2.0281,7.9619
"Sanoja, Javier",bbox,0,-10.4786,11.4221
"Sanoja, Javier",bbox,1,-10.4786,11.4221
"Sanoja, Javier",bbox,2,-10.4786,11.4221
"Sanoja, Javier",bbox,3,-10.4786,11.4221
"Santana, Dennis",hull,0,-10.902,14.4385
"Santana, Dennis",hull,1,-16.5572,8.2122
"Santana, Dennis",hull,2,-16.08,6.8695
"Santana, Dennis",hull,3,2.8828,2.8416
"Santana, Dennis",hull,4,0.9309,10.327
"Santillan, Tony",hull,0,-11.6517,13.3329
"Santillan, Tony",hull,1,10.6393,-5.7459
"Santillan, Tony",hull,2,6.9265,2.2327
"Santos, Gregory",bbox,0,-8.8541,1.8622
"Santos, Gregory",bbox,1,6.603,1.8622
"Santos, Gregory",bbox,2,6.603,8.9294
"Santos, Gregory",bbox,3,-8.8541,8.9294
"Sasaki, Roki",hull,0,11.692,-2.3381
"Sasaki, Roki",hull,1,-10.2995,14.4766
"Sasaki, Roki",hull,2,-1.92,-3.9751
"Saucedo, Tayler",bbox,0,17.0515,3.9339
"Saucedo, Tayler",bbox,1,17.0515,3.9339
"Saucedo, Tayler",bbox,2,17.0515,3.9339
"Saucedo, Tayler",bbox,3,17.0515,3.9339
"Sauer, Matt",hull,0,-14.288,12.8813
"Sauer, Matt",hull,1,5.9212,-5.0788
"Sauer, Matt",hull,2,4.638,7.6115
"Sauer, Matt",hull,3,-5.2639,16.3671
"Scherzer, Max",hull,0,-14.333,4.7699
"Scherzer, Max",hull,1,11.7029,-6.5313
"Scherzer, Max",hull,2,3.7131,3.84
"Scherzer, Max",hull,3,-8.7473,16.1979
"Schlittler, Cam",hull,0,-13.0098,11.9898
"Schlittler, Cam",hull,1,6.8469,-12.5221
"Schlittler, Cam",hull,2,7.0706,5.5073
"Schlittler, Cam",hull,3,-5.9827,16.3599
"Schmidt, Clarke",hull,0,-12.12,4.1553
"Schmidt, Clarke",hull,1,9.3299,-13.7532
"Schmidt, Clarke",hull,2,16.7815,-1.32
"Schmidt, Clarke",hull,3,-5.2039,15.7587
"Scholtens, Jesse",bbox,0,-5.9614,3.8965
"Scholtens, Jesse",bbox,1,4.8541,3.8965
"Scholtens, Jesse",bbox,2,4.8541,16.0902
"Scholtens, Jesse",bbox,3,-5.9614,16.0902
"Schreiber, John",hull,0,-16.9389,-0.642
"Schreiber, John",hull,1,15.2295,0.6977
"Schreiber, John",hull,2,-10.8417,10.6912
"Schultz, Paxton",hull,0,-7.6439,16.9345
"Schultz, Paxton",hull,1,-4.7545,3.731
"Schultz, Paxton",hull,2,5.5364,4.4655
"Schultz, Paxton",hull,3,2.1693,11.0279
"Schwellenbach, Spencer",hull,0,-5.4406,14.8272
"Schwellenbach, Spencer",hull,1,-15.1876,7.421
"Schwellenbach, Spencer",hull,2,-9.4343,0.2053
"Schwellenbach, Spencer",hull,3,8.1253,-7.212
"Schwellenbach, Spencer",hull,4,0.562,10.9892
"Scott, Tanner",bbox,0,-5.652,0.9552
"Scott, Tanner",bbox,1,6.1928,0.9552
"Scott, Tanner",bbox,2,6.1928,16.7025
"Scott, Tanner",bbox,3,-5.652,16.7025
"Scott, Tayler",hull,0,12.3792,-1.1328
"Scott, Tayler",hull,1,-14.5031,10.3439
"Scott, Tayler",hull,2,-8.5711,-4.4253
"Seabold, Connor",bbox,0,-12.9804,14.2264
"Seabold, Connor",bbox,1,-12.9804,14.2264
"Seabold, Connor",bbox,2,-12.9804,14.2264
"Seabold, Connor",bbox,3,-12.9804,14.2264
"Sears, JP",hull,0,-12.4881,6.5102
"Sears, JP",hull,1,16.4536,3.6125
"Sears, JP",hull,2,15.7628,7.5982
"Sears, JP",hull,3,11.8671,14.0714
"Sears, JP",hull,4,-3.6634,9.5821
"Selby, Colin",bbox,0,-14.6507,-14.3636
"Selby, Colin",bbox,1,10.7593,-14.3636
"Selby, Colin",bbox,2,10.7593,10.6293
"Selby, Colin",bbox,3,-14.6507,10.6293
"Senga, Kodai",hull,0,-7.6308,16.4649
"Senga, Kodai",hull,1,-15.7958,6.6505
"Senga, Kodai",hull,2,-9.9432,0.6733
"Senga, Kodai",hull,3,8.2776,-2.2824
"Senga, Kodai",hull,4,-0.9495,8.6378
"Senzatela, Antonio",hull,0,-9.5473,6.8067
"Senzatela, Antonio",hull,1,5.5678,-5.4906
"Senzatela, Antonio",hull,2,4.7056,3.2811
"Senzatela, Antonio",hull,3,-4.9616,11.7714
"Severino, Luis",hull,0,-7.1514,16.3162
"Severino, Luis",hull,1,-14.0659,12.1389
"Severino, Luis",hull,2,-13.7078,7.3624
"Severino, Luis",hull,3,15.74,2.3956
"Sewald, Paul",bbox,0,-12.1948,7.2513
"Sewald, Paul",bbox,1,10.08,7.2513
"Sewald, Paul",bbox,2,10.08,13.049
"Sewald, Paul",bbox,3,-12.1948,13.049
"Seymour, Carson",hull,0,-15.1602,6.0484
"Seymour, Carson",hull,1,1.0168,-5.7481
"Seymour, Carson",hull,2,-0.7587,7.2213
"Seymour, Carson",hull,3,-8.0576,14.4609
"Seymour, Ian",hull,0,-11.4156,-3.4644
"Seymour, Ian",hull,1,15.0459,8.8857
"Seymour, Ian",hull,2,13.2467,11.74
"Seymour, Ian",hull,3,6.19,17.3266
"Seymour, Ian",hull,4,-0.4267,9.849
"Sheehan, Emmet",hull,0,-12.9489,0.7387
"Sheehan, Emmet",hull,1,11.3408,-13.8912
"Sheehan, Emmet",hull,2,3.4751,4.0049
"Sheehan, Emmet",hull,3,-9.3323,17.9436
"Shugart, Chase",hull,0,-13.9114,8.6109
"Shugart, Chase",hull,1,17.1419,0.0109
"Shugart, Chase",hull,2,-6.8175,14.9766
"Shuster, Jared",hull,0,-1.4886,5.3773
"Shuster, Jared",hull,1,12.6706,0.2318
"Shuster, Jared",hull,2,11.4541,13.2633
"Silseth, Chase",bbox,0,-7.7504,0.3878
"Silseth, Chase",bbox,1,9.9165,0.3878
"Silseth, Chase",bbox,2,9.9165,15.9456
"Silseth, Chase",bbox,3,-7.7504,15.9456
"Simpson, Josh",hull,0,-13.4719,1.0041
"Simpson, Josh",hull,1,-10.8662,-10.1297
"Simpson, Josh",hull,2,12.7021,-0.8937
"Simpson, Josh",hull,3,15.1244,5.4935
"Simpson, Josh",hull,4,8.8083,13.5583
"Sims, Lucas",bbox,0,-6.1699,3.9863
"Sims, Lucas",bbox,1,15.5473,3.9863
"Sims, Lucas",bbox,2,15.5473,18.121
"Sims, Lucas",bbox,3,-6.1699,18.121
"Singer, Brady",hull,0,-6.2668,14.445
"Singer, Brady",hull,1,-15.9246,10.1518
"Singer, Brady",hull,2,4.8755,-1.1346
"Singer, Brady",hull,3,8.9613,1.8205
"Sisk, Evan",hull,0,-11.8923,7.4591
"Sisk, Evan",hull,1,14.9243,4.581
"Sisk, Evan",hull,2,6.24,12.8545
"Skenes, Paul",hull,0,-17.5112,6.4285
"Skenes, Paul",hull,1,-13.4101,-0.0234
"Skenes, Paul",hull,2,11.4328,5.7267
"Skenes, Paul",hull,3,-13.9975,11.5986
"Skubal, Tarik",hull,0,-3.2308,4.7668
"Skubal, Tarik",hull,1,14.9265,6.4365
"Skubal, Tarik",hull,2,13.1095,13.5717
"Skubal, Tarik",hull,3,3.4152,17.0513
"Slaten, Justin",hull,0,14.6667,-0.2438
"Slaten, Justin",hull,1,-1.9348,18.2895
"Slaten, Justin",hull,2,5.1875,-15.8312
"Smith, Cade",hull,0,12.5451,4.1051
"Smith, Cade",hull,1,-8.6582,16.4825
"Smith, Cade",hull,2,-8.026,-2.2037
"Smith, Dylan",bbox,0,-2.9473,5.4407
"Smith, Dylan",bbox,1,10.2021,5.4407
"Smith, Dylan",bbox,2,10.2021,16.7122
"Smith, Dylan",bbox,3,-2.9473,16.7122
"Smith, Shane",hull,0,-7.2649,14.2604
"Smith, Shane",hull,1,-15.2988,9.5604
"Smith, Shane",hull,2,-14.6169,1.3906
"Smith, Shane",hull,3,5.8644,-11.5628
"Smith, Shane",hull,4,2.4766,3.6882
"Smith-Shawver, AJ",hull,0,-10.192,7.3275
"Smith-Shawver, AJ",hull,1,8.7533,-11.0089
"Smith-Shawver, AJ",hull,2,-9.2335,16.0905
"Snell, Blake",hull,0,-12.3688,-6.5992
"Snell, Blake",hull,1,13.5152,9.8735
"Snell, Blake",hull,2,4.383,17.9657
"Snell, Blake",hull,3,-2.4749,8.6071
"Snider, Collin",hull,0,9.5671,-2.9976
"Snider, Collin",hull,1,14.0231,1.8886
"Snider, Collin",hull,2,-0.8858,8.1041
"Snider, Collin",hull,3,-6.0978,8.1956
"Snider, Collin",hull,4,5.5863,-0.4389
"Soriano, George",hull,0,-8.5385,13.7668
"Soriano, George",hull,1,-16.3415,5.5039
"Soriano, George",hull,2,-11.587,-0.7527
"Soriano, George",hull,3,9.0032,-0.5989
"Soriano, José",hull,0,-8.4934,13.309
"Soriano, José",hull,1,-13.2526,3.1032
"Soriano, José",hull,2,-10.3312,-0.4617
"Soriano, José",hull,3,12.5113,-9.8936
"Soroka, Michael",hull,0,-17.3564,8.3564
"Soroka, Michael",hull,1,11.9109,-8.3402
"Soroka, Michael",hull,2,-9.3549,15.3199
"Soto, Gregory",hull,0,10.9583,13.3567
"Soto, Gregory",hull,1,-12.1015,1.7462
"Soto, Gregory",hull,2,-2.6708,3.8859
"Soto, Gregory",hull,3,17.652,8.7359
"Sousa, Bennett",bbox,0,-3.6643,-0.1685
"Sousa, Bennett",bbox,1,3.5654,-0.1685
"Sousa, Bennett",bbox,2,3.5654,16.9769
"Sousa, Bennett",bbox,3,-3.6643,16.9769
"Speier, Gabe",hull,0,-4.5164,-1.7945
"Speier, Gabe",hull,1,17.5192,7.4042
"Speier, Gabe",hull,2,9.9681,15.0804
"Spence, Mitch",hull,0,-7.4086,4.7124
"Spence, Mitch",hull,1,10.3104,-10.2701
"Spence, Mitch",hull,2,13.6962,2.2561
"Spence, Mitch",hull,3,3.9061,4.3501
"Spiers, Carson",hull,0,14.1279,3.2507
"Spiers, Carson",hull,1,-16.5147,8.2325
"Spiers, Carson",hull,2,-16.4444,3.9753
"Springs, Jeffrey",hull,0,11.3586,15.9995
"Springs, Jeffrey",hull,1,-14.9255,-0.2945
"Springs, Jeffrey",hull,2,-4.0115,2.487
"Springs, Jeffrey",hull,3,12.5408,6.7592
"Sproat, Brandon",bbox,0,-16.7299,4.6582
"Sproat, Brandon",bbox,1,13.7673,4.6582
"Sproat, Brandon",bbox,2,13.7673,6.941
"Sproat, Brandon",bbox,3,-16.7299,6.941
"Stanek, Ryne",hull,0,-8.6434,18.3351
"Stanek, Ryne",hull,1,-10.697,5.468
"Stanek, Ryne",hull,2,3.054,0.3086
"Stanek, Ryne",hull,3,10.2502,0.8069
"Steele, Justin",bbox,0,-13.7713,-0.4119
"Steele, Justin",bbox,1,0.8929,-0.4119
"Steele, Justin",bbox,2,0.8929,15.0571
"Steele, Justin",bbox,3,-13.7713,15.0571
"Stephenson, Robert",bbox,0,0.8906,2.4804
"Stephenson, Robert",bbox,1,0.8906,2.4804
"Stephenson, Robert",bbox,2,0.8906,2.4804
"Stephenson, Robert",bbox,3,0.8906,2.4804
"Sterner, Justin",hull,0,15.6211,2.8154
"Sterner, Justin",hull,1,-9.7701,17.2387
"Sterner, Justin",hull,2,4.9761,4.7255
"Stewart, Brock",hull,0,-14.2982,2.1164
"Stewart, Brock",hull,1,15.7076,2.6814
"Stewart, Brock",hull,2,-5.588,14.2547
"Stewart, Brock",hull,3,-14.194,4.9469
"Strahm, Matt",hull,0,-6.3105,4.3687
"Strahm, Matt",hull,1,16.9657,11.6578
"Strahm, Matt",hull,2,13.5222,16.7712
"Strahm, Matt",hull,3,2.6227,10.214
"Stratton, Chris",hull,0,-15.48,3.9616
"Stratton, Chris",hull,1,13.1986,-7.7721
"Stratton, Chris",hull,2,-5.2793,16.0164
"Stratton, Hunter",hull,0,-4.1625,14.9745
"Stratton, Hunter",hull,1,9.4242,0.5552
"Stratton, Hunter",hull,2,3.0888,10.2888
"Strickland, Hunter",bbox,0,-6.9421,0.8333
"Strickland, Hunter",bbox,1,5.4678,0.8333
"Strickland, Hunter",bbox,2,5.4678,15.0505
"Strickland, Hunter",bbox,3,-6.9421,15.0505
"Strider, Spencer",hull,0,-8.862,16.4164
"Strider, Spencer",hull,1,10.0309,-6.7289
"Strider, Spencer",hull,2,5.0992,2.5703
"Stroman, Marcus",hull,0,-14.5216,3.4832
"Stroman, Marcus",hull,1,16.5548,-1.3019
"Stroman, Marcus",hull,2,1.0292,7.6373
"Strowd, Kade",hull,0,-13.5755,11.3284
"Strowd, Kade",hull,1,13.8888,-13.4016
"Strowd, Kade",hull,2,16.5532,-2.3977
"Strowd, Kade",hull,3,-1.1643,16.633
"Suarez, José",hull,0,-6.6503,0.0445
"Suarez, José",hull,1,15.1943,3.1929
"Suarez, José",hull,2,8.3512,17.8468
"Suarez, Ranger",hull,0,-11.3911,-8.6762
"Suarez, Ranger",hull,1,15.6397,4.9096
"Suarez, Ranger",hull,2,6.1177,11.5051
"Suarez, Ranger",hull,3,-2.6433,6.1461
"Suarez, Robert",hull,0,-17.0672,7.7478
"Suarez, Robert",hull,1,-6.8169,17.9943
"Suarez, Robert",hull,2,-12.9709,15.7804
"Suero, Wander",bbox,0,-3.2089,17.6356
"Suero, Wander",bbox,1,-3.2089,17.6356
"Suero, Wander",bbox,2,-3.2089,17.6356
"Suero, Wander",bbox,3,-3.2089,17.6356
"Sugano, Tomoyuki",hull,0,9.1022,-12.1398
"Sugano, Tomoyuki",hull,1,11.2451,2.4811
"Sugano, Tomoyuki",hull,2,-5.7602,16.8059
"Sugano, Tomoyuki",hull,3,-14.1055,12.0012
"Sugano, Tomoyuki",hull,4,-11.8298,5.5736
"Sulser, Cole",hull,0,-14.04,2.7211
"Sulser, Cole",hull,1,4.0563,8.0681
"Sulser, Cole",hull,2,-9.9263,17.9184
"Suter, Brent",hull,0,-2.732,14.1083
"Suter, Brent",hull,1,-6.2435,-3.7915
"Suter, Brent",hull,2,10.9109,11.3785
"Suter, Brent",hull,3,11.5102,12.6256
"Suárez, Albert",bbox,0,-4.5872,16.936
"Suárez, Albert",bbox,1,-4.5872,16.936
"Suárez, Albert",bbox,2,-4.5872,16.936
"Suárez, Albert",bbox,3,-4.5872,16.936
"Svanson, Matt",hull,0,-15.3773,9.6709
"Svanson, Matt",hull,1,10.0025,2.7829
"Svanson, Matt",hull,2,1.7909,6.5248
"Swanson, Erik",bbox,0,-10.065,2.7386
"Swanson, Erik",bbox,1,-7.7227,2.7386
"Swanson, Erik",bbox,2,-7.7227,18.0976
"Swanson, Erik",bbox,3,-10.065,18.0976
"Sánchez, Cristopher",hull,0,18.3061,4.4229
"Sánchez, Cristopher",hull,1,-1.5764,-0.6076
"Sánchez, Cristopher",hull,2,16.9096,-1.1485
"Taillon, Jameson",hull,0,-15.4891,7.7042
"Taillon, Jameson",hull,1,9.2862,-9.4765
"Taillon, Jameson",hull,2,15.7873,-0.872
"Taillon, Jameson",hull,3,6.4336,8.0231
"Taillon, Jameson",hull,4,-7.3747,18.2201
"Taillon, Jameson",hull,5,-12.8858,14.2658
"Tate, Dillon",bbox,0,9.0,4.784
"Tate, Dillon",bbox,1,9.0,4.784
"Tate, Dillon",bbox,2,9.0,4.784
"Tate, Dillon",bbox,3,9.0,4.784
"Taylor, Grant",hull,0,3.0541,6.3953
"Taylor, Grant",hull,1,-0.5563,16.8376
"Taylor, Grant",hull,2,2.9727,-13.9045
"Taylor, Troy",bbox,0,-13.9725,-5.1576
"Taylor, Troy",bbox,1,14.6024,-5.1576
"Taylor, Troy",bbox,2,14.6024,14.3194
"Taylor, Troy",bbox,3,-13.9725,14.3194
"Teng, Kai-Wei",hull,0,-15.9742,2.5688
"Teng, Kai-Wei",hull,1,15.3949,-8.0142
"Teng, Kai-Wei",hull,2,13.8885,1.282
"Teng, Kai-Wei",hull,3,-8.6803,12.9659
"Thielbar, Caleb",hull,0,3.5546,19.1025
"Thielbar, Caleb",hull,1,-13.9951,-0.3472
"Thielbar, Caleb",hull,2,-7.0854,-14.9736
"Thompson, Mason",bbox,0,-15.895,-1.863
"Thompson, Mason",bbox,1,4.4985,-1.863
"Thompson, Mason",bbox,2,4.4985,11.72
"Thompson, Mason",bbox,3,-15.895,11.72
"Thompson, Ryan",hull,0,-12.8511,-7.1026
"Thompson, Ryan",hull,1,13.9005,8.8732
"Thompson, Ryan",hull,2,-9.3624,6.9936
"Thornton, Trent",hull,0,16.3289,0.1721
"Thornton, Trent",hull,1,-3.6265,15.8699
"Thornton, Trent",hull,2,9.2213,-13.4449
"Tidwell, Blade",hull,0,-5.926,17.528
"Tidwell, Blade",hull,1,-15.3766,12.7324
"Tidwell, Blade",hull,2,3.9691,1.8045
"Tidwell, Blade",hull,3,12.7039,5.8227
"Tinoco, Jesus",bbox,0,-18.8957,2.3354
"Tinoco, Jesus",bbox,1,7.572,2.3354
"Tinoco, Jesus",bbox,2,7.572,4.5551
"Tinoco, Jesus",bbox,3,-18.8957,4.5551
"Tolle, Payton",bbox,0,6.6636,16.7418
"Tolle, Payton",bbox,1,6.6636,16.7418
"Tolle, Payton",bbox,2,6.6636,16.7418
"Tolle, Payton",bbox,3,6.6636,16.7418
"Tong, Jonah",bbox,0,-13.5988,8.9118
"Tong, Jonah",bbox,1,-3.2327,8.9118
"Tong, Jonah",bbox,2,-3.2327,19.76
"Tong, Jonah",bbox,3,-13.5988,19.76
"Tonkin, Michael",bbox,0,-13.2488,0.1118
"Tonkin, Michael",bbox,1,0.685,0.1118
"Tonkin, Michael",bbox,2,0.685,11.2158
"Tonkin, Michael",bbox,3,-13.2488,11.2158
"Topa, Justin",hull,0,-17.717,0.2362
"Topa, Justin",hull,1,-13.089,-5.3967
"Topa, Justin",hull,2,13.524,3.8847
"Topa, Justin",hull,3,-1.6102,6.36
"Treinen, Blake",hull,0,-17.3102,5.411
"Treinen, Blake",hull,1,14.3212,-1.076
"Treinen, Blake",hull,2,1.4052,8.5084
"Treinen, Blake",hull,3,-9.6094,13.9481
"Trivino III, Lou",hull,0,-8.43,14.3327
"Trivino III, Lou",hull,1,-15.9626,9.5497
"Trivino III, Lou",hull,2,-15.5529,3.1046
"Trivino III, Lou",hull,3,17.1833,-0.5435
"Trivino III, Lou",hull,4,1.6611,9.7697
"Uceta, Edwin",hull,0,-15.5886,-0.3005
"Uceta, Edwin",hull,1,0.6765,9.199
"Uceta, Edwin",hull,2,-12.1156,12.9571
"Ureña, José",hull,0,-13.8881,11.9706
"Ureña, José",hull,1,-16.0623,9.8096
"Ureña, José",hull,2,-15.7967,8.5753
"Ureña, José",hull,3,-0.6427,7.8899
"Uribe, Abner",bbox,0,-13.8004,3.7673
"Uribe, Abner",bbox,1,10.7204,3.7673
"Uribe, Abner",bbox,2,10.7204,6.2753
"Uribe, Abner",bbox,3,-13.8004,6.2753
"Valdez, Framber",hull,0,15.6678,5.9817
"Valdez, Framber",hull,1,-13.1592,-14.7628
"Valdez, Framber",hull,2,14.6709,0.8166
"Van Belle, Brian",bbox,0,-14.0164,-1.4186
"Van Belle, Brian",bbox,1,-14.0164,-1.4186
"Van Belle, Brian",bbox,2,-14.0164,-1.4186
"Van Belle, Brian",bbox,3,-14.0164,-1.4186
"VanWey, Logan",bbox,0,-12.0812,13.41
"VanWey, Logan",bbox,1,-12.0812,13.41
"VanWey, Logan",bbox,2,-12.0812,13.41
"VanWey, Logan",bbox,3,-12.0812,13.41
"Vargas, Carlos",hull,0,-15.604,5.055
"Vargas, Carlos",hull,1,3.485,2.3696
"Vargas, Carlos",hull,2,-0.2766,8.8146
"Varland, Louis",hull,0,3.4733,-6.1942
"Varland, Louis",hull,1,3.6253,5.7453
"Varland, Louis",hull,2,-7.5615,15.7869
"Varland, Louis",hull,3,-14.8655,12.3655
"Varland, Louis",hull,4,-14.1341,3.51
"Vasil, Mike",hull,0,10.1267,-13.9253
"Vasil, Mike",hull,1,16.5179,-3.4687
"Vasil, Mike",hull,2,-6.3413,12.8686
"Vasil, Mike",hull,3,-14.5563,4.5689
"Vasil, Mike",hull,4,-12.5238,0.4434
"Veneziano, Anthony",hull,0,8.3885,14.5997
"Veneziano, Anthony",hull,1,-11.1618,0.4846
"Veneziano, Anthony",hull,2,-2.3875,2.9019
"Veneziano, Anthony",hull,3,16.7143,9.9257
"Verlander, Justin",hull,0,-12.96,9.3692
"Verlander, Justin",hull,1,7.542,-12.3291
"Verlander, Justin",hull,2,11.5817,-1.5198
"Verlander, Justin",hull,3,-8.8734,18.6344
"Vesia, Alex",hull,0,-6.4775,4.2347
"Vesia, Alex",hull,1,11.8979,10.7713
"Vesia, Alex",hull,2,5.5816,20.8155
"Vest, Will",hull,0,-15.5366,4.9321
"Vest, Will",hull,1,5.0582,-0.4581
"Vest, Will",hull,2,-5.7604,16.6864
"Vest, Will",hull,3,-14.0512,11.2504
"Vodnik, Victor",hull,0,-14.3025,1.6455
"Vodnik, Victor",hull,1,3.6458,-2.9024
"Vodnik, Victor",hull,2,-5.7825,13.3651
"Vásquez, Randy",hull,0,-18.4558,4.9579
"Vásquez, Randy",hull,1,12.3439,-6.5074
"Vásquez, Randy",hull,2,12.6781,4.6014
"Vásquez, Randy",hull,3,1.4167,10.9335
"Vásquez, Randy",hull,4,-9.0892,15.5838
"Vásquez, Randy",hull,5,-15.4196,11.3102
"Wacha, Michael",hull,0,-12.955,7.5336
"Wacha, Michael",hull,1,11.5194,-11.7536
"Wacha, Michael",hull,2,1.8826,9.5336
"Wacha, Michael",hull,3,-6.459,18.0821
"Wacha, Michael",hull,4,-12.2641,15.3366
"Waddell, Brandon",hull,0,3.3466,15.3931
"Waddell, Brandon",hull,1,-15.9114,3.3064
"Waddell, Brandon",hull,2,13.88,4.5616
"Waddell, Brandon",hull,3,14.9276,9.3297
"Waldrep, Hurston",hull,0,1.2623,9.1206
"Waldrep, Hurston",hull,1,-12.663,10.8859
"Waldrep, Hurston",hull,2,-6.2796,1.9845
"Waldrep, Hurston",hull,3,7.0906,-12.9972
"Waldron, Matt",bbox,0,-1.8701,-1.7532
"Waldron, Matt",bbox,1,-1.8701,-1.7532
"Waldron, Matt",bbox,2,-1.8701,-1.7532
"Waldron, Matt",bbox,3,-1.8701,-1.7532
"Walker, Ryan",bbox,0,-16.8084,2.4339
"Walker, Ryan",bbox,1,15.278,2.4339
"Walker, Ryan",bbox,2,15.278,3.4316
"Walker, Ryan",bbox,3,-16.8084,3.4316
"Walker, Taijuan",hull,0,6.7648,-10.3334
"Walker, Taijuan",hull,1,6.7764,5.4083
"Walker, Taijuan",hull,2,3.058,12.6885
"Walker, Taijuan",hull,3,-9.1212,17.1612
"Walker, Taijuan",hull,4,-14.6966,12.5026
"Walker, Taijuan",hull,5,-12.4321,3.908
"Walter, Brandon",hull,0,-16.6813,-2.3561
"Walter, Brandon",hull,1,17.6174,0.0677
"Walter, Brandon",hull,2,17.5224,5.18
"Walter, Brandon",hull,3,9.9967,12.0581
"Walter, Brandon",hull,4,-1.8942,6.777
"Warren, Austin",bbox,0,-19.3408,7.5623
"Warren, Austin",bbox,1,-19.3408,7.5623
"Warren, Austin",bbox,2,-19.3408,7.5623
"Warren, Austin",bbox,3,-19.3408,7.5623
"Warren, Will",hull,0,-7.8851,15.4431
"Warren, Will",hull,1,-16.184,4.2362
"Warren, Will",hull,2,-14.5731,0.5469
"Warren, Will",hull,3,12.5471,-11.1077
"Warren, Will",hull,4,19.4305,0.2038
"Weathers, Ryan",hull,0,-9.776,1.234
"Weathers, Ryan",hull,1,12.5055,2.7096
"Weathers, Ryan",hull,2,9.3761,15.9192
"Weaver, Luke",hull,0,-14.3913,7.4054
"Weaver, Luke",hull,1,0.7503,13.5006
"Weaver, Luke",hull,2,-6.845,18.9898
"Webb, Jacob",hull,0,-17.8117,10.9455
"Webb, Jacob",hull,1,13.8106,-5.4882
"Webb, Jacob",hull,2,-8.5288,17.1937
"Webb, Logan",hull,0,-8.8898,10.66
"Webb, Logan",hull,1,-15.7073,0.457
"Webb, Logan",hull,2,-8.4771,-5.6197
"Webb, Logan",hull,3,14.6034,-0.4553
"Webb, Logan",hull,4,-1.9544,7.7205
"Weems, Jordan",bbox,0,-6.8674,15.8589
"Weems, Jordan",bbox,1,-6.8674,15.8589
"Weems, Jordan",bbox,2,-6.8674,15.8589
"Weems, Jordan",bbox,3,-6.8674,15.8589
"Weissert, Greg",hull,0,-8.5943,12.6103
"Weissert, Greg",hull,1,-16.9033,2.8142
"Weissert, Greg",hull,2,-14.2075,-1.7683
"Weissert, Greg",hull,3,5.8023,0.6208
"Weissert, Greg",hull,4,20.11,5.4275
"Wells, Tyler",hull,0,-14.7676,13.1028
"Wells, Tyler",hull,1,4.1543,6.1829
"Wells, Tyler",hull,2,-5.0083,17.783
"Wentz, Joey",hull,0,-5.6177,-7.3085
"Wentz, Joey",hull,1,5.0499,17.9859
"Wentz, Joey",hull,2,-1.9954,6.3313
"Wentz, Joey",hull,3,-4.5465,2.0265
"Wesneski, Hayden",hull,0,-12.9986,8.5179
"Wesneski, Hayden",hull,1,17.6227,0.4109
"Wesneski, Hayden",hull,2,-6.4865,13.7994
"Wheeler, Zack",hull,0,12.5178,-10.5202
"Wheeler, Zack",hull,1,13.5721,2.6845
"Wheeler, Zack",hull,2,0.8144,9.3629
"Wheeler, Zack",hull,3,-10.128,14.7029
"Wheeler, Zack",hull,4,-17.5423,7.5195
"Wheeler, Zack",hull,5,-13.1825,4.3211
"Whisenhunt, Carson",hull,0,-1.3516,-1.6063
"Whisenhunt, Carson",hull,1,15.7918,6.7721
"Whisenhunt, Carson",hull,2,10.5723,16.4068
"Whitley, Forrest",bbox,0,-10.2153,4.6606
"Whitley, Forrest",bbox,1,5.6753,4.6606
"Whitley, Forrest",bbox,2,5.6753,16.7302
"Whitley, Forrest",bbox,3,-10.2153,16.7302
"Whitlock, Garrett",hull,0,-17.017,0.1775
"Whitlock, Garrett",hull,1,3.3651,-5.8873
"Whitlock, Garrett",hull,2,-13.0155,15.1433
"Wicks, Jordan",bbox,0,4.2321,6.3011
"Wicks, Jordan",bbox,1,13.2589,6.3011
"Wicks, Jordan",bbox,2,13.2589,16.0437
"Wicks, Jordan",bbox,3,4.2321,16.0437
"Williams, Devin",bbox,0,-19.2074,-4.7312
"Williams, Devin",bbox,1,-12.8694,-4.7312
"Williams, Devin",bbox,2,-12.8694,15.648
"Williams, Devin",bbox,3,-19.2074,15.648
"Williams, Gavin",hull,0,-15.1219,9.6825
"Williams, Gavin",hull,1,9.9796,-13.3232
"Williams, Gavin",hull,2,9.9577,-1.2305
"Williams, Gavin",hull,3,-10.9383,15.1977
"Williams, Luke",bbox,0,-9.9508,18.4615
"Williams, Luke",bbox,1,-9.9508,18.4615
"Williams, Luke",bbox,2,-9.9508,18.4615
"Williams, Luke",bbox,3,-9.9508,18.4615
"Williams, Trevor",hull,0,10.4421,7.3179
"Williams, Trevor",hull,1,-2.2097,10.1231
"Williams, Trevor",hull,2,-13.6413,4.6471
"Williams, Trevor",hull,3,-13.6497,0.3677
"Williams, Trevor",hull,4,5.9131,3.9874
"Wilson, Bryse",hull,0,-18.0087,4.29
"Wilson, Bryse",hull,1,15.0017,-0.5975
"Wilson, Bryse",hull,2,1.7362,9.2172
"Wilson, Bryse",hull,3,-8.1815,15.8726
"Wilson, Bryse",hull,4,-16.8875,7.6244
"Wilson, Justin",hull,0,5.1794,18.9091
"Wilson, Justin",hull,1,-3.1049,13.2387
"Wilson, Justin",hull,2,-2.1352,2.947
"Wilson, Steven",hull,0,-12.8501,6.3499
"Wilson, Steven",hull,1,15.1555,-0.338
"Wilson, Steven",hull,2,-6.1916,18.891
"Winans, Allan",bbox,0,-16.4853,0.5057
"Winans, Allan",bbox,1,-15.1843,0.5057
"Winans, Allan",bbox,2,-15.1843,5.8257
"Winans, Allan",bbox,3,-16.4853,5.8257
"Winckowski, Josh",bbox,0,-4.5954,2.1316
"Winckowski, Josh",bbox,1,4.5753,2.1316
"Winckowski, Josh",bbox,2,4.5753,15.9069
"Winckowski, Josh",bbox,3,-4.5954,15.9069
"Winn, Cole",hull,0,2.5018,-5.6027
"Winn, Cole",hull,1,2.7803,7.382
"Winn, Cole",hull,2,-6.946,16.2337
"Winn, Cole",hull,3,-15.5548,8.5043
"Winn, Cole",hull,4,-14.8176,3.6176
"Winn, Keaton",bbox,0,-13.21,2.0883
"Winn, Keaton",bbox,1,-13.21,2.0883
"Winn, Keaton",bbox,2,-13.21,2.0883
"Winn, Keaton",bbox,3,-13.21,2.0883
"Wolfram, Grant",hull,0,-3.2745,-8.7386
"Wolfram, Grant",hull,1,14.094,12.1934
"Wolfram, Grant",hull,2,4.4339,13.9625
"Wolfram, Grant",hull,3,-2.6353,1.3116
"Woo, Bryan",hull,0,-9.7539,14.8868
"Woo, Bryan",hull,1,-16.5829,5.9966
"Woo, Bryan",hull,2,-16.223,4.6296
"Woo, Bryan",hull,3,11.178,3.9491
"Woodford, Jake",hull,0,-6.2167,13.1256
"Woodford, Jake",hull,1,-15.3288,5.7624
"Woodford, Jake",hull,2,-8.0379,-0.1748
"Woodford, Jake",hull,3,14.1348,-0.6327
"Woodruff, Brandon",hull,0,-14.6527,8.3174
"Woodruff, Brandon",hull,1,2.3968,12.9894
"Woodruff, Brandon",hull,2,-3.4216,17.5751
"Woodruff, Brandon",hull,3,-12.903,13.8068
"Woods Richardson, Simeon",hull,0,-9.4415,7.7801
"Woods Richardson, Simeon",hull,1,5.8418,-13.705
"Woods Richardson, Simeon",hull,2,4.868,5.7781
"Woods Richardson, Simeon",hull,3,-5.3746,18.3659
"Wrobleski, Justin",hull,0,-7.8771,-8.8813
"Wrobleski, Justin",hull,1,14.5116,10.6
"Wrobleski, Justin",hull,2,7.1316,16.2909
"Wrobleski, Justin",hull,3,-0.6764,8.5777
"Yamamoto, Yoshinobu",hull,0,-6.9294,15.9907
"Yamamoto, Yoshinobu",hull,1,-13.5889,12.132
"Yamamoto, Yoshinobu",hull,2,-11.2309,1.7725
"Yamamoto, Yoshinobu",hull,3,12.1501,-16.0965
"Yamamoto, Yoshinobu",hull,4,3.6316,7.6301
"Yarbrough, Ryan",hull,0,-12.4093,7.4942
"Yarbrough, Ryan",hull,1,17.4322,-1.9504
"Yarbrough, Ryan",hull,2,17.6881,4.9554
"Yarbrough, Ryan",hull,3,14.8928,10.6655
"Yates, Kirby",bbox,0,-13.5589,0.0655
"Yates, Kirby",bbox,1,-12.1398,0.0655
"Yates, Kirby",bbox,2,-12.1398,13.7439
"Yates, Kirby",bbox,3,-13.5589,13.7439
"Yesavage, Trey",hull,0,-11.7204,7.3904
"Yesavage, Trey",hull,1,-3.7114,4.7041
"Yesavage, Trey",hull,2,-4.4818,19.4787
"Yoho, Craig",bbox,0,-18.0178,-2.9541
"Yoho, Craig",bbox,1,-17.3355,-2.9541
"Yoho, Craig",bbox,2,-17.3355,9.8704
"Yoho, Craig",bbox,3,-18.0178,9.8704
"Young, Brandon",hull,0,-10.3207,4.8783
"Young, Brandon",hull,1,11.5135,-15.1411
"Young, Brandon",hull,2,4.1958,5.4865
"Young, Brandon",hull,3,-2.6829,17.948
"Young, Danny",bbox,0,-19.0764,0.0745
"Young, Danny",bbox,1,18.8772,0.0745
"Young, Danny",bbox,2,18.8772,2.3793
"Young, Danny",bbox,3,-19.0764,2.3793
"Zastryzny, Rob",hull,0,3.3577,16.4431
"Zastryzny, Rob",hull,1,-11.748,5.004
"Zastryzny, Rob",hull,2,-5.353,3.9339
"Zeferjahn, Ryan",hull,0,15.2596,3.1365
"Zeferjahn, Ryan",hull,1,-4.6767,15.8256
"Zeferjahn, Ryan",hull,2,6.3677,-0.817
"Zerpa, Angel",hull,0,-6.0961,-6.88
"Zerpa, Angel",hull,1,16.4457,3.8
"Zerpa, Angel",hull,2,9.6363,11.5573
"Zuber, Tyler",bbox,0,-8.7247,4.4386
"Zuber, Tyler",bbox,1,17.6486,4.4386
"Zuber, Tyler",bbox,2,17.6486,16.1788
"Zuber, Tyler",bbox,3,-8.7247,16.1788
"Zulueta, Yosver",bbox,0,-17.1537,5.0632
"Zulueta, Yosver",bbox,1,-17.1537,5.0632
"Zulueta, Yosver",bbox,2,-17.1537,5.0632
"Zulueta, Yosver",bbox,3,-17.1537,5.0632
"deGrom, Jacob",hull,0,-13.8923,2.0673
"deGrom, Jacob",hull,1,10.4896,-5.2683
"deGrom, Jacob",hull,2,4.768,2.3713
"deGrom, Jacob",hull,3,-8.9046,16.4953
