player_name,season,pitcher_effectiveness,pitcher_command,trusted_velocity_score,trusted_movement_score,trusted_tunneling_score,raw_tunneling_score,pitcher_effectiveness_contribution,pitcher_command_contribution,trusted_velocity_score_contribution,trusted_movement_score_contribution,paom_score,paom_confidence,effectiveness_confidence,movement_confidence,command_confidence,velocity_confidence
"Jax, Griffin",2023,99.78586723768737,81.37044967880087,58.67237687366167,75.37473233404711,,,69.2864559179606,4.258755585052962,9.341562810746769,7.092389583871453,89.97916389763178,41.52046783625731,41.52046783625731,100.0,81.97039159503343,100.0
"Skubal, Tarik",2023,92.71948608137045,78.80085653104925,99.14346895074947,55.46038543897216,,,64.37990431862004,4.124268566577605,15.785195552466256,5.218548017678143,89.50791645534206,28.045458198101713,28.045458198101713,100.0,85.08587105624143,100.0
"López, Pablo",2023,94.21841541755889,95.28907922912205,68.09421841541756,83.29764453961455,,,65.42068799120742,4.9872269351278105,10.841667787655009,7.8378964435397585,89.08747915753,44.92865300351486,44.92865300351486,100.0,99.99999999999999,100.0
"Wheeler, Zack",2023,88.43683083511777,88.6509635974304,88.86509635974305,94.00428265524626,,,61.40623668265606,4.639802137399806,14.148717395839087,8.845338145794228,89.04009436168919,47.57615090832664,47.57615090832664,100.0,99.99999999999999,100.0
"Soriano, José",2023,96.57387580299786,28.4796573875803,94.86081370449678,54.389721627408996,,,67.05620519098761,1.4905644547685366,15.1033296538716,5.117803847452697,88.76790314708043,20.634920634920636,20.634920634920636,100.0,62.50485436893204,100.0
"Avila, Pedro",2023,96.35974304068522,13.9186295503212,89.50749464668094,70.44967880085653,,,66.9075218091894,0.7284713500748488,14.250997280628283,6.628966400834398,88.51595684072694,22.48062015503876,22.48062015503876,100.0,75.6335963923337,100.0
"Strider, Spencer",2023,98.28693790149893,77.73019271948608,73.44753747323341,45.82441113490364,,,68.2456722453732,4.06823230887954,11.694000160898328,4.311850485649122,88.31975520080019,61.55078800964047,61.55078800964047,75.0,98.27061156334796,75.0
"Puk, A.J.",2023,96.78800856531049,88.22269807280514,57.17344753747323,71.30620985010707,,,67.2048885727858,4.61738763432058,9.10290974623864,6.709561737014756,87.63474769035977,31.609744917509126,31.609744917509126,50.0,100.0,50.0
"Lodolo, Nick",2023,97.00214132762312,73.23340471092077,61.9914346895075,60.17130620985011,,,67.353571954584,3.8328800265476652,9.870008882157627,5.661822366670109,86.7182832299594,21.568627450980397,21.568627450980397,100.0,65.66150670794634,100.0
"Brash, Matt",2023,94.86081370449678,7.494646680942184,80.51391862955032,72.69807280513919,,,65.86673813660201,0.392253803886457,12.819078893579508,6.840529158307837,85.9185999923758,35.62884830254692,35.62884830254692,75.0,90.94597514856834,75.0
"Abreu, Bryan",2023,98.7152034261242,0.6423982869379015,59.95717344753747,80.72805139186295,,,68.5430390089696,0.03362175461883917,9.546122580325166,7.596110434998686,85.71889377891229,40.25079131584349,40.25079131584349,50.0,100.0,50.0
"Duran, Jhoan",2023,91.64882226980728,53.53319057815846,88.22269807280514,54.17558886509636,,,63.63648740962904,2.8018128849032644,14.046437511049888,5.097655013407607,85.5823928189898,27.109075239899834,27.109075239899834,75.0,98.74443399184698,75.0
"Williams, Devin",2023,99.14346895074947,90.36402569593149,34.90364025695932,67.13062098501071,,,68.84040577256599,4.729460149716711,5.5572070735464365,6.3166594731355135,85.44373246896465,33.057559724226394,33.057559724226394,50.0,100.0,50.0
"Fairbanks, Pete",2023,93.57601713062098,40.04282655246253,68.52248394004282,74.7323340471092,,,64.97463784581282,2.0957560379076416,10.909854377514474,7.031943081736185,85.01219134297114,25.062802925766846,25.062802925766846,50.0,100.0,50.0
"Sale, Chris",2023,94.43254817987152,28.26552462526767,85.4389721627409,46.03854389721627,,,65.56937137300562,1.4793572032289237,13.603224676963361,4.331999319694211,84.98395257289212,41.4369045465979,41.4369045465979,100.0,92.40918163672654,100.0
"Devenski, Chris",2023,98.07280513918629,70.8779443254818,47.75160599571734,57.601713062098504,,,68.09698886357499,3.709600259611922,7.602804769330399,5.420036358129037,84.82943025064635,32.88590604026846,32.88590604026846,75.0,79.55199999999999,75.0
"Scott, Tanner",2023,99.57173447537473,76.87366167023555,36.402569593147746,60.81370449678801,,,69.13777253616239,4.023403302721087,5.7958601380545645,5.7222688688053776,84.67930484574342,39.13036270346291,39.13036270346291,50.0,100.0,50.0
"Nardi, Andrew",2023,92.93361884368309,96.78800856531049,47.21627408993576,77.94432548179871,,,64.52858770041823,5.0656776959051015,7.517571532006068,7.334175592412525,84.44601252074192,33.94375408763898,33.94375408763898,50.0,100.0,50.0
"Cabrera, Edward",2023,95.28907922912205,38.54389721627409,76.23126338329764,40.68522483940043,,,66.16410490019841,2.01730527713035,12.137212994984854,3.828278468566978,84.14690164088059,33.05552275803992,33.05552275803992,100.0,91.4568683957733,100.0
"Keller, Mitch",2023,81.37044967880087,56.102783725910065,95.50321199143468,99.57173447537473,,,56.499685083315505,2.9362999033786212,15.205609538660799,9.36920783096655,84.01080235632146,43.477883117465765,43.477883117465765,100.0,96.63500751234172,100.0
"García, Yimi",2023,91.86295503211991,80.29978586723769,78.58672376873662,37.04496788008566,,,63.785170791427234,4.202719327354896,12.512239239211913,3.485748289800459,83.9858776477945,27.660059239006607,27.660059239006607,100.0,81.69150209455417,100.0
"Muñoz, Andrés",2023,93.14775160599572,69.80728051391864,79.01498929336188,29.550321199143468,,,64.67727108221644,3.6535640019138573,12.580425829071379,2.7805390982223313,83.69180001142401,26.125744415413223,26.125744415413223,75.0,86.7357873210634,75.0
"Walker, Ryan",2023,97.4304068522484,20.12847965738758,48.394004282655246,75.58886509635975,,,67.6509387181804,1.0534816447236273,7.705084654119598,7.112538417916544,83.52204343494017,34.75050845568774,34.75050845568774,50.0,100.0,50.0
"Peralta, Freddy",2023,88.0085653104925,48.82226980728051,94.21841541755889,51.2847965738758,,,61.10886991905966,2.555253351031777,15.001049769082403,4.8256457537989,83.49081879297273,45.56496924709948,45.56496924709948,100.0,98.74927825893849,100.0
"Stephenson, Robert",2023,99.3576017130621,7.922912205567452,83.5117773019272,7.28051391862955,,,68.9890891543642,0.41466830696568313,13.296385022595768,0.6850603575330381,83.38520284145868,27.00729927007299,27.00729927007299,100.0,73.02570921985816,100.0
"Leiter Jr., Mark",2023,90.79229122055675,21.413276231263385,76.87366167023555,72.1627408993576,,,63.04175388243625,1.120725153961306,12.239492879774053,6.790157073195113,83.19212898936672,30.900994007790125,30.900994007790125,100.0,80.76199616122841,100.0
"Almonte, Yency",2023,88.86509635974305,87.15203426124198,82.3340471092077,39.61456102783726,,,61.70360344625246,4.561351376622515,13.108871900482235,3.727534298341531,83.10136102169874,26.33665977039471,26.33665977039471,100.0,78.00454357703428,100.0
"Pressly, Ryan",2023,83.94004282655246,69.37901498929337,65.52462526766595,99.14346895074947,,,58.28388566489388,3.6311494988346307,10.432548248498216,9.328910162876372,81.6764935751031,29.141913416673145,29.141913416673145,100.0,90.3060159607121,100.0
"Phillips, Evan",2023,88.22269807280514,92.29122055674517,70.8779443254818,44.53961456102783,,,61.257553300857865,4.830325413573227,11.284880621741536,4.190957481378586,81.56371681755122,30.6350114416476,30.6350114416476,100.0,80.17673149095872,100.0
"Morton, Charlie",2023,90.36402569593149,44.96788008565311,67.02355460385438,61.02783725910065,,,62.74438711883985,2.353522823318742,10.671201313006344,5.742417702850467,81.51152895801542,51.22396113353604,51.22396113353604,100.0,95.21674876847291,100.0
"Barlow, Scott",2023,85.65310492505354,79.65738758029978,68.73661670235546,71.5203426124197,,,59.473352719279475,4.1690975727360575,10.943947672444208,6.729710571059845,81.31610853551958,24.45277296440857,24.45277296440857,100.0,85.24783459066778,100.0
"Graterol, Brusdar",2023,87.79443254817987,92.71948608137045,83.72591006423983,19.914346895074946,,,60.96018653726146,4.852739916652454,13.330478317525499,1.87384156619331,81.01724633763273,33.993399339933994,33.993399339933994,100.0,80.6579861111111,100.0
"Bautista, Félix",2023,97.64453961456103,0.21413276231263384,66.70235546038545,22.269807280513916,,,67.79962209997859,0.011207251539613057,10.620061370611749,2.095478740689293,80.52636946281925,34.117078183081986,34.117078183081986,50.0,95.22670917463691,50.0
"Maton, Phil",2023,96.1456102783726,82.65524625267666,23.554603854389722,48.17987152034261,,,66.75883842739121,4.325999094290641,3.750262442270601,4.533487660145105,79.36858762409754,29.67290386982135,29.67290386982135,75.0,96.0427927927928,75.0
"Grove, Michael",2023,80.72805139186295,70.2355460385439,92.29122055674517,50.32119914346895,,,56.0536349379209,3.675978504993083,14.694210114714808,4.734976000595998,79.15879955822479,34.49737363889651,34.49737363889651,100.0,85.20990836197022,100.0
"Herget, Jimmy",2023,89.29336188436831,62.526766595289075,42.184154175588866,75.05353319057816,,,62.00097020984885,3.2725174495670126,6.716379101157349,7.06216633280382,79.05203309337702,21.25984251968504,21.25984251968504,75.0,55.1511879049676,75.0
"King, Michael",2023,85.22483940042827,48.17987152034261,69.80728051391864,65.8458244111349,,,59.175985955683075,2.521631596412938,11.114414147092873,6.195766468864977,79.00779816805385,30.99983182344185,30.99983182344185,100.0,97.29050168550465,100.0
"Romano, Jordan",2023,89.50749464668094,30.620985010706637,52.46252676659529,69.37901498929337,,,62.149653591647045,1.602636970164667,8.35285725778452,6.528222230608952,78.63337005020517,35.332157554379776,35.332157554379776,50.0,100.0,50.0
"Brazobán, Huascar",2023,97.21627408993577,38.75802997858672,55.6745182012848,2.355460385438972,,,67.5022553363822,2.028512528669963,8.864256681730511,0.2216371744959829,78.61666172127866,23.835307847847027,23.835307847847027,100.0,86.12163050624589,100.0
"Jackson, Luke",2023,98.50107066381156,17.77301927194861,21.199143468950748,62.098501070663815,,,68.3943556271714,0.9302018777878838,3.3752361980435404,5.843161873075913,78.54295557607873,31.74061433447099,31.74061433447099,50.0,85.39322916666667,50.0
"Hamilton, Ian",2023,100.0,22.91220556745182,34.475374732334046,25.267665952890795,,,69.43513929975879,1.1991759147385972,5.4890204836869705,2.377562417320544,78.50089811550491,37.10691823899371,37.10691823899371,75.0,87.89799446749655,75.0
"Eflin, Zach",2023,79.22912205567452,96.57387580299786,59.95717344753747,90.79229122055675,,,55.012851265333516,5.054470444365489,9.546122580325166,8.543105635117888,78.15654992514204,46.490181587779446,46.490181587779446,100.0,91.67258979206048,100.0
"Iglesias, Raisel",2023,91.22055674518201,90.5781584582441,49.67880085653105,20.770877944325484,,,63.33912064603264,4.740667401256323,7.909644423697994,1.9544369023736679,77.94386937336063,29.05050275471558,29.05050275471558,100.0,83.2310606060606,100.0
"Morgan, Eli",2023,86.93790149892934,87.58029978586723,46.895074946466806,56.102783725910065,,,60.36545301006866,4.5837658797017395,7.466431589611468,5.278994519813411,77.69464499919529,29.738367774459494,29.738367774459494,75.0,99.65531295487628,75.0
"Ohtani, Shohei",2023,86.29550321199143,31.049250535331907,88.0085653104925,22.698072805139187,,,59.91940286467407,1.6250514732438934,14.012344216120153,2.135776408779472,77.69257496281759,38.800563263942294,38.800563263942294,100.0,85.56876790830947,100.0
"Ginkel, Kevin",2023,94.00428265524626,60.17130620985011,37.47323340471092,34.90364025695932,,,65.27200460940922,3.149237682631269,5.966326612703228,3.2842599493495657,77.67182885409328,36.26883610661103,36.26883610661103,75.0,93.98560173865798,75.0
"Wright, Kyle",2023,95.50321199143468,75.80299785867237,17.77301927194861,46.25267665952891,,,66.3127882819966,3.967367045023022,2.829743479167817,4.352148153739301,77.46204695992675,25.0936329588015,25.0936329588015,75.0,69.55743879472692,75.0
"Nola, Aaron",2023,83.72591006423983,98.28693790149893,44.3254817987152,75.05353319057816,,,58.13520228309569,5.1441284566823935,7.057312050454676,7.06216633280382,77.39880912303659,46.263227633692786,46.263227633692786,100.0,98.65432818420285,100.0
"Hoffman, Jeff",2023,92.29122055674517,12.633832976445397,65.0963597430407,23.554603854389722,,,64.08253755502362,0.6612278408371705,10.364361658638753,2.216371744959829,77.32449879945938,26.663573022513088,26.663573022513088,100.0,83.5928620928621,100.0
"Hader, Josh",2023,91.00642398286938,6.852248394004283,50.53533190578159,60.599571734475376,,,63.19043726423444,0.3586320492676178,8.046017603416926,5.702120034760288,77.29720695167927,39.209726443769,39.209726443769,50.0,95.07632556568727,50.0
"Bednar, David",2023,75.80299785867237,82.44111349036403,87.36616702355461,68.20128479657387,,,52.63391715656233,4.314791842751028,13.910064331330958,6.417403643360959,77.27617697400527,35.88885289565562,35.88885289565562,75.0,92.53053321417934,75.0
"Johnson, Pierce",2023,86.7237687366167,67.88008565310493,55.46038543897216,49.57173447537473,,,60.21676962827047,3.552698738057339,8.830163386800779,4.664455081438186,77.26408683456678,37.133801189404316,37.133801189404316,75.0,94.38594917787742,75.0
"Doval, Camilo",2023,87.58029978586723,24.411134903640257,82.65524625267666,20.556745182012847,,,60.81150315546326,1.2776266755158885,13.160011842876836,1.9342880683285781,77.18342974218457,28.220235383947152,28.220235383947152,75.0,100.0,75.0
"Middleton, Keynan",2023,93.36188436830835,41.113490364025694,41.54175588865097,35.974304068522486,,,64.82595446401463,2.151792295605707,6.614099216368151,3.385004119575012,76.97685009556349,26.4914396186728,26.4914396186728,75.0,88.30978043912177,75.0
"Cosgrove, Tom",2023,82.65524625267666,53.747323340471084,59.95717344753747,74.30406852248393,,,57.39178537410469,2.813020136442877,9.546122580325166,6.991645413646006,76.74257350451875,30.55555555555556,30.55555555555556,75.0,83.27391127391128,75.0
"Soto, Gregory",2023,89.07922912205566,10.278372591006423,77.73019271948608,19.700214132762312,,,61.852286828050644,0.5379480739014267,12.375866059492983,1.8536927321482206,76.61979369359327,31.851376615398642,31.851376615398642,75.0,93.11004170676932,75.0
"Sewald, Paul",2023,90.14989293361884,97.85867237687366,17.237687366167023,61.88436830835118,,,62.595703737041646,5.121713953603167,2.7445102418434852,5.8230130390308235,76.28494097151912,36.114298192858605,36.114298192858605,50.0,100.0,50.0
"Harvey, Hunter",2023,71.73447537473233,74.30406852248393,98.28693790149893,73.12633832976445,,,49.808932902396556,3.8889162842457305,15.648822372747325,6.880826826398015,76.22749838578764,37.88819875776397,37.88819875776397,100.0,78.65486409155936,100.0
"Sandlin, Nick",2023,91.43468950749465,49.03640256959314,38.54389721627409,42.61241970021413,,,63.48780402783084,2.56646060257139,6.136793087351892,4.009617974972782,76.2006756927269,27.904725946341618,27.904725946341618,75.0,90.70748299319727,75.0
"Wacha, Michael",2023,78.15845824411134,31.69164882226981,82.01284796573876,72.37687366167023,,,54.269434356342515,1.6586732278627325,13.057731958087638,6.810305907240202,75.7961454495331,40.755220201332655,40.755220201332655,100.0,95.58302005012533,100.0
"Ryan, Joe",2023,84.79657387580299,94.64668094218416,32.76231263383298,70.02141327623126,,,58.878619192086674,4.953605180508972,5.216274124249108,6.588668732744218,75.63716722958898,53.082462565767734,53.082462565767734,75.0,97.83414634146342,75.0
"Jackson, Jay",2023,88.6509635974304,83.08351177730194,20.8779443254818,66.4882226980728,,,61.55492006445425,4.348413597369866,3.324096255648942,6.256212971000245,75.4836428884733,24.24242424242424,24.24242424242424,50.0,71.94336569579288,50.0
"Swanson, Erik",2023,95.71734475374733,58.45824411134903,17.237687366167023,34.04710920770878,,,66.46147166379481,3.0595796703143643,2.7445102418434852,3.2036646131692077,75.46922618912187,36.521237620164996,36.521237620164996,75.0,93.42821473158553,75.0
"Alzolay, Adbert",2023,97.85867237687366,71.73447537473233,19.700214132762312,5.995717344753747,,,67.9483054817768,3.7544292657703737,3.1365831335354115,0.564167353262502,75.40348523434508,33.33333333333333,33.33333333333333,100.0,77.97993311036791,100.0
"Richards, Trevor",2023,92.07708779443254,35.33190578158458,25.910064239828696,56.3169164882227,,,63.933854173225434,1.8491965040361544,4.125288686497662,5.299143353858501,75.20748271761774,38.93266877708179,38.93266877708179,50.0,100.0,50.0
"Kahnle, Tommy",2023,95.93147751605996,29.336188436830835,23.554603854389722,34.58244111349036,,,66.610155045593,1.5353934609269888,3.750262442270601,3.2540366982819307,75.14984764707252,35.8974358974359,35.8974358974359,50.0,88.72893772893772,50.0
"Berríos, José",2023,79.87152034261243,80.08565310492506,45.396145610278374,85.4389721627409,,,55.45890141072812,4.191512075815283,7.22777852510334,8.039384783990652,74.9175767956374,46.7020090127202,46.7020090127202,100.0,100.0,100.0
"Santos, Gregory",2023,85.4389721627409,45.182012847965744,53.319057815845824,49.03640256959314,,,59.324669337481275,2.3647300748583553,8.489230437503451,4.614082996325462,74.79271284616854,38.598737688771344,38.598737688771344,50.0,100.0,50.0
"Junis, Jakob",2023,95.07494646680942,43.46895074946467,22.805139186295502,29.1220556745182,,,66.01542151840022,2.2750720625414504,3.630935910016536,2.7402414301321523,74.66167092109036,43.318809005083516,43.318809005083516,75.0,94.50036900369005,75.0
"Raley, Brooks",2023,98.92933618843684,50.107066381156315,0.8565310492505354,30.19271948608137,,,68.6917223907678,2.622496860269455,0.13637317971893095,2.840985600357599,74.29157803111377,28.31541218637993,28.31541218637993,100.0,81.3837330552659,100.0
"Martinez, Nick",2023,83.08351177730194,58.02997858672377,44.75374732334047,65.52462526766595,,,57.68915213770109,3.0371651672351385,7.125498640314142,6.165543217797343,74.01735916304771,30.555592449106104,30.555592449106104,100.0,95.40319361277446,100.0
"Kirby, George",2023,65.95289079229121,97.21627408993577,90.79229122055675,92.07708779443254,,,45.79448159384519,5.088092198984328,14.45555705020668,8.663998639388423,74.00212948242462,47.49820806410027,47.49820806410027,100.0,95.8929457639135,100.0
"Adam, Jason",2023,73.23340471092077,37.04496788008566,75.80299785867237,94.9678800856531,,,50.849716574983944,1.938854516353059,12.069026405125387,8.93600789899713,73.79360539545952,23.09768997826457,23.09768997826457,75.0,97.16032811334824,75.0
"Chapman, Aroldis",2023,80.29978586723769,2.7837259100642395,99.57173447537473,20.12847965738758,,,55.756268174324504,0.14569427001496973,15.85338214232572,1.8939904002383994,73.64933498690358,24.60027587474118,24.60027587474118,100.0,88.49319123741859,100.0
"Moreta, Dauri",2023,93.79014989293361,4.496788008565311,44.53961456102783,8.35117773019272,,,65.12332122761102,0.23535228233187422,7.091405345384408,0.785804527758485,73.23588338308578,32.79427549194991,32.79427549194991,75.0,90.02427350427351,75.0
"Ragans, Cole",2023,74.08993576017131,46.895074946466806,93.14775160599572,44.96788008565311,,,51.44445010217675,2.4543880871752592,14.83058329443374,4.231255149468765,72.96067663325452,34.64431953437779,34.64431953437779,100.0,87.13282891971417,100.0
"Lange, Alex",2023,94.64668094218416,6.638115631691649,35.33190578158458,13.062098501070663,,,65.71805475480383,0.3474247977280048,5.625393663405901,1.2290788767504506,72.91995209268819,36.09958397871193,36.09958397871193,75.0,90.05294291629696,75.0
"Payamps, Joel",2023,82.01284796573876,62.95503211991434,61.45610278372591,29.336188436830835,,,56.9457352287101,3.2949319526462384,9.784775644833296,2.7603902641772415,72.78583309036688,23.128238610983306,23.128238610983306,100.0,79.6580893226856,100.0
"Hicks, Jordan",2023,74.51820128479658,1.7130620985010707,86.29550321199143,76.44539614561027,,,51.741816865773146,0.08965801231690446,13.739597856682291,7.1931337540969,72.76420648886925,40.82840236686391,40.82840236686391,75.0,87.47251350492533,75.0
"Steele, Justin",2023,89.93576017130621,55.0321199143469,15.738758029978586,51.2847965738758,,,62.44702035524345,2.880263645680556,2.505857177335356,4.8256457537989,72.65878693205826,50.0,61.258041232434806,50.0,100.00000000000001,50.0
"Marte, Yunior",2023,78.37259100642399,23.768736616702355,61.02783725910065,73.44753747323341,,,54.41811773814072,1.2440049208970494,9.71658905497383,6.911050077465649,72.28976179147725,27.183968953671133,27.183968953671133,50.0,100.0,50.0
"Thielbar, Caleb",2023,66.59528907922912,72.59100642398288,83.94004282655246,94.21841541755889,,,46.24053173923979,3.7992582719288266,13.364571612455231,8.865486979839316,72.26984860346316,24.81203007518797,24.81203007518797,75.0,71.83626875407697,75.0
"Canning, Griffin",2023,72.80513918629549,30.83511777301927,70.2355460385439,92.50535331905782,,,50.55234981138754,1.61384422170428,11.182600736952338,8.704296307478602,72.05309107752277,40.13806836173502,40.13806836173502,100.0,99.05652173913043,100.0
"Rogers, Taylor",2023,77.51605995717344,32.76231263383298,55.0321199143469,81.5845824411135,,,53.82338421094792,1.7147094855607978,8.761976796941314,7.676705771179045,71.97677626462908,28.76085845682167,28.76085845682167,50.0,100.0,50.0
"Coulombe, Danny",2023,86.0813704496788,25.481798715203425,10.706638115631693,95.93147751605996,,,59.77071948287587,1.3336629332139538,1.704664746486637,9.026677652200032,71.83572481477648,28.825622775800717,28.825622775800717,100.0,67.66666666666667,100.0
"Kuhl, Chad",2023,75.58886509635975,13.49036402569593,78.15845824411134,63.276231263383295,,,52.48523377476414,0.7060568469956225,12.444052649352448,5.953980460323905,71.58932373143611,29.577464788732392,29.577464788732392,100.0,82.09963269054178,100.0
"Cole, Gerrit",2023,66.16702355460386,56.74518201284796,91.22055674518201,84.58244111349036,,,45.9431649756434,2.96992165799746,14.523743640066144,7.958789447810295,71.39561972151729,51.23226703030234,51.23226703030234,100.0,96.84304157771679,100.0
"deGrom, Jacob",2023,76.87366167023555,76.65952890792292,49.25053533190578,63.597430406852254,,,53.37733406555333,4.0121960511814745,7.841457833838529,5.984203711391539,71.21519166196488,21.875,21.875,50.0,68.91708126036482,50.0
"Mayza, Tim",2023,89.72162740899357,1.284796573875803,17.987152034261243,62.95503211991434,,,62.298336973445245,0.06724350923767834,2.8638367740975497,5.92375720925627,71.15317446603673,40.298507462686565,40.298507462686565,50.0,91.87059294871796,50.0
"Diekman, Jake",2023,83.29764453961455,10.706638115631693,72.37687366167023,12.84796573875803,,,57.83783551949928,0.560362576980653,11.523533686249664,1.2089300427053613,71.13066182543496,21.892293583783957,21.892293583783957,100.0,84.89516957862281,100.0
"Bernardino, Brennan",2023,79.44325481798715,64.66809421841542,29.978586723768736,82.76231263383298,,,55.16153464713171,3.3845899649631432,4.773061290162583,7.787524358427036,71.10671026068447,31.208260572613014,31.208260572613014,50.0,100.0,50.0
"Bradish, Kyle",2023,82.44111349036403,23.340471092077088,32.11991434689507,78.37259100642399,,,57.2431019923065,1.2215904178178232,5.11399423945991,7.374473260502705,70.95315991008694,41.981451386676845,41.981451386676845,100.0,97.30945383296596,100.0
"Gausman, Kevin",2023,80.51391862955032,99.3576017130621,40.364025695931474,36.188436830835116,,,55.904951556122704,5.200164714380459,6.4265860942546205,3.405152953620101,70.93685531837788,60.56261199464336,60.56261199464336,75.0,100.0,75.0
"Rogers, Tyler",2023,82.86937901498929,77.51605995717344,9.635974304068522,81.79871520342613,,,57.54046875590289,4.057025057339926,1.534198271837973,7.696854605224134,70.82854669030493,39.67436220348488,39.67436220348488,50.0,100.0,50.0
"Cabrera, Génesis",2023,69.37901498929337,41.32762312633833,95.93147751605996,53.747323340471084,,,48.173415702616374,2.1629995471453203,15.273796128520265,5.057357345317428,70.66756872359939,27.00729927007299,27.00729927007299,100.0,83.86885245901641,100.0
"Cease, Dylan",2023,73.01927194860814,8.993576017130621,80.29978586723769,70.8779443254818,,,50.70103319318575,0.47070456466374844,12.784985598649776,6.669264068924577,70.62598742542386,53.37126126920953,53.37126126920953,75.0,97.91049187249314,75.0
"Okert, Steven",2023,80.94218415417559,18.843683083511777,41.220556745182016,70.2355460385439,,,56.202318319719105,0.9862381354859491,6.562959273973552,6.608817566789309,70.36033329596792,34.75345466163865,34.75345466163865,50.0,100.0,50.0
"Speier, Gabe",2023,77.30192719486081,78.15845824411134,46.03854389721627,55.0321199143469,,,53.67470082914972,4.090646811958766,7.330058409892538,5.178250349587965,70.27365640058899,32.659932659932664,32.659932659932664,75.0,83.60779105799026,75.0
"Blackburn, Paul",2023,77.94432548179871,58.67237687366167,27.8372591006424,91.43468950749465,,,54.12075097454432,3.0707869218539776,4.432128340865256,8.603552137253155,70.22721837451671,30.01138806071699,30.01138806071699,100.0,92.15065812877981,100.0
"Strahm, Matt",2023,90.5781584582441,42.82655246252677,20.8779443254818,18.629550321199144,,,62.89307050063804,2.241450307922612,3.324096255648942,1.752948561922774,70.21156562613237,33.58628911700713,33.58628911700713,100.0,93.48015599908236,100.0
"Ober, Bailey",2023,73.66167023554604,88.0085653104925,31.049250535331907,98.7152034261242,,,51.14708333858035,4.606180382780966,4.943527764811247,9.288612494786193,69.98540398095876,47.59227550754008,47.59227550754008,100.0,94.97688261351053,100.0
"Hand, Brad",2023,84.36830835117773,27.62312633832976,29.764453961456105,53.53319057815846,,,58.58125242849028,1.4457354486100842,4.7389679952328505,5.037208511272339,69.80316438360556,28.60670194003527,28.60670194003527,75.0,92.51577503429355,75.0
"Germán, Domingo",2023,92.50535331905782,68.09421841541756,7.708779443254818,4.496788008565311,,,64.23122093682183,3.563905989596952,1.2273586174703783,0.4231255149468765,69.44561105883602,39.284977814284964,39.284977814284964,100.0,95.63238556160518,100.0
"López, Reynaldo",2023,75.16059957173448,57.17344753747323,72.1627408993576,28.26552462526767,,,52.18786701116774,2.992336161076686,11.489440391319931,2.659646093951795,69.32928965751616,35.440509140986535,35.440509140986535,75.0,95.74251497005989,75.0
"Pivetta, Nick",2023,64.45396145610277,47.109207708779444,85.22483940042827,90.36402569593149,,,44.753697921257796,2.4655953387148726,13.569131382033628,8.502807967027708,69.291232609034,46.68159096630345,46.68159096630345,100.0,92.08592268417213,100.0
"Eovaldi, Nathan",2023,59.95717344753747,72.37687366167023,98.07280513918629,85.22483940042827,,,41.63134690349563,3.7880510203892133,15.614729077817591,8.019235949945564,69.053362951648,43.5885375182934,43.5885375182934,100.0,97.51311556545409,100.0
"Ferguson, Caleb",2023,76.44539614561027,61.45610278372591,39.186295503211994,65.31049250535332,,,53.07996730195693,3.2164811918689473,6.239072972141091,6.1453943837522536,68.68091584971921,38.04995431389483,38.04995431389483,50.0,100.0,50.0
"Cruz, Fernando",2023,81.5845824411135,19.700214132762312,58.35117773019272,17.34475374732334,,,56.648368465113705,1.0310671416444013,9.29042286835217,1.632055557652238,68.60191403276251,31.374847865652807,31.374847865652807,75.0,92.92310049019608,75.0
"Hernandez, Jose E.",2023,84.58244111349036,1.4989293361884368,51.17773019271949,16.70235546038544,,,58.72993581028848,0.0784507607772914,8.148297488206124,1.57160905551697,68.52829311478887,28.1143157710178,28.1143157710178,75.0,91.13875786163521,75.0
"Castro, Miguel",2023,76.017130620985,26.76659528907923,76.44539614561027,21.627408993576015,,,52.782600538360526,1.4009064424516322,12.171306289914586,2.0350322385540247,68.38984550928078,32.61103862953088,32.61103862953088,75.0,93.4487415592388,75.0
"Manaea, Sean",2023,78.58672376873662,48.394004282655246,69.37901498929337,1.9271948608137044,,,54.566801119938916,2.5328388479525508,11.046227557233408,0.1813395064058042,68.32720703153068,36.1995933772463,36.1995933772463,100.0,96.5709410043881,100.0
"Gibaut, Ian",2023,71.94860813704497,74.51820128479658,53.53319057815846,61.45610278372591,,,49.95761628419476,3.900123535785344,8.523323732433184,5.782715370940645,68.16377892335395,29.78206794484387,29.78206794484387,100.0,91.06174909192512,100.0
"Moll, Sam",2023,72.59100642398288,24.62526766595289,50.32119914346895,88.6509635974304,,,50.40366642958936,1.2888339270555016,8.011924308487194,8.341617294666992,68.04604195979904,25.214822073293703,25.214822073293703,75.0,96.23025435073627,75.0
"Chafin, Andrew",2023,85.86723768736617,82.86937901498929,11.134903640256958,23.98286937901499,,,59.622036101077676,4.337206345830253,1.772851336346102,2.256669413050008,67.98876319630403,27.487009563973192,27.487009563973192,75.0,92.51775362318841,75.0
"Voth, Austin",2023,66.80942184154176,35.54603854389722,79.22912205567452,73.66167023554604,,,46.38921512103799,1.8604037555757675,12.614519124001113,6.931198911510738,67.7953369121256,20.948616600790515,20.948616600790515,100.0,68.80261832829808,100.0
"Musgrove, Joe",2023,77.08779443254818,93.14775160599572,31.47751605995717,46.466809421841546,,,53.52601744735153,4.87515441973168,5.011714354670712,4.372296987784391,67.78518320953832,26.669232845583924,26.669232845583924,100.0,87.75387596899225,100.0
"Neris, Héctor",2023,87.36616702355461,39.82869379014989,21.627408993576015,15.417558886509635,,,60.66281977366507,2.0845487863680288,3.443422787903006,1.4507160512464337,67.64150739918254,32.968215450740885,32.968215450740885,75.0,90.35264483627205,75.0
"Rodriguez, Grayson",2023,56.3169164882227,62.098501070663815,99.3576017130621,99.3576017130621,,,39.103729412926256,3.250102946487787,15.819288847395988,9.34905899692146,67.5221802037315,43.72841973564277,43.72841973564277,100.0,93.5840349236046,100.0
"Sborz, Josh",2023,69.593147751606,2.569593147751606,70.02141327623126,82.76231263383298,,,48.322099084414575,0.13448701847535668,11.148507442022604,7.787524358427036,67.39261790333957,25.45604503296886,25.45604503296886,75.0,96.47699929228591,75.0
"Sims, Lucas",2023,64.23982869379014,37.25910064239829,75.37473233404711,93.57601713062098,,,44.6050145394596,1.950061767892672,12.000839815265923,8.805040477704049,67.36095660032225,31.889849379569945,31.889849379569945,75.0,95.18250081619328,75.0
"Garrett, Amir",2023,87.15203426124198,19.914346895074946,29.550321199143468,9.635974304068522,,,60.51413639186687,1.0422743931840144,4.704874700303117,0.906697532029021,67.16798301738302,20.948616600790515,20.948616600790515,75.0,58.380662609871536,75.0
"Matz, Steven",2023,63.597430406852254,54.603854389721626,73.87580299785867,84.79657387580299,,,44.158964394065016,2.8578491426013297,11.762186750757794,7.978938281855385,66.75793856927953,45.40368695841432,45.40368695841432,75.0,98.79541734860884,75.0
"Foley, Jason",2023,78.80085653104925,60.599571734475376,49.03640256959314,10.920770877944326,,,54.715484501737116,3.1716521857104953,7.807364538908796,1.0275905362995572,66.72209176265596,46.38069705093834,46.38069705093834,75.0,85.99106002554278,75.0
"Snell, Blake",2023,61.88436830835118,24.839400428265524,86.7237687366167,91.00642398286938,,,42.96949733967942,1.3000411785951147,13.807784446541758,8.563254469162976,66.64057743397927,45.787281236779585,45.787281236779585,100.0,100.0,100.0
"Greene, Hunter",2023,67.88008565310493,54.81798715203426,63.16916488222698,69.16488222698072,,,47.13263203002899,2.8690563941409426,10.057522004271156,6.508073396563861,66.56728382500495,49.8762034615751,49.8762034615751,50.0,96.76190476190476,50.0
"Burnes, Corbin",2023,62.31263383297645,45.610278372591004,91.43468950749465,66.4882226980728,,,43.26686410327582,2.387144577937581,14.557836934995878,6.256212971000245,66.46805858720953,52.158275316249316,52.158275316249316,100.0,93.88258173026385,100.0
"Hendricks, Kyle",2023,86.50963597430406,98.07280513918629,3.4261241970021414,4.282655246252676,,,60.06808624647226,5.13292120514278,0.5454927188757238,0.40297668090178707,66.14947685139255,48.67828060694422,48.67828060694422,75.0,97.28433300557195,75.0
"Morán, Jovani",2023,79.65738758029978,8.137044967880087,33.190578158458244,52.03426124197003,,,55.31021802892991,0.42587555850529624,5.284460714108574,4.896166672956714,65.91672097450049,25.33014699310105,25.33014699310105,75.0,93.94094488188976,75.0
"Crawford, Kutter",2023,62.95503211991434,65.31049250535332,70.44967880085653,78.58672376873662,,,43.71291424867041,3.4182117195819828,11.21669403188207,7.394622094547794,65.74244209468226,41.02229447441657,41.02229447441657,100.0,86.60352786020442,100.0
"Hentges, Sam",2023,63.811563169164884,19.271948608137045,93.36188436830835,57.38758029978587,,,44.30764777586321,1.008652638565175,14.864676589363473,5.3998875240839475,65.5808645278758,23.722497650756615,23.722497650756615,100.0,78.47914183551848,100.0
"Wells, Tyler",2023,54.81798715203426,86.0813704496788,89.29336188436831,92.71948608137045,,,38.06294574033886,4.505315118924449,14.21690398569855,8.724445141523692,65.50960998648556,34.15349529842638,34.15349529842638,100.0,96.14989733059548,100.0
"Robertson, David",2023,84.1541755888651,28.693790149892934,14.882226980728053,33.40471092077088,,,58.43256904669209,1.5017717063081497,2.3694839976164253,3.14321811103394,65.4470428616506,30.45351949818751,30.45351949818751,75.0,91.86395202020202,75.0
"Gonzales, Marco",2023,82.22698072805139,95.50321199143468,1.284796573875803,32.76231263383298,,,57.09441861050829,4.998434186667423,0.2045597695783964,3.0827716088986716,65.38018417565279,28.825622775800717,28.825622775800717,100.0,64.65063707357173,100.0
"Díaz, Alexis",2023,81.15631691648822,11.134903640256958,20.556745182012847,54.603854389721626,,,56.351001701517305,0.5827770800598789,3.272956313254342,5.137952681497786,65.34468777632931,36.55060590544461,36.55060590544461,50.0,100.0,50.0
"Adams, Austin",2023,85.01070663811564,2.355460385438972,20.342612419700217,31.263383297644538,,,59.02730257388488,0.12327976693574363,3.23886301832461,2.941729770583046,65.33117512972828,23.954372623574145,23.954372623574145,25.0,100.0,25.0
"Vest, Will",2023,72.37687366167023,69.593147751606,33.40471092077088,63.811563169164884,,,50.25498304779115,3.6423567503742436,5.318554009038308,6.004352545436628,65.22024635264033,25.195774252378023,25.195774252378023,75.0,86.47323436797122,75.0
"Jansen, Kenley",2023,71.5203426124197,31.47751605995717,52.141327623126344,58.02997858672377,,,49.660249520598356,1.6474659763231192,8.301717315389922,5.460334026219216,65.06976683853061,38.83792048929664,38.83792048929664,75.0,83.48589921405456,75.0
"Kikuchi, Yusei",2023,74.94646680942184,27.8372591006424,63.38329764453962,14.346895074946467,,,52.03918362936953,1.4569427001496975,10.09161529920089,1.3499718810209869,64.9377135097411,48.41983552226465,48.41983552226465,100.0,98.65279272814257,100.0
"Glasnow, Tyler",2023,68.3083511777302,23.98286937901499,71.94860813704497,48.60813704496788,,,47.42999879362539,1.2552121724366625,11.455347096390199,4.573785328235284,64.71434339068753,42.26506575413626,42.26506575413626,75.0,99.99999999999999,75.0
"Brown, Hunter",2023,65.73875802997858,29.1220556745182,68.95074946466809,69.70021413276231,,,45.64579821204699,1.5241862093873757,10.978040967373941,6.558445481676586,64.70647087048489,47.82983342849974,47.82983342849974,75.0,97.33010521281683,75.0
"Fulmer, Michael",2023,71.09207708779444,32.97644539614561,57.81584582441114,46.680942184154176,,,49.36288275700197,1.7259167371004107,9.205189631027839,4.3924458218294795,64.68643494695971,22.75453267476705,22.75453267476705,100.0,76.49701440112399,100.0
"Perdomo, Angel",2023,75.37473233404711,56.3169164882227,32.54817987152035,44.75374732334047,,,52.33655039296594,2.947507154918234,5.1821808293193765,4.211106315423676,64.67734469262723,22.48062015503876,22.48062015503876,50.0,83.52307692307691,50.0
"Vasquez, Andrew",2023,74.30406852248393,61.24197002141327,12.205567451820128,83.94004282655246,,,51.59313348397494,3.205273940329334,1.943317810994766,7.898342945675027,64.64006818097407,41.690962099125365,41.690962099125365,50.0,93.35202918376653,50.0
"Brasier, Ryan",2023,70.44967880085653,49.46466809421842,65.73875802997858,27.40899357601713,,,48.91683261160737,2.5888751056506165,10.466641543427949,2.5790507577714377,64.55140001845737,26.675437238817523,26.675437238817523,100.0,83.98243688254665,100.0
"Pérez, Cionel",2023,57.17344753747323,17.130620985010705,90.5781584582441,97.4304068522484,,,39.69846294011904,0.8965801231690445,14.421463755276946,9.167719490515656,64.18422630908069,23.914145753752482,23.914145753752482,100.0,86.03322259136213,100.0
"Gott, Trevor",2023,61.02783725910065,65.52462526766595,59.100642398286936,94.43254817987152,,,42.37476381248663,3.4294189711215957,9.409749400606234,8.885635813884406,64.09956799809886,28.16507084487126,28.16507084487126,100.0,85.07933119886161,100.0
"Lamet, Dinelson",2023,83.5117773019272,5.353319057815846,30.299785867237688,9.421841541755889,,,57.98651890129749,0.2801812884903265,4.824201232557182,0.8865486979839317,63.977450120328925,20.634920634920636,20.634920634920636,75.0,70.99432140829073,75.0
"Miller, Bobby",2023,52.67665952890792,71.94860813704497,100.0,79.87152034261243,,,36.57611192235687,3.7656365173099875,15.921568732185188,7.51551509881833,63.77883227067038,31.526243769598253,31.526243769598253,100.0,100.0,100.0
"Boyd, Matthew",2023,59.100642398286936,79.01498929336188,75.58886509635975,69.70021413276231,,,41.03661337630284,4.135475818117218,12.034933110195658,6.558445481676586,63.7654677862923,31.733297915503424,31.733297915503424,100.0,84.6796830786644,100.0
"Yates, Kirby",2023,80.08565310492506,44.53961456102783,19.271948608137045,26.552462526766597,,,55.60758479252631,2.3311083202395158,3.068396543675946,2.49845542159108,63.50554507803285,32.700413808741004,32.700413808741004,50.0,100.0,50.0
"Smyly, Drew",2023,76.65952890792292,70.44967880085653,34.26124197002141,11.563169164882227,,,53.228650683755134,3.687185756532696,5.454927188757237,1.0880370384348252,63.4588006674799,55.22606070142175,55.22606070142175,75.0,99.40100882723834,75.0
"Smith, Will",2023,62.526766595289075,83.29764453961455,59.52890792291221,64.5610278372591,,,43.415547485074015,4.359620848909479,9.477935990465701,6.074873464594441,63.327977789043636,33.24323057452228,33.24323057452228,75.0,93.96473645137343,75.0
"Mlodzinski, Carmen",2023,61.24197002141327,55.46038543897216,71.5203426124197,67.88008565310493,,,42.52344719428482,2.9026781487597817,11.387160506530734,6.387180392293326,63.20046624186866,20.948616600790515,20.948616600790515,100.0,67.82038567493113,100.0
"Helsley, Ryan",2023,67.02355460385438,17.34475374732334,66.16702355460386,55.24625267665952,,,46.53789850283618,0.9077873747086577,10.534828133287416,5.198399183633053,63.1789131944653,22.14774472838989,22.14774472838989,50.0,89.85165484633569,50.0
"Marinaccio, Ron",2023,67.45182012847965,6.423982869379015,47.96573875802998,86.50963597430406,,,46.835265266432586,0.3362175461883917,7.636898064260133,8.140128954216099,62.94850983109721,25.650882268087855,25.650882268087855,75.0,92.58369883040936,75.0
"Brebbia, John",2023,63.38329764453962,85.65310492505354,44.00428265524625,79.01498929336188,,,44.01028101226681,4.482900615845224,7.006172108060077,7.434919762637972,62.934273498810086,26.07682852402933,26.07682852402933,50.0,100.0,50.0
"Castillo, Luis",2023,67.23768736616702,87.79443254817987,64.45396145610277,14.132762312633835,,,46.686581884634386,4.594973131241353,10.262081773849552,1.3298230469758976,62.87345983670119,47.78320964872194,47.78320964872194,100.0,99.99999999999999,100.0
"Kershaw, Clayton",2023,65.0963597430407,40.68522483940043,60.38543897216274,60.38543897216274,,,45.199748066652404,2.129377792526481,9.614309170184631,5.681971200715198,62.62540623007872,44.05528449536967,44.05528449536967,75.0,100.0,75.0
"Civale, Aaron",2023,58.02997858672377,91.64882226980728,51.82012847965739,97.85867237687366,,,40.293196467311844,4.796703658954389,8.250577372995323,9.208017158605836,62.54849465786739,37.394996010421124,37.394996010421124,100.0,94.59064327485379,100.0
"Sandoval, Patrick",2023,60.38543897216274,12.419700214132762,84.58244111349036,68.52248394004282,,,41.928713667092026,0.6500205892975573,13.46685149724443,6.447626894428593,62.49321264806261,40.50741310474284,40.50741310474284,100.0,96.01641221374045,100.0
"Suarez, Ranger",2023,58.2441113490364,62.31263383297645,89.07922912205566,47.96573875802998,,,40.441879849110045,3.2613101980274,14.182810690768816,4.513338826100016,62.39933956400628,35.0407387518103,35.0407387518103,100.0,99.45453216374267,100.0
"Detmers, Reid",2023,51.605995717344754,44.75374732334047,97.85867237687366,88.22269807280514,,,35.832695013365885,2.342315571779129,15.580635782887859,8.301319626576815,62.05696599460969,44.713776411696074,44.713776411696074,100.0,94.36434694906707,100.0
"Nelson, Kyle",2023,79.01498929336188,99.57173447537473,5.781584582441114,10.706638115631693,,,54.86416788353531,5.211371965920072,0.9205189631027839,1.007441702254468,62.003500514812636,35.15075553843523,35.15075553843523,75.0,93.60219478737997,75.0
"Pepiot, Ryan",2023,74.7323340471092,50.96359743040685,13.49036402569593,55.6745182012848,,,51.89050024757134,2.6673258664279076,2.1478775805731622,5.238696851723232,61.94440054629564,23.484090150756813,23.484090150756813,75.0,84.46711711711711,75.0
"Cobb, Alex",2023,65.52462526766595,68.52248394004282,42.82655246252677,64.02569593147751,,,45.4971148302488,3.586320492676178,6.818658985946548,6.024501379481717,61.926595688353245,51.09959488518747,51.09959488518747,100.0,97.05629094798769,100.0
"Miller, Bryce",2023,55.24625267665952,68.3083511777302,81.5845824411135,74.08993576017131,,,38.360312503935255,3.575113241136566,12.989545368228173,6.971496579600918,61.896467692900906,51.16308675630709,51.16308675630709,100.0,89.46631033365728,100.0
"Woodruff, Brandon",2023,59.314775160599574,83.72591006423983,80.72805139186295,36.61670235546038,,,41.18529675810104,4.382035351988705,12.853172188509241,3.44545062171028,61.865954920309264,26.549423116928835,26.549423116928835,100.0,76.44582933844677,100.0
"Montero, Rafael",2023,73.44753747323341,97.4304068522484,28.90792291220557,9.850107066381156,,,50.99839995678215,5.099299450523941,4.602594815513919,0.9268463660741103,61.62714058889412,31.75211314943033,31.75211314943033,100.0,89.52575532441804,100.0
"Megill, Trevor",2023,59.743040685224834,18.629550321199144,70.66381156316916,82.3340471092077,,,41.48266352169743,0.975030883946336,11.250787326811801,7.7472266903368565,61.45570842279243,30.313588850174217,30.313588850174217,50.0,87.61928651059085,50.0
"McClanahan, Shane",2023,55.0321199143469,34.475374732334046,88.6509635974304,77.51605995717344,,,38.21162912213707,1.8043674978777022,14.114624100909351,7.293877924322346,61.424498645246466,36.613437383619996,36.613437383619996,100.0,98.78681318681319,100.0
"Alvarado, José",2023,70.8779443254818,34.68950749464668,38.86509635974304,44.3254817987152,,,49.21419937520377,1.8155747494173153,6.187933029746492,4.170808647333496,61.38851580170107,29.603657148598348,29.603657148598348,50.0,100.0,50.0
"Beck, Tristan",2023,51.17773019271949,53.319057815845824,85.86723768736617,98.92933618843684,,,35.535328249769485,2.790605633363651,13.671411266822828,9.308761328831283,61.30610647878725,31.673148231554052,31.673148231554052,100.0,93.06983087834152,100.0
"Minter, A.J.",2023,70.2355460385439,16.916488222698074,41.220556745182016,52.46252676659529,,,48.76814922980917,0.8853728716294316,6.562959273973552,4.936464341046892,61.152945716459044,32.44169037729211,32.44169037729211,75.0,93.08878648233487,75.0
"Peralta, Wandy",2023,76.23126338329764,61.88436830835118,25.053533190578158,10.06423982869379,,,52.931283920158734,3.2388956949481735,3.98891550677873,0.9469952001191997,61.10609032200484,28.263014872271576,28.263014872271576,75.0,91.61006289308176,75.0
"Darvish, Yu",2023,49.25053533190578,44.3254817987152,99.78586723768737,91.64882226980728,,,34.1971778135857,2.319901068699903,15.887475437255455,8.623700971298245,61.0282552908393,27.472706463539836,27.472706463539836,100.0,87.08156508653123,100.0
"Chavez, Jesse",2023,81.79871520342613,41.7558886509636,4.068522483940043,12.098501070663811,,,56.7970518469119,2.185414050224546,0.6477726036649221,1.1384091235475486,60.76864762434891,19.02834008097166,19.02834008097166,75.0,71.88076923076923,75.0
"Kelly, Kevin",2023,64.02569593147751,62.74089935760171,28.26552462526767,89.50749464668094,,,44.4563311576614,3.283724701106626,4.500314930724722,8.422212630847351,60.6625834203401,34.31852867517153,34.31852867517153,75.0,93.59218220991073,75.0
"Garrett, Braxton",2023,71.30620985010707,75.37473233404711,19.05781584582441,43.46895074946467,,,49.51156613880016,3.9449525419437963,3.0343032487462134,4.090213311153139,60.58103524064332,43.63301327691261,43.63301327691261,100.0,92.58119320426711,100.0
"Maeda, Kenta",2023,73.87580299785867,85.22483940042827,6.638115631691649,38.0085653104925,,,51.295766720378545,4.460486112765997,1.0568921428217148,3.5764180430033603,60.38956301896962,35.840224703826244,35.840224703826244,100.0,88.74528657616892,100.0
"Peterson, David",2023,68.52248394004282,50.74946466809421,53.96145610278372,16.059957173447536,,,47.57868217542357,2.6561186148882943,8.591510322292649,1.5111625533817015,60.33747366598622,32.156082014207755,32.156082014207755,100.0,96.27483892845032,100.0
"Gray, Jon",2023,52.03426124197003,52.46252676659529,97.00214132762312,62.526766595289075,,,36.130061776962286,2.745776627205199,15.444262603168928,5.883459541166092,60.2035605485025,49.6978624084706,49.6978624084706,100.0,93.6375776808145,100.0
"Peguero, Elvis",2023,72.1627408993576,40.471092077087796,21.948608137044967,45.396145610278374,,,50.10629966599296,2.118170540986868,3.4945627302976052,4.271552817558944,59.99058575483637,35.575361135407974,35.575361135407974,50.0,100.0,50.0
"Holton, Tyler",2023,77.73019271948608,43.0406852248394,5.139186295503212,27.62312633832976,,,53.97206759274612,2.2526575594622247,0.8182390783135856,2.5991995918165265,59.64216382233846,25.911018556799842,25.911018556799842,100.0,78.59302325581395,100.0
"Scherzer, Max",2023,47.75160599571734,55.88865096359743,94.43254817987152,85.86723768736617,,,33.1563941409983,2.925092651839008,15.035143064012136,8.079682452080831,59.196312308930274,39.27531803435964,39.27531803435964,100.0,98.99552658486708,100.0
"Wilson, Steven",2023,58.886509635974306,41.54175588865097,55.88865096359743,75.80299785867237,,,40.88792999450464,2.174206798684933,8.898349976660244,7.132687251961632,59.09317402181145,30.85167541892907,30.85167541892907,50.0,100.0,50.0
"Bassitt, Chris",2023,46.25267665952891,49.25053533190578,96.78800856531049,94.64668094218416,,,32.115610468410914,2.577667854111003,15.410169308239196,8.905784647929496,59.00923227869061,44.92195420756793,44.92195420756793,100.0,93.17429396000826,100.0
"Luzardo, Jesús",2023,61.67023554603854,64.23982869379014,79.65738758029978,1.070663811563169,,,42.82081395788122,3.362175461883917,12.682705713860576,0.10074417022544677,58.96643930385116,47.961376351873675,47.961376351873675,100.0,98.86968807738289,100.0
"Clase, Emmanuel",2023,66.38115631691649,27.40899357601713,57.38758029978587,24.197002141327623,,,46.09184835744159,1.4345281970704713,9.137003041168374,2.2768182470950973,58.94019784277554,41.38455702560449,41.38455702560449,50.0,100.0,50.0
"Vesia, Alex",2023,61.45610278372591,93.57601713062098,26.98072805139186,71.94860813704497,,,42.67213057608302,4.897568922810906,4.2957551611463245,6.770008239150024,58.63546289919027,34.822105030281065,34.822105030281065,50.0,97.32883389576303,50.0
"Bummer, Aaron",2023,60.81370449678801,22.269807280513916,59.314775160599574,59.743040685224834,,,42.22608043068843,1.1655541601197579,9.443842695535968,5.62152469857993,58.45700198492409,31.27172474998562,31.27172474998562,100.0,88.53217444342786,100.0
"Merryweather, Julian",2023,59.52890792291221,11.349036402569594,86.50963597430406,26.76659528907923,,,41.33398013989924,0.593984331599492,13.773691151612024,2.5186042556361694,58.22025987874692,34.564616470192206,34.564616470192206,75.0,94.61261261261262,75.0
"Topa, Justin",2023,57.38758029978587,84.58244111349036,65.31049250535332,33.83297644539615,,,39.84714632191725,4.426864358147157,10.398454953568486,3.1835157791241184,57.85598141275702,31.72151878757317,31.72151878757317,100.0,87.93566117038473,100.0
"Gray, Sonny",2023,58.67237687366167,43.683083511777305,48.17987152034261,71.73447537473233,,,40.73924661270644,2.2862793140810638,7.670991359189864,6.749859405104933,57.4463766910823,40.96163682083681,40.96163682083681,100.0,97.66454352441613,100.0
"Harrison, Kyle",2023,60.17130620985011,44.11134903640257,33.83297644539615,83.5117773019272,,,41.78003028529383,2.30869381716029,5.386740598897773,7.858045277584849,57.333509978936746,26.199261992619927,26.199261992619927,75.0,78.25925925925925,75.0
"Woo, Bryan",2023,54.389721627408996,90.79229122055675,63.597430406852254,46.895074946466806,,,37.76557897674247,4.751874652795936,10.125708594130623,4.412594655874568,57.055756879543594,35.08839850303265,35.08839850303265,100.0,86.56051732552464,100.0
"Koch, Matt",2023,70.66381156316916,39.61456102783726,13.9186295503212,36.83083511777302,,,49.06551599340556,2.073341534828416,2.216064170432628,3.465599455755369,56.820521154421975,28.31541218637993,28.31541218637993,50.0,87.10344827586208,50.0
"Winn, Keaton",2023,68.73661670235546,74.7323340471092,27.40899357601713,7.708779443254818,,,47.72736555722178,3.9113307873249568,4.3639417510057905,0.7253580256232168,56.72799612117574,27.79783393501805,27.79783393501805,75.0,71.0796812749004,75.0
"De Los Santos, Enyel",2023,57.601713062098504,82.01284796573876,61.24197002141327,25.053533190578158,,,39.99582970371545,4.292377339671801,9.750682349903562,2.3574135832754544,56.39630297656627,35.35998706590013,35.35998706590013,75.0,93.65869980879542,75.0
"Milner, Hoby",2023,70.02141327623126,98.7152034261242,0.6423982869379015,25.481798715203425,,,48.61946584801097,5.16654295976162,0.1022798847891982,2.3977112513656333,56.28599994392742,25.187680662133218,25.187680662133218,100.0,86.4849358974359,100.0
"Flaherty, Jack",2023,54.17558886509636,72.80513918629549,84.79657387580299,11.777301927194861,,,37.61689559494427,3.810465523468439,13.500944792174161,1.1081858724799145,56.03649178306678,45.58080694595493,45.58080694595493,100.0,93.54864253393664,100.0
"VerHagen, Drew",2023,67.6659528907923,13.276231263383298,39.61456102783726,20.342612419700217,,,46.983948648230786,0.6948495954560095,6.3072595620005565,1.914139234283489,55.90019703997084,26.052836790183562,26.052836790183562,100.0,77.31223628691983,100.0
"Walker, Taijuan",2023,46.466809421841546,39.400428265524624,89.72162740899357,76.65952890792292,,,32.264293850209114,2.0621342832888025,14.285090575558016,7.21328258814199,55.82480129719792,43.368284807849584,43.368284807849584,100.0,94.89133309291982,100.0
"Schreiber, John",2023,58.45824411134903,71.5203426124197,38.86509635974304,53.104925053533194,,,40.59056323090824,3.743222014230761,6.187933029746492,4.99691084318216,55.51862911806765,19.897652093522353,19.897652093522353,100.0,80.11788617886181,100.0
"Webb, Logan",2023,64.88222698072805,94.86081370449678,9.850107066381156,40.899357601713064,,,45.0510646848542,4.964812432048584,1.5682915667677058,3.848427302612067,55.43259598628255,56.32740055913859,56.32740055913859,75.0,97.68489419652211,75.0
"Anderson, Grant",2023,65.31049250535332,85.86723768736617,10.920770877944326,38.54389721627409,,,45.348431448450604,4.4941078673848365,1.7387580414163697,3.626790128116084,55.20808748536789,24.81203007518797,24.81203007518797,75.0,74.69771528998243,75.0
"Toussaint, Touki",2023,47.109207708779444,30.406852248394006,90.36402569593149,68.20128479657387,,,32.71034399560371,1.5914297186250543,14.387370460347215,6.417403643360959,55.10654781793693,26.967487279144457,26.967487279144457,100.0,100.0,100.0
"Lawrence, Justin",2023,53.104925053533194,38.32976445396146,52.141327623126344,80.08565310492506,,,36.87347868595327,2.0060980255907372,8.301717315389922,7.53566393286342,54.716957959797355,37.888569838952385,37.888569838952385,50.0,100.0,50.0
"Yarbrough, Ryan",2023,68.09421841541756,93.79014989293361,4.496788008565311,17.130620985010705,,,47.28131541182718,4.9087761743505185,0.7159591935243874,1.6119067236071483,54.51795750330923,30.45830136649471,30.45830136649471,100.0,97.56554307116104,100.0
"Lugo, Seth",2023,46.680942184154176,63.38329764453962,62.74089935760171,93.36188436830835,,,32.412977232007314,3.317346455725465,9.989335414411691,8.784891643658959,54.50455074580343,41.43739836053256,41.43739836053256,100.0,90.0413141567964,100.0
"Edwards Jr., Carl",2023,50.53533190578159,15.631691648822269,60.81370449678801,91.22055674518201,,,35.08927810437489,0.8181293623917532,9.682495760044098,8.583403303208065,54.173306530018806,26.47058823529412,26.47058823529412,75.0,77.35756501182033,75.0
"McGough, Scott",2023,69.80728051391864,17.987152034261243,11.991434689507495,26.98072805139186,,,48.47078246621278,0.9414091293274969,1.9092245160650332,2.5387530896812587,53.86016920128657,34.90616153750992,34.90616153750992,75.0,94.24544480171488,75.0
"Shreve, Chasen",2023,64.66809421841542,83.5117773019272,5.995717344753747,37.47323340471092,,,44.902381303056,4.370828100449092,0.9546122580325166,3.526045957890637,53.75386761942825,24.746771274529312,24.746771274529312,75.0,85.9981809913597,75.0
"Brigham, Jeff",2023,62.098501070663815,18.201284796573873,32.33404710920771,47.53747323340471,,,43.11818072147762,0.9526163808671098,5.148087534389643,4.473041158009837,53.691925794744215,21.428469872323483,21.428469872323483,75.0,82.96764705882353,75.0
"González, Victor",2023,62.74089935760171,10.492505353319057,28.586723768736615,49.57173447537473,,,43.564230866872215,0.5491553254410397,4.55145487311932,4.664455081438186,53.32929614687076,23.66412213740458,23.66412213740458,50.0,84.27952480782669,50.0
"Moore, Matt",2023,54.603854389721626,65.73875802997858,26.552462526766597,80.94218415417559,,,37.91426235854066,3.4406262226612085,4.227568571286859,7.616259269043777,53.19871642153251,27.237620449473383,27.237620449473383,75.0,86.48466505246166,75.0
"Bibee, Tanner",2023,42.82655246252677,8.779443254817988,92.71948608137045,86.0813704496788,,,29.736676359639738,0.4594973131241354,14.762396704574273,8.099831286125921,53.05840166346407,45.69698067010517,45.69698067010517,100.0,97.3964700817908,100.0
"Erceg, Lucas",2023,53.747323340471084,12.205567451820128,89.93576017130621,3.854389721627409,,,37.31952883134787,0.6388133377579442,14.31918387048775,0.3626790128116084,52.64020505240517,25.301610100033905,25.301610100033905,100.0,86.14413518886681,100.0
"Fried, Max",2023,39.82869379014989,57.81584582441114,97.4304068522484,67.6659528907923,,,27.655109014464955,3.0259579156955256,15.512449193028395,6.367031558248237,52.56054768143711,35.69131832797427,35.69131832797427,100.0,77.88988540109617,100.0
"Rosenberg, Kenny",2023,68.95074946466809,20.770877944325484,10.06423982869379,18.201284796573873,,,47.876048939019974,1.0871033993424666,1.6023848616974385,1.712650893832595,52.278188093892474,20.634920634920636,20.634920634920636,75.0,66.49570957095709,75.0
"Kremer, Dean",2023,38.11563169164882,50.32119914346895,91.86295503211991,86.7237687366167,,,26.465641960079367,2.6337041118090685,14.626023524855343,8.160277788261189,51.885647385004965,44.26623584279863,44.26623584279863,100.0,96.81848739495798,100.0
"Irvin, Cole",2023,48.82226980728051,84.1541755888651,58.35117773019272,40.471092077087796,,,33.899811049989296,4.404449855067932,9.29042286835217,3.8081296345218885,51.40281340793129,24.66963193493171,24.66963193493171,100.0,86.23674540682414,100.0
"Taillon, Jameson",2023,40.68522483940043,86.50963597430406,64.88222698072805,87.36616702355461,,,28.249842541657753,4.527729622003675,10.330268363709019,8.220724290396458,51.3285648177669,35.8587712570212,35.8587712570212,100.0,95.78852901484481,100.0
"Stripling, Ross",2023,43.46895074946467,97.00214132762312,74.94646680942184,41.97002141327623,,,30.18272650503433,5.076884947444714,11.932653225406456,3.9491714728375134,51.14143615072302,32.516681763201206,32.516681763201206,100.0,90.02979764287305,100.0
"Chargois, JT",2023,49.46466809421842,40.25695931477516,49.46466809421842,70.8779443254818,,,34.3458611953839,2.1069632894472545,7.8755511287682625,6.669264068924577,50.997639682523996,25.045787545787547,25.045787545787547,50.0,96.8095983307251,50.0
"Kelly, Merrill",2023,57.81584582441114,86.93790149892934,13.276231263383298,43.897216274089935,,,40.14451308551365,4.550144125082901,2.1137842856434297,4.130510979243318,50.9389524754833,39.01435365848919,39.01435365848919,100.0,97.68025214650582,100.0
"Pruitt, Austin",2023,56.74518201284796,83.94004282655246,10.278372591006423,58.2441113490364,,,39.40109617652265,4.393242603528318,1.636478156627171,5.4804828602643045,50.91129979694244,23.371647509578544,23.371647509578544,100.0,67.71180065820404,100.0
"Urías, Julio",2023,44.53961456102783,77.30192719486081,46.25267665952891,90.14989293361884,,,30.926143414025322,4.045817805800313,7.364151704822271,8.482659132982619,50.818772057630525,38.90908398712336,38.90908398712336,100.0,95.49801587301587,100.0
"Senga, Kodai",2023,48.394004282655246,3.854389721627409,90.14989293361884,27.194860813704498,,,33.6024442863929,0.201730527713035,14.35327716541748,2.5589019237263484,50.71635390324976,45.780372248322635,45.780372248322635,100.0,92.69827072152654,100.0
"Wesneski, Hayden",2023,50.107066381156315,66.59528907922912,58.02997858672377,31.905781584582442,,,34.79191134077849,3.4854552288196605,9.239282925957571,3.002176272718314,50.51882576827404,31.434961756076802,31.434961756076802,100.0,89.70597813444988,100.0
"Silseth, Chase",2023,46.895074946466806,15.845824411134904,77.94432548179871,50.107066381156315,,,32.56166061380551,0.8293366139313663,12.409959354422716,4.714827166550909,50.515783748710504,17.012448132780083,17.012448132780083,100.0,64.13665389527458,100.0
"Leclerc, José",2023,53.53319057815846,14.5610278372591,74.7323340471092,5.567451820128479,,,37.170845449549674,0.7620931046936879,11.898559930476724,0.5238696851723232,50.35536816989241,27.93996639445716,27.93996639445716,100.0,87.7516339869281,100.0
"Suter, Brent",2023,69.16488222698072,27.194860813704498,1.9271948608137044,3.640256959314775,,,48.024732320818174,1.4233209455308584,0.3068396543675946,0.34253017876651903,50.097423099483144,27.15313485499474,27.15313485499474,100.0,93.58842633599056,100.0
"Alcantara, Sandy",2023,50.74946466809421,92.50535331905782,61.67023554603854,1.7130620985010707,,,35.237961486173084,4.841532665112841,9.818868939763027,0.16119067236071485,50.059553763409674,45.71291436126009,45.71291436126009,100.0,97.91449222099718,100.0
"Estévez, Carlos",2023,55.46038543897216,16.059957173447536,51.605995717344754,26.33832976445396,,,38.508995885733455,0.8405438654709793,8.216484078065589,2.4783065875459904,50.04433041681601,43.342776203966,43.342776203966,75.0,95.14893617021278,75.0
"Cordero, Jimmy",2023,47.53747323340471,2.9978586723768736,58.886509635974306,79.44325481798715,,,33.00771075920011,0.1569015215545828,9.375656105676503,7.475217430728152,50.015485817159345,24.81203007518797,24.81203007518797,50.0,85.39051332033789,50.0
"Cano, Yennier",2023,53.96145610278372,79.44325481798715,42.61241970021413,16.916488222698074,,,37.46821221314607,4.157890321196445,6.784565691016814,1.5917578895620592,50.00242611492139,36.75859558389717,36.75859558389717,75.0,91.97742363877822,75.0
"Lively, Ben",2023,48.60813704496788,77.08779443254818,50.107066381156315,43.0406852248394,,,33.7511276681911,4.0346105542607,7.97783101355746,4.049915643062961,49.81348487907223,29.608991003910052,29.608991003910052,100.0,84.83082706766919,100.0
"Poche, Colin",2023,63.16916488222698,0.4282655246252677,17.558886509635975,31.69164882226981,,,43.86159763046861,0.022414503079226114,2.7956501842380845,2.982027438673225,49.66168975645915,35.03870264967068,35.03870264967068,50.0,99.99999999999999,50.0
"Bradley, Taj",2023,35.11777301927195,16.274089935760173,97.21627408993577,94.9678800856531,,,24.384074614904584,0.8517511170105925,15.478355898098663,8.93600789899713,49.65018952901097,36.809603968092034,36.809603968092034,100.0,97.53863257365204,100.0
"Williams, Gavin",2023,30.406852248394006,65.0963597430407,98.92933618843684,97.21627408993577,,,21.113040215344213,3.40700446804237,15.751102257536525,9.147570656470569,49.41871759739368,38.01414373780011,38.01414373780011,100.0,92.19109506618531,100.0
"Frías, Luis",2023,50.96359743040685,4.068522483940043,68.3083511777302,28.90792291220557,,,35.386644867971285,0.21293777925264812,10.875761082584743,2.7200925960870634,49.19543632589574,23.97211504762992,23.97211504762992,75.0,84.00487804878051,75.0
"Martin, Chris",2023,56.9593147751606,96.35974304068522,23.554603854389722,4.925053533190578,,,39.54977955832085,5.043263192825876,3.750262442270601,0.46342318303705515,48.80672837645439,24.52830188679245,24.52830188679245,100.0,68.96778916544656,100.0
"Kimbrel, Craig",2023,42.184154175588866,93.36188436830835,41.97002141327623,84.1541755888651,,,29.29062621424514,4.886361671271293,6.682285806227616,7.918491779720117,48.777765471464164,38.95848685826578,38.95848685826578,50.0,100.0,50.0
"Cisnero, José",2023,49.03640256959314,22.055674518201286,64.66809421841542,34.58244111349036,,,34.048494431787496,1.154346908580145,10.296175068779286,3.2540366982819307,48.753053107428855,27.00729927007299,27.00729927007299,100.0,71.57098121085595,100.0
"De los Santos, Yerry",2023,60.599571734475376,28.051391862955033,25.69593147751606,11.134903640256958,,,42.07739704889023,1.4681499516893106,4.091195391567928,1.0477393703446465,48.68448176249211,19.35483870967742,19.35483870967742,75.0,61.90359477124183,75.0
"Anderson, Chase",2023,51.39186295503212,80.51391862955032,47.21627408993576,12.098501070663811,,,35.684011631567685,4.213926578894509,7.517571532006068,1.1384091235475486,48.553918866015806,28.04364439218654,28.04364439218654,100.0,87.22861766065651,100.0
"May, Dustin",2023,32.33404710920771,69.16488222698072,85.65310492505354,92.29122055674517,,,22.451190651528,3.6199422472950173,13.637317971893095,8.684147473433512,48.392598344149626,20.318725099601597,20.318725099601597,100.0,58.899478425794214,100.0
"Kaprielian, James",2023,37.25910064239829,52.67665952890792,74.08993576017131,83.72591006423983,,,25.870908432886573,2.756983878744812,11.796280045687528,7.878194111629938,48.30236646894885,29.78819608500607,29.78819608500607,100.0,83.39455782312925,100.0
"Ramirez, Nick",2023,56.102783725910065,70.66381156316916,5.353319057815846,49.25053533190578,,,38.955046031128056,3.698393008072309,0.8523323732433185,4.634231830370552,48.14000324281424,22.46780953685306,22.46780953685306,75.0,73.32443746729462,75.0
"Velasquez, Vince",2023,55.6745182012848,10.920770877944326,22.269807280513916,53.96145610278372,,,38.657679267531655,0.5715698285202659,3.545702672692204,5.077506179362517,47.85245794810664,23.57335553650224,23.57335553650224,75.0,85.05512220488819,75.0
"Houck, Tanner",2023,56.53104925053534,74.94646680942184,24.411134903640257,7.922912205567452,,,39.25241279472446,3.9225380388645696,3.886635621989532,0.7455068596683062,47.80709331524686,39.312158252411955,39.312158252411955,100.0,87.8764501160093,100.0
"Jiménez, Joe",2023,41.54175588865097,95.07494646680942,52.890792291220556,58.45824411134903,,,28.844576068850547,4.976019683588198,8.421043847643986,5.500631694309393,47.74227129439212,33.347552952934265,33.347552952934265,75.0,93.80703587600141,75.0
"Olson, Reese",2023,30.620985010706637,60.81370449678801,91.00642398286938,93.14775160599572,,,21.26172359714241,3.1828594372501087,14.489650345136413,8.764742809613871,47.698976189142805,32.632666115368195,32.632666115368195,100.0,94.33868808567603,100.0
"Heaney, Andrew",2023,52.890792291220556,59.100642398286936,18.843683083511777,45.610278372591004,,,36.72479530415507,3.093201424933204,3.000209953816481,4.291701651604033,47.10990833450879,49.888883307091724,49.888883307091724,75.0,100.0,75.0
"Varland, Louis",2023,40.471092077087796,90.14989293361884,63.811563169164884,41.7558886509636,,,28.101159159859552,4.718252898177097,10.159801889060356,3.9290226387924245,46.908236585889426,31.808240433892742,31.808240433892742,100.0,86.53436739659367,100.0
"Borucki, Ryan",2023,52.46252676659529,59.743040685224834,42.398286937901496,6.209850107066381,,,36.42742854055868,3.1268231795520425,6.750472396087081,0.5843161873075913,46.889040303505396,22.17898832684825,22.17898832684825,100.0,64.28914879792073,100.0
"McHugh, Collin",2023,49.892933618843685,89.29336188436831,12.633832976445397,56.74518201284796,,,34.6432279589803,4.673423892018645,2.0115044008542315,5.339441021948679,46.66759727380185,35.91148115687993,35.91148115687993,50.0,100.0,50.0
"Beeks, Jalen",2023,53.319057815845824,49.67880085653105,23.98286937901499,32.97644539614561,,,37.022162067751474,2.6000823571902294,3.8184490321300664,3.1029204429437605,46.543613900015536,26.821108453753904,26.821108453753904,75.0,91.87442289935365,75.0
"Clarke, Taylor",2023,43.683083511777305,33.61884368308351,46.680942184154176,68.73661670235546,,,30.331409886832535,1.75953849171925,7.4323382946817365,6.467775728473684,45.991062401707204,27.967582228855015,27.967582228855015,100.0,86.76560549313358,100.0
"Soriano, George",2023,44.3254817987152,26.124197002141326,45.610278372591004,65.8458244111349,,,30.777460032227125,1.3672846878327929,7.261871820033072,6.195766468864977,45.602383008957965,25.109470034769885,25.109470034769885,75.0,91.5775930324624,75.0
"Gallegos, Giovanny",2023,52.24839400428265,7.28051391862955,24.62526766595289,52.67665952890792,,,36.27874515876048,0.3810465523468439,3.9207289169192645,4.956613175091981,45.53713380311857,33.00124285076405,33.00124285076405,50.0,100.0,50.0
"Oviedo, Johan",2023,42.61241970021413,18.41541755888651,91.64882226980728,2.9978586723768736,,,29.587992977841537,0.963823632406723,14.59193022992561,0.282083676631251,45.42583051680512,52.84517522889616,52.84517522889616,100.0,95.13901639344263,100.0
"Blanco, Ronel",2023,55.88865096359743,3.2119914346895073,25.481798715203425,24.839400428265524,,,38.806362649329856,0.16810877309419586,4.057102096638196,2.337264749230365,45.36883826829261,30.43421989257749,30.43421989257749,75.0,93.31864406779661,75.0
"Ottavino, Adam",2023,44.75374732334047,9.421841541755889,55.24625267665952,49.892933618843685,,,31.074826795823522,0.49311906774297454,8.796070091871044,4.69467833250582,45.058694287943354,24.916109531494147,24.916109531494147,100.0,78.38805472138806,100.0
"Brito, Jhony",2023,31.049250535331907,91.00642398286938,93.57601713062098,39.186295503211994,,,21.55909036073881,4.763081904335549,14.898769884293205,3.6872366302513524,44.90817877961892,35.90050391685499,35.90050391685499,100.0,86.04785362420829,100.0
"Young, Alex",2023,51.82012847965739,89.93576017130621,6.852248394004283,31.47751605995717,,,35.981378395164086,4.707045646637484,1.0909854377514476,2.961878604628135,44.74128808418115,28.953146245235498,28.953146245235498,75.0,92.67259786476869,75.0
"Faedo, Alex",2023,44.96788008565311,84.79657387580299,24.197002141327623,53.319057815845824,,,31.223510177621726,4.43807160968677,3.852542327059799,5.01705967722725,44.53118379159555,32.44701582468551,32.44701582468551,75.0,92.79303675048357,75.0
"Stephan, Trevor",2023,46.03854389721627,73.66167023554604,32.97644539614561,35.54603854389722,,,31.966927086612717,3.855294529626892,5.250367419178841,3.3447064514848335,44.417295486903285,30.607768013803025,30.607768013803025,75.0,97.83142100617829,75.0
"Hernández, Jonathan",2023,45.396145610278374,14.132762312633835,66.16702355460386,13.9186295503212,,,31.520876941218123,0.7396786016144619,10.534828133287416,1.309674212930808,44.105057889050805,21.0960394044774,21.0960394044774,75.0,79.06220657276995,75.0
"Thompson, Zack",2023,31.69164882226981,20.342612419700217,81.15631691648822,81.15631691648822,,,22.005140506133404,1.0646888962632406,12.921358778368706,7.636408103088866,43.62759628385422,34.71542812445372,34.71542812445372,75.0,94.10507880910684,75.0
"Holderman, Colin",2023,38.54389721627409,5.139186295503212,84.1541755888651,32.11991434689507,,,26.763008723675764,0.26897403695071337,13.398664907384966,3.022325106763403,43.45297277477485,32.54766373788883,32.54766373788883,75.0,90.00574094007894,75.0
"Weems, Jordan",2023,44.11134903640257,38.11563169164882,41.7558886509636,38.97216274089936,,,30.628776650428932,1.9948907740511241,6.648192511297884,3.6670877962062627,42.9389477319842,28.174348804971473,28.174348804971473,75.0,93.79591836734694,75.0
"Farmer, Buck",2023,41.7558886509636,52.890792291220556,34.04710920770878,59.52890792291221,,,28.993259450648743,2.7681911302844253,5.4208338938275045,5.601375864534841,42.78366033929551,31.266574253334475,31.266574253334475,75.0,98.14609571788414,75.0
"Machado, Andrés",2023,47.32334047109208,56.53104925053534,38.11563169164882,9.207708779443255,,,32.859027377401915,2.9587144064578474,6.068606497492427,0.8663998639388423,42.75274814529103,23.07692307692308,23.07692307692308,100.0,67.36631016042782,100.0
"Hartwig, Grant",2023,38.97216274089936,10.06423982869379,57.601713062098504,63.276231263383295,,,27.06037548727216,0.5267408223618136,9.171096336098106,5.953980460323905,42.712193106055985,25.0936329588015,25.0936329588015,75.0,77.53050108932463,75.0
"Paxton, James",2023,32.97644539614561,61.02783725910065,82.86937901498929,32.33404710920771,,,22.897240796922596,3.1940666887897216,13.194105137806568,3.0424739408084926,42.32788656432738,38.71827460542825,38.71827460542825,100.0,91.58619329388559,100.0
"Graveman, Kendall",2023,48.17987152034261,22.698072805139187,38.32976445396146,15.631691648822269,,,33.4537609045947,1.187968663198984,6.10269979242216,1.470864885291523,42.21529424550737,26.415434596433883,26.415434596433883,100.0,89.33519553072625,100.0
"Quintana, Jose",2023,41.113490364025694,92.93361884368309,14.882226980728053,66.80942184154176,,,28.547209305254146,4.863947168192067,2.3694839976164253,6.28643622206788,42.06707669313052,24.389800838920635,24.389800838920635,100.0,84.63136216534275,100.0
"Nogosek, Stephen",2023,37.687366167023555,5.781584582441114,73.01927194860814,39.82869379014989,,,26.16827519648297,0.3025957915695526,11.625813571038863,3.74768313238662,41.844367691478006,23.66412213740458,23.66412213740458,75.0,75.22053506869126,75.0
"Bickford, Phil",2023,39.400428265524624,76.44539614561027,30.299785867237688,59.95717344753747,,,27.357742250868558,4.000988799641862,4.824201232557182,5.64167353262502,41.82460581569262,38.948295622431345,38.948295622431345,50.0,100.0,50.0
"Gilbert, Logan",2023,28.051391862955033,50.53533190578159,92.50535331905782,50.74946466809421,,,19.477523015564028,2.644911363348682,14.728303409644543,4.775273668686177,41.62601145724343,49.15269737624261,49.15269737624261,100.0,100.0,100.0
"Pfaadt, Brandon",2023,23.768736616702355,91.86295503211991,74.30406852248393,89.93576017130621,,,16.503855379600054,4.807910910494002,11.830373340617257,8.46251029893753,41.60464992964884,41.965286800619786,41.965286800619786,100.0,91.3225085910653,100.0
"Murphy, Chris",2023,24.411134903640257,9.635974304068522,94.00428265524626,97.00214132762312,,,16.949905524994648,0.5043263192825875,14.96695647415267,9.127421822425477,41.54861014085538,25.006091444920628,25.006091444920628,100.0,82.71959595959595,100.0
"Floro, Dylan",2023,50.32119914346895,95.71734475374733,6.423982869379015,5.139186295503212,,,34.94059472257669,5.009641438207037,1.022798847891982,0.48357201708214453,41.45660702575786,28.57142857142857,28.57142857142857,100.0,86.21748178980228,100.0
"Marsh, Alec",2023,36.402569593147746,13.704496788008566,66.70235546038545,45.182012847965744,,,25.27617490569377,0.7172640985352357,10.620061370611749,4.251403983513854,40.86490435835461,27.00729927007299,27.00729927007299,100.0,73.14025356576862,100.0
"Karinchak, James",2023,34.04710920770878,40.899357601713064,51.39186295503212,72.69807280513919,,,23.64065770591359,2.140585044066094,8.182390783135856,6.840529158307837,40.80416269142338,27.00729927007299,27.00729927007299,50.0,100.0,50.0
"Sánchez, Cristopher",2023,47.96573875802998,65.95289079229121,14.5610278372591,17.77301927194861,,,33.3050775227965,3.4518334742008214,2.318344055221826,1.6723532257424167,40.74760827796157,39.314637272217794,39.314637272217794,75.0,100.0,75.0
"Ruiz, José",2023,36.188436830835116,59.95717344753747,69.593147751606,14.775160599571734,,,25.127491523895575,3.138030431091656,11.080320852163139,1.3902695491111656,40.736112356261536,22.77854107422437,22.77854107422437,100.0,76.1877300613497,100.0
"Schmidt, Clarke",2023,45.182012847965744,46.680942184154176,18.629550321199144,41.54175588865097,,,31.372193559419927,2.4431808356356464,2.966116658886748,3.9088738047473357,40.690364858689655,42.20626546881551,42.20626546881551,100.0,100.0,100.0
"Jacques, Joe",2023,37.47323340471092,26.552462526766597,35.974304068522486,79.22912205567452,,,26.019591814684766,1.389699190912019,5.727673548195099,7.455068596683062,40.59203315047495,27.536231884057973,27.536231884057973,50.0,74.603517186251,50.0
"Baumann, Mike",2023,40.04282655246253,19.48608137044968,44.96788008565311,48.394004282655246,,,27.803792396263155,1.0198598901047882,7.159591935243875,4.553636494190195,40.53688071580201,29.909482492508324,29.909482492508324,75.0,92.09346092503986,75.0
"Abreu, Albert",2023,40.899357601713064,9.850107066381156,71.73447537473233,0.8565310492505354,,,28.39852592345595,0.5155335708222006,11.421253801460464,0.08059533618035743,40.415908631918974,29.145038372065272,29.145038372065272,100.0,87.68832391713747,100.0
"Greinke, Zack",2023,28.90792291220557,87.36616702355461,50.96359743040685,80.51391862955032,,,20.072256542756826,4.5725586281621275,8.114204193276391,7.5759616009535975,40.334980965148944,33.461224460316245,33.461224460316245,100.0,96.62398557258794,100.0
"Montgomery, Jordan",2023,40.25695931477516,45.82441113490364,45.82441113490364,27.944325481798714,,,27.952475778061352,2.3983518294771944,7.295965114962805,2.6294228428841606,40.27621556538551,53.43436185897291,53.43436185897291,100.0,100.0,100.0
"Domínguez, Seranthony",2023,41.32762312633833,4.710920770877944,56.9593147751606,22.483940042826553,,,28.695892687052346,0.24655953387148727,9.068816451308908,2.1156275747343827,40.12689624696713,27.359986606706876,27.359986606706876,75.0,93.69099491648512,75.0
"Leone, Dominic",2023,39.61456102783726,57.601713062098504,45.182012847965744,24.62526766595289,,,27.506425632666758,3.0147506641559128,7.193685230173608,2.317115915185276,40.03197744218156,24.168705188281127,24.168705188281127,75.0,93.86488579171505,75.0
"Turnbull, Spencer",2023,43.0406852248394,66.38115631691649,16.059957173447536,43.683083511777305,,,29.885359741437934,3.4742479772800476,2.556997119729955,4.110362145198229,40.02696698364617,20.948616600790515,20.948616600790515,100.0,52.48807221147646,100.0
"Baker, Bryan",2023,29.978586723768736,34.26124197002141,83.08351177730194,43.25481798715203,,,20.815673451747816,1.793160246338089,13.228198432736303,4.070064477108049,39.90709660793026,30.79584775086505,30.79584775086505,75.0,84.72893316728934,75.0
"Littell, Zack",2023,27.62312633832976,94.43254817987152,69.16488222698072,50.53533190578159,,,19.180156251967627,4.942397928969358,11.012134262303672,4.755124834641088,39.88981327788175,32.1082752295618,32.1082752295618,100.0,86.36461461461462,100.0
"Smith, Drew",2023,21.627408993576015,8.35117773019272,96.35974304068522,95.50321199143468,,,15.017021561618066,0.4370828100449093,15.341982718379729,8.986379984109853,39.78246707415256,36.70886075949368,36.70886075949368,100.0,82.49532710280374,100.0
"Giolito, Lucas",2023,42.398286937901496,29.978586723768736,36.61670235546038,30.406852248394006,,,29.439309596043337,1.569015215545828,5.829953432984297,2.8611344344026888,39.699412678976145,52.39322583945847,52.39322583945847,75.0,100.0,75.0
"Miller, Shelby",2023,34.90364025695932,32.54817987152035,34.68950749464668,86.93790149892934,,,24.23539123310639,1.703502234021185,5.523113778616704,8.180426622306278,39.64243386805056,24.24242424242424,24.24242424242424,75.0,79.2135265700483,75.0
"Anderson, Nick",2023,29.550321199143468,81.79871520342613,54.603854389721626,62.74089935760171,,,20.51830668815142,4.281170088132188,8.693790207081847,5.903608375211181,39.39687535857664,23.07692307692308,23.07692307692308,50.0,84.5043074884029,50.0
"Jackson, Andre",2023,22.483940042826553,47.75160599571734,76.65952890792292,96.1456102783726,,,15.611755088810863,2.4992170933337117,12.20539958484432,9.046826486245122,39.36319825323402,31.606420352584745,31.606420352584745,100.0,87.55411255411256,100.0
"Shaw, Bryan",2023,31.47751605995717,9.207708779443255,48.82226980728051,96.35974304068522,,,21.856457124335204,0.4819118162033615,7.773271243979064,9.06697532029021,39.17861550480784,25.650557620817843,25.650557620817843,100.0,71.61714809720311,100.0
"Abbott, Andrew",2023,37.901498929336185,45.396145610278374,27.62312633832976,64.5610278372591,,,26.316958578281167,2.375937326397968,4.398035045935522,6.074873464594441,39.165804415209095,37.21237936527876,37.21237936527876,100.0,100.0,100.0
"Bard, Daniel",2023,49.67880085653105,5.995717344753747,19.914346895074946,12.419700214132762,,,34.4945445771821,0.3138030431091656,3.170676428465144,1.1686323746151825,39.14765642337159,27.158160968085273,27.158160968085273,75.0,93.04481481481483,75.0
"Armstrong, Shawn",2023,33.61884368308351,85.4389721627409,27.194860813704498,70.8779443254818,,,23.343290942317193,4.47169336430561,4.329848456076058,6.669264068924577,38.81409683162344,23.257706617060855,23.257706617060855,100.0,80.93878406708596,100.0
"Banks, Tanner",2023,41.97002141327623,63.597430406852254,24.839400428265524,23.768736616702355,,,29.14194283244694,3.3285537072650784,3.954822211848997,2.2365205790049183,38.66183933056593,25.723403515504764,25.723403515504764,100.0,83.39837398373984,100.0
"Pérez, Eury",2023,26.33832976445396,68.95074946466809,98.50107066381156,11.349036402569594,,,18.288055961178436,3.6087349957554045,15.682915667677058,1.067888204389736,38.64759482900064,39.758389758389754,39.758389758389754,100.0,91.11169056931769,100.0
"Bido, Osvaldo",2023,43.897216274089935,25.910064239828696,36.83083511777302,8.779443254817988,,,30.48009326863073,1.35607743629318,5.8640467279140305,0.8261021958486636,38.5263196286866,25.351733670770646,25.351733670770646,100.0,81.2905788876277,100.0
"Contreras, Roansy",2023,23.340471092077088,41.97002141327623,82.3340471092077,73.87580299785867,,,16.206488616003657,2.196621301764159,13.108871900482235,6.951347745555828,38.46332956380588,34.892779477903886,34.892779477903886,75.0,93.18889911070224,75.0
"Alexander, Scott",2023,45.82441113490364,51.17773019271949,18.201284796573873,8.993576017130621,,,31.81824370481452,2.678533117967521,2.8979300690272822,0.846251029893753,38.24095792170307,43.50282485875706,43.50282485875706,75.0,83.10902074288471,75.0
"Webb, Jacob",2023,27.40899357601713,73.44753747323341,43.57601713062099,87.15203426124198,,,19.03147287016943,3.844087278087279,6.9379855182006125,8.200575456351368,38.01412112280869,27.294059309776863,27.294059309776863,75.0,90.16631280962491,75.0
"Urquidy, José",2023,18.201284796573873,89.07922912205566,71.09207708779444,98.50107066381156,,,12.638087452846886,4.6622166404790315,11.318973916671268,9.268463660741103,37.887741670738286,28.86185047886798,28.86185047886798,100.0,79.41976351351353,100.0
"Winckowski, Josh",2023,33.83297644539615,42.398286937901496,62.31263383297645,23.340471092077088,,,23.491974324115393,2.219035804843385,9.921148824552226,2.1962229109147398,37.82838186442575,31.66904077838673,31.66904077838673,100.0,90.5659543109801,100.0
"Davidson, Tucker",2023,39.186295503211994,36.402569593147746,14.132762312633835,67.45182012847965,,,27.20905886907036,1.9052327617342195,2.250157465362361,6.346882724203147,37.711331820370084,27.880568195866275,27.880568195866275,100.0,85.7156262749898,100.0
"May, Trevor",2023,22.698072805139187,34.04710920770878,72.80513918629549,89.72162740899357,,,15.760438470609062,1.781952994798476,11.591720276109129,8.44236146489244,37.576473206409105,20.634920634920636,20.634920634920636,100.0,76.19059613769942,100.0
"Whitlock, Garrett",2023,24.197002141327623,89.72162740899357,77.51605995717344,34.26124197002141,,,16.80122214319645,4.695838395097871,12.341772764563249,3.2238134472142965,37.06264675007186,33.631906288156294,33.631906288156294,100.0,91.6689635371806,100.0
"Tonkin, Michael",2023,29.764453961456105,79.87152034261243,31.263383297644538,73.12633832976445,,,20.66699006994962,4.18030482427567,4.977621059740979,6.880826826398015,36.70574278036428,42.13073651033893,42.13073651033893,50.0,100.0,50.0
"Williamson, Brandon",2023,16.488222698072803,14.775160599571734,94.64668094218416,99.78586723768737,,,11.448620398461298,0.773300356233301,15.06923635894187,9.38935666501164,36.680513778648105,37.566436854857464,37.566436854857464,100.0,92.14293478260869,100.0
"Weathers, Ryan",2023,27.8372591006424,23.126338329764454,73.23340471092077,47.109207708779444,,,19.328839633765828,1.2103831662782103,11.659906865968594,4.432743489919658,36.63187315593229,29.102379458560936,29.102379458560936,75.0,90.44869343530911,75.0
"Houser, Adrian",2023,23.126338329764454,29.550321199143468,62.526766595289075,95.71734475374733,,,16.057805234205457,1.546600712466602,9.955242119481959,9.006528818154942,36.56617688430896,41.9839337462446,41.9839337462446,100.0,92.96426005747126,100.0
"Hill, Rich",2023,22.91220556745182,73.87580299785867,46.466809421841546,98.28693790149893,,,15.90912185240726,3.866501781166505,7.398244999752004,9.248314826696015,36.422183460021785,45.30206659314553,45.30206659314553,100.0,91.17322025186327,100.0
"Lyles, Jordan",2023,31.905781584582442,67.02355460385438,12.419700214132762,92.93361884368309,,,22.153823887931605,3.5078697318988863,1.9774111059244985,8.744593975568781,36.38369870132377,40.19764053893747,40.19764053893747,100.0,97.46053274682306,100.0
"Francis, Bowden",2023,15.203426124197003,72.1627408993576,86.0813704496788,87.58029978586723,,,10.556520107672107,3.7768437688496004,13.705504561752559,8.240873124441546,36.27974156271581,25.925925925925924,25.925925925925924,75.0,72.30607187112763,75.0
"Stratton, Chris",2023,23.98286937901499,85.01070663811564,37.901498929336185,96.57387580299786,,,16.65253876139825,4.449278861226384,6.034513202562693,9.0871241543353,36.22345497952263,34.16246792663419,34.16246792663419,100.0,90.9188304093567,100.0
"France, J.P.",2023,14.989293361884368,53.96145610278372,85.01070663811564,100.0,,,10.407836725873908,2.82422738798249,13.535038087103896,9.40950549905673,36.17660770001702,38.157702889904954,38.157702889904954,100.0,97.13645052198206,100.0
"Barria, Jaime",2023,45.610278372591004,51.39186295503212,7.28051391862955,6.852248394004283,,,31.66956032301632,2.689740369507134,1.159172027610913,0.6447626894428594,36.163235409577226,41.216063099719605,41.216063099719605,100.0,90.9441975308642,100.0
"García, Luis",2023,23.554603854389722,36.83083511777302,97.64453961456103,22.91220556745182,,,16.355171997801854,1.927647264813446,15.546542487958128,2.155925242824561,35.985286993397985,32.452766369213066,32.452766369213066,100.0,87.01895093062606,100.0
"Gonsolin, Tony",2023,28.26552462526767,75.58886509635975,22.483940042826553,91.86295503211991,,,19.62620639736223,3.9561597934834096,3.5797959676219375,8.643849805343333,35.8060119638109,36.257373031129504,36.257373031129504,100.0,97.5347765083183,100.0
"Lynch IV, Daniel",2023,36.83083511777302,82.22698072805139,26.76659528907923,14.989293361884368,,,25.573541669290176,4.303584591211414,4.261661866216592,1.410418383156255,35.54920650987444,26.338613915565404,26.338613915565404,100.0,76.69539501478664,100.0
"Falter, Bailey",2023,35.33190578158458,95.93147751605996,26.124197002141326,19.48608137044968,,,24.53275799670278,5.02084868974665,4.159381981427393,1.8335438981031313,35.54653256597995,35.071235801755286,35.071235801755286,100.0,88.37884566488687,100.0
"Valdez, Framber",2023,20.342612419700217,31.905781584582442,88.43683083511777,56.53104925053534,,,14.124921270828876,1.6698804794023456,14.08053080597962,5.31929218790359,35.194624744114435,51.944188787820934,51.944188787820934,100.0,96.61858369997906,100.0
"Hill, Tim",2023,38.32976445396146,98.50107066381156,10.492505353319057,16.488222698072803,,,26.614325341877567,5.155335708222006,1.670571451556904,1.5514602214718802,34.99169272312835,27.584168560431905,27.584168560431905,50.0,100.0,50.0
"Abbott, Cory",2023,34.475374732334046,17.558886509635975,15.417558886509635,81.37044967880087,,,23.938024469509987,0.9189946262482708,2.4547172349407567,7.656556937133956,34.96829326783297,24.95953634755696,24.95953634755696,50.0,100.0,50.0
"Davies, Zach",2023,35.974304068522486,99.14346895074947,6.209850107066381,40.04282655246253,,,24.97880814209738,5.188957462840846,0.9887055529622493,3.76783196643171,34.924303124332184,30.77875472483052,30.77875472483052,100.0,90.53077099062,100.0
"Uribe, Abner",2023,26.124197002141326,4.282655246252676,64.02569593147751,66.16702355460386,,,18.13937257938024,0.2241450307922611,10.193895183990088,6.2259897199326115,34.7834025140952,23.371647509578544,23.371647509578544,50.0,85.35470941883767,50.0
"Sears, JP",2023,32.76231263383298,53.104925053533194,35.11777301927195,38.32976445396146,,,22.7485574151244,2.779398381824038,5.591300368476169,3.606641294070995,34.7258974594956,48.087040447046185,48.087040447046185,100.0,100.0,100.0
"Miley, Wade",2023,38.75802997858672,97.64453961456103,4.282655246252676,21.413276231263385,,,26.91169210547396,5.110506702063554,0.6818658985946546,2.014883404508936,34.7189481106411,39.72819625618845,39.72819625618845,75.0,93.14647016011646,75.0
"Gallen, Zac",2023,25.69593147751606,84.36830835117773,33.61884368308351,74.51820128479658,,,17.842005815783843,4.4156571066075445,5.352647303968039,7.011794247691096,34.622104474050516,53.5341364027325,53.5341364027325,100.0,97.9984289806857,100.0
"Cortes, Nestor",2023,29.336188436830835,26.98072805139186,49.892933618843685,51.82012847965739,,,20.36962330635322,1.412113693991245,7.943737718627728,4.876017838911625,34.601492557883816,32.86656077516827,32.86656077516827,75.0,93.08695652173914,75.0
"Irvin, Jake",2023,21.199143468950748,51.82012847965739,73.66167023554604,55.88865096359743,,,14.719654798021669,2.71215487258636,11.728093455828061,5.258845685768321,34.41874881220441,40.51744301920675,40.51744301920675,100.0,96.73094240024841,100.0
"Hoeing, Bryan",2023,32.54817987152035,43.897216274089935,36.188436830835116,39.400428265524624,,,22.599874033326202,2.2974865656206767,5.761766843124832,3.7073854642964412,34.36651290636815,36.325251295155766,36.325251295155766,75.0,93.58245948522402,75.0
"Gore, MacKenzie",2023,30.19271948608137,15.417558886509635,56.53104925053534,38.0085653104925,,,20.964356833546013,0.80692211085214,9.000629861449443,3.5764180430033603,34.34832684885096,48.12349203528687,48.12349203528687,75.0,97.72056285676358,75.0
"Miller, Mason",2023,25.053533190578158,14.346895074946467,80.94218415417559,33.61884368308351,,,17.395955670389245,0.7508858531540749,12.887265483438975,3.1633669450790287,34.19747395206132,23.954372623574145,23.954372623574145,75.0,76.85958702064896,75.0
"Pagán, Emilio",2023,29.1220556745182,64.45396145610277,48.60813704496788,29.764453961456105,,,20.220939924555022,3.37338271342353,7.739177949049331,2.8006879322674205,34.13418851929531,35.57507652395024,35.57507652395024,75.0,92.91618497109826,75.0
"Allen, Logan",2023,34.68950749464668,75.16059957173448,20.12847965738758,28.4796573875803,,,24.086707851308187,3.9337452904041834,3.204769723394877,2.6797949279968845,33.905017793104136,42.93414383084575,42.93414383084575,100.0,94.74417877793407,100.0
"Ramírez, Yohan",2023,24.839400428265524,1.070663811563169,54.81798715203426,79.65738758029978,,,17.24727228859105,0.05603625769806528,8.727883502011581,7.49536626477324,33.526558313073934,32.432432432432435,32.432432432432435,50.0,88.97777777777777,50.0
"Bradford, Cody",2023,37.04496788008566,91.22055674518201,5.567451820128479,19.271948608137045,,,25.722225051088376,4.774289155875162,0.886425668173051,1.813395064058042,33.19633493919463,34.72033770541233,34.72033770541233,75.0,87.9968193384224,75.0
"Clevinger, Mike",2023,17.130620985010705,33.83297644539615,81.79871520342613,68.95074946466809,,,11.894670543855893,1.7707457432588631,13.023638663157906,6.4879245625187725,33.17697951279143,44.18881731024835,44.18881731024835,100.0,92.18169805087547,100.0
"Carrasco, Carlos",2023,33.190578158458244,43.25481798715203,35.76017130620985,21.199143468950748,,,23.045924178720796,2.2638648110018376,5.693580253265367,1.9947345704638462,32.99810381345185,32.83713552169928,32.83713552169928,100.0,90.08227580372251,100.0
"Hernández, Carlos",2023,22.055674518201286,11.777301927194861,98.7152034261242,13.49036402569593,,,15.314388325214466,0.6163988346787181,15.717008962606792,1.2693765448406293,32.91717266734061,34.89438008288876,34.89438008288876,100.0,88.0376,100.0
"Gray, Josiah",2023,36.61670235546038,12.84796573875803,37.25910064239829,8.565310492505352,,,25.424858287491972,0.6724350923767834,5.932233317773496,0.8059533618035741,32.83548005944583,35.685604562933,35.685604562933,100.0,97.29382002168414,100.0
"Thompson, Ryan",2023,25.910064239828696,59.314775160599574,22.805139186295502,84.36830835117773,,,17.990689197582043,3.104408676472817,3.630935910016536,7.938640613765206,32.664674397836606,30.79584775086505,30.79584775086505,50.0,86.79391682184978,50.0
"Anderson, Tyler",2023,43.25481798715203,20.556745182012847,2.9978586723768736,7.066381156316917,,,30.03404312323613,1.0758961478028535,0.4773061290162583,0.6649115234879488,32.2521569235432,46.303349493069774,46.303349493069774,100.0,96.99035369774919,100.0
"Medina, Luis",2023,15.631691648822269,3.4261241970021414,96.1456102783726,58.886509635974306,,,10.853886871268504,0.1793160246338089,15.30788942345,5.540929362399573,31.882021681751887,38.787189746629146,38.787189746629146,100.0,92.6349614395887,100.0
"Bello, Brayan",2023,25.267665952890795,52.24839400428265,54.389721627408996,29.978586723768736,,,17.544639052187446,2.7345693756655858,8.659696912152116,2.82083676631251,31.75974210631766,46.26270266589272,46.26270266589272,100.0,97.09625322997417,100.0
"Verlander, Justin",2023,10.706638115631693,71.09207708779444,75.16059957173448,88.43683083511777,,,7.434169089909934,3.720807511151535,11.96674652033619,8.321468460621904,31.443191582019566,52.150552663136224,52.150552663136224,75.0,97.35883620689656,75.0
"Martinez, Adrián",2023,30.83511777301927,7.066381156316917,35.54603854389722,41.113490364025694,,,21.41040697894061,0.36983930080723093,5.659486958335634,3.8685761366571563,31.308309374740634,31.58165723906597,31.58165723906597,75.0,85.33660844250363,75.0
"Rodón, Carlos",2023,10.920770877944326,64.88222698072805,79.87152034261243,80.29978586723769,,,7.582852471708134,3.395797216502756,12.71679900879031,7.555812766908509,31.25126146390971,38.24164928038811,38.24164928038811,75.0,94.84332381858546,75.0
"Burke, Brock",2023,35.76017130620985,76.017130620985,13.062098501070663,1.4989293361884368,,,24.830124760299178,3.978574296562635,2.0796909907136967,0.1410418383156255,31.029431885891135,39.02439024390244,39.02439024390244,100.0,80.17360369975098,100.0
"Phillips, Connor",2023,19.48608137044968,11.563169164882227,60.599571734475376,76.87366167023555,,,13.53018774363608,0.6051915831391051,9.648402465114364,7.2334314221870795,31.017213214076627,18.367346938775512,18.367346938775512,50.0,63.51329243353784,50.0
"Covey, Dylan",2023,34.26124197002141,24.197002141327623,21.413276231263385,26.124197002141326,,,23.789341087711787,1.2664194239762754,3.409329492973274,2.458157753500901,30.92324775816224,24.81203007518797,24.81203007518797,75.0,78.39656044511887,75.0
"Lauer, Eric",2023,28.693790149892934,30.19271948608137,40.364025695931474,30.83511777301927,,,19.923573160958625,1.580222467085441,6.4265860942546205,2.9014321024928673,30.831813824791553,23.65411233335761,23.65411233335761,100.0,79.80202821869489,100.0
"Wentz, Joey",2023,11.777301927194861,46.466809421841546,80.08565310492506,77.08779443254818,,,8.177585998900927,2.4319735840960335,12.750892303720043,7.253580256232168,30.61403214294917,36.27549798168295,36.27549798168295,100.0,99.634011420414,100.0
"Cueto, Johnny",2023,35.54603854389722,94.00428265524626,3.854389721627409,3.4261241970021414,,,24.681441378500985,4.919983425890132,0.6136793087351892,0.3223813447214297,30.537485457847733,24.52830188679245,24.52830188679245,100.0,74.21385902031064,100.0
"DeSclafani, Anthony",2023,26.552462526766597,59.52890792291221,25.267665952890795,52.24839400428265,,,18.436739342976637,3.11561592801243,4.023008801708463,4.916315507001802,30.491679579699333,40.63606494812092,40.63606494812092,100.0,87.52614590058104,100.0
"Wilson, Bryse",2023,14.775160599571734,21.627408993576015,66.16702355460386,88.86509635974305,,,10.25915334407571,1.1319324055009188,10.534828133287416,8.361766128712084,30.28768001157613,30.963831296057208,30.963831296057208,100.0,87.10561929979406,100.0
"Llovera, Mauricio",2023,15.845824411134904,68.73661670235546,47.53747323340471,82.01284796573876,,,11.002570253066702,3.5975277442157916,7.568711474400668,7.717003439269223,29.885812910952385,27.79783393501805,27.79783393501805,50.0,88.74156660949114,50.0
"Honeywell, Brent",2023,10.06423982869379,25.69593147751606,83.29764453961455,85.65310492505354,,,6.988118944515338,1.344870184753567,13.262291727666032,8.059533618035744,29.654814474970678,26.463966503946555,26.463966503946555,100.0,81.23897996357013,100.0
"Waldichuk, Ken",2023,22.269807280513916,5.567451820128479,40.68522483940043,76.017130620985,,,15.463071707012661,0.29138854002993947,6.47772603664922,7.152836086006721,29.38502236969854,48.09717457063795,48.09717457063795,75.0,100.0,75.0
"Law, Derek",2023,16.70235546038544,11.991434689507495,95.28907922912205,17.558886509635975,,,11.597303780259498,0.6276060862183312,15.171516243731066,1.6522043916973272,29.048630501906224,23.07692307692308,23.07692307692308,100.0,69.26469514421322,100.0
"Javier, Cristian",2023,10.278372591006423,49.892933618843685,67.6659528907923,90.5781584582441,,,7.1368023263135365,2.6112896087298423,10.773481197795546,8.522956801072796,29.04452993391172,60.576972434679945,60.576972434679945,75.0,95.77369334200824,75.0
"Bieber, Shane",2023,27.194860813704498,79.22912205567452,3.2119914346895073,56.9593147751606,,,18.882789488371234,4.146683069656832,0.511399423945991,5.359589855993769,28.900461837967825,36.863245501270306,36.863245501270306,100.0,95.76595018764927,100.0
"Mikolas, Miles",2023,6.638115631691649,89.50749464668094,87.68736616702355,59.100642398286936,,,4.609184835744159,4.684631143558258,13.961204273725555,5.5610781964446625,28.816098449472634,47.37179007398098,47.37179007398098,100.0,97.6994775339603,100.0
"Lambert, Jimmy",2023,5.139186295503212,22.483940042826553,92.93361884368309,98.07280513918629,,,3.5684011631567683,1.176761411659371,14.796489999504008,9.228165992650924,28.769818566971068,23.954372623574145,23.954372623574145,100.0,71.72378138847859,100.0
"Syndergaard, Noah",2023,20.985010706638114,94.21841541755889,53.104925053533194,6.423982869379015,,,14.57097141622347,4.931190677429745,8.455137142573719,0.6044650213526807,28.561764257579615,32.090061551932834,32.090061551932834,100.0,84.53939393939393,100.0
"Lynn, Lance",2023,32.11991434689507,64.02569593147751,14.346895074946467,4.710920770877944,,,22.3025072697298,3.350968210344304,2.2842507602920934,0.4432743489919658,28.381000589358166,47.01717497439776,47.01717497439776,100.0,98.05378061767838,100.0
"Rea, Colin",2023,13.276231263383298,66.80942184154176,67.45182012847965,51.605995717344754,,,9.218369671488318,3.4966624803592743,10.739387902865811,4.855869004866535,28.310289059579937,35.79127991106104,35.79127991106104,100.0,89.64905079527963,100.0
"Liberatore, Matthew",2023,7.494646680942184,32.11991434689507,93.79014989293361,67.13062098501071,,,5.203918362936954,1.6810877309419585,14.932863179222936,6.3166594731355135,28.13452874623736,26.950280009185704,26.950280009185704,100.0,75.6965605914497,100.0
"Smith-Shawver, AJ",2023,7.922912205567452,35.974304068522486,84.36830835117773,77.73019271948608,,,5.501285126533351,1.8828182586549937,13.432758202314698,7.3140267583674365,28.130888345870478,23.66412213740458,23.66412213740458,75.0,68.32450331125828,75.0
"Manning, Matt",2023,12.633832976445397,57.38758029978587,56.102783725910065,78.80085653104925,,,8.772319526093723,3.0035434126162994,8.932443271589976,7.4147709285928824,28.12307713889288,31.700824889432862,31.700824889432862,75.0,94.27368421052631,75.0
"Nelson, Ryne",2023,0.4282655246252677,67.23768736616702,95.07494646680942,95.28907922912205,,,0.29736676359639735,3.5190769834385,15.137422948801335,8.966231150064763,27.920097845900997,48.44080017325783,48.44080017325783,100.0,93.49157451290154,100.0
"King, John",2023,24.62526766595289,88.86509635974305,29.336188436830835,13.704496788008566,,,17.09858890679285,4.6510093889394195,4.6707814053733845,1.2895253788857188,27.709905079991373,26.47058823529412,26.47058823529412,50.0,79.69703543022413,50.0
"Severino, Luis",2023,11.134903640256958,81.5845824411135,78.37259100642399,33.190578158458244,,,7.7315358535063305,4.269962836592575,12.478145944282183,3.12306927698885,27.60271391136994,35.54821207463738,35.54821207463738,100.0,93.3327156681079,100.0
"Bielak, Brandon",2023,17.558886509635975,47.32334047109208,28.586723768736615,89.07922912205566,,,12.192037307452292,2.476802590254486,4.55145487311932,8.381914962757172,27.60220973358327,29.009047435503057,29.009047435503057,100.0,89.25096061479346,100.0
"Battenfield, Peyton",2023,31.263383297644538,7.708779443254818,12.84796573875803,36.402569593147746,,,21.707773742537007,0.40346105542607,2.045597695783964,3.42530178766519,27.582134281412234,23.06695343236774,23.06695343236774,75.0,72.06415094339624,75.0
"Rodriguez, Eduardo",2023,33.40471092077088,66.16702355460386,3.640256959314775,2.569593147751606,,,23.194607560518996,3.4630407257404348,0.5795860138054565,0.24178600854107227,27.47902030860596,38.6497005504738,38.6497005504738,100.0,94.5498875772906,100.0
"Wood, Alex",2023,25.481798715203425,60.38543897216274,9.100642398286936,54.81798715203426,,,17.693322433985642,3.160444934170882,1.4489650345136411,5.158101515542875,27.46083391821304,37.26342145442874,37.26342145442874,75.0,100.0,75.0
"Holmes, Clay",2023,14.5610278372591,4.925053533190578,67.88008565310493,65.0963597430407,,,10.110469962277511,0.2577667854111003,10.807574492725278,6.125245549707165,27.301056790121052,43.66197183098591,43.66197183098591,75.0,87.30141493912471,75.0
"Scholtens, Jesse",2023,8.565310492505352,54.17558886509636,79.44325481798715,61.24197002141327,,,5.947335271927947,2.8354346395221035,12.648612418930846,5.762566536895555,27.19394886727645,40.5074805647906,40.5074805647906,75.0,96.51886341929321,75.0
"Weaver, Luke",2023,19.05781584582441,67.45182012847965,54.17558886509636,19.05781584582441,,,13.232820980039683,3.530284234978113,8.625603617222382,1.7932462300129526,27.18195506225313,41.15391647030146,41.15391647030146,100.0,92.07664562669072,100.0
"Ward, Thaddeus",2023,17.77301927194861,16.488222698072803,37.04496788008566,85.01070663811564,,,12.340720689250492,0.8629583685502054,5.898140022843764,7.999087115900474,27.100906196544933,17.695473251028808,17.695473251028808,75.0,77.04703476482618,75.0
"Cox, Austin",2023,19.700214132762312,42.184154175588866,30.83511777301927,64.88222698072805,,,13.678871125434279,2.2078285533037723,4.909434469881513,6.105096715662075,26.90123086428164,21.875,21.875,100.0,62.67896895137669,100.0
"Ortiz, Luis",2023,13.49036402569593,21.199143468950748,92.07708779443254,16.274089935760173,,,9.367053053286517,1.1095179024216926,14.660116819785076,1.5313113874267912,26.667999162920076,33.20544103681899,33.20544103681899,100.0,92.42754884890695,100.0
"Assad, Javier",2023,6.423982869379015,16.70235546038544,81.37044967880087,88.0085653104925,,,4.460501453945961,0.8741656200898186,12.95545207329844,8.281170792531725,26.571289939865945,33.37078104061187,33.37078104061187,100.0,86.3325406262386,100.0
"Pallante, Andre",2023,8.993576017130621,26.33832976445396,86.93790149892934,52.890792291220556,,,6.244702035524345,1.378491939372406,13.84187774147149,4.976762009137071,26.44183372550531,47.22955145118733,47.22955145118733,75.0,86.6431483223581,75.0
"Megill, Tylor",2023,3.640256959314775,15.203426124197003,95.71734475374733,82.3340471092077,,,2.527617490569378,0.7957148593125272,15.239702833590533,7.7472266903368565,26.310261873809292,44.395281924771325,44.395281924771325,100.0,96.64538000630716,100.0
"Harris, Hogan",2023,4.925053533190578,58.886509635974306,71.30620985010707,89.29336188436831,,,3.4197177813585697,3.081994173393591,11.353067211601001,8.402063796802262,26.25684296315542,30.972618078175895,30.972618078175895,100.0,82.21828358208957,100.0
"Ferrer, José A.",2023,20.12847965738758,47.96573875802998,53.747323340471084,4.068522483940043,,,13.976237889030676,2.510424344873325,8.557417027362915,0.3828278468566978,25.426907108123615,22.48062015503876,22.48062015503876,75.0,62.50483558994197,75.0
"Hjelle, Sean",2023,16.059957173447536,61.67023554603854,31.905781584582442,62.31263383297645,,,11.1512536348649,3.22768844340856,5.079900944530178,5.863310707121003,25.32215372992464,22.48062015503876,22.48062015503876,50.0,74.48648648648648,50.0
"Lorenzen, Michael",2023,21.841541755888652,33.40471092077088,43.57601713062099,14.5610278372591,,,15.165704943416268,1.7483312401796371,6.9379855182006125,1.3701207150660761,25.222142416862592,39.15653601679151,39.15653601679151,100.0,96.54428754813863,100.0
"Fujinami, Shintaro",2023,10.492505353319057,1.9271948608137044,96.57387580299786,25.69593147751606,,,7.285485708111735,0.1008652638565175,15.376076013309463,2.4178600854107226,25.18028707068844,38.78619467600983,38.78619467600983,100.0,89.5120808678501,100.0
"Henry, Tommy",2023,21.413276231263385,13.062098501070663,7.922912205567452,87.79443254817987,,,14.868338179819869,0.6836423439163964,1.2614519124001113,8.261021958486635,25.07445439462301,32.7506762483967,32.7506762483967,100.0,90.58561151079137,100.0
"Kopech, Michael",2023,18.843683083511777,0.8565310492505354,43.25481798715203,50.96359743040685,,,13.084137598241485,0.04482900615845223,6.886845575806012,4.795422502731267,24.811234682937215,52.41284803942654,52.41284803942654,75.0,94.27487306161657,75.0
"Thompson, Mason",2023,1.7130620985010707,38.97216274089936,78.80085653104925,93.79014989293361,,,1.1894670543855894,2.0397197802095763,12.546332534141646,8.825189311749137,24.60070868048595,36.30573248407643,36.30573248407643,100.0,83.9096677864875,100.0
"Woodford, Jake",2023,1.9271948608137044,39.186295503211994,76.017130620985,96.78800856531049,,,1.3381504361837882,2.0509270317491897,12.10311970005512,9.10727298838039,24.599470156368486,29.577464788732392,29.577464788732392,100.0,76.9032258064516,100.0
"Saucedo, Tayler",2023,26.76659528907923,73.01927194860814,8.565310492505352,7.494646680942184,,,18.585422724774837,3.8216727750080524,1.3637317971893093,0.7052091915781274,24.476036488550328,24.81203007518797,24.81203007518797,100.0,71.67908309455586,100.0
"Pearson, Nate",2023,2.7837259100642395,6.209850107066381,87.68736616702355,86.29550321199143,,,1.9328839633765826,0.3250102946487787,13.961204273725555,8.119980120171011,24.339078651921927,33.33333333333333,33.33333333333333,75.0,80.86883763003166,75.0
"Ort, Kaleb",2023,9.635974304068522,14.989293361884368,56.3169164882227,83.08351177730194,,,6.690752180918941,0.784507607772914,8.96653656651971,7.817747609494671,24.259543964706236,21.875,21.875,50.0,76.75409836065573,50.0
"Gibson, Kyle",2023,18.41541755888651,46.25267665952891,29.1220556745182,44.11134903640257,,,12.786770834645088,2.4207663325564206,4.636688110443652,4.150659813288407,23.994885090933565,41.15932205245857,41.15932205245857,100.0,98.67435897435898,100.0
"Gaddis, Hunter",2023,13.704496788008566,86.29550321199143,40.04282655246253,35.11777301927195,,,9.515736435084715,4.516522370464062,6.375446151860022,3.3044087833946545,23.712113740803453,23.19023569023569,23.19023569023569,75.0,74.38644986449866,75.0
"Kluber, Corey",2023,26.98072805139186,35.11777301927195,0.21413276231263384,30.620985010706637,,,18.734106106573034,1.8379892524965415,0.03409329492973274,2.8812832684477776,23.487471922447085,23.16179682166649,23.16179682166649,100.0,84.22680412371133,100.0
"Dunning, Dane",2023,28.4796573875803,51.605995717344754,2.7837259100642395,5.781584582441114,,,19.774889779160425,2.7009476210467467,0.4432128340865255,0.5440185192174126,23.463068753511113,45.73954367150301,45.73954367150301,100.0,95.96847656718208,100.0
"Headrick, Brent",2023,14.346895074946467,71.30620985010707,26.33832976445396,58.67237687366167,,,9.961786580479313,3.732014762691148,4.193475276357126,5.520780528354483,23.40805714788207,19.35483870967742,19.35483870967742,50.0,80.66024268379729,50.0
"Long, Sam",2023,3.4261241970021414,54.389721627408996,77.30192719486081,61.67023554603854,,,2.378934108771179,2.846641891061717,12.307679469633516,5.802864204985735,23.336119674452146,31.27147766323024,31.27147766323024,75.0,83.9539748953975,75.0
"Bleier, Richard",2023,19.271948608137045,88.43683083511777,9.100642398286936,37.687366167023555,,,13.381504361837882,4.628594885860193,1.4489650345136411,3.5461947919357266,23.005259074147443,22.17898832684825,22.17898832684825,50.0,61.57633242999097,50.0
"Finnegan, Kyle",2023,16.274089935760173,52.03426124197003,43.0406852248394,22.055674518201286,,,11.299937016663101,2.7233621241259733,6.852752280876279,2.0753299066442037,22.951381328309555,40.92037985749312,40.92037985749312,75.0,93.63675213675214,75.0
"Rucker, Michael",2023,3.854389721627409,63.811563169164884,77.08779443254818,48.82226980728051,,,2.6763008723675763,3.3397609588046913,12.273586174703784,4.593934162280373,22.883582168156426,23.07692307692308,23.07692307692308,100.0,68.10019841269842,100.0
"López, Jorge",2023,2.9978586723768736,23.554603854389722,87.15203426124198,57.81584582441114,,,2.0815673451747814,1.2327976693574363,13.875971036401225,5.440185192174127,22.63052124310757,27.536231884057973,27.536231884057973,100.0,70.44178794178794,100.0
"Lambert, Peter",2023,18.629550321199144,37.47323340471092,21.948608137044967,42.82655246252677,,,12.935454216443286,1.9612690194322848,3.4945627302976052,4.029766809017872,22.421052775191047,32.72935153394292,32.72935153394292,100.0,93.99833808167142,100.0
"Englert, Mason",2023,17.34475374732334,96.1456102783726,4.925053533190578,47.32334047109208,,,12.043353925654094,5.032055941286263,0.7841457833838529,4.452892323964748,22.312447974288954,25.601788237198928,25.601788237198928,100.0,89.74132492113566,100.0
"Curry, Xzavion",2023,2.141327623126338,55.24625267665952,72.59100642398288,64.23982869379014,,,1.4868338179819867,2.8914708972201684,11.557626981179398,6.044650213526806,21.98058190990836,41.89170843075747,41.89170843075747,75.0,91.99214365881032,75.0
"La Sorsa, Joe",2023,13.9186295503212,37.687366167023555,16.809421841541756,77.30192719486081,,,9.664419816882914,1.9724762709718981,2.6763236519840197,7.273729090277257,21.58694883011609,20.634920634920636,20.634920634920636,50.0,75.17717717717719,50.0
"Adon, Joan",2023,5.353319057815846,47.53747323340471,74.51820128479658,35.76017130620985,,,3.717084544954967,2.488009841794099,11.864466635546991,3.3648552855299223,21.43441630782598,25.650557620817843,25.650557620817843,100.0,66.73444976076554,100.0
"Palencia, Daniel",2023,8.35117773019272,8.565310492505352,56.74518201284796,59.314775160599574,,,5.798651890129749,0.4482900615845222,9.034723156379174,5.581227030489752,20.8628921385832,20.318725099601597,20.318725099601597,50.0,83.60425844346548,50.0
"Manoah, Alek",2023,16.916488222698074,3.640256959314775,30.620985010706637,42.184154175588866,,,11.745987162057697,0.19052327617342196,4.875341174951781,3.969320306882603,20.781171920065503,32.33439496235672,32.33439496235672,100.0,96.49911190053285,100.0
"Carasiti, Matt",2023,9.421841541755889,32.33404710920771,61.9914346895075,27.944325481798714,,,6.5420687991207425,1.6922949824815716,9.870008882157627,2.6294228428841606,20.7337955066441,22.17898832684825,22.17898832684825,50.0,72.92063492063491,50.0
"Alexander, Tyler",2023,20.770877944325484,80.72805139186295,1.070663811563169,18.843683083511777,,,14.422288034425273,4.225133830434122,0.17046647464866366,1.7730973959678633,20.590985735475922,21.568627450980397,21.568627450980397,100.0,57.19734904270986,100.0
"Ashcraft, Graham",2023,17.987152034261243,2.141327623126338,39.400428265524624,15.845824411134904,,,12.48940407104869,0.11207251539613056,6.273166267070823,1.4910137193366124,20.36565657285226,55.770181503647045,55.770181503647045,75.0,97.51314088754847,75.0
"Cuas, Jose",2023,20.556745182012847,25.267665952890795,16.809421841541756,21.841541755888652,,,14.273604652627073,1.322455681674341,2.6763236519840197,2.0551810725991144,20.32756505888455,31.48139545686812,31.48139545686812,100.0,83.21303258145365,100.0
"Wainwright, Adam",2023,11.563169164882227,42.61241970021413,4.710920770877944,97.64453961456103,,,8.028902617102728,2.2302430563829985,0.7500524884541202,9.187868324560746,20.197066486500592,37.63528111060227,37.63528111060227,100.0,92.40386419058338,100.0
"Cecconi, Slade",2023,3.2119914346895073,78.37259100642399,39.82869379014989,78.15845824411134,,,2.2302507269729803,4.101854063498379,6.341352856930288,7.354324426457614,20.027782073859264,25.925925925925924,25.925925925925924,50.0,72.17719298245613,50.0
"Loup, Aaron",2023,13.062098501070663,77.94432548179871,28.051391862955033,18.41541755888651,,,9.06968628969012,4.079439560419153,4.466221635794988,1.7327997278776845,19.348147213781942,30.55555555555556,30.55555555555556,75.0,81.83062161034627,75.0
"Fleming, Josh",2023,9.850107066381156,92.07708779443254,23.126338329764454,41.32762312633833,,,6.8394355627171395,4.8191181620336145,3.6820758524111357,3.888724970702246,19.229354547864133,28.16166333150658,28.16166333150658,75.0,81.66159520516366,75.0
"Willingham, Amos",2023,2.569593147751606,25.053533190578158,50.74946466809421,76.23126338329764,,,1.7842005815783841,1.3112484301347276,8.080110898346657,7.17298492005181,18.348544830111578,25.37313432835821,25.37313432835821,50.0,79.07843137254902,50.0
"Lucchesi, Joey",2023,12.84796573875803,56.9593147751606,15.203426124197003,37.25910064239829,,,8.921002907891921,2.981128909537073,2.4206239400110245,3.505897123845548,17.828652881285567,29.577464788732392,29.577464788732392,75.0,78.55798156234837,75.0
"Bird, Jake",2023,4.068522483940043,33.190578158458244,62.95503211991434,32.54817987152035,,,2.8249842541657753,1.7371239886400238,10.023428709341424,3.0626227748535824,17.648159727000806,42.77420243203771,42.77420243203771,100.0,89.11111111111111,100.0
"Martinez, Seth",2023,11.349036402569594,80.94218415417559,11.349036402569594,38.75802997858672,,,7.880219235304531,4.236341081973736,1.806944631275835,3.646938962161173,17.570443910715277,21.875,21.875,100.0,72.36212914485165,100.0
"Stanek, Ryne",2023,0.6423982869379015,28.90792291220557,67.23768736616702,42.398286937901496,,,0.44605014539459603,1.5129789578477628,10.705294607936079,3.9894691409276923,16.65379285210613,39.75903614457831,39.75903614457831,75.0,83.83514887436456,75.0
"Sheehan, Emmet",2023,0.21413276231263384,46.03854389721627,64.23982869379014,40.25695931477516,,,0.14868338179819868,2.4095590810168073,10.22798847891982,3.7879808004767987,16.574211742211624,38.46153846153847,38.46153846153847,75.0,87.14769133459836,75.0
"Pérez, Martín",2023,15.417558886509635,99.78586723768737,2.141327623126338,0.21413276231263384,,,10.705203489470305,5.222579217459685,0.3409329492973273,0.020148834045089357,16.288864490272402,45.52674209281042,45.52674209281042,100.0,94.19511849013765,100.0
"Gomber, Austin",2023,7.708779443254818,55.6745182012848,16.488222698072803,57.17344753747323,,,5.352601744735153,2.913885400299395,2.6251837095894204,5.379738690038858,16.271409544662824,41.316521599663965,41.316521599663965,100.0,100.0,100.0
"Priester, Quinn",2023,5.781584582441114,29.764453961456105,52.67665952890792,24.411134903640257,,,4.014451308551364,1.557807964006215,8.386950552714252,2.2969670811401866,16.256176906412016,22.17898832684825,22.17898832684825,100.0,59.943576388888886,100.0
"Elder, Bryce",2023,19.914346895074946,35.76017130620985,1.4989293361884368,3.2119914346895073,,,13.827554507232477,1.8716110071153804,0.23865306450812915,0.3022325106763403,16.240051089532326,47.755103093429916,47.755103093429916,100.0,100.0,100.0
"Quantrill, Cal",2023,12.419700214132762,21.841541755888652,37.687366167023555,2.141327623126338,,,8.623636144295524,1.1431396570405319,6.000419907632962,0.20148834045089353,15.968684049419911,33.7629840564276,33.7629840564276,100.0,85.39670394349618,100.0
"Suárez, Andrew",2023,12.205567451820128,48.60813704496788,11.563169164882227,25.910064239828696,,,8.474952762497324,2.544046099492164,1.8410379262055678,2.4380089194558123,15.298045707650868,20.634920634920636,20.634920634920636,75.0,52.480737018425465,75.0
"Ureña, José",2023,8.779443254817988,34.90364025695932,40.899357601713064,0.4282655246252677,,,6.096018653726146,1.8267820009569287,6.511819331578953,0.040297668090178713,14.474917654352208,27.27272727272727,27.27272727272727,100.0,70.15434500648507,100.0
"Stroman, Marcus",2023,9.207708779443255,86.7237687366167,2.355460385438972,28.693790149892934,,,6.393385417322544,4.538936873543288,0.3750262442270601,2.6999437620419737,14.007292297134866,47.328499789645655,47.328499789645655,100.0,87.3563322741716,100.0
"Muller, Kyle",2023,1.070663811563169,63.16916488222698,44.00428265524625,31.049250535331907,,,0.7434169089909933,3.3061392041858517,7.006172108060077,2.9215809365379566,13.97730915777488,40.67599067599068,40.67599067599068,100.0,90.8750573131591,100.0
"Davis, Noah",2023,14.132762312633835,19.05781584582441,18.41541755888651,0.6423982869379015,,,9.813103198681114,0.9974453870255621,2.9320233639570152,0.06044650213526807,13.803018451798959,22.48062015503876,22.48062015503876,100.0,68.11559633027522,100.0
"Mantiply, Joe",2023,6.852248394004283,78.58672376873662,2.569593147751606,35.33190578158458,,,4.757868217542358,4.113061315037992,0.4091195391567928,3.3245576174397438,12.604606689176887,27.00729927007299,27.00729927007299,100.0,68.41002949852508,100.0
"Corbin, Patrick",2023,5.567451820128479,98.92933618843684,19.48608137044968,1.284796573875803,,,3.8657679267531653,5.177750211301233,3.102489838605679,0.12089300427053613,12.266900980930615,55.14266340084448,55.14266340084448,100.0,97.5811088295688,100.0
"Flexen, Chris",2023,5.995717344753747,31.263383297644538,11.777301927194861,47.75160599571734,,,4.163134690349563,1.6362587247835063,1.8751312211353004,4.493189992054926,12.167714628323296,38.069414239544365,38.069414239544365,100.0,92.14308363059851,100.0
"Hudson, Dakota",2023,11.991434689507495,20.985010706638114,7.066381156316917,13.276231263383298,,,8.326269380699125,1.0983106508820795,1.1250787326811804,1.24922771079554,11.798886475057923,33.570368032116725,33.570368032116725,100.0,95.38623924941359,100.0
"Buttó, José",2023,7.066381156316917,37.901498929336185,16.274089935760173,23.126338329764454,,,4.906551599340557,1.983683522511511,2.5910904146596883,2.1760740768696505,11.657399613381408,24.52830188679245,24.52830188679245,75.0,77.93711656441718,75.0
"Seabold, Connor",2023,0.8565310492505354,76.23126338329764,31.69164882226981,20.985010706638114,,,0.5947335271927947,3.9897815481022483,5.045807649600445,1.9745857364187567,11.604908461314245,43.65789701066669,43.65789701066669,75.0,95.81177500547166,75.0
"Williams, Trevor",2023,6.209850107066381,100.0,8.779443254817988,5.353319057815846,,,4.311818072147762,5.2337864689992974,1.3978250921190423,0.503720851127234,11.447150484393337,44.75997385507768,44.75997385507768,100.0,95.08131332563806,100.0
"Shuster, Jared",2023,7.28051391862955,36.188436830835116,9.421841541755889,8.137044967880087,,,5.055234981138756,1.8940255101946066,1.5001049769082404,0.7656556937133956,9.215021161954997,27.244582043343655,27.244582043343655,75.0,90.47061098221191,75.0
"Singer, Brady",2023,4.710920770877944,70.02141327623126,8.137044967880087,10.278372591006423,,,3.2710343995603712,3.6647712534534693,1.2955452073298441,0.9671440341642891,9.198494894507974,58.27730542129719,58.27730542129719,75.0,97.184,75.0
"Dodd, Dylan",2023,1.284796573875803,91.43468950749465,15.738758029978586,10.492505353319057,,,0.8921002907891921,4.785496407414776,2.505857177335356,0.9872928682093783,9.170746743748703,27.79783393501805,27.79783393501805,75.0,70.07332101047442,75.0
"Freeland, Kyle",2023,8.137044967880087,58.2441113490364,0.4282655246252677,2.7837259100642395,,,5.6499685083315505,3.0483724187747514,0.06818658985946548,0.2619348425861616,9.028462359551927,39.35100075759933,39.35100075759933,100.0,100.0,100.0
"Teheran, Julio",2023,4.496788008565311,74.08993576017131,8.35117773019272,6.638115631691649,,,3.1223510177621727,3.877709032706118,1.329638502259577,0.62461385539777,8.954312408125638,31.7953347804094,31.7953347804094,100.0,80.27962962962962,100.0
"Ramírez, Erasmo",2023,1.4989293361884368,67.6659528907923,13.704496788008566,17.987152034261243,,,1.0407836725873907,3.5414914865177263,2.1819708755028953,1.692502059787506,8.456748094395518,29.977403486212808,29.977403486212808,100.0,83.6424394319131,100.0
"Blach, Ty",2023,2.355460385438972,81.15631691648822,1.7130620985010707,15.203426124197003,,,1.6355171997801856,4.247548333513349,0.2727463594378619,1.4305672172013444,7.586379109932741,38.6677123591145,38.6677123591145,100.0,86.41588385994876,100.0
"Chirinos, Yonny",2023,4.282655246252676,36.61670235546038,7.494646680942184,12.633832976445397,,,2.9736676359639733,1.9164400132738326,1.1932653225406458,1.188781208660272,7.272154180438724,37.18527978449966,37.18527978449966,75.0,100.0,75.0
