player_name,comp_player_name,rank,physical_distance
"Abbott, Andrew","Castillo, José",1,0.3388187031832864
"Abbott, Andrew","Herrin, Tim",2,0.5598271639828005
"Abbott, Andrew","Rolison, Ryan",3,0.5946410326787861
"Abbott, Andrew","Povich, Cade",4,0.6241768665608469
"Abbott, Andrew","Waddell, Brandon",5,0.6352134512910684
"Abbott, Andrew","Seymour, Ian",6,0.643714533804852
"Abbott, Andrew","Lucchesi, Joey",7,0.6593398968227879
"Abbott, Andrew","Fried, Max",8,0.6788326152096416
"Abbott, Andrew","Detmers, Reid",9,0.6839005441506227
"Abbott, Andrew","Dodd, Dylan",10,0.7134085267858987
"Abel, Mick","Leiter, Jack",1,0.2444363180327337
"Abel, Mick","Pagán, Emilio",2,0.24668481668847672
"Abel, Mick","Rocker, Kumar",3,0.3201950853711303
"Abel, Mick","Salazar, Eduardo",4,0.34068895409213196
"Abel, Mick","Smith, Shane",5,0.376338701276665
"Abel, Mick","Armstrong, Shawn",6,0.38422850655424307
"Abel, Mick","Houser, Adrian",7,0.4310871815878188
"Abel, Mick","Finnegan, Kyle",8,0.46448347006599733
"Abel, Mick","Ginn, J.T.",9,0.48928536738755385
"Abel, Mick","Ross, Joe",10,0.5054493222342368
"Abreu, Bryan","Hoffman, Jeff",1,0.23048869246397893
"Abreu, Bryan","Rodríguez, Randy",2,0.29336557357473697
"Abreu, Bryan","Finnegan, Kyle",3,0.3699229688598174
"Abreu, Bryan","Kirby, George",4,0.3834198067804628
"Abreu, Bryan","Skenes, Paul",5,0.4116937412772322
"Abreu, Bryan","Ohtani, Shohei",6,0.4479747099920342
"Abreu, Bryan","Salazar, Eduardo",7,0.5134082078032169
"Abreu, Bryan","Matthews, Zebby",8,0.5352493071822448
"Abreu, Bryan","Svanson, Matt",9,0.549511889920912
"Abreu, Bryan","Holderman, Colin",10,0.5657386910994779
"Adam, Jason","Quantrill, Cal",1,0.31042008516851805
"Adam, Jason","Waldrep, Hurston",2,0.5964802533336774
"Adam, Jason","Giolito, Lucas",3,0.6537824371100874
"Adam, Jason","Blalock, Bradley",4,0.7274975318604125
"Adam, Jason","Burrows, Mike",5,0.7415662826512667
"Adam, Jason","Elder, Bryce",6,0.7443471859080077
"Adam, Jason","Littell, Zack",7,0.7571727198014142
"Adam, Jason","Woods Richardson, Simeon",8,0.7596757592896267
"Adam, Jason","Mikolas, Miles",9,0.8077802927543122
"Adam, Jason","Merryweather, Julian",10,0.8328546373542689
"Adams, Travis","Bido, Osvaldo",1,0.3115157500119299
"Adams, Travis","Santana, Dennis",2,0.313362411135582
"Adams, Travis","Blackburn, Paul",3,0.325702212037924
"Adams, Travis","Fernandez, Ryan",4,0.37580029402025195
"Adams, Travis","Vasil, Mike",5,0.38264389648105557
"Adams, Travis","Horton, Cade",6,0.40272834735857926
"Adams, Travis","Englert, Mason",7,0.43853277293209414
"Adams, Travis","Rodríguez, Yariel",8,0.4504955856429598
"Adams, Travis","Cannon, Jonathan",9,0.45887603151469636
"Adams, Travis","Mazur, Adam",10,0.5413174266842192
"Agnos, Zach","Alcantara, Sandy",1,0.15555044143075003
"Agnos, Zach","Hernández, Daysbel",2,0.2382925461166426
"Agnos, Zach","Mejia, Juan",3,0.3119808698833032
"Agnos, Zach","Jobe, Jackson",4,0.34467080353930973
"Agnos, Zach","Phillips, Connor",5,0.402008369121185
"Agnos, Zach","Schultz, Paxton",6,0.4285074970170315
"Agnos, Zach","Boushley, Caleb",7,0.45920696402396743
"Agnos, Zach","Hill, Jaden",8,0.5012199087690082
"Agnos, Zach","Morales, Luis",9,0.5051837257432377
"Agnos, Zach","Estévez, Carlos",10,0.5175830241780988
"Akin, Keegan","Little, Brendon",1,0.4317429668834995
"Akin, Keegan","Luzardo, Jesús",2,0.4889758806853207
"Akin, Keegan","Newcomb, Sean",3,0.5906181608092101
"Akin, Keegan","Pomeranz, Drew",4,0.7672934143304131
"Akin, Keegan","Cabrera, Génesis",5,0.783075194447778
"Akin, Keegan","Cortes, Nestor",6,0.8016636121661949
"Akin, Keegan","King, John",7,0.8303918257262641
"Akin, Keegan","Valdez, Framber",8,0.9208554305220772
"Akin, Keegan","Weathers, Ryan",9,0.9590511946947091
"Akin, Keegan","Matsui, Yuki",10,1.0012851658464945
"Alcala, Jorge","Keller, Brad",1,0.6070634978273317
"Alcala, Jorge","Fermin, José",2,0.9858680491626726
"Alcala, Jorge","Stanek, Ryne",3,1.0537638741593744
"Alcala, Jorge","Brubaker, JT",4,1.078749522817302
"Alcala, Jorge","Brieske, Beau",5,1.115559394467919
"Alcala, Jorge","Beeter, Clayton",6,1.1658290860161034
"Alcala, Jorge","Hiraldo, Yaramil",7,1.2780975352066635
"Alcala, Jorge","Montas, Frankie",8,1.29957755685188
"Alcala, Jorge","Schlittler, Cam",9,1.3382871985918259
"Alcala, Jorge","Ashcraft, Braxton",10,1.3895544198612482
"Alcantara, Sandy","Agnos, Zach",1,0.15555044143075003
"Alcantara, Sandy","Hernández, Daysbel",2,0.15749578942739023
"Alcantara, Sandy","Mejia, Juan",3,0.29138531243628063
"Alcantara, Sandy","Jobe, Jackson",4,0.38399465263060406
"Alcantara, Sandy","Phillips, Connor",5,0.38821431733434636
"Alcantara, Sandy","Boushley, Caleb",6,0.4628726203484611
"Alcantara, Sandy","Beeter, Clayton",7,0.4817525429570145
"Alcantara, Sandy","Schultz, Paxton",8,0.509163782296517
"Alcantara, Sandy","Faucher, Calvin",9,0.5401361393941865
"Alcantara, Sandy","Estévez, Carlos",10,0.5916451530496595
"Alexander, Jason","Eflin, Zach",1,0.5185764264345472
"Alexander, Jason","Bassitt, Chris",2,0.5339761001722098
"Alexander, Jason","Roupp, Landen",3,0.7415501613963208
"Alexander, Jason","Darvish, Yu",4,0.7426578046482927
"Alexander, Jason","Barlow, Scott",5,0.7588202563682123
"Alexander, Jason","Leiter Jr., Mark",6,0.7592366656494632
"Alexander, Jason","Flaherty, Jack",7,0.807628139710216
"Alexander, Jason","Gray, Sonny",8,0.8087901986035717
"Alexander, Jason","Kahnle, Tommy",9,0.9069093560754713
"Alexander, Jason","Wilson, Steven",10,0.9110288706450835
"Alexander, Scott","Banda, Anthony",1,0.6301651674840115
"Alexander, Scott","Messick, Parker",2,0.6765511831295005
"Alexander, Scott","Rodriguez, Eduardo",3,0.8619596708696599
"Alexander, Scott","King, John",4,0.8765146875642268
"Alexander, Scott","Koenig, Jared",5,0.8823607088613376
"Alexander, Scott","Ferguson, Caleb",6,0.910913930537089
"Alexander, Scott","Speier, Gabe",7,0.9482721574446229
"Alexander, Scott","Pérez, Cionel",8,0.952427950486681
"Alexander, Scott","Beeks, Jalen",9,0.9722962254932883
"Alexander, Scott","Soto, Gregory",10,0.979382083107178
"Alexander, Tyler","Murphy, Chris",1,0.21643783056957186
"Alexander, Tyler","Imanaga, Shota",2,0.36680222950808633
"Alexander, Tyler","Boyd, Matthew",3,0.4017223100211567
"Alexander, Tyler","Allen, Logan",4,0.584129834593527
"Alexander, Tyler","Hart, Kyle",5,0.5929645398415607
"Alexander, Tyler","Bummer, Aaron",6,0.6152867276969318
"Alexander, Tyler","Allard, Kolby",7,0.735692807899775
"Alexander, Tyler","Strahm, Matt",8,0.7406772508201872
"Alexander, Tyler","Pérez, Martín",9,0.7883441446304886
"Alexander, Tyler","Walter, Brandon",10,0.8668524555739703
"Allard, Kolby","Boyd, Matthew",1,0.531001549632961
"Allard, Kolby","Murphy, Chris",2,0.5733290507217863
"Allard, Kolby","Allen, Logan",3,0.6549584725132779
"Allard, Kolby","Ogasawara, Shinnosuke",4,0.7077059693046345
"Allard, Kolby","Alexander, Tyler",5,0.735692807899775
"Allard, Kolby","Suarez, Ranger",6,0.7450365637688718
"Allard, Kolby","Imanaga, Shota",7,0.7724928506472286
"Allard, Kolby","Bummer, Aaron",8,0.8163085455400265
"Allard, Kolby","Simpson, Josh",9,0.89450307559964
"Allard, Kolby","Pérez, Martín",10,0.8997085134172257
"Allen, Logan","Bummer, Aaron",1,0.2524821068344766
"Allen, Logan","Boyd, Matthew",2,0.4407763574976281
"Allen, Logan","Murphy, Chris",3,0.50361845372803
"Allen, Logan","Imanaga, Shota",4,0.5466238578925491
"Allen, Logan","Alexander, Tyler",5,0.584129834593527
"Allen, Logan","Allard, Kolby",6,0.6549584725132779
"Allen, Logan","Hart, Kyle",7,0.7353857500308577
"Allen, Logan","Walter, Brandon",8,0.8484363442723171
"Allen, Logan","Heaney, Andrew",9,0.8977581191634774
"Allen, Logan","Sears, JP",10,1.0102896139431194
"Altavilla, Dan","Santillan, Tony",1,0.5688158724371296
"Altavilla, Dan","Morgan, David",2,0.6453090117231336
"Altavilla, Dan","Cano, Yennier",3,0.7634345160930744
"Altavilla, Dan","Weissert, Greg",4,0.858346407708353
"Altavilla, Dan","Hanifee, Brenan",5,0.8860961201635877
"Altavilla, Dan","Iglesias, Raisel",6,0.8914071542925471
"Altavilla, Dan","Dollander, Chase",7,0.9143950236706611
"Altavilla, Dan","Hancock, Emerson",8,0.971234065495128
"Altavilla, Dan","Weaver, Luke",9,0.9962147746030128
"Altavilla, Dan","Alvarado, Elvis",10,1.1045582498229949
"Alvarado, Elvis","Brazobán, Huascar",1,0.7929578898342142
"Alvarado, Elvis","Hanifee, Brenan",2,0.8614629863989307
"Alvarado, Elvis","Cano, Yennier",3,0.9570687875376798
"Alvarado, Elvis","Barnett, Mason",4,1.0534957871288484
"Alvarado, Elvis","Santillan, Tony",5,1.0735618228409163
"Alvarado, Elvis","Duran, Jhoan",6,1.0782229588096826
"Alvarado, Elvis","Weaver, Luke",7,1.0950813835913498
"Alvarado, Elvis","Brieske, Beau",8,1.0957603500461002
"Alvarado, Elvis","Altavilla, Dan",9,1.1045582498229949
"Alvarado, Elvis","Vest, Will",10,1.1377638247151713
"Alvarado, José","Headrick, Brent",1,1.0740401775795843
"Alvarado, José","Chapman, Aroldis",2,1.32308372509877
"Alvarado, José","Mayza, Tim",3,1.3473747336500597
"Alvarado, José","Megill, Trevor",4,1.362034347622981
"Alvarado, José","Montgomery, Mason",5,1.4332588162591935
"Alvarado, José","Sabrowski, Erik",6,1.5088653716164622
"Alvarado, José","Suarez, Robert",7,1.5229230719158644
"Alvarado, José","Bautista, Félix",8,1.576199104404336
"Alvarado, José","Clase, Emmanuel",9,1.6933536029019018
"Alvarado, José","Helsley, Ryan",10,1.7219187892601429
"Alvarez, Andrew","Cameron, Noah",1,0.44716962084668005
"Alvarez, Andrew","Chafin, Andrew",2,0.5771096846710624
"Alvarez, Andrew","Farris, Mitch",3,0.6174734306780395
"Alvarez, Andrew","Kershaw, Clayton",4,0.7714577638886323
"Alvarez, Andrew","Springs, Jeffrey",5,0.8335454642737663
"Alvarez, Andrew","Harris, Hogan",6,0.8394211963314048
"Alvarez, Andrew","Gage, Matt",7,0.8992639777363163
"Alvarez, Andrew","Rolison, Ryan",8,0.9355483953071799
"Alvarez, Andrew","Saalfrank, Andrew",9,0.9400910223805977
"Alvarez, Andrew","Thielbar, Caleb",10,0.9407052757360937
"Anderson, Grant","Lawrence, Justin",1,0.3386301384123953
"Anderson, Grant","Schreiber, John",2,0.6234308368810989
"Anderson, Grant","Sewald, Paul",3,0.7687050130146535
"Anderson, Grant","Ryan, Joe",4,1.268720849689699
"Anderson, Grant","Uceta, Edwin",5,1.319425137187705
"Anderson, Grant","Woodford, Jake",6,1.39637563266868
"Anderson, Grant","Legumina, Casey",7,1.501242074525192
"Anderson, Grant","Festa, Matt",8,1.5087738906353834
"Anderson, Grant","Webb, Logan",9,1.521753418222167
"Anderson, Grant","May, Dustin",10,1.596602216708905
"Anderson, Tyler","Saalfrank, Andrew",1,0.37251646662815663
"Anderson, Tyler","Cameron, Noah",2,0.8936706340180522
"Anderson, Tyler","Gibson, Cade",3,0.9897389017131222
"Anderson, Tyler","Lauer, Eric",4,1.0306657312112804
"Anderson, Tyler","Thielbar, Caleb",5,1.0631334291302972
"Anderson, Tyler","Springs, Jeffrey",6,1.071312120008853
"Anderson, Tyler","Long, Sam",7,1.1496037938065615
"Anderson, Tyler","Alvarez, Andrew",8,1.15386201034612
"Anderson, Tyler","Povich, Cade",9,1.215215815996815
"Anderson, Tyler","Suarez, Ranger",10,1.234112031753631
"Armstrong, Shawn","Houser, Adrian",1,0.25755361568327995
"Armstrong, Shawn","Abel, Mick",2,0.38422850655424307
"Armstrong, Shawn","Ginn, J.T.",3,0.38735978404114785
"Armstrong, Shawn","Kittredge, Andrew",4,0.40465720288785856
"Armstrong, Shawn","Ohtani, Shohei",5,0.4127038300013292
"Armstrong, Shawn","Hoffmann, Andrew",6,0.41581390581655275
"Armstrong, Shawn","Dana, Caden",7,0.4588760454246017
"Armstrong, Shawn","Pepiot, Ryan",8,0.46166006470119525
"Armstrong, Shawn","Smith, Shane",9,0.4670838511980244
"Armstrong, Shawn","Holderman, Colin",10,0.4747784488600568
"Arrighetti, Spencer","Nola, Aaron",1,0.765059362585813
"Arrighetti, Spencer","Singer, Brady",2,0.8424016797307777
"Arrighetti, Spencer","Williams, Devin",3,0.9638704697518331
"Arrighetti, Spencer","Eovaldi, Nathan",4,1.078158957484856
"Arrighetti, Spencer","Maton, Phil",5,1.0885715079405633
"Arrighetti, Spencer","Webb, Logan",6,1.1551121042935955
"Arrighetti, Spencer","Oviedo, Johan",7,1.2409076648950037
"Arrighetti, Spencer","Irvin, Jake",8,1.2716951702243795
"Arrighetti, Spencer","Ramírez, Yohan",9,1.2840121445147266
"Arrighetti, Spencer","Darvish, Yu",10,1.3578040371973676
"Ashby, Aaron","Ashcraft, Graham",1,0.5887575594615659
"Ashby, Aaron","Peralta, Wandy",2,1.234018180386856
"Ashby, Aaron","Little, Brendon",3,1.5346103080269675
"Ashby, Aaron","Kinley, Tyler",4,1.5652959478387938
"Ashby, Aaron","Márquez, Germán",5,1.6630274498263855
"Ashby, Aaron","Pomeranz, Drew",6,1.682522312761573
"Ashby, Aaron","Casparius, Ben",7,1.7062679509419685
"Ashby, Aaron","Montas, Frankie",8,1.7088961387605717
"Ashby, Aaron","Holmes, Clay",9,1.742347631054261
"Ashby, Aaron","Brubaker, JT",10,1.7458830143813269
"Ashcraft, Braxton","Bradley, Taj",1,0.36851663229179216
"Ashcraft, Braxton","Molina, Anthony",2,0.39145159002480495
"Ashcraft, Braxton","Cease, Dylan",3,0.40477445485647967
"Ashcraft, Braxton","Bradish, Kyle",4,0.47653384934984727
"Ashcraft, Braxton","Fermin, José",5,0.5641384117394407
"Ashcraft, Braxton","Bivens, Spencer",6,0.5971892739820275
"Ashcraft, Braxton","Green, Chad",7,0.619908116221594
"Ashcraft, Braxton","Kowar, Jackson",8,0.6858519989892152
"Ashcraft, Braxton","Mejia, Juan",9,0.705674014457725
"Ashcraft, Braxton","Clarke, Taylor",10,0.7260550510393935
"Ashcraft, Graham","Ashby, Aaron",1,0.5887575594615659
"Ashcraft, Graham","Peralta, Wandy",2,1.3078079656997899
"Ashcraft, Graham","Stanek, Ryne",3,1.3616421428309409
"Ashcraft, Graham","Keller, Brad",4,1.408698695177984
"Ashcraft, Graham","Alcala, Jorge",5,1.4586936733238658
"Ashcraft, Graham","Peguero, Joel",6,1.5155019993972587
"Ashcraft, Graham","Brieske, Beau",7,1.5225951067471077
"Ashcraft, Graham","Montas, Frankie",8,1.522716116200299
"Ashcraft, Graham","Beeter, Clayton",9,1.5917059397383386
"Ashcraft, Graham","Márquez, Germán",10,1.626047134972108
"Assad, Javier","Woodruff, Brandon",1,0.23134452677084638
"Assad, Javier","Zeferjahn, Ryan",2,0.29695448436753924
"Assad, Javier","Pérez, Eury",3,0.3011674080985749
"Assad, Javier","Cabrera, Edward",4,0.32208576384155385
"Assad, Javier","Martin, Davis",5,0.3372484961963746
"Assad, Javier","Dana, Caden",6,0.3532144446020156
"Assad, Javier","Brzykcy, Zach",7,0.3532738734146378
"Assad, Javier","Kittredge, Andrew",8,0.35377693242341357
"Assad, Javier","Pallante, Andre",9,0.3845777523550126
"Assad, Javier","Dobbins, Hunter",10,0.4428922034369899
"Bachar, Lake","Santana, Dennis",1,0.37150106493136015
"Bachar, Lake","Sims, Lucas",2,0.42331488524566346
"Bachar, Lake","Knack, Landon",3,0.450204648953565
"Bachar, Lake","Schmidt, Clarke",4,0.45888344287844
"Bachar, Lake","Kelly, Merrill",5,0.4686926324569739
"Bachar, Lake","Patrick, Chad",6,0.47361579059710157
"Bachar, Lake","Canning, Griffin",7,0.5178441267502332
"Bachar, Lake","Adams, Travis",8,0.5937893894819716
"Bachar, Lake","Garcia, Rico",9,0.610780646546125
"Bachar, Lake","Vasil, Mike",10,0.6114178190124737
"Bachman, Sam","Buttó, José",1,0.17822695586124437
"Bachman, Sam","De Los Santos, Enyel",2,0.2556833327864285
"Bachman, Sam","Bello, Brayan",3,0.2866869107348272
"Bachman, Sam","Perkins, Jack",4,0.2909494955000475
"Bachman, Sam","Mlodzinski, Carmen",5,0.4364707380037646
"Bachman, Sam","Fulmer, Carson",6,0.45263601293903094
"Bachman, Sam","Dollander, Chase",7,0.47300523587947924
"Bachman, Sam","Meyer, Max",8,0.49443929275981724
"Bachman, Sam","Soriano, George",9,0.5432106866502845
"Bachman, Sam","Garrett, Reed",10,0.5655421557779307
"Backhus, Kyle","Poulin, PJ",1,1.4896873186495259
"Backhus, Kyle","Eisert, Brandon",2,1.6631402453516844
"Backhus, Kyle","Manaea, Sean",3,1.785537536442329
"Backhus, Kyle","Sale, Chris",4,1.8236275948163778
"Backhus, Kyle","Palmquist, Carson",5,1.833400094647635
"Backhus, Kyle","Milner, Hoby",6,1.9097690655239365
"Backhus, Kyle","Lopez, Jacob",7,1.9467857540430205
"Backhus, Kyle","Harrison, Kyle",8,1.9914679062081786
"Backhus, Kyle","Hudson, Bryan",9,2.040459877729573
"Backhus, Kyle","Sears, JP",10,2.3098030709068924
"Baker, Bryan","Bradish, Kyle",1,0.4141676012041962
"Baker, Bryan","Ribalta, Orlando",2,0.6775195068797697
"Baker, Bryan","Birdsong, Hayden",3,0.729629748274867
"Baker, Bryan","Bradley, Taj",4,0.7719524417849523
"Baker, Bryan","Reynolds, Sean",5,0.8041290344152043
"Baker, Bryan","Enright, Nic",6,0.830133250405316
"Baker, Bryan","Ashcraft, Braxton",7,0.8325509223006615
"Baker, Bryan","Brown, Ben",8,0.8509154218835201
"Baker, Bryan","Merryweather, Julian",9,0.9156677076275495
"Baker, Bryan","Fairbanks, Pete",10,0.9390681337651989
"Banda, Anthony","King, John",1,0.5710409728205622
"Banda, Anthony","Alexander, Scott",2,0.6301651674840115
"Banda, Anthony","Weathers, Ryan",3,0.7795098809374019
"Banda, Anthony","Speier, Gabe",4,0.7796784259764294
"Banda, Anthony","Peralta, Luis",5,0.783937176361799
"Banda, Anthony","Strahm, Matt",6,0.8087875784253451
"Banda, Anthony","Koenig, Jared",7,0.8656523185382488
"Banda, Anthony","Ferguson, Caleb",8,0.9016678506786727
"Banda, Anthony","Lodolo, Nick",9,0.9079261734776823
"Banda, Anthony","Booser, Cam",10,0.9234035471981312
"Banks, Tanner","Matsui, Yuki",1,0.831101305254719
"Banks, Tanner","Veneziano, Anthony",2,0.9546434479705498
"Banks, Tanner","Newcomb, Sean",3,0.9870448107888564
"Banks, Tanner","Rodón, Carlos",4,1.101569468826359
"Banks, Tanner","Pomeranz, Drew",5,1.118153419359131
"Banks, Tanner","Lucchesi, Joey",6,1.1508654695426757
"Banks, Tanner","Lauer, Eric",7,1.2386850717741062
"Banks, Tanner","Little, Brendon",8,1.246400277372757
"Banks, Tanner","Ray, Robbie",9,1.2670346170142452
"Banks, Tanner","Fisher, Braydon",10,1.2792032914271347
"Barlow, Scott","Darvish, Yu",1,0.5317696717462355
"Barlow, Scott","Flaherty, Jack",2,0.6584056007180318
"Barlow, Scott","Nola, Aaron",3,0.6835411594177739
"Barlow, Scott","Alexander, Jason",4,0.7588202563682123
"Barlow, Scott","Eflin, Zach",5,0.7986163473206386
"Barlow, Scott","Eovaldi, Nathan",6,0.8995322644575987
"Barlow, Scott","Bassitt, Chris",7,0.9065556923884911
"Barlow, Scott","Roupp, Landen",8,0.942624407783303
"Barlow, Scott","Crismatt, Nabil",9,0.9612968326240982
"Barlow, Scott","Kahnle, Tommy",10,1.0128394758949018
"Barnett, Mason","Martin, Corbin",1,0.49473529886014095
"Barnett, Mason","Molina, Anthony",2,0.6352443773300384
"Barnett, Mason","Kochanowicz, Jack",3,0.7297471512085383
"Barnett, Mason","Fermin, José",4,0.7334727495454522
"Barnett, Mason","Ort, Kaleb",5,0.7539033537492623
"Barnett, Mason","Chivilli, Angel",6,0.7599625093321432
"Barnett, Mason","Vest, Will",7,0.7638207080232614
"Barnett, Mason","De los Santos, Yerry",8,0.7778475714687728
"Barnett, Mason","Estévez, Carlos",9,0.8332878743892254
"Barnett, Mason","Schlittler, Cam",10,0.8422160182146881
"Bassitt, Chris","Roupp, Landen",1,0.2740214033169369
"Bassitt, Chris","Eflin, Zach",2,0.5221353314293454
"Bassitt, Chris","Alexander, Jason",3,0.5339761001722098
"Bassitt, Chris","Teng, Kai-Wei",4,0.6626323791190487
"Bassitt, Chris","Flaherty, Jack",5,0.6810298673406363
"Bassitt, Chris","Thornton, Trent",6,0.8364060396338737
"Bassitt, Chris","Darvish, Yu",7,0.8473379795314113
"Bassitt, Chris","Webb, Jacob",8,0.8665454940732167
"Bassitt, Chris","Junis, Jakob",9,0.8826185399459565
"Bassitt, Chris","Gray, Sonny",10,0.8943396149780842
"Bautista, Félix","Megill, Trevor",1,0.9140697788507249
"Bautista, Félix","Fairbanks, Pete",2,1.0464489738264453
"Bautista, Félix","Reynolds, Sean",3,1.2699629340019314
"Bautista, Félix","Petersen, Michael",4,1.3893021780023072
"Bautista, Félix","Headrick, Brent",5,1.4000613282272416
"Bautista, Félix","Baker, Bryan",6,1.5070724004787386
"Bautista, Félix","Brown, Ben",7,1.5197556086869035
"Bautista, Félix","Burns, Chase",8,1.5384175528933894
"Bautista, Félix","Alvarado, José",9,1.576199104404336
"Bautista, Félix","Schlittler, Cam",10,1.665793131097065
"Baz, Shane","Kerkering, Orion",1,0.3051910942104301
"Baz, Shane","Pérez, Eury",2,0.3720301037996637
"Baz, Shane","Meyer, Max",3,0.3824791288825864
"Baz, Shane","Severino, Luis",4,0.4269279533197202
"Baz, Shane","Chivilli, Angel",5,0.4279940368297232
"Baz, Shane","Rodríguez, Yariel",6,0.46609176877787883
"Baz, Shane","Estévez, Carlos",7,0.4800475073997543
"Baz, Shane","Miller, Bryce",8,0.5059234346339903
"Baz, Shane","Matthews, Zebby",9,0.5082984831610506
"Baz, Shane","Kirby, George",10,0.512610881690514
"Bazardo, Eduard","Sims, Lucas",1,0.45818439622195223
"Bazardo, Eduard","Garcia, Rico",2,0.4773032851790566
"Bazardo, Eduard","Holmes, Grant",3,0.5028847381226494
"Bazardo, Eduard","Olson, Reese",4,0.5157915927249415
"Bazardo, Eduard","Sands, Cole",5,0.5379842912401122
"Bazardo, Eduard","Boushley, Caleb",6,0.5496554937675353
"Bazardo, Eduard","Guerrero, Luis",7,0.5772803840375932
"Bazardo, Eduard","Canning, Griffin",8,0.5800861330126229
"Bazardo, Eduard","Strickland, Hunter",9,0.6171618716480586
"Bazardo, Eduard","Knack, Landon",10,0.6253506461355991
"Beck, Tristan","Francis, Bowden",1,0.3356372301180745
"Beck, Tristan","Blanco, Ronel",2,0.3661212684356325
"Beck, Tristan","McGreevy, Michael",3,0.4270226280479252
"Beck, Tristan","Paddack, Chris",4,0.588847803716145
"Beck, Tristan","Smith-Shawver, AJ",5,0.632137044870459
"Beck, Tristan","Orze, Eric",6,0.6376171000254486
"Beck, Tristan","Carrasco, Carlos",7,0.6557855735786282
"Beck, Tristan","Gallen, Zac",8,0.6882152371836128
"Beck, Tristan","Robertson, David",9,0.6957785903513882
"Beck, Tristan","Fedde, Erick",10,0.7238197697715416
"Bednar, David","Keller, Mitch",1,0.20082121083122104
"Bednar, David","Cecconi, Slade",2,0.22087368962999127
"Bednar, David","Sulser, Cole",3,0.31102720536144146
"Bednar, David","Brebbia, John",4,0.31947417460273464
"Bednar, David","Phillips, Tyler",5,0.324869430330676
"Bednar, David","Bergert, Ryan",6,0.3259392218444357
"Bednar, David","Gusto, Ryan",7,0.3973283295708906
"Bednar, David","Fedde, Erick",8,0.41547477765513463
"Bednar, David","Hatch, Thomas",9,0.4417385643358679
"Bednar, David","Dana, Caden",10,0.5114313498013034
"Beeks, Jalen","Skubal, Tarik",1,0.7273708780000901
"Beeks, Jalen","Soto, Gregory",2,0.7933011393439702
"Beeks, Jalen","Miller, Erik",3,0.8224232484646108
"Beeks, Jalen","Sabrowski, Erik",4,0.8713268056597361
"Beeks, Jalen","Dreyer, Jack",5,0.9404207097214276
"Beeks, Jalen","Crochet, Garrett",6,0.9443502303364558
"Beeks, Jalen","Rodriguez, Eduardo",7,0.9509970254670292
"Beeks, Jalen","Alexander, Scott",8,0.9722962254932883
"Beeks, Jalen","Latz, Jacob",9,0.972620863958467
"Beeks, Jalen","Burke, Brock",10,0.9762810503747338
"Beeter, Clayton","Montas, Frankie",1,0.26521284983468324
"Beeter, Clayton","Hernández, Daysbel",2,0.4293208219007648
"Beeter, Clayton","Alcantara, Sandy",3,0.4817525429570145
"Beeter, Clayton","Brieske, Beau",4,0.5083557787781637
"Beeter, Clayton","Mejia, Juan",5,0.5462962205407308
"Beeter, Clayton","Phillips, Connor",6,0.5901555496632631
"Beeter, Clayton","Keller, Brad",7,0.6050744556083932
"Beeter, Clayton","Faucher, Calvin",8,0.6220679341126488
"Beeter, Clayton","Agnos, Zach",9,0.6295759024004547
"Beeter, Clayton","Kowar, Jackson",10,0.7025887657886695
"Bello, Brayan","Bachman, Sam",1,0.2866869107348272
"Bello, Brayan","Perkins, Jack",2,0.35678957390648286
"Bello, Brayan","De Los Santos, Enyel",3,0.3696007934125437
"Bello, Brayan","Buttó, José",4,0.4268619402315217
"Bello, Brayan","Mlodzinski, Carmen",5,0.44663089953310686
"Bello, Brayan","Yamamoto, Yoshinobu",6,0.5863479996739107
"Bello, Brayan","Meyer, Max",7,0.603169099073916
"Bello, Brayan","Kolek, Stephen",8,0.6091076103274172
"Bello, Brayan","Dollander, Chase",9,0.6115741415305728
"Bello, Brayan","Patrick, Chad",10,0.6257154038645765
"Bellozo, Valente","Kriske, Brooks",1,0.6337782733927843
"Bellozo, Valente","Coulombe, Danny",2,0.683647437879911
"Bellozo, Valente","Martinez, Nick",3,0.8134258777253198
"Bellozo, Valente","Ohl, Pierson",4,0.8192728077217593
"Bellozo, Valente","Thielbar, Caleb",5,0.8804411263327548
"Bellozo, Valente","Neris, Héctor",6,0.8844308665414133
"Bellozo, Valente","Granillo, Andre",7,0.9025891248420713
"Bellozo, Valente","Javier, Cristian",8,0.9752994304925042
"Bellozo, Valente","Junis, Jakob",9,1.0055105000918183
"Bellozo, Valente","Lugo, Seth",10,1.0129180710409682
"Bender, Anthony","Sands, Cole",1,0.6082325036144651
"Bender, Anthony","Lorenzen, Michael",2,0.6244974263643094
"Bender, Anthony","Gillispie, Connor",3,0.6982950214181173
"Bender, Anthony","Kelly, Merrill",4,0.810109157428601
"Bender, Anthony","Evans, Logan",5,0.8279140456879682
"Bender, Anthony","Javier, Cristian",6,0.8554025508284188
"Bender, Anthony","Bazardo, Eduard",7,0.8566398364646066
"Bender, Anthony","Sims, Lucas",8,0.8576161979798235
"Bender, Anthony","Stroman, Marcus",9,0.8872766452939214
"Bender, Anthony","Houck, Tanner",10,0.9299800942274767
"Bergert, Ryan","Bednar, David",1,0.3259392218444357
"Bergert, Ryan","Priester, Quinn",2,0.3706693583578028
"Bergert, Ryan","Gusto, Ryan",3,0.3888289564348035
"Bergert, Ryan","Trivino III, Lou",4,0.3978941136072967
"Bergert, Ryan","Fernandez, Ryan",5,0.4073510308846042
"Bergert, Ryan","Burrows, Mike",6,0.42346454975263353
"Bergert, Ryan","Vasil, Mike",7,0.4320582892392749
"Bergert, Ryan","Englert, Mason",8,0.4422445111569597
"Bergert, Ryan","Hatch, Thomas",9,0.4562008705025295
"Bergert, Ryan","Phillips, Tyler",10,0.4596872939676949
"Bernardino, Brennan","Gilbert, Tyler",1,0.8888363360136134
"Bernardino, Brennan","McFarland, T.J.",2,1.0672639861763102
"Bernardino, Brennan","Simpson, Josh",3,1.1927198435373882
"Bernardino, Brennan","Romero, JoJo",4,1.3018250136680585
"Bernardino, Brennan","Rogers, Taylor",5,1.3250499625447751
"Bernardino, Brennan","Imanaga, Shota",6,1.6500730286572947
"Bernardino, Brennan","Allard, Kolby",7,1.651746022868941
"Bernardino, Brennan","Heaney, Andrew",8,1.7069485617707671
"Bernardino, Brennan","Murphy, Chris",9,1.7346819970360297
"Bernardino, Brennan","Allen, Logan",10,1.7509251591740005
"Berríos, José","Montero, Keider",1,0.35234655436698187
"Berríos, José","Brebbia, John",2,0.4260351263410577
"Berríos, José","Mahle, Tyler",3,0.451134223544456
"Berríos, José","Hatch, Thomas",4,0.4700651845903879
"Berríos, José","Webb, Jacob",5,0.4954244932281377
"Berríos, José","Wilson, Bryse",6,0.5012695131741921
"Berríos, José","Gusto, Ryan",7,0.5030976302060803
"Berríos, José","Cecconi, Slade",8,0.526042870369844
"Berríos, José","DeSclafani, Anthony",9,0.5273577694790147
"Berríos, José","Sulser, Cole",10,0.5357220019036735
"Bibee, Tanner","Jackson, Luke",1,0.42917599293957487
"Bibee, Tanner","Giolito, Lucas",2,0.44771264230408003
"Bibee, Tanner","Woods Richardson, Simeon",3,0.5865887279031751
"Bibee, Tanner","Blalock, Bradley",4,0.6675442611191562
"Bibee, Tanner","Beck, Tristan",5,0.7413570343871629
"Bibee, Tanner","Taillon, Jameson",6,0.7616453537382951
"Bibee, Tanner","García, Luis",7,0.7771232064197268
"Bibee, Tanner","Gallen, Zac",8,0.7794789618563361
"Bibee, Tanner","Gaddis, Hunter",9,0.7846862884514322
"Bibee, Tanner","Wacha, Michael",10,0.805121917620708
"Bido, Osvaldo","Adams, Travis",1,0.3115157500119299
"Bido, Osvaldo","Rutledge, Jackson",2,0.32517589909762
"Bido, Osvaldo","Horton, Cade",3,0.33095789534537645
"Bido, Osvaldo","Severino, Luis",4,0.33376674152042085
"Bido, Osvaldo","Fernandez, Ryan",5,0.36150606667810387
"Bido, Osvaldo","Estévez, Carlos",6,0.4390005668754789
"Bido, Osvaldo","Martin, Davis",7,0.4390515796679361
"Bido, Osvaldo","Ort, Kaleb",8,0.5214190402338803
"Bido, Osvaldo","Rodríguez, Yariel",9,0.5444422119122786
"Bido, Osvaldo","Zeferjahn, Ryan",10,0.5523200070214535
"Bieber, Shane","Mahle, Tyler",1,0.23239432511797736
"Bieber, Shane","Sulser, Cole",2,0.3489398441926704
"Bieber, Shane","Kahnle, Tommy",3,0.3699544532150162
"Bieber, Shane","Brebbia, John",4,0.3862770475897679
"Bieber, Shane","DeSclafani, Anthony",5,0.4135626111928271
"Bieber, Shane","Rea, Colin",6,0.4799489335639587
"Bieber, Shane","McGreevy, Michael",7,0.48797210527204166
"Bieber, Shane","Fedde, Erick",8,0.4998613248262106
"Bieber, Shane","Keller, Mitch",9,0.5370541532811848
"Bieber, Shane","Buehler, Walker",10,0.5475750446898238
"Bigge, Hunter","Estrada, Jeremiah",1,0.432421372263944
"Bigge, Hunter","Pearson, Nate",2,0.5752999709468677
"Bigge, Hunter","Leasure, Jordan",3,0.6351749325946829
"Bigge, Hunter","Soriano, José",4,0.6488417405066912
"Bigge, Hunter","Rodríguez, Manuel",5,0.7287721621637852
"Bigge, Hunter","Slaten, Justin",6,0.7390828722990976
"Bigge, Hunter","deGrom, Jacob",7,0.7686078177868613
"Bigge, Hunter","Mattson, Isaac",8,0.8173010942283642
"Bigge, Hunter","Pepiot, Ryan",9,0.8317623352303638
"Bigge, Hunter","Leiter, Jack",10,0.8554975955205899
"Bird, Jake","Snider, Collin",1,0.6693851885880522
"Bird, Jake","McCullers Jr., Lance",2,0.6816223481958935
"Bird, Jake","Thornton, Trent",3,0.8348962606199202
"Bird, Jake","Morton, Charlie",4,0.8636229442875013
"Bird, Jake","Junis, Jakob",5,0.9052330447066431
"Bird, Jake","Gillispie, Connor",6,0.9251140532445931
"Bird, Jake","Henderson, Logan",7,0.9375816598318338
"Bird, Jake","Stroman, Marcus",8,0.9460339504403533
"Bird, Jake","Topa, Justin",9,0.9514168410323419
"Bird, Jake","Bender, Anthony",10,0.9941537712369306
"Birdsong, Hayden","Ribalta, Orlando",1,0.2783966336221432
"Birdsong, Hayden","Blalock, Bradley",2,0.49582267531709445
"Birdsong, Hayden","Merryweather, Julian",3,0.5120098257807623
"Birdsong, Hayden","García, Luis",4,0.5481009665324438
"Birdsong, Hayden","Enright, Nic",5,0.5713861731879532
"Birdsong, Hayden","Ginkel, Kevin",6,0.6542050340975617
"Birdsong, Hayden","Bradish, Kyle",7,0.6568978992348705
"Birdsong, Hayden","Brown, Ben",8,0.7080511340717017
"Birdsong, Hayden","Mears, Nick",9,0.7257309579134951
"Birdsong, Hayden","Baker, Bryan",10,0.729629748274867
"Bivens, Spencer","Green, Chad",1,0.1653665938085818
"Bivens, Spencer","Bradley, Taj",2,0.31314220443534746
"Bivens, Spencer","Cease, Dylan",3,0.31596392622540737
"Bivens, Spencer","Graceffo, Gordon",4,0.342613629489722
"Bivens, Spencer","Rutledge, Jackson",5,0.3830600433283499
"Bivens, Spencer","Enright, Nic",6,0.4170151169432074
"Bivens, Spencer","Dobbins, Hunter",7,0.4677772703212062
"Bivens, Spencer","Ribalta, Orlando",8,0.47629327416429607
"Bivens, Spencer","Estévez, Carlos",9,0.49508433836150734
"Bivens, Spencer","Priester, Quinn",10,0.495418643244155
"Blackburn, Paul","Cannon, Jonathan",1,0.15754111458691522
"Blackburn, Paul","Adams, Travis",2,0.325702212037924
"Blackburn, Paul","Montero, Keider",3,0.3299014660916653
"Blackburn, Paul","Vasil, Mike",4,0.3558434480320002
"Blackburn, Paul","Vásquez, Randy",5,0.39392398331668094
"Blackburn, Paul","Santana, Dennis",6,0.40828303066162563
"Blackburn, Paul","Senga, Kodai",7,0.4598587356408077
"Blackburn, Paul","Bergert, Ryan",8,0.5007392703266935
"Blackburn, Paul","Englert, Mason",9,0.5133074815694681
"Blackburn, Paul","Gusto, Ryan",10,0.5279341003340363
"Blalock, Bradley","Merryweather, Julian",1,0.2741544670677688
"Blalock, Bradley","García, Luis",2,0.39208746323635946
"Blalock, Bradley","Burrows, Mike",3,0.4360785579109795
"Blalock, Bradley","Pallante, Andre",4,0.4395813177104348
"Blalock, Bradley","Giolito, Lucas",5,0.4482708056179654
"Blalock, Bradley","Enright, Nic",6,0.4820739700883332
"Blalock, Bradley","Birdsong, Hayden",7,0.49582267531709445
"Blalock, Bradley","Dobbins, Hunter",8,0.5076840771564484
"Blalock, Bradley","Ribalta, Orlando",9,0.5365946063444438
"Blalock, Bradley","Quantrill, Cal",10,0.6202638372866764
"Blanco, Ronel","Francis, Bowden",1,0.17806877130787105
"Blanco, Ronel","Beck, Tristan",2,0.3661212684356325
"Blanco, Ronel","Orze, Eric",3,0.4065644617175011
"Blanco, Ronel","Carrasco, Carlos",4,0.43567319317529296
"Blanco, Ronel","Taillon, Jameson",5,0.5879648841573029
"Blanco, Ronel","Paddack, Chris",6,0.5916364057918452
"Blanco, Ronel","McGreevy, Michael",7,0.5939536558984425
"Blanco, Ronel","Smith-Shawver, AJ",8,0.6485441506653764
"Blanco, Ronel","Fedde, Erick",9,0.716865890105283
"Blanco, Ronel","Blewett, Scott",10,0.7373221047065984
"Blewett, Scott","Burke, Sean",1,0.4934149130799676
"Blewett, Scott","Paddack, Chris",2,0.5037967297234783
"Blewett, Scott","Orze, Eric",3,0.7076726134330465
"Blewett, Scott","Blanco, Ronel",4,0.7373221047065984
"Blewett, Scott","Francis, Bowden",5,0.7724544465622143
"Blewett, Scott","Gaddis, Hunter",6,0.7906400829780295
"Blewett, Scott","Cruz, Fernando",7,0.8532210153536812
"Blewett, Scott","Beck, Tristan",8,0.8788924748142286
"Blewett, Scott","Romano, Jordan",9,0.9618798719415927
"Blewett, Scott","Ober, Bailey",10,0.9817876597450468
"Blubaugh, AJ","Ohtani, Shohei",1,0.3660229837815824
"Blubaugh, AJ","Dana, Caden",2,0.45047392331432634
"Blubaugh, AJ","Sauer, Matt",3,0.45375424029870787
"Blubaugh, AJ","Kittredge, Andrew",4,0.49131680185140114
"Blubaugh, AJ","Smith, Shane",5,0.4992794949984881
"Blubaugh, AJ","Hoffman, Jeff",6,0.5107366146411493
"Blubaugh, AJ","Zeferjahn, Ryan",7,0.5173412282408478
"Blubaugh, AJ","Armstrong, Shawn",8,0.5284798566251493
"Blubaugh, AJ","Williams, Gavin",9,0.5388347015849808
"Blubaugh, AJ","Assad, Javier",10,0.5406901353227388
"Booser, Cam","Dodd, Dylan",1,0.37292285231229105
"Booser, Cam","Ferguson, Caleb",2,0.4246232430440793
"Booser, Cam","Matz, Steven",3,0.5794974176043027
"Booser, Cam","Herrin, Tim",4,0.6011006066305553
"Booser, Cam","Castillo, José",5,0.645843314757233
"Booser, Cam","King, Bryan",6,0.6927036740634264
"Booser, Cam","Zastryzny, Rob",7,0.6954181720656993
"Booser, Cam","Abbott, Andrew",8,0.7194141715082422
"Booser, Cam","Hader, Josh",9,0.7298285030750314
"Booser, Cam","Rogers, Trevor",10,0.7469763489759341
"Borucki, Ryan","Holton, Tyler",1,0.4266929913601225
"Borucki, Ryan","Matz, Steven",2,0.4745082639897008
"Borucki, Ryan","Bubic, Kris",3,0.5165583704594037
"Borucki, Ryan","Quintana, Jose",4,0.5312082295175685
"Borucki, Ryan","Freeland, Kyle",5,0.5466650825130874
"Borucki, Ryan","Herrin, Tim",6,0.5562749191475579
"Borucki, Ryan","Rogers, Trevor",7,0.5644825489292585
"Borucki, Ryan","Zastryzny, Rob",8,0.5743781089224329
"Borucki, Ryan","King, Bryan",9,0.5800095634807328
"Borucki, Ryan","Lynch IV, Daniel",10,0.6024839282594364
"Boushley, Caleb","Jobe, Jackson",1,0.14301083957075578
"Boushley, Caleb","Faucher, Calvin",2,0.31123849646329943
"Boushley, Caleb","Morales, Luis",3,0.3527957755666973
"Boushley, Caleb","Phillips, Connor",4,0.35989106832462303
"Boushley, Caleb","Schultz, Paxton",5,0.3745938783221138
"Boushley, Caleb","Agnos, Zach",6,0.45920696402396743
"Boushley, Caleb","Alcantara, Sandy",7,0.4628726203484611
"Boushley, Caleb","Canning, Griffin",8,0.4887642992555172
"Boushley, Caleb","Hernández, Daysbel",9,0.5170793220532326
"Boushley, Caleb","Bazardo, Eduard",10,0.5496554937675353
"Bowlan, Jonathan","Martin, Chris",1,0.33477573904250757
"Bowlan, Jonathan","Brown, Hunter",2,0.3470581298406251
"Bowlan, Jonathan","Cavalli, Cade",3,0.3727768540616811
"Bowlan, Jonathan","Fitts, Richard",4,0.4494524473769433
"Bowlan, Jonathan","Mears, Nick",5,0.5040636451542515
"Bowlan, Jonathan","Blubaugh, AJ",6,0.5694093811253148
"Bowlan, Jonathan","Sauer, Matt",7,0.5745185459464621
"Bowlan, Jonathan","Hoglund, Gunnar",8,0.6255896850039032
"Bowlan, Jonathan","Kranick, Max",9,0.6652606317059414
"Bowlan, Jonathan","Erceg, Lucas",10,0.685873370609187
"Bowman, Matt","Peralta, Freddy",1,0.620858579997061
"Bowman, Matt","Curvelo, Luis",2,0.7733733601614922
"Bowman, Matt","Kelly, Zack",3,0.8984157323263612
"Bowman, Matt","Sterner, Justin",4,0.9559786866851318
"Bowman, Matt","Warren, Will",5,0.9633783237366348
"Bowman, Matt","Gil, Luis",6,1.012316580245092
"Bowman, Matt","Gausman, Kevin",7,1.0153067169663643
"Bowman, Matt","Pfaadt, Brandon",8,1.148871159481732
"Bowman, Matt","Muñoz, Andrés",9,1.1522282002509447
"Bowman, Matt","Dunning, Dane",10,1.1715230701942525
"Boyd, Matthew","Murphy, Chris",1,0.23562214785013932
"Boyd, Matthew","Imanaga, Shota",2,0.38774385142200635
"Boyd, Matthew","Alexander, Tyler",3,0.4017223100211567
"Boyd, Matthew","Allen, Logan",4,0.4407763574976281
"Boyd, Matthew","Hart, Kyle",5,0.48163082228756626
"Boyd, Matthew","Bummer, Aaron",6,0.5230611121912938
"Boyd, Matthew","Allard, Kolby",7,0.531001549632961
"Boyd, Matthew","Walter, Brandon",8,0.7320455225533486
"Boyd, Matthew","Suarez, Ranger",9,0.7724205244596017
"Boyd, Matthew","Quintana, Jose",10,0.8535405495174696
"Boyle, Joe","Greene, Hunter",1,0.4884192398625693
"Boyle, Joe","Mey, Luis",2,0.4896083534012803
"Boyle, Joe","Seymour, Carson",3,0.5805653177800317
"Boyle, Joe","Clase, Emmanuel",4,0.5916235467176635
"Boyle, Joe","Hicks, Jordan",5,0.620045652492269
"Boyle, Joe","Vest, Will",6,0.6431951310470105
"Boyle, Joe","Uribe, Abner",7,0.6492121237386981
"Boyle, Joe","Chandler, Bubba",8,0.6530495992646049
"Boyle, Joe","Rasmussen, Drew",9,0.6841738637249531
"Boyle, Joe","Soriano, José",10,0.6885602051766322
"Bradish, Kyle","Bradley, Taj",1,0.37900420376666044
"Bradish, Kyle","Baker, Bryan",2,0.4141676012041962
"Bradish, Kyle","Ribalta, Orlando",3,0.4720125842209677
"Bradish, Kyle","Ashcraft, Braxton",4,0.47653384934984727
"Bradish, Kyle","Cease, Dylan",5,0.5655090078788574
"Bradish, Kyle","Enright, Nic",6,0.5703701840458523
"Bradish, Kyle","Bivens, Spencer",7,0.5875767437484457
"Bradish, Kyle","Birdsong, Hayden",8,0.6568978992348705
"Bradish, Kyle","Green, Chad",9,0.6612879082435031
"Bradish, Kyle","Merryweather, Julian",10,0.732046054203722
"Bradley, Taj","Cease, Dylan",1,0.19643152903617986
"Bradley, Taj","Bivens, Spencer",2,0.31314220443534746
"Bradley, Taj","Green, Chad",3,0.34021059890475475
"Bradley, Taj","Ashcraft, Braxton",4,0.36851663229179216
"Bradley, Taj","Bradish, Kyle",5,0.37900420376666044
"Bradley, Taj","Enright, Nic",6,0.40735846065430786
"Bradley, Taj","Cabrera, Edward",7,0.47387966617214594
"Bradley, Taj","Graceffo, Gordon",8,0.49143036649687166
"Bradley, Taj","Molina, Anthony",9,0.523599262834822
"Bradley, Taj","Ribalta, Orlando",10,0.5266761668104077
"Brash, Matt","Festa, Matt",1,0.45979070677957556
"Brash, Matt","Kolek, Stephen",2,0.5660325705814635
"Brash, Matt","Teng, Kai-Wei",3,0.5677197355664482
"Brash, Matt","Woodford, Jake",4,0.5758607343552504
"Brash, Matt","Sterner, Justin",5,0.5811672532512083
"Brash, Matt","Henriquez, Ronny",6,0.6340794771754723
"Brash, Matt","Morton, Charlie",7,0.6500133046673259
"Brash, Matt","Shugart, Chase",8,0.6717639687637396
"Brash, Matt","Webb, Jacob",9,0.701440361608165
"Brash, Matt","McLean, Nolan",10,0.7056826656479427
"Brasier, Ryan","Strider, Spencer",1,0.16613065832921822
"Brasier, Ryan","López, Pablo",2,0.43971104287281343
"Brasier, Ryan","Dunning, Dane",3,0.44327944269560826
"Brasier, Ryan","Mize, Casey",4,0.4574094728236701
"Brasier, Ryan","Gómez, Yoendrys",5,0.462260475942633
"Brasier, Ryan","Houser, Adrian",6,0.5397364619614395
"Brasier, Ryan","Wesneski, Hayden",7,0.5565626995816875
"Brasier, Ryan","Leahy, Kyle",8,0.5735807001046883
"Brasier, Ryan","Smith-Shawver, AJ",9,0.5928886894275276
"Brasier, Ryan","Brogdon, Connor",10,0.6690212487250192
"Brazobán, Huascar","Brieske, Beau",1,0.4948400105106143
"Brazobán, Huascar","Phillips, Connor",2,0.667431529818897
"Brazobán, Huascar","Alvarado, Elvis",3,0.7929578898342142
"Brazobán, Huascar","Hernández, Daysbel",4,0.8176032928029537
"Brazobán, Huascar","Beeter, Clayton",5,0.8260749609229389
"Brazobán, Huascar","Alcantara, Sandy",6,0.8471718695173112
"Brazobán, Huascar","Montas, Frankie",7,0.8969734563484941
"Brazobán, Huascar","Agnos, Zach",8,0.9028482873313386
"Brazobán, Huascar","Faucher, Calvin",9,0.9209320414936242
"Brazobán, Huascar","Cano, Yennier",10,0.9349228187812858
"Brebbia, John","Sulser, Cole",1,0.1385013251382024
"Brebbia, John","Cecconi, Slade",2,0.2318582879882295
"Brebbia, John","Keller, Mitch",3,0.2685674937706872
"Brebbia, John","Mahle, Tyler",4,0.2910623221715533
"Brebbia, John","Bednar, David",5,0.31947417460273464
"Brebbia, John","Bieber, Shane",6,0.3862770475897679
"Brebbia, John","Berríos, José",7,0.4260351263410577
"Brebbia, John","Fedde, Erick",8,0.44444773465389664
"Brebbia, John","Wilson, Bryse",9,0.44613599043136937
"Brebbia, John","Gusto, Ryan",10,0.45944847824688595
"Brieske, Beau","Brazobán, Huascar",1,0.4948400105106143
"Brieske, Beau","Beeter, Clayton",2,0.5083557787781637
"Brieske, Beau","Keller, Brad",3,0.5618536811681368
"Brieske, Beau","Montas, Frankie",4,0.5955433913499587
"Brieske, Beau","Hernández, Daysbel",5,0.6350799507376331
"Brieske, Beau","Alcantara, Sandy",6,0.6691818965714557
"Brieske, Beau","Phillips, Connor",7,0.7177122622804113
"Brieske, Beau","Fermin, José",8,0.7409363377521259
"Brieske, Beau","Agnos, Zach",9,0.782211417444802
"Brieske, Beau","Kowar, Jackson",10,0.7962577559659088
"Brogdon, Connor","Dunning, Dane",1,0.4803479562676884
"Brogdon, Connor","Kelly, Zack",2,0.48221741258234707
"Brogdon, Connor","López, Pablo",3,0.5553612218718047
"Brogdon, Connor","Smith-Shawver, AJ",4,0.5811605080631609
"Brogdon, Connor","Leahy, Kyle",5,0.6073956115411021
"Brogdon, Connor","Gómez, Yoendrys",6,0.629802962250451
"Brogdon, Connor","Hodge, Porter",7,0.6503840755310764
"Brogdon, Connor","Strider, Spencer",8,0.6549640425300631
"Brogdon, Connor","Brasier, Ryan",9,0.6690212487250192
"Brogdon, Connor","Mize, Casey",10,0.7040083495888793
"Brown, Ben","Reynolds, Sean",1,0.26354102241947647
"Brown, Ben","Mears, Nick",2,0.5185033264267647
"Brown, Ben","Brown, Hunter",3,0.6376206123810126
"Brown, Ben","Nelson, Ryne",4,0.6645071673916448
"Brown, Ben","Jansen, Kenley",5,0.6890925372805115
"Brown, Ben","Birdsong, Hayden",6,0.7080511340717017
"Brown, Ben","Cavalli, Cade",7,0.7662592242871828
"Brown, Ben","Bowlan, Jonathan",8,0.7669775174983898
"Brown, Ben","Bradish, Kyle",9,0.7711221183437511
"Brown, Ben","Ribalta, Orlando",10,0.7782185173444774
"Brown, Hunter","Fitts, Richard",1,0.28176478853039694
"Brown, Hunter","Bowlan, Jonathan",2,0.3470581298406251
"Brown, Hunter","Cavalli, Cade",3,0.4097348223776636
"Brown, Hunter","Mears, Nick",4,0.4304268008166866
"Brown, Hunter","Erceg, Lucas",5,0.5451548607267626
"Brown, Hunter","Rasmussen, Drew",6,0.56029344914317
"Brown, Hunter","Nelson, Ryne",7,0.586953650664691
"Brown, Hunter","Martin, Chris",8,0.5871571361977831
"Brown, Hunter","Kranick, Max",9,0.5875416103198944
"Brown, Hunter","De los Santos, Yerry",10,0.5961029872179227
"Brown, McCade","Varland, Louis",1,0.7941733991212543
"Brown, McCade","Smith, Cade",2,0.8722898290643644
"Brown, McCade","Halvorsen, Seth",3,0.9129726071590478
"Brown, McCade","Cruz, Steven",4,0.9625481578989081
"Brown, McCade","Megill, Tylor",5,0.9665975252070903
"Brown, McCade","Gil, Luis",6,1.1366196702971871
"Brown, McCade","Hernández, Carlos",7,1.2333466293280004
"Brown, McCade","Tong, Jonah",8,1.262469063772158
"Brown, McCade","Kranick, Max",9,1.324193796403285
"Brown, McCade","Rocker, Kumar",10,1.3395215047699014
"Brubaker, JT","Márquez, Germán",1,0.46312569894482053
"Brubaker, JT","Treinen, Blake",2,0.8063580879091596
"Brubaker, JT","Hamilton, Ian",3,0.9969713345665285
"Brubaker, JT","Olson, Reese",4,1.0206486059532192
"Brubaker, JT","Guerrero, Luis",5,1.0208360906861629
"Brubaker, JT","Alcala, Jorge",6,1.078749522817302
"Brubaker, JT","Senzatela, Antonio",7,1.0940069511204604
"Brubaker, JT","Keller, Brad",8,1.1101037001885308
"Brubaker, JT","Johnson, Pierce",9,1.1157668042926532
"Brubaker, JT","Casparius, Ben",10,1.1623136310484208
"Brzykcy, Zach","Woodruff, Brandon",1,0.2807067848229396
"Brzykcy, Zach","Dana, Caden",2,0.3266629282806383
"Brzykcy, Zach","Burnes, Corbin",3,0.3354973874434982
"Brzykcy, Zach","Assad, Javier",4,0.3532738734146378
"Brzykcy, Zach","Hoffmann, Andrew",5,0.38687999160693737
"Brzykcy, Zach","Zeferjahn, Ryan",6,0.41732554933874066
"Brzykcy, Zach","Pallante, Andre",7,0.46253795181857743
"Brzykcy, Zach","Armstrong, Shawn",8,0.47989857660569124
"Brzykcy, Zach","Kittredge, Andrew",9,0.500668774288795
"Brzykcy, Zach","Pepiot, Ryan",10,0.5028620709895254
"Bubic, Kris","Rogers, Trevor",1,0.46626714688752974
"Bubic, Kris","Borucki, Ryan",2,0.5165583704594037
"Bubic, Kris","Kikuchi, Yusei",3,0.561150190725908
"Bubic, Kris","Freeland, Kyle",4,0.5975467204169703
"Bubic, Kris","Zastryzny, Rob",5,0.6541231464940014
"Bubic, Kris","King, Bryan",6,0.6867819034236606
"Bubic, Kris","Quintana, Jose",7,0.7062462095006924
"Bubic, Kris","Matz, Steven",8,0.7175534499942926
"Bubic, Kris","Gore, MacKenzie",9,0.7250174847789879
"Bubic, Kris","Lynch IV, Daniel",10,0.777327205354473
"Buehler, Walker","Rea, Colin",1,0.3484622108740688
"Buehler, Walker","DeSclafani, Anthony",2,0.49248153348613827
"Buehler, Walker","Yamamoto, Yoshinobu",3,0.5170016137593325
"Buehler, Walker","Mahle, Tyler",4,0.5271352088069838
"Buehler, Walker","Pfaadt, Brandon",5,0.5468890958622752
"Buehler, Walker","Bieber, Shane",6,0.5475750446898238
"Buehler, Walker","Hatch, Thomas",7,0.5626899897074569
"Buehler, Walker","Henry, Cole",8,0.5946188652737227
"Buehler, Walker","Sulser, Cole",9,0.6046838720672317
"Buehler, Walker","Brebbia, John",10,0.6177132659223483
"Bummer, Aaron","Allen, Logan",1,0.2524821068344766
"Bummer, Aaron","Boyd, Matthew",2,0.5230611121912938
"Bummer, Aaron","Murphy, Chris",3,0.6015768908401331
"Bummer, Aaron","Alexander, Tyler",4,0.6152867276969318
"Bummer, Aaron","Imanaga, Shota",5,0.6632446950690938
"Bummer, Aaron","Walter, Brandon",6,0.6717098811839194
"Bummer, Aaron","Hart, Kyle",7,0.7262357181831939
"Bummer, Aaron","Allard, Kolby",8,0.8163085455400265
"Bummer, Aaron","Sears, JP",9,0.9404780344750122
"Bummer, Aaron","Sale, Chris",10,0.9458698921976423
"Burke, Brock","Miller, Erik",1,0.3489223083333302
"Burke, Brock","Crochet, Garrett",2,0.4238494237971332
"Burke, Brock","Mayza, Tim",3,0.7069454081635026
"Burke, Brock","Skubal, Tarik",4,0.9254472021128702
"Burke, Brock","Beeks, Jalen",5,0.9762810503747338
"Burke, Brock","Sabrowski, Erik",6,0.9850024345650868
"Burke, Brock","Headrick, Brent",7,0.9866343154739473
"Burke, Brock","Sánchez, Cristopher",8,1.0681567054297965
"Burke, Brock","Latz, Jacob",9,1.1053439494183412
"Burke, Brock","Sousa, Bennett",10,1.1178176614685804
"Burke, Sean","Paddack, Chris",1,0.41595500648526934
"Burke, Sean","Gaddis, Hunter",2,0.43935357505601813
"Burke, Sean","Blewett, Scott",3,0.4934149130799676
"Burke, Sean","Jackson, Luke",4,0.750811758193604
"Burke, Sean","Festa, David",5,0.8345940994517278
"Burke, Sean","Hoglund, Gunnar",6,0.8631893955690678
"Burke, Sean","Beck, Tristan",7,0.867264128232
"Burke, Sean","Romano, Jordan",8,0.914330741255404
"Burke, Sean","Blanco, Ronel",9,0.9160930855833331
"Burke, Sean","Wesneski, Hayden",10,0.9376157901872333
"Burnes, Corbin","Brzykcy, Zach",1,0.3354973874434982
"Burnes, Corbin","Woodruff, Brandon",2,0.39221710657090464
"Burnes, Corbin","Hoffmann, Andrew",3,0.46511226312806264
"Burnes, Corbin","Trivino III, Lou",4,0.5517741956734762
"Burnes, Corbin","Assad, Javier",5,0.5529759055969793
"Burnes, Corbin","Pepiot, Ryan",6,0.5908128461387667
"Burnes, Corbin","Cabrera, Edward",7,0.5943434357078047
"Burnes, Corbin","Pallante, Andre",8,0.6153359973012003
"Burnes, Corbin","Dana, Caden",9,0.6418855534238914
"Burnes, Corbin","Burrows, Mike",10,0.6463538647664699
"Burns, Chase","Schlittler, Cam",1,0.44604802008716155
"Burns, Chase","Petersen, Michael",2,0.7002288704173423
"Burns, Chase","Miller, Mason",3,0.992413315134204
"Burns, Chase","Megill, Trevor",4,1.0616070978041394
"Burns, Chase","Duran, Jhoan",5,1.0757886714197846
"Burns, Chase","Curtiss, John",6,1.0916584007957337
"Burns, Chase","Greene, Hunter",7,1.097770452492512
"Burns, Chase","Barnett, Mason",8,1.1169294245461618
"Burns, Chase","Molina, Anthony",9,1.1360110695392582
"Burns, Chase","Clase, Emmanuel",10,1.1701448320206471
"Burrows, Mike","Trivino III, Lou",1,0.22827472645372135
"Burrows, Mike","Merryweather, Julian",2,0.3326599808046211
"Burrows, Mike","Dobbins, Hunter",3,0.3347328198799
"Burrows, Mike","Priester, Quinn",4,0.3356406707014228
"Burrows, Mike","Pallante, Andre",5,0.35953901058433624
"Burrows, Mike","Bergert, Ryan",6,0.42346454975263353
"Burrows, Mike","Graceffo, Gordon",7,0.4319000970653858
"Burrows, Mike","Blalock, Bradley",8,0.4360785579109795
"Burrows, Mike","Waldrep, Hurston",9,0.44345997215401844
"Burrows, Mike","Enright, Nic",10,0.49092890134651707
"Buttó, José","Bachman, Sam",1,0.17822695586124437
"Buttó, José","Fulmer, Carson",2,0.3448502951481322
"Buttó, José","De Los Santos, Enyel",3,0.35585099800695524
"Buttó, José","Meyer, Max",4,0.39858608038439874
"Buttó, José","Bello, Brayan",5,0.4268619402315217
"Buttó, José","Perkins, Jack",6,0.45297657141112907
"Buttó, José","Soriano, George",7,0.45368753824055147
"Buttó, José","Garrett, Reed",8,0.5136745137874383
"Buttó, José","Ureña, José",9,0.5193841727827929
"Buttó, José","Rodríguez, Yariel",10,0.529991595519962
"Cabrera, Edward","Assad, Javier",1,0.32208576384155385
"Cabrera, Edward","Cease, Dylan",2,0.3978729020311209
"Cabrera, Edward","Pérez, Eury",3,0.4010495284762053
"Cabrera, Edward","Woodruff, Brandon",4,0.42269640105111234
"Cabrera, Edward","Erceg, Lucas",5,0.44042782345026377
"Cabrera, Edward","Enright, Nic",6,0.4475391329419706
"Cabrera, Edward","Green, Chad",7,0.4597265122574849
"Cabrera, Edward","Kittredge, Andrew",8,0.4692898898674125
"Cabrera, Edward","Bradley, Taj",9,0.47387966617214594
"Cabrera, Edward","Pepiot, Ryan",10,0.5374277728823244
"Cabrera, Génesis","Ragans, Cole",1,0.7240757582346592
"Cabrera, Génesis","Akin, Keegan",2,0.783075194447778
"Cabrera, Génesis","Luzardo, Jesús",3,0.8045325719601211
"Cabrera, Génesis","Peralta, Wandy",4,0.8161995355387762
"Cabrera, Génesis","Little, Brendon",5,0.8502717432627392
"Cabrera, Génesis","Pomeranz, Drew",6,0.8567191498144751
"Cabrera, Génesis","Koenig, Jared",7,0.8975272030667965
"Cabrera, Génesis","King, John",8,0.9072460968907985
"Cabrera, Génesis","Wilson, Justin",9,0.9125971450035127
"Cabrera, Génesis","Valdez, Framber",10,0.9159668655368358
"Cameron, Noah","Alvarez, Andrew",1,0.44716962084668005
"Cameron, Noah","Saalfrank, Andrew",2,0.7118681929664831
"Cameron, Noah","Chafin, Andrew",3,0.7435608554665686
"Cameron, Noah","Thielbar, Caleb",4,0.7773768674303881
"Cameron, Noah","Gage, Matt",5,0.8078914984802739
"Cameron, Noah","Anderson, Tyler",6,0.8936706340180522
"Cameron, Noah","Farris, Mitch",7,0.9043974902357198
"Cameron, Noah","Lauer, Eric",8,0.949032206035163
"Cameron, Noah","Lee, Dylan",9,0.9707249344363207
"Cameron, Noah","Springs, Jeffrey",10,0.9737986573910759
"Canning, Griffin","Knack, Landon",1,0.23867698346939964
"Canning, Griffin","Faucher, Calvin",2,0.31943043476898597
"Canning, Griffin","Sims, Lucas",3,0.32495414833666003
"Canning, Griffin","Boushley, Caleb",4,0.4887642992555172
"Canning, Griffin","Garcia, Rico",5,0.5114859738001031
"Canning, Griffin","Bachar, Lake",6,0.5178441267502332
"Canning, Griffin","Jobe, Jackson",7,0.5463031349788836
"Canning, Griffin","Bazardo, Eduard",8,0.5800861330126229
"Canning, Griffin","Hill, Jaden",9,0.6055858992311842
"Canning, Griffin","Phillips, Connor",10,0.6207359335616225
"Cannon, Jonathan","Blackburn, Paul",1,0.15754111458691522
"Cannon, Jonathan","Montero, Keider",2,0.31475353478906437
"Cannon, Jonathan","Vásquez, Randy",3,0.34932963662148203
"Cannon, Jonathan","Soroka, Michael",4,0.4212935003004792
"Cannon, Jonathan","Senga, Kodai",5,0.42525558226750987
"Cannon, Jonathan","Vasil, Mike",6,0.43364365612780087
"Cannon, Jonathan","Santana, Dennis",7,0.4449322040307844
"Cannon, Jonathan","Adams, Travis",8,0.45887603151469636
"Cannon, Jonathan","Sugano, Tomoyuki",9,0.5247671824936155
"Cannon, Jonathan","Payamps, Joel",10,0.5291131842284416
"Cano, Yennier","Santillan, Tony",1,0.2821567948033303
"Cano, Yennier","Morgan, David",2,0.4330198493108614
"Cano, Yennier","Morales, Luis",3,0.5071742402709414
"Cano, Yennier","Weaver, Luke",4,0.5818774950410508
"Cano, Yennier","Hancock, Emerson",5,0.6304269830085869
"Cano, Yennier","Hanifee, Brenan",6,0.6353884674478952
"Cano, Yennier","Dollander, Chase",7,0.6467391568371131
"Cano, Yennier","Iglesias, Raisel",8,0.6664076476826357
"Cano, Yennier","Phillips, Connor",9,0.6991311335896555
"Cano, Yennier","Garrett, Reed",10,0.7118654453971133
"Cantillo, Joey","Ober, Bailey",1,1.1313757116668024
"Cantillo, Joey","Suter, Brent",2,1.5227843023223533
"Cantillo, Joey","Peterson, David",3,1.546010730487564
"Cantillo, Joey","Falter, Bailey",4,1.5486639198287582
"Cantillo, Joey","Wentz, Joey",5,1.6053796362944586
"Cantillo, Joey","Gilbert, Logan",6,1.767345061821726
"Cantillo, Joey","Cruz, Fernando",7,1.791554693736205
"Cantillo, Joey","Maton, Phil",8,1.8433800908905535
"Cantillo, Joey","Gordon, Colton",9,1.8561084475217264
"Cantillo, Joey","Irvin, Jake",10,1.879985163203769
"Carrasco, Carlos","Blanco, Ronel",1,0.43567319317529296
"Carrasco, Carlos","Fedde, Erick",2,0.47216835296716286
"Carrasco, Carlos","Orze, Eric",3,0.5304281628632841
"Carrasco, Carlos","Sulser, Cole",4,0.5431238452629837
"Carrasco, Carlos","Myers, Tobias",5,0.5538347008623888
"Carrasco, Carlos","Francis, Bowden",6,0.5616326478329582
"Carrasco, Carlos","Bieber, Shane",7,0.567046511750941
"Carrasco, Carlos","Cecconi, Slade",8,0.6018347297370548
"Carrasco, Carlos","McGreevy, Michael",9,0.6116366752072423
"Carrasco, Carlos","Taillon, Jameson",10,0.6142421965856043
"Casparius, Ben","Gonsolin, Tony",1,0.5206775168834618
"Casparius, Ben","Holmes, Clay",2,0.5531173914378855
"Casparius, Ben","Johnson, Pierce",3,0.7589541205699125
"Casparius, Ben","Nance, Tommy",4,0.7658418512499667
"Casparius, Ben","Garcia, Rico",5,0.7788228089253466
"Casparius, Ben","Guerrero, Luis",6,0.7883384264857676
"Casparius, Ben","Kelly, Michael",7,0.7883612604045016
"Casparius, Ben","Kinley, Tyler",8,0.8328137324458621
"Casparius, Ben","Hiraldo, Yaramil",9,0.863426807949745
"Casparius, Ben","Civale, Aaron",10,0.9248341432385029
"Castillo, José","Abbott, Andrew",1,0.3388187031832864
"Castillo, José","Hurter, Brant",2,0.5900933357504158
"Castillo, José","Lucchesi, Joey",3,0.6413225439050693
"Castillo, José","Booser, Cam",4,0.645843314757233
"Castillo, José","Ferguson, Caleb",5,0.7036356764066273
"Castillo, José","Dodd, Dylan",6,0.7046472182238205
"Castillo, José","Waddell, Brandon",7,0.7222682138873737
"Castillo, José","Ray, Robbie",8,0.7371701351566682
"Castillo, José","Herrin, Tim",9,0.7561004081077539
"Castillo, José","Rolison, Ryan",10,0.8766632113466689
"Castillo, Luis","Lord, Brad",1,0.780824331226411
"Castillo, Luis","Weissert, Greg",2,1.2087516889666312
"Castillo, Luis","Richardson, Lyon",3,1.2762661885357933
"Castillo, Luis","Topa, Justin",4,1.2801250866780414
"Castillo, Luis","Santillan, Tony",5,1.3312220420537952
"Castillo, Luis","Altavilla, Dan",6,1.4085484475149237
"Castillo, Luis","Cano, Yennier",7,1.555729932351796
"Castillo, Luis","Morgan, David",8,1.5986867837290701
"Castillo, Luis","Sands, Cole",9,1.6230650372494746
"Castillo, Luis","Scott, Tayler",10,1.6384685208576724
"Cavalli, Cade","Martin, Chris",1,0.30401168258709677
"Cavalli, Cade","Bowlan, Jonathan",2,0.3727768540616811
"Cavalli, Cade","Brown, Hunter",3,0.4097348223776636
"Cavalli, Cade","Fitts, Richard",4,0.44530588187494297
"Cavalli, Cade","Erceg, Lucas",5,0.47981769374522043
"Cavalli, Cade","De los Santos, Yerry",6,0.4934865756787782
"Cavalli, Cade","Sauer, Matt",7,0.5002431694347835
"Cavalli, Cade","Green, Chad",8,0.5020531165740478
"Cavalli, Cade","Curtiss, John",9,0.5169379700362239
"Cavalli, Cade","Bivens, Spencer",10,0.6194559636025031
"Cease, Dylan","Bradley, Taj",1,0.19643152903617986
"Cease, Dylan","Green, Chad",2,0.262960632368465
"Cease, Dylan","Bivens, Spencer",3,0.31596392622540737
"Cease, Dylan","Cabrera, Edward",4,0.3978729020311209
"Cease, Dylan","Ashcraft, Braxton",5,0.40477445485647967
"Cease, Dylan","Molina, Anthony",6,0.40864378063260126
"Cease, Dylan","Estévez, Carlos",7,0.47050682290232143
"Cease, Dylan","Enright, Nic",8,0.4955905057533308
"Cease, Dylan","Graceffo, Gordon",9,0.5105826328805915
"Cease, Dylan","Severino, Luis",10,0.5328994733695614
"Cecconi, Slade","Bednar, David",1,0.22087368962999127
"Cecconi, Slade","Sulser, Cole",2,0.2270351067676931
"Cecconi, Slade","Brebbia, John",3,0.2318582879882295
"Cecconi, Slade","Phillips, Tyler",4,0.28921140394061307
"Cecconi, Slade","Keller, Mitch",5,0.30415123131644367
"Cecconi, Slade","Fedde, Erick",6,0.4618918692595939
"Cecconi, Slade","Bergert, Ryan",7,0.4684795351842854
"Cecconi, Slade","Moreta, Dauri",8,0.4746424358640819
"Cecconi, Slade","Mahle, Tyler",9,0.47592058324809655
"Cecconi, Slade","Wilson, Bryse",10,0.48462729417039346
"Chafin, Andrew","Alvarez, Andrew",1,0.5771096846710624
"Chafin, Andrew","Cameron, Noah",2,0.7435608554665686
"Chafin, Andrew","Gage, Matt",3,0.854003301801594
"Chafin, Andrew","Whisenhunt, Carson",4,0.9206066622470607
"Chafin, Andrew","Harris, Hogan",5,1.0089531008783366
"Chafin, Andrew","Lee, Dylan",6,1.0546110989805924
"Chafin, Andrew","Corbin, Patrick",7,1.091353448801807
"Chafin, Andrew","Springs, Jeffrey",8,1.111845686259113
"Chafin, Andrew","Farris, Mitch",9,1.1401654176330223
"Chafin, Andrew","Gomber, Austin",10,1.1425216693981493
"Chandler, Bubba","Klein, Will",1,0.44996960723037405
"Chandler, Bubba","Clase, Emmanuel",2,0.5306058288855732
"Chandler, Bubba","Morillo, Juan",3,0.5400561326427585
"Chandler, Bubba","Mey, Luis",4,0.5592302447140789
"Chandler, Bubba","Palencia, Daniel",5,0.6367464852936675
"Chandler, Bubba","Boyle, Joe",6,0.6530495992646049
"Chandler, Bubba","Greene, Hunter",7,0.7978946519801507
"Chandler, Bubba","Suarez, Robert",8,0.8302600450015727
"Chandler, Bubba","Vargas, Carlos",9,0.8549345512316816
"Chandler, Bubba","Slaten, Justin",10,0.9560389116595936
"Chapman, Aroldis","Taylor, Grant",1,0.9279005688828169
"Chapman, Aroldis","Alvarado, José",2,1.32308372509877
"Chapman, Aroldis","Headrick, Brent",3,1.4101868430454907
"Chapman, Aroldis","Suarez, Robert",4,1.4617773787948265
"Chapman, Aroldis","Slaten, Justin",5,1.4684288572016284
"Chapman, Aroldis","Mayza, Tim",6,1.5458287496852785
"Chapman, Aroldis","Montgomery, Mason",7,1.605819388672963
"Chapman, Aroldis","Sabrowski, Erik",8,1.6498429205817118
"Chapman, Aroldis","Clase, Emmanuel",9,1.7110182498331588
"Chapman, Aroldis","Nicolas, Kyle",10,1.7172163941047227
"Chivilli, Angel","Kerkering, Orion",1,0.2516359984046877
"Chivilli, Angel","Baz, Shane",2,0.4279940368297232
"Chivilli, Angel","Kochanowicz, Jack",3,0.4347945882948261
"Chivilli, Angel","Uribe, Abner",4,0.452372888757393
"Chivilli, Angel","Estévez, Carlos",5,0.4726839730309249
"Chivilli, Angel","Severino, Luis",6,0.5099019754673899
"Chivilli, Angel","Domínguez, Seranthony",7,0.5608355337448685
"Chivilli, Angel","Hill, Jaden",8,0.5698550596126156
"Chivilli, Angel","Matthews, Zebby",9,0.5756060407470539
"Chivilli, Angel","Ort, Kaleb",10,0.5762950541083871
"Civale, Aaron","Kelly, Michael",1,0.583249089688274
"Civale, Aaron","Kinley, Tyler",2,0.6674263060668912
"Civale, Aaron","Fisher, Braydon",3,0.7425071959261118
"Civale, Aaron","Johnson, Pierce",4,0.7587175029539317
"Civale, Aaron","Gonsolin, Tony",5,0.8936095218971122
"Civale, Aaron","Casparius, Ben",6,0.9248341432385029
"Civale, Aaron","Coulombe, Danny",7,1.0014323028531273
"Civale, Aaron","Martinez, Nick",8,1.0121009251404371
"Civale, Aaron","Holmes, Clay",9,1.05458912117107
"Civale, Aaron","Evans, Logan",10,1.1845380900503184
"Clarke, Taylor","Graceffo, Gordon",1,0.4803451408025697
"Clarke, Taylor","Englert, Mason",2,0.5186059641765234
"Clarke, Taylor","Trivino III, Lou",3,0.5388884673657258
"Clarke, Taylor","Mejia, Juan",4,0.6029481462517994
"Clarke, Taylor","Fernandez, Ryan",5,0.6054837597532793
"Clarke, Taylor","Waldrep, Hurston",6,0.6281448383972192
"Clarke, Taylor","Vasil, Mike",7,0.6394140441298807
"Clarke, Taylor","Cease, Dylan",8,0.6433403428704487
"Clarke, Taylor","Priester, Quinn",9,0.6494422880325095
"Clarke, Taylor","Mazur, Adam",10,0.6500566391560236
"Clase, Emmanuel","Slaten, Justin",1,0.5017168485069193
"Clase, Emmanuel","Chandler, Bubba",2,0.5306058288855732
"Clase, Emmanuel","Suarez, Robert",3,0.5837661597760327
"Clase, Emmanuel","Boyle, Joe",4,0.5916235467176635
"Clase, Emmanuel","Greene, Hunter",5,0.6419208070456115
"Clase, Emmanuel","Miller, Mason",6,0.6434309351385449
"Clase, Emmanuel","Mattson, Isaac",7,0.701605732198614
"Clase, Emmanuel","Mey, Luis",8,0.7211646546380159
"Clase, Emmanuel","Helsley, Ryan",9,0.7969565831309048
"Clase, Emmanuel","Seymour, Carson",10,0.8064623930415483
"Cleavinger, Garrett","Speier, Gabe",1,0.4690735631182039
"Cleavinger, Garrett","Pérez, Cionel",2,0.6791570422410335
"Cleavinger, Garrett","Peralta, Luis",3,0.8440981557578536
"Cleavinger, Garrett","Scott, Tanner",4,0.9057920697772652
"Cleavinger, Garrett","Alexander, Scott",5,1.0602004048909304
"Cleavinger, Garrett","King, John",6,1.086857601271542
"Cleavinger, Garrett","Banda, Anthony",7,1.1306081476616536
"Cleavinger, Garrett","Wrobleski, Justin",8,1.2830446249199003
"Cleavinger, Garrett","Zerpa, Angel",9,1.3877560537082103
"Cleavinger, Garrett","Luzardo, Jesús",10,1.4261963608775232
"Corbin, Patrick","Harris, Hogan",1,0.6915404423427752
"Corbin, Patrick","Whisenhunt, Carson",2,0.7449780055421622
"Corbin, Patrick","Kershaw, Clayton",3,0.8796983841750761
"Corbin, Patrick","Rolison, Ryan",4,0.9946364841708403
"Corbin, Patrick","Fluharty, Mason",5,1.0712452977211644
"Corbin, Patrick","Alvarez, Andrew",6,1.0825702944353344
"Corbin, Patrick","Chafin, Andrew",7,1.091353448801807
"Corbin, Patrick","Farris, Mitch",8,1.091876994065118
"Corbin, Patrick","Freeland, Kyle",9,1.0985584584401462
"Corbin, Patrick","Quintana, Jose",10,1.106147546326025
"Cortes, Nestor","Valdez, Framber",1,0.43120115366007333
"Cortes, Nestor","Akin, Keegan",2,0.8016636121661949
"Cortes, Nestor","Long, Sam",3,0.8350674250139924
"Cortes, Nestor","Matsui, Yuki",4,0.8674565063779964
"Cortes, Nestor","King, John",5,0.8966865380868216
"Cortes, Nestor","Seymour, Ian",6,0.9128664408987014
"Cortes, Nestor","Cabrera, Génesis",7,0.9290447034662754
"Cortes, Nestor","Pérez, Martín",8,0.959162678596149
"Cortes, Nestor","Veneziano, Anthony",9,1.018267276648051
"Cortes, Nestor","Lauer, Eric",10,1.0228033743801852
"Coulombe, Danny","Martinez, Nick",1,0.5542825264545762
"Coulombe, Danny","Gonsolin, Tony",2,0.6255261275179143
"Coulombe, Danny","Kriske, Brooks",3,0.6561563404790473
"Coulombe, Danny","Granillo, Andre",4,0.6636148105214454
"Coulombe, Danny","Bellozo, Valente",5,0.683647437879911
"Coulombe, Danny","Neris, Héctor",6,0.7607690247868901
"Coulombe, Danny","Littell, Zack",7,0.7956910084406967
"Coulombe, Danny","Thielbar, Caleb",8,0.8517349726770622
"Coulombe, Danny","Kelly, Michael",9,0.8841386525266948
"Coulombe, Danny","Ohl, Pierson",10,0.9400998995800225
"Cox, Austin","Enns, Dietrich",1,0.3044205395522379
"Cox, Austin","Sousa, Bennett",2,0.37251569925387884
"Cox, Austin","Ragans, Cole",3,0.5494662303289025
"Cox, Austin","Lee, Dylan",4,0.6350609419525384
"Cox, Austin","Detmers, Reid",5,0.6855393995562339
"Cox, Austin","Liberatore, Matthew",6,0.714145508461094
"Cox, Austin","Gage, Matt",7,0.7527526163284959
"Cox, Austin","Rodriguez, Eduardo",8,0.8146395107127594
"Cox, Austin","Fried, Max",9,0.824418813009507
"Cox, Austin","Rodón, Carlos",10,0.8406542787142526
"Crismatt, Nabil","Eflin, Zach",1,0.9322202604407421
"Crismatt, Nabil","Alexander, Jason",2,0.9522883507149358
"Crismatt, Nabil","Barlow, Scott",3,0.9612968326240982
"Crismatt, Nabil","Cruz, Fernando",4,0.9696348159841193
"Crismatt, Nabil","Wilson, Steven",5,0.9946635688756063
"Crismatt, Nabil","Darvish, Yu",6,1.0359185546280878
"Crismatt, Nabil","Irvin, Jake",7,1.0413754843660767
"Crismatt, Nabil","Eovaldi, Nathan",8,1.0697095164175616
"Crismatt, Nabil","Leiter Jr., Mark",9,1.0801902558876675
"Crismatt, Nabil","Francis, Bowden",10,1.142080208400137
"Crochet, Garrett","Burke, Brock",1,0.4238494237971332
"Crochet, Garrett","Miller, Erik",2,0.5658770886846711
"Crochet, Garrett","Mayza, Tim",3,0.7364029354973372
"Crochet, Garrett","Skubal, Tarik",4,0.8422023978516889
"Crochet, Garrett","Sabrowski, Erik",5,0.884097968735582
"Crochet, Garrett","Beeks, Jalen",6,0.9443502303364558
"Crochet, Garrett","Pilkington, Konnor",7,0.9533901798757092
"Crochet, Garrett","Soto, Gregory",8,0.9976525011157338
"Crochet, Garrett","Sánchez, Cristopher",9,1.0046532825539176
"Crochet, Garrett","Latz, Jacob",10,1.0508551663571963
"Cruz, Fernando","Francis, Bowden",1,0.6822017183012277
"Cruz, Fernando","Blanco, Ronel",2,0.78666328173161
"Cruz, Fernando","Ober, Bailey",3,0.8494898620327311
"Cruz, Fernando","Blewett, Scott",4,0.8532210153536812
"Cruz, Fernando","Irvin, Jake",5,0.8567051007677285
"Cruz, Fernando","Orze, Eric",6,0.9606713987210862
"Cruz, Fernando","Taillon, Jameson",7,0.9666344609100612
"Cruz, Fernando","Beck, Tristan",8,0.9667423950001377
"Cruz, Fernando","Crismatt, Nabil",9,0.9696348159841193
"Cruz, Fernando","Wilson, Steven",10,1.0363447121013951
"Cruz, Steven","Vargas, Carlos",1,0.6147313846109896
"Cruz, Steven","Varland, Louis",2,0.6997737237201278
"Cruz, Steven","Halvorsen, Seth",3,0.7484841186641097
"Cruz, Steven","Skenes, Paul",4,0.8390791284424921
"Cruz, Steven","Vodnik, Victor",5,0.884732929094458
"Cruz, Steven","Brown, McCade",6,0.9625481578989081
"Cruz, Steven","Kranick, Max",7,0.9876761027857208
"Cruz, Steven","Mey, Luis",8,0.9896238443444892
"Cruz, Steven","Gil, Luis",9,0.9964155174662774
"Cruz, Steven","Rodríguez, Randy",10,1.0198970591652825
"Curtiss, John","Cavalli, Cade",1,0.5169379700362239
"Curtiss, John","Martin, Chris",2,0.6453584722828898
"Curtiss, John","Green, Chad",3,0.6767369510550351
"Curtiss, John","Schlittler, Cam",4,0.6940650670985901
"Curtiss, John","Bivens, Spencer",5,0.7112533975155448
"Curtiss, John","Molina, Anthony",6,0.7189777751668579
"Curtiss, John","Bradley, Taj",7,0.760003963474077
"Curtiss, John","Cease, Dylan",8,0.7613463968917646
"Curtiss, John","Fermin, José",9,0.762014272441046
"Curtiss, John","Ribalta, Orlando",10,0.7697590103654426
"Curvelo, Luis","Gausman, Kevin",1,0.44920609437464765
"Curvelo, Luis","Robertson, David",2,0.527684191843668
"Curvelo, Luis","Gallen, Zac",3,0.568284077080923
"Curvelo, Luis","Warren, Will",4,0.649701178094686
"Curvelo, Luis","McGreevy, Michael",5,0.6981028256758391
"Curvelo, Luis","Ohtani, Shohei",6,0.7056310268624862
"Curvelo, Luis","Blubaugh, AJ",7,0.7056583612280983
"Curvelo, Luis","Gusto, Ryan",8,0.7324326347212109
"Curvelo, Luis","Wilson, Bryse",9,0.7389921133735355
"Curvelo, Luis","Williams, Gavin",10,0.7589305007236065
"Dana, Caden","Zeferjahn, Ryan",1,0.2042988790895878
"Dana, Caden","Brzykcy, Zach",2,0.3266629282806383
"Dana, Caden","Martin, Davis",3,0.34930087002652094
"Dana, Caden","Assad, Javier",4,0.3532144446020156
"Dana, Caden","Woodruff, Brandon",5,0.3862128933584351
"Dana, Caden","Ohtani, Shohei",6,0.38807885142994936
"Dana, Caden","Gusto, Ryan",7,0.43848296558125893
"Dana, Caden","Kittredge, Andrew",8,0.4481100455506651
"Dana, Caden","Blubaugh, AJ",9,0.45047392331432634
"Dana, Caden","Holderman, Colin",10,0.4506183757039637
"Darvish, Yu","Flaherty, Jack",1,0.3384128024026252
"Darvish, Yu","Kahnle, Tommy",2,0.5054129094639865
"Darvish, Yu","Eovaldi, Nathan",3,0.5149369771527363
"Darvish, Yu","Barlow, Scott",4,0.5317696717462355
"Darvish, Yu","Eflin, Zach",5,0.5838097409828874
"Darvish, Yu","DeSclafani, Anthony",6,0.6486704257027017
"Darvish, Yu","Alexander, Jason",7,0.7426578046482927
"Darvish, Yu","Nola, Aaron",8,0.781500858438163
"Darvish, Yu","Mahle, Tyler",9,0.7938310593129025
"Darvish, Yu","Henry, Cole",10,0.8015033434911164
"De Los Santos, Enyel","Bachman, Sam",1,0.2556833327864285
"De Los Santos, Enyel","Perkins, Jack",2,0.3249047228492852
"De Los Santos, Enyel","Buttó, José",3,0.35585099800695524
"De Los Santos, Enyel","Bello, Brayan",4,0.3696007934125437
"De Los Santos, Enyel","Mlodzinski, Carmen",5,0.45883367261975194
"De Los Santos, Enyel","Dollander, Chase",6,0.477222987863653
"De Los Santos, Enyel","Iglesias, Raisel",7,0.5139085927639766
"De Los Santos, Enyel","Domínguez, Seranthony",8,0.547042456985156
"De Los Santos, Enyel","Kirby, George",9,0.5964646147341326
"De Los Santos, Enyel","Meyer, Max",10,0.6088011573465528
"De los Santos, Yerry","Erceg, Lucas",1,0.20200248065961365
"De los Santos, Yerry","Kochanowicz, Jack",2,0.2446291033794568
"De los Santos, Yerry","Matthews, Zebby",3,0.3031010578557247
"De los Santos, Yerry","Rasmussen, Drew",4,0.325727760083004
"De los Santos, Yerry","Fitts, Richard",5,0.39944473047864704
"De los Santos, Yerry","Seymour, Carson",6,0.4799791393797455
"De los Santos, Yerry","Martin, Corbin",7,0.48905174602235274
"De los Santos, Yerry","Sauer, Matt",8,0.490978947431082
"De los Santos, Yerry","Cavalli, Cade",9,0.4934865756787782
"De los Santos, Yerry","Pérez, Eury",10,0.49724728660786577
"DeSclafani, Anthony","Mahle, Tyler",1,0.29964648116951037
"DeSclafani, Anthony","Kahnle, Tommy",2,0.4117840606745455
"DeSclafani, Anthony","Bieber, Shane",3,0.4135626111928271
"DeSclafani, Anthony","Pfaadt, Brandon",4,0.4371381965410669
"DeSclafani, Anthony","Henry, Cole",5,0.46900418079855477
"DeSclafani, Anthony","Buehler, Walker",6,0.49248153348613827
"DeSclafani, Anthony","Rea, Colin",7,0.516999155548025
"DeSclafani, Anthony","Berríos, José",8,0.5273577694790147
"DeSclafani, Anthony","Brebbia, John",9,0.5363229623922163
"DeSclafani, Anthony","Sulser, Cole",10,0.5949304753249886
"Detmers, Reid","Ragans, Cole",1,0.4131174300000442
"Detmers, Reid","Seymour, Ian",2,0.4687077912154945
"Detmers, Reid","Rodriguez, Eduardo",3,0.5397799976274884
"Detmers, Reid","Enns, Dietrich",4,0.5700120026817911
"Detmers, Reid","Fried, Max",5,0.5963523292086045
"Detmers, Reid","Abbott, Andrew",6,0.6839005441506227
"Detmers, Reid","Cox, Austin",7,0.6855393995562339
"Detmers, Reid","Povich, Cade",8,0.6979453362030117
"Detmers, Reid","Veneziano, Anthony",9,0.7044931748497698
"Detmers, Reid","Vesia, Alex",10,0.7085365652716558
"Dobbins, Hunter","Priester, Quinn",1,0.1506908254761305
"Dobbins, Hunter","Merryweather, Julian",2,0.27967597540925215
"Dobbins, Hunter","Pallante, Andre",3,0.285089994028677
"Dobbins, Hunter","Graceffo, Gordon",4,0.2907951336618828
"Dobbins, Hunter","Burrows, Mike",5,0.3347328198799
"Dobbins, Hunter","Trivino III, Lou",6,0.3444306691769165
"Dobbins, Hunter","Enright, Nic",7,0.3576618544895485
"Dobbins, Hunter","García, Luis",8,0.3692616210465369
"Dobbins, Hunter","Rutledge, Jackson",9,0.3917356609789373
"Dobbins, Hunter","Woodruff, Brandon",10,0.40768068123557877
"Dodd, Dylan","Ferguson, Caleb",1,0.20139103679813827
"Dodd, Dylan","Booser, Cam",2,0.37292285231229105
"Dodd, Dylan","Latz, Jacob",3,0.5559155410297661
"Dodd, Dylan","Matz, Steven",4,0.5620591156841392
"Dodd, Dylan","Dreyer, Jack",5,0.6443768126978435
"Dodd, Dylan","Fried, Max",6,0.6533700403074519
"Dodd, Dylan","Rodriguez, Eduardo",7,0.6649403494315049
"Dodd, Dylan","Zastryzny, Rob",8,0.6936013277748572
"Dodd, Dylan","Herrin, Tim",9,0.6936582758531633
"Dodd, Dylan","Castillo, José",10,0.7046472182238205
"Dollander, Chase","Hancock, Emerson",1,0.275718010780809
"Dollander, Chase","Perkins, Jack",2,0.31548873776428255
"Dollander, Chase","Iglesias, Raisel",3,0.3401607567658233
"Dollander, Chase","Morgan, David",4,0.34387661231942573
"Dollander, Chase","Bachman, Sam",5,0.47300523587947924
"Dollander, Chase","De Los Santos, Enyel",6,0.477222987863653
"Dollander, Chase","Garrett, Reed",7,0.5263964064389997
"Dollander, Chase","Mlodzinski, Carmen",8,0.5457818186094768
"Dollander, Chase","Buttó, José",9,0.5867096471698949
"Dollander, Chase","Weaver, Luke",10,0.609989044038701
"Domínguez, Seranthony","Hicks, Jordan",1,0.32466245140484307
"Domínguez, Seranthony","Vest, Will",2,0.453056979582647
"Domínguez, Seranthony","Kirby, George",3,0.48178894318800985
"Domínguez, Seranthony","Doval, Camilo",4,0.5303362074148553
"Domínguez, Seranthony","De Los Santos, Enyel",5,0.547042456985156
"Domínguez, Seranthony","Kerkering, Orion",6,0.5590352367530519
"Domínguez, Seranthony","Chivilli, Angel",7,0.5608355337448685
"Domínguez, Seranthony","Svanson, Matt",8,0.5689962774602515
"Domínguez, Seranthony","Finnegan, Kyle",9,0.6048512518315741
"Domínguez, Seranthony","Iglesias, Raisel",10,0.6151837506113793
"Doval, Camilo","Domínguez, Seranthony",1,0.5303362074148553
"Doval, Camilo","Iglesias, Raisel",2,0.6351200937785915
"Doval, Camilo","De Los Santos, Enyel",3,0.6364859388934162
"Doval, Camilo","Hicks, Jordan",4,0.6564010004861582
"Doval, Camilo","Vest, Will",5,0.6911233572565146
"Doval, Camilo","Woo, Bryan",6,0.7125991269320289
"Doval, Camilo","Rodríguez, Manuel",7,0.7438572071982165
"Doval, Camilo","Bello, Brayan",8,0.805520045759273
"Doval, Camilo","Kirby, George",9,0.8124833436925375
"Doval, Camilo","Perkins, Jack",10,0.8278556367138087
"Dreyer, Jack","Lynch IV, Daniel",1,0.33622537145949466
"Dreyer, Jack","Latz, Jacob",2,0.3899609197021229
"Dreyer, Jack","Fried, Max",3,0.4163541746818836
"Dreyer, Jack","Rodriguez, Eduardo",4,0.4873187997650142
"Dreyer, Jack","Matz, Steven",5,0.5274919521892247
"Dreyer, Jack","Rogers, Trevor",6,0.6347917752271347
"Dreyer, Jack","Dodd, Dylan",7,0.6443768126978435
"Dreyer, Jack","Holton, Tyler",8,0.6499615565221523
"Dreyer, Jack","Zastryzny, Rob",9,0.6587529531360317
"Dreyer, Jack","Ferguson, Caleb",10,0.7051900033987124
"Dunning, Dane","Gómez, Yoendrys",1,0.3262388946248755
"Dunning, Dane","Smith-Shawver, AJ",2,0.3741720400807274
"Dunning, Dane","Strider, Spencer",3,0.42448931364788745
"Dunning, Dane","Brasier, Ryan",4,0.44327944269560826
"Dunning, Dane","Gausman, Kevin",5,0.44790980362698807
"Dunning, Dane","Warren, Will",6,0.4669370644536048
"Dunning, Dane","Brogdon, Connor",7,0.4803479562676884
"Dunning, Dane","López, Pablo",8,0.5000035793923174
"Dunning, Dane","Mize, Casey",9,0.5259382478539208
"Dunning, Dane","McGreevy, Michael",10,0.5342594453170946
"Duran, Jhoan","Morillo, Juan",1,0.7598444315952777
"Duran, Jhoan","Barnett, Mason",2,0.8688573420286629
"Duran, Jhoan","Mey, Luis",3,0.9711141475001346
"Duran, Jhoan","Burns, Chase",4,1.0757886714197846
"Duran, Jhoan","Alvarado, Elvis",5,1.0782229588096826
"Duran, Jhoan","Martin, Corbin",6,1.092107368517925
"Duran, Jhoan","Schlittler, Cam",7,1.1295384861237283
"Duran, Jhoan","Chandler, Bubba",8,1.1423496289341228
"Duran, Jhoan","Vest, Will",9,1.1705615135574723
"Duran, Jhoan","Greene, Hunter",10,1.2017630839218034
"Díaz, Alexis","Wheeler, Zack",1,1.1455142022725964
"Díaz, Alexis","Williams, Devin",2,1.2179306216017272
"Díaz, Alexis","Díaz, Edwin",3,1.3892545660070892
"Díaz, Alexis","Ramírez, Yohan",4,1.415961676549816
"Díaz, Alexis","Oviedo, Johan",5,1.4661683241546104
"Díaz, Alexis","Miller, Shelby",6,1.6272436792622187
"Díaz, Alexis","Hodge, Porter",7,1.6645768181197942
"Díaz, Alexis","Schwellenbach, Spencer",8,1.809485755517043
"Díaz, Alexis","Misiorowski, Jacob",9,1.8292702272248675
"Díaz, Alexis","Lively, Ben",10,1.874685722206925
"Díaz, Edwin","Wheeler, Zack",1,0.7877611855945779
"Díaz, Edwin","Roycroft, Chris",2,0.8710111184498323
"Díaz, Edwin","Miller, Shelby",3,0.944832120191118
"Díaz, Edwin","González, Wikelman",4,1.0519916725440828
"Díaz, Edwin","Ortiz, Luis",5,1.1319989535136787
"Díaz, Edwin","Melton, Troy",6,1.1911892345516855
"Díaz, Edwin","O'Brien, Riley",7,1.2179836627098009
"Díaz, Edwin","Schwellenbach, Spencer",8,1.252777988164136
"Díaz, Edwin","Murdock, Noah",9,1.2750273593429113
"Díaz, Edwin","Legumina, Casey",10,1.2848705160012837
"Eflin, Zach","Alexander, Jason",1,0.5185764264345472
"Eflin, Zach","Bassitt, Chris",2,0.5221353314293454
"Eflin, Zach","Flaherty, Jack",3,0.533973305713816
"Eflin, Zach","Darvish, Yu",4,0.5838097409828874
"Eflin, Zach","Roupp, Landen",5,0.6320732976536426
"Eflin, Zach","Wilson, Steven",6,0.6594611852480241
"Eflin, Zach","Kahnle, Tommy",7,0.6759714374871229
"Eflin, Zach","Webb, Jacob",8,0.7258109442140808
"Eflin, Zach","Mahle, Tyler",9,0.7348568092335235
"Eflin, Zach","DeSclafani, Anthony",10,0.7574631878513549
"Eisert, Brandon","Lopez, Jacob",1,0.42615962425405807
"Eisert, Brandon","Manaea, Sean",2,0.6127197900023381
"Eisert, Brandon","Gordon, Colton",3,1.2405893743563583
"Eisert, Brandon","Palmquist, Carson",4,1.3837765234665005
"Eisert, Brandon","Sale, Chris",5,1.4321348888271483
"Eisert, Brandon","Fluharty, Mason",6,1.4578119214109972
"Eisert, Brandon","Kikuchi, Yusei",7,1.5263392808206766
"Eisert, Brandon","Backhus, Kyle",8,1.6631402453516844
"Eisert, Brandon","Walter, Brandon",9,1.7083121509355117
"Eisert, Brandon","Hall, DL",10,1.7157706566601754
"Elder, Bryce","Quantrill, Cal",1,0.6486327490904409
"Elder, Bryce","Granillo, Andre",2,0.6551009076664739
"Elder, Bryce","Holmes, Clay",3,0.6571651115715456
"Elder, Bryce","Walker, Taijuan",4,0.6609972330176229
"Elder, Bryce","Nance, Tommy",5,0.6628175889072224
"Elder, Bryce","Adam, Jason",6,0.7443471859080077
"Elder, Bryce","Littell, Zack",7,0.7915373815178732
"Elder, Bryce","Mikolas, Miles",8,0.7926240819346065
"Elder, Bryce","Waldrep, Hurston",9,0.7962646107837704
"Elder, Bryce","Flexen, Chris",10,0.8421478876381744
"Englert, Mason","Vasil, Mike",1,0.20274730858903298
"Englert, Mason","Fernandez, Ryan",2,0.3389758330747074
"Englert, Mason","Trivino III, Lou",3,0.42554381638372396
"Englert, Mason","Adams, Travis",4,0.43853277293209414
"Englert, Mason","Bergert, Ryan",5,0.4422445111569597
"Englert, Mason","Rodríguez, Yariel",6,0.44567222528697
"Englert, Mason","Priester, Quinn",7,0.48935855205661366
"Englert, Mason","Hatch, Thomas",8,0.5043355911255096
"Englert, Mason","Blackburn, Paul",9,0.5133074815694681
"Englert, Mason","Clarke, Taylor",10,0.5186059641765234
"Enns, Dietrich","Cox, Austin",1,0.3044205395522379
"Enns, Dietrich","Ragans, Cole",2,0.4733916097453829
"Enns, Dietrich","Lee, Dylan",3,0.5156216936093873
"Enns, Dietrich","Gage, Matt",4,0.5605457791853041
"Enns, Dietrich","Detmers, Reid",5,0.5700120026817911
"Enns, Dietrich","Rodón, Carlos",6,0.5996756156545286
"Enns, Dietrich","Sousa, Bennett",7,0.6251255585459495
"Enns, Dietrich","Ray, Robbie",8,0.6481688149562104
"Enns, Dietrich","Veneziano, Anthony",9,0.796586010974871
"Enns, Dietrich","Fried, Max",10,0.8116240433193329
"Enright, Nic","Merryweather, Julian",1,0.2850867760090483
"Enright, Nic","Dobbins, Hunter",2,0.3576618544895485
"Enright, Nic","Pallante, Andre",3,0.37011804336241644
"Enright, Nic","Graceffo, Gordon",4,0.3919261831041492
"Enright, Nic","Ribalta, Orlando",5,0.407144005874986
"Enright, Nic","Bradley, Taj",6,0.40735846065430786
"Enright, Nic","Bivens, Spencer",7,0.4170151169432074
"Enright, Nic","Cabrera, Edward",8,0.4475391329419706
"Enright, Nic","Green, Chad",9,0.44913021532478903
"Enright, Nic","Priester, Quinn",10,0.45137422214435136
"Eovaldi, Nathan","Kahnle, Tommy",1,0.47979943829143107
"Eovaldi, Nathan","Darvish, Yu",2,0.5149369771527363
"Eovaldi, Nathan","Singer, Brady",3,0.647917988050742
"Eovaldi, Nathan","Smith-Shawver, AJ",4,0.6761647171829819
"Eovaldi, Nathan","Gómez, Yoendrys",5,0.7143112910705673
"Eovaldi, Nathan","Irvin, Jake",6,0.7480068009832471
"Eovaldi, Nathan","Bieber, Shane",7,0.7898549961601492
"Eovaldi, Nathan","Flaherty, Jack",8,0.8015810506321338
"Eovaldi, Nathan","Henry, Cole",9,0.8106270229249629
"Eovaldi, Nathan","DeSclafani, Anthony",10,0.811872997021524
"Erceg, Lucas","De los Santos, Yerry",1,0.20200248065961365
"Erceg, Lucas","Kochanowicz, Jack",2,0.23689541130976968
"Erceg, Lucas","Matthews, Zebby",3,0.28587133860481395
"Erceg, Lucas","Fitts, Richard",4,0.3413720438043021
"Erceg, Lucas","Pérez, Eury",5,0.35292519927568256
"Erceg, Lucas","Rasmussen, Drew",6,0.3553551097609279
"Erceg, Lucas","Cabrera, Edward",7,0.44042782345026377
"Erceg, Lucas","Kittredge, Andrew",8,0.44523445951920243
"Erceg, Lucas","Sauer, Matt",9,0.445488489989491
"Erceg, Lucas","Cavalli, Cade",10,0.47981769374522043
"Estrada, Jeremiah","Leasure, Jordan",1,0.2470213264156278
"Estrada, Jeremiah","Bigge, Hunter",2,0.432421372263944
"Estrada, Jeremiah","Nicolas, Kyle",3,0.5965862481908731
"Estrada, Jeremiah","Pepiot, Ryan",4,0.6683372955442481
"Estrada, Jeremiah","Soriano, José",5,0.7141374583848844
"Estrada, Jeremiah","Hernández, Carlos",6,0.7729688929461577
"Estrada, Jeremiah","Hoffmann, Andrew",7,0.7747387056560783
"Estrada, Jeremiah","Leiter, Jack",8,0.7776650255009917
"Estrada, Jeremiah","Pagán, Emilio",9,0.7860716723917082
"Estrada, Jeremiah","Pearson, Nate",10,0.7951661513791386
"Estévez, Carlos","Severino, Luis",1,0.14150463827878604
"Estévez, Carlos","Green, Chad",2,0.42162673472787393
"Estévez, Carlos","Ort, Kaleb",3,0.4263047927031503
"Estévez, Carlos","Bido, Osvaldo",4,0.4390005668754789
"Estévez, Carlos","Kochanowicz, Jack",5,0.44744653465333584
"Estévez, Carlos","Cease, Dylan",6,0.47050682290232143
"Estévez, Carlos","Rutledge, Jackson",7,0.4708653788602503
"Estévez, Carlos","Chivilli, Angel",8,0.4726839730309249
"Estévez, Carlos","Baz, Shane",9,0.4800475073997543
"Estévez, Carlos","Bivens, Spencer",10,0.49508433836150734
"Evans, Logan","Lorenzen, Michael",1,0.46482606238187274
"Evans, Logan","Kelly, Michael",2,0.6157458600613713
"Evans, Logan","Johnson, Pierce",3,0.6288723470809169
"Evans, Logan","Holmes, Grant",4,0.6743994966000747
"Evans, Logan","Martinez, Nick",5,0.7025316691481295
"Evans, Logan","Javier, Cristian",6,0.7090023068064283
"Evans, Logan","Strickland, Hunter",7,0.7890145067988937
"Evans, Logan","Neris, Héctor",8,0.8060776294300029
"Evans, Logan","Gonsolin, Tony",9,0.8134096163073762
"Evans, Logan","Bender, Anthony",10,0.8279140456879682
"Fairbanks, Pete","Baker, Bryan",1,0.9390681337651989
"Fairbanks, Pete","Bautista, Félix",2,1.0464489738264453
"Fairbanks, Pete","Yesavage, Trey",3,1.121218528372311
"Fairbanks, Pete","Reynolds, Sean",4,1.283399324253002
"Fairbanks, Pete","Bradish, Kyle",5,1.3028116857014989
"Fairbanks, Pete","Megill, Trevor",6,1.3466755913454305
"Fairbanks, Pete","Brown, Ben",7,1.4875109485386873
"Fairbanks, Pete","Petersen, Michael",8,1.5108399279186853
"Fairbanks, Pete","Liberatore, Matthew",9,1.5205846277712527
"Fairbanks, Pete","Wilson, Justin",10,1.5384624937671936
"Falter, Bailey","Funderburk, Kody",1,0.7995184737426337
"Falter, Bailey","Peterson, David",2,0.7999122723998907
"Falter, Bailey","Sánchez, Cristopher",3,0.8806456485859363
"Falter, Bailey","Gore, MacKenzie",4,0.962556742023767
"Falter, Bailey","Wentz, Joey",5,0.971293020709087
"Falter, Bailey","Parker, Mitchell",6,1.142731723266356
"Falter, Bailey","Bubic, Kris",7,1.1697593448024972
"Falter, Bailey","Rogers, Trevor",8,1.2677858480699713
"Falter, Bailey","Hall, DL",9,1.317888885419605
"Falter, Bailey","Lazar, Max",10,1.3267006029973891
"Farris, Mitch","Kershaw, Clayton",1,0.6127198743815861
"Farris, Mitch","Alvarez, Andrew",2,0.6174734306780395
"Farris, Mitch","Rolison, Ryan",3,0.6906078794255589
"Farris, Mitch","Harris, Hogan",4,0.760621767535955
"Farris, Mitch","Holton, Tyler",5,0.8303557875849857
"Farris, Mitch","Thielbar, Caleb",6,0.862424603095414
"Farris, Mitch","Cameron, Noah",7,0.9043974902357198
"Farris, Mitch","Springs, Jeffrey",8,0.9150754376250823
"Farris, Mitch","Fried, Max",9,0.931874347513438
"Farris, Mitch","Quintana, Jose",10,0.9461068003382703
"Faucher, Calvin","Boushley, Caleb",1,0.31123849646329943
"Faucher, Calvin","Canning, Griffin",2,0.31943043476898597
"Faucher, Calvin","Phillips, Connor",3,0.3196453179548447
"Faucher, Calvin","Jobe, Jackson",4,0.350297854954278
"Faucher, Calvin","Morales, Luis",5,0.49702510279172496
"Faucher, Calvin","Hernández, Daysbel",6,0.49955618176180355
"Faucher, Calvin","Alcantara, Sandy",7,0.5401361393941865
"Faucher, Calvin","Knack, Landon",8,0.54967201882572
"Faucher, Calvin","Agnos, Zach",9,0.5654792873013541
"Faucher, Calvin","Hill, Jaden",10,0.5704738489328703
"Fedde, Erick","Keller, Mitch",1,0.29671674869154513
"Fedde, Erick","Sulser, Cole",2,0.3371581776041079
"Fedde, Erick","Myers, Tobias",3,0.40352408728858075
"Fedde, Erick","Bednar, David",4,0.41547477765513463
"Fedde, Erick","Brebbia, John",5,0.44444773465389664
"Fedde, Erick","Cecconi, Slade",6,0.4618918692595939
"Fedde, Erick","Carrasco, Carlos",7,0.47216835296716286
"Fedde, Erick","Bieber, Shane",8,0.4998613248262106
"Fedde, Erick","Wesneski, Hayden",9,0.5032099550703142
"Fedde, Erick","McGreevy, Michael",10,0.5208590951214296
"Ferguson, Caleb","Dodd, Dylan",1,0.20139103679813827
"Ferguson, Caleb","Booser, Cam",2,0.4246232430440793
"Ferguson, Caleb","Rodriguez, Eduardo",3,0.5760295243793397
"Ferguson, Caleb","Matz, Steven",4,0.6396452721416562
"Ferguson, Caleb","Herrin, Tim",5,0.6947550177029678
"Ferguson, Caleb","Latz, Jacob",6,0.7009628669643588
"Ferguson, Caleb","Castillo, José",7,0.7036356764066273
"Ferguson, Caleb","Dreyer, Jack",8,0.7051900033987124
"Ferguson, Caleb","Fried, Max",9,0.7079585393988442
"Ferguson, Caleb","Abbott, Andrew",10,0.7181445753810256
"Ferguson, Tyler","Horton, Cade",1,0.5010630540920622
"Ferguson, Tyler","Bido, Osvaldo",2,0.6038555059067495
"Ferguson, Tyler","Strickland, Hunter",3,0.6074901650776509
"Ferguson, Tyler","Adams, Travis",4,0.6630070015332109
"Ferguson, Tyler","Schultz, Paxton",5,0.6924009595252878
"Ferguson, Tyler","Ureña, José",6,0.7077583521907284
"Ferguson, Tyler","Santana, Dennis",7,0.7104352844478489
"Ferguson, Tyler","Olson, Reese",8,0.7106647190461206
"Ferguson, Tyler","Blackburn, Paul",9,0.722552911480645
"Ferguson, Tyler","Mazur, Adam",10,0.7529081900917615
"Fermin, José","Molina, Anthony",1,0.4868690665368155
"Fermin, José","Ashcraft, Braxton",2,0.5641384117394407
"Fermin, José","Keller, Brad",3,0.574564347774082
"Fermin, José","Alcantara, Sandy",4,0.6907241734484445
"Fermin, José","Mejia, Juan",5,0.6942260764822596
"Fermin, José","Beeter, Clayton",6,0.7244402278171544
"Fermin, José","Hernández, Daysbel",7,0.728951698326978
"Fermin, José","Barnett, Mason",8,0.7334727495454522
"Fermin, José","Cease, Dylan",9,0.738599052946088
"Fermin, José","Brieske, Beau",10,0.7409363377521259
"Fernandez, Ryan","Priester, Quinn",1,0.27766599900425715
"Fernandez, Ryan","Englert, Mason",2,0.3389758330747074
"Fernandez, Ryan","Martin, Davis",3,0.3517528177053081
"Fernandez, Ryan","Bido, Osvaldo",4,0.36150606667810387
"Fernandez, Ryan","Rutledge, Jackson",5,0.3646225328961247
"Fernandez, Ryan","Graceffo, Gordon",6,0.37301131710182694
"Fernandez, Ryan","Adams, Travis",7,0.37580029402025195
"Fernandez, Ryan","Woodruff, Brandon",8,0.3761821891578162
"Fernandez, Ryan","Zeferjahn, Ryan",9,0.39841920620887544
"Fernandez, Ryan","Bergert, Ryan",10,0.4073510308846042
"Ferrer, José A.","Morejon, Adrian",1,0.7391236993602205
"Ferrer, José A.","Lucas, Easton",2,1.231795600285813
"Ferrer, José A.","Pérez, Cionel",3,1.3234841450029182
"Ferrer, José A.","Koenig, Jared",4,1.3339091075587066
"Ferrer, José A.","Wolfram, Grant",5,1.4188863510259657
"Ferrer, José A.","Weathers, Ryan",6,1.4653354766405722
"Ferrer, José A.","Skubal, Tarik",7,1.4773768694786351
"Ferrer, José A.","Scott, Tanner",8,1.4802302374149519
"Ferrer, José A.","Pilkington, Konnor",9,1.6577781470173552
"Ferrer, José A.","Speier, Gabe",10,1.660605804981155
"Festa, David","Williams, Gavin",1,0.361710433232514
"Festa, David","Mize, Casey",2,0.44659718839073065
"Festa, David","Hoglund, Gunnar",3,0.4820188461015506
"Festa, David","Wesneski, Hayden",4,0.5379292937035205
"Festa, David","Gaddis, Hunter",5,0.5842747977089745
"Festa, David","Leahy, Kyle",6,0.5904552124454343
"Festa, David","Strider, Spencer",7,0.5989139092733257
"Festa, David","Holman, Grant",8,0.6120089749513321
"Festa, David","Sasaki, Roki",9,0.6334391252153244
"Festa, David","Paddack, Chris",10,0.6729398594821333
"Festa, Matt","Brash, Matt",1,0.45979070677957556
"Festa, Matt","Woodford, Jake",2,0.5032647548890004
"Festa, Matt","Teng, Kai-Wei",3,0.6462068261132243
"Festa, Matt","Flaherty, Jack",4,0.7330284558216827
"Festa, Matt","Morton, Charlie",5,0.7369732921669202
"Festa, Matt","Henderson, Logan",6,0.8362146645056371
"Festa, Matt","Shugart, Chase",7,0.8369999842030912
"Festa, Matt","DeSclafani, Anthony",8,0.8574233910458501
"Festa, Matt","Henry, Cole",9,0.8620155413869046
"Festa, Matt","Thornton, Trent",10,0.8730972751269284
"Finnegan, Kyle","Svanson, Matt",1,0.2858268265146424
"Finnegan, Kyle","Skenes, Paul",2,0.2978640246175179
"Finnegan, Kyle","Salazar, Eduardo",3,0.3230382939890252
"Finnegan, Kyle","Kirby, George",4,0.34978021875898896
"Finnegan, Kyle","Abreu, Bryan",5,0.3699229688598174
"Finnegan, Kyle","Ross, Joe",6,0.37629227695538897
"Finnegan, Kyle","Hoffman, Jeff",7,0.4105513156773972
"Finnegan, Kyle","Smith, Shane",8,0.41366417305348346
"Finnegan, Kyle","Rodríguez, Randy",9,0.4549038523607191
"Finnegan, Kyle","Kranick, Max",10,0.45615704818857733
"Fisher, Braydon","Kinley, Tyler",1,0.7198428507275644
"Fisher, Braydon","Civale, Aaron",2,0.7425071959261118
"Fisher, Braydon","Holmes, Clay",3,0.9555231206393613
"Fisher, Braydon","Casparius, Ben",4,1.0664756879793587
"Fisher, Braydon","Gonsolin, Tony",5,1.1422498417144678
"Fisher, Braydon","Valdez, Framber",6,1.185137054693125
"Fisher, Braydon","Kelly, Michael",7,1.1987966663040486
"Fisher, Braydon","Coulombe, Danny",8,1.2347029819320827
"Fisher, Braydon","Banks, Tanner",9,1.2792032914271347
"Fisher, Braydon","Johnson, Pierce",10,1.2910349320231926
"Fitts, Richard","Brown, Hunter",1,0.28176478853039694
"Fitts, Richard","Erceg, Lucas",2,0.3413720438043021
"Fitts, Richard","Rasmussen, Drew",3,0.36247008725898705
"Fitts, Richard","Kranick, Max",4,0.39916129231135244
"Fitts, Richard","De los Santos, Yerry",5,0.39944473047864704
"Fitts, Richard","Ross, Joe",6,0.44268529209728286
"Fitts, Richard","Cavalli, Cade",7,0.44530588187494297
"Fitts, Richard","Bowlan, Jonathan",8,0.4494524473769433
"Fitts, Richard","Kittredge, Andrew",9,0.4558707649007284
"Fitts, Richard","Sauer, Matt",10,0.48622488526264873
"Flaherty, Jack","Darvish, Yu",1,0.3384128024026252
"Flaherty, Jack","Eflin, Zach",2,0.533973305713816
"Flaherty, Jack","DeSclafani, Anthony",3,0.602570373698073
"Flaherty, Jack","Kahnle, Tommy",4,0.6462466705975478
"Flaherty, Jack","Teng, Kai-Wei",5,0.6535551798482923
"Flaherty, Jack","Barlow, Scott",6,0.6584056007180318
"Flaherty, Jack","Webb, Jacob",7,0.6739079988720593
"Flaherty, Jack","Bassitt, Chris",8,0.6810298673406363
"Flaherty, Jack","Festa, Matt",9,0.7330284558216827
"Flaherty, Jack","Brash, Matt",10,0.7361264947353271
"Flexen, Chris","Elder, Bryce",1,0.8421478876381744
"Flexen, Chris","Yesavage, Trey",2,0.9362095559479557
"Flexen, Chris","Verlander, Justin",3,0.9473573026814447
"Flexen, Chris","Adam, Jason",4,1.0002326546095315
"Flexen, Chris","Granillo, Andre",5,1.0126939113583735
"Flexen, Chris","Walker, Taijuan",6,1.03142100145355
"Flexen, Chris","Mikolas, Miles",7,1.052282593878836
"Flexen, Chris","Liberatore, Matthew",8,1.0955860510534938
"Flexen, Chris","Quantrill, Cal",9,1.1493730446697334
"Flexen, Chris","Holmes, Clay",10,1.2526586491362606
"Fluharty, Mason","Gordon, Colton",1,0.5932667812885241
"Fluharty, Mason","Freeland, Kyle",2,0.6431819965033199
"Fluharty, Mason","Bubic, Kris",3,0.7812664384933705
"Fluharty, Mason","Walter, Brandon",4,0.7893241676810899
"Fluharty, Mason","Quintana, Jose",5,0.8102676369925025
"Fluharty, Mason","King, Bryan",6,0.8698177783236368
"Fluharty, Mason","Kikuchi, Yusei",7,0.9904192507662862
"Fluharty, Mason","Hart, Kyle",8,1.0053712162987047
"Fluharty, Mason","Rogers, Trevor",9,1.0300629538241457
"Fluharty, Mason","Borucki, Ryan",10,1.0665848070619657
"Francis, Bowden","Blanco, Ronel",1,0.17806877130787105
"Francis, Bowden","Beck, Tristan",2,0.3356372301180745
"Francis, Bowden","Orze, Eric",3,0.5069524524432004
"Francis, Bowden","Carrasco, Carlos",4,0.5616326478329582
"Francis, Bowden","McGreevy, Michael",5,0.5912139759035355
"Francis, Bowden","Smith-Shawver, AJ",6,0.6558933518334762
"Francis, Bowden","Paddack, Chris",7,0.6718908788701871
"Francis, Bowden","Cruz, Fernando",8,0.6822017183012277
"Francis, Bowden","Taillon, Jameson",9,0.6829911542788012
"Francis, Bowden","Wilson, Steven",10,0.6897980786443384
"Freeland, Kyle","Quintana, Jose",1,0.2665170545160201
"Freeland, Kyle","Borucki, Ryan",2,0.5466650825130874
"Freeland, Kyle","Rolison, Ryan",3,0.5578477813098777
"Freeland, Kyle","King, Bryan",4,0.567616265337252
"Freeland, Kyle","Bubic, Kris",5,0.5975467204169703
"Freeland, Kyle","Herrin, Tim",6,0.6095269284380745
"Freeland, Kyle","Holton, Tyler",7,0.6113263053983399
"Freeland, Kyle","Walter, Brandon",8,0.6273083819171771
"Freeland, Kyle","Fluharty, Mason",9,0.6431819965033199
"Freeland, Kyle","Hart, Kyle",10,0.6492198794557873
"Fried, Max","Dreyer, Jack",1,0.4163541746818836
"Fried, Max","Holton, Tyler",2,0.4552543334854654
"Fried, Max","Rolison, Ryan",3,0.5677187453501353
"Fried, Max","Herrin, Tim",4,0.5818949925069614
"Fried, Max","Rodriguez, Eduardo",5,0.582746114599642
"Fried, Max","Detmers, Reid",6,0.5963523292086045
"Fried, Max","Lynch IV, Daniel",7,0.6332901666537755
"Fried, Max","Latz, Jacob",8,0.6425794539144947
"Fried, Max","Dodd, Dylan",9,0.6533700403074519
"Fried, Max","Harris, Hogan",10,0.6692026031439534
"Fulmer, Carson","Soriano, George",1,0.34095099454104955
"Fulmer, Carson","Buttó, José",2,0.3448502951481322
"Fulmer, Carson","Bachman, Sam",3,0.45263601293903094
"Fulmer, Carson","Ureña, José",4,0.5129076726002005
"Fulmer, Carson","Sterner, Justin",5,0.5255669309232046
"Fulmer, Carson","Kolek, Stephen",6,0.53119075338092
"Fulmer, Carson","Rodríguez, Yariel",7,0.5719652820587194
"Fulmer, Carson","Yamamoto, Yoshinobu",8,0.574428456563942
"Fulmer, Carson","Garrett, Reed",9,0.581009539615847
"Fulmer, Carson","Perkins, Jack",10,0.6295031012104342
"Funderburk, Kody","Sánchez, Cristopher",1,0.5136949361782341
"Funderburk, Kody","Gore, MacKenzie",2,0.6108529598866
"Funderburk, Kody","Hall, DL",3,0.7313753903661931
"Funderburk, Kody","Falter, Bailey",4,0.7995184737426337
"Funderburk, Kody","Rogers, Trevor",5,1.0647822862883665
"Funderburk, Kody","Bubic, Kris",6,1.1075956852590874
"Funderburk, Kody","Zastryzny, Rob",7,1.1587150947861278
"Funderburk, Kody","Kikuchi, Yusei",8,1.161899063428543
"Funderburk, Kody","Peterson, David",9,1.1648239701598035
"Funderburk, Kody","Latz, Jacob",10,1.1685251046327905
"Gaddis, Hunter","Paddack, Chris",1,0.38762347444283257
"Gaddis, Hunter","Jackson, Luke",2,0.42335383961456635
"Gaddis, Hunter","Burke, Sean",3,0.43935357505601813
"Gaddis, Hunter","Hoglund, Gunnar",4,0.468787489296842
"Gaddis, Hunter","Festa, David",5,0.5842747977089745
"Gaddis, Hunter","Wesneski, Hayden",6,0.6580826463265529
"Gaddis, Hunter","Williams, Gavin",7,0.6931896677561185
"Gaddis, Hunter","Ginkel, Kevin",8,0.7399623097543379
"Gaddis, Hunter","Beck, Tristan",9,0.7582253806010985
"Gaddis, Hunter","Bibee, Tanner",10,0.7846862884514322
"Gage, Matt","Lee, Dylan",1,0.38956480536537236
"Gage, Matt","Enns, Dietrich",2,0.5605457791853041
"Gage, Matt","Cox, Austin",3,0.7527526163284959
"Gage, Matt","Abbott, Andrew",4,0.7585468912563605
"Gage, Matt","Detmers, Reid",5,0.7709945990704292
"Gage, Matt","Veneziano, Anthony",6,0.7849981348445706
"Gage, Matt","Cameron, Noah",7,0.8078914984802739
"Gage, Matt","Rodón, Carlos",8,0.8273697017176177
"Gage, Matt","Chafin, Andrew",9,0.854003301801594
"Gage, Matt","Ragans, Cole",10,0.8691008623996016
"Gallen, Zac","Robertson, David",1,0.10365920108998473
"Gallen, Zac","Wilson, Bryse",2,0.39896789805869187
"Gallen, Zac","Curvelo, Luis",3,0.568284077080923
"Gallen, Zac","Gusto, Ryan",4,0.6081542784553757
"Gallen, Zac","Keller, Mitch",5,0.6269159944459273
"Gallen, Zac","Bednar, David",6,0.6388911029511399
"Gallen, Zac","McGreevy, Michael",7,0.6423180528726308
"Gallen, Zac","Senga, Kodai",8,0.6514502571861297
"Gallen, Zac","Cecconi, Slade",9,0.6549091193020984
"Gallen, Zac","Montero, Keider",10,0.6635317848722602
"Garcia, Rico","Knack, Landon",1,0.4618375529481984
"Garcia, Rico","Bazardo, Eduard",2,0.4773032851790566
"Garcia, Rico","Sims, Lucas",3,0.49706244237445907
"Garcia, Rico","Canning, Griffin",4,0.5114859738001031
"Garcia, Rico","Senzatela, Antonio",5,0.517832650231204
"Garcia, Rico","Mazur, Adam",6,0.5190803022483126
"Garcia, Rico","Vásquez, Randy",7,0.5314385880388791
"Garcia, Rico","Nance, Tommy",8,0.5452369768600677
"Garcia, Rico","Holmes, Grant",9,0.5673830313699082
"Garcia, Rico","Santana, Dennis",10,0.5798338422527143
"Garcia, Robert","Hader, Josh",1,0.505080707727309
"Garcia, Robert","Pilkington, Konnor",2,0.6819519380273066
"Garcia, Robert","Booser, Cam",3,0.8252783077065763
"Garcia, Robert","Lodolo, Nick",4,0.9415072640148758
"Garcia, Robert","Dodd, Dylan",5,0.9495980541700817
"Garcia, Robert","Ferguson, Caleb",6,1.0014107862656414
"Garcia, Robert","Banda, Anthony",7,1.0376882275027508
"Garcia, Robert","Zastryzny, Rob",8,1.0888475721958315
"Garcia, Robert","Koenig, Jared",9,1.1283897692312954
"Garcia, Robert","King, Bryan",10,1.131426833873852
"García, Luis","Pallante, Andre",1,0.33803972424551765
"García, Luis","Merryweather, Julian",2,0.3423404431914225
"García, Luis","Dobbins, Hunter",3,0.3692616210465369
"García, Luis","Blalock, Bradley",4,0.39208746323635946
"García, Luis","Enright, Nic",5,0.45635164591371724
"García, Luis","Priester, Quinn",6,0.513993178339431
"García, Luis","Ribalta, Orlando",7,0.5433634054291774
"García, Luis","Burrows, Mike",8,0.5473871688390265
"García, Luis","Birdsong, Hayden",9,0.5481009665324438
"García, Luis","Assad, Javier",10,0.5891943039435155
"Garrett, Reed","Ureña, José",1,0.2720356856990008
"Garrett, Reed","Morales, Luis",2,0.41322633666686936
"Garrett, Reed","Schultz, Paxton",3,0.4351673476529798
"Garrett, Reed","Buttó, José",4,0.5136745137874383
"Garrett, Reed","Hancock, Emerson",5,0.5163767252652323
"Garrett, Reed","Dollander, Chase",6,0.5263964064389997
"Garrett, Reed","Hill, Jaden",7,0.5556127774866755
"Garrett, Reed","Bachman, Sam",8,0.5655421557779307
"Garrett, Reed","Jobe, Jackson",9,0.5693383564938947
"Garrett, Reed","Kerkering, Orion",10,0.571263695138092
"Gausman, Kevin","Warren, Will",1,0.3479207169972911
"Gausman, Kevin","Dunning, Dane",2,0.44790980362698807
"Gausman, Kevin","Curvelo, Luis",3,0.44920609437464765
"Gausman, Kevin","Ohtani, Shohei",4,0.458689995600722
"Gausman, Kevin","Pfaadt, Brandon",5,0.4793994724805477
"Gausman, Kevin","Keller, Mitch",6,0.5380660683678551
"Gausman, Kevin","McGreevy, Michael",7,0.5452332464756322
"Gausman, Kevin","Dana, Caden",8,0.5615491469464242
"Gausman, Kevin","Rea, Colin",9,0.5753071486419514
"Gausman, Kevin","Blubaugh, AJ",10,0.5885367085733703
"Gibson, Cade","Ogasawara, Shinnosuke",1,0.6990908180186475
"Gibson, Cade","Rogers, Taylor",2,0.8655165453305265
"Gibson, Cade","Suarez, Ranger",3,0.8705405797858067
"Gibson, Cade","Pérez, Martín",4,0.895519496609656
"Gibson, Cade","Anderson, Tyler",5,0.9897389017131222
"Gibson, Cade","Saalfrank, Andrew",6,1.0044823943494783
"Gibson, Cade","Long, Sam",7,1.0625848410757073
"Gibson, Cade","Allard, Kolby",8,1.0712312573480496
"Gibson, Cade","Lauer, Eric",9,1.1894747770531489
"Gibson, Cade","Springs, Jeffrey",10,1.238653305297785
"Gil, Luis","Rocker, Kumar",1,0.4431316407483251
"Gil, Luis","Skenes, Paul",2,0.5851715425750814
"Gil, Luis","Varland, Louis",3,0.6055033591985637
"Gil, Luis","Smith, Shane",4,0.6224900130861123
"Gil, Luis","Tong, Jonah",5,0.6327926202830875
"Gil, Luis","Rodríguez, Randy",6,0.6705889060590136
"Gil, Luis","Leiter, Jack",7,0.6949174099073612
"Gil, Luis","Salazar, Eduardo",8,0.6961916099799375
"Gil, Luis","Ross, Joe",9,0.6965483417811082
"Gil, Luis","Abreu, Bryan",10,0.720342062806122
"Gilbert, Logan","Whitlock, Garrett",1,0.7432149850572326
"Gilbert, Logan","Romano, Jordan",2,0.9922310579277338
"Gilbert, Logan","Glasnow, Tyler",3,1.0341437028430653
"Gilbert, Logan","Williams, Devin",4,1.3212818314539223
"Gilbert, Logan","Oviedo, Johan",5,1.3215651157952433
"Gilbert, Logan","Ober, Bailey",6,1.3358708540365551
"Gilbert, Logan","Hodge, Porter",7,1.3456087257555773
"Gilbert, Logan","Leahy, Kyle",8,1.3692086431626824
"Gilbert, Logan","Holman, Grant",9,1.3868329253086547
"Gilbert, Logan","Blewett, Scott",10,1.4117325794517643
"Gilbert, Tyler","Bernardino, Brennan",1,0.8888363360136134
"Gilbert, Tyler","Heaney, Andrew",2,1.0301866644532367
"Gilbert, Tyler","Simpson, Josh",3,1.1753478413267375
"Gilbert, Tyler","Imanaga, Shota",4,1.309270934591252
"Gilbert, Tyler","Allen, Logan",5,1.3177462251465375
"Gilbert, Tyler","Strahm, Matt",6,1.4299979651378454
"Gilbert, Tyler","Murphy, Chris",7,1.4688512644185767
"Gilbert, Tyler","Sale, Chris",8,1.4995836302951688
"Gilbert, Tyler","Bummer, Aaron",9,1.5064649360753053
"Gilbert, Tyler","Alexander, Tyler",10,1.52861694319923
"Gillispie, Connor","Lugo, Seth",1,0.3461032118719663
"Gillispie, Connor","Junis, Jakob",2,0.5309209696564142
"Gillispie, Connor","Javier, Cristian",3,0.6752646684745129
"Gillispie, Connor","Bender, Anthony",4,0.6982950214181173
"Gillispie, Connor","Lorenzen, Michael",5,0.8026166382130363
"Gillispie, Connor","Evans, Logan",6,0.8526739462009091
"Gillispie, Connor","Stroman, Marcus",7,0.8993406493066124
"Gillispie, Connor","Bird, Jake",8,0.9251140532445931
"Gillispie, Connor","Thornton, Trent",9,1.0466007597696203
"Gillispie, Connor","McCullers Jr., Lance",10,1.0517088386299933
"Ginkel, Kevin","Jackson, Luke",1,0.5938791594595456
"Ginkel, Kevin","Hoglund, Gunnar",2,0.6329890203012252
"Ginkel, Kevin","Birdsong, Hayden",3,0.6542050340975617
"Ginkel, Kevin","Gaddis, Hunter",4,0.7399623097543379
"Ginkel, Kevin","Mears, Nick",5,0.745783433060003
"Ginkel, Kevin","Blalock, Bradley",6,0.7826721441793157
"Ginkel, Kevin","Brown, Ben",7,0.7908618877999182
"Ginkel, Kevin","García, Luis",8,0.8125946861435871
"Ginkel, Kevin","Giolito, Lucas",9,0.9023696122231967
"Ginkel, Kevin","Reynolds, Sean",10,0.9078979025189658
"Ginn, J.T.","Houser, Adrian",1,0.33120779694313596
"Ginn, J.T.","Armstrong, Shawn",2,0.38735978404114785
"Ginn, J.T.","Sheehan, Emmet",3,0.39040613470745633
"Ginn, J.T.","Holderman, Colin",4,0.4374954069982092
"Ginn, J.T.","Hoffmann, Andrew",5,0.46138934659018066
"Ginn, J.T.","Abel, Mick",6,0.48928536738755385
"Ginn, J.T.","Brzykcy, Zach",7,0.5791572896260748
"Ginn, J.T.","Rea, Colin",8,0.5799019529503084
"Ginn, J.T.","Pagán, Emilio",9,0.5885730202570906
"Ginn, J.T.","Pepiot, Ryan",10,0.6058461340805745
"Giolito, Lucas","Woods Richardson, Simeon",1,0.34164413059074855
"Giolito, Lucas","Bibee, Tanner",2,0.44771264230408003
"Giolito, Lucas","Blalock, Bradley",3,0.4482708056179654
"Giolito, Lucas","Jackson, Luke",4,0.5633181506110192
"Giolito, Lucas","Burrows, Mike",5,0.6419271272438632
"Giolito, Lucas","Young, Brandon",6,0.6489812332148118
"Giolito, Lucas","Adam, Jason",7,0.6537824371100874
"Giolito, Lucas","Merryweather, Julian",8,0.6859686079289484
"Giolito, Lucas","Pallante, Andre",9,0.7033145455015721
"Giolito, Lucas","Taillon, Jameson",10,0.7047899722798029
"Glasnow, Tyler","Romano, Jordan",1,0.8329498440583443
"Glasnow, Tyler","Whitlock, Garrett",2,0.8547616554021767
"Glasnow, Tyler","Holman, Grant",3,0.8741138804944107
"Glasnow, Tyler","Smith, Cade",4,0.9995857929887593
"Glasnow, Tyler","Gilbert, Logan",5,1.0341437028430653
"Glasnow, Tyler","Sasaki, Roki",6,1.1001030557625926
"Glasnow, Tyler","Hodge, Porter",7,1.1370414627708119
"Glasnow, Tyler","Leahy, Kyle",8,1.1473170497496816
"Glasnow, Tyler","Megill, Tylor",9,1.1488159460450817
"Glasnow, Tyler","Nicolas, Kyle",10,1.3944581613144829
"Gomber, Austin","Chafin, Andrew",1,1.1425216693981493
"Gomber, Austin","Kershaw, Clayton",2,1.230113152175823
"Gomber, Austin","Alvarez, Andrew",3,1.2639476476279357
"Gomber, Austin","Corbin, Patrick",4,1.306804875815344
"Gomber, Austin","Cameron, Noah",5,1.5265068748802986
"Gomber, Austin","Springs, Jeffrey",6,1.5578621778393855
"Gomber, Austin","Farris, Mitch",7,1.6155029165485673
"Gomber, Austin","Saalfrank, Andrew",8,1.6932886105280485
"Gomber, Austin","Harris, Hogan",9,1.700950228072909
"Gomber, Austin","Whisenhunt, Carson",10,1.7072169257004368
"Gonsolin, Tony","Casparius, Ben",1,0.5206775168834618
"Gonsolin, Tony","Martinez, Nick",2,0.5935174566804755
"Gonsolin, Tony","Coulombe, Danny",3,0.6255261275179143
"Gonsolin, Tony","Kelly, Michael",4,0.6384948211733615
"Gonsolin, Tony","Nance, Tommy",5,0.6492768549968354
"Gonsolin, Tony","Neris, Héctor",6,0.6663642077152739
"Gonsolin, Tony","Johnson, Pierce",7,0.7028835417505701
"Gonsolin, Tony","Littell, Zack",8,0.7730939329671903
"Gonsolin, Tony","Granillo, Andre",9,0.7927604609655793
"Gonsolin, Tony","Garcia, Rico",10,0.7938339432634967
"González, Wikelman","Vodnik, Victor",1,0.43835505201537545
"González, Wikelman","Murdock, Noah",2,0.48451037036335853
"González, Wikelman","Roycroft, Chris",3,0.5255726408191925
"González, Wikelman","Melton, Troy",4,0.8077338245373546
"González, Wikelman","Stewart, Brock",5,0.9602757725633261
"González, Wikelman","Pearson, Nate",6,0.9947502306171525
"González, Wikelman","deGrom, Jacob",7,1.0131241247636391
"González, Wikelman","Winn, Cole",8,1.0145090880998848
"González, Wikelman","Varland, Louis",9,1.0275039326423165
"González, Wikelman","Woo, Bryan",10,1.0332008224572666
"Gordon, Colton","Fluharty, Mason",1,0.5932667812885241
"Gordon, Colton","Walter, Brandon",2,0.6258477524311397
"Gordon, Colton","Bubic, Kris",3,0.7800465543886558
"Gordon, Colton","Freeland, Kyle",4,0.8990876449529991
"Gordon, Colton","Kikuchi, Yusei",5,0.9179226858823024
"Gordon, Colton","Manaea, Sean",6,0.9269591819334496
"Gordon, Colton","Quintana, Jose",7,0.9343808270583174
"Gordon, Colton","Lopez, Jacob",8,0.9546053510067661
"Gordon, Colton","King, Bryan",9,1.0261423942482892
"Gordon, Colton","Borucki, Ryan",10,1.0862872453113586
"Gordon, Tanner","Spence, Mitch",1,0.30563141679296646
"Gordon, Tanner","Sugano, Tomoyuki",2,0.42273959389213767
"Gordon, Tanner","Kremer, Dean",3,0.4934720734282679
"Gordon, Tanner","Senga, Kodai",4,0.6668117664955358
"Gordon, Tanner","Vásquez, Randy",5,0.6715213693307135
"Gordon, Tanner","Cannon, Jonathan",6,0.7182133527013773
"Gordon, Tanner","Mikolas, Miles",7,0.7282412426658553
"Gordon, Tanner","Soroka, Michael",8,0.7607647751659543
"Gordon, Tanner","Strickland, Hunter",9,0.7661817506221874
"Gordon, Tanner","Blackburn, Paul",10,0.7732505379867147
"Gore, MacKenzie","Sánchez, Cristopher",1,0.5623002528920891
"Gore, MacKenzie","Rogers, Trevor",2,0.5889628474662476
"Gore, MacKenzie","Zastryzny, Rob",3,0.589898942532261
"Gore, MacKenzie","Funderburk, Kody",4,0.6108529598866
"Gore, MacKenzie","Hall, DL",5,0.6288649424651936
"Gore, MacKenzie","Latz, Jacob",6,0.6808273693400536
"Gore, MacKenzie","Bubic, Kris",7,0.7250174847789879
"Gore, MacKenzie","Lynch IV, Daniel",8,0.736013292371946
"Gore, MacKenzie","Matz, Steven",9,0.7904953976300328
"Gore, MacKenzie","Kikuchi, Yusei",10,0.8250799467040975
"Graceffo, Gordon","Priester, Quinn",1,0.24111570103452104
"Graceffo, Gordon","Dobbins, Hunter",2,0.2907951336618828
"Graceffo, Gordon","Trivino III, Lou",3,0.30274645159568186
"Graceffo, Gordon","Bivens, Spencer",4,0.342613629489722
"Graceffo, Gordon","Fernandez, Ryan",5,0.37301131710182694
"Graceffo, Gordon","Enright, Nic",6,0.3919261831041492
"Graceffo, Gordon","Merryweather, Julian",7,0.40768474083188144
"Graceffo, Gordon","Rutledge, Jackson",8,0.4091921000699906
"Graceffo, Gordon","Burrows, Mike",9,0.4319000970653858
"Graceffo, Gordon","Green, Chad",10,0.4321958571425912
"Granillo, Andre","Kriske, Brooks",1,0.5011261185674348
"Granillo, Andre","Littell, Zack",2,0.5663417967134649
"Granillo, Andre","Martinez, Nick",3,0.5690754550590319
"Granillo, Andre","Elder, Bryce",4,0.6551009076664739
"Granillo, Andre","Neris, Héctor",5,0.662728342844725
"Granillo, Andre","Coulombe, Danny",6,0.6636148105214454
"Granillo, Andre","Walker, Taijuan",7,0.672190464542237
"Granillo, Andre","Kremer, Dean",8,0.7353427059792201
"Granillo, Andre","Gonsolin, Tony",9,0.7927604609655793
"Granillo, Andre","Thielbar, Caleb",10,0.8143081863629178
"Gray, Sonny","Junk, Janson",1,0.5127427240827365
"Gray, Sonny","Mahle, Tyler",2,0.6161678197874558
"Gray, Sonny","Buehler, Walker",3,0.6454483648304211
"Gray, Sonny","Bieber, Shane",4,0.654503621733624
"Gray, Sonny","Sulser, Cole",5,0.7186197688449668
"Gray, Sonny","DeSclafani, Anthony",6,0.7317013557218357
"Gray, Sonny","Brebbia, John",7,0.7622268285457056
"Gray, Sonny","Phillips, Tyler",8,0.7803910019202283
"Gray, Sonny","Berríos, José",9,0.7806506638792401
"Gray, Sonny","Cecconi, Slade",10,0.8003302977230528
"Green, Chad","Bivens, Spencer",1,0.1653665938085818
"Green, Chad","Cease, Dylan",2,0.262960632368465
"Green, Chad","Bradley, Taj",3,0.34021059890475475
"Green, Chad","Rutledge, Jackson",4,0.37732932230516747
"Green, Chad","Estévez, Carlos",5,0.42162673472787393
"Green, Chad","Graceffo, Gordon",6,0.4321958571425912
"Green, Chad","Severino, Luis",7,0.435443662999948
"Green, Chad","Enright, Nic",8,0.44913021532478903
"Green, Chad","Cabrera, Edward",9,0.4597265122574849
"Green, Chad","Cavalli, Cade",10,0.5020531165740478
"Greene, Hunter","Seymour, Carson",1,0.3026907803159525
"Greene, Hunter","Mey, Luis",2,0.41669270590766433
"Greene, Hunter","Miller, Mason",3,0.4771447419982215
"Greene, Hunter","Boyle, Joe",4,0.4884192398625693
"Greene, Hunter","Rasmussen, Drew",5,0.5425553390992156
"Greene, Hunter","Martin, Corbin",6,0.5783806553108521
"Greene, Hunter","Mattson, Isaac",7,0.5925278565157275
"Greene, Hunter","Clase, Emmanuel",8,0.6419208070456115
"Greene, Hunter","Vargas, Carlos",9,0.6926385591028014
"Greene, Hunter","De los Santos, Yerry",10,0.692926408191479
"Guerrero, Luis","Bazardo, Eduard",1,0.5772803840375932
"Guerrero, Luis","Márquez, Germán",2,0.6753542100963803
"Guerrero, Luis","Sims, Lucas",3,0.785678871575526
"Guerrero, Luis","Casparius, Ben",4,0.7883384264857676
"Guerrero, Luis","Garcia, Rico",5,0.810119024361576
"Guerrero, Luis","Hamilton, Ian",6,0.8338817446644075
"Guerrero, Luis","Faucher, Calvin",7,0.837460781761409
"Guerrero, Luis","Canning, Griffin",8,0.8391683589399945
"Guerrero, Luis","Olson, Reese",9,0.8657458303924105
"Guerrero, Luis","Sands, Cole",10,0.877121914038158
"Gusto, Ryan","Bergert, Ryan",1,0.3888289564348035
"Gusto, Ryan","Bednar, David",2,0.3973283295708906
"Gusto, Ryan","Keller, Mitch",3,0.41105137117902385
"Gusto, Ryan","Zeferjahn, Ryan",4,0.4225752039693172
"Gusto, Ryan","Hatch, Thomas",5,0.4326745819704251
"Gusto, Ryan","Montero, Keider",6,0.43738387842679527
"Gusto, Ryan","Dana, Caden",7,0.43848296558125893
"Gusto, Ryan","Rodríguez, Yariel",8,0.4461433336862322
"Gusto, Ryan","Brebbia, John",9,0.45944847824688595
"Gusto, Ryan","Martin, Davis",10,0.485257709025009
"Gómez, Yoendrys","López, Pablo",1,0.3261210460959391
"Gómez, Yoendrys","Dunning, Dane",2,0.3262388946248755
"Gómez, Yoendrys","Smith-Shawver, AJ",3,0.4086337334352568
"Gómez, Yoendrys","Brasier, Ryan",4,0.462260475942633
"Gómez, Yoendrys","Warren, Will",5,0.5157659731679521
"Gómez, Yoendrys","Strider, Spencer",6,0.5417017251977022
"Gómez, Yoendrys","Brogdon, Connor",7,0.629802962250451
"Gómez, Yoendrys","Rea, Colin",8,0.6515058330397924
"Gómez, Yoendrys","Pfaadt, Brandon",9,0.6573641129137404
"Gómez, Yoendrys","Gausman, Kevin",10,0.6676697415130871
"Hader, Josh","Garcia, Robert",1,0.505080707727309
"Hader, Josh","Zastryzny, Rob",2,0.6837230643216855
"Hader, Josh","Pilkington, Konnor",3,0.7193781583210417
"Hader, Josh","Booser, Cam",4,0.7298285030750314
"Hader, Josh","Hall, DL",5,0.7505606829898497
"Hader, Josh","King, Bryan",6,0.7999209034383238
"Hader, Josh","Matz, Steven",7,0.8084495097838109
"Hader, Josh","Rogers, Trevor",8,0.846477499390693
"Hader, Josh","Dodd, Dylan",9,0.8706659593482098
"Hader, Josh","Kikuchi, Yusei",10,0.88224000779226
"Hall, DL","Gore, MacKenzie",1,0.6288649424651936
"Hall, DL","Kikuchi, Yusei",2,0.6381300073245102
"Hall, DL","Funderburk, Kody",3,0.7313753903661931
"Hall, DL","Hader, Josh",4,0.7505606829898497
"Hall, DL","Zastryzny, Rob",5,0.8619794515087725
"Hall, DL","Bubic, Kris",6,0.9237050430292169
"Hall, DL","Rogers, Trevor",7,0.9509744758334414
"Hall, DL","Sánchez, Cristopher",8,1.0103082677376867
"Hall, DL","King, Bryan",9,1.0643418489123024
"Hall, DL","Matz, Steven",10,1.0872517237493784
"Halvorsen, Seth","Vargas, Carlos",1,0.6905303637352751
"Halvorsen, Seth","Cruz, Steven",2,0.7484841186641097
"Halvorsen, Seth","Hernández, Carlos",3,0.8838889856030492
"Halvorsen, Seth","Slaten, Justin",4,0.9069340607335369
"Halvorsen, Seth","Brown, McCade",5,0.9129726071590478
"Halvorsen, Seth","Miller, Mason",6,0.9286679637553974
"Halvorsen, Seth","Greene, Hunter",7,0.9349295221138038
"Halvorsen, Seth","Varland, Louis",8,0.9376947281360942
"Halvorsen, Seth","Seymour, Carson",9,0.9925463933416961
"Halvorsen, Seth","Mey, Luis",10,0.9944215521090313
"Hamilton, Ian","Márquez, Germán",1,0.7195270788018742
"Hamilton, Ian","Olson, Reese",2,0.7876509015986932
"Hamilton, Ian","Guerrero, Luis",3,0.8338817446644075
"Hamilton, Ian","Boushley, Caleb",4,0.844264434763566
"Hamilton, Ian","Bazardo, Eduard",5,0.8590415468559089
"Hamilton, Ian","Phillips, Connor",6,0.9115966639857248
"Hamilton, Ian","Jobe, Jackson",7,0.9220655099568267
"Hamilton, Ian","Sands, Cole",8,0.9351599799425783
"Hamilton, Ian","Faucher, Calvin",9,0.9634545123305298
"Hamilton, Ian","Morales, Luis",10,0.9812893347870391
"Hancock, Emerson","Dollander, Chase",1,0.275718010780809
"Hancock, Emerson","Morgan, David",2,0.3576133203108854
"Hancock, Emerson","Perkins, Jack",3,0.43264437974447517
"Hancock, Emerson","Garrett, Reed",4,0.5163767252652323
"Hancock, Emerson","Bachman, Sam",5,0.5830705741533381
"Hancock, Emerson","Mlodzinski, Carmen",6,0.5922479004106082
"Hancock, Emerson","Iglesias, Raisel",7,0.5964849897218715
"Hancock, Emerson","Cano, Yennier",8,0.6304269830085869
"Hancock, Emerson","Santillan, Tony",9,0.64504793371004
"Hancock, Emerson","Ureña, José",10,0.6519793913711542
"Hanifee, Brenan","Iglesias, Raisel",1,0.5037811871063402
"Hanifee, Brenan","Dollander, Chase",2,0.6115236225384667
"Hanifee, Brenan","Cano, Yennier",3,0.6353884674478952
"Hanifee, Brenan","Morgan, David",4,0.6598530666535178
"Hanifee, Brenan","Weaver, Luke",5,0.7224932254674877
"Hanifee, Brenan","Santillan, Tony",6,0.7602285616142269
"Hanifee, Brenan","Hancock, Emerson",7,0.7662071394374201
"Hanifee, Brenan","Vest, Will",8,0.7783082678542814
"Hanifee, Brenan","Domínguez, Seranthony",9,0.7792414746762522
"Hanifee, Brenan","Garrett, Reed",10,0.8169082360382939
"Harris, Hogan","Rolison, Ryan",1,0.37622536316657834
"Harris, Hogan","Whisenhunt, Carson",2,0.4674724747824186
"Harris, Hogan","Fried, Max",3,0.6692026031439534
"Harris, Hogan","Corbin, Patrick",4,0.6915404423427752
"Harris, Hogan","Quintana, Jose",5,0.6935368063842563
"Harris, Hogan","Holton, Tyler",6,0.7001515111003171
"Harris, Hogan","Freeland, Kyle",7,0.7066743647896802
"Harris, Hogan","Abbott, Andrew",8,0.7373508760934095
"Harris, Hogan","Farris, Mitch",9,0.760621767535955
"Harris, Hogan","Herrin, Tim",10,0.8182525264071111
"Harrison, Kyle","Kikuchi, Yusei",1,1.3446891530503549
"Harrison, Kyle","Hall, DL",2,1.3823918496246468
"Harrison, Kyle","Hader, Josh",3,1.5516586075625138
"Harrison, Kyle","Scott, Tanner",4,1.5564721387324596
"Harrison, Kyle","Sale, Chris",5,1.5579018235364244
"Harrison, Kyle","King, Bryan",6,1.6219840749357657
"Harrison, Kyle","Peralta, Luis",7,1.6371327049670121
"Harrison, Kyle","Zastryzny, Rob",8,1.6710110793376962
"Harrison, Kyle","Poulin, PJ",9,1.7005218346260458
"Harrison, Kyle","Strahm, Matt",10,1.707026901683815
"Hart, Kyle","Imanaga, Shota",1,0.4622340422827143
"Hart, Kyle","Boyd, Matthew",2,0.48163082228756626
"Hart, Kyle","Murphy, Chris",3,0.548350002615916
"Hart, Kyle","Alexander, Tyler",4,0.5929645398415607
"Hart, Kyle","Quintana, Jose",5,0.6147890394274083
"Hart, Kyle","King, Bryan",6,0.6405722732163117
"Hart, Kyle","Walter, Brandon",7,0.641996382350342
"Hart, Kyle","Freeland, Kyle",8,0.6492198794557873
"Hart, Kyle","Bummer, Aaron",9,0.7262357181831939
"Hart, Kyle","Allen, Logan",10,0.7353857500308577
"Hatch, Thomas","Rodríguez, Yariel",1,0.40505383339327977
"Hatch, Thomas","Gusto, Ryan",2,0.4326745819704251
"Hatch, Thomas","Bednar, David",3,0.4417385643358679
"Hatch, Thomas","Bergert, Ryan",4,0.4562008705025295
"Hatch, Thomas","Berríos, José",5,0.4700651845903879
"Hatch, Thomas","Brebbia, John",6,0.4852518066665541
"Hatch, Thomas","Phillips, Tyler",7,0.4970900793533771
"Hatch, Thomas","Englert, Mason",8,0.5043355911255096
"Hatch, Thomas","Sulser, Cole",9,0.5063828334780017
"Hatch, Thomas","Cecconi, Slade",10,0.513326654565642
"Headrick, Brent","Mayza, Tim",1,0.5345190471449304
"Headrick, Brent","Burke, Brock",2,0.9866343154739473
"Headrick, Brent","Sabrowski, Erik",3,0.9953904086355667
"Headrick, Brent","Alvarado, José",4,1.0740401775795843
"Headrick, Brent","Megill, Trevor",5,1.0922698728545261
"Headrick, Brent","Crochet, Garrett",6,1.1754758772730087
"Headrick, Brent","Miller, Erik",7,1.2793995468193309
"Headrick, Brent","Skubal, Tarik",8,1.3022203086254862
"Headrick, Brent","Helsley, Ryan",9,1.3487461793660354
"Headrick, Brent","Bautista, Félix",10,1.4000613282272416
"Heaney, Andrew","Sale, Chris",1,0.7197669408003838
"Heaney, Andrew","Allen, Logan",2,0.8977581191634774
"Heaney, Andrew","Bummer, Aaron",3,0.9807392713082982
"Heaney, Andrew","Sears, JP",4,0.9885512908803479
"Heaney, Andrew","Gilbert, Tyler",5,1.0301866644532367
"Heaney, Andrew","Poulin, PJ",6,1.1168159669922972
"Heaney, Andrew","Imanaga, Shota",7,1.2842669642517397
"Heaney, Andrew","Boyd, Matthew",8,1.3174269399457113
"Heaney, Andrew","Simpson, Josh",9,1.3217585176658615
"Heaney, Andrew","Murphy, Chris",10,1.3524550219696463
"Helsley, Ryan","Mattson, Isaac",1,0.7323589029629303
"Helsley, Ryan","Petersen, Michael",2,0.7643782831246165
"Helsley, Ryan","Megill, Trevor",3,0.7840310018162651
"Helsley, Ryan","Soriano, José",4,0.7843018226479688
"Helsley, Ryan","Clase, Emmanuel",5,0.7969565831309048
"Helsley, Ryan","Slaten, Justin",6,0.8311005227736793
"Helsley, Ryan","Uribe, Abner",7,0.8395586783697678
"Helsley, Ryan","Boyle, Joe",8,0.880373216984229
"Helsley, Ryan","Bigge, Hunter",9,0.9368794580535594
"Helsley, Ryan","Seymour, Carson",10,0.9532568251579691
"Henderson, Logan","Stroman, Marcus",1,0.467123513393664
"Henderson, Logan","Thornton, Trent",2,0.6744866076855288
"Henderson, Logan","Morton, Charlie",3,0.686762456734574
"Henderson, Logan","Shugart, Chase",4,0.7197792982141433
"Henderson, Logan","Kelly, Merrill",5,0.742197865563176
"Henderson, Logan","Schmidt, Clarke",6,0.7591927259856716
"Henderson, Logan","McCullers Jr., Lance",7,0.8182222000640947
"Henderson, Logan","Teng, Kai-Wei",8,0.832854885045269
"Henderson, Logan","Festa, Matt",9,0.8362146645056371
"Henderson, Logan","Yates, Kirby",10,0.8982554946562041
"Hendricks, Kyle","Bellozo, Valente",1,1.7474636146449765
"Hendricks, Kyle","Lugo, Seth",2,1.7552203572140943
"Hendricks, Kyle","Gillispie, Connor",3,1.8051063701203305
"Hendricks, Kyle","Martinez, Nick",4,1.8945698100010888
"Hendricks, Kyle","Kelly, Michael",5,1.9009573045079868
"Hendricks, Kyle","Evans, Logan",6,1.9493274457526424
"Hendricks, Kyle","Junis, Jakob",7,1.9519561498537148
"Hendricks, Kyle","Coulombe, Danny",8,1.9602364821619607
"Hendricks, Kyle","Civale, Aaron",9,1.972429759055204
"Hendricks, Kyle","Johnson, Pierce",10,2.0387886424610255
"Henriquez, Ronny","May, Dustin",1,0.46495234810180897
"Henriquez, Ronny","Yamamoto, Yoshinobu",2,0.4783761304789822
"Henriquez, Ronny","Kolek, Stephen",3,0.4871387988383999
"Henriquez, Ronny","Soriano, George",4,0.501093105568355
"Henriquez, Ronny","Mlodzinski, Carmen",5,0.5506588589174696
"Henriquez, Ronny","Muñoz, Andrés",6,0.5657465988650837
"Henriquez, Ronny","Sterner, Justin",7,0.5761274519333286
"Henriquez, Ronny","Henry, Cole",8,0.6035506452538419
"Henriquez, Ronny","Brash, Matt",9,0.6340794771754723
"Henriquez, Ronny","Bello, Brayan",10,0.6514952575149445
"Henry, Cole","Pfaadt, Brandon",1,0.4187709010871039
"Henry, Cole","DeSclafani, Anthony",2,0.46900418079855477
"Henry, Cole","Warren, Will",3,0.5450883468950083
"Henry, Cole","Rea, Colin",4,0.5466906316225275
"Henry, Cole","Yamamoto, Yoshinobu",5,0.5875413615799867
"Henry, Cole","Woodford, Jake",6,0.5901646713350857
"Henry, Cole","Buehler, Walker",7,0.5946188652737227
"Henry, Cole","Henriquez, Ronny",8,0.6035506452538419
"Henry, Cole","Kahnle, Tommy",9,0.6496063674142805
"Henry, Cole","Sterner, Justin",10,0.7034939451620328
"Herget, Jimmy","Bird, Jake",1,2.142145477546224
"Herget, Jimmy","Gillispie, Connor",2,2.1440582879693904
"Herget, Jimmy","Lugo, Seth",3,2.2369398159555547
"Herget, Jimmy","Bender, Anthony",4,2.2521971165404304
"Herget, Jimmy","Topa, Justin",5,2.3164132922812444
"Herget, Jimmy","McCullers Jr., Lance",6,2.325337255107046
"Herget, Jimmy","Scott, Tayler",7,2.387373920946975
"Herget, Jimmy","Hendricks, Kyle",8,2.41668823443602
"Herget, Jimmy","Stroman, Marcus",9,2.425792816241302
"Herget, Jimmy","Junis, Jakob",10,2.5474033528952864
"Hernández, Carlos","Nicolas, Kyle",1,0.39955587280513943
"Hernández, Carlos","Mattson, Isaac",2,0.53427234609526
"Hernández, Carlos","Tong, Jonah",3,0.6308968026128869
"Hernández, Carlos","Leasure, Jordan",4,0.6382080115728991
"Hernández, Carlos","Kranick, Max",5,0.6725065310321623
"Hernández, Carlos","Ross, Joe",6,0.6747674279222565
"Hernández, Carlos","Nelson, Ryne",7,0.684203643364975
"Hernández, Carlos","Slaten, Justin",8,0.6994515113728633
"Hernández, Carlos","Jansen, Kenley",9,0.7117021147752526
"Hernández, Carlos","Brown, Hunter",10,0.7505138062730898
"Hernández, Daysbel","Alcantara, Sandy",1,0.15749578942739023
"Hernández, Daysbel","Mejia, Juan",2,0.23249384596305758
"Hernández, Daysbel","Agnos, Zach",3,0.2382925461166426
"Hernández, Daysbel","Phillips, Connor",4,0.3660653872845235
"Hernández, Daysbel","Beeter, Clayton",5,0.4293208219007648
"Hernández, Daysbel","Jobe, Jackson",6,0.4399945609675046
"Hernández, Daysbel","Faucher, Calvin",7,0.49955618176180355
"Hernández, Daysbel","Boushley, Caleb",8,0.5170793220532326
"Hernández, Daysbel","Kowar, Jackson",9,0.5326559107080513
"Hernández, Daysbel","Montas, Frankie",10,0.5392824078812373
"Herrin, Tim","Holton, Tyler",1,0.351182457635423
"Herrin, Tim","Seymour, Ian",2,0.4877189533250583
"Herrin, Tim","Rolison, Ryan",3,0.49347988987574704
"Herrin, Tim","Borucki, Ryan",4,0.5562749191475579
"Herrin, Tim","Quintana, Jose",5,0.5591291355517433
"Herrin, Tim","Abbott, Andrew",6,0.5598271639828005
"Herrin, Tim","Fried, Max",7,0.5818949925069614
"Herrin, Tim","Booser, Cam",8,0.6011006066305553
"Herrin, Tim","Freeland, Kyle",9,0.6095269284380745
"Herrin, Tim","Matz, Steven",10,0.646966565607752
"Hicks, Jordan","Domínguez, Seranthony",1,0.32466245140484307
"Hicks, Jordan","Svanson, Matt",2,0.37929468126433535
"Hicks, Jordan","Finnegan, Kyle",3,0.45635554369786246
"Hicks, Jordan","Kirby, George",4,0.4733181291348756
"Hicks, Jordan","Vest, Will",5,0.5031300870168134
"Hicks, Jordan","Rasmussen, Drew",6,0.5560023443030571
"Hicks, Jordan","Uribe, Abner",7,0.5615111181364135
"Hicks, Jordan","Skenes, Paul",8,0.5655695639012133
"Hicks, Jordan","Soriano, José",9,0.6184645513957612
"Hicks, Jordan","Boyle, Joe",10,0.620045652492269
"Hill, Jaden","Weaver, Luke",1,0.42415752266348533
"Hill, Jaden","Morales, Luis",2,0.4753519999811907
"Hill, Jaden","Kerkering, Orion",3,0.48226351580456167
"Hill, Jaden","Jobe, Jackson",4,0.4994908538191125
"Hill, Jaden","Agnos, Zach",5,0.5012199087690082
"Hill, Jaden","Patrick, Chad",6,0.5215222646406356
"Hill, Jaden","Mejia, Juan",7,0.5412242538370811
"Hill, Jaden","Garrett, Reed",8,0.5556127774866755
"Hill, Jaden","Hernández, Daysbel",9,0.5630191033062716
"Hill, Jaden","Chivilli, Angel",10,0.5698550596126156
"Hill, Tim","Poulin, PJ",1,2.829088863363103
"Hill, Tim","Backhus, Kyle",2,2.8475819573748273
"Hill, Tim","Milner, Hoby",3,2.904244919186296
"Hill, Tim","Kelly, Kevin",4,3.604365778770301
"Hill, Tim","Sale, Chris",5,3.6758332394001436
"Hill, Tim","Harrison, Kyle",6,3.6893558465246326
"Hill, Tim","Heaney, Andrew",7,3.7242742793306083
"Hill, Tim","Sears, JP",8,3.9053467643230193
"Hill, Tim","Gilbert, Tyler",9,3.994301986792485
"Hill, Tim","Manaea, Sean",10,4.161189391720116
"Hiraldo, Yaramil","Holmes, Clay",1,0.7441003225131646
"Hiraldo, Yaramil","Montas, Frankie",2,0.7813238440589713
"Hiraldo, Yaramil","Clarke, Taylor",3,0.8199158241633606
"Hiraldo, Yaramil","Beeter, Clayton",4,0.821590747046709
"Hiraldo, Yaramil","Nance, Tommy",5,0.8613480093555511
"Hiraldo, Yaramil","Casparius, Ben",6,0.863426807949745
"Hiraldo, Yaramil","Ashcraft, Braxton",7,0.9134047662071884
"Hiraldo, Yaramil","Elder, Bryce",8,0.9242957831121339
"Hiraldo, Yaramil","Keller, Brad",9,0.9645082013117425
"Hiraldo, Yaramil","Wilson, Justin",10,0.9652591965749497
"Hodge, Porter","Leahy, Kyle",1,0.5236195894040159
"Hodge, Porter","Brogdon, Connor",2,0.6503840755310764
"Hodge, Porter","Kelly, Zack",3,0.6672114001292697
"Hodge, Porter","Oviedo, Johan",4,0.7089186091724832
"Hodge, Porter","Megill, Tylor",5,0.7611739596414738
"Hodge, Porter","Whitlock, Garrett",6,0.78361913631293
"Hodge, Porter","Ramírez, Yohan",7,0.8055003025458973
"Hodge, Porter","López, Pablo",8,0.8091745364812376
"Hodge, Porter","Holman, Grant",9,0.8890613241241027
"Hodge, Porter","Schwellenbach, Spencer",10,0.9185847600545712
"Hoffman, Jeff","Abreu, Bryan",1,0.23048869246397893
"Hoffman, Jeff","Ohtani, Shohei",2,0.35975285011792446
"Hoffman, Jeff","Finnegan, Kyle",3,0.4105513156773972
"Hoffman, Jeff","Matthews, Zebby",4,0.4341818012377125
"Hoffman, Jeff","Sauer, Matt",5,0.44565189791973114
"Hoffman, Jeff","Smith, Shane",6,0.4629204595707228
"Hoffman, Jeff","Kirby, George",7,0.4849259621483405
"Hoffman, Jeff","Rodríguez, Randy",8,0.48903415554165
"Hoffman, Jeff","Ross, Joe",9,0.4895294519522193
"Hoffman, Jeff","Kittredge, Andrew",10,0.49063963738790656
"Hoffmann, Andrew","Pepiot, Ryan",1,0.19698292020913077
"Hoffmann, Andrew","Brzykcy, Zach",2,0.38687999160693737
"Hoffmann, Andrew","Armstrong, Shawn",3,0.41581390581655275
"Hoffmann, Andrew","Ginn, J.T.",4,0.46138934659018066
"Hoffmann, Andrew","Burnes, Corbin",5,0.46511226312806264
"Hoffmann, Andrew","Houser, Adrian",6,0.4718334554606652
"Hoffmann, Andrew","Kittredge, Andrew",7,0.5117657577291861
"Hoffmann, Andrew","Assad, Javier",8,0.5676694417098803
"Hoffmann, Andrew","Woodruff, Brandon",9,0.5866354883809151
"Hoffmann, Andrew","Cabrera, Edward",10,0.6004961556166725
"Hoglund, Gunnar","Gaddis, Hunter",1,0.468787489296842
"Hoglund, Gunnar","Festa, David",2,0.4820188461015506
"Hoglund, Gunnar","Williams, Gavin",3,0.49903910324941947
"Hoglund, Gunnar","Mears, Nick",4,0.5279445336258656
"Hoglund, Gunnar","Jackson, Luke",5,0.6113139134268214
"Hoglund, Gunnar","Bowlan, Jonathan",6,0.6255896850039032
"Hoglund, Gunnar","Ginkel, Kevin",7,0.6329890203012252
"Hoglund, Gunnar","Blubaugh, AJ",8,0.6770279725777238
"Hoglund, Gunnar","García, Luis",9,0.6880280067172823
"Hoglund, Gunnar","Wesneski, Hayden",10,0.7155535378296857
"Holderman, Colin","Kirby, George",1,0.40496324338655276
"Holderman, Colin","Ginn, J.T.",2,0.4374954069982092
"Holderman, Colin","Ohtani, Shohei",3,0.44727176417056214
"Holderman, Colin","Dana, Caden",4,0.4506183757039637
"Holderman, Colin","Kittredge, Andrew",5,0.4535510287233986
"Holderman, Colin","Rodríguez, Yariel",6,0.4708655762733834
"Holderman, Colin","Armstrong, Shawn",7,0.4747784488600568
"Holderman, Colin","Meyer, Max",8,0.4845096872593236
"Holderman, Colin","Zeferjahn, Ryan",9,0.49541936218666177
"Holderman, Colin","Baz, Shane",10,0.5131744184900539
"Holman, Grant","Sasaki, Roki",1,0.35449954637953096
"Holman, Grant","Leahy, Kyle",2,0.5524131047030689
"Holman, Grant","Megill, Tylor",3,0.5563491891312113
"Holman, Grant","Festa, David",4,0.6120089749513321
"Holman, Grant","Whitlock, Garrett",5,0.7416939053521755
"Holman, Grant","Nicolas, Kyle",6,0.7503055954418152
"Holman, Grant","Mize, Casey",7,0.7981729613099525
"Holman, Grant","Romano, Jordan",8,0.8678658636144391
"Holman, Grant","Glasnow, Tyler",9,0.8741138804944107
"Holman, Grant","Williams, Gavin",10,0.8834498427007248
"Holmes, Clay","Casparius, Ben",1,0.5531173914378855
"Holmes, Clay","Elder, Bryce",2,0.6571651115715456
"Holmes, Clay","Kinley, Tyler",3,0.6740801889381255
"Holmes, Clay","Hiraldo, Yaramil",4,0.7441003225131646
"Holmes, Clay","Gonsolin, Tony",5,0.8165900845517514
"Holmes, Clay","Nance, Tommy",6,0.8795707809940977
"Holmes, Clay","Walker, Taijuan",7,0.8965406213503694
"Holmes, Clay","Johnson, Pierce",8,0.918253412766031
"Holmes, Clay","Fisher, Braydon",9,0.9555231206393613
"Holmes, Clay","Kelly, Michael",10,1.029969300327294
"Holmes, Grant","Strickland, Hunter",1,0.26010544226964105
"Holmes, Grant","Lorenzen, Michael",2,0.48178785765076687
"Holmes, Grant","Bazardo, Eduard",3,0.5028847381226494
"Holmes, Grant","Vásquez, Randy",4,0.5055786560431933
"Holmes, Grant","Santana, Dennis",5,0.5152927128677222
"Holmes, Grant","Olson, Reese",6,0.5262691311071052
"Holmes, Grant","Soroka, Michael",7,0.5504403537909612
"Holmes, Grant","Cannon, Jonathan",8,0.5616184476420201
"Holmes, Grant","Garcia, Rico",9,0.5673830313699082
"Holmes, Grant","Blackburn, Paul",10,0.6430656436875481
"Holton, Tyler","Herrin, Tim",1,0.351182457635423
"Holton, Tyler","Rolison, Ryan",2,0.41627798687694995
"Holton, Tyler","Borucki, Ryan",3,0.4266929913601225
"Holton, Tyler","Fried, Max",4,0.4552543334854654
"Holton, Tyler","Quintana, Jose",5,0.515669744920734
"Holton, Tyler","Matz, Steven",6,0.6098681296002167
"Holton, Tyler","Freeland, Kyle",7,0.6113263053983399
"Holton, Tyler","Lynch IV, Daniel",8,0.6325065756882073
"Holton, Tyler","Dreyer, Jack",9,0.6499615565221523
"Holton, Tyler","Seymour, Ian",10,0.6506141528702774
"Horton, Cade","Mazur, Adam",1,0.2985648441372913
"Horton, Cade","Bido, Osvaldo",2,0.33095789534537645
"Horton, Cade","Adams, Travis",3,0.40272834735857926
"Horton, Cade","Senzatela, Antonio",4,0.4257568479667521
"Horton, Cade","Rutledge, Jackson",5,0.4378576142177253
"Horton, Cade","Ferguson, Tyler",6,0.5010630540920622
"Horton, Cade","Fernandez, Ryan",7,0.5277630099348267
"Horton, Cade","Severino, Luis",8,0.5544903766863183
"Horton, Cade","Santana, Dennis",9,0.5657473984322483
"Horton, Cade","Blackburn, Paul",10,0.5753137177874212
"Houck, Tanner","King, Michael",1,0.3129461655879539
"Houck, Tanner","Kelly, Merrill",2,0.35895971366333596
"Houck, Tanner","Shugart, Chase",3,0.3831170325458479
"Houck, Tanner","Payamps, Joel",4,0.426032222824641
"Houck, Tanner","Morton, Charlie",5,0.573578268305116
"Houck, Tanner","Thornton, Trent",6,0.5750321296085892
"Houck, Tanner","Schmidt, Clarke",7,0.6073680194033014
"Houck, Tanner","Santana, Dennis",8,0.6281461848465179
"Houck, Tanner","Bachar, Lake",9,0.6400268237524519
"Houck, Tanner","Scherzer, Max",10,0.6762305644713188
"Houser, Adrian","Armstrong, Shawn",1,0.25755361568327995
"Houser, Adrian","Ginn, J.T.",2,0.33120779694313596
"Houser, Adrian","Abel, Mick",3,0.4310871815878188
"Houser, Adrian","Hoffmann, Andrew",4,0.4718334554606652
"Houser, Adrian","Pagán, Emilio",5,0.47373634565978306
"Houser, Adrian","Mize, Casey",6,0.5043304267529987
"Houser, Adrian","Brasier, Ryan",7,0.5397364619614395
"Houser, Adrian","Strider, Spencer",8,0.5486244881415967
"Houser, Adrian","Pepiot, Ryan",9,0.5513195118236011
"Houser, Adrian","Brzykcy, Zach",10,0.6091007830683143
"Hudson, Bryan","Hall, DL",1,1.4593884063132239
"Hudson, Bryan","Funderburk, Kody",2,1.4946738901805698
"Hudson, Bryan","Eisert, Brandon",3,1.79365761318209
"Hudson, Bryan","Kikuchi, Yusei",4,1.8357787875036424
"Hudson, Bryan","Falter, Bailey",5,1.8394057087278246
"Hudson, Bryan","Gore, MacKenzie",6,1.8494967262254591
"Hudson, Bryan","Harrison, Kyle",7,1.9167516064710222
"Hudson, Bryan","Manaea, Sean",8,1.9171124121784466
"Hudson, Bryan","Sánchez, Cristopher",9,1.9615237954874112
"Hudson, Bryan","Backhus, Kyle",10,2.040459877729573
"Hurter, Brant","Castillo, José",1,0.5900933357504158
"Hurter, Brant","Lucchesi, Joey",2,0.6631683558786533
"Hurter, Brant","Waddell, Brandon",3,0.6955495795554163
"Hurter, Brant","Abbott, Andrew",4,0.801989653225323
"Hurter, Brant","Ray, Robbie",5,0.9105026637532707
"Hurter, Brant","Booser, Cam",6,0.9593172789593125
"Hurter, Brant","Veneziano, Anthony",7,0.9602447583489706
"Hurter, Brant","Okert, Steven",8,1.0046469517424876
"Hurter, Brant","Lodolo, Nick",9,1.0227832112458002
"Hurter, Brant","Povich, Cade",10,1.0288426615761626
"Iglesias, Raisel","Dollander, Chase",1,0.3401607567658233
"Iglesias, Raisel","Weaver, Luke",2,0.4115591405709218
"Iglesias, Raisel","Morgan, David",3,0.48527153587409466
"Iglesias, Raisel","Hanifee, Brenan",4,0.5037811871063402
"Iglesias, Raisel","De Los Santos, Enyel",5,0.5139085927639766
"Iglesias, Raisel","Perkins, Jack",6,0.5432931204629972
"Iglesias, Raisel","Hancock, Emerson",7,0.5964849897218715
"Iglesias, Raisel","Bachman, Sam",8,0.6119576150968195
"Iglesias, Raisel","Domínguez, Seranthony",9,0.6151837506113793
"Iglesias, Raisel","Doval, Camilo",10,0.6351200937785915
"Imanaga, Shota","Murphy, Chris",1,0.27944677644186694
"Imanaga, Shota","Alexander, Tyler",2,0.36680222950808633
"Imanaga, Shota","Boyd, Matthew",3,0.38774385142200635
"Imanaga, Shota","Hart, Kyle",4,0.4622340422827143
"Imanaga, Shota","Allen, Logan",5,0.5466238578925491
"Imanaga, Shota","Bummer, Aaron",6,0.6632446950690938
"Imanaga, Shota","Strahm, Matt",7,0.6744332108422167
"Imanaga, Shota","Allard, Kolby",8,0.7724928506472286
"Imanaga, Shota","Walter, Brandon",9,0.9504908686015061
"Imanaga, Shota","King, Bryan",10,0.9622006975672593
"Irvin, Jake","Smith-Shawver, AJ",1,0.6434272090767306
"Irvin, Jake","Orze, Eric",2,0.6888924399313556
"Irvin, Jake","Eovaldi, Nathan",3,0.7480068009832471
"Irvin, Jake","Francis, Bowden",4,0.7626856129197439
"Irvin, Jake","Blanco, Ronel",5,0.8352008126349927
"Irvin, Jake","Cruz, Fernando",6,0.8567051007677285
"Irvin, Jake","Brogdon, Connor",7,0.8804295631517356
"Irvin, Jake","Gómez, Yoendrys",8,0.931844651468485
"Irvin, Jake","Beck, Tristan",9,0.9451382160231195
"Irvin, Jake","Ober, Bailey",10,0.9553126076491297
"Jackson, Luke","Gaddis, Hunter",1,0.42335383961456635
"Jackson, Luke","Bibee, Tanner",2,0.42917599293957487
"Jackson, Luke","Giolito, Lucas",3,0.5633181506110192
"Jackson, Luke","Ginkel, Kevin",4,0.5938791594595456
"Jackson, Luke","Hoglund, Gunnar",5,0.6113139134268214
"Jackson, Luke","Woods Richardson, Simeon",6,0.6553130783555701
"Jackson, Luke","Blalock, Bradley",7,0.661210927480666
"Jackson, Luke","García, Luis",8,0.6790289556752034
"Jackson, Luke","Paddack, Chris",9,0.6831907657122346
"Jackson, Luke","Burke, Sean",10,0.750811758193604
"Jacob, Alek","Thompson, Ryan",1,2.1033466158030905
"Jacob, Alek","Williams, Trevor",2,2.5056811945165838
"Jacob, Alek","Kelly, Kevin",3,2.6891390620716686
"Jacob, Alek","Maton, Phil",4,2.92126094211486
"Jacob, Alek","Arrighetti, Spencer",5,3.117507670821662
"Jacob, Alek","Sewald, Paul",6,3.2507489200137916
"Jacob, Alek","Nola, Aaron",7,3.2544190915260693
"Jacob, Alek","Anderson, Grant",8,3.477728934065133
"Jacob, Alek","Barlow, Scott",9,3.4985460079814645
"Jacob, Alek","Palmquist, Carson",10,3.5990889606810597
"Jansen, Kenley","Brown, Hunter",1,0.6193197807806581
"Jansen, Kenley","Nelson, Ryne",2,0.6305540083554586
"Jansen, Kenley","Brown, Ben",3,0.6890925372805115
"Jansen, Kenley","Bowlan, Jonathan",4,0.6943188363344335
"Jansen, Kenley","Mears, Nick",5,0.6979471308542364
"Jansen, Kenley","Hernández, Carlos",6,0.7117021147752526
"Jansen, Kenley","Sasaki, Roki",7,0.729406669727503
"Jansen, Kenley","Nicolas, Kyle",8,0.7528852559607581
"Jansen, Kenley","Hoglund, Gunnar",9,0.7911010082776888
"Jansen, Kenley","Reynolds, Sean",10,0.8409867411587434
"Javier, Cristian","Lorenzen, Michael",1,0.447661838809119
"Javier, Cristian","Junis, Jakob",2,0.5122864407359828
"Javier, Cristian","Schmidt, Clarke",3,0.6114978970484255
"Javier, Cristian","Payamps, Joel",4,0.6642498719922725
"Javier, Cristian","Gillispie, Connor",5,0.6752646684745129
"Javier, Cristian","Soroka, Michael",6,0.6876157921317522
"Javier, Cristian","Neris, Héctor",7,0.698061609669782
"Javier, Cristian","Evans, Logan",8,0.7090023068064283
"Javier, Cristian","Thornton, Trent",9,0.7361410314467337
"Javier, Cristian","Lugo, Seth",10,0.7638178415399927
"Jax, Griffin","Miller, Bryce",1,0.4782727797068635
"Jax, Griffin","Meyer, Max",2,0.5120759797024219
"Jax, Griffin","Rodríguez, Manuel",3,0.6026301287568384
"Jax, Griffin","Bello, Brayan",4,0.6362605420058597
"Jax, Griffin","Patrick, Chad",5,0.6947074573328996
"Jax, Griffin","Sheehan, Emmet",6,0.7177342193562373
"Jax, Griffin","Baz, Shane",7,0.7216562840591273
"Jax, Griffin","Bachman, Sam",8,0.7377962888409892
"Jax, Griffin","Holderman, Colin",9,0.7387149200766656
"Jax, Griffin","Kerkering, Orion",10,0.75779540783018
"Jobe, Jackson","Boushley, Caleb",1,0.14301083957075578
"Jobe, Jackson","Morales, Luis",2,0.27057310332087225
"Jobe, Jackson","Phillips, Connor",3,0.30151503880468583
"Jobe, Jackson","Schultz, Paxton",4,0.3133800846193974
"Jobe, Jackson","Agnos, Zach",5,0.34467080353930973
"Jobe, Jackson","Faucher, Calvin",6,0.350297854954278
"Jobe, Jackson","Alcantara, Sandy",7,0.38399465263060406
"Jobe, Jackson","Hernández, Daysbel",8,0.4399945609675046
"Jobe, Jackson","Hill, Jaden",9,0.4994908538191125
"Jobe, Jackson","Canning, Griffin",10,0.5463031349788836
"Johnson, Pierce","Kelly, Michael",1,0.2841718984789734
"Johnson, Pierce","Evans, Logan",2,0.6288723470809169
"Johnson, Pierce","Treinen, Blake",3,0.6529318161536343
"Johnson, Pierce","Martinez, Nick",4,0.6879623491371587
"Johnson, Pierce","Gonsolin, Tony",5,0.7028835417505701
"Johnson, Pierce","Civale, Aaron",6,0.7587175029539317
"Johnson, Pierce","Casparius, Ben",7,0.7589541205699125
"Johnson, Pierce","Walker, Taijuan",8,0.8387824771814474
"Johnson, Pierce","Kinley, Tyler",9,0.8643629648601864
"Johnson, Pierce","Kremer, Dean",10,0.9110994552451822
"Junis, Jakob","Javier, Cristian",1,0.5122864407359828
"Junis, Jakob","Gillispie, Connor",2,0.5309209696564142
"Junis, Jakob","Lugo, Seth",3,0.5519769938457018
"Junis, Jakob","Thornton, Trent",4,0.7537668852883135
"Junis, Jakob","Roupp, Landen",5,0.8019281403870225
"Junis, Jakob","Lorenzen, Michael",6,0.8383442895739849
"Junis, Jakob","Bassitt, Chris",7,0.8826185399459565
"Junis, Jakob","Payamps, Joel",8,0.8957712615462499
"Junis, Jakob","Bird, Jake",9,0.9052330447066431
"Junis, Jakob","Morton, Charlie",10,0.93052293303666
"Junk, Janson","Phillips, Tyler",1,0.4309380653396532
"Junk, Janson","Moreta, Dauri",2,0.44918936048319485
"Junk, Janson","Gray, Sonny",3,0.5127427240827365
"Junk, Janson","Young, Brandon",4,0.5282351706223315
"Junk, Janson","Sulser, Cole",5,0.5692187338063325
"Junk, Janson","Cecconi, Slade",6,0.6014451104982188
"Junk, Janson","Pressly, Ryan",7,0.608852252499903
"Junk, Janson","Fedde, Erick",8,0.6540465810459606
"Junk, Janson","Carrasco, Carlos",9,0.6589311584498945
"Junk, Janson","Hatch, Thomas",10,0.662352279663282
"Kahnle, Tommy","Bieber, Shane",1,0.3699544532150162
"Kahnle, Tommy","DeSclafani, Anthony",2,0.4117840606745455
"Kahnle, Tommy","Mahle, Tyler",3,0.4259431803669758
"Kahnle, Tommy","Eovaldi, Nathan",4,0.47979943829143107
"Kahnle, Tommy","Darvish, Yu",5,0.5054129094639865
"Kahnle, Tommy","McGreevy, Michael",6,0.5266032087303906
"Kahnle, Tommy","Smith-Shawver, AJ",7,0.6106349247540845
"Kahnle, Tommy","Pfaadt, Brandon",8,0.6167847163281196
"Kahnle, Tommy","Brebbia, John",9,0.6415930948730569
"Kahnle, Tommy","Flaherty, Jack",10,0.6462466705975478
"Keller, Brad","Brieske, Beau",1,0.5618536811681368
"Keller, Brad","Fermin, José",2,0.574564347774082
"Keller, Brad","Beeter, Clayton",3,0.6050744556083932
"Keller, Brad","Alcala, Jorge",4,0.6070634978273317
"Keller, Brad","Montas, Frankie",5,0.727227180821225
"Keller, Brad","Alcantara, Sandy",6,0.8878083079730907
"Keller, Brad","Stanek, Ryne",7,0.8913015587186132
"Keller, Brad","Hernández, Daysbel",8,0.8945481521952927
"Keller, Brad","Hiraldo, Yaramil",9,0.9645082013117425
"Keller, Brad","Mejia, Juan",10,0.9687893198429286
"Keller, Mitch","Bednar, David",1,0.20082121083122104
"Keller, Mitch","Sulser, Cole",2,0.2543827917164225
"Keller, Mitch","Brebbia, John",3,0.2685674937706872
"Keller, Mitch","Fedde, Erick",4,0.29671674869154513
"Keller, Mitch","Cecconi, Slade",5,0.30415123131644367
"Keller, Mitch","Gusto, Ryan",6,0.41105137117902385
"Keller, Mitch","Dana, Caden",7,0.47773386658330286
"Keller, Mitch","Phillips, Tyler",8,0.47782584848484866
"Keller, Mitch","Bergert, Ryan",9,0.4947088708583368
"Keller, Mitch","McGreevy, Michael",10,0.4988022312269125
"Kelly, Kevin","Thompson, Ryan",1,1.932333958326953
"Kelly, Kevin","Anderson, Grant",2,1.9974143562628255
"Kelly, Kevin","Schreiber, John",3,2.2591066815891745
"Kelly, Kevin","Sewald, Paul",4,2.2936678663306056
"Kelly, Kevin","Lawrence, Justin",5,2.2971776709128715
"Kelly, Kevin","Ryan, Joe",6,2.3710834105410785
"Kelly, Kevin","Legumina, Casey",7,2.372680511032775
"Kelly, Kevin","Arrighetti, Spencer",8,2.4479785069067197
"Kelly, Kevin","Webb, Logan",9,2.5055131117521667
"Kelly, Kevin","Nola, Aaron",10,2.6251527969619186
"Kelly, Merrill","Houck, Tanner",1,0.35895971366333596
"Kelly, Merrill","Shugart, Chase",2,0.4011362565172413
"Kelly, Merrill","Schmidt, Clarke",3,0.40483399735825026
"Kelly, Merrill","Bachar, Lake",4,0.4686926324569739
"Kelly, Merrill","Payamps, Joel",5,0.5725712572058811
"Kelly, Merrill","Sims, Lucas",6,0.6312379984604922
"Kelly, Merrill","Thornton, Trent",7,0.6347979129214042
"Kelly, Merrill","King, Michael",8,0.6537489319637512
"Kelly, Merrill","Santana, Dennis",9,0.6659094274467046
"Kelly, Merrill","Morton, Charlie",10,0.6721751495934933
"Kelly, Michael","Johnson, Pierce",1,0.2841718984789734
"Kelly, Michael","Civale, Aaron",2,0.583249089688274
"Kelly, Michael","Evans, Logan",3,0.6157458600613713
"Kelly, Michael","Gonsolin, Tony",4,0.6384948211733615
"Kelly, Michael","Martinez, Nick",5,0.6577345877610101
"Kelly, Michael","Casparius, Ben",6,0.7883612604045016
"Kelly, Michael","Treinen, Blake",7,0.8592615236676705
"Kelly, Michael","Coulombe, Danny",8,0.8841386525266948
"Kelly, Michael","Kinley, Tyler",9,0.9083394405036859
"Kelly, Michael","Guerrero, Luis",10,0.9502740213867901
"Kelly, Zack","Brogdon, Connor",1,0.48221741258234707
"Kelly, Zack","Dunning, Dane",2,0.6398325379689704
"Kelly, Zack","López, Pablo",3,0.6405959717943643
"Kelly, Zack","Hodge, Porter",4,0.6672114001292697
"Kelly, Zack","Schwellenbach, Spencer",5,0.6984227162698718
"Kelly, Zack","Peralta, Freddy",6,0.7083711165118537
"Kelly, Zack","Gómez, Yoendrys",7,0.7140658376898521
"Kelly, Zack","Leahy, Kyle",8,0.7308895908592368
"Kelly, Zack","Warren, Will",9,0.7502591164183762
"Kelly, Zack","Mize, Casey",10,0.7693967486225087
"Kerkering, Orion","Chivilli, Angel",1,0.2516359984046877
"Kerkering, Orion","Baz, Shane",2,0.3051910942104301
"Kerkering, Orion","Meyer, Max",3,0.44508915787745906
"Kerkering, Orion","Severino, Luis",4,0.47692994343656514
"Kerkering, Orion","Hill, Jaden",5,0.48226351580456167
"Kerkering, Orion","Estévez, Carlos",6,0.5017990149916491
"Kerkering, Orion","Kochanowicz, Jack",7,0.5425924476880329
"Kerkering, Orion","Buttó, José",8,0.5516353924293687
"Kerkering, Orion","Kirby, George",9,0.5518621568479262
"Kerkering, Orion","Domínguez, Seranthony",10,0.5590352367530519
"Kershaw, Clayton","Farris, Mitch",1,0.6127198743815861
"Kershaw, Clayton","Springs, Jeffrey",2,0.7526072391348555
"Kershaw, Clayton","Alvarez, Andrew",3,0.7714577638886323
"Kershaw, Clayton","Corbin, Patrick",4,0.8796983841750761
"Kershaw, Clayton","Harris, Hogan",5,0.9125835091596127
"Kershaw, Clayton","Rolison, Ryan",6,0.9367179964099472
"Kershaw, Clayton","Suarez, Ranger",7,0.9544933273096237
"Kershaw, Clayton","Quintana, Jose",8,1.0601531365494166
"Kershaw, Clayton","Cameron, Noah",9,1.1273863792310794
"Kershaw, Clayton","Chafin, Andrew",10,1.1663662855801618
"Kikuchi, Yusei","Bubic, Kris",1,0.561150190725908
"Kikuchi, Yusei","King, Bryan",2,0.6097802520119452
"Kikuchi, Yusei","Hall, DL",3,0.6381300073245102
"Kikuchi, Yusei","Zastryzny, Rob",4,0.7493020506669695
"Kikuchi, Yusei","Borucki, Ryan",5,0.7757097234348705
"Kikuchi, Yusei","Rogers, Trevor",6,0.8195889553115872
"Kikuchi, Yusei","Gore, MacKenzie",7,0.8250799467040975
"Kikuchi, Yusei","Hader, Josh",8,0.88224000779226
"Kikuchi, Yusei","Matz, Steven",9,0.8905514349332642
"Kikuchi, Yusei","Gordon, Colton",10,0.9179226858823024
"King, Bryan","Freeland, Kyle",1,0.567616265337252
"King, Bryan","Borucki, Ryan",2,0.5800095634807328
"King, Bryan","Kikuchi, Yusei",3,0.6097802520119452
"King, Bryan","Hart, Kyle",4,0.6405722732163117
"King, Bryan","Bubic, Kris",5,0.6867819034236606
"King, Bryan","Booser, Cam",6,0.6927036740634264
"King, Bryan","Quintana, Jose",7,0.7070853584753225
"King, Bryan","Matz, Steven",8,0.7246020918515086
"King, Bryan","Zastryzny, Rob",9,0.7317882449506744
"King, Bryan","Walter, Brandon",10,0.7630634040589632
"King, John","Banda, Anthony",1,0.5710409728205622
"King, John","Luzardo, Jesús",2,0.7138758250496728
"King, John","Speier, Gabe",3,0.7263279740174765
"King, John","Weathers, Ryan",4,0.745098026764313
"King, John","Akin, Keegan",5,0.8303918257262641
"King, John","Alexander, Scott",6,0.8765146875642268
"King, John","Cortes, Nestor",7,0.8966865380868216
"King, John","Peralta, Luis",8,0.900503184000917
"King, John","Strahm, Matt",9,0.9020249551543007
"King, John","Cabrera, Génesis",10,0.9072460968907985
"King, Michael","Houck, Tanner",1,0.3129461655879539
"King, Michael","Tonkin, Michael",2,0.47959016960290446
"King, Michael","Payamps, Joel",3,0.6059523840902107
"King, Michael","Shugart, Chase",4,0.6272980878672155
"King, Michael","Kelly, Merrill",5,0.6537489319637512
"King, Michael","Sands, Cole",6,0.685814183241206
"King, Michael","Scherzer, Max",7,0.7063199657110973
"King, Michael","Morton, Charlie",8,0.7190039187383027
"King, Michael","Thornton, Trent",9,0.7524234867672925
"King, Michael","Yates, Kirby",10,0.7725546954949848
"Kinley, Tyler","Civale, Aaron",1,0.6674263060668912
"Kinley, Tyler","Holmes, Clay",2,0.6740801889381255
"Kinley, Tyler","Fisher, Braydon",3,0.7198428507275644
"Kinley, Tyler","Casparius, Ben",4,0.8328137324458621
"Kinley, Tyler","Johnson, Pierce",5,0.8643629648601864
"Kinley, Tyler","Kelly, Michael",6,0.9083394405036859
"Kinley, Tyler","Gonsolin, Tony",7,1.0784297693020108
"Kinley, Tyler","Walker, Taijuan",8,1.123449142685505
"Kinley, Tyler","Treinen, Blake",9,1.1660908240259653
"Kinley, Tyler","Brubaker, JT",10,1.2043709223624812
"Kirby, George","Svanson, Matt",1,0.28170575088991995
"Kirby, George","Finnegan, Kyle",2,0.34978021875898896
"Kirby, George","Abreu, Bryan",3,0.3834198067804628
"Kirby, George","Holderman, Colin",4,0.40496324338655276
"Kirby, George","Salazar, Eduardo",5,0.46908433295567586
"Kirby, George","Kittredge, Andrew",6,0.4716517264636097
"Kirby, George","Hicks, Jordan",7,0.4733181291348756
"Kirby, George","Domínguez, Seranthony",8,0.48178894318800985
"Kirby, George","Matthews, Zebby",9,0.48369814355976987
"Kirby, George","Hoffman, Jeff",10,0.4849259621483405
"Kittredge, Andrew","Pérez, Eury",1,0.2794793402758591
"Kittredge, Andrew","Assad, Javier",2,0.35377693242341357
"Kittredge, Andrew","Armstrong, Shawn",3,0.40465720288785856
"Kittredge, Andrew","Matthews, Zebby",4,0.4166000899388283
"Kittredge, Andrew","Svanson, Matt",5,0.435489848733921
"Kittredge, Andrew","Ohtani, Shohei",6,0.44024634387938943
"Kittredge, Andrew","Erceg, Lucas",7,0.44523445951920243
"Kittredge, Andrew","Dana, Caden",8,0.4481100455506651
"Kittredge, Andrew","Holderman, Colin",9,0.4535510287233986
"Kittredge, Andrew","Fitts, Richard",10,0.4558707649007284
"Klein, Will","Chandler, Bubba",1,0.44996960723037405
"Klein, Will","Palencia, Daniel",2,0.712286501452434
"Klein, Will","Clase, Emmanuel",3,0.8274620952692752
"Klein, Will","Morillo, Juan",4,0.8556445488304975
"Klein, Will","Suarez, Robert",5,0.8606012740672208
"Klein, Will","Mey, Luis",6,0.9299468898904624
"Klein, Will","Vargas, Carlos",7,1.0403193757415177
"Klein, Will","Boyle, Joe",8,1.0873615305133
"Klein, Will","Greene, Hunter",9,1.1770358973654733
"Klein, Will","Slaten, Justin",10,1.1937602199584614
"Knack, Landon","Canning, Griffin",1,0.23867698346939964
"Knack, Landon","Sims, Lucas",2,0.24989607912111989
"Knack, Landon","Bachar, Lake",3,0.450204648953565
"Knack, Landon","Garcia, Rico",4,0.4618375529481984
"Knack, Landon","Faucher, Calvin",5,0.54967201882572
"Knack, Landon","Bazardo, Eduard",6,0.6253506461355991
"Knack, Landon","Boushley, Caleb",7,0.6780551312627584
"Knack, Landon","Santana, Dennis",8,0.6914250640193469
"Knack, Landon","Patrick, Chad",9,0.7358865816355266
"Knack, Landon","Hill, Jaden",10,0.7409833485113344
"Kochanowicz, Jack","Erceg, Lucas",1,0.23689541130976968
"Kochanowicz, Jack","De los Santos, Yerry",2,0.2446291033794568
"Kochanowicz, Jack","Matthews, Zebby",3,0.26820871910339156
"Kochanowicz, Jack","Pérez, Eury",4,0.40391755254590583
"Kochanowicz, Jack","Uribe, Abner",5,0.4071798090782719
"Kochanowicz, Jack","Chivilli, Angel",6,0.4347945882948261
"Kochanowicz, Jack","Estévez, Carlos",7,0.44744653465333584
"Kochanowicz, Jack","Severino, Luis",8,0.4542441368277771
"Kochanowicz, Jack","Rasmussen, Drew",9,0.467244881083748
"Kochanowicz, Jack","Baz, Shane",10,0.5170488417865428
"Koenig, Jared","Wolfram, Grant",1,0.6564573565176963
"Koenig, Jared","Weathers, Ryan",2,0.7919854734317833
"Koenig, Jared","Ferguson, Caleb",3,0.807178376403062
"Koenig, Jared","Banda, Anthony",4,0.8656523185382488
"Koenig, Jared","Alexander, Scott",5,0.8823607088613376
"Koenig, Jared","Cabrera, Génesis",6,0.8975272030667965
"Koenig, Jared","Ray, Robbie",7,0.9046703643363635
"Koenig, Jared","Dodd, Dylan",8,0.9403986756094302
"Koenig, Jared","Pilkington, Konnor",9,0.9786250703361765
"Koenig, Jared","Lucas, Easton",10,0.9955977955865875
"Kolek, Stephen","Mlodzinski, Carmen",1,0.36893742902734644
"Kolek, Stephen","Henriquez, Ronny",2,0.4871387988383999
"Kolek, Stephen","Perkins, Jack",3,0.5278021237151379
"Kolek, Stephen","Fulmer, Carson",4,0.53119075338092
"Kolek, Stephen","Brash, Matt",5,0.5660325705814635
"Kolek, Stephen","Yates, Kirby",6,0.5738829493666969
"Kolek, Stephen","Bachman, Sam",7,0.5795403221993909
"Kolek, Stephen","Soriano, George",8,0.5861930929685869
"Kolek, Stephen","Sterner, Justin",9,0.6072107101208264
"Kolek, Stephen","Bello, Brayan",10,0.6091076103274172
"Kowar, Jackson","Mejia, Juan",1,0.4559154913544006
"Kowar, Jackson","Hernández, Daysbel",2,0.5326559107080513
"Kowar, Jackson","Montas, Frankie",3,0.6137897011990988
"Kowar, Jackson","Molina, Anthony",4,0.6461901320805956
"Kowar, Jackson","Alcantara, Sandy",5,0.6562173339914208
"Kowar, Jackson","Agnos, Zach",6,0.6822843475788771
"Kowar, Jackson","Ashcraft, Braxton",7,0.6858519989892152
"Kowar, Jackson","Beeter, Clayton",8,0.7025887657886695
"Kowar, Jackson","Chivilli, Angel",9,0.7151857408687003
"Kowar, Jackson","Hill, Jaden",10,0.7774115961647631
"Kranick, Max","Ross, Joe",1,0.15111095411884545
"Kranick, Max","Tong, Jonah",2,0.32423559262199764
"Kranick, Max","Smith, Shane",3,0.3248178821501973
"Kranick, Max","Fitts, Richard",4,0.39916129231135244
"Kranick, Max","Rasmussen, Drew",5,0.44916317809659595
"Kranick, Max","Finnegan, Kyle",6,0.45615704818857733
"Kranick, Max","Hoffman, Jeff",7,0.5068599350488925
"Kranick, Max","Rocker, Kumar",8,0.5541737453051254
"Kranick, Max","Seymour, Carson",9,0.5582444661266374
"Kranick, Max","Skenes, Paul",10,0.5868532669674736
"Kremer, Dean","Spence, Mitch",1,0.4625806274117992
"Kremer, Dean","Neris, Héctor",2,0.4804763351788631
"Kremer, Dean","Gordon, Tanner",3,0.4934720734282679
"Kremer, Dean","Martinez, Nick",4,0.5593735260688509
"Kremer, Dean","Sugano, Tomoyuki",5,0.567734488995538
"Kremer, Dean","Walker, Taijuan",6,0.6349556668009794
"Kremer, Dean","Mikolas, Miles",7,0.6652999894235024
"Kremer, Dean","Kriske, Brooks",8,0.7159446126279669
"Kremer, Dean","Vásquez, Randy",9,0.7203248787198168
"Kremer, Dean","Granillo, Andre",10,0.7353427059792201
"Kriske, Brooks","Ohl, Pierson",1,0.395810999200864
"Kriske, Brooks","Neris, Héctor",2,0.41270765122268854
"Kriske, Brooks","Littell, Zack",3,0.4159321205987037
"Kriske, Brooks","Granillo, Andre",4,0.5011261185674348
"Kriske, Brooks","Bellozo, Valente",5,0.6337782733927843
"Kriske, Brooks","Martinez, Nick",6,0.6356210113873543
"Kriske, Brooks","Coulombe, Danny",7,0.6561563404790473
"Kriske, Brooks","Kremer, Dean",8,0.7159446126279669
"Kriske, Brooks","Thielbar, Caleb",9,0.7194421726693099
"Kriske, Brooks","Spence, Mitch",10,0.7886955561115971
"Latz, Jacob","Dreyer, Jack",1,0.3899609197021229
"Latz, Jacob","Rogers, Trevor",2,0.39641302150582713
"Latz, Jacob","Lynch IV, Daniel",3,0.42262170036004576
"Latz, Jacob","Matz, Steven",4,0.45043038393122564
"Latz, Jacob","Zastryzny, Rob",5,0.459956241079908
"Latz, Jacob","Dodd, Dylan",6,0.5559155410297661
"Latz, Jacob","Fried, Max",7,0.6425794539144947
"Latz, Jacob","Gore, MacKenzie",8,0.6808273693400536
"Latz, Jacob","Ferguson, Caleb",9,0.7009628669643588
"Latz, Jacob","Rodriguez, Eduardo",10,0.7733406345056759
"Lauer, Eric","Long, Sam",1,0.2915066895224931
"Lauer, Eric","Povich, Cade",2,0.35577628137249345
"Lauer, Eric","Waddell, Brandon",3,0.500745001135417
"Lauer, Eric","Veneziano, Anthony",4,0.5570812801348543
"Lauer, Eric","Matsui, Yuki",5,0.6115138500916468
"Lauer, Eric","Seymour, Ian",6,0.6464763593322091
"Lauer, Eric","Lucchesi, Joey",7,0.7147586823414394
"Lauer, Eric","Detmers, Reid",8,0.8000856817017029
"Lauer, Eric","Abbott, Andrew",9,0.8016797595288785
"Lauer, Eric","Springs, Jeffrey",10,0.8490419819126839
"Lawrence, Justin","Anderson, Grant",1,0.3386301384123953
"Lawrence, Justin","Schreiber, John",2,0.6485985163012472
"Lawrence, Justin","Sewald, Paul",3,0.8019848326294872
"Lawrence, Justin","Uceta, Edwin",4,1.1698464695982402
"Lawrence, Justin","Ryan, Joe",5,1.388263181550992
"Lawrence, Justin","Woodford, Jake",6,1.4437212395132273
"Lawrence, Justin","Festa, Matt",7,1.4802132406550115
"Lawrence, Justin","McLean, Nolan",8,1.5800719507834637
"Lawrence, Justin","Legumina, Casey",9,1.594999902502057
"Lawrence, Justin","May, Dustin",10,1.6156691777661079
"Lazar, Max","Myers, Tobias",1,0.6035940392061913
"Lazar, Max","Wesneski, Hayden",2,0.667443518355239
"Lazar, Max","Strider, Spencer",3,0.674855741470681
"Lazar, Max","Brasier, Ryan",4,0.6960267873591662
"Lazar, Max","Houser, Adrian",5,0.7004166845651774
"Lazar, Max","Leasure, Jordan",6,0.7583734092060177
"Lazar, Max","Hoffmann, Andrew",7,0.7975253506899201
"Lazar, Max","Pepiot, Ryan",8,0.8203627612764336
"Lazar, Max","Estrada, Jeremiah",9,0.8426118884124616
"Lazar, Max","Armstrong, Shawn",10,0.8805665067642321
"Leahy, Kyle","Mize, Casey",1,0.46945959668536597
"Leahy, Kyle","Hodge, Porter",2,0.5236195894040159
"Leahy, Kyle","Holman, Grant",3,0.5524131047030689
"Leahy, Kyle","Brasier, Ryan",4,0.5735807001046883
"Leahy, Kyle","Strider, Spencer",5,0.5805551632945773
"Leahy, Kyle","Festa, David",6,0.5904552124454343
"Leahy, Kyle","Megill, Tylor",7,0.5942219588247266
"Leahy, Kyle","Brogdon, Connor",8,0.6073956115411021
"Leahy, Kyle","Whitlock, Garrett",9,0.6389156418511356
"Leahy, Kyle","López, Pablo",10,0.6815677354369267
"Leasure, Jordan","Estrada, Jeremiah",1,0.2470213264156278
"Leasure, Jordan","Nicolas, Kyle",2,0.43953199505565876
"Leasure, Jordan","Pepiot, Ryan",3,0.6180884115588312
"Leasure, Jordan","Bigge, Hunter",4,0.6351749325946829
"Leasure, Jordan","Hernández, Carlos",5,0.6382080115728991
"Leasure, Jordan","Pagán, Emilio",6,0.6548005495894872
"Leasure, Jordan","Leiter, Jack",7,0.6706914977262353
"Leasure, Jordan","Nelson, Ryne",8,0.6911200947878929
"Leasure, Jordan","Abel, Mick",9,0.6929924134309369
"Leasure, Jordan","Houser, Adrian",10,0.7065172884782965
"Lee, Chase","Lawrence, Justin",1,1.8886397443184466
"Lee, Chase","Anderson, Grant",2,2.036043431675076
"Lee, Chase","Sewald, Paul",3,2.150287671007009
"Lee, Chase","Scott, Tayler",4,2.306995350673648
"Lee, Chase","Thompson, Ryan",5,2.312499872016351
"Lee, Chase","Schreiber, John",6,2.526719685275073
"Lee, Chase","Uceta, Edwin",7,2.5508826346297337
"Lee, Chase","McCullers Jr., Lance",8,2.673570971188808
"Lee, Chase","Topa, Justin",9,2.698065134249592
"Lee, Chase","Bird, Jake",10,2.842335880881697
"Lee, Dylan","Gage, Matt",1,0.38956480536537236
"Lee, Dylan","Enns, Dietrich",2,0.5156216936093873
"Lee, Dylan","Cox, Austin",3,0.6350609419525384
"Lee, Dylan","Rodón, Carlos",4,0.7152044633291765
"Lee, Dylan","Liberatore, Matthew",5,0.7188223160355109
"Lee, Dylan","Ragans, Cole",6,0.8080456761432092
"Lee, Dylan","Sousa, Bennett",7,0.8081543499889371
"Lee, Dylan","Veneziano, Anthony",8,0.877270573776654
"Lee, Dylan","Detmers, Reid",9,0.8925173168415174
"Lee, Dylan","Ray, Robbie",10,0.9460321230698666
"Legumina, Casey","Ryan, Joe",1,0.6031777281518549
"Legumina, Casey","Ortiz, Luis",2,0.7673201249532688
"Legumina, Casey","May, Dustin",3,0.8493822638295171
"Legumina, Casey","Schreiber, John",4,0.9683539696879997
"Legumina, Casey","Woo, Bryan",5,1.146199024205785
"Legumina, Casey","Webb, Logan",6,1.1511320746602303
"Legumina, Casey","Walker, Ryan",7,1.2017734916004768
"Legumina, Casey","Lively, Ben",8,1.2258988517208023
"Legumina, Casey","Díaz, Edwin",9,1.2848705160012837
"Legumina, Casey","Henriquez, Ronny",10,1.3056435453592758
"Leiter Jr., Mark","Carrasco, Carlos",1,0.6594007698067955
"Leiter Jr., Mark","Wilson, Steven",2,0.7542689065487761
"Leiter Jr., Mark","Alexander, Jason",3,0.7592366656494632
"Leiter Jr., Mark","Taillon, Jameson",4,0.7754898850196758
"Leiter Jr., Mark","Gray, Sonny",5,0.8354375194702849
"Leiter Jr., Mark","Blanco, Ronel",6,0.8534053898733243
"Leiter Jr., Mark","Francis, Bowden",7,0.8777475540427081
"Leiter Jr., Mark","Junk, Janson",8,0.8999169540675066
"Leiter Jr., Mark","Bieber, Shane",9,0.9063099175761676
"Leiter Jr., Mark","Eflin, Zach",10,0.9591406984217083
"Leiter, Jack","Pagán, Emilio",1,0.236977601961615
"Leiter, Jack","Abel, Mick",2,0.2444363180327337
"Leiter, Jack","Winn, Cole",3,0.31932223173285756
"Leiter, Jack","Rocker, Kumar",4,0.3267228787362852
"Leiter, Jack","Salazar, Eduardo",5,0.33152740246030354
"Leiter, Jack","O'Brien, Riley",6,0.398905984330366
"Leiter, Jack","deGrom, Jacob",7,0.438598022457364
"Leiter, Jack","Smith, Shane",8,0.46948413855088333
"Leiter, Jack","Finnegan, Kyle",9,0.5011611796586755
"Leiter, Jack","Melton, Troy",10,0.5114212374215505
"Liberatore, Matthew","Sousa, Bennett",1,0.5756528048206462
"Liberatore, Matthew","Cox, Austin",2,0.714145508461094
"Liberatore, Matthew","Lee, Dylan",3,0.7188223160355109
"Liberatore, Matthew","Enns, Dietrich",4,0.8714848828867995
"Liberatore, Matthew","Gage, Matt",5,0.8905906466648587
"Liberatore, Matthew","Adam, Jason",6,0.9213278659079683
"Liberatore, Matthew","Ragans, Cole",7,0.9895612885757913
"Liberatore, Matthew","Waldrep, Hurston",8,0.9991377187282129
"Liberatore, Matthew","Cameron, Noah",9,1.0205558414172091
"Liberatore, Matthew","Detmers, Reid",10,1.044855716211417
"Littell, Zack","Kriske, Brooks",1,0.4159321205987037
"Littell, Zack","Ohl, Pierson",2,0.4992955121230523
"Littell, Zack","Neris, Héctor",3,0.5047796393722215
"Littell, Zack","Granillo, Andre",4,0.5663417967134649
"Littell, Zack","Pressly, Ryan",5,0.5920145180954013
"Littell, Zack","Nance, Tommy",6,0.6283347816168492
"Littell, Zack","Waldrep, Hurston",7,0.7126673530423373
"Littell, Zack","Quantrill, Cal",8,0.7148898754240377
"Littell, Zack","Thielbar, Caleb",9,0.7570119476058403
"Littell, Zack","Adam, Jason",10,0.7571727198014142
"Little, Brendon","Akin, Keegan",1,0.4317429668834995
"Little, Brendon","Pomeranz, Drew",2,0.48945519694271544
"Little, Brendon","Newcomb, Sean",3,0.5823785358831371
"Little, Brendon","Luzardo, Jesús",4,0.6368326186973267
"Little, Brendon","Peralta, Wandy",5,0.8383728597923724
"Little, Brendon","Cabrera, Génesis",6,0.8502717432627392
"Little, Brendon","Valdez, Framber",7,1.106511620453806
"Little, Brendon","Weathers, Ryan",8,1.1172186389693863
"Little, Brendon","Cortes, Nestor",9,1.1335343344773352
"Little, Brendon","Matsui, Yuki",10,1.1663336069838213
"Lively, Ben","Webb, Logan",1,0.6637975568632349
"Lively, Ben","Ramírez, Yohan",2,0.7448481763604563
"Lively, Ben","Schwellenbach, Spencer",3,0.7617845521859191
"Lively, Ben","Ortiz, Luis",4,0.8016730565963545
"Lively, Ben","Singer, Brady",5,0.8288441729324206
"Lively, Ben","López, Pablo",6,0.8755264936571809
"Lively, Ben","Henry, Cole",7,0.8847153167127336
"Lively, Ben","Gómez, Yoendrys",8,0.9106309426790227
"Lively, Ben","Wheeler, Zack",9,0.922459484408137
"Lively, Ben","May, Dustin",10,0.9810815191708804
"Lodolo, Nick","Strahm, Matt",1,0.7548920595852465
"Lodolo, Nick","Banda, Anthony",2,0.9079261734776823
"Lodolo, Nick","Booser, Cam",3,0.9302839465410573
"Lodolo, Nick","King, Bryan",4,0.9414989047992963
"Lodolo, Nick","Garcia, Robert",5,0.9415072640148758
"Lodolo, Nick","Hurter, Brant",6,1.0227832112458002
"Lodolo, Nick","Hart, Kyle",7,1.0248809869178568
"Lodolo, Nick","Hader, Josh",8,1.042697116114492
"Lodolo, Nick","Imanaga, Shota",9,1.0699954941575847
"Lodolo, Nick","Peralta, Luis",10,1.1708276020196342
"Long, Sam","Lauer, Eric",1,0.2915066895224931
"Long, Sam","Povich, Cade",2,0.3984656149205532
"Long, Sam","Waddell, Brandon",3,0.5986035452480895
"Long, Sam","Matsui, Yuki",4,0.6013834393138634
"Long, Sam","Seymour, Ian",5,0.6059141467742413
"Long, Sam","Pérez, Martín",6,0.649398361028638
"Long, Sam","Veneziano, Anthony",7,0.7203752673217839
"Long, Sam","Lucchesi, Joey",8,0.8064893228246444
"Long, Sam","Valdez, Framber",9,0.8247608968109515
"Long, Sam","Cortes, Nestor",10,0.8350674250139924
"Lopez, Jacob","Eisert, Brandon",1,0.42615962425405807
"Lopez, Jacob","Manaea, Sean",2,0.6284821147902467
"Lopez, Jacob","Gordon, Colton",3,0.9546053510067661
"Lopez, Jacob","Fluharty, Mason",4,1.2231826963327654
"Lopez, Jacob","Palmquist, Carson",5,1.3127804368516678
"Lopez, Jacob","Sale, Chris",6,1.4015316332967651
"Lopez, Jacob","Walter, Brandon",7,1.4349625213826647
"Lopez, Jacob","Kikuchi, Yusei",8,1.4844654808633437
"Lopez, Jacob","Bubic, Kris",9,1.6165600117045469
"Lopez, Jacob","Bummer, Aaron",10,1.6808841078746812
"Lord, Brad","Richardson, Lyon",1,0.7227335482008649
"Lord, Brad","Santillan, Tony",2,0.7564347355363898
"Lord, Brad","Castillo, Luis",3,0.780824331226411
"Lord, Brad","Cano, Yennier",4,0.9016269268728748
"Lord, Brad","Sands, Cole",5,0.9469534460349982
"Lord, Brad","Hamilton, Ian",6,0.9957092602817125
"Lord, Brad","Weissert, Greg",7,1.0135438055306525
"Lord, Brad","Morgan, David",8,1.0521667531005603
"Lord, Brad","Altavilla, Dan",9,1.1288648003268877
"Lord, Brad","Morales, Luis",10,1.139165659693585
"Lorenzen, Michael","Javier, Cristian",1,0.447661838809119
"Lorenzen, Michael","Evans, Logan",2,0.46482606238187274
"Lorenzen, Michael","Holmes, Grant",3,0.48178785765076687
"Lorenzen, Michael","Bender, Anthony",4,0.6244974263643094
"Lorenzen, Michael","Bazardo, Eduard",5,0.6385605634062784
"Lorenzen, Michael","Payamps, Joel",6,0.6446978541973045
"Lorenzen, Michael","Schmidt, Clarke",7,0.6542589721285962
"Lorenzen, Michael","Soroka, Michael",8,0.6586003303881484
"Lorenzen, Michael","Sims, Lucas",9,0.6752509299128329
"Lorenzen, Michael","Strickland, Hunter",10,0.7102910718954085
"Loáisiga, Jonathan","Stewart, Brock",1,0.25536691889000235
"Loáisiga, Jonathan","Palencia, Daniel",2,0.7088040680616123
"Loáisiga, Jonathan","Vodnik, Victor",3,0.7683415014900329
"Loáisiga, Jonathan","Morillo, Juan",4,0.9034056211717353
"Loáisiga, Jonathan","Vargas, Carlos",5,0.9934262531293464
"Loáisiga, Jonathan","Mey, Luis",6,1.0194199660123007
"Loáisiga, Jonathan","Vest, Will",7,1.0241792570501032
"Loáisiga, Jonathan","Murdock, Noah",8,1.0326594051687845
"Loáisiga, Jonathan","Chandler, Bubba",9,1.0993087158881756
"Loáisiga, Jonathan","González, Wikelman",10,1.1065171426108242
"Lucas, Easton","Wolfram, Grant",1,0.461448189524404
"Lucas, Easton","Skubal, Tarik",2,0.5702620742554292
"Lucas, Easton","Morejon, Adrian",3,0.7191959017398454
"Lucas, Easton","Koenig, Jared",4,0.9955977955865875
"Lucas, Easton","Wilson, Justin",5,1.0098948307031241
"Lucas, Easton","Beeks, Jalen",6,1.2000128052824242
"Lucas, Easton","Crochet, Garrett",7,1.2048243801762442
"Lucas, Easton","Ferrer, José A.",8,1.231795600285813
"Lucas, Easton","Burke, Brock",9,1.2594366256489606
"Lucas, Easton","Sabrowski, Erik",10,1.3296288779492933
"Lucchesi, Joey","Veneziano, Anthony",1,0.3603407315898237
"Lucchesi, Joey","Ray, Robbie",2,0.45414631295665414
"Lucchesi, Joey","Castillo, José",3,0.6413225439050693
"Lucchesi, Joey","Abbott, Andrew",4,0.6593398968227879
"Lucchesi, Joey","Rodón, Carlos",5,0.661685854038273
"Lucchesi, Joey","Hurter, Brant",6,0.6631683558786533
"Lucchesi, Joey","Waddell, Brandon",7,0.7034828839805539
"Lucchesi, Joey","Detmers, Reid",8,0.7126121855266275
"Lucchesi, Joey","Lauer, Eric",9,0.7147586823414394
"Lucchesi, Joey","Matsui, Yuki",10,0.7359020037031438
"Lugo, Seth","Gillispie, Connor",1,0.3461032118719663
"Lugo, Seth","Junis, Jakob",2,0.5519769938457018
"Lugo, Seth","Javier, Cristian",3,0.7638178415399927
"Lugo, Seth","Stroman, Marcus",4,0.9324610751408283
"Lugo, Seth","Bender, Anthony",5,0.9983726093820003
"Lugo, Seth","McCullers Jr., Lance",6,1.0092023505780392
"Lugo, Seth","Bellozo, Valente",7,1.0129180710409682
"Lugo, Seth","Lorenzen, Michael",8,1.0281508359226255
"Lugo, Seth","Evans, Logan",9,1.077159887996555
"Lugo, Seth","Bird, Jake",10,1.101802342918825
"Luzardo, Jesús","Akin, Keegan",1,0.4889758806853207
"Luzardo, Jesús","Weathers, Ryan",2,0.5228167982619224
"Luzardo, Jesús","Little, Brendon",3,0.6368326186973267
"Luzardo, Jesús","King, John",4,0.7138758250496728
"Luzardo, Jesús","Pomeranz, Drew",5,0.7774956189092382
"Luzardo, Jesús","Cabrera, Génesis",6,0.8045325719601211
"Luzardo, Jesús","Newcomb, Sean",7,0.8666792455909953
"Luzardo, Jesús","Koenig, Jared",8,1.0134233755299702
"Luzardo, Jesús","Speier, Gabe",9,1.0566026829593713
"Luzardo, Jesús","Banda, Anthony",10,1.0574000253983251
"Lynch IV, Daniel","Dreyer, Jack",1,0.33622537145949466
"Lynch IV, Daniel","Matz, Steven",2,0.3855815129227753
"Lynch IV, Daniel","Latz, Jacob",3,0.42262170036004576
"Lynch IV, Daniel","Zastryzny, Rob",4,0.45249629467245855
"Lynch IV, Daniel","Rogers, Trevor",5,0.49638332368817767
"Lynch IV, Daniel","Borucki, Ryan",6,0.6024839282594364
"Lynch IV, Daniel","Holton, Tyler",7,0.6325065756882073
"Lynch IV, Daniel","Fried, Max",8,0.6332901666537755
"Lynch IV, Daniel","Rodriguez, Eduardo",9,0.6907915324987042
"Lynch IV, Daniel","Messick, Parker",10,0.6908022987004888
"López, Pablo","Gómez, Yoendrys",1,0.3261210460959391
"López, Pablo","Brasier, Ryan",2,0.43971104287281343
"López, Pablo","Dunning, Dane",3,0.5000035793923174
"López, Pablo","Ramírez, Yohan",4,0.5509985965260054
"López, Pablo","Brogdon, Connor",5,0.5553612218718047
"López, Pablo","Strider, Spencer",6,0.5630047906560973
"López, Pablo","Smith-Shawver, AJ",7,0.5876463987099486
"López, Pablo","Kelly, Zack",8,0.6405959717943643
"López, Pablo","Schwellenbach, Spencer",9,0.6749030225903525
"López, Pablo","Leahy, Kyle",10,0.6815677354369267
"Mahle, Tyler","Bieber, Shane",1,0.23239432511797736
"Mahle, Tyler","Brebbia, John",2,0.2910623221715533
"Mahle, Tyler","DeSclafani, Anthony",3,0.29964648116951037
"Mahle, Tyler","Sulser, Cole",4,0.33024236335583895
"Mahle, Tyler","Kahnle, Tommy",5,0.4259431803669758
"Mahle, Tyler","Berríos, José",6,0.451134223544456
"Mahle, Tyler","Cecconi, Slade",7,0.47592058324809655
"Mahle, Tyler","Rea, Colin",8,0.5169396389380849
"Mahle, Tyler","Buehler, Walker",9,0.5271352088069838
"Mahle, Tyler","Keller, Mitch",10,0.5304453307822733
"Manaea, Sean","Eisert, Brandon",1,0.6127197900023381
"Manaea, Sean","Lopez, Jacob",2,0.6284821147902467
"Manaea, Sean","Gordon, Colton",3,0.9269591819334496
"Manaea, Sean","Sale, Chris",4,0.9307665515816234
"Manaea, Sean","Kikuchi, Yusei",5,1.0585548114385197
"Manaea, Sean","Fluharty, Mason",6,1.1096022876647902
"Manaea, Sean","Walter, Brandon",7,1.2285833541094284
"Manaea, Sean","King, Bryan",8,1.2558029566443825
"Manaea, Sean","Bummer, Aaron",9,1.3628054048122555
"Manaea, Sean","Bubic, Kris",10,1.365561210339969
"Martin, Chris","Cavalli, Cade",1,0.30401168258709677
"Martin, Chris","Bowlan, Jonathan",2,0.33477573904250757
"Martin, Chris","Sauer, Matt",3,0.49590353526905795
"Martin, Chris","Brown, Hunter",4,0.5871571361977831
"Martin, Chris","Fitts, Richard",5,0.6089272961522966
"Martin, Chris","Curtiss, John",6,0.6453584722828898
"Martin, Chris","Green, Chad",7,0.666150382963745
"Martin, Chris","De los Santos, Yerry",8,0.6808682356212337
"Martin, Chris","Blubaugh, AJ",9,0.6894583165797774
"Martin, Chris","García, Luis",10,0.6907499771024553
"Martin, Corbin","De los Santos, Yerry",1,0.48905174602235274
"Martin, Corbin","Barnett, Mason",2,0.49473529886014095
"Martin, Corbin","Vest, Will",3,0.5376931407521766
"Martin, Corbin","Kochanowicz, Jack",4,0.5455839573246545
"Martin, Corbin","Greene, Hunter",5,0.5783806553108521
"Martin, Corbin","Seymour, Carson",6,0.582498952182625
"Martin, Corbin","Rasmussen, Drew",7,0.612661671276409
"Martin, Corbin","Hicks, Jordan",8,0.6473847388912923
"Martin, Corbin","Mey, Luis",9,0.6523362822366999
"Martin, Corbin","Matthews, Zebby",10,0.664696423636399
"Martin, Davis","Zeferjahn, Ryan",1,0.15940875517816808
"Martin, Davis","Assad, Javier",2,0.3372484961963746
"Martin, Davis","Dana, Caden",3,0.34930087002652094
"Martin, Davis","Fernandez, Ryan",4,0.3517528177053081
"Martin, Davis","Rutledge, Jackson",5,0.3599139873082753
"Martin, Davis","Sauer, Matt",6,0.38177634432011
"Martin, Davis","Pérez, Eury",7,0.3857372303391064
"Martin, Davis","Woodruff, Brandon",8,0.38740042650261874
"Martin, Davis","Priester, Quinn",9,0.3982411546536507
"Martin, Davis","Dobbins, Hunter",10,0.4199406611222072
"Martinez, Nick","Neris, Héctor",1,0.5322205488313173
"Martinez, Nick","Coulombe, Danny",2,0.5542825264545762
"Martinez, Nick","Kremer, Dean",3,0.5593735260688509
"Martinez, Nick","Granillo, Andre",4,0.5690754550590319
"Martinez, Nick","Gonsolin, Tony",5,0.5935174566804755
"Martinez, Nick","Kriske, Brooks",6,0.6356210113873543
"Martinez, Nick","Kelly, Michael",7,0.6577345877610101
"Martinez, Nick","Walker, Taijuan",8,0.6644851811212878
"Martinez, Nick","Johnson, Pierce",9,0.6879623491371587
"Martinez, Nick","Evans, Logan",10,0.7025316691481295
"Maton, Phil","Williams, Trevor",1,0.8102120675486267
"Maton, Phil","Nola, Aaron",2,0.9869968952318728
"Maton, Phil","Arrighetti, Spencer",3,1.0885715079405633
"Maton, Phil","Barlow, Scott",4,1.2260061681334653
"Maton, Phil","Crismatt, Nabil",5,1.2572791121200615
"Maton, Phil","Singer, Brady",6,1.3641042259268448
"Maton, Phil","Eovaldi, Nathan",7,1.4475666190378556
"Maton, Phil","Irvin, Jake",8,1.4789314464744405
"Maton, Phil","Alexander, Jason",9,1.4850150367263442
"Maton, Phil","Darvish, Yu",10,1.4933417094930006
"Matsui, Yuki","Veneziano, Anthony",1,0.5790493993091705
"Matsui, Yuki","Long, Sam",2,0.6013834393138634
"Matsui, Yuki","Lauer, Eric",3,0.6115138500916468
"Matsui, Yuki","Lucchesi, Joey",4,0.7359020037031438
"Matsui, Yuki","Valdez, Framber",5,0.7741698709068356
"Matsui, Yuki","Waddell, Brandon",6,0.8197537800935089
"Matsui, Yuki","Banks, Tanner",7,0.831101305254719
"Matsui, Yuki","Cortes, Nestor",8,0.8674565063779964
"Matsui, Yuki","Povich, Cade",9,0.9063216520063216
"Matsui, Yuki","Newcomb, Sean",10,0.9334861370582999
"Matthews, Zebby","Kochanowicz, Jack",1,0.26820871910339156
"Matthews, Zebby","Pérez, Eury",2,0.28053931558006445
"Matthews, Zebby","Erceg, Lucas",3,0.28587133860481395
"Matthews, Zebby","De los Santos, Yerry",4,0.3031010578557247
"Matthews, Zebby","Sauer, Matt",5,0.330347383808365
"Matthews, Zebby","Kittredge, Andrew",6,0.4166000899388283
"Matthews, Zebby","Hoffman, Jeff",7,0.4341818012377125
"Matthews, Zebby","Severino, Luis",8,0.4693946413725876
"Matthews, Zebby","Kirby, George",9,0.48369814355976987
"Matthews, Zebby","Fitts, Richard",10,0.48913929390100747
"Mattson, Isaac","Seymour, Carson",1,0.4466436100623679
"Mattson, Isaac","Slaten, Justin",2,0.4595613899675525
"Mattson, Isaac","Soriano, José",3,0.4746353649026911
"Mattson, Isaac","Miller, Mason",4,0.5142524341038006
"Mattson, Isaac","Rasmussen, Drew",5,0.5237001195293197
"Mattson, Isaac","Hernández, Carlos",6,0.53427234609526
"Mattson, Isaac","Greene, Hunter",7,0.5925278565157275
"Mattson, Isaac","Brown, Hunter",8,0.6475894427460783
"Mattson, Isaac","Fitts, Richard",9,0.6558054679651125
"Mattson, Isaac","Clase, Emmanuel",10,0.701605732198614
"Matz, Steven","Zastryzny, Rob",1,0.23451634754976874
"Matz, Steven","Lynch IV, Daniel",2,0.3855815129227753
"Matz, Steven","Rogers, Trevor",3,0.4211524908256868
"Matz, Steven","Latz, Jacob",4,0.45043038393122564
"Matz, Steven","Borucki, Ryan",5,0.4745082639897008
"Matz, Steven","Dreyer, Jack",6,0.5274919521892247
"Matz, Steven","Dodd, Dylan",7,0.5620591156841392
"Matz, Steven","Booser, Cam",8,0.5794974176043027
"Matz, Steven","Holton, Tyler",9,0.6098681296002167
"Matz, Steven","Messick, Parker",10,0.6342792632849258
"May, Dustin","Henriquez, Ronny",1,0.46495234810180897
"May, Dustin","Ortiz, Luis",2,0.6038392269794841
"May, Dustin","Ryan, Joe",3,0.6047825601194005
"May, Dustin","Woodford, Jake",4,0.6713644645168315
"May, Dustin","Walker, Ryan",5,0.710203544868943
"May, Dustin","Muñoz, Andrés",6,0.7122985044433628
"May, Dustin","Mlodzinski, Carmen",7,0.7879714206752555
"May, Dustin","Kolek, Stephen",8,0.8107504604471513
"May, Dustin","Montero, Rafael",9,0.813809481750946
"May, Dustin","Henry, Cole",10,0.8185347897335202
"Mayza, Tim","Headrick, Brent",1,0.5345190471449304
"Mayza, Tim","Sabrowski, Erik",2,0.6006151524564138
"Mayza, Tim","Burke, Brock",3,0.7069454081635026
"Mayza, Tim","Crochet, Garrett",4,0.7364029354973372
"Mayza, Tim","Miller, Erik",5,0.9852098295798142
"Mayza, Tim","Skubal, Tarik",6,1.0120602683551088
"Mayza, Tim","Montgomery, Mason",7,1.1061121946545607
"Mayza, Tim","Beeks, Jalen",8,1.1990731056762367
"Mayza, Tim","Sánchez, Cristopher",9,1.2877033733104721
"Mayza, Tim","Helsley, Ryan",10,1.295587044997098
"Mazur, Adam","Senzatela, Antonio",1,0.21838294812548725
"Mazur, Adam","Horton, Cade",2,0.2985648441372913
"Mazur, Adam","Garcia, Rico",3,0.5190803022483126
"Mazur, Adam","Adams, Travis",4,0.5413174266842192
"Mazur, Adam","Bido, Osvaldo",5,0.5586660996578968
"Mazur, Adam","Vásquez, Randy",6,0.5942225278370383
"Mazur, Adam","Rutledge, Jackson",7,0.6007898878909822
"Mazur, Adam","Graceffo, Gordon",8,0.6009236771562564
"Mazur, Adam","Vasil, Mike",9,0.6120359092291928
"Mazur, Adam","Fernandez, Ryan",10,0.6143913540367771
"McCullers Jr., Lance","Bird, Jake",1,0.6816223481958935
"McCullers Jr., Lance","Stroman, Marcus",2,0.7979152972782987
"McCullers Jr., Lance","Henderson, Logan",3,0.8182222000640947
"McCullers Jr., Lance","Snider, Collin",4,0.879025560876095
"McCullers Jr., Lance","Junis, Jakob",5,0.9358649389437768
"McCullers Jr., Lance","Roupp, Landen",6,0.9604837508876947
"McCullers Jr., Lance","Lugo, Seth",7,1.0092023505780392
"McCullers Jr., Lance","Thornton, Trent",8,1.0163321191542798
"McCullers Jr., Lance","Gillispie, Connor",9,1.0517088386299933
"McCullers Jr., Lance","Morton, Charlie",10,1.057973302979192
"McFarland, T.J.","Rogers, Taylor",1,0.9070032141221355
"McFarland, T.J.","Bernardino, Brennan",2,1.0672639861763102
"McFarland, T.J.","Simpson, Josh",3,1.3255352833052474
"McFarland, T.J.","Gibson, Cade",4,1.399031145028674
"McFarland, T.J.","Romero, JoJo",5,1.424571210112715
"McFarland, T.J.","Allard, Kolby",6,1.5900551118381672
"McFarland, T.J.","Pérez, Martín",7,1.6754748023750852
"McFarland, T.J.","Ogasawara, Shinnosuke",8,1.7556636649170894
"McFarland, T.J.","Gilbert, Tyler",9,1.8120832963326852
"McFarland, T.J.","Murphy, Chris",10,1.8911523312653642
"McGreevy, Michael","Beck, Tristan",1,0.4270226280479252
"McGreevy, Michael","Smith-Shawver, AJ",2,0.4571149510718294
"McGreevy, Michael","Bieber, Shane",3,0.48797210527204166
"McGreevy, Michael","Keller, Mitch",4,0.4988022312269125
"McGreevy, Michael","Brebbia, John",5,0.504890347342481
"McGreevy, Michael","Sulser, Cole",6,0.5112138832425842
"McGreevy, Michael","Fedde, Erick",7,0.5208590951214296
"McGreevy, Michael","Kahnle, Tommy",8,0.5266032087303906
"McGreevy, Michael","Dunning, Dane",9,0.5342594453170946
"McGreevy, Michael","Gausman, Kevin",10,0.5452332464756322
"McLean, Nolan","Brash, Matt",1,0.7056826656479427
"McLean, Nolan","Flaherty, Jack",2,0.8202931411574661
"McLean, Nolan","Snider, Collin",3,0.8263043432766016
"McLean, Nolan","Festa, Matt",4,0.8890026075225761
"McLean, Nolan","Woodford, Jake",5,0.9319758048707275
"McLean, Nolan","Webb, Jacob",6,0.9741469436975693
"McLean, Nolan","Sterner, Justin",7,0.9762070415554254
"McLean, Nolan","Morton, Charlie",8,1.0047197823826695
"McLean, Nolan","Teng, Kai-Wei",9,1.0083944431852365
"McLean, Nolan","Darvish, Yu",10,1.0662292897084
"Mears, Nick","Brown, Hunter",1,0.4304268008166866
"Mears, Nick","Nelson, Ryne",2,0.4469574830198856
"Mears, Nick","Bowlan, Jonathan",3,0.5040636451542515
"Mears, Nick","Brown, Ben",4,0.5185033264267647
"Mears, Nick","Hoglund, Gunnar",5,0.5279445336258656
"Mears, Nick","Fitts, Richard",6,0.5951905620690463
"Mears, Nick","García, Luis",7,0.6169102137530713
"Mears, Nick","Enright, Nic",8,0.6169712614743111
"Mears, Nick","Cavalli, Cade",9,0.6385547177249663
"Mears, Nick","Pallante, Andre",10,0.6485686730869917
"Megill, Trevor","Petersen, Michael",1,0.7283474024912054
"Megill, Trevor","Helsley, Ryan",2,0.7840310018162651
"Megill, Trevor","Bautista, Félix",3,0.9140697788507249
"Megill, Trevor","Reynolds, Sean",4,0.970423664699775
"Megill, Trevor","Burns, Chase",5,1.0616070978041394
"Megill, Trevor","Headrick, Brent",6,1.0922698728545261
"Megill, Trevor","Brown, Ben",7,1.1050496866265198
"Megill, Trevor","Schlittler, Cam",8,1.1426933499479002
"Megill, Trevor","Miller, Mason",9,1.178078617384327
"Megill, Trevor","Clase, Emmanuel",10,1.1949681079502439
"Megill, Tylor","Sasaki, Roki",1,0.5432348545371856
"Megill, Tylor","Holman, Grant",2,0.5563491891312113
"Megill, Tylor","Leahy, Kyle",3,0.5942219588247266
"Megill, Tylor","Tong, Jonah",4,0.7367537971481556
"Megill, Tylor","Festa, David",5,0.755895755828237
"Megill, Tylor","Hodge, Porter",6,0.7611739596414738
"Megill, Tylor","Mize, Casey",7,0.8020901832803758
"Megill, Tylor","Smith, Cade",8,0.8036466692084858
"Megill, Tylor","Williams, Gavin",9,0.8150685355036387
"Megill, Tylor","Hernández, Carlos",10,0.8560342078856158
"Mejia, Juan","Hernández, Daysbel",1,0.23249384596305758
"Mejia, Juan","Alcantara, Sandy",2,0.29138531243628063
"Mejia, Juan","Agnos, Zach",3,0.3119808698833032
"Mejia, Juan","Kowar, Jackson",4,0.4559154913544006
"Mejia, Juan","Estévez, Carlos",5,0.5021731354155831
"Mejia, Juan","Hill, Jaden",6,0.5412242538370811
"Mejia, Juan","Beeter, Clayton",7,0.5462962205407308
"Mejia, Juan","Jobe, Jackson",8,0.5580805588985202
"Mejia, Juan","Phillips, Connor",9,0.569150176919218
"Mejia, Juan","Chivilli, Angel",10,0.5955230301645684
"Melton, Troy","Winn, Cole",1,0.2882192487332357
"Melton, Troy","O'Brien, Riley",2,0.3886427660468209
"Melton, Troy","deGrom, Jacob",3,0.41802091819688325
"Melton, Troy","Pearson, Nate",4,0.4662027306260042
"Melton, Troy","Leiter, Jack",5,0.5114212374215505
"Melton, Troy","Salazar, Eduardo",6,0.6156820670979706
"Melton, Troy","Pagán, Emilio",7,0.6634230063063885
"Melton, Troy","Miller, Shelby",8,0.6660278858718504
"Melton, Troy","Varland, Louis",9,0.7033200980940503
"Melton, Troy","Rocker, Kumar",10,0.7397381344327802
"Merryweather, Julian","Blalock, Bradley",1,0.2741544670677688
"Merryweather, Julian","Dobbins, Hunter",2,0.27967597540925215
"Merryweather, Julian","Enright, Nic",3,0.2850867760090483
"Merryweather, Julian","Burrows, Mike",4,0.3326599808046211
"Merryweather, Julian","García, Luis",5,0.3423404431914225
"Merryweather, Julian","Pallante, Andre",6,0.3448065076348502
"Merryweather, Julian","Priester, Quinn",7,0.3945121635298284
"Merryweather, Julian","Ribalta, Orlando",8,0.4068084094060716
"Merryweather, Julian","Graceffo, Gordon",9,0.40768474083188144
"Merryweather, Julian","Trivino III, Lou",10,0.4447302197172578
"Messick, Parker","Rodriguez, Eduardo",1,0.6079035181773197
"Messick, Parker","Matz, Steven",2,0.6342792632849258
"Messick, Parker","Alexander, Scott",3,0.6765511831295005
"Messick, Parker","Lynch IV, Daniel",4,0.6908022987004888
"Messick, Parker","Zastryzny, Rob",5,0.7706821528552887
"Messick, Parker","Dreyer, Jack",6,0.7821766099563676
"Messick, Parker","Borucki, Ryan",7,0.8010677727807642
"Messick, Parker","Herrin, Tim",8,0.8574118768444967
"Messick, Parker","Holton, Tyler",9,0.8600747117095432
"Messick, Parker","Ferguson, Caleb",10,0.876761095867576
"Mey, Luis","Greene, Hunter",1,0.41669270590766433
"Mey, Luis","Boyle, Joe",2,0.4896083534012803
"Mey, Luis","Vargas, Carlos",3,0.508507618007505
"Mey, Luis","Morillo, Juan",4,0.5391108789221918
"Mey, Luis","Chandler, Bubba",5,0.5592302447140789
"Mey, Luis","Martin, Corbin",6,0.6523362822366999
"Mey, Luis","Seymour, Carson",7,0.6718041552450882
"Mey, Luis","Vest, Will",8,0.6963078747210139
"Mey, Luis","Clase, Emmanuel",9,0.7211646546380159
"Mey, Luis","Miller, Mason",10,0.8072382172226973
"Meyer, Max","Miller, Bryce",1,0.2586466976286523
"Meyer, Max","Rodríguez, Yariel",2,0.3606301259873297
"Meyer, Max","Baz, Shane",3,0.3824791288825864
"Meyer, Max","Buttó, José",4,0.39858608038439874
"Meyer, Max","Kerkering, Orion",5,0.44508915787745906
"Meyer, Max","Holderman, Colin",6,0.4845096872593236
"Meyer, Max","Patrick, Chad",7,0.49334784210768373
"Meyer, Max","Bachman, Sam",8,0.49443929275981724
"Meyer, Max","Jax, Griffin",9,0.5120759797024219
"Meyer, Max","Hill, Jaden",10,0.5852095836959421
"Mikolas, Miles","Kremer, Dean",1,0.6652999894235024
"Mikolas, Miles","Walker, Taijuan",2,0.6737590755365525
"Mikolas, Miles","Gordon, Tanner",3,0.7282412426658553
"Mikolas, Miles","Spence, Mitch",4,0.7688660397717544
"Mikolas, Miles","Quantrill, Cal",5,0.7762087587871874
"Mikolas, Miles","Elder, Bryce",6,0.7926240819346065
"Mikolas, Miles","Adam, Jason",7,0.8077802927543122
"Mikolas, Miles","Granillo, Andre",8,0.909867764482698
"Mikolas, Miles","Sugano, Tomoyuki",9,0.9825021764063286
"Mikolas, Miles","Neris, Héctor",10,1.021138073385289
"Miller, Bryce","Meyer, Max",1,0.2586466976286523
"Miller, Bryce","Rodríguez, Yariel",2,0.4406355863617078
"Miller, Bryce","Jax, Griffin",3,0.4782727797068635
"Miller, Bryce","Patrick, Chad",4,0.49197612464889795
"Miller, Bryce","Baz, Shane",5,0.5059234346339903
"Miller, Bryce","Hatch, Thomas",6,0.5742575151320608
"Miller, Bryce","Englert, Mason",7,0.5758032408095863
"Miller, Bryce","Holderman, Colin",8,0.6105123981521814
"Miller, Bryce","Buttó, José",9,0.6290213121578753
"Miller, Bryce","Kerkering, Orion",10,0.63428908965007
"Miller, Erik","Burke, Brock",1,0.3489223083333302
"Miller, Erik","Crochet, Garrett",2,0.5658770886846711
"Miller, Erik","Latz, Jacob",3,0.802073095727963
"Miller, Erik","Beeks, Jalen",4,0.8224232484646108
"Miller, Erik","Sousa, Bennett",5,0.8411709249483238
"Miller, Erik","Dreyer, Jack",6,0.9022893641746063
"Miller, Erik","Cox, Austin",7,0.9646220672460362
"Miller, Erik","Sánchez, Cristopher",8,0.9699363886908479
"Miller, Erik","Parker, Mitchell",9,0.9744366103880495
"Miller, Erik","Snell, Blake",10,0.979251959633974
"Miller, Mason","Greene, Hunter",1,0.4771447419982215
"Miller, Mason","Mattson, Isaac",2,0.5142524341038006
"Miller, Mason","Seymour, Carson",3,0.5654369136444821
"Miller, Mason","Clase, Emmanuel",4,0.6434309351385449
"Miller, Mason","Slaten, Justin",5,0.6701548025107927
"Miller, Mason","Suarez, Robert",6,0.7000189851707987
"Miller, Mason","Rasmussen, Drew",7,0.7825741417236931
"Miller, Mason","Hernández, Carlos",8,0.8032053841704064
"Miller, Mason","Mey, Luis",9,0.8072382172226973
"Miller, Mason","Brown, Hunter",10,0.8406600322022999
"Miller, Shelby","O'Brien, Riley",1,0.47157504838840614
"Miller, Shelby","Wheeler, Zack",2,0.6589890286008413
"Miller, Shelby","Melton, Troy",3,0.6660278858718504
"Miller, Shelby","Schwellenbach, Spencer",4,0.6939676825295061
"Miller, Shelby","Winn, Cole",5,0.6991068255735065
"Miller, Shelby","Pagán, Emilio",6,0.8033918068250688
"Miller, Shelby","Leiter, Jack",7,0.8479601563158167
"Miller, Shelby","Ramírez, Yohan",8,0.9328155032750194
"Miller, Shelby","Díaz, Edwin",9,0.944832120191118
"Miller, Shelby","deGrom, Jacob",10,0.9711667241567539
"Milner, Hoby","Poulin, PJ",1,1.6097848975951112
"Milner, Hoby","Heaney, Andrew",2,1.8360425053866796
"Milner, Hoby","Sale, Chris",3,1.909070103652317
"Milner, Hoby","Backhus, Kyle",4,1.9097690655239365
"Milner, Hoby","Yarbrough, Ryan",5,2.2078188373557492
"Milner, Hoby","Eisert, Brandon",6,2.2494242957937165
"Milner, Hoby","Manaea, Sean",7,2.266271018601165
"Milner, Hoby","Lopez, Jacob",8,2.2947273435673625
"Milner, Hoby","Sears, JP",9,2.424252583711184
"Milner, Hoby","Palmquist, Carson",10,2.5418921978135676
"Misiorowski, Jacob","Díaz, Edwin",1,1.4320375831836123
"Misiorowski, Jacob","Taylor, Grant",2,1.4424335822473313
"Misiorowski, Jacob","Roycroft, Chris",3,1.5563636488269457
"Misiorowski, Jacob","Smith, Cade",4,1.5843111739733542
"Misiorowski, Jacob","Miller, Shelby",5,1.6138437995143342
"Misiorowski, Jacob","González, Wikelman",6,1.7286006001851026
"Misiorowski, Jacob","Wheeler, Zack",7,1.7931644491347845
"Misiorowski, Jacob","Díaz, Alexis",8,1.8292702272248675
"Misiorowski, Jacob","Varland, Louis",9,1.8566147511074698
"Misiorowski, Jacob","Brown, McCade",10,1.8603288038200083
"Mize, Casey","Strider, Spencer",1,0.4128257241348561
"Mize, Casey","Festa, David",2,0.44659718839073065
"Mize, Casey","Brasier, Ryan",3,0.4574094728236701
"Mize, Casey","Leahy, Kyle",4,0.46945959668536597
"Mize, Casey","Houser, Adrian",5,0.5043304267529987
"Mize, Casey","Rocker, Kumar",6,0.5194293436253058
"Mize, Casey","Dunning, Dane",7,0.5259382478539208
"Mize, Casey","Armstrong, Shawn",8,0.5371345361240264
"Mize, Casey","Smith, Shane",9,0.5769359826171665
"Mize, Casey","Wesneski, Hayden",10,0.5772694094411028
"Mlodzinski, Carmen","Perkins, Jack",1,0.2671892838155369
"Mlodzinski, Carmen","Kolek, Stephen",2,0.36893742902734644
"Mlodzinski, Carmen","Bachman, Sam",3,0.4364707380037646
"Mlodzinski, Carmen","Bello, Brayan",4,0.44663089953310686
"Mlodzinski, Carmen","De Los Santos, Enyel",5,0.45883367261975194
"Mlodzinski, Carmen","Dollander, Chase",6,0.5457818186094768
"Mlodzinski, Carmen","Henriquez, Ronny",7,0.5506588589174696
"Mlodzinski, Carmen","Buttó, José",8,0.5655701354124512
"Mlodzinski, Carmen","Hancock, Emerson",9,0.5922479004106082
"Mlodzinski, Carmen","Montero, Rafael",10,0.5994247822355184
"Molina, Anthony","Ashcraft, Braxton",1,0.39145159002480495
"Molina, Anthony","Cease, Dylan",2,0.40864378063260126
"Molina, Anthony","Fermin, José",3,0.4868690665368155
"Molina, Anthony","Bradley, Taj",4,0.523599262834822
"Molina, Anthony","Estévez, Carlos",5,0.5572880541354226
"Molina, Anthony","Kochanowicz, Jack",6,0.5601448958182393
"Molina, Anthony","Green, Chad",7,0.5634910398630117
"Molina, Anthony","Uribe, Abner",8,0.6243394803579774
"Molina, Anthony","Bivens, Spencer",9,0.6272571856878807
"Molina, Anthony","Mejia, Juan",10,0.63262043477746
"Montas, Frankie","Beeter, Clayton",1,0.26521284983468324
"Montas, Frankie","Hernández, Daysbel",2,0.5392824078812373
"Montas, Frankie","Brieske, Beau",3,0.5955433913499587
"Montas, Frankie","Kowar, Jackson",4,0.6137897011990988
"Montas, Frankie","Mejia, Juan",5,0.6144482126410279
"Montas, Frankie","Alcantara, Sandy",6,0.6490239251279273
"Montas, Frankie","Faucher, Calvin",7,0.6951668293396466
"Montas, Frankie","Phillips, Connor",8,0.7027848102132488
"Montas, Frankie","Keller, Brad",9,0.727227180821225
"Montas, Frankie","Agnos, Zach",10,0.7734593798408264
"Montero, Keider","Cannon, Jonathan",1,0.31475353478906437
"Montero, Keider","Blackburn, Paul",2,0.3299014660916653
"Montero, Keider","Berríos, José",3,0.35234655436698187
"Montero, Keider","Senga, Kodai",4,0.369162327107381
"Montero, Keider","Wilson, Bryse",5,0.4320139444335696
"Montero, Keider","Gusto, Ryan",6,0.43738387842679527
"Montero, Keider","Scherzer, Max",7,0.4781307829403518
"Montero, Keider","Soroka, Michael",8,0.5211271694279082
"Montero, Keider","Bergert, Ryan",9,0.5445434316003362
"Montero, Keider","Webb, Jacob",10,0.5637791302669648
"Montero, Rafael","Mlodzinski, Carmen",1,0.5994247822355184
"Montero, Rafael","Bello, Brayan",2,0.6324672865801484
"Montero, Rafael","Perkins, Jack",3,0.648007805934625
"Montero, Rafael","Kolek, Stephen",4,0.7018462256086001
"Montero, Rafael","Yates, Kirby",5,0.7693888429353316
"Montero, Rafael","May, Dustin",6,0.813809481750946
"Montero, Rafael","Bachman, Sam",7,0.8294699785545049
"Montero, Rafael","Henriquez, Ronny",8,0.8332151797179659
"Montero, Rafael","Walker, Ryan",9,0.8451768630542801
"Montero, Rafael","Dollander, Chase",10,0.8570772799774832
"Montgomery, Mason","Sabrowski, Erik",1,0.6885987570824751
"Montgomery, Mason","Mayza, Tim",2,1.1061121946545607
"Montgomery, Mason","Soto, Gregory",3,1.1643734775925814
"Montgomery, Mason","Skubal, Tarik",4,1.1894643458273357
"Montgomery, Mason","Bigge, Hunter",5,1.228018487025785
"Montgomery, Mason","Morejon, Adrian",6,1.2857442958468028
"Montgomery, Mason","Helsley, Ryan",7,1.3084727438493904
"Montgomery, Mason","Clase, Emmanuel",8,1.3173490475598544
"Montgomery, Mason","Slaten, Justin",9,1.3212245515804892
"Montgomery, Mason","Beeks, Jalen",10,1.4116219951342874
"Morales, Luis","Jobe, Jackson",1,0.27057310332087225
"Morales, Luis","Boushley, Caleb",2,0.3527957755666973
"Morales, Luis","Schultz, Paxton",3,0.37081503727788584
"Morales, Luis","Garrett, Reed",4,0.41322633666686936
"Morales, Luis","Phillips, Connor",5,0.4199235619312252
"Morales, Luis","Hill, Jaden",6,0.4753519999811907
"Morales, Luis","Faucher, Calvin",7,0.49702510279172496
"Morales, Luis","Agnos, Zach",8,0.5051837257432377
"Morales, Luis","Cano, Yennier",9,0.5071742402709414
"Morales, Luis","Weaver, Luke",10,0.5100596784060453
"Morejon, Adrian","Lucas, Easton",1,0.7191959017398454
"Morejon, Adrian","Ferrer, José A.",2,0.7391236993602205
"Morejon, Adrian","Skubal, Tarik",3,0.7835909471281015
"Morejon, Adrian","Wolfram, Grant",4,0.9683184872744663
"Morejon, Adrian","Koenig, Jared",5,1.0983936169649493
"Morejon, Adrian","Soto, Gregory",6,1.1584361058000314
"Morejon, Adrian","Pilkington, Konnor",7,1.2165511545710055
"Morejon, Adrian","Montgomery, Mason",8,1.2857442958468028
"Morejon, Adrian","Sabrowski, Erik",9,1.2948445751395066
"Morejon, Adrian","Beeks, Jalen",10,1.3257149716721892
"Moreta, Dauri","Phillips, Tyler",1,0.22124172907365514
"Moreta, Dauri","Young, Brandon",2,0.3533880442531662
"Moreta, Dauri","Junk, Janson",3,0.44918936048319485
"Moreta, Dauri","Pressly, Ryan",4,0.45731188278537677
"Moreta, Dauri","Cecconi, Slade",5,0.4746424358640819
"Moreta, Dauri","Bednar, David",6,0.5229372945459867
"Moreta, Dauri","Bergert, Ryan",7,0.6038355761911027
"Moreta, Dauri","Sulser, Cole",8,0.6074615346662975
"Moreta, Dauri","Burrows, Mike",9,0.6091616515118174
"Moreta, Dauri","Senga, Kodai",10,0.6753738666915489
"Morgan, David","Dollander, Chase",1,0.34387661231942573
"Morgan, David","Hancock, Emerson",2,0.3576133203108854
"Morgan, David","Santillan, Tony",3,0.38551202852986644
"Morgan, David","Cano, Yennier",4,0.4330198493108614
"Morgan, David","Iglesias, Raisel",5,0.48527153587409466
"Morgan, David","Weaver, Luke",6,0.6066204810783803
"Morgan, David","Perkins, Jack",7,0.6079968009836446
"Morgan, David","Altavilla, Dan",8,0.6453090117231336
"Morgan, David","Hanifee, Brenan",9,0.6598530666535178
"Morgan, David","Morales, Luis",10,0.6857632691899744
"Morillo, Juan","Mey, Luis",1,0.5391108789221918
"Morillo, Juan","Chandler, Bubba",2,0.5400561326427585
"Morillo, Juan","Boyle, Joe",3,0.7166287012750409
"Morillo, Juan","Duran, Jhoan",4,0.7598444315952777
"Morillo, Juan","Vest, Will",5,0.7887718940578381
"Morillo, Juan","Palencia, Daniel",6,0.8080768180621564
"Morillo, Juan","Klein, Will",7,0.8556445488304975
"Morillo, Juan","Greene, Hunter",8,0.898936846195927
"Morillo, Juan","Loáisiga, Jonathan",9,0.9034056211717353
"Morillo, Juan","Vargas, Carlos",10,0.9210069730823799
"Morton, Charlie","Thornton, Trent",1,0.19413080110469302
"Morton, Charlie","Teng, Kai-Wei",2,0.40411142322788396
"Morton, Charlie","Shugart, Chase",3,0.422638032605662
"Morton, Charlie","Payamps, Joel",4,0.5241029479599334
"Morton, Charlie","Houck, Tanner",5,0.573578268305116
"Morton, Charlie","Brash, Matt",6,0.6500133046673259
"Morton, Charlie","Kelly, Merrill",7,0.6721751495934933
"Morton, Charlie","Snider, Collin",8,0.6730993307557914
"Morton, Charlie","Scherzer, Max",9,0.6789066227125976
"Morton, Charlie","Henderson, Logan",10,0.686762456734574
"Murdock, Noah","González, Wikelman",1,0.48451037036335853
"Murdock, Noah","Vodnik, Victor",2,0.5328435791189177
"Murdock, Noah","Woo, Bryan",3,0.6242877551318377
"Murdock, Noah","Roycroft, Chris",4,0.807822672027981
"Murdock, Noah","Stewart, Brock",5,0.8349664788957653
"Murdock, Noah","Doval, Camilo",6,0.9346384298235044
"Murdock, Noah","Ortiz, Luis",7,0.9588106882047734
"Murdock, Noah","Melton, Troy",8,0.9610506438692498
"Murdock, Noah","deGrom, Jacob",9,0.9931872651485889
"Murdock, Noah","Loáisiga, Jonathan",10,1.0326594051687845
"Murphy, Chris","Alexander, Tyler",1,0.21643783056957186
"Murphy, Chris","Boyd, Matthew",2,0.23562214785013932
"Murphy, Chris","Imanaga, Shota",3,0.27944677644186694
"Murphy, Chris","Allen, Logan",4,0.50361845372803
"Murphy, Chris","Hart, Kyle",5,0.548350002615916
"Murphy, Chris","Allard, Kolby",6,0.5733290507217863
"Murphy, Chris","Bummer, Aaron",7,0.6015768908401331
"Murphy, Chris","Pérez, Martín",8,0.8026387473449362
"Murphy, Chris","Strahm, Matt",9,0.850294350661346
"Murphy, Chris","Suarez, Ranger",10,0.8557804503259369
"Muñoz, Andrés","Rodríguez, Randy",1,0.5090099449350006
"Muñoz, Andrés","Henriquez, Ronny",2,0.5657465988650837
"Muñoz, Andrés","Salazar, Eduardo",3,0.5966366545903373
"Muñoz, Andrés","Abreu, Bryan",4,0.6499924838891785
"Muñoz, Andrés","Ortiz, Luis",5,0.6530143328545313
"Muñoz, Andrés","Skenes, Paul",6,0.6637343357909267
"Muñoz, Andrés","Soriano, George",7,0.6952341545261693
"Muñoz, Andrés","Yamamoto, Yoshinobu",8,0.7075327648960453
"Muñoz, Andrés","May, Dustin",9,0.7122985044433628
"Muñoz, Andrés","Peralta, Freddy",10,0.7267184602573781
"Myers, Tobias","Fedde, Erick",1,0.40352408728858075
"Myers, Tobias","Wesneski, Hayden",2,0.4767791754034613
"Myers, Tobias","Young, Brandon",3,0.5315240885948992
"Myers, Tobias","Carrasco, Carlos",4,0.5538347008623888
"Myers, Tobias","Lazar, Max",5,0.6035940392061913
"Myers, Tobias","Strider, Spencer",6,0.650336821396501
"Myers, Tobias","Keller, Mitch",7,0.6763124319034292
"Myers, Tobias","Orze, Eric",8,0.6909811136369691
"Myers, Tobias","Sulser, Cole",9,0.6932243185592389
"Myers, Tobias","Junk, Janson",10,0.6967075817090564
"Márquez, Germán","Brubaker, JT",1,0.46312569894482053
"Márquez, Germán","Guerrero, Luis",2,0.6753542100963803
"Márquez, Germán","Hamilton, Ian",3,0.7195270788018742
"Márquez, Germán","Treinen, Blake",4,0.8149658957230209
"Márquez, Germán","Olson, Reese",5,0.9641656925183372
"Márquez, Germán","Bazardo, Eduard",6,1.029882841693182
"Márquez, Germán","Johnson, Pierce",7,1.0842645594899567
"Márquez, Germán","Casparius, Ben",8,1.0900028239609094
"Márquez, Germán","Beeter, Clayton",9,1.1290598856653884
"Márquez, Germán","Senzatela, Antonio",10,1.1573991922498283
"Nance, Tommy","Vásquez, Randy",1,0.5392518889884532
"Nance, Tommy","Garcia, Rico",2,0.5452369768600677
"Nance, Tommy","Waldrep, Hurston",3,0.6048507551829072
"Nance, Tommy","Littell, Zack",4,0.6283347816168492
"Nance, Tommy","Neris, Héctor",5,0.6316691750858678
"Nance, Tommy","Vasil, Mike",6,0.6432838600761306
"Nance, Tommy","Gonsolin, Tony",7,0.6492768549968354
"Nance, Tommy","Mazur, Adam",8,0.6593018567551703
"Nance, Tommy","Elder, Bryce",9,0.6628175889072224
"Nance, Tommy","Clarke, Taylor",10,0.6759979143100266
"Nelson, Ryne","Mears, Nick",1,0.4469574830198856
"Nelson, Ryne","Nicolas, Kyle",2,0.4590124276863118
"Nelson, Ryne","Brown, Hunter",3,0.586953650664691
"Nelson, Ryne","Jansen, Kenley",4,0.6305540083554586
"Nelson, Ryne","Brown, Ben",5,0.6645071673916448
"Nelson, Ryne","Hernández, Carlos",6,0.684203643364975
"Nelson, Ryne","Leasure, Jordan",7,0.6911200947878929
"Nelson, Ryne","Pepiot, Ryan",8,0.7016949257390603
"Nelson, Ryne","Mattson, Isaac",9,0.7259856118385266
"Nelson, Ryne","Fitts, Richard",10,0.7380128155487413
"Neris, Héctor","Kriske, Brooks",1,0.41270765122268854
"Neris, Héctor","Kremer, Dean",2,0.4804763351788631
"Neris, Héctor","Littell, Zack",3,0.5047796393722215
"Neris, Héctor","Martinez, Nick",4,0.5322205488313173
"Neris, Héctor","Vásquez, Randy",5,0.5680627440519299
"Neris, Héctor","Ohl, Pierson",6,0.5730231976336776
"Neris, Héctor","Sugano, Tomoyuki",7,0.5787381846249712
"Neris, Héctor","Spence, Mitch",8,0.5888110606871375
"Neris, Héctor","Nance, Tommy",9,0.6316691750858678
"Neris, Héctor","Granillo, Andre",10,0.662728342844725
"Newcomb, Sean","Little, Brendon",1,0.5823785358831371
"Newcomb, Sean","Akin, Keegan",2,0.5906181608092101
"Newcomb, Sean","Pomeranz, Drew",3,0.8149092643851059
"Newcomb, Sean","Luzardo, Jesús",4,0.8666792455909953
"Newcomb, Sean","Matsui, Yuki",5,0.9334861370582999
"Newcomb, Sean","Banks, Tanner",6,0.9870448107888564
"Newcomb, Sean","Lucchesi, Joey",7,1.179119823253045
"Newcomb, Sean","Veneziano, Anthony",8,1.1892014110862
"Newcomb, Sean","Cortes, Nestor",9,1.1892907672245923
"Newcomb, Sean","Valdez, Framber",10,1.2159461149469588
"Nicolas, Kyle","Hernández, Carlos",1,0.39955587280513943
"Nicolas, Kyle","Leasure, Jordan",2,0.43953199505565876
"Nicolas, Kyle","Nelson, Ryne",3,0.4590124276863118
"Nicolas, Kyle","Estrada, Jeremiah",4,0.5965862481908731
"Nicolas, Kyle","Sasaki, Roki",5,0.6926170100768201
"Nicolas, Kyle","Mattson, Isaac",6,0.7066868367654838
"Nicolas, Kyle","Holman, Grant",7,0.7503055954418152
"Nicolas, Kyle","Jansen, Kenley",8,0.7528852559607581
"Nicolas, Kyle","Tong, Jonah",9,0.760778705387962
"Nicolas, Kyle","Brown, Hunter",10,0.8288428680209198
"Nola, Aaron","Barlow, Scott",1,0.6835411594177739
"Nola, Aaron","Singer, Brady",2,0.7131744128688327
"Nola, Aaron","Arrighetti, Spencer",3,0.765059362585813
"Nola, Aaron","Darvish, Yu",4,0.781500858438163
"Nola, Aaron","Eovaldi, Nathan",5,0.8155331565972194
"Nola, Aaron","Webb, Logan",6,0.936745996598975
"Nola, Aaron","Maton, Phil",7,0.9869968952318728
"Nola, Aaron","Flaherty, Jack",8,1.0359282035808859
"Nola, Aaron","Williams, Trevor",9,1.0917398629966395
"Nola, Aaron","Kahnle, Tommy",10,1.1283242546779426
"O'Brien, Riley","Winn, Cole",1,0.3032437642272447
"O'Brien, Riley","Melton, Troy",2,0.3886427660468209
"O'Brien, Riley","Leiter, Jack",3,0.398905984330366
"O'Brien, Riley","Pagán, Emilio",4,0.41494770397709974
"O'Brien, Riley","Miller, Shelby",5,0.47157504838840614
"O'Brien, Riley","Schwellenbach, Spencer",6,0.5216321635162895
"O'Brien, Riley","Rocker, Kumar",7,0.5445392584127107
"O'Brien, Riley","Abel, Mick",8,0.5984560968240407
"O'Brien, Riley","deGrom, Jacob",9,0.6161619650887558
"O'Brien, Riley","Salazar, Eduardo",10,0.6289808668856399
"Ober, Bailey","Cruz, Fernando",1,0.8494898620327311
"Ober, Bailey","Irvin, Jake",2,0.9553126076491297
"Ober, Bailey","Blewett, Scott",3,0.9817876597450468
"Ober, Bailey","Cantillo, Joey",4,1.1313757116668024
"Ober, Bailey","Orze, Eric",5,1.1340484942463178
"Ober, Bailey","Francis, Bowden",6,1.23978043665516
"Ober, Bailey","Blanco, Ronel",7,1.2597956553532599
"Ober, Bailey","Gilbert, Logan",8,1.3358708540365551
"Ober, Bailey","Paddack, Chris",9,1.3927220878722997
"Ober, Bailey","Smith-Shawver, AJ",10,1.4485187472065186
"Ogasawara, Shinnosuke","Suarez, Ranger",1,0.5872783207486127
"Ogasawara, Shinnosuke","Gibson, Cade",2,0.6990908180186475
"Ogasawara, Shinnosuke","Allard, Kolby",3,0.7077059693046345
"Ogasawara, Shinnosuke","Pérez, Martín",4,1.0189048135739969
"Ogasawara, Shinnosuke","Boyd, Matthew",5,1.045905603188948
"Ogasawara, Shinnosuke","Springs, Jeffrey",6,1.1096106628101807
"Ogasawara, Shinnosuke","Murphy, Chris",7,1.1163926733108487
"Ogasawara, Shinnosuke","Kershaw, Clayton",8,1.1796011925886658
"Ogasawara, Shinnosuke","Okert, Steven",9,1.2084869202430197
"Ogasawara, Shinnosuke","Alexander, Tyler",10,1.2389348521490904
"Ohl, Pierson","Kriske, Brooks",1,0.395810999200864
"Ohl, Pierson","Littell, Zack",2,0.4992955121230523
"Ohl, Pierson","Neris, Héctor",3,0.5730231976336776
"Ohl, Pierson","Pressly, Ryan",4,0.6521213005869578
"Ohl, Pierson","Moreta, Dauri",5,0.6793651164278768
"Ohl, Pierson","Senga, Kodai",6,0.7355755471264522
"Ohl, Pierson","Phillips, Tyler",7,0.7731515645415591
"Ohl, Pierson","Sugano, Tomoyuki",8,0.7813939591848725
"Ohl, Pierson","Thielbar, Caleb",9,0.8022011960627196
"Ohl, Pierson","Bellozo, Valente",10,0.8192728077217593
"Ohtani, Shohei","Hoffman, Jeff",1,0.35975285011792446
"Ohtani, Shohei","Blubaugh, AJ",2,0.3660229837815824
"Ohtani, Shohei","Dana, Caden",3,0.38807885142994936
"Ohtani, Shohei","Armstrong, Shawn",4,0.4127038300013292
"Ohtani, Shohei","Kittredge, Andrew",5,0.44024634387938943
"Ohtani, Shohei","Holderman, Colin",6,0.44727176417056214
"Ohtani, Shohei","Abreu, Bryan",7,0.4479747099920342
"Ohtani, Shohei","Gausman, Kevin",8,0.458689995600722
"Ohtani, Shohei","Smith, Shane",9,0.46675968416848185
"Ohtani, Shohei","Zeferjahn, Ryan",10,0.4770390375031826
"Okert, Steven","Springs, Jeffrey",1,0.5472959229089379
"Okert, Steven","Waddell, Brandon",2,0.5899726549493388
"Okert, Steven","Suarez, Ranger",3,0.6504024553375658
"Okert, Steven","Povich, Cade",4,0.8753053983390214
"Okert, Steven","Hart, Kyle",5,0.9093488174064079
"Okert, Steven","Abbott, Andrew",6,0.9235372746479019
"Okert, Steven","Rolison, Ryan",7,0.9679759857613647
"Okert, Steven","Boyd, Matthew",8,0.9753419164194969
"Okert, Steven","Lauer, Eric",9,0.9892058987629089
"Okert, Steven","Castillo, José",10,0.9925061448252863
"Olson, Reese","Strickland, Hunter",1,0.38190764901753377
"Olson, Reese","Bazardo, Eduard",2,0.5157915927249415
"Olson, Reese","Holmes, Grant",3,0.5262691311071052
"Olson, Reese","Senzatela, Antonio",4,0.5800776243204383
"Olson, Reese","Boushley, Caleb",5,0.6932470952490265
"Olson, Reese","Ferguson, Tyler",6,0.7106647190461206
"Olson, Reese","Garcia, Rico",7,0.7127483379360561
"Olson, Reese","Mazur, Adam",8,0.726998338349843
"Olson, Reese","Schultz, Paxton",9,0.7288308676314316
"Olson, Reese","Horton, Cade",10,0.7485235699975044
"Ort, Kaleb","Severino, Luis",1,0.4185972687886413
"Ort, Kaleb","Estévez, Carlos",2,0.4263047927031503
"Ort, Kaleb","Ureña, José",3,0.49491843950654246
"Ort, Kaleb","Schultz, Paxton",4,0.5141861339258382
"Ort, Kaleb","Bido, Osvaldo",5,0.5214190402338803
"Ort, Kaleb","Agnos, Zach",6,0.5618380874343738
"Ort, Kaleb","Chivilli, Angel",7,0.5762950541083871
"Ort, Kaleb","Kerkering, Orion",8,0.5764056468308986
"Ort, Kaleb","Kochanowicz, Jack",9,0.5954137096080979
"Ort, Kaleb","Matthews, Zebby",10,0.6131781451866041
"Ortiz, Luis","May, Dustin",1,0.6038392269794841
"Ortiz, Luis","Muñoz, Andrés",2,0.6530143328545313
"Ortiz, Luis","Legumina, Casey",3,0.7673201249532688
"Ortiz, Luis","Lively, Ben",4,0.8016730565963545
"Ortiz, Luis","Ryan, Joe",5,0.8279112846877641
"Ortiz, Luis","Woo, Bryan",6,0.8321288462407611
"Ortiz, Luis","Winn, Cole",7,0.8583205576278197
"Ortiz, Luis","Henriquez, Ronny",8,0.8636520507319438
"Ortiz, Luis","Schwellenbach, Spencer",9,0.8671568826664261
"Ortiz, Luis","Sheehan, Emmet",10,0.9306033380821828
"Orze, Eric","Blanco, Ronel",1,0.4065644617175011
"Orze, Eric","Smith-Shawver, AJ",2,0.49588558354930257
"Orze, Eric","Francis, Bowden",3,0.5069524524432004
"Orze, Eric","Carrasco, Carlos",4,0.5304281628632841
"Orze, Eric","Paddack, Chris",5,0.5877013533716738
"Orze, Eric","Beck, Tristan",6,0.6376171000254486
"Orze, Eric","Strider, Spencer",7,0.6560006208355996
"Orze, Eric","Wesneski, Hayden",8,0.6716339781694112
"Orze, Eric","Irvin, Jake",9,0.6888924399313556
"Orze, Eric","Myers, Tobias",10,0.6909811136369691
"Oviedo, Johan","Williams, Devin",1,0.44619627799564243
"Oviedo, Johan","Hodge, Porter",2,0.7089186091724832
"Oviedo, Johan","Ramírez, Yohan",3,0.7965934651738924
"Oviedo, Johan","Brogdon, Connor",4,0.8577903772647023
"Oviedo, Johan","López, Pablo",5,0.9189611727150172
"Oviedo, Johan","Kelly, Zack",6,0.9212681950650399
"Oviedo, Johan","Whitlock, Garrett",7,1.0837687794019804
"Oviedo, Johan","Irvin, Jake",8,1.091725720951887
"Oviedo, Johan","Leahy, Kyle",9,1.1041544822527065
"Oviedo, Johan","Gómez, Yoendrys",10,1.1615536448092147
"Paddack, Chris","Gaddis, Hunter",1,0.38762347444283257
"Paddack, Chris","Burke, Sean",2,0.41595500648526934
"Paddack, Chris","Blewett, Scott",3,0.5037967297234783
"Paddack, Chris","Wesneski, Hayden",4,0.5677465533257584
"Paddack, Chris","Orze, Eric",5,0.5877013533716738
"Paddack, Chris","Beck, Tristan",6,0.588847803716145
"Paddack, Chris","Blanco, Ronel",7,0.5916364057918452
"Paddack, Chris","Francis, Bowden",8,0.6718908788701871
"Paddack, Chris","Festa, David",9,0.6729398594821333
"Paddack, Chris","Jackson, Luke",10,0.6831907657122346
"Pagán, Emilio","Leiter, Jack",1,0.236977601961615
"Pagán, Emilio","Abel, Mick",2,0.24668481668847672
"Pagán, Emilio","Rocker, Kumar",3,0.35787097714485805
"Pagán, Emilio","O'Brien, Riley",4,0.41494770397709974
"Pagán, Emilio","Winn, Cole",5,0.43605258259395996
"Pagán, Emilio","Houser, Adrian",6,0.47373634565978306
"Pagán, Emilio","Salazar, Eduardo",7,0.4743272136603157
"Pagán, Emilio","Smith, Shane",8,0.540742995319751
"Pagán, Emilio","Armstrong, Shawn",9,0.5450575359129746
"Pagán, Emilio","Schwellenbach, Spencer",10,0.571188362168936
"Palencia, Daniel","Chandler, Bubba",1,0.6367464852936675
"Palencia, Daniel","Stewart, Brock",2,0.6710452319832403
"Palencia, Daniel","Loáisiga, Jonathan",3,0.7088040680616123
"Palencia, Daniel","Klein, Will",4,0.712286501452434
"Palencia, Daniel","Vodnik, Victor",5,0.783111251666657
"Palencia, Daniel","Morillo, Juan",6,0.8080768180621564
"Palencia, Daniel","Mey, Luis",7,0.8614342174189383
"Palencia, Daniel","Boyle, Joe",8,0.8870812977997293
"Palencia, Daniel","Vargas, Carlos",9,0.9574983770644264
"Palencia, Daniel","Clase, Emmanuel",10,0.9888599740806959
"Pallante, Andre","Dobbins, Hunter",1,0.285089994028677
"Pallante, Andre","García, Luis",2,0.33803972424551765
"Pallante, Andre","Merryweather, Julian",3,0.3448065076348502
"Pallante, Andre","Burrows, Mike",4,0.35953901058433624
"Pallante, Andre","Enright, Nic",5,0.37011804336241644
"Pallante, Andre","Priester, Quinn",6,0.3756786390096421
"Pallante, Andre","Woodruff, Brandon",7,0.38445058587203135
"Pallante, Andre","Assad, Javier",8,0.3845777523550126
"Pallante, Andre","Blalock, Bradley",9,0.4395813177104348
"Pallante, Andre","Trivino III, Lou",10,0.44830983587806655
"Palmquist, Carson","Lopez, Jacob",1,1.3127804368516678
"Palmquist, Carson","Eisert, Brandon",2,1.3837765234665005
"Palmquist, Carson","Manaea, Sean",3,1.6864512292688072
"Palmquist, Carson","Gordon, Colton",4,1.725951143992388
"Palmquist, Carson","Backhus, Kyle",5,1.833400094647635
"Palmquist, Carson","Cantillo, Joey",6,1.8854781306000268
"Palmquist, Carson","Maton, Phil",7,2.045957966877508
"Palmquist, Carson","Sale, Chris",8,2.151304548238715
"Palmquist, Carson","Walter, Brandon",9,2.1806119900626144
"Palmquist, Carson","Kikuchi, Yusei",10,2.197589622780227
"Parker, Mitchell","Snell, Blake",1,0.6182983897397101
"Parker, Mitchell","Wentz, Joey",2,0.6514047910082441
"Parker, Mitchell","Whisenhunt, Carson",3,0.6754270334868012
"Parker, Mitchell","Latz, Jacob",4,0.9537660575438328
"Parker, Mitchell","Peterson, David",5,0.9575410466384141
"Parker, Mitchell","Sánchez, Cristopher",6,0.9737963797896615
"Parker, Mitchell","Miller, Erik",7,0.9744366103880495
"Parker, Mitchell","Dreyer, Jack",8,0.979135222145776
"Parker, Mitchell","Sousa, Bennett",9,0.9981134468890309
"Parker, Mitchell","Fried, Max",10,1.006664586388631
"Patrick, Chad","Bachar, Lake",1,0.47361579059710157
"Patrick, Chad","Miller, Bryce",2,0.49197612464889795
"Patrick, Chad","Meyer, Max",3,0.49334784210768373
"Patrick, Chad","Hill, Jaden",4,0.5215222646406356
"Patrick, Chad","Bachman, Sam",5,0.5743477631859063
"Patrick, Chad","Buttó, José",6,0.5753559966223667
"Patrick, Chad","Bello, Brayan",7,0.6257154038645765
"Patrick, Chad","Garrett, Reed",8,0.6348004864967491
"Patrick, Chad","Kelly, Merrill",9,0.6764973969471356
"Patrick, Chad","Rodríguez, Yariel",10,0.6840644486062677
"Payamps, Joel","Soroka, Michael",1,0.33374656590923707
"Payamps, Joel","Houck, Tanner",2,0.426032222824641
"Payamps, Joel","Thornton, Trent",3,0.429293912718551
"Payamps, Joel","Scherzer, Max",4,0.4637044352486119
"Payamps, Joel","Schmidt, Clarke",5,0.5017650339069554
"Payamps, Joel","Morton, Charlie",6,0.5241029479599334
"Payamps, Joel","Shugart, Chase",7,0.5257487239233138
"Payamps, Joel","Cannon, Jonathan",8,0.5291131842284416
"Payamps, Joel","Kelly, Merrill",9,0.5725712572058811
"Payamps, Joel","Montero, Keider",10,0.5873949302807183
"Pearson, Nate","deGrom, Jacob",1,0.38724225377420846
"Pearson, Nate","Melton, Troy",2,0.4662027306260042
"Pearson, Nate","Bigge, Hunter",3,0.5752999709468677
"Pearson, Nate","Winn, Cole",4,0.5941451322633299
"Pearson, Nate","Leiter, Jack",5,0.627084807082485
"Pearson, Nate","Rodríguez, Manuel",6,0.6973039632414499
"Pearson, Nate","Salazar, Eduardo",7,0.7090531017919246
"Pearson, Nate","Soriano, José",8,0.7203369647965311
"Pearson, Nate","O'Brien, Riley",9,0.7345099898315594
"Pearson, Nate","Svanson, Matt",10,0.7402878911509718
"Peguero, Joel","Ashcraft, Graham",1,1.5155019993972587
"Peguero, Joel","Brazobán, Huascar",2,1.5857425123972524
"Peguero, Joel","Brieske, Beau",3,1.7358604059227243
"Peguero, Joel","Alvarado, Elvis",4,1.8267393154146536
"Peguero, Joel","Stanek, Ryne",5,1.862850481998517
"Peguero, Joel","Ashby, Aaron",6,1.9505666484415203
"Peguero, Joel","Keller, Brad",7,1.9890057010589572
"Peguero, Joel","Montas, Frankie",8,2.1075621623517176
"Peguero, Joel","Duran, Jhoan",9,2.1259576112712355
"Peguero, Joel","Beeter, Clayton",10,2.1356738410319376
"Pepiot, Ryan","Hoffmann, Andrew",1,0.19698292020913077
"Pepiot, Ryan","Armstrong, Shawn",2,0.46166006470119525
"Pepiot, Ryan","Kittredge, Andrew",3,0.484350766554369
"Pepiot, Ryan","Brzykcy, Zach",4,0.5028620709895254
"Pepiot, Ryan","Cabrera, Edward",5,0.5374277728823244
"Pepiot, Ryan","Houser, Adrian",6,0.5513195118236011
"Pepiot, Ryan","Soriano, José",7,0.567598089250154
"Pepiot, Ryan","Assad, Javier",8,0.5708843059277893
"Pepiot, Ryan","Burnes, Corbin",9,0.5908128461387667
"Pepiot, Ryan","Ginn, J.T.",10,0.6058461340805745
"Peralta, Freddy","Bowman, Matt",1,0.620858579997061
"Peralta, Freddy","Kelly, Zack",2,0.7083711165118537
"Peralta, Freddy","Muñoz, Andrés",3,0.7267184602573781
"Peralta, Freddy","Warren, Will",4,0.7343207633325869
"Peralta, Freddy","Sterner, Justin",5,0.8297040338211652
"Peralta, Freddy","Henriquez, Ronny",6,0.8625250697750133
"Peralta, Freddy","Gil, Luis",7,0.8741256387706408
"Peralta, Freddy","Henry, Cole",8,0.8911110369188012
"Peralta, Freddy","Pfaadt, Brandon",9,0.9054244513433326
"Peralta, Freddy","Schwellenbach, Spencer",10,0.9257413383311645
"Peralta, Luis","Speier, Gabe",1,0.5723914401804858
"Peralta, Luis","Banda, Anthony",2,0.783937176361799
"Peralta, Luis","Scott, Tanner",3,0.7993971863799048
"Peralta, Luis","Cleavinger, Garrett",4,0.8440981557578536
"Peralta, Luis","King, John",5,0.900503184000917
"Peralta, Luis","Strahm, Matt",6,1.0318287821961387
"Peralta, Luis","Alexander, Scott",7,1.1492319851910395
"Peralta, Luis","Lodolo, Nick",8,1.1708276020196342
"Peralta, Luis","Weathers, Ryan",9,1.1895191941828511
"Peralta, Luis","Pérez, Cionel",10,1.2435831841136118
"Peralta, Wandy","Cabrera, Génesis",1,0.8161995355387762
"Peralta, Wandy","Little, Brendon",2,0.8383728597923724
"Peralta, Wandy","Montas, Frankie",3,0.8604232106140204
"Peralta, Wandy","Akin, Keegan",4,1.0188134497502555
"Peralta, Wandy","Pomeranz, Drew",5,1.039580138912967
"Peralta, Wandy","Beeter, Clayton",6,1.0707253892049793
"Peralta, Wandy","Hiraldo, Yaramil",7,1.0939997938220232
"Peralta, Wandy","Casparius, Ben",8,1.1175530377006548
"Peralta, Wandy","Luzardo, Jesús",9,1.1334236861219076
"Peralta, Wandy","Wilson, Justin",10,1.2022664479070488
"Perkins, Jack","Mlodzinski, Carmen",1,0.2671892838155369
"Perkins, Jack","Bachman, Sam",2,0.2909494955000475
"Perkins, Jack","Dollander, Chase",3,0.31548873776428255
"Perkins, Jack","De Los Santos, Enyel",4,0.3249047228492852
"Perkins, Jack","Bello, Brayan",5,0.35678957390648286
"Perkins, Jack","Hancock, Emerson",6,0.43264437974447517
"Perkins, Jack","Buttó, José",7,0.45297657141112907
"Perkins, Jack","Kolek, Stephen",8,0.5278021237151379
"Perkins, Jack","Iglesias, Raisel",9,0.5432931204629972
"Perkins, Jack","Morgan, David",10,0.6079968009836446
"Petersen, Michael","Schlittler, Cam",1,0.5193439815186871
"Petersen, Michael","Burns, Chase",2,0.7002288704173423
"Petersen, Michael","Megill, Trevor",3,0.7283474024912054
"Petersen, Michael","Ashcraft, Braxton",4,0.7348797763772668
"Petersen, Michael","Molina, Anthony",5,0.7374841322361501
"Petersen, Michael","Helsley, Ryan",6,0.7643782831246165
"Petersen, Michael","Reynolds, Sean",7,0.774045143550326
"Petersen, Michael","Bradish, Kyle",8,0.776910870161927
"Petersen, Michael","Curtiss, John",9,0.7872977056801314
"Petersen, Michael","Brown, Ben",10,0.7926089184196291
"Peterson, David","Falter, Bailey",1,0.7999122723998907
"Peterson, David","Wentz, Joey",2,0.8466642859808738
"Peterson, David","Parker, Mitchell",3,0.9575410466384141
"Peterson, David","Corbin, Patrick",4,1.1439472565217335
"Peterson, David","Funderburk, Kody",5,1.1648239701598035
"Peterson, David","Sánchez, Cristopher",6,1.1670679548457896
"Peterson, David","Whisenhunt, Carson",7,1.1889293055797443
"Peterson, David","Snell, Blake",8,1.2993381980856125
"Peterson, David","Bubic, Kris",9,1.3301190559854914
"Peterson, David","Suter, Brent",10,1.338715253521117
"Pfaadt, Brandon","Warren, Will",1,0.2830437561174129
"Pfaadt, Brandon","Rea, Colin",2,0.3112026706854501
"Pfaadt, Brandon","Henry, Cole",3,0.4187709010871039
"Pfaadt, Brandon","DeSclafani, Anthony",4,0.4371381965410669
"Pfaadt, Brandon","Yamamoto, Yoshinobu",5,0.4756347851319594
"Pfaadt, Brandon","Gausman, Kevin",6,0.4793994724805477
"Pfaadt, Brandon","Soriano, George",7,0.5127183475689012
"Pfaadt, Brandon","Mahle, Tyler",8,0.5416804670970539
"Pfaadt, Brandon","Buehler, Walker",9,0.5468890958622752
"Pfaadt, Brandon","Sterner, Justin",10,0.5571036228556973
"Phillips, Connor","Jobe, Jackson",1,0.30151503880468583
"Phillips, Connor","Faucher, Calvin",2,0.3196453179548447
"Phillips, Connor","Boushley, Caleb",3,0.35989106832462303
"Phillips, Connor","Hernández, Daysbel",4,0.3660653872845235
"Phillips, Connor","Alcantara, Sandy",5,0.38821431733434636
"Phillips, Connor","Agnos, Zach",6,0.402008369121185
"Phillips, Connor","Morales, Luis",7,0.4199235619312252
"Phillips, Connor","Mejia, Juan",8,0.569150176919218
"Phillips, Connor","Schultz, Paxton",9,0.5706288776305124
"Phillips, Connor","Hill, Jaden",10,0.5709411892968361
"Phillips, Tyler","Moreta, Dauri",1,0.22124172907365514
"Phillips, Tyler","Cecconi, Slade",2,0.28921140394061307
"Phillips, Tyler","Bednar, David",3,0.324869430330676
"Phillips, Tyler","Sulser, Cole",4,0.4132408946232186
"Phillips, Tyler","Junk, Janson",5,0.4309380653396532
"Phillips, Tyler","Young, Brandon",6,0.4383232936180333
"Phillips, Tyler","Bergert, Ryan",7,0.4596872939676949
"Phillips, Tyler","Brebbia, John",8,0.471685830620821
"Phillips, Tyler","Keller, Mitch",9,0.47782584848484866
"Phillips, Tyler","Hatch, Thomas",10,0.4970900793533771
"Pilkington, Konnor","Soto, Gregory",1,0.49883994947607746
"Pilkington, Konnor","Garcia, Robert",2,0.6819519380273066
"Pilkington, Konnor","Hader, Josh",3,0.7193781583210417
"Pilkington, Konnor","Crochet, Garrett",4,0.9533901798757092
"Pilkington, Konnor","Koenig, Jared",5,0.9786250703361765
"Pilkington, Konnor","Dodd, Dylan",6,0.9997313230108396
"Pilkington, Konnor","Zastryzny, Rob",7,1.0062300477829307
"Pilkington, Konnor","Alexander, Scott",8,1.0128376940719204
"Pilkington, Konnor","Beeks, Jalen",9,1.0294299178766075
"Pilkington, Konnor","Ferguson, Caleb",10,1.0300504561975565
"Pivetta, Nick","Wacha, Michael",1,0.737488067062186
"Pivetta, Nick","Woods Richardson, Simeon",2,0.7754303015107284
"Pivetta, Nick","Giolito, Lucas",3,1.0912636002447245
"Pivetta, Nick","Ginkel, Kevin",4,1.1505200000516413
"Pivetta, Nick","Jackson, Luke",5,1.184613342466461
"Pivetta, Nick","Bibee, Tanner",6,1.1994782097080872
"Pivetta, Nick","Adam, Jason",7,1.2445005474533255
"Pivetta, Nick","Taillon, Jameson",8,1.2904869792085303
"Pivetta, Nick","Blalock, Bradley",9,1.3201918045767804
"Pivetta, Nick","Gaddis, Hunter",10,1.3897348476779274
"Pomeranz, Drew","Little, Brendon",1,0.48945519694271544
"Pomeranz, Drew","Akin, Keegan",2,0.7672934143304131
"Pomeranz, Drew","Luzardo, Jesús",3,0.7774956189092382
"Pomeranz, Drew","Newcomb, Sean",4,0.8149092643851059
"Pomeranz, Drew","Rodón, Carlos",5,0.8175932897757918
"Pomeranz, Drew","Cabrera, Génesis",6,0.8567191498144751
"Pomeranz, Drew","Ray, Robbie",7,0.8883733735424383
"Pomeranz, Drew","Lucchesi, Joey",8,1.0308142919041465
"Pomeranz, Drew","Peralta, Wandy",9,1.039580138912967
"Pomeranz, Drew","Veneziano, Anthony",10,1.0476291460629479
"Poulin, PJ","Sale, Chris",1,1.0097300309589148
"Poulin, PJ","Heaney, Andrew",2,1.1168159669922972
"Poulin, PJ","Sears, JP",3,1.1558918562645046
"Poulin, PJ","Backhus, Kyle",4,1.4896873186495259
"Poulin, PJ","Milner, Hoby",5,1.6097848975951112
"Poulin, PJ","Harrison, Kyle",6,1.7005218346260458
"Poulin, PJ","Bummer, Aaron",7,1.7158051961275498
"Poulin, PJ","Manaea, Sean",8,1.73957808757937
"Poulin, PJ","Allen, Logan",9,1.7715957564747031
"Poulin, PJ","Gilbert, Tyler",10,1.8035043343313493
"Povich, Cade","Lauer, Eric",1,0.35577628137249345
"Povich, Cade","Long, Sam",2,0.3984656149205532
"Povich, Cade","Seymour, Ian",3,0.40242285465301686
"Povich, Cade","Waddell, Brandon",4,0.5206074115810617
"Povich, Cade","Abbott, Andrew",5,0.6241768665608469
"Povich, Cade","Herrin, Tim",6,0.6888428001171744
"Povich, Cade","Detmers, Reid",7,0.6979453362030117
"Povich, Cade","Rolison, Ryan",8,0.7049743556292536
"Povich, Cade","Springs, Jeffrey",9,0.7295481662184274
"Povich, Cade","Veneziano, Anthony",10,0.7629482778968344
"Pressly, Ryan","Moreta, Dauri",1,0.45731188278537677
"Pressly, Ryan","Phillips, Tyler",2,0.5255093402828296
"Pressly, Ryan","Littell, Zack",3,0.5920145180954013
"Pressly, Ryan","Vesia, Alex",4,0.6018688102125946
"Pressly, Ryan","Junk, Janson",5,0.608852252499903
"Pressly, Ryan","Englert, Mason",6,0.6227880490980366
"Pressly, Ryan","Vasil, Mike",7,0.6420626348224557
"Pressly, Ryan","Waldrep, Hurston",8,0.6423893278605721
"Pressly, Ryan","Ohl, Pierson",9,0.6521213005869578
"Pressly, Ryan","Trivino III, Lou",10,0.6727866136120878
"Priester, Quinn","Dobbins, Hunter",1,0.1506908254761305
"Priester, Quinn","Graceffo, Gordon",2,0.24111570103452104
"Priester, Quinn","Trivino III, Lou",3,0.2595266681883663
"Priester, Quinn","Fernandez, Ryan",4,0.27766599900425715
"Priester, Quinn","Burrows, Mike",5,0.3356406707014228
"Priester, Quinn","Woodruff, Brandon",6,0.3597380137044349
"Priester, Quinn","Bergert, Ryan",7,0.3706693583578028
"Priester, Quinn","Rutledge, Jackson",8,0.37567856135125893
"Priester, Quinn","Pallante, Andre",9,0.3756786390096421
"Priester, Quinn","Merryweather, Julian",10,0.3945121635298284
"Pérez, Cionel","Cleavinger, Garrett",1,0.6791570422410335
"Pérez, Cionel","Speier, Gabe",2,0.695020435829963
"Pérez, Cionel","Alexander, Scott",3,0.952427950486681
"Pérez, Cionel","King, John",4,1.06279348946837
"Pérez, Cionel","Scott, Tanner",5,1.079034674126408
"Pérez, Cionel","Cabrera, Génesis",6,1.1018271078853683
"Pérez, Cionel","Luzardo, Jesús",7,1.1079002051532407
"Pérez, Cionel","Banda, Anthony",8,1.1246316255541164
"Pérez, Cionel","Koenig, Jared",9,1.1568534063446783
"Pérez, Cionel","Weathers, Ryan",10,1.1669087137633527
"Pérez, Eury","Kittredge, Andrew",1,0.2794793402758591
"Pérez, Eury","Matthews, Zebby",2,0.28053931558006445
"Pérez, Eury","Assad, Javier",3,0.3011674080985749
"Pérez, Eury","Erceg, Lucas",4,0.35292519927568256
"Pérez, Eury","Sauer, Matt",5,0.3585221255562243
"Pérez, Eury","Baz, Shane",6,0.3720301037996637
"Pérez, Eury","Zeferjahn, Ryan",7,0.38337754963431114
"Pérez, Eury","Martin, Davis",8,0.3857372303391064
"Pérez, Eury","Cabrera, Edward",9,0.4010495284762053
"Pérez, Eury","Kochanowicz, Jack",10,0.40391755254590583
"Pérez, Martín","Long, Sam",1,0.649398361028638
"Pérez, Martín","Alexander, Tyler",2,0.7883441446304886
"Pérez, Martín","Murphy, Chris",3,0.8026387473449362
"Pérez, Martín","Povich, Cade",4,0.8037915902980083
"Pérez, Martín","Seymour, Ian",5,0.8613182404168969
"Pérez, Martín","Suarez, Ranger",6,0.8838853737982582
"Pérez, Martín","Gibson, Cade",7,0.895519496609656
"Pérez, Martín","Allard, Kolby",8,0.8997085134172257
"Pérez, Martín","Rogers, Taylor",9,0.9008254463404197
"Pérez, Martín","Lauer, Eric",10,0.9090572706515333
"Quantrill, Cal","Adam, Jason",1,0.31042008516851805
"Quantrill, Cal","Waldrep, Hurston",2,0.3906481054925131
"Quantrill, Cal","Burrows, Mike",3,0.5403028145140422
"Quantrill, Cal","Blalock, Bradley",4,0.6202638372866764
"Quantrill, Cal","Merryweather, Julian",5,0.6253199022139527
"Quantrill, Cal","Trivino III, Lou",6,0.6471874298515288
"Quantrill, Cal","Elder, Bryce",7,0.6486327490904409
"Quantrill, Cal","Nance, Tommy",8,0.7028468016516702
"Quantrill, Cal","Littell, Zack",9,0.7148898754240377
"Quantrill, Cal","Giolito, Lucas",10,0.7209820887925481
"Quintana, Jose","Freeland, Kyle",1,0.2665170545160201
"Quintana, Jose","Rolison, Ryan",2,0.452677409369101
"Quintana, Jose","Holton, Tyler",3,0.515669744920734
"Quintana, Jose","Walter, Brandon",4,0.5260296883117499
"Quintana, Jose","Borucki, Ryan",5,0.5312082295175685
"Quintana, Jose","Herrin, Tim",6,0.5591291355517433
"Quintana, Jose","Hart, Kyle",7,0.6147890394274083
"Quintana, Jose","Harris, Hogan",8,0.6935368063842563
"Quintana, Jose","Bubic, Kris",9,0.7062462095006924
"Quintana, Jose","King, Bryan",10,0.7070853584753225
"Ragans, Cole","Detmers, Reid",1,0.4131174300000442
"Ragans, Cole","Enns, Dietrich",2,0.4733916097453829
"Ragans, Cole","Cox, Austin",3,0.5494662303289025
"Ragans, Cole","Vesia, Alex",4,0.6750262566981021
"Ragans, Cole","Rodriguez, Eduardo",5,0.6897470356452023
"Ragans, Cole","Rodón, Carlos",6,0.7009164198882673
"Ragans, Cole","Veneziano, Anthony",7,0.7156368095920806
"Ragans, Cole","Cabrera, Génesis",8,0.7240757582346592
"Ragans, Cole","Ray, Robbie",9,0.749645243861021
"Ragans, Cole","Lucchesi, Joey",10,0.7744225006676826
"Ramírez, Yohan","López, Pablo",1,0.5509985965260054
"Ramírez, Yohan","Wheeler, Zack",2,0.5897757627090673
"Ramírez, Yohan","Schwellenbach, Spencer",3,0.6026220787810329
"Ramírez, Yohan","Williams, Devin",4,0.7195666056914954
"Ramírez, Yohan","Lively, Ben",5,0.7448481763604563
"Ramírez, Yohan","Kelly, Zack",6,0.7907838998807201
"Ramírez, Yohan","Oviedo, Johan",7,0.7965934651738924
"Ramírez, Yohan","Hodge, Porter",8,0.8055003025458973
"Ramírez, Yohan","Gómez, Yoendrys",9,0.8148288021517582
"Ramírez, Yohan","Brasier, Ryan",10,0.9154705949155048
"Rasmussen, Drew","Seymour, Carson",1,0.2564293576955617
"Rasmussen, Drew","De los Santos, Yerry",2,0.325727760083004
"Rasmussen, Drew","Erceg, Lucas",3,0.3553551097609279
"Rasmussen, Drew","Fitts, Richard",4,0.36247008725898705
"Rasmussen, Drew","Soriano, José",5,0.37609259610770795
"Rasmussen, Drew","Kranick, Max",6,0.44916317809659595
"Rasmussen, Drew","Kochanowicz, Jack",7,0.467244881083748
"Rasmussen, Drew","Ross, Joe",8,0.48217968729031
"Rasmussen, Drew","Svanson, Matt",9,0.4857871409167689
"Rasmussen, Drew","Matthews, Zebby",10,0.4944236521968533
"Ray, Robbie","Rodón, Carlos",1,0.39515475902164215
"Ray, Robbie","Lucchesi, Joey",2,0.45414631295665414
"Ray, Robbie","Veneziano, Anthony",3,0.6304719767804734
"Ray, Robbie","Enns, Dietrich",4,0.6481688149562104
"Ray, Robbie","Castillo, José",5,0.7371701351566682
"Ray, Robbie","Ragans, Cole",6,0.749645243861021
"Ray, Robbie","Abbott, Andrew",7,0.835059262295039
"Ray, Robbie","Ferguson, Caleb",8,0.8432942146380819
"Ray, Robbie","Detmers, Reid",9,0.8471294989213605
"Ray, Robbie","Pomeranz, Drew",10,0.8883733735424383
"Rea, Colin","Pfaadt, Brandon",1,0.3112026706854501
"Rea, Colin","Buehler, Walker",2,0.3484622108740688
"Rea, Colin","Bieber, Shane",3,0.4799489335639587
"Rea, Colin","Yamamoto, Yoshinobu",4,0.4830227318044633
"Rea, Colin","Warren, Will",5,0.49148386531963545
"Rea, Colin","Sulser, Cole",6,0.5113823152080971
"Rea, Colin","Mahle, Tyler",7,0.5169396389380849
"Rea, Colin","DeSclafani, Anthony",8,0.516999155548025
"Rea, Colin","Brebbia, John",9,0.5196374968468377
"Rea, Colin","Keller, Mitch",10,0.5331924846779877
"Reynolds, Sean","Brown, Ben",1,0.26354102241947647
"Reynolds, Sean","Mears, Nick",2,0.7733151903773471
"Reynolds, Sean","Petersen, Michael",3,0.774045143550326
"Reynolds, Sean","Baker, Bryan",4,0.8041290344152043
"Reynolds, Sean","Bradish, Kyle",5,0.8223584901257531
"Reynolds, Sean","Birdsong, Hayden",6,0.8307547707816789
"Reynolds, Sean","Jansen, Kenley",7,0.8409867411587434
"Reynolds, Sean","Nelson, Ryne",8,0.8539571437507597
"Reynolds, Sean","Brown, Hunter",9,0.8789513194251259
"Reynolds, Sean","Ginkel, Kevin",10,0.9078979025189658
"Ribalta, Orlando","Birdsong, Hayden",1,0.2783966336221432
"Ribalta, Orlando","Merryweather, Julian",2,0.4068084094060716
"Ribalta, Orlando","Enright, Nic",3,0.407144005874986
"Ribalta, Orlando","Bradish, Kyle",4,0.4720125842209677
"Ribalta, Orlando","Bivens, Spencer",5,0.47629327416429607
"Ribalta, Orlando","Bradley, Taj",6,0.5266761668104077
"Ribalta, Orlando","Blalock, Bradley",7,0.5365946063444438
"Ribalta, Orlando","García, Luis",8,0.5433634054291774
"Ribalta, Orlando","Green, Chad",9,0.5714493664140206
"Ribalta, Orlando","Dobbins, Hunter",10,0.5814883650061986
"Richardson, Lyon","Lord, Brad",1,0.7227335482008649
"Richardson, Lyon","Faucher, Calvin",2,0.7232890192699878
"Richardson, Lyon","Canning, Griffin",3,0.737968071357408
"Richardson, Lyon","Morales, Luis",4,0.7823557287392513
"Richardson, Lyon","Sims, Lucas",5,0.785607740901507
"Richardson, Lyon","Santillan, Tony",6,0.7961860901103724
"Richardson, Lyon","Cano, Yennier",7,0.8074582594993304
"Richardson, Lyon","Phillips, Connor",8,0.8220431578783061
"Richardson, Lyon","Boushley, Caleb",9,0.8559337424408135
"Richardson, Lyon","Jobe, Jackson",10,0.8876922759157387
"Robertson, David","Gallen, Zac",1,0.10365920108998473
"Robertson, David","Wilson, Bryse",2,0.3692885408260988
"Robertson, David","Gusto, Ryan",3,0.5132074599977092
"Robertson, David","Curvelo, Luis",4,0.527684191843668
"Robertson, David","Keller, Mitch",5,0.5392871448184902
"Robertson, David","Bednar, David",6,0.5616002331161771
"Robertson, David","Cecconi, Slade",7,0.5945654830062035
"Robertson, David","McGreevy, Michael",8,0.5970346164417153
"Robertson, David","Brebbia, John",9,0.6007023680358688
"Robertson, David","Montero, Keider",10,0.6159209215234319
"Rocker, Kumar","Smith, Shane",1,0.3021271980103553
"Rocker, Kumar","Abel, Mick",2,0.3201950853711303
"Rocker, Kumar","Leiter, Jack",3,0.3267228787362852
"Rocker, Kumar","Pagán, Emilio",4,0.35787097714485805
"Rocker, Kumar","Tong, Jonah",5,0.40470437328463116
"Rocker, Kumar","Ross, Joe",6,0.4373173576260435
"Rocker, Kumar","Gil, Luis",7,0.4431316407483251
"Rocker, Kumar","Salazar, Eduardo",8,0.4578054887590379
"Rocker, Kumar","Finnegan, Kyle",9,0.5185205686104745
"Rocker, Kumar","Mize, Casey",10,0.5194293436253058
"Rodriguez, Eduardo","Dreyer, Jack",1,0.4873187997650142
"Rodriguez, Eduardo","Detmers, Reid",2,0.5397799976274884
"Rodriguez, Eduardo","Ferguson, Caleb",3,0.5760295243793397
"Rodriguez, Eduardo","Fried, Max",4,0.582746114599642
"Rodriguez, Eduardo","Vesia, Alex",5,0.5836157868465481
"Rodriguez, Eduardo","Messick, Parker",6,0.6079035181773197
"Rodriguez, Eduardo","Dodd, Dylan",7,0.6649403494315049
"Rodriguez, Eduardo","Ragans, Cole",8,0.6897470356452023
"Rodriguez, Eduardo","Lynch IV, Daniel",9,0.6907915324987042
"Rodriguez, Eduardo","Matz, Steven",10,0.7072263102217372
"Rodríguez, Manuel","Sheehan, Emmet",1,0.46954327265911916
"Rodríguez, Manuel","deGrom, Jacob",2,0.49893474269082244
"Rodríguez, Manuel","Svanson, Matt",3,0.5430208517769273
"Rodríguez, Manuel","Jax, Griffin",4,0.6026301287568384
"Rodríguez, Manuel","Kirby, George",5,0.6173203016231763
"Rodríguez, Manuel","Salazar, Eduardo",6,0.636256917067465
"Rodríguez, Manuel","Hicks, Jordan",7,0.6733419019221983
"Rodríguez, Manuel","Ginn, J.T.",8,0.6890764748329807
"Rodríguez, Manuel","Pearson, Nate",9,0.6973039632414499
"Rodríguez, Manuel","Soriano, José",10,0.721524062599608
"Rodríguez, Randy","Skenes, Paul",1,0.2931826254313212
"Rodríguez, Randy","Abreu, Bryan",2,0.29336557357473697
"Rodríguez, Randy","Finnegan, Kyle",3,0.4549038523607191
"Rodríguez, Randy","Hoffman, Jeff",4,0.48903415554165
"Rodríguez, Randy","Salazar, Eduardo",5,0.4985477843885847
"Rodríguez, Randy","Muñoz, Andrés",6,0.5090099449350006
"Rodríguez, Randy","Kirby, George",7,0.5335946316669538
"Rodríguez, Randy","Domínguez, Seranthony",8,0.6175764204297357
"Rodríguez, Randy","De Los Santos, Enyel",9,0.6675128733361361
"Rodríguez, Randy","Gil, Luis",10,0.6705889060590136
"Rodríguez, Yariel","Meyer, Max",1,0.3606301259873297
"Rodríguez, Yariel","Hatch, Thomas",2,0.40505383339327977
"Rodríguez, Yariel","Fernandez, Ryan",3,0.4124442618564834
"Rodríguez, Yariel","Miller, Bryce",4,0.4406355863617078
"Rodríguez, Yariel","Zeferjahn, Ryan",5,0.44195223581882664
"Rodríguez, Yariel","Englert, Mason",6,0.44567222528697
"Rodríguez, Yariel","Gusto, Ryan",7,0.4461433336862322
"Rodríguez, Yariel","Adams, Travis",8,0.4504955856429598
"Rodríguez, Yariel","Baz, Shane",9,0.46609176877787883
"Rodríguez, Yariel","Holderman, Colin",10,0.4708655762733834
"Rodón, Carlos","Ray, Robbie",1,0.39515475902164215
"Rodón, Carlos","Enns, Dietrich",2,0.5996756156545286
"Rodón, Carlos","Veneziano, Anthony",3,0.6075719401166414
"Rodón, Carlos","Lucchesi, Joey",4,0.661685854038273
"Rodón, Carlos","Ragans, Cole",5,0.7009164198882673
"Rodón, Carlos","Lee, Dylan",6,0.7152044633291765
"Rodón, Carlos","Pomeranz, Drew",7,0.8175932897757918
"Rodón, Carlos","Gage, Matt",8,0.8273697017176177
"Rodón, Carlos","Cox, Austin",9,0.8406542787142526
"Rodón, Carlos","Detmers, Reid",10,0.9166066163609684
"Rogers, Taylor","Gibson, Cade",1,0.8655165453305265
"Rogers, Taylor","Pérez, Martín",2,0.9008254463404197
"Rogers, Taylor","McFarland, T.J.",3,0.9070032141221355
"Rogers, Taylor","Long, Sam",4,1.0406108780920056
"Rogers, Taylor","Matsui, Yuki",5,1.1103812329286893
"Rogers, Taylor","Simpson, Josh",6,1.1548991813069973
"Rogers, Taylor","Allard, Kolby",7,1.158990064306293
"Rogers, Taylor","Suarez, Ranger",8,1.2627581872936757
"Rogers, Taylor","Lauer, Eric",9,1.2674332232982042
"Rogers, Taylor","Cortes, Nestor",10,1.269531884871717
"Rogers, Trevor","Zastryzny, Rob",1,0.3798178914108649
"Rogers, Trevor","Latz, Jacob",2,0.39641302150582713
"Rogers, Trevor","Matz, Steven",3,0.4211524908256868
"Rogers, Trevor","Bubic, Kris",4,0.46626714688752974
"Rogers, Trevor","Lynch IV, Daniel",5,0.49638332368817767
"Rogers, Trevor","Borucki, Ryan",6,0.5644825489292585
"Rogers, Trevor","Gore, MacKenzie",7,0.5889628474662476
"Rogers, Trevor","Dreyer, Jack",8,0.6347917752271347
"Rogers, Trevor","Freeland, Kyle",9,0.6805639140513955
"Rogers, Trevor","Holton, Tyler",10,0.6889859736514791
"Rogers, Tyler","Thompson, Ryan",1,4.886847230910105
"Rogers, Tyler","Lee, Chase",2,4.97847604631596
"Rogers, Tyler","Jacob, Alek",3,5.837281835678943
"Rogers, Tyler","Hill, Tim",4,5.973124557390458
"Rogers, Tyler","Kelly, Kevin",5,5.990589189169212
"Rogers, Tyler","Anderson, Grant",6,6.40577349644139
"Rogers, Tyler","Lawrence, Justin",7,6.416096311569593
"Rogers, Tyler","Sewald, Paul",8,6.4186375349224605
"Rogers, Tyler","Schreiber, John",9,6.938638998272053
"Rogers, Tyler","Poulin, PJ",10,7.097923934597943
"Rolison, Ryan","Harris, Hogan",1,0.37622536316657834
"Rolison, Ryan","Holton, Tyler",2,0.41627798687694995
"Rolison, Ryan","Quintana, Jose",3,0.452677409369101
"Rolison, Ryan","Herrin, Tim",4,0.49347988987574704
"Rolison, Ryan","Freeland, Kyle",5,0.5578477813098777
"Rolison, Ryan","Fried, Max",6,0.5677187453501353
"Rolison, Ryan","Abbott, Andrew",7,0.5946410326787861
"Rolison, Ryan","Farris, Mitch",8,0.6906078794255589
"Rolison, Ryan","Povich, Cade",9,0.7049743556292536
"Rolison, Ryan","Seymour, Ian",10,0.7259686751618069
"Romano, Jordan","Whitlock, Garrett",1,0.8185672102249197
"Romano, Jordan","Glasnow, Tyler",2,0.8329498440583443
"Romano, Jordan","Holman, Grant",3,0.8678658636144391
"Romano, Jordan","Burke, Sean",4,0.914330741255404
"Romano, Jordan","Blewett, Scott",5,0.9618798719415927
"Romano, Jordan","Gilbert, Logan",6,0.9922310579277338
"Romano, Jordan","Sasaki, Roki",7,1.0674763368235158
"Romano, Jordan","Paddack, Chris",8,1.0810747352392758
"Romano, Jordan","Leahy, Kyle",9,1.0896956988574555
"Romano, Jordan","Hodge, Porter",10,1.1177964838298473
"Romero, JoJo","Bernardino, Brennan",1,1.3018250136680585
"Romero, JoJo","Rogers, Taylor",2,1.3229410510270467
"Romero, JoJo","McFarland, T.J.",3,1.424571210112715
"Romero, JoJo","Newcomb, Sean",4,1.4302161052245541
"Romero, JoJo","Akin, Keegan",5,1.489108377115573
"Romero, JoJo","Cortes, Nestor",6,1.5761502916157735
"Romero, JoJo","King, John",7,1.7282137286150834
"Romero, JoJo","Matsui, Yuki",8,1.7358934055307929
"Romero, JoJo","Simpson, Josh",9,1.7506419924029697
"Romero, JoJo","Luzardo, Jesús",10,1.7536391200134136
"Ross, Joe","Kranick, Max",1,0.15111095411884545
"Ross, Joe","Smith, Shane",2,0.20132478737205983
"Ross, Joe","Tong, Jonah",3,0.2885137066441448
"Ross, Joe","Finnegan, Kyle",4,0.37629227695538897
"Ross, Joe","Rocker, Kumar",5,0.4373173576260435
"Ross, Joe","Fitts, Richard",6,0.44268529209728286
"Ross, Joe","Rasmussen, Drew",7,0.48217968729031
"Ross, Joe","Hoffman, Jeff",8,0.4895294519522193
"Ross, Joe","Abel, Mick",9,0.5054493222342368
"Ross, Joe","Svanson, Matt",10,0.5126361179641792
"Roupp, Landen","Bassitt, Chris",1,0.2740214033169369
"Roupp, Landen","Eflin, Zach",2,0.6320732976536426
"Roupp, Landen","Teng, Kai-Wei",3,0.7256604084866687
"Roupp, Landen","Flaherty, Jack",4,0.7369992560227
"Roupp, Landen","Alexander, Jason",5,0.7415501613963208
"Roupp, Landen","Thornton, Trent",6,0.7996665691427679
"Roupp, Landen","Junis, Jakob",7,0.8019281403870225
"Roupp, Landen","Snider, Collin",8,0.8108647641174227
"Roupp, Landen","Morton, Charlie",9,0.8526857566684113
"Roupp, Landen","Webb, Jacob",10,0.9010907137886592
"Roycroft, Chris","González, Wikelman",1,0.5255726408191925
"Roycroft, Chris","Murdock, Noah",2,0.807822672027981
"Roycroft, Chris","Díaz, Edwin",3,0.8710111184498323
"Roycroft, Chris","Vodnik, Victor",4,0.9402627106981212
"Roycroft, Chris","Melton, Troy",5,1.219722774867338
"Roycroft, Chris","Woo, Bryan",6,1.2738128431613471
"Roycroft, Chris","Stewart, Brock",7,1.350885145231013
"Roycroft, Chris","Ortiz, Luis",8,1.3550399934409094
"Roycroft, Chris","Varland, Louis",9,1.394589232560585
"Roycroft, Chris","Miller, Shelby",10,1.3962379544747001
"Rutledge, Jackson","Bido, Osvaldo",1,0.32517589909762
"Rutledge, Jackson","Martin, Davis",2,0.3599139873082753
"Rutledge, Jackson","Fernandez, Ryan",3,0.3646225328961247
"Rutledge, Jackson","Priester, Quinn",4,0.37567856135125893
"Rutledge, Jackson","Green, Chad",5,0.37732932230516747
"Rutledge, Jackson","Bivens, Spencer",6,0.3830600433283499
"Rutledge, Jackson","Dobbins, Hunter",7,0.3917356609789373
"Rutledge, Jackson","Severino, Luis",8,0.3955705234960015
"Rutledge, Jackson","Graceffo, Gordon",9,0.4091921000699906
"Rutledge, Jackson","Horton, Cade",10,0.4378576142177253
"Ryan, Joe","Legumina, Casey",1,0.6031777281518549
"Ryan, Joe","May, Dustin",2,0.6047825601194005
"Ryan, Joe","Webb, Logan",3,0.649154784396877
"Ryan, Joe","Schreiber, John",4,0.7724186930235287
"Ryan, Joe","Woodford, Jake",5,0.8234530899610044
"Ryan, Joe","Ortiz, Luis",6,0.8279112846877641
"Ryan, Joe","Lively, Ben",7,0.9996565596055318
"Ryan, Joe","Henriquez, Ronny",8,1.011071500310761
"Ryan, Joe","Walker, Ryan",9,1.0846436423537187
"Ryan, Joe","Henry, Cole",10,1.1076669723316488
"Saalfrank, Andrew","Anderson, Tyler",1,0.37251646662815663
"Saalfrank, Andrew","Cameron, Noah",2,0.7118681929664831
"Saalfrank, Andrew","Thielbar, Caleb",3,0.7229033003368162
"Saalfrank, Andrew","Alvarez, Andrew",4,0.9400910223805977
"Saalfrank, Andrew","Lauer, Eric",5,0.9984760765032248
"Saalfrank, Andrew","Gibson, Cade",6,1.0044823943494783
"Saalfrank, Andrew","Springs, Jeffrey",7,1.0143148098251549
"Saalfrank, Andrew","Long, Sam",8,1.0975020283733437
"Saalfrank, Andrew","Povich, Cade",9,1.099288282850289
"Saalfrank, Andrew","Farris, Mitch",10,1.1473683798091567
"Sabrowski, Erik","Mayza, Tim",1,0.6006151524564138
"Sabrowski, Erik","Montgomery, Mason",2,0.6885987570824751
"Sabrowski, Erik","Skubal, Tarik",3,0.790759035994804
"Sabrowski, Erik","Beeks, Jalen",4,0.8713268056597361
"Sabrowski, Erik","Crochet, Garrett",5,0.884097968735582
"Sabrowski, Erik","Soto, Gregory",6,0.934949381722725
"Sabrowski, Erik","Helsley, Ryan",7,0.9588113490402295
"Sabrowski, Erik","Burke, Brock",8,0.9850024345650868
"Sabrowski, Erik","Bigge, Hunter",9,0.9883530922839543
"Sabrowski, Erik","Headrick, Brent",10,0.9953904086355667
"Salazar, Eduardo","Finnegan, Kyle",1,0.3230382939890252
"Salazar, Eduardo","Leiter, Jack",2,0.33152740246030354
"Salazar, Eduardo","Abel, Mick",3,0.34068895409213196
"Salazar, Eduardo","Skenes, Paul",4,0.3791575539162405
"Salazar, Eduardo","deGrom, Jacob",5,0.3847897819404473
"Salazar, Eduardo","Winn, Cole",6,0.39604206873340125
"Salazar, Eduardo","Svanson, Matt",7,0.4517295964631135
"Salazar, Eduardo","Rocker, Kumar",8,0.4578054887590379
"Salazar, Eduardo","Kirby, George",9,0.46908433295567586
"Salazar, Eduardo","Pagán, Emilio",10,0.4743272136603157
"Sale, Chris","Heaney, Andrew",1,0.7197669408003838
"Sale, Chris","Manaea, Sean",2,0.9307665515816234
"Sale, Chris","Bummer, Aaron",3,0.9458698921976423
"Sale, Chris","Poulin, PJ",4,1.0097300309589148
"Sale, Chris","Allen, Logan",5,1.0245685943461285
"Sale, Chris","Sears, JP",6,1.0557943271846988
"Sale, Chris","Walter, Brandon",7,1.3069590795946295
"Sale, Chris","King, Bryan",8,1.3400772601691702
"Sale, Chris","Imanaga, Shota",9,1.3495419619040054
"Sale, Chris","Kikuchi, Yusei",10,1.3611702651832593
"Sands, Cole","Bazardo, Eduard",1,0.5379842912401122
"Sands, Cole","Bender, Anthony",2,0.6082325036144651
"Sands, Cole","King, Michael",3,0.685814183241206
"Sands, Cole","Houck, Tanner",4,0.6863279300894354
"Sands, Cole","Lorenzen, Michael",5,0.7105745052491387
"Sands, Cole","Holmes, Grant",6,0.722723760069925
"Sands, Cole","Kelly, Merrill",7,0.735643606142067
"Sands, Cole","Olson, Reese",8,0.770598669881586
"Sands, Cole","Sims, Lucas",9,0.771189379264422
"Sands, Cole","Strickland, Hunter",10,0.8082307086781143
"Santana, Dennis","Adams, Travis",1,0.313362411135582
"Santana, Dennis","Bachar, Lake",2,0.37150106493136015
"Santana, Dennis","Blackburn, Paul",3,0.40828303066162563
"Santana, Dennis","Cannon, Jonathan",4,0.4449322040307844
"Santana, Dennis","Vasil, Mike",5,0.49792434738870917
"Santana, Dennis","Holmes, Grant",6,0.5152927128677222
"Santana, Dennis","Vásquez, Randy",7,0.5229319184681521
"Santana, Dennis","Horton, Cade",8,0.5657473984322483
"Santana, Dennis","Garcia, Rico",9,0.5798338422527143
"Santana, Dennis","Bido, Osvaldo",10,0.5857971948341877
"Santillan, Tony","Cano, Yennier",1,0.2821567948033303
"Santillan, Tony","Morgan, David",2,0.38551202852986644
"Santillan, Tony","Altavilla, Dan",3,0.5688158724371296
"Santillan, Tony","Hancock, Emerson",4,0.64504793371004
"Santillan, Tony","Dollander, Chase",5,0.7002257775066101
"Santillan, Tony","Morales, Luis",6,0.7345781529636478
"Santillan, Tony","Lord, Brad",7,0.7564347355363898
"Santillan, Tony","Hanifee, Brenan",8,0.7602285616142269
"Santillan, Tony","Weaver, Luke",9,0.7612988337530727
"Santillan, Tony","Iglesias, Raisel",10,0.7748576513008848
"Sasaki, Roki","Holman, Grant",1,0.35449954637953096
"Sasaki, Roki","Megill, Tylor",2,0.5432348545371856
"Sasaki, Roki","Festa, David",3,0.6334391252153244
"Sasaki, Roki","Nicolas, Kyle",4,0.6926170100768201
"Sasaki, Roki","Jansen, Kenley",5,0.729406669727503
"Sasaki, Roki","Hoglund, Gunnar",6,0.775723183097407
"Sasaki, Roki","Leahy, Kyle",7,0.7938608694740708
"Sasaki, Roki","Williams, Gavin",8,0.8008673508533114
"Sasaki, Roki","Hernández, Carlos",9,0.804458753334414
"Sasaki, Roki","Nelson, Ryne",10,0.8472882602978481
"Sauer, Matt","Matthews, Zebby",1,0.330347383808365
"Sauer, Matt","Pérez, Eury",2,0.3585221255562243
"Sauer, Matt","Martin, Davis",3,0.38177634432011
"Sauer, Matt","Erceg, Lucas",4,0.445488489989491
"Sauer, Matt","Hoffman, Jeff",5,0.44565189791973114
"Sauer, Matt","Blubaugh, AJ",6,0.45375424029870787
"Sauer, Matt","Zeferjahn, Ryan",7,0.4602993433076143
"Sauer, Matt","Kittredge, Andrew",8,0.4685382733964734
"Sauer, Matt","Assad, Javier",9,0.47093886849427335
"Sauer, Matt","Fitts, Richard",10,0.48622488526264873
"Scherzer, Max","Webb, Jacob",1,0.36448630007336724
"Scherzer, Max","Payamps, Joel",2,0.4637044352486119
"Scherzer, Max","Montero, Keider",3,0.4781307829403518
"Scherzer, Max","Soroka, Michael",4,0.49948496181537017
"Scherzer, Max","Berríos, José",5,0.6015813362632954
"Scherzer, Max","Cannon, Jonathan",6,0.6127715822840167
"Scherzer, Max","Teng, Kai-Wei",7,0.6225550771425654
"Scherzer, Max","Blackburn, Paul",8,0.6634855428556591
"Scherzer, Max","Sterner, Justin",9,0.6644228791390109
"Scherzer, Max","Wilson, Bryse",10,0.6669684153635621
"Schlittler, Cam","Burns, Chase",1,0.44604802008716155
"Schlittler, Cam","Petersen, Michael",2,0.5193439815186871
"Schlittler, Cam","Curtiss, John",3,0.6940650670985901
"Schlittler, Cam","Molina, Anthony",4,0.7664938791325066
"Schlittler, Cam","Fermin, José",5,0.771057577983828
"Schlittler, Cam","Barnett, Mason",6,0.8422160182146881
"Schlittler, Cam","Ashcraft, Braxton",7,0.8996662752952893
"Schlittler, Cam","Miller, Mason",8,1.0301863316532103
"Schlittler, Cam","Cavalli, Cade",9,1.0408647091522647
"Schlittler, Cam","Bradish, Kyle",10,1.0438302128816725
"Schmidt, Clarke","Kelly, Merrill",1,0.40483399735825026
"Schmidt, Clarke","Bachar, Lake",2,0.45888344287844
"Schmidt, Clarke","Payamps, Joel",3,0.5017650339069554
"Schmidt, Clarke","Shugart, Chase",4,0.5315880350220158
"Schmidt, Clarke","Houck, Tanner",5,0.6073680194033014
"Schmidt, Clarke","Thornton, Trent",6,0.6092614609411786
"Schmidt, Clarke","Javier, Cristian",7,0.6114978970484255
"Schmidt, Clarke","Lorenzen, Michael",8,0.6542589721285962
"Schmidt, Clarke","Santana, Dennis",9,0.6585221613602871
"Schmidt, Clarke","Sims, Lucas",10,0.679329405475176
"Schreiber, John","Anderson, Grant",1,0.6234308368810989
"Schreiber, John","Lawrence, Justin",2,0.6485985163012472
"Schreiber, John","Ryan, Joe",3,0.7724186930235287
"Schreiber, John","Legumina, Casey",4,0.9683539696879997
"Schreiber, John","Uceta, Edwin",5,1.0185423359535024
"Schreiber, John","May, Dustin",6,1.0463284280585603
"Schreiber, John","Sewald, Paul",7,1.0551898105409465
"Schreiber, John","Woodford, Jake",8,1.0626223819546625
"Schreiber, John","Webb, Logan",9,1.2094187108737178
"Schreiber, John","Walker, Ryan",10,1.2229836518377628
"Schultz, Paxton","Jobe, Jackson",1,0.3133800846193974
"Schultz, Paxton","Morales, Luis",2,0.37081503727788584
"Schultz, Paxton","Boushley, Caleb",3,0.3745938783221138
"Schultz, Paxton","Agnos, Zach",4,0.4285074970170315
"Schultz, Paxton","Garrett, Reed",5,0.4351673476529798
"Schultz, Paxton","Alcantara, Sandy",6,0.509163782296517
"Schultz, Paxton","Ort, Kaleb",7,0.5141861339258382
"Schultz, Paxton","Ureña, José",8,0.5163691280604674
"Schultz, Paxton","Phillips, Connor",9,0.5706288776305124
"Schultz, Paxton","Horton, Cade",10,0.5893263992292139
"Schwellenbach, Spencer","O'Brien, Riley",1,0.5216321635162895
"Schwellenbach, Spencer","Pagán, Emilio",2,0.571188362168936
"Schwellenbach, Spencer","Ramírez, Yohan",3,0.6026220787810329
"Schwellenbach, Spencer","Winn, Cole",4,0.6355781526775548
"Schwellenbach, Spencer","Rocker, Kumar",5,0.6633631048465889
"Schwellenbach, Spencer","López, Pablo",6,0.6749030225903525
"Schwellenbach, Spencer","Miller, Shelby",7,0.6939676825295061
"Schwellenbach, Spencer","Kelly, Zack",8,0.6984227162698718
"Schwellenbach, Spencer","Leiter, Jack",9,0.7001329480417898
"Schwellenbach, Spencer","Wheeler, Zack",10,0.7074463891249647
"Scott, Tanner","Peralta, Luis",1,0.7993971863799048
"Scott, Tanner","Speier, Gabe",2,0.8053896061931347
"Scott, Tanner","Cleavinger, Garrett",3,0.9057920697772652
"Scott, Tanner","Banda, Anthony",4,0.9461197405720367
"Scott, Tanner","Alexander, Scott",5,1.0568649389931768
"Scott, Tanner","Pérez, Cionel",6,1.079034674126408
"Scott, Tanner","Pilkington, Konnor",7,1.2274055660861938
"Scott, Tanner","Soto, Gregory",8,1.256926850402693
"Scott, Tanner","King, John",9,1.3108964177287608
"Scott, Tanner","Weathers, Ryan",10,1.3195037343837988
"Scott, Tayler","Topa, Justin",1,0.800460567037117
"Scott, Tayler","Bird, Jake",2,1.2715168371835268
"Scott, Tayler","Tonkin, Michael",3,1.3071602979796253
"Scott, Tayler","Weissert, Greg",4,1.3389127795813764
"Scott, Tayler","Yates, Kirby",5,1.34027666136602
"Scott, Tayler","Snider, Collin",6,1.448150114619467
"Scott, Tayler","Castillo, Luis",7,1.6384685208576724
"Scott, Tayler","King, Michael",8,1.6516357496930925
"Scott, Tayler","Morton, Charlie",9,1.6787285942460997
"Scott, Tayler","Lord, Brad",10,1.6843813037201476
"Sears, JP","Bummer, Aaron",1,0.9404780344750122
"Sears, JP","Heaney, Andrew",2,0.9885512908803479
"Sears, JP","Allen, Logan",3,1.0102896139431194
"Sears, JP","Sale, Chris",4,1.0557943271846988
"Sears, JP","Poulin, PJ",5,1.1558918562645046
"Sears, JP","Simpson, Josh",6,1.206678016785241
"Sears, JP","Alexander, Tyler",7,1.2366898573229335
"Sears, JP","Murphy, Chris",8,1.3189534404115149
"Sears, JP","Imanaga, Shota",9,1.3673618158323457
"Sears, JP","Boyd, Matthew",10,1.368516813926613
"Senga, Kodai","Montero, Keider",1,0.369162327107381
"Senga, Kodai","Sugano, Tomoyuki",2,0.3899557869740869
"Senga, Kodai","Cannon, Jonathan",3,0.42525558226750987
"Senga, Kodai","Blackburn, Paul",4,0.4598587356408077
"Senga, Kodai","Bergert, Ryan",5,0.46246085646312934
"Senga, Kodai","Spence, Mitch",6,0.4659797857825757
"Senga, Kodai","Wilson, Bryse",7,0.5026107407734172
"Senga, Kodai","Cecconi, Slade",8,0.502787334559212
"Senga, Kodai","Vásquez, Randy",9,0.5365318017314881
"Senga, Kodai","Bednar, David",10,0.5604944368264624
"Senzatela, Antonio","Mazur, Adam",1,0.21838294812548725
"Senzatela, Antonio","Horton, Cade",2,0.4257568479667521
"Senzatela, Antonio","Garcia, Rico",3,0.517832650231204
"Senzatela, Antonio","Olson, Reese",4,0.5800776243204383
"Senzatela, Antonio","Boushley, Caleb",5,0.6246125294593182
"Senzatela, Antonio","Schultz, Paxton",6,0.6662379928045666
"Senzatela, Antonio","Strickland, Hunter",7,0.6738517036093746
"Senzatela, Antonio","Alcantara, Sandy",8,0.6744961633227678
"Senzatela, Antonio","Jobe, Jackson",9,0.6843269894728466
"Senzatela, Antonio","Adams, Travis",10,0.7059397968324539
"Severino, Luis","Estévez, Carlos",1,0.14150463827878604
"Severino, Luis","Bido, Osvaldo",2,0.33376674152042085
"Severino, Luis","Rutledge, Jackson",3,0.3955705234960015
"Severino, Luis","Ort, Kaleb",4,0.4185972687886413
"Severino, Luis","Baz, Shane",5,0.4269279533197202
"Severino, Luis","Pérez, Eury",6,0.42825000168184146
"Severino, Luis","Green, Chad",7,0.435443662999948
"Severino, Luis","Kochanowicz, Jack",8,0.4542441368277771
"Severino, Luis","Fernandez, Ryan",9,0.45602230634395274
"Severino, Luis","Matthews, Zebby",10,0.4693946413725876
"Sewald, Paul","Anderson, Grant",1,0.7687050130146535
"Sewald, Paul","Lawrence, Justin",2,0.8019848326294872
"Sewald, Paul","Schreiber, John",3,1.0551898105409465
"Sewald, Paul","McLean, Nolan",4,1.3758449522413254
"Sewald, Paul","Ryan, Joe",5,1.5283469873103908
"Sewald, Paul","Woodford, Jake",6,1.5569276163143706
"Sewald, Paul","Festa, Matt",7,1.638851017493696
"Sewald, Paul","Snider, Collin",8,1.7035820144343596
"Sewald, Paul","Webb, Logan",9,1.7105034948929028
"Sewald, Paul","Barlow, Scott",10,1.7579191279710296
"Seymour, Carson","Rasmussen, Drew",1,0.2564293576955617
"Seymour, Carson","Greene, Hunter",2,0.3026907803159525
"Seymour, Carson","Mattson, Isaac",3,0.4466436100623679
"Seymour, Carson","De los Santos, Yerry",4,0.4799791393797455
"Seymour, Carson","Soriano, José",5,0.5136697653082044
"Seymour, Carson","Fitts, Richard",6,0.5397199281583296
"Seymour, Carson","Kranick, Max",7,0.5582444661266374
"Seymour, Carson","Miller, Mason",8,0.5654369136444821
"Seymour, Carson","Erceg, Lucas",9,0.5681639049910943
"Seymour, Carson","Boyle, Joe",10,0.5805653177800317
"Seymour, Ian","Povich, Cade",1,0.40242285465301686
"Seymour, Ian","Detmers, Reid",2,0.4687077912154945
"Seymour, Ian","Herrin, Tim",3,0.4877189533250583
"Seymour, Ian","Long, Sam",4,0.6059141467742413
"Seymour, Ian","Abbott, Andrew",5,0.643714533804852
"Seymour, Ian","Lauer, Eric",6,0.6464763593322091
"Seymour, Ian","Holton, Tyler",7,0.6506141528702774
"Seymour, Ian","Fried, Max",8,0.7115236853352417
"Seymour, Ian","Rolison, Ryan",9,0.7259686751618069
"Seymour, Ian","Rodriguez, Eduardo",10,0.7312448274240129
"Sheehan, Emmet","Ginn, J.T.",1,0.39040613470745633
"Sheehan, Emmet","Rodríguez, Manuel",2,0.46954327265911916
"Sheehan, Emmet","Salazar, Eduardo",3,0.5008361200895062
"Sheehan, Emmet","Abel, Mick",4,0.5188932307714982
"Sheehan, Emmet","Holderman, Colin",5,0.5741410100359349
"Sheehan, Emmet","deGrom, Jacob",6,0.5772394905482832
"Sheehan, Emmet","Pagán, Emilio",7,0.5830050958287102
"Sheehan, Emmet","Leiter, Jack",8,0.6076885895150058
"Sheehan, Emmet","Kirby, George",9,0.6345126870468092
"Sheehan, Emmet","Houser, Adrian",10,0.634887560437249
"Shugart, Chase","Houck, Tanner",1,0.3831170325458479
"Shugart, Chase","Kelly, Merrill",2,0.4011362565172413
"Shugart, Chase","Morton, Charlie",3,0.422638032605662
"Shugart, Chase","Thornton, Trent",4,0.48849054944074877
"Shugart, Chase","Payamps, Joel",5,0.5257487239233138
"Shugart, Chase","Schmidt, Clarke",6,0.5315880350220158
"Shugart, Chase","Teng, Kai-Wei",7,0.5626603496380542
"Shugart, Chase","Yates, Kirby",8,0.5831267803311313
"Shugart, Chase","King, Michael",9,0.6272980878672155
"Shugart, Chase","Kolek, Stephen",10,0.653657588635726
"Simpson, Josh","Allard, Kolby",1,0.89450307559964
"Simpson, Josh","Murphy, Chris",2,1.009006009024446
"Simpson, Josh","Allen, Logan",3,1.0235034536260368
"Simpson, Josh","Alexander, Tyler",4,1.0362103192994732
"Simpson, Josh","Imanaga, Shota",5,1.0963874874007573
"Simpson, Josh","Pérez, Martín",6,1.1099386502790507
"Simpson, Josh","Boyd, Matthew",7,1.147633439033966
"Simpson, Josh","Rogers, Taylor",8,1.1548991813069973
"Simpson, Josh","Gilbert, Tyler",9,1.1753478413267375
"Simpson, Josh","Bernardino, Brennan",10,1.1927198435373882
"Sims, Lucas","Knack, Landon",1,0.24989607912111989
"Sims, Lucas","Canning, Griffin",2,0.32495414833666003
"Sims, Lucas","Bachar, Lake",3,0.42331488524566346
"Sims, Lucas","Bazardo, Eduard",4,0.45818439622195223
"Sims, Lucas","Garcia, Rico",5,0.49706244237445907
"Sims, Lucas","Faucher, Calvin",6,0.5975067131058499
"Sims, Lucas","Kelly, Merrill",7,0.6312379984604922
"Sims, Lucas","Santana, Dennis",8,0.6535120480367163
"Sims, Lucas","Boushley, Caleb",9,0.6650388204511508
"Sims, Lucas","Lorenzen, Michael",10,0.6752509299128329
"Singer, Brady","Eovaldi, Nathan",1,0.647917988050742
"Singer, Brady","Nola, Aaron",2,0.7131744128688327
"Singer, Brady","Webb, Logan",3,0.7335417855528421
"Singer, Brady","Gómez, Yoendrys",4,0.8091103023234141
"Singer, Brady","Lively, Ben",5,0.8288441729324206
"Singer, Brady","Arrighetti, Spencer",6,0.8424016797307777
"Singer, Brady","López, Pablo",7,0.8598654067547596
"Singer, Brady","Henry, Cole",8,0.8979501484683043
"Singer, Brady","Kahnle, Tommy",9,0.9009591353674014
"Singer, Brady","Darvish, Yu",10,0.9079276583448986
"Skenes, Paul","Rodríguez, Randy",1,0.2931826254313212
"Skenes, Paul","Finnegan, Kyle",2,0.2978640246175179
"Skenes, Paul","Salazar, Eduardo",3,0.3791575539162405
"Skenes, Paul","Abreu, Bryan",4,0.4116937412772322
"Skenes, Paul","Hoffman, Jeff",5,0.5173722609888298
"Skenes, Paul","Ross, Joe",6,0.5441728669519317
"Skenes, Paul","Kirby, George",7,0.5533853405768311
"Skenes, Paul","Svanson, Matt",8,0.557849501786793
"Skenes, Paul","Rocker, Kumar",9,0.563270344199434
"Skenes, Paul","Hicks, Jordan",10,0.5655695639012133
"Skubal, Tarik","Lucas, Easton",1,0.5702620742554292
"Skubal, Tarik","Wolfram, Grant",2,0.6507749018794048
"Skubal, Tarik","Beeks, Jalen",3,0.7273708780000901
"Skubal, Tarik","Morejon, Adrian",4,0.7835909471281015
"Skubal, Tarik","Sabrowski, Erik",5,0.790759035994804
"Skubal, Tarik","Crochet, Garrett",6,0.8422023978516889
"Skubal, Tarik","Burke, Brock",7,0.9254472021128702
"Skubal, Tarik","Soto, Gregory",8,0.9793211601256642
"Skubal, Tarik","Miller, Erik",9,0.9939849000625265
"Skubal, Tarik","Mayza, Tim",10,1.0120602683551088
"Slaten, Justin","Mattson, Isaac",1,0.4595613899675525
"Slaten, Justin","Clase, Emmanuel",2,0.5017168485069193
"Slaten, Justin","Miller, Mason",3,0.6701548025107927
"Slaten, Justin","Hernández, Carlos",4,0.6994515113728633
"Slaten, Justin","Bigge, Hunter",5,0.7390828722990976
"Slaten, Justin","Suarez, Robert",6,0.7659354284160921
"Slaten, Justin","Soriano, José",7,0.7667960710318049
"Slaten, Justin","Seymour, Carson",8,0.7749970614125167
"Slaten, Justin","Greene, Hunter",9,0.7801406256766297
"Slaten, Justin","Boyle, Joe",10,0.7987333056328852
"Smith, Cade","Megill, Tylor",1,0.8036466692084858
"Smith, Cade","Brown, McCade",2,0.8722898290643644
"Smith, Cade","Glasnow, Tyler",3,0.9995857929887593
"Smith, Cade","Holman, Grant",4,1.0434388010013895
"Smith, Cade","Sasaki, Roki",5,1.0612673521428047
"Smith, Cade","Taylor, Grant",6,1.1117837802332053
"Smith, Cade","Hernández, Carlos",7,1.158210864446031
"Smith, Cade","Hodge, Porter",8,1.1730440204381505
"Smith, Cade","Varland, Louis",9,1.2044229429348172
"Smith, Cade","Leahy, Kyle",10,1.2070258731178471
"Smith, Shane","Ross, Joe",1,0.20132478737205983
"Smith, Shane","Tong, Jonah",2,0.25562482801174524
"Smith, Shane","Rocker, Kumar",3,0.3021271980103553
"Smith, Shane","Kranick, Max",4,0.3248178821501973
"Smith, Shane","Abel, Mick",5,0.376338701276665
"Smith, Shane","Finnegan, Kyle",6,0.41366417305348346
"Smith, Shane","Hoffman, Jeff",7,0.4629204595707228
"Smith, Shane","Ohtani, Shohei",8,0.46675968416848185
"Smith, Shane","Armstrong, Shawn",9,0.4670838511980244
"Smith, Shane","Leiter, Jack",10,0.46948413855088333
"Smith-Shawver, AJ","Dunning, Dane",1,0.3741720400807274
"Smith-Shawver, AJ","Gómez, Yoendrys",2,0.4086337334352568
"Smith-Shawver, AJ","McGreevy, Michael",3,0.4571149510718294
"Smith-Shawver, AJ","Orze, Eric",4,0.49588558354930257
"Smith-Shawver, AJ","Strider, Spencer",5,0.5691014120005432
"Smith-Shawver, AJ","Brogdon, Connor",6,0.5811605080631609
"Smith-Shawver, AJ","López, Pablo",7,0.5876463987099486
"Smith-Shawver, AJ","Brasier, Ryan",8,0.5928886894275276
"Smith-Shawver, AJ","Kahnle, Tommy",9,0.6106349247540845
"Smith-Shawver, AJ","Beck, Tristan",10,0.632137044870459
"Snell, Blake","Parker, Mitchell",1,0.6182983897397101
"Snell, Blake","Whisenhunt, Carson",2,0.6975355341992244
"Snell, Blake","Sousa, Bennett",3,0.9123380925946297
"Snell, Blake","Miller, Erik",4,0.979251959633974
"Snell, Blake","Wentz, Joey",5,1.1022226453467905
"Snell, Blake","Burke, Brock",6,1.1248103983672266
"Snell, Blake","Harris, Hogan",7,1.1529872659604539
"Snell, Blake","Cox, Austin",8,1.155288542119813
"Snell, Blake","Chafin, Andrew",9,1.1701435670842661
"Snell, Blake","Liberatore, Matthew",10,1.1761682356901226
"Snider, Collin","Bird, Jake",1,0.6693851885880522
"Snider, Collin","Morton, Charlie",2,0.6730993307557914
"Snider, Collin","Thornton, Trent",3,0.7443902343664467
"Snider, Collin","Roupp, Landen",4,0.8108647641174227
"Snider, Collin","McLean, Nolan",5,0.8263043432766016
"Snider, Collin","McCullers Jr., Lance",6,0.879025560876095
"Snider, Collin","Teng, Kai-Wei",7,0.8895295247138285
"Snider, Collin","Festa, Matt",8,0.9355550975199551
"Snider, Collin","Brash, Matt",9,0.9708435262322588
"Snider, Collin","Bassitt, Chris",10,1.0122996805823998
"Soriano, George","Yamamoto, Yoshinobu",1,0.3106856432481827
"Soriano, George","Fulmer, Carson",2,0.34095099454104955
"Soriano, George","Sterner, Justin",3,0.4035631931194232
"Soriano, George","Buttó, José",4,0.45368753824055147
"Soriano, George","Henriquez, Ronny",5,0.501093105568355
"Soriano, George","Pfaadt, Brandon",6,0.5127183475689012
"Soriano, George","Bachman, Sam",7,0.5432106866502845
"Soriano, George","Kolek, Stephen",8,0.5861930929685869
"Soriano, George","Holderman, Colin",9,0.5937917301499372
"Soriano, George","Rodríguez, Yariel",10,0.6199251142785491
"Soriano, José","Rasmussen, Drew",1,0.37609259610770795
"Soriano, José","Svanson, Matt",2,0.43498117459615704
"Soriano, José","Mattson, Isaac",3,0.4746353649026911
"Soriano, José","Uribe, Abner",4,0.5118134909869796
"Soriano, José","Seymour, Carson",5,0.5136697653082044
"Soriano, José","Erceg, Lucas",6,0.5628122872439788
"Soriano, José","Fitts, Richard",7,0.5641069359425629
"Soriano, José","Pepiot, Ryan",8,0.567598089250154
"Soriano, José","Kittredge, Andrew",9,0.5765269951348938
"Soriano, José","Ross, Joe",10,0.5927467734295736
"Soroka, Michael","Payamps, Joel",1,0.33374656590923707
"Soroka, Michael","Cannon, Jonathan",2,0.4212935003004792
"Soroka, Michael","Scherzer, Max",3,0.49948496181537017
"Soroka, Michael","Sugano, Tomoyuki",4,0.5137141040557542
"Soroka, Michael","Montero, Keider",5,0.5211271694279082
"Soroka, Michael","Holmes, Grant",6,0.5504403537909612
"Soroka, Michael","Blackburn, Paul",7,0.5650398596766848
"Soroka, Michael","Vásquez, Randy",8,0.6250454764122626
"Soroka, Michael","Senga, Kodai",9,0.647117915540874
"Soroka, Michael","Lorenzen, Michael",10,0.6586003303881484
"Soto, Gregory","Pilkington, Konnor",1,0.49883994947607746
"Soto, Gregory","Beeks, Jalen",2,0.7933011393439702
"Soto, Gregory","Sabrowski, Erik",3,0.934949381722725
"Soto, Gregory","Skubal, Tarik",4,0.9793211601256642
"Soto, Gregory","Alexander, Scott",5,0.979382083107178
"Soto, Gregory","Crochet, Garrett",6,0.9976525011157338
"Soto, Gregory","Hader, Josh",7,1.0790564349317946
"Soto, Gregory","Zastryzny, Rob",8,1.13054182937989
"Soto, Gregory","Morejon, Adrian",9,1.1584361058000314
"Soto, Gregory","Montgomery, Mason",10,1.1643734775925814
"Sousa, Bennett","Cox, Austin",1,0.37251569925387884
"Sousa, Bennett","Liberatore, Matthew",2,0.5756528048206462
"Sousa, Bennett","Enns, Dietrich",3,0.6251255585459495
"Sousa, Bennett","Fried, Max",4,0.7922799741219813
"Sousa, Bennett","Lee, Dylan",5,0.8081543499889371
"Sousa, Bennett","Dreyer, Jack",6,0.826747602418379
"Sousa, Bennett","Miller, Erik",7,0.8411709249483238
"Sousa, Bennett","Ragans, Cole",8,0.8455704893616137
"Sousa, Bennett","Detmers, Reid",9,0.8707347115335868
"Sousa, Bennett","Gage, Matt",10,0.8836136297700197
"Speier, Gabe","Cleavinger, Garrett",1,0.4690735631182039
"Speier, Gabe","Peralta, Luis",2,0.5723914401804858
"Speier, Gabe","Pérez, Cionel",3,0.695020435829963
"Speier, Gabe","King, John",4,0.7263279740174765
"Speier, Gabe","Banda, Anthony",5,0.7796784259764294
"Speier, Gabe","Scott, Tanner",6,0.8053896061931347
"Speier, Gabe","Alexander, Scott",7,0.9482721574446229
"Speier, Gabe","Weathers, Ryan",8,0.9912602827219195
"Speier, Gabe","Luzardo, Jesús",9,1.0566026829593713
"Speier, Gabe","Wrobleski, Justin",10,1.1202545366325163
"Spence, Mitch","Sugano, Tomoyuki",1,0.21948611711990354
"Spence, Mitch","Gordon, Tanner",2,0.30563141679296646
"Spence, Mitch","Kremer, Dean",3,0.4625806274117992
"Spence, Mitch","Senga, Kodai",4,0.4659797857825757
"Spence, Mitch","Neris, Héctor",5,0.5888110606871375
"Spence, Mitch","Vásquez, Randy",6,0.6063502877856353
"Spence, Mitch","Cannon, Jonathan",7,0.6549723648512108
"Spence, Mitch","Soroka, Michael",8,0.7125667726746194
"Spence, Mitch","Blackburn, Paul",9,0.7300232569397925
"Spence, Mitch","Montero, Keider",10,0.7378351244596874
"Springs, Jeffrey","Okert, Steven",1,0.5472959229089379
"Springs, Jeffrey","Suarez, Ranger",2,0.6104058752770218
"Springs, Jeffrey","Waddell, Brandon",3,0.7153271619644981
"Springs, Jeffrey","Povich, Cade",4,0.7295481662184274
"Springs, Jeffrey","Kershaw, Clayton",5,0.7526072391348555
"Springs, Jeffrey","Rolison, Ryan",6,0.7942458933765
"Springs, Jeffrey","Alvarez, Andrew",7,0.8335454642737663
"Springs, Jeffrey","Lauer, Eric",8,0.8490419819126839
"Springs, Jeffrey","Harris, Hogan",9,0.8723509035217273
"Springs, Jeffrey","Farris, Mitch",10,0.9150754376250823
"Stanek, Ryne","Keller, Brad",1,0.8913015587186132
"Stanek, Ryne","Alcala, Jorge",2,1.0537638741593744
"Stanek, Ryne","Brieske, Beau",3,1.1015286080899138
"Stanek, Ryne","Fermin, José",4,1.1216736588390033
"Stanek, Ryne","Schlittler, Cam",5,1.1819150942582823
"Stanek, Ryne","Montas, Frankie",6,1.2370643110309434
"Stanek, Ryne","Burns, Chase",7,1.2636779289620668
"Stanek, Ryne","Ashcraft, Braxton",8,1.2835934857688631
"Stanek, Ryne","Beeter, Clayton",9,1.2956675421457242
"Stanek, Ryne","Kowar, Jackson",10,1.3147055893207893
"Sterner, Justin","Soriano, George",1,0.4035631931194232
"Sterner, Justin","Fulmer, Carson",2,0.5255669309232046
"Sterner, Justin","Pfaadt, Brandon",3,0.5571036228556973
"Sterner, Justin","Henriquez, Ronny",4,0.5761274519333286
"Sterner, Justin","Brash, Matt",5,0.5811672532512083
"Sterner, Justin","Kolek, Stephen",6,0.6072107101208264
"Sterner, Justin","Yamamoto, Yoshinobu",7,0.6221862254138173
"Sterner, Justin","Webb, Jacob",8,0.6359004814983009
"Sterner, Justin","Warren, Will",9,0.6617974148669301
"Sterner, Justin","Scherzer, Max",10,0.6644228791390109
"Stewart, Brock","Loáisiga, Jonathan",1,0.25536691889000235
"Stewart, Brock","Vodnik, Victor",2,0.6074874338195541
"Stewart, Brock","Palencia, Daniel",3,0.6710452319832403
"Stewart, Brock","Murdock, Noah",4,0.8349664788957653
"Stewart, Brock","Vest, Will",5,0.8888523473390697
"Stewart, Brock","Morillo, Juan",6,0.9233942569545577
"Stewart, Brock","González, Wikelman",7,0.9602757725633261
"Stewart, Brock","Doval, Camilo",8,0.965276575290418
"Stewart, Brock","Mey, Luis",9,0.9969103537457894
"Stewart, Brock","Vargas, Carlos",10,1.0242316649590208
"Strahm, Matt","Imanaga, Shota",1,0.6744332108422167
"Strahm, Matt","Alexander, Tyler",2,0.7406772508201872
"Strahm, Matt","Lodolo, Nick",3,0.7548920595852465
"Strahm, Matt","Banda, Anthony",4,0.8087875784253451
"Strahm, Matt","Hart, Kyle",5,0.8252656120551838
"Strahm, Matt","Murphy, Chris",6,0.850294350661346
"Strahm, Matt","King, Bryan",7,0.8634770206031938
"Strahm, Matt","King, John",8,0.9020249551543007
"Strahm, Matt","Booser, Cam",9,0.9486581431524862
"Strahm, Matt","Herrin, Tim",10,0.9489659056977516
"Strickland, Hunter","Holmes, Grant",1,0.26010544226964105
"Strickland, Hunter","Olson, Reese",2,0.38190764901753377
"Strickland, Hunter","Ferguson, Tyler",3,0.6074901650776509
"Strickland, Hunter","Bazardo, Eduard",4,0.6171618716480586
"Strickland, Hunter","Santana, Dennis",5,0.6407428443837592
"Strickland, Hunter","Vásquez, Randy",6,0.6419553044045454
"Strickland, Hunter","Soroka, Michael",7,0.658768242796151
"Strickland, Hunter","Senzatela, Antonio",8,0.6738517036093746
"Strickland, Hunter","Cannon, Jonathan",9,0.6760559856414466
"Strickland, Hunter","Horton, Cade",10,0.6905132360203433
"Strider, Spencer","Brasier, Ryan",1,0.16613065832921822
"Strider, Spencer","Wesneski, Hayden",2,0.404753764616119
"Strider, Spencer","Mize, Casey",3,0.4128257241348561
"Strider, Spencer","Dunning, Dane",4,0.42448931364788745
"Strider, Spencer","Gómez, Yoendrys",5,0.5417017251977022
"Strider, Spencer","Houser, Adrian",6,0.5486244881415967
"Strider, Spencer","López, Pablo",7,0.5630047906560973
"Strider, Spencer","Smith-Shawver, AJ",8,0.5691014120005432
"Strider, Spencer","Leahy, Kyle",9,0.5805551632945773
"Strider, Spencer","Festa, David",10,0.5989139092733257
"Stroman, Marcus","Henderson, Logan",1,0.467123513393664
"Stroman, Marcus","McCullers Jr., Lance",2,0.7979152972782987
"Stroman, Marcus","Bender, Anthony",3,0.8872766452939214
"Stroman, Marcus","Gillispie, Connor",4,0.8993406493066124
"Stroman, Marcus","Kelly, Merrill",5,0.923574907304941
"Stroman, Marcus","Lugo, Seth",6,0.9324610751408283
"Stroman, Marcus","Schmidt, Clarke",7,0.936484231855596
"Stroman, Marcus","Bird, Jake",8,0.9460339504403533
"Stroman, Marcus","Thornton, Trent",9,0.9490114548252042
"Stroman, Marcus","Javier, Cristian",10,0.9912184145539685
"Suarez, Ranger","Ogasawara, Shinnosuke",1,0.5872783207486127
"Suarez, Ranger","Springs, Jeffrey",2,0.6104058752770218
"Suarez, Ranger","Okert, Steven",3,0.6504024553375658
"Suarez, Ranger","Allard, Kolby",4,0.7450365637688718
"Suarez, Ranger","Boyd, Matthew",5,0.7724205244596017
"Suarez, Ranger","Povich, Cade",6,0.8539019570232798
"Suarez, Ranger","Murphy, Chris",7,0.8557804503259369
"Suarez, Ranger","Gibson, Cade",8,0.8705405797858067
"Suarez, Ranger","Pérez, Martín",9,0.8838853737982582
"Suarez, Ranger","Waddell, Brandon",10,0.9012290455231815
"Suarez, Robert","Clase, Emmanuel",1,0.5837661597760327
"Suarez, Robert","Miller, Mason",2,0.7000189851707987
"Suarez, Robert","Slaten, Justin",3,0.7659354284160921
"Suarez, Robert","Chandler, Bubba",4,0.8302600450015727
"Suarez, Robert","Klein, Will",5,0.8606012740672208
"Suarez, Robert","Greene, Hunter",6,0.9608109550388828
"Suarez, Robert","Mattson, Isaac",7,1.0021122884759335
"Suarez, Robert","Halvorsen, Seth",8,1.0233753085837063
"Suarez, Robert","Mey, Luis",9,1.0403759638254664
"Suarez, Robert","Boyle, Joe",10,1.12392830036761
"Sugano, Tomoyuki","Spence, Mitch",1,0.21948611711990354
"Sugano, Tomoyuki","Senga, Kodai",2,0.3899557869740869
"Sugano, Tomoyuki","Gordon, Tanner",3,0.42273959389213767
"Sugano, Tomoyuki","Soroka, Michael",4,0.5137141040557542
"Sugano, Tomoyuki","Cannon, Jonathan",5,0.5247671824936155
"Sugano, Tomoyuki","Vásquez, Randy",6,0.5561695461428118
"Sugano, Tomoyuki","Kremer, Dean",7,0.567734488995538
"Sugano, Tomoyuki","Neris, Héctor",8,0.5787381846249712
"Sugano, Tomoyuki","Montero, Keider",9,0.5938032769150712
"Sugano, Tomoyuki","Blackburn, Paul",10,0.6328460595399655
"Sulser, Cole","Brebbia, John",1,0.1385013251382024
"Sulser, Cole","Cecconi, Slade",2,0.2270351067676931
"Sulser, Cole","Keller, Mitch",3,0.2543827917164225
"Sulser, Cole","Bednar, David",4,0.31102720536144146
"Sulser, Cole","Mahle, Tyler",5,0.33024236335583895
"Sulser, Cole","Fedde, Erick",6,0.3371581776041079
"Sulser, Cole","Bieber, Shane",7,0.3489398441926704
"Sulser, Cole","Phillips, Tyler",8,0.4132408946232186
"Sulser, Cole","Hatch, Thomas",9,0.5063828334780017
"Sulser, Cole","McGreevy, Michael",10,0.5112138832425842
"Suter, Brent","Peterson, David",1,1.338715253521117
"Suter, Brent","Cantillo, Joey",2,1.5227843023223533
"Suter, Brent","Corbin, Patrick",3,1.5820227699580216
"Suter, Brent","Gordon, Colton",4,1.8493090852210332
"Suter, Brent","Fluharty, Mason",5,1.8840761142937508
"Suter, Brent","Falter, Bailey",6,1.8882626015586792
"Suter, Brent","Lopez, Jacob",7,1.9561069853925406
"Suter, Brent","Wentz, Joey",8,1.988839390813009
"Suter, Brent","Gomber, Austin",9,2.1129386234755914
"Suter, Brent","Whisenhunt, Carson",10,2.132636250348769
"Svanson, Matt","Kirby, George",1,0.28170575088991995
"Svanson, Matt","Finnegan, Kyle",2,0.2858268265146424
"Svanson, Matt","Hicks, Jordan",3,0.37929468126433535
"Svanson, Matt","Soriano, José",4,0.43498117459615704
"Svanson, Matt","Kittredge, Andrew",5,0.435489848733921
"Svanson, Matt","Salazar, Eduardo",6,0.4517295964631135
"Svanson, Matt","Rasmussen, Drew",7,0.4857871409167689
"Svanson, Matt","Ross, Joe",8,0.5126361179641792
"Svanson, Matt","Matthews, Zebby",9,0.5182342681547921
"Svanson, Matt","Abel, Mick",10,0.5276538792687023
"Sánchez, Cristopher","Funderburk, Kody",1,0.5136949361782341
"Sánchez, Cristopher","Gore, MacKenzie",2,0.5623002528920891
"Sánchez, Cristopher","Latz, Jacob",3,0.8729635724870736
"Sánchez, Cristopher","Falter, Bailey",4,0.8806456485859363
"Sánchez, Cristopher","Rogers, Trevor",5,0.9337672614445798
"Sánchez, Cristopher","Miller, Erik",6,0.9699363886908479
"Sánchez, Cristopher","Parker, Mitchell",7,0.9737963797896615
"Sánchez, Cristopher","Crochet, Garrett",8,1.0046532825539176
"Sánchez, Cristopher","Hall, DL",9,1.0103082677376867
"Sánchez, Cristopher","Zastryzny, Rob",10,1.0395179905916871
"Taillon, Jameson","Blanco, Ronel",1,0.5879648841573029
"Taillon, Jameson","Carrasco, Carlos",2,0.6142421965856043
"Taillon, Jameson","Francis, Bowden",3,0.6829911542788012
"Taillon, Jameson","Woods Richardson, Simeon",4,0.6842057135302996
"Taillon, Jameson","Giolito, Lucas",5,0.7047899722798029
"Taillon, Jameson","Wacha, Michael",6,0.7275587238136049
"Taillon, Jameson","Bibee, Tanner",7,0.7616453537382951
"Taillon, Jameson","Leiter Jr., Mark",8,0.7754898850196758
"Taillon, Jameson","Young, Brandon",9,0.7886863994691565
"Taillon, Jameson","Beck, Tristan",10,0.8308739084626251
"Taylor, Grant","Chapman, Aroldis",1,0.9279005688828169
"Taylor, Grant","Smith, Cade",2,1.1117837802332053
"Taylor, Grant","Slaten, Justin",3,1.276282162675117
"Taylor, Grant","Hernández, Carlos",4,1.3203326354752842
"Taylor, Grant","Nicolas, Kyle",5,1.324674450741553
"Taylor, Grant","Halvorsen, Seth",6,1.3748305036563526
"Taylor, Grant","Estrada, Jeremiah",7,1.3761996535215437
"Taylor, Grant","Leasure, Jordan",8,1.4070052702783413
"Taylor, Grant","Glasnow, Tyler",9,1.424163641185313
"Taylor, Grant","Miller, Shelby",10,1.4375428423645626
"Teng, Kai-Wei","Morton, Charlie",1,0.40411142322788396
"Teng, Kai-Wei","Thornton, Trent",2,0.4389189826539296
"Teng, Kai-Wei","Webb, Jacob",3,0.44606867096885155
"Teng, Kai-Wei","Berríos, José",4,0.5493648172611459
"Teng, Kai-Wei","Shugart, Chase",5,0.5626603496380542
"Teng, Kai-Wei","Brash, Matt",6,0.5677197355664482
"Teng, Kai-Wei","Payamps, Joel",7,0.6038987058370434
"Teng, Kai-Wei","Scherzer, Max",8,0.6225550771425654
"Teng, Kai-Wei","DeSclafani, Anthony",9,0.6353935357353707
"Teng, Kai-Wei","Festa, Matt",10,0.6462068261132243
"Thielbar, Caleb","Kriske, Brooks",1,0.7194421726693099
"Thielbar, Caleb","Saalfrank, Andrew",2,0.7229033003368162
"Thielbar, Caleb","Littell, Zack",3,0.7570119476058403
"Thielbar, Caleb","Cameron, Noah",4,0.7773768674303881
"Thielbar, Caleb","Ohl, Pierson",5,0.8022011960627196
"Thielbar, Caleb","Granillo, Andre",6,0.8143081863629178
"Thielbar, Caleb","Coulombe, Danny",7,0.8517349726770622
"Thielbar, Caleb","Farris, Mitch",8,0.862424603095414
"Thielbar, Caleb","Bellozo, Valente",9,0.8804411263327548
"Thielbar, Caleb","Alvarez, Andrew",10,0.9407052757360937
"Thompson, Ryan","Sewald, Paul",1,1.905210625106203
"Thompson, Ryan","Kelly, Kevin",2,1.932333958326953
"Thompson, Ryan","Jacob, Alek",3,2.1033466158030905
"Thompson, Ryan","Anderson, Grant",4,2.130256399476253
"Thompson, Ryan","Lawrence, Justin",5,2.280812180635359
"Thompson, Ryan","Lee, Chase",6,2.312499872016351
"Thompson, Ryan","Schreiber, John",7,2.644142052268022
"Thompson, Ryan","Williams, Trevor",8,2.7192022226499497
"Thompson, Ryan","Nola, Aaron",9,3.0104227250514324
"Thompson, Ryan","Ryan, Joe",10,3.077066294349319
"Thornton, Trent","Morton, Charlie",1,0.19413080110469302
"Thornton, Trent","Payamps, Joel",2,0.429293912718551
"Thornton, Trent","Teng, Kai-Wei",3,0.4389189826539296
"Thornton, Trent","Shugart, Chase",4,0.48849054944074877
"Thornton, Trent","Houck, Tanner",5,0.5750321296085892
"Thornton, Trent","Schmidt, Clarke",6,0.6092614609411786
"Thornton, Trent","Kelly, Merrill",7,0.6347979129214042
"Thornton, Trent","Henderson, Logan",8,0.6744866076855288
"Thornton, Trent","Scherzer, Max",9,0.6929031162413368
"Thornton, Trent","Soroka, Michael",10,0.7019002940013237
"Tolle, Payton","Chapman, Aroldis",1,1.9086880625597435
"Tolle, Payton","Montgomery, Mason",2,2.0569365019244836
"Tolle, Payton","Taylor, Grant",3,2.085027980096755
"Tolle, Payton","Hudson, Bryan",4,2.332334668075378
"Tolle, Payton","Mayza, Tim",5,2.35318690255741
"Tolle, Payton","Sabrowski, Erik",6,2.3786687381346754
"Tolle, Payton","Alvarado, José",7,2.5022927337994556
"Tolle, Payton","Misiorowski, Jacob",8,2.50871627330556
"Tolle, Payton","Funderburk, Kody",9,2.559611168387089
"Tolle, Payton","Headrick, Brent",10,2.580062417522054
"Tong, Jonah","Smith, Shane",1,0.25562482801174524
"Tong, Jonah","Ross, Joe",2,0.2885137066441448
"Tong, Jonah","Kranick, Max",3,0.32423559262199764
"Tong, Jonah","Rocker, Kumar",4,0.40470437328463116
"Tong, Jonah","Blubaugh, AJ",5,0.5502638190042306
"Tong, Jonah","Fitts, Richard",6,0.5703658303688055
"Tong, Jonah","Mize, Casey",7,0.5774104793042146
"Tong, Jonah","Abel, Mick",8,0.5840675169158961
"Tong, Jonah","Leiter, Jack",9,0.6190032377049486
"Tong, Jonah","Finnegan, Kyle",10,0.6240246332073649
"Tonkin, Michael","King, Michael",1,0.47959016960290446
"Tonkin, Michael","Yates, Kirby",2,0.708010398340019
"Tonkin, Michael","Houck, Tanner",3,0.7251883710477278
"Tonkin, Michael","Shugart, Chase",4,0.898575476519517
"Tonkin, Michael","Morton, Charlie",5,0.9100290234127031
"Tonkin, Michael","Kolek, Stephen",6,0.9245495260089786
"Tonkin, Michael","Hancock, Emerson",7,0.9254374075974908
"Tonkin, Michael","Sands, Cole",8,0.9960063944863267
"Tonkin, Michael","Scherzer, Max",9,1.0051406803398393
"Tonkin, Michael","Kelly, Merrill",10,1.0129262977105198
"Topa, Justin","Scott, Tayler",1,0.800460567037117
"Topa, Justin","Yates, Kirby",2,0.8906796655162427
"Topa, Justin","Weissert, Greg",3,0.898177254338236
"Topa, Justin","Bird, Jake",4,0.9514168410323419
"Topa, Justin","Tonkin, Michael",5,1.0934081856140505
"Topa, Justin","Henderson, Logan",6,1.0984388866735033
"Topa, Justin","Stroman, Marcus",7,1.1315462595014827
"Topa, Justin","Bender, Anthony",8,1.1514971885397234
"Topa, Justin","Lord, Brad",9,1.1723319245177348
"Topa, Justin","Kelly, Merrill",10,1.172812488732392
"Treinen, Blake","Johnson, Pierce",1,0.6529318161536343
"Treinen, Blake","Brubaker, JT",2,0.8063580879091596
"Treinen, Blake","Márquez, Germán",3,0.8149658957230209
"Treinen, Blake","Kelly, Michael",4,0.8592615236676705
"Treinen, Blake","Evans, Logan",5,0.9608604865182213
"Treinen, Blake","Olson, Reese",6,0.985771622872675
"Treinen, Blake","Guerrero, Luis",7,1.0089596118830146
"Treinen, Blake","Strickland, Hunter",8,1.1125434832325112
"Treinen, Blake","Kinley, Tyler",9,1.1660908240259653
"Treinen, Blake","Bazardo, Eduard",10,1.1708373800374412
"Trivino III, Lou","Burrows, Mike",1,0.22827472645372135
"Trivino III, Lou","Priester, Quinn",2,0.2595266681883663
"Trivino III, Lou","Graceffo, Gordon",3,0.30274645159568186
"Trivino III, Lou","Dobbins, Hunter",4,0.3444306691769165
"Trivino III, Lou","Bergert, Ryan",5,0.3978941136072967
"Trivino III, Lou","Woodruff, Brandon",6,0.40631709551481127
"Trivino III, Lou","Fernandez, Ryan",7,0.4115657910180182
"Trivino III, Lou","Englert, Mason",8,0.42554381638372396
"Trivino III, Lou","Waldrep, Hurston",9,0.4339579341019138
"Trivino III, Lou","Merryweather, Julian",10,0.4447302197172578
"Uceta, Edwin","Montero, Rafael",1,0.9474257283335377
"Uceta, Edwin","Schreiber, John",2,1.0185423359535024
"Uceta, Edwin","Lawrence, Justin",3,1.1698464695982402
"Uceta, Edwin","Weissert, Greg",4,1.1780889188768022
"Uceta, Edwin","Anderson, Grant",5,1.319425137187705
"Uceta, Edwin","Yates, Kirby",6,1.3381231171764558
"Uceta, Edwin","May, Dustin",7,1.343164601119233
"Uceta, Edwin","Legumina, Casey",8,1.3504402465365895
"Uceta, Edwin","Walker, Ryan",9,1.3731897900927683
"Uceta, Edwin","Ryan, Joe",10,1.4637443168375643
"Ureña, José","Garrett, Reed",1,0.2720356856990008
"Ureña, José","Ort, Kaleb",2,0.49491843950654246
"Ureña, José","Fulmer, Carson",3,0.5129076726002005
"Ureña, José","Schultz, Paxton",4,0.5163691280604674
"Ureña, José","Buttó, José",5,0.5193841727827929
"Ureña, José","Bido, Osvaldo",6,0.5590748311840432
"Ureña, José","Kerkering, Orion",7,0.6003017574012904
"Ureña, José","Bachman, Sam",8,0.6124602008806596
"Ureña, José","Adams, Travis",9,0.617345482205378
"Ureña, José","Morales, Luis",10,0.644552628009377
"Uribe, Abner","Kochanowicz, Jack",1,0.4071798090782719
"Uribe, Abner","Chivilli, Angel",2,0.452372888757393
"Uribe, Abner","Erceg, Lucas",3,0.4886251645077692
"Uribe, Abner","Soriano, José",4,0.5118134909869796
"Uribe, Abner","Rasmussen, Drew",5,0.5322458665748179
"Uribe, Abner","De los Santos, Yerry",6,0.5501991768846376
"Uribe, Abner","Svanson, Matt",7,0.5547985231837739
"Uribe, Abner","Hicks, Jordan",8,0.5615111181364135
"Uribe, Abner","Baz, Shane",9,0.5708537731357638
"Uribe, Abner","Matthews, Zebby",10,0.5941975895817823
"Valdez, Framber","Cortes, Nestor",1,0.43120115366007333
"Valdez, Framber","Matsui, Yuki",2,0.7741698709068356
"Valdez, Framber","Long, Sam",3,0.8247608968109515
"Valdez, Framber","Veneziano, Anthony",4,0.8590455589562489
"Valdez, Framber","Gonsolin, Tony",5,0.8835337779077349
"Valdez, Framber","Ragans, Cole",6,0.9100699294112442
"Valdez, Framber","Cabrera, Génesis",7,0.9159668655368358
"Valdez, Framber","Lauer, Eric",8,0.9163094157064358
"Valdez, Framber","Akin, Keegan",9,0.9208554305220772
"Valdez, Framber","Detmers, Reid",10,0.9531503906649931
"Vargas, Carlos","Mey, Luis",1,0.508507618007505
"Vargas, Carlos","Cruz, Steven",2,0.6147313846109896
"Vargas, Carlos","Halvorsen, Seth",3,0.6905303637352751
"Vargas, Carlos","Greene, Hunter",4,0.6926385591028014
"Vargas, Carlos","Chandler, Bubba",5,0.8549345512316816
"Vargas, Carlos","Seymour, Carson",6,0.8801876732544243
"Vargas, Carlos","Boyle, Joe",7,0.908921707833659
"Vargas, Carlos","Martin, Corbin",8,0.9199903799885264
"Vargas, Carlos","Morillo, Juan",9,0.9210069730823799
"Vargas, Carlos","Miller, Mason",10,0.9449114126977423
"Varland, Louis","Gil, Luis",1,0.6055033591985637
"Varland, Louis","Cruz, Steven",2,0.6997737237201278
"Varland, Louis","Melton, Troy",3,0.7033200980940503
"Varland, Louis","O'Brien, Riley",4,0.7284133945348638
"Varland, Louis","Winn, Cole",5,0.7728663066511999
"Varland, Louis","Skenes, Paul",6,0.7824073838393747
"Varland, Louis","Brown, McCade",7,0.7941733991212543
"Varland, Louis","Rocker, Kumar",8,0.8044672644563379
"Varland, Louis","Leiter, Jack",9,0.8642981907872215
"Varland, Louis","Salazar, Eduardo",10,0.9286781576119746
"Vasil, Mike","Englert, Mason",1,0.20274730858903298
"Vasil, Mike","Blackburn, Paul",2,0.3558434480320002
"Vasil, Mike","Vásquez, Randy",3,0.3733457891453046
"Vasil, Mike","Adams, Travis",4,0.38264389648105557
"Vasil, Mike","Fernandez, Ryan",5,0.4083430563261863
"Vasil, Mike","Bergert, Ryan",6,0.4320582892392749
"Vasil, Mike","Cannon, Jonathan",7,0.43364365612780087
"Vasil, Mike","Santana, Dennis",8,0.49792434738870917
"Vasil, Mike","Trivino III, Lou",9,0.5019072953729694
"Vasil, Mike","Rodríguez, Yariel",10,0.5354718692149469
"Veneziano, Anthony","Lucchesi, Joey",1,0.3603407315898237
"Veneziano, Anthony","Lauer, Eric",2,0.5570812801348543
"Veneziano, Anthony","Matsui, Yuki",3,0.5790493993091705
"Veneziano, Anthony","Rodón, Carlos",4,0.6075719401166414
"Veneziano, Anthony","Ray, Robbie",5,0.6304719767804734
"Veneziano, Anthony","Detmers, Reid",6,0.7044931748497698
"Veneziano, Anthony","Ragans, Cole",7,0.7156368095920806
"Veneziano, Anthony","Long, Sam",8,0.7203752673217839
"Veneziano, Anthony","Waddell, Brandon",9,0.749376073141258
"Veneziano, Anthony","Povich, Cade",10,0.7629482778968344
"Verlander, Justin","Yesavage, Trey",1,0.9151709927049628
"Verlander, Justin","Flexen, Chris",2,0.9473573026814447
"Verlander, Justin","Walker, Taijuan",3,1.205648836091837
"Verlander, Justin","Mikolas, Miles",4,1.2885846504647498
"Verlander, Justin","Elder, Bryce",5,1.3169315445988354
"Verlander, Justin","Holmes, Clay",6,1.4481448491633995
"Verlander, Justin","Kinley, Tyler",7,1.6131183403964162
"Verlander, Justin","Granillo, Andre",8,1.6366620365124311
"Verlander, Justin","Adam, Jason",9,1.6839820799876144
"Verlander, Justin","Quantrill, Cal",10,1.712606986785216
"Vesia, Alex","Rodriguez, Eduardo",1,0.5836157868465481
"Vesia, Alex","Pressly, Ryan",2,0.6018688102125946
"Vesia, Alex","Ragans, Cole",3,0.6750262566981021
"Vesia, Alex","Waldrep, Hurston",4,0.6834957364289859
"Vesia, Alex","Detmers, Reid",5,0.7085365652716558
"Vesia, Alex","Clarke, Taylor",6,0.7321462733040283
"Vesia, Alex","Burnes, Corbin",7,0.8167774332808312
"Vesia, Alex","Trivino III, Lou",8,0.852280133785139
"Vesia, Alex","Cox, Austin",9,0.8743221944346542
"Vesia, Alex","Englert, Mason",10,0.8799914343855465
"Vest, Will","Domínguez, Seranthony",1,0.453056979582647
"Vest, Will","Hicks, Jordan",2,0.5031300870168134
"Vest, Will","Martin, Corbin",3,0.5376931407521766
"Vest, Will","Boyle, Joe",4,0.6431951310470105
"Vest, Will","Doval, Camilo",5,0.6911233572565146
"Vest, Will","Mey, Luis",6,0.6963078747210139
"Vest, Will","Chivilli, Angel",7,0.6980630348141147
"Vest, Will","Uribe, Abner",8,0.7501641627153042
"Vest, Will","Barnett, Mason",9,0.7638207080232614
"Vest, Will","Hanifee, Brenan",10,0.7783082678542814
"Vodnik, Victor","González, Wikelman",1,0.43835505201537545
"Vodnik, Victor","Murdock, Noah",2,0.5328435791189177
"Vodnik, Victor","Stewart, Brock",3,0.6074874338195541
"Vodnik, Victor","Loáisiga, Jonathan",4,0.7683415014900329
"Vodnik, Victor","Palencia, Daniel",5,0.783111251666657
"Vodnik, Victor","Melton, Troy",6,0.805738994855008
"Vodnik, Victor","Pearson, Nate",7,0.8394221560140193
"Vodnik, Victor","deGrom, Jacob",8,0.884235957184424
"Vodnik, Victor","Cruz, Steven",9,0.884732929094458
"Vodnik, Victor","Roycroft, Chris",10,0.9402627106981212
"Vásquez, Randy","Cannon, Jonathan",1,0.34932963662148203
"Vásquez, Randy","Vasil, Mike",2,0.3733457891453046
"Vásquez, Randy","Blackburn, Paul",3,0.39392398331668094
"Vásquez, Randy","Holmes, Grant",4,0.5055786560431933
"Vásquez, Randy","Santana, Dennis",5,0.5229319184681521
"Vásquez, Randy","Garcia, Rico",6,0.5314385880388791
"Vásquez, Randy","Senga, Kodai",7,0.5365318017314881
"Vásquez, Randy","Nance, Tommy",8,0.5392518889884532
"Vásquez, Randy","Adams, Travis",9,0.5517050769136669
"Vásquez, Randy","Sugano, Tomoyuki",10,0.5561695461428118
"Wacha, Michael","Woods Richardson, Simeon",1,0.5962285297087984
"Wacha, Michael","Taillon, Jameson",2,0.7275587238136049
"Wacha, Michael","Pivetta, Nick",3,0.737488067062186
"Wacha, Michael","Bibee, Tanner",4,0.805121917620708
"Wacha, Michael","Giolito, Lucas",5,0.8352738528239791
"Wacha, Michael","Adam, Jason",6,0.9589935549243914
"Wacha, Michael","Jackson, Luke",7,1.027541142011243
"Wacha, Michael","Blanco, Ronel",8,1.165727557984479
"Wacha, Michael","Blalock, Bradley",9,1.2071231035346457
"Wacha, Michael","Quantrill, Cal",10,1.2113706141940157
"Waddell, Brandon","Lauer, Eric",1,0.500745001135417
"Waddell, Brandon","Povich, Cade",2,0.5206074115810617
"Waddell, Brandon","Okert, Steven",3,0.5899726549493388
"Waddell, Brandon","Long, Sam",4,0.5986035452480895
"Waddell, Brandon","Abbott, Andrew",5,0.6352134512910684
"Waddell, Brandon","Hurter, Brant",6,0.6955495795554163
"Waddell, Brandon","Lucchesi, Joey",7,0.7034828839805539
"Waddell, Brandon","Springs, Jeffrey",8,0.7153271619644981
"Waddell, Brandon","Castillo, José",9,0.7222682138873737
"Waddell, Brandon","Veneziano, Anthony",10,0.749376073141258
"Waldrep, Hurston","Quantrill, Cal",1,0.3906481054925131
"Waldrep, Hurston","Trivino III, Lou",2,0.4339579341019138
"Waldrep, Hurston","Burrows, Mike",3,0.44345997215401844
"Waldrep, Hurston","Graceffo, Gordon",4,0.5837480314510811
"Waldrep, Hurston","Adam, Jason",5,0.5964802533336774
"Waldrep, Hurston","Nance, Tommy",6,0.6048507551829072
"Waldrep, Hurston","Merryweather, Julian",7,0.608584113650829
"Waldrep, Hurston","Clarke, Taylor",8,0.6281448383972192
"Waldrep, Hurston","Pressly, Ryan",9,0.6423893278605721
"Waldrep, Hurston","Priester, Quinn",10,0.6516642519010769
"Walker, Ryan","Mlodzinski, Carmen",1,0.6259414744022614
"Walker, Ryan","Kolek, Stephen",2,0.7084310795644979
"Walker, Ryan","May, Dustin",3,0.710203544868943
"Walker, Ryan","Henriquez, Ronny",4,0.7527139780857985
"Walker, Ryan","Montero, Rafael",5,0.8451768630542801
"Walker, Ryan","Perkins, Jack",6,0.8673031369579555
"Walker, Ryan","Muñoz, Andrés",7,0.933750424651056
"Walker, Ryan","Yates, Kirby",8,1.0101135607423086
"Walker, Ryan","De Los Santos, Enyel",9,1.024663916091467
"Walker, Ryan","Bello, Brayan",10,1.0289160755936724
"Walker, Taijuan","Kremer, Dean",1,0.6349556668009794
"Walker, Taijuan","Elder, Bryce",2,0.6609972330176229
"Walker, Taijuan","Martinez, Nick",3,0.6644851811212878
"Walker, Taijuan","Granillo, Andre",4,0.672190464542237
"Walker, Taijuan","Mikolas, Miles",5,0.6737590755365525
"Walker, Taijuan","Johnson, Pierce",6,0.8387824771814474
"Walker, Taijuan","Holmes, Clay",7,0.8965406213503694
"Walker, Taijuan","Neris, Héctor",8,0.9336799138702974
"Walker, Taijuan","Gonsolin, Tony",9,0.9664461825012781
"Walker, Taijuan","Kelly, Michael",10,0.9826695629774088
"Walter, Brandon","Quintana, Jose",1,0.5260296883117499
"Walter, Brandon","Gordon, Colton",2,0.6258477524311397
"Walter, Brandon","Freeland, Kyle",3,0.6273083819171771
"Walter, Brandon","Hart, Kyle",4,0.641996382350342
"Walter, Brandon","Bummer, Aaron",5,0.6717098811839194
"Walter, Brandon","Boyd, Matthew",6,0.7320455225533486
"Walter, Brandon","King, Bryan",7,0.7630634040589632
"Walter, Brandon","Borucki, Ryan",8,0.7638575666500481
"Walter, Brandon","Fluharty, Mason",9,0.7893241676810899
"Walter, Brandon","Bubic, Kris",10,0.8088996103039992
"Warren, Will","Pfaadt, Brandon",1,0.2830437561174129
"Warren, Will","Gausman, Kevin",2,0.3479207169972911
"Warren, Will","Dunning, Dane",3,0.4669370644536048
"Warren, Will","Rea, Colin",4,0.49148386531963545
"Warren, Will","Gómez, Yoendrys",5,0.5157659731679521
"Warren, Will","Henry, Cole",6,0.5450883468950083
"Warren, Will","McGreevy, Michael",7,0.6357458855356993
"Warren, Will","Curvelo, Luis",8,0.649701178094686
"Warren, Will","DeSclafani, Anthony",9,0.6562048727815363
"Warren, Will","Sterner, Justin",10,0.6617974148669301
"Weathers, Ryan","Luzardo, Jesús",1,0.5228167982619224
"Weathers, Ryan","King, John",2,0.745098026764313
"Weathers, Ryan","Banda, Anthony",3,0.7795098809374019
"Weathers, Ryan","Koenig, Jared",4,0.7919854734317833
"Weathers, Ryan","Akin, Keegan",5,0.9590511946947091
"Weathers, Ryan","Speier, Gabe",6,0.9912602827219195
"Weathers, Ryan","Cabrera, Génesis",7,1.072298211684258
"Weathers, Ryan","Pomeranz, Drew",8,1.080682827592607
"Weathers, Ryan","Ray, Robbie",9,1.1143194406286416
"Weathers, Ryan","Little, Brendon",10,1.1172186389693863
"Weaver, Luke","Iglesias, Raisel",1,0.4115591405709218
"Weaver, Luke","Hill, Jaden",2,0.42415752266348533
"Weaver, Luke","Morales, Luis",3,0.5100596784060453
"Weaver, Luke","Cano, Yennier",4,0.5818774950410508
"Weaver, Luke","Phillips, Connor",5,0.6007981800123633
"Weaver, Luke","Morgan, David",6,0.6066204810783803
"Weaver, Luke","Dollander, Chase",7,0.609989044038701
"Weaver, Luke","Kerkering, Orion",8,0.61769008840352
"Weaver, Luke","Chivilli, Angel",9,0.6322931095145831
"Weaver, Luke","Agnos, Zach",10,0.6336226963332108
"Webb, Jacob","Scherzer, Max",1,0.36448630007336724
"Webb, Jacob","Teng, Kai-Wei",2,0.44606867096885155
"Webb, Jacob","Berríos, José",3,0.4954244932281377
"Webb, Jacob","Wilson, Bryse",4,0.5556780891805746
"Webb, Jacob","Montero, Keider",5,0.5637791302669648
"Webb, Jacob","DeSclafani, Anthony",6,0.6109365806187335
"Webb, Jacob","Sterner, Justin",7,0.6359004814983009
"Webb, Jacob","Payamps, Joel",8,0.6576450540514792
"Webb, Jacob","Flaherty, Jack",9,0.6739079988720593
"Webb, Jacob","Mahle, Tyler",10,0.6809776714823115
"Webb, Logan","Woodford, Jake",1,0.6331403608544773
"Webb, Logan","Ryan, Joe",2,0.649154784396877
"Webb, Logan","Lively, Ben",3,0.6637975568632349
"Webb, Logan","Singer, Brady",4,0.7335417855528421
"Webb, Logan","Henry, Cole",5,0.7405863941617509
"Webb, Logan","May, Dustin",6,0.832560614093872
"Webb, Logan","Nola, Aaron",7,0.936745996598975
"Webb, Logan","Eovaldi, Nathan",8,0.9974046684901504
"Webb, Logan","Henriquez, Ronny",9,1.0200383392963734
"Webb, Logan","Ortiz, Luis",10,1.0357604637464706
"Weissert, Greg","Morgan, David",1,0.7879947356583635
"Weissert, Greg","Yates, Kirby",2,0.8186066749732112
"Weissert, Greg","Santillan, Tony",3,0.8451905650149111
"Weissert, Greg","Altavilla, Dan",4,0.858346407708353
"Weissert, Greg","Hancock, Emerson",5,0.8683217188991074
"Weissert, Greg","Montero, Rafael",6,0.880075350159998
"Weissert, Greg","Topa, Justin",7,0.898177254338236
"Weissert, Greg","Dollander, Chase",8,0.9975765816403437
"Weissert, Greg","Lord, Brad",9,1.0135438055306525
"Weissert, Greg","Perkins, Jack",10,1.0593298242511602
"Wentz, Joey","Parker, Mitchell",1,0.6514047910082441
"Wentz, Joey","Peterson, David",2,0.8466642859808738
"Wentz, Joey","Falter, Bailey",3,0.971293020709087
"Wentz, Joey","Snell, Blake",4,1.1022226453467905
"Wentz, Joey","Whisenhunt, Carson",5,1.1867876979158298
"Wentz, Joey","Sánchez, Cristopher",6,1.2483045250849665
"Wentz, Joey","Lazar, Max",7,1.3077759660173351
"Wentz, Joey","Myers, Tobias",8,1.4153338985372637
"Wentz, Joey","Woods Richardson, Simeon",9,1.4341848734752114
"Wentz, Joey","Corbin, Patrick",10,1.4355880442818563
"Wesneski, Hayden","Strider, Spencer",1,0.404753764616119
"Wesneski, Hayden","Myers, Tobias",2,0.4767791754034613
"Wesneski, Hayden","Fedde, Erick",3,0.5032099550703142
"Wesneski, Hayden","Festa, David",4,0.5379292937035205
"Wesneski, Hayden","Brasier, Ryan",5,0.5565626995816875
"Wesneski, Hayden","Paddack, Chris",6,0.5677465533257584
"Wesneski, Hayden","Mize, Casey",7,0.5772694094411028
"Wesneski, Hayden","Houser, Adrian",8,0.6198142078813815
"Wesneski, Hayden","Dunning, Dane",9,0.6525804221893704
"Wesneski, Hayden","Gaddis, Hunter",10,0.6580826463265529
"Wheeler, Zack","Ramírez, Yohan",1,0.5897757627090673
"Wheeler, Zack","Miller, Shelby",2,0.6589890286008413
"Wheeler, Zack","Schwellenbach, Spencer",3,0.7074463891249647
"Wheeler, Zack","Díaz, Edwin",4,0.7877611855945779
"Wheeler, Zack","O'Brien, Riley",5,0.9197365975296707
"Wheeler, Zack","Lively, Ben",6,0.922459484408137
"Wheeler, Zack","Hodge, Porter",7,1.0672198881841222
"Wheeler, Zack","Williams, Devin",8,1.075248266281569
"Wheeler, Zack","López, Pablo",9,1.0797259185836616
"Wheeler, Zack","Ortiz, Luis",10,1.0805364198668537
"Whisenhunt, Carson","Harris, Hogan",1,0.4674724747824186
"Whisenhunt, Carson","Parker, Mitchell",2,0.6754270334868012
"Whisenhunt, Carson","Snell, Blake",3,0.6975355341992244
"Whisenhunt, Carson","Corbin, Patrick",4,0.7449780055421622
"Whisenhunt, Carson","Fried, Max",5,0.7887641525848297
"Whisenhunt, Carson","Rolison, Ryan",6,0.8024650984139686
"Whisenhunt, Carson","Chafin, Andrew",7,0.9206066622470607
"Whisenhunt, Carson","Alvarez, Andrew",8,0.957397586497805
"Whisenhunt, Carson","Gage, Matt",9,0.9748343877469547
"Whisenhunt, Carson","Rogers, Trevor",10,0.993931792878769
"Whitlock, Garrett","Leahy, Kyle",1,0.6389156418511356
"Whitlock, Garrett","Holman, Grant",2,0.7416939053521755
"Whitlock, Garrett","Gilbert, Logan",3,0.7432149850572326
"Whitlock, Garrett","Hodge, Porter",4,0.78361913631293
"Whitlock, Garrett","Brasier, Ryan",5,0.7920044934465093
"Whitlock, Garrett","Romano, Jordan",6,0.8185672102249197
"Whitlock, Garrett","Strider, Spencer",7,0.8253795016197394
"Whitlock, Garrett","Glasnow, Tyler",8,0.8547616554021767
"Whitlock, Garrett","López, Pablo",9,0.8598953561394073
"Whitlock, Garrett","Lazar, Max",10,0.9331113584403011
"Williams, Devin","Oviedo, Johan",1,0.44619627799564243
"Williams, Devin","Ramírez, Yohan",2,0.7195666056914954
"Williams, Devin","Arrighetti, Spencer",3,0.9638704697518331
"Williams, Devin","López, Pablo",4,1.0075628836384645
"Williams, Devin","Hodge, Porter",5,1.0089265901220277
"Williams, Devin","Wheeler, Zack",6,1.075248266281569
"Williams, Devin","Singer, Brady",7,1.1612521856478137
"Williams, Devin","Brogdon, Connor",8,1.1662514922780358
"Williams, Devin","Kelly, Zack",9,1.177365008513798
"Williams, Devin","Whitlock, Garrett",10,1.2132288165734837
"Williams, Gavin","Festa, David",1,0.361710433232514
"Williams, Gavin","Hoglund, Gunnar",2,0.49903910324941947
"Williams, Gavin","Blubaugh, AJ",3,0.5388347015849808
"Williams, Gavin","Mize, Casey",4,0.5823585938891123
"Williams, Gavin","Tong, Jonah",5,0.6459119257112637
"Williams, Gavin","Gaddis, Hunter",6,0.6931896677561185
"Williams, Gavin","Bowlan, Jonathan",7,0.7359795754445122
"Williams, Gavin","Gausman, Kevin",8,0.7562289453881105
"Williams, Gavin","Wesneski, Hayden",9,0.7587744889887035
"Williams, Gavin","Curvelo, Luis",10,0.7589305007236065
"Williams, Trevor","Maton, Phil",1,0.8102120675486267
"Williams, Trevor","Nola, Aaron",2,1.0917398629966395
"Williams, Trevor","Barlow, Scott",3,1.092631669278926
"Williams, Trevor","Arrighetti, Spencer",4,1.3742161392109886
"Williams, Trevor","Crismatt, Nabil",5,1.3976944360724797
"Williams, Trevor","Darvish, Yu",6,1.5525622517551658
"Williams, Trevor","Alexander, Jason",7,1.6282826965276638
"Williams, Trevor","Eovaldi, Nathan",8,1.6705846502312085
"Williams, Trevor","Flaherty, Jack",9,1.740959069223718
"Williams, Trevor","Singer, Brady",10,1.7434585010098826
"Wilson, Bryse","Robertson, David",1,0.3692885408260988
"Wilson, Bryse","Gallen, Zac",2,0.39896789805869187
"Wilson, Bryse","Montero, Keider",3,0.4320139444335696
"Wilson, Bryse","Brebbia, John",4,0.44613599043136937
"Wilson, Bryse","Cecconi, Slade",5,0.48462729417039346
"Wilson, Bryse","Berríos, José",6,0.5012695131741921
"Wilson, Bryse","Senga, Kodai",7,0.5026107407734172
"Wilson, Bryse","Gusto, Ryan",8,0.5347387596315857
"Wilson, Bryse","Webb, Jacob",9,0.5556780891805746
"Wilson, Bryse","Sulser, Cole",10,0.5632668902518674
"Wilson, Justin","Wolfram, Grant",1,0.7440608727684267
"Wilson, Justin","Cox, Austin",2,0.84662095127349
"Wilson, Justin","Ragans, Cole",3,0.8570347460463057
"Wilson, Justin","Cabrera, Génesis",4,0.9125971450035127
"Wilson, Justin","Enns, Dietrich",5,0.9403365497601041
"Wilson, Justin","Rodón, Carlos",6,0.9579067796348172
"Wilson, Justin","Hiraldo, Yaramil",7,0.9652591965749497
"Wilson, Justin","Lucas, Easton",8,1.0098948307031241
"Wilson, Justin","Sousa, Bennett",9,1.1095072725559867
"Wilson, Justin","Koenig, Jared",10,1.1175124469132989
"Wilson, Steven","Eflin, Zach",1,0.6594611852480241
"Wilson, Steven","Wilson, Bryse",2,0.6892821282677111
"Wilson, Steven","Francis, Bowden",3,0.6897980786443384
"Wilson, Steven","Leiter Jr., Mark",4,0.7542689065487761
"Wilson, Steven","Beck, Tristan",5,0.7548697950843156
"Wilson, Steven","Blanco, Ronel",6,0.7631686654060581
"Wilson, Steven","McGreevy, Michael",7,0.7683137859686732
"Wilson, Steven","Cecconi, Slade",8,0.7830929510367977
"Wilson, Steven","Carrasco, Carlos",9,0.7885934170113915
"Wilson, Steven","Mahle, Tyler",10,0.820984723900636
"Winn, Cole","Melton, Troy",1,0.2882192487332357
"Winn, Cole","O'Brien, Riley",2,0.3032437642272447
"Winn, Cole","Leiter, Jack",3,0.31932223173285756
"Winn, Cole","deGrom, Jacob",4,0.3525376783551356
"Winn, Cole","Salazar, Eduardo",5,0.39604206873340125
"Winn, Cole","Pagán, Emilio",6,0.43605258259395996
"Winn, Cole","Abel, Mick",7,0.5126351727721098
"Winn, Cole","Rocker, Kumar",8,0.547745383907195
"Winn, Cole","Pearson, Nate",9,0.5941451322633299
"Winn, Cole","Skenes, Paul",10,0.6255295190596093
"Wolfram, Grant","Lucas, Easton",1,0.461448189524404
"Wolfram, Grant","Skubal, Tarik",2,0.6507749018794048
"Wolfram, Grant","Koenig, Jared",3,0.6564573565176963
"Wolfram, Grant","Wilson, Justin",4,0.7440608727684267
"Wolfram, Grant","Morejon, Adrian",5,0.9683184872744663
"Wolfram, Grant","Beeks, Jalen",6,1.002409121475333
"Wolfram, Grant","Cox, Austin",7,1.051772668285034
"Wolfram, Grant","Ray, Robbie",8,1.1007841803490575
"Wolfram, Grant","Enns, Dietrich",9,1.1039307978493682
"Wolfram, Grant","Miller, Erik",10,1.1084675701115625
"Woo, Bryan","Murdock, Noah",1,0.6242877551318377
"Woo, Bryan","Doval, Camilo",2,0.7125991269320289
"Woo, Bryan","Ortiz, Luis",3,0.8321288462407611
"Woo, Bryan","Montero, Rafael",4,0.9945943754432137
"Woo, Bryan","Bello, Brayan",5,1.0231502165556607
"Woo, Bryan","De Los Santos, Enyel",6,1.0306222585000815
"Woo, Bryan","González, Wikelman",7,1.0332008224572666
"Woo, Bryan","Vodnik, Victor",8,1.0347656156678249
"Woo, Bryan","deGrom, Jacob",9,1.041995166111887
"Woo, Bryan","May, Dustin",10,1.0761233727360047
"Woodford, Jake","Festa, Matt",1,0.5032647548890004
"Woodford, Jake","Brash, Matt",2,0.5758607343552504
"Woodford, Jake","Henry, Cole",3,0.5901646713350857
"Woodford, Jake","Webb, Logan",4,0.6331403608544773
"Woodford, Jake","May, Dustin",5,0.6713644645168315
"Woodford, Jake","Henriquez, Ronny",6,0.6962176452075161
"Woodford, Jake","Ryan, Joe",7,0.8234530899610044
"Woodford, Jake","Flaherty, Jack",8,0.8280081485189053
"Woodford, Jake","DeSclafani, Anthony",9,0.8505744038359337
"Woodford, Jake","Darvish, Yu",10,0.915023198423685
"Woodruff, Brandon","Assad, Javier",1,0.23134452677084638
"Woodruff, Brandon","Brzykcy, Zach",2,0.2807067848229396
"Woodruff, Brandon","Zeferjahn, Ryan",3,0.3221339581148536
"Woodruff, Brandon","Priester, Quinn",4,0.3597380137044349
"Woodruff, Brandon","Fernandez, Ryan",5,0.3761821891578162
"Woodruff, Brandon","Pallante, Andre",6,0.38445058587203135
"Woodruff, Brandon","Dana, Caden",7,0.3862128933584351
"Woodruff, Brandon","Martin, Davis",8,0.38740042650261874
"Woodruff, Brandon","Burnes, Corbin",9,0.39221710657090464
"Woodruff, Brandon","Trivino III, Lou",10,0.40631709551481127
"Woods Richardson, Simeon","Giolito, Lucas",1,0.34164413059074855
"Woods Richardson, Simeon","Bibee, Tanner",2,0.5865887279031751
"Woods Richardson, Simeon","Wacha, Michael",3,0.5962285297087984
"Woods Richardson, Simeon","Jackson, Luke",4,0.6553130783555701
"Woods Richardson, Simeon","Taillon, Jameson",5,0.6842057135302996
"Woods Richardson, Simeon","Blalock, Bradley",6,0.712427972171938
"Woods Richardson, Simeon","Adam, Jason",7,0.7596757592896267
"Woods Richardson, Simeon","Pivetta, Nick",8,0.7754303015107284
"Woods Richardson, Simeon","Young, Brandon",9,0.8656437863424964
"Woods Richardson, Simeon","Gaddis, Hunter",10,0.9042491142350683
"Wrobleski, Justin","Zerpa, Angel",1,0.3895218692520216
"Wrobleski, Justin","Speier, Gabe",2,1.1202545366325163
"Wrobleski, Justin","Luzardo, Jesús",3,1.1459725355546944
"Wrobleski, Justin","Pérez, Cionel",4,1.172352164311942
"Wrobleski, Justin","Cleavinger, Garrett",5,1.2830446249199003
"Wrobleski, Justin","Weathers, Ryan",6,1.3189896216118204
"Wrobleski, Justin","Akin, Keegan",7,1.3863624827258811
"Wrobleski, Justin","King, John",8,1.4408279444854037
"Wrobleski, Justin","Little, Brendon",9,1.4470917095858462
"Wrobleski, Justin","Peralta, Luis",10,1.5006605965829478
"Yamamoto, Yoshinobu","Soriano, George",1,0.3106856432481827
"Yamamoto, Yoshinobu","Pfaadt, Brandon",2,0.4756347851319594
"Yamamoto, Yoshinobu","Henriquez, Ronny",3,0.4783761304789822
"Yamamoto, Yoshinobu","Rea, Colin",4,0.4830227318044633
"Yamamoto, Yoshinobu","Buehler, Walker",5,0.5170016137593325
"Yamamoto, Yoshinobu","Holderman, Colin",6,0.5461997755002578
"Yamamoto, Yoshinobu","Buttó, José",7,0.556260340774855
"Yamamoto, Yoshinobu","Fulmer, Carson",8,0.574428456563942
"Yamamoto, Yoshinobu","Bello, Brayan",9,0.5863479996739107
"Yamamoto, Yoshinobu","Henry, Cole",10,0.5875413615799867
"Yarbrough, Ryan","Allard, Kolby",1,1.4587044341757331
"Yarbrough, Ryan","Heaney, Andrew",2,1.4695775234114565
"Yarbrough, Ryan","Allen, Logan",3,1.596716522571759
"Yarbrough, Ryan","Ogasawara, Shinnosuke",4,1.6931500183569932
"Yarbrough, Ryan","Bummer, Aaron",5,1.7397350161771192
"Yarbrough, Ryan","Boyd, Matthew",6,1.7755045734820938
"Yarbrough, Ryan","Simpson, Josh",7,1.7797408867272155
"Yarbrough, Ryan","Murphy, Chris",8,1.9019118055392723
"Yarbrough, Ryan","Suarez, Ranger",9,1.9433239921531937
"Yarbrough, Ryan","Gilbert, Tyler",10,1.9514509779788665
"Yates, Kirby","Kolek, Stephen",1,0.5738829493666969
"Yates, Kirby","Shugart, Chase",2,0.5831267803311313
"Yates, Kirby","Tonkin, Michael",3,0.708010398340019
"Yates, Kirby","Houck, Tanner",4,0.7185350397105867
"Yates, Kirby","Morton, Charlie",5,0.7392529110605416
"Yates, Kirby","Hancock, Emerson",6,0.7568424673840636
"Yates, Kirby","Brash, Matt",7,0.7617680608346171
"Yates, Kirby","Montero, Rafael",8,0.7693888429353316
"Yates, Kirby","King, Michael",9,0.7725546954949848
"Yates, Kirby","Kelly, Merrill",10,0.773972634183581
"Yesavage, Trey","Verlander, Justin",1,0.9151709927049628
"Yesavage, Trey","Flexen, Chris",2,0.9362095559479557
"Yesavage, Trey","Fairbanks, Pete",3,1.121218528372311
"Yesavage, Trey","Elder, Bryce",4,1.3314606416083854
"Yesavage, Trey","Baker, Bryan",5,1.3554192597856936
"Yesavage, Trey","Liberatore, Matthew",6,1.425080108791158
"Yesavage, Trey","Holmes, Clay",7,1.455581590361008
"Yesavage, Trey","Hiraldo, Yaramil",8,1.5428326315414294
"Yesavage, Trey","Adam, Jason",9,1.6009067616152026
"Yesavage, Trey","Walker, Taijuan",10,1.6363811491094051
"Young, Brandon","Moreta, Dauri",1,0.3533880442531662
"Young, Brandon","Phillips, Tyler",2,0.4383232936180333
"Young, Brandon","Junk, Janson",3,0.5282351706223315
"Young, Brandon","Myers, Tobias",4,0.5315240885948992
"Young, Brandon","Fedde, Erick",5,0.6111917684772699
"Young, Brandon","Bednar, David",6,0.6204226373819972
"Young, Brandon","Burrows, Mike",7,0.6358298083742421
"Young, Brandon","Carrasco, Carlos",8,0.6472282850521853
"Young, Brandon","Cecconi, Slade",9,0.6475712849743737
"Young, Brandon","Giolito, Lucas",10,0.6489812332148118
"Zastryzny, Rob","Matz, Steven",1,0.23451634754976874
"Zastryzny, Rob","Rogers, Trevor",2,0.3798178914108649
"Zastryzny, Rob","Lynch IV, Daniel",3,0.45249629467245855
"Zastryzny, Rob","Latz, Jacob",4,0.459956241079908
"Zastryzny, Rob","Borucki, Ryan",5,0.5743781089224329
"Zastryzny, Rob","Gore, MacKenzie",6,0.589898942532261
"Zastryzny, Rob","Bubic, Kris",7,0.6541231464940014
"Zastryzny, Rob","Dreyer, Jack",8,0.6587529531360317
"Zastryzny, Rob","Hader, Josh",9,0.6837230643216855
"Zastryzny, Rob","Dodd, Dylan",10,0.6936013277748572
"Zeferjahn, Ryan","Martin, Davis",1,0.15940875517816808
"Zeferjahn, Ryan","Dana, Caden",2,0.2042988790895878
"Zeferjahn, Ryan","Assad, Javier",3,0.29695448436753924
"Zeferjahn, Ryan","Woodruff, Brandon",4,0.3221339581148536
"Zeferjahn, Ryan","Pérez, Eury",5,0.38337754963431114
"Zeferjahn, Ryan","Fernandez, Ryan",6,0.39841920620887544
"Zeferjahn, Ryan","Brzykcy, Zach",7,0.41732554933874066
"Zeferjahn, Ryan","Gusto, Ryan",8,0.4225752039693172
"Zeferjahn, Ryan","Rodríguez, Yariel",9,0.44195223581882664
"Zeferjahn, Ryan","Priester, Quinn",10,0.45018976194993854
"Zerpa, Angel","Wrobleski, Justin",1,0.3895218692520216
"Zerpa, Angel","Speier, Gabe",2,1.1752673322378164
"Zerpa, Angel","Luzardo, Jesús",3,1.293963409013569
"Zerpa, Angel","Weathers, Ryan",4,1.363597414894065
"Zerpa, Angel","Cleavinger, Garrett",5,1.3877560537082103
"Zerpa, Angel","Pérez, Cionel",6,1.4083627015721878
"Zerpa, Angel","Peralta, Luis",7,1.413249031355514
"Zerpa, Angel","King, John",8,1.5158582353625971
"Zerpa, Angel","Akin, Keegan",9,1.5551634060458246
"Zerpa, Angel","Scott, Tanner",10,1.6513659860066687
"deGrom, Jacob","Winn, Cole",1,0.3525376783551356
"deGrom, Jacob","Salazar, Eduardo",2,0.3847897819404473
"deGrom, Jacob","Pearson, Nate",3,0.38724225377420846
"deGrom, Jacob","Melton, Troy",4,0.41802091819688325
"deGrom, Jacob","Leiter, Jack",5,0.438598022457364
"deGrom, Jacob","Rodríguez, Manuel",6,0.49893474269082244
"deGrom, Jacob","Svanson, Matt",7,0.5685272727637269
"deGrom, Jacob","Finnegan, Kyle",8,0.5708378980772268
"deGrom, Jacob","Abel, Mick",9,0.57547425106242
"deGrom, Jacob","Sheehan, Emmet",10,0.5772394905482832
